time,open,high,low,close,tick_volume,spread
1691564400,182.638,182.699,182.576,182.679,1693,18
1691568000,182.68,182.747,182.529,182.529,2379,18
1691571600,182.534,182.838,182.515,182.74,4053,12
1691575200,182.74,182.932,182.737,182.926,4382,12
1691578800,182.925,182.998,182.665,182.739,3705,12
1691582400,182.741,182.855,182.419,182.427,4511,12
1691586000,182.426,182.623,182.368,182.589,2833,12
1691589600,182.592,182.706,182.521,182.656,3375,14
1691593200,182.659,182.695,182.362,182.527,5139,13
1691596800,182.53,182.731,182.507,182.637,4473,14
1691600400,182.637,183.01,182.617,182.97,7880,12
1691604000,182.965,182.981,182.492,182.552,4348,12
1691607600,182.552,182.782,182.49,182.749,3293,14
1691611200,182.749,182.859,182.701,182.802,3060,12
1691614800,182.802,182.895,182.743,182.817,2683,14
1691618400,182.817,182.929,182.773,182.797,2548,20
1691622000,182.797,182.819,182.728,182.778,1889,15
1691625600,182.675,182.772,182.636,182.712,653,65
1691629200,182.712,182.764,182.677,182.693,1675,22
1691632800,182.697,182.834,182.673,182.793,1202,21
1691636400,182.79,182.918,182.753,182.817,3927,16
1691640000,182.819,182.926,182.69,182.819,3276,18
1691643600,182.819,182.946,182.796,182.906,2897,12
1691647200,182.905,182.956,182.875,182.908,2293,16
1691650800,182.908,183.174,182.898,183.091,2798,12
1691654400,183.091,183.241,183.075,183.188,2718,16
1691658000,183.184,183.436,183.144,183.277,3895,12
1691661600,183.277,183.518,183.151,183.274,5115,12
1691665200,183.274,183.64,183.217,183.438,5045,12
1691668800,183.438,183.603,183.421,183.539,2887,12
1691672400,183.543,183.675,183.451,183.663,2521,13
1691676000,183.661,183.743,183.476,183.511,2943,12
1691679600,183.511,183.85,183.251,183.816,8075,12
1691683200,183.818,184.154,183.702,184.071,8702,12
1691686800,184.071,184.236,183.803,183.875,8283,12
1691690400,183.863,183.942,183.622,183.732,5760,12
1691694000,183.731,183.778,183.526,183.672,3540,12
1691697600,183.673,183.696,183.291,183.357,4964,15
1691701200,183.358,183.695,183.329,183.685,4294,12
1691704800,183.686,183.686,183.479,183.523,3117,20
1691708400,183.525,183.538,183.415,183.415,2353,15
1691712000,183.379,183.561,183.312,183.393,825,81
1691715600,183.393,183.565,183.384,183.518,1967,21
1691719200,183.517,183.56,183.436,183.519,1300,20
1691722800,183.519,183.639,183.497,183.634,1912,17
1691726400,183.646,183.671,183.505,183.589,3301,19
1691730000,183.589,183.624,183.507,183.523,2777,12
1691733600,183.523,183.578,183.5,183.519,2218,19
1691737200,183.518,183.525,183.437,183.482,1826,20
1691740800,183.48,183.63,183.45,183.588,2492,19
1691744400,183.59,184.111,183.582,183.895,4303,12
1691748000,183.892,183.989,183.689,183.74,4125,13
1691751600,183.739,183.847,183.627,183.705,4118,13
1691755200,183.705,183.805,183.546,183.586,3365,14
1691758800,183.586,183.846,183.557,183.827,2865,12
1691762400,183.827,184.023,183.825,183.961,3609,15
1691766000,183.958,184.045,183.646,183.679,6764,12
1691769600,183.676,183.994,183.622,183.959,7179,12
1691773200,183.96,184.238,183.678,183.978,7900,12
1691776800,183.978,184.088,183.854,183.971,4508,15
1691780400,183.963,184.053,183.882,183.921,3189,14
1691784000,183.918,184.06,183.856,183.971,2654,16
1691787600,183.973,184.066,183.95,184.055,2386,17
1691791200,184.055,184.065,183.956,184.065,4573,18
1691794800,184.065,184.078,183.919,183.923,2051,21
1691971200,183.942,184.145,183.805,184.035,700,88
1691974800,184.021,184.127,183.851,183.868,2733,35
1691978400,183.87,183.901,183.826,183.868,1381,17
1691982000,183.868,184.184,183.795,183.872,5383,18
1691985600,183.872,183.89,183.466,183.781,4923,17
1691989200,183.781,183.795,183.554,183.636,3315,17
1691992800,183.638,183.692,183.541,183.6,2623,16
1691996400,183.6,183.639,183.552,183.606,2151,18
1692000000,183.607,183.806,183.606,183.651,3462,21
1692003600,183.657,183.713,183.452,183.631,3524,13
1692007200,183.634,183.851,183.566,183.786,4865,12
1692010800,183.784,184.103,183.736,184.036,4691,15
1692014400,184.036,184.124,183.947,184.017,4457,12
1692018000,184.018,184.318,184.006,184.175,2896,14
1692021600,184.173,184.241,184.088,184.129,3084,14
1692025200,184.125,184.194,183.841,183.957,5941,12
1692028800,183.952,184.014,183.624,183.773,6287,13
1692032400,183.774,184.136,183.764,184.128,6977,13
1692036000,184.13,184.445,184.095,184.37,4087,15
1692039600,184.37,184.495,184.274,184.461,2817,13
1692043200,184.461,184.5,184.372,184.494,2427,12
1692046800,184.495,184.533,184.367,184.407,2468,14
1692050400,184.408,184.5,184.372,184.433,3005,18
1692054000,184.431,184.718,184.422,184.527,1981,17
1692057600,184.527,184.653,184.324,184.597,686,53
1692061200,184.595,184.661,184.507,184.579,1521,15
1692064800,184.583,184.593,184.37,184.484,1197,19
1692068400,184.481,184.649,184.449,184.456,3006,15
1692072000,184.456,184.534,184.338,184.48,4321,13
1692075600,184.482,184.643,184.399,184.574,4229,12
1692079200,184.574,184.647,184.558,184.603,2649,16
1692082800,184.602,184.645,184.553,184.58,2809,18
1692086400,184.579,184.593,184.368,184.484,3230,17
1692090000,184.542,185.249,184.433,185.226,5946,12
1692093600,185.228,185.259,184.853,185.041,5410,12
1692097200,185.039,185.142,184.858,185.135,4773,12
1692100800,185.135,185.252,184.963,185.228,4956,12
1692104400,185.228,185.299,184.939,184.97,4508,12
1692108000,184.972,184.995,184.792,184.909,3707,13
1692111600,184.914,185.19,184.801,185.13,7027,12
1692115200,185.13,185.186,184.922,184.954,8487,15
1692118800,184.952,185.111,184.827,184.966,7438,14
1692122400,184.964,185.284,184.964,185.266,5934,12
1692126000,185.266,185.315,185.166,185.193,3728,13
1692129600,185.19,185.194,185.05,185.064,3483,17
1692133200,185.064,185.135,184.998,185.068,2058,16
1692136800,185.069,185.081,184.81,184.875,2887,15
1692140400,184.875,184.937,184.832,184.897,2086,17
1692144000,184.817,184.887,184.772,184.839,1076,80
1692147600,184.839,184.9,184.811,184.896,1644,23
1692151200,184.896,184.972,184.87,184.931,1474,20
1692154800,184.932,184.944,184.734,184.831,3518,17
1692158400,184.831,184.956,184.763,184.797,5010,20
1692162000,184.797,184.837,184.695,184.788,3868,13
1692165600,184.788,184.849,184.725,184.745,3039,17
1692169200,184.745,184.837,184.711,184.819,1967,14
1692172800,184.82,184.88,184.685,184.795,3431,19
1692176400,184.823,185.125,184.81,184.972,4713,12
1692180000,184.973,185.358,184.973,185.21,5112,15
1692183600,185.211,185.737,185.176,185.648,4656,13
1692187200,185.649,185.794,185.61,185.724,3773,13
1692190800,185.725,185.746,185.464,185.503,3160,12
1692194400,185.504,185.73,185.5,185.701,4202,14
1692198000,185.699,185.814,185.503,185.549,5190,12
1692201600,185.548,185.86,185.476,185.776,6711,12
1692205200,185.776,186.017,185.697,185.929,6361,14
1692208800,185.929,185.993,185.824,185.866,3731,12
1692212400,185.868,185.901,185.697,185.785,2522,12
1692216000,185.785,186.087,185.72,186.013,2747,13
1692219600,186.014,186.3,185.93,186.062,5651,12
1692223200,186.06,186.217,185.993,186.165,4520,17
1692226800,186.165,186.332,186.14,186.287,2010,20
1692230400,186.287,186.287,185.993,186.187,634,45
1692234000,186.187,186.242,186.168,186.198,1583,22
1692237600,186.198,186.286,186.181,186.24,2413,22
1692241200,186.238,186.403,186.163,186.211,4552,17
1692244800,186.212,186.243,186.149,186.218,5004,18
1692248400,186.219,186.245,186.151,186.179,3184,17
1692252000,186.178,186.192,186.102,186.147,3209,16
1692255600,186.146,186.275,186.091,186.269,2461,12
1692259200,186.269,186.293,186.099,186.165,2925,12
1692262800,186.171,186.462,186.142,186.454,3597,13
1692266400,186.447,186.452,186.13,186.205,4134,14
1692270000,186.209,186.273,185.866,185.897,4027,12
1692273600,185.896,185.989,185.767,185.975,3745,13
1692277200,185.975,186.28,185.958,186.083,5076,12
1692280800,186.082,186.257,186.012,186.095,4044,12
1692284400,186.096,186.3,185.917,186.176,6892,12
1692288000,186.178,186.302,186.01,186.183,6749,12
1692291600,186.181,186.347,186.1,186.256,5998,12
1692295200,186.257,186.371,186.119,186.354,4264,12
1692298800,186.356,186.458,186.245,186.453,2884,14
1692302400,186.455,186.463,186.294,186.318,3214,12
1692306000,186.318,186.323,185.975,185.998,2195,15
1692309600,185.998,186.026,185.557,185.717,5575,12
1692313200,185.711,185.903,185.706,185.852,2273,14
1692316800,185.832,185.905,185.677,185.846,582,64
1692320400,185.846,185.903,185.691,185.708,2461,20
1692324000,185.707,185.762,185.579,185.731,1803,23
1692327600,185.713,185.879,185.569,185.588,3802,14
1692331200,185.591,185.682,185.466,185.653,4324,20
1692334800,185.649,185.777,185.549,185.595,2837,16
1692338400,185.595,185.595,185.28,185.353,3127,18
1692342000,185.359,185.43,185.33,185.391,1993,20
1692345600,185.391,185.396,185.132,185.274,3610,16
1692349200,185.318,185.35,184.644,184.794,5001,14
1692352800,184.793,184.877,184.546,184.717,5131,12
1692356400,184.717,185.308,184.685,185.155,4812,13
1692360000,185.155,185.253,184.825,185.225,3909,13
1692363600,185.222,185.357,184.978,185.04,3742,12
1692367200,185.04,185.052,184.636,184.66,3729,14
1692370800,184.658,185.118,184.655,185.112,5792,12
1692374400,185.111,185.296,185.018,185.204,6562,13
1692378000,185.204,185.214,184.721,184.766,5950,12
1692381600,184.767,185.018,184.766,184.866,4285,12
1692385200,184.866,185.099,184.825,184.88,3116,13
1692388800,184.88,185.054,184.802,185.038,2665,12
1692392400,185.038,185.173,185.034,185.144,2121,15
1692396000,185.147,185.212,185.016,185.111,3299,12
1692399600,185.105,185.142,184.991,185.017,1869,19
1692576000,185.092,185.168,184.825,185.084,950,106
1692579600,185.084,185.161,184.974,185.04,1291,29
1692583200,185.043,185.166,185.025,185.157,1119,20
1692586800,185.154,185.193,185.03,185.046,3008,19
1692590400,185.045,185.341,184.877,185.326,4478,20
1692594000,185.328,185.461,185.112,185.167,3554,18
1692597600,185.167,185.303,185.139,185.204,1862,18
1692601200,185.204,185.215,185.099,185.172,1689,20
1692604800,185.172,185.266,185.131,185.198,2796,17
1692608400,185.199,185.251,185.075,185.1,2763,15
1692612000,185.099,185.312,185.0,185.143,4722,13
1692615600,185.143,185.309,184.999,185.306,4659,12
1692619200,185.305,185.724,185.274,185.712,4000,12
1692622800,185.713,185.92,185.667,185.919,3916,16
1692626400,185.919,186.138,185.9,186.072,4619,12
1692630000,186.071,186.385,186.027,186.281,5745,12
1692633600,186.278,186.344,186.063,186.161,6647,14
1692637200,186.173,186.277,186.013,186.196,6139,15
1692640800,186.195,186.374,186.162,186.263,4083,12
1692644400,186.264,186.48,186.222,186.48,2541,12
1692648000,186.477,186.512,186.311,186.436,2659,12
1692651600,186.436,186.5,186.376,186.48,2413,14
1692655200,186.48,186.649,186.439,186.561,2242,14
1692658800,186.561,186.561,186.455,186.481,2162,14
1692662400,186.481,186.557,186.307,186.488,438,40
1692666000,186.478,186.512,186.422,186.477,1271,26
1692669600,186.477,186.611,186.477,186.595,1188,24
1692673200,186.596,186.755,186.485,186.602,3090,16
1692676800,186.603,186.621,186.448,186.525,3312,18
1692680400,186.527,186.539,186.426,186.488,3012,15
1692684000,186.491,186.534,186.323,186.503,2973,13
1692687600,186.506,186.544,186.436,186.44,1929,17
1692691200,186.44,186.54,186.376,186.535,2437,16
1692694800,186.535,186.69,186.431,186.483,4267,12
1692698400,186.485,186.583,186.388,186.515,4085,12
1692702000,186.515,186.533,186.092,186.116,3400,12
1692705600,186.116,186.239,186.04,186.177,3106,12
1692709200,186.176,186.194,185.919,185.97,3429,14
1692712800,185.965,186.167,185.914,186.091,3154,16
1692716400,186.091,186.158,185.916,185.974,4869,15
1692720000,185.977,186.146,185.81,185.822,6305,15
1692723600,185.833,185.885,185.644,185.712,5768,12
1692727200,185.712,185.723,185.579,185.603,3401,12
1692730800,185.602,185.749,185.525,185.724,1811,12
1692734400,185.724,185.726,185.534,185.673,1824,17
1692738000,185.673,185.809,185.632,185.788,1331,16
1692741600,185.788,185.849,185.676,185.703,1516,17
1692745200,185.699,185.808,185.698,185.73,1023,13
1692748800,185.73,185.73,185.511,185.647,722,49
1692752400,185.634,185.711,185.563,185.608,1524,27
1692756000,185.608,185.634,185.512,185.582,640,23
1692759600,185.582,185.615,185.47,185.476,3156,18
1692763200,185.476,185.627,185.391,185.545,3303,19
1692766800,185.545,185.633,185.525,185.59,2152,21
1692770400,185.59,185.676,185.562,185.661,1899,12
1692774000,185.661,185.764,185.661,185.692,1601,20
1692777600,185.689,185.809,185.646,185.75,2387,13
1692781200,185.748,185.78,185.472,185.775,3602,13
1692784800,185.775,185.935,184.796,184.937,6814,12
1692788400,184.939,185.156,184.103,184.291,6620,12
1692792000,184.293,184.311,183.799,183.868,4833,12
1692795600,183.856,184.064,183.626,183.683,4144,12
1692799200,183.682,183.771,183.494,183.666,4046,12
1692802800,183.666,183.77,183.538,183.746,5141,12
1692806400,183.744,183.794,183.362,183.517,8241,12
1692810000,183.515,183.804,183.47,183.589,7928,12
1692813600,183.589,183.893,183.531,183.86,4561,12
1692817200,183.86,184.053,183.835,183.967,2687,12
1692820800,183.97,184.246,183.921,184.191,2754,15
1692824400,184.191,184.252,184.035,184.104,2830,12
1692828000,184.103,184.354,184.098,184.237,2662,18
1692831600,184.235,184.347,184.163,184.247,2922,17
1692835200,184.247,184.253,184.016,184.119,936,79
1692838800,184.111,184.239,184.111,184.146,1562,22
1692842400,184.151,184.151,183.899,183.995,2441,18
1692846000,183.995,184.161,183.979,184.123,3268,19
1692849600,184.123,184.308,184.109,184.255,3725,14
1692853200,184.253,184.356,184.182,184.339,3887,12
1692856800,184.341,184.453,184.269,184.338,3594,12
1692860400,184.338,184.638,184.319,184.619,3680,16
1692864000,184.616,184.728,184.616,184.713,2354,13
1692867600,184.712,184.763,184.167,184.222,3796,12
1692871200,184.222,184.606,184.202,184.565,5676,13
1692874800,184.565,184.667,184.274,184.482,4112,12
1692878400,184.482,184.534,184.214,184.235,3461,12
1692882000,184.239,184.493,184.178,184.454,3333,14
1692885600,184.454,184.609,184.322,184.335,3950,13
1692889200,184.335,184.503,184.215,184.318,5893,12
1692892800,184.313,184.361,184.201,184.225,6078,12
1692896400,184.231,184.261,183.966,184.105,6882,12
1692900000,184.101,184.136,183.958,184.076,4182,13
1692903600,184.075,184.238,184.075,184.138,3968,13
1692907200,184.138,184.182,183.85,183.942,3752,13
1692910800,183.942,183.998,183.793,183.853,2082,12
1692914400,183.853,183.904,183.631,183.631,2836,12
1692918000,183.627,183.759,183.594,183.676,2364,18
1692921600,183.676,183.761,183.605,183.742,643,56
1692925200,183.736,183.847,183.651,183.83,1980,28
1692928800,183.83,183.905,183.715,183.877,1939,18
1692932400,183.875,183.943,183.757,183.826,4833,20
1692936000,183.825,183.987,183.797,183.849,3736,19
1692939600,183.847,183.858,183.472,183.493,3191,17
1692943200,183.501,183.593,183.347,183.539,2770,12
1692946800,183.539,183.583,183.468,183.468,2819,12
1692950400,183.467,183.755,183.375,183.715,3329,18
1692954000,183.685,183.808,183.514,183.586,3926,12
1692957600,183.588,183.776,183.523,183.632,4830,13
1692961200,183.631,183.881,183.537,183.755,4267,12
1692964800,183.754,183.908,183.719,183.765,3345,13
1692968400,183.765,184.029,183.755,184.025,3530,12
1692972000,184.037,184.244,183.992,184.153,3249,13
1692975600,184.149,184.182,184.056,184.146,4238,14
1692979200,184.145,184.264,184.003,184.163,5073,13
1692982800,184.164,184.381,183.892,183.941,12424,12
1692986400,183.945,184.048,183.698,183.952,7032,12
1692990000,183.953,184.133,183.943,184.101,3432,16
1692993600,184.103,184.137,183.938,184.121,2676,17
1692997200,184.121,184.321,184.093,184.284,2535,15
1693000800,184.288,184.4,184.183,184.224,3350,14
1693004400,184.224,184.251,183.978,184.079,2300,18
1693180800,184.147,184.25,184.136,184.161,257,120
1693184400,184.177,184.345,184.156,184.329,1560,27
1693188000,184.329,184.512,184.324,184.477,1822,20
1693191600,184.477,184.557,184.431,184.505,3553,19
1693195200,184.505,184.609,184.459,184.522,3814,20
1693198800,184.522,184.636,184.483,184.6,2942,17
1693202400,184.6,184.613,184.489,184.528,3048,17
1693206000,184.528,184.588,184.508,184.531,2706,20
1693209600,184.536,184.536,184.387,184.444,3065,14
1693213200,184.445,184.535,184.409,184.453,3296,15
1693216800,184.453,184.487,184.227,184.269,3911,16
1693220400,184.269,184.355,184.191,184.283,3252,16
1693224000,184.278,184.361,184.167,184.307,2785,16
1693227600,184.307,184.472,184.239,184.393,2705,16
1693231200,184.393,184.5,184.273,184.45,2127,12
1693234800,184.451,184.513,184.287,184.411,3233,12
1693238400,184.41,184.591,184.381,184.52,4811,12
1693242000,184.523,184.58,184.356,184.431,4314,12
1693245600,184.433,184.586,184.241,184.318,3682,14
1693249200,184.318,184.545,184.292,184.498,1958,16
1693252800,184.498,184.616,184.465,184.498,2714,14
1693256400,184.496,184.647,184.421,184.63,2472,16
1693260000,184.63,184.698,184.553,184.647,1764,19
1693263600,184.647,184.669,184.551,184.632,1310,21
1693267200,184.582,184.628,184.413,184.606,640,66
1693270800,184.606,184.691,184.537,184.617,1335,29
1693274400,184.617,184.721,184.585,184.692,868,20
1693278000,184.692,184.743,184.564,184.727,3397,17
1693281600,184.727,184.799,184.611,184.756,3800,19
1693285200,184.757,184.836,184.72,184.811,2180,15
1693288800,184.812,184.893,184.802,184.866,2471,19
1693292400,184.867,184.9,184.833,184.899,2059,16
1693296000,184.9,184.976,184.781,184.796,2619,19
1693299600,184.798,184.948,184.605,184.659,3105,13
1693303200,184.658,184.96,184.631,184.699,4585,13
1693306800,184.698,184.815,184.598,184.767,4048,12
1693310400,184.765,184.882,184.657,184.86,3357,14
1693314000,184.86,184.904,184.658,184.791,4513,12
1693317600,184.792,185.233,184.781,185.198,4872,13
1693321200,185.198,185.257,185.054,185.124,4698,12
1693324800,185.124,185.144,184.897,185.017,5794,13
1693328400,185.01,185.14,184.122,184.194,10394,12
1693332000,184.195,184.36,184.088,184.135,6055,12
1693335600,184.131,184.313,184.067,184.145,3817,12
1693339200,184.149,184.271,184.066,184.157,3607,12
1693342800,184.156,184.301,184.119,184.24,2177,12
1693346400,184.239,184.471,184.223,184.452,3968,15
1693350000,184.452,184.452,184.31,184.408,1993,15
1693353600,184.408,184.501,184.28,184.491,669,49
1693357200,184.491,184.526,184.394,184.407,1445,25
1693360800,184.408,184.498,184.382,184.447,1766,21
1693364400,184.445,184.64,184.387,184.433,3547,18
1693368000,184.432,184.603,184.392,184.559,4240,12
1693371600,184.557,184.662,184.47,184.66,2652,15
1693375200,184.658,184.692,184.569,184.598,2742,16
1693378800,184.597,184.629,184.523,184.566,2515,19
1693382400,184.561,184.673,184.432,184.623,2893,13
1693386000,184.629,184.934,184.626,184.824,4445,12
1693389600,184.826,185.213,184.792,185.067,5742,12
1693393200,185.063,185.127,184.936,185.066,4634,12
1693396800,185.07,185.358,185.018,185.229,4258,12
1693400400,185.229,185.324,185.091,185.313,2730,12
1693404000,185.314,185.372,185.115,185.212,3019,12
1693407600,185.213,185.544,185.124,185.444,8387,12
1693411200,185.444,185.537,185.131,185.512,7101,12
1693414800,185.504,185.685,185.4,185.602,7038,12
1693418400,185.602,185.723,185.523,185.686,3874,14
1693422000,185.686,185.855,185.652,185.771,3506,16
1693425600,185.771,185.926,185.733,185.853,2641,12
1693429200,185.854,185.934,185.735,185.883,2777,16
1693432800,185.886,186.02,185.876,186.009,2392,15
1693436400,186.007,186.054,185.96,185.997,1817,18
1693440000,185.995,185.995,185.745,185.91,827,63
1693443600,185.91,185.923,185.778,185.859,1696,26
1693447200,185.86,185.876,185.66,185.684,1532,17
1693450800,185.673,185.805,185.622,185.789,3697,19
1693454400,185.79,185.8,185.585,185.585,3444,17
1693458000,185.588,185.623,185.416,185.481,2011,18
1693461600,185.481,185.66,185.474,185.637,2009,21
1693465200,185.639,185.765,185.579,185.603,2715,12
1693468800,185.603,185.739,185.521,185.54,3481,18
1693472400,185.541,185.675,185.467,185.502,4526,12
1693476000,185.5,185.522,185.165,185.428,4850,12
1693479600,185.43,185.454,185.1,185.279,4951,12
1693483200,185.278,185.28,184.858,185.082,4753,12
1693486800,185.084,185.099,184.918,185.018,3095,13
1693490400,185.014,185.014,184.708,184.899,3261,13
1693494000,184.899,185.158,184.808,185.021,6996,12
1693497600,185.02,185.313,184.867,185.24,7278,12
1693501200,185.242,185.263,184.406,184.512,7333,12
1693504800,184.51,184.642,184.343,184.511,5911,12
1693508400,184.513,184.513,184.072,184.236,2956,12
1693512000,184.243,184.353,184.21,184.211,3000,12
1693515600,184.216,184.294,184.101,184.172,2023,17
1693519200,184.176,184.335,184.131,184.251,2787,19
1693522800,184.245,184.432,184.245,184.417,2349,20
1693526400,184.226,184.423,184.068,184.391,864,58
1693530000,184.371,184.496,184.341,184.387,1254,31
1693533600,184.387,184.413,184.316,184.332,1499,23
1693537200,184.332,184.477,184.283,184.321,3227,15
1693540800,184.314,184.356,184.086,184.308,4065,12
1693544400,184.308,184.328,184.085,184.168,2661,20
1693548000,184.168,184.252,184.13,184.137,2260,18
1693551600,184.137,184.321,184.129,184.302,1831,19
1693555200,184.302,184.415,184.28,184.3,1961,17
1693558800,184.282,184.282,184.034,184.192,3104,12
1693562400,184.209,184.549,184.104,184.446,4230,14
1693566000,184.446,184.478,184.333,184.367,3998,13
1693569600,184.363,184.503,184.307,184.329,2795,12
1693573200,184.329,184.44,184.302,184.382,2134,13
1693576800,184.381,184.468,183.966,184.002,3448,13
1693580400,184.003,184.147,183.53,183.687,7906,12
1693584000,183.689,184.225,183.584,184.165,10098,12
1693587600,184.214,184.332,184.064,184.261,9776,12
1693591200,184.254,184.352,184.021,184.081,6415,12
1693594800,184.082,184.183,183.873,183.977,3566,13
1693598400,183.977,184.074,183.959,184.054,1956,15
1693602000,184.054,184.058,183.931,184.044,1923,17
1693605600,184.042,184.056,183.968,183.991,3023,12
1693609200,183.992,184.15,183.865,183.958,1714,17
1693785600,183.998,184.042,183.841,184.009,379,147
1693789200,184.009,184.105,183.977,183.981,1682,30
1693792800,183.979,183.989,183.831,183.904,1090,24
1693796400,183.902,184.174,183.867,184.09,2849,20
1693800000,184.09,184.21,184.031,184.108,3178,12
1693803600,184.108,184.175,184.087,184.169,2099,21
1693807200,184.169,184.226,184.123,184.192,1815,20
1693810800,184.192,184.258,184.187,184.256,1179,21
1693814400,184.256,184.38,184.253,184.325,1630,18
1693818000,184.324,184.423,184.245,184.423,3521,12
1693821600,184.419,184.901,184.398,184.763,3667,12
1693825200,184.76,184.979,184.715,184.97,3691,13
1693828800,184.97,184.996,184.812,184.879,3341,13
1693832400,184.879,185.001,184.842,184.89,1823,13
1693836000,184.891,184.966,184.803,184.858,1720,16
1693839600,184.856,184.926,184.779,184.885,1943,12
1693843200,184.887,185.073,184.869,184.874,3223,12
1693846800,184.869,184.892,184.761,184.778,2403,13
1693850400,184.776,184.903,184.727,184.884,1267,14
1693854000,184.884,184.985,184.866,184.983,561,15
1693857600,184.98,185.045,184.969,185.008,404,18
1693861200,185.008,185.049,185.007,185.042,268,22
1693864800,185.041,185.041,184.972,184.981,371,16
1693868400,184.982,185.035,184.804,184.845,416,27
1693872000,184.702,184.944,184.61,184.931,321,85
1693875600,184.931,185.021,184.912,185.013,1000,30
1693879200,185.013,185.052,184.929,184.963,858,22
1693882800,184.963,185.131,184.953,185.036,2718,17
1693886400,185.037,185.114,184.96,185.05,3084,19
1693890000,185.05,185.119,184.993,185.118,2227,17
1693893600,185.118,185.161,185.083,185.144,1944,19
1693897200,185.136,185.207,185.112,185.173,2009,16
1693900800,185.173,185.293,185.167,185.211,2671,18
1693904400,185.212,185.217,184.85,184.926,4620,12
1693908000,184.93,185.056,184.528,184.558,5956,12
1693911600,184.558,184.593,184.065,184.264,5137,12
1693915200,184.262,184.754,184.234,184.731,3872,12
1693918800,184.728,185.025,184.697,184.836,3869,12
1693922400,184.836,184.962,184.672,184.895,2956,12
1693926000,184.896,185.16,184.822,185.102,6214,12
1693929600,185.111,185.382,185.044,185.309,8100,12
1693933200,185.315,185.459,185.146,185.396,6107,12
1693936800,185.394,185.727,185.286,185.719,4661,12
1693940400,185.721,185.774,185.56,185.666,3527,14
1693944000,185.665,185.722,185.591,185.693,3046,15
1693947600,185.692,185.733,185.643,185.657,1717,14
1693951200,185.657,185.67,185.536,185.56,2563,17
1693954800,185.56,185.612,185.51,185.565,1631,21
1693958400,185.565,185.592,185.358,185.557,506,64
1693962000,185.536,185.603,185.508,185.53,1004,22
1693965600,185.532,185.541,185.262,185.343,1975,17
1693969200,185.343,185.568,185.322,185.553,3572,12
1693972800,185.554,185.595,185.289,185.312,3472,12
1693976400,185.312,185.498,185.24,185.469,2051,12
1693980000,185.469,185.547,185.358,185.494,1720,18
1693983600,185.494,185.495,185.254,185.333,1495,20
1693987200,185.333,185.345,184.999,185.069,2877,15
1693990800,185.078,185.115,184.942,185.109,3685,14
1693994400,185.11,185.461,184.918,185.011,6178,12
1693998000,185.014,185.221,184.962,185.113,3879,12
1694001600,185.112,185.275,185.013,185.038,3566,12
1694005200,185.039,185.149,184.857,184.951,2826,12
1694008800,184.944,185.179,184.906,185.161,3075,13
1694012400,185.161,185.161,184.76,184.892,4497,12
1694016000,184.892,185.047,184.346,184.346,6242,12
1694019600,184.346,184.572,184.241,184.353,8485,12
1694023200,184.35,184.597,184.338,184.527,4275,12
1694026800,184.527,184.712,184.454,184.512,2910,12
1694030400,184.51,184.653,184.478,184.609,1984,12
1694034000,184.609,184.741,184.605,184.712,2081,12
1694037600,184.706,184.774,184.624,184.664,2512,16
1694041200,184.663,184.719,184.606,184.653,1730,18
1694044800,184.608,184.608,184.461,184.554,658,44
1694048400,184.572,184.633,184.493,184.561,1748,14
1694052000,184.561,184.611,184.497,184.61,1829,18
1694055600,184.61,184.757,184.575,184.631,3730,17
1694059200,184.629,184.697,184.418,184.525,3534,15
1694062800,184.519,184.614,184.455,184.475,2042,12
1694066400,184.478,184.582,184.38,184.513,1408,12
1694070000,184.513,184.545,184.302,184.417,1578,14
1694073600,184.416,184.528,184.367,184.409,2290,15
1694077200,184.409,184.461,184.122,184.151,3639,12
1694080800,184.154,184.231,183.763,183.893,4556,12
1694084400,183.893,184.001,183.648,183.982,3225,12
1694088000,183.982,184.16,183.783,183.846,3163,12
1694091600,183.846,183.871,183.569,183.625,2842,12
1694095200,183.628,183.784,183.499,183.512,2405,12
1694098800,183.511,183.789,183.426,183.538,4996,12
1694102400,183.538,183.639,183.37,183.578,6150,12
1694106000,183.578,183.63,183.37,183.52,5530,12
1694109600,183.52,183.838,183.474,183.676,3804,12
1694113200,183.676,183.685,183.418,183.487,2662,12
1694116800,183.487,183.754,183.486,183.675,1525,12
1694120400,183.675,183.7,183.491,183.513,1621,12
1694124000,183.516,183.681,183.516,183.592,1761,15
1694127600,183.591,183.694,183.586,183.674,1437,17
1694131200,183.674,183.712,183.569,183.649,494,70
1694134800,183.649,183.683,183.611,183.65,1328,29
1694138400,183.651,183.822,183.629,183.792,1139,21
1694142000,183.787,183.852,183.053,183.513,4921,12
1694145600,183.513,183.847,183.455,183.781,4749,17
1694149200,183.784,183.996,183.727,183.993,2504,20
1694152800,183.993,184.106,183.888,183.972,1922,20
1694156400,183.973,184.006,183.816,183.877,2863,22
1694160000,183.877,184.021,183.85,183.973,2208,12
1694163600,183.967,184.018,183.727,183.786,4056,12
1694167200,183.784,184.173,183.769,184.138,4111,12
1694170800,184.138,184.251,184.024,184.057,4667,14
1694174400,184.056,184.056,183.767,183.829,4123,12
1694178000,183.829,183.962,183.733,183.95,2732,12
1694181600,183.956,184.066,183.815,184.05,3283,12
1694185200,184.053,184.138,183.887,184.135,4380,12
1694188800,184.141,184.361,184.133,184.26,6600,12
1694192400,184.262,184.457,184.226,184.321,6136,12
1694196000,184.321,184.368,184.12,184.239,5106,12
1694199600,184.238,184.269,184.088,184.139,2712,13
1694203200,184.14,184.21,184.056,184.141,2020,14
1694206800,184.141,184.194,184.011,184.053,2332,12
1694210400,184.054,184.152,184.036,184.147,2891,13
1694214000,184.141,184.239,184.098,184.239,2042,16
1694390400,183.571,183.598,182.952,183.071,997,119
1694394000,183.071,183.73,182.954,183.56,3130,30
1694397600,183.56,183.774,183.555,183.728,2679,18
1694401200,183.728,183.765,183.341,183.483,4032,20
1694404800,183.487,183.656,183.357,183.562,4687,18
1694408400,183.562,183.573,183.192,183.292,3978,17
1694412000,183.294,183.331,182.927,183.089,3055,14
1694415600,183.09,183.394,182.898,183.019,5150,12
1694419200,183.016,183.052,182.861,182.956,4660,14
1694422800,182.956,183.024,182.693,182.839,4873,12
1694426400,182.839,183.06,182.675,183.046,5037,12
1694430000,183.047,183.359,182.954,183.206,3892,12
1694433600,183.209,183.834,183.111,183.823,4059,12
1694437200,183.82,183.906,183.66,183.858,3213,12
1694440800,183.853,183.861,183.545,183.678,3355,12
1694444400,183.678,183.711,183.207,183.51,5057,12
1694448000,183.512,183.76,183.412,183.469,5825,12
1694451600,183.468,183.608,183.284,183.417,6422,12
1694455200,183.421,183.563,183.384,183.467,4111,12
1694458800,183.467,183.573,183.389,183.401,2340,12
1694462400,183.4,183.437,183.239,183.24,2242,14
1694466000,183.24,183.381,183.234,183.295,2215,12
1694469600,183.288,183.405,183.233,183.336,2666,13
1694473200,183.336,183.385,183.291,183.356,1091,16
1694476800,183.356,183.399,183.192,183.324,417,48
1694480400,183.324,183.413,183.25,183.307,1560,26
1694484000,183.311,183.474,183.311,183.444,1391,16
1694487600,183.444,183.563,183.316,183.442,3566,17
1694491200,183.442,183.493,183.224,183.279,3852,12
1694494800,183.281,183.611,183.243,183.594,3154,15
1694498400,183.591,183.628,183.479,183.585,2141,17
1694502000,183.567,183.575,183.475,183.566,2121,16
1694505600,183.562,183.782,183.544,183.632,2672,15
1694509200,183.636,183.931,183.605,183.781,3665,12
1694512800,183.78,183.802,183.193,183.291,4819,12
1694516400,183.292,183.292,182.936,183.004,4018,12
1694520000,183.006,183.144,182.964,183.045,3086,12
1694523600,183.042,183.233,183.021,183.158,2403,12
1694527200,183.158,183.214,183.09,183.178,2967,12
1694530800,183.176,183.555,183.159,183.42,5003,12
1694534400,183.42,183.552,183.344,183.552,5883,12
1694538000,183.552,183.627,183.367,183.483,4823,12
1694541600,183.47,183.634,183.447,183.534,3407,12
1694545200,183.533,183.711,183.533,183.64,2445,13
1694548800,183.641,183.796,183.591,183.675,2047,15
1694552400,183.675,183.756,183.633,183.652,2335,12
1694556000,183.652,183.79,183.635,183.784,2101,17
1694559600,183.785,183.819,183.643,183.677,2458,12
1694563200,183.677,183.832,183.541,183.696,689,26
1694566800,183.696,183.78,183.645,183.732,1329,16
1694570400,183.732,183.82,183.723,183.808,1174,15
1694574000,183.808,184.055,183.805,184.032,3982,12
1694577600,184.032,184.231,183.981,184.01,3949,17
1694581200,184.01,184.073,183.923,183.953,2626,18
1694584800,183.955,184.061,183.932,184.012,2195,17
1694588400,184.012,184.177,183.986,184.154,2204,18
1694592000,184.159,184.177,183.906,183.939,2654,13
1694595600,183.943,183.949,183.275,183.351,5193,12
1694599200,183.356,183.74,183.187,183.615,4513,12
1694602800,183.611,183.884,183.564,183.729,4695,12
1694606400,183.722,183.914,183.621,183.685,3735,12
1694610000,183.685,183.905,183.584,183.895,3085,12
1694613600,183.895,183.935,183.765,183.834,3085,12
1694617200,183.832,184.178,183.451,184.075,8516,12
1694620800,184.072,184.297,183.938,184.217,8177,12
1694624400,184.221,184.381,184.07,184.236,7009,12
1694628000,184.239,184.305,184.068,184.131,4800,14
1694631600,184.129,184.153,183.994,184.1,4285,12
1694635200,184.098,184.192,184.022,184.184,2919,12
1694638800,184.182,184.208,184.037,184.113,1962,12
1694642400,184.113,184.157,184.039,184.124,3245,15
1694646000,184.124,184.196,184.109,184.159,1640,18
1694649600,183.973,184.059,183.945,184.027,803,60
1694653200,184.004,184.064,184.0,184.015,1623,23
1694656800,184.015,184.048,183.938,183.999,1690,20
1694660400,183.997,184.052,183.78,183.879,3042,16
1694664000,183.879,183.929,183.763,183.803,3992,17
1694667600,183.803,183.859,183.706,183.756,2740,14
1694671200,183.753,183.819,183.686,183.811,2089,12
1694674800,183.811,183.936,183.801,183.927,1958,18
1694678400,183.923,183.984,183.844,183.871,3047,14
1694682000,183.869,183.905,183.705,183.781,2643,13
1694685600,183.781,183.899,183.699,183.886,3301,12
1694689200,183.886,184.06,183.832,183.909,3917,12
1694692800,183.909,183.93,183.742,183.838,2884,12
1694696400,183.839,183.842,183.547,183.596,3626,12
1694700000,183.596,183.836,183.596,183.811,2808,13
1694703600,183.811,183.897,183.104,183.359,9481,12
1694707200,183.363,183.404,182.799,182.97,8847,12
1694710800,182.968,183.029,182.615,182.663,7245,12
1694714400,182.666,182.773,182.551,182.601,4286,12
1694718000,182.601,182.805,182.509,182.77,3418,12
1694721600,182.771,182.872,182.712,182.82,2526,12
1694725200,182.82,182.922,182.776,182.847,2162,13
1694728800,182.847,182.963,182.847,182.916,2866,12
1694732400,182.925,183.018,182.925,182.961,1336,16
1694736000,182.971,182.975,182.857,182.926,236,48
1694739600,182.926,183.015,182.866,182.957,1269,19
1694743200,182.957,182.991,182.851,182.853,1549,17
1694746800,182.852,183.023,182.807,183.003,3655,15
1694750400,183.006,183.02,182.762,182.906,3473,12
1694754000,182.909,183.157,182.909,183.149,3365,14
1694757600,183.156,183.176,183.089,183.175,2591,16
1694761200,183.176,183.223,183.069,183.2,2015,13
1694764800,183.197,183.482,183.074,183.181,3507,13
1694768400,183.177,183.512,183.12,183.431,4386,12
1694772000,183.431,183.738,183.383,183.735,4964,12
1694775600,183.734,183.902,183.679,183.829,3930,12
1694779200,183.829,183.842,183.714,183.742,2819,12
1694782800,183.744,183.799,183.616,183.641,2983,12
1694786400,183.64,183.664,183.308,183.347,2845,12
1694790000,183.348,183.5,183.232,183.301,4545,12
1694793600,183.3,183.456,183.24,183.245,5714,12
1694797200,183.121,183.516,183.089,183.265,7186,12
1694800800,183.264,183.35,183.135,183.145,5437,12
1694804400,183.145,183.367,183.136,183.337,2360,13
1694808000,183.334,183.337,183.102,183.164,1989,15
1694811600,183.161,183.161,183.036,183.059,2443,13
1694815200,183.06,183.115,183.014,183.1,2676,17
1694818800,183.106,183.131,183.011,183.046,1792,16
1694995200,183.079,183.079,182.808,182.979,224,72
1694998800,182.976,183.164,182.976,183.141,1111,20
1695002400,183.14,183.313,183.128,183.304,1319,19
1695006000,183.303,183.334,183.131,183.151,2132,16
1695009600,183.151,183.266,183.011,183.027,2575,22
1695013200,183.028,183.119,183.004,183.033,1733,19
1695016800,183.031,183.11,183.0,183.002,1201,15
1695020400,183.0,183.067,182.977,183.05,944,13
1695024000,183.05,183.083,182.986,182.998,2364,20
1695027600,183.008,183.097,182.898,182.927,3225,12
1695031200,182.927,182.978,182.749,182.859,3654,12
1695034800,182.859,182.87,182.714,182.771,2891,12
1695038400,182.771,183.095,182.766,183.06,2546,12
1695042000,183.059,183.226,183.015,183.109,2303,12
1695045600,183.108,183.119,182.74,182.789,2042,12
1695049200,182.791,182.956,182.746,182.896,3603,12
1695052800,182.896,183.049,182.765,182.871,4893,12
1695056400,182.874,182.958,182.754,182.819,5049,12
1695060000,182.821,183.103,182.802,183.068,3571,12
1695063600,183.068,183.096,182.959,182.974,2455,13
1695067200,182.974,183.023,182.898,182.908,1468,12
1695070800,182.905,182.932,182.807,182.831,2261,12
1695074400,182.832,182.856,182.722,182.757,2716,15
1695078000,182.755,182.834,182.744,182.76,1332,15
1695081600,182.711,182.835,182.659,182.815,364,42
1695085200,182.81,182.81,182.727,182.802,907,24
1695088800,182.802,182.826,182.737,182.771,846,18
1695092400,182.862,182.942,182.778,182.803,2132,15
1695096000,182.803,182.906,182.781,182.794,2494,18
1695099600,182.794,182.914,182.773,182.868,2125,12
1695103200,182.868,182.941,182.868,182.891,1572,19
1695106800,182.893,182.963,182.866,182.878,2274,14
1695110400,182.879,182.975,182.828,182.937,2337,12
1695114000,182.941,183.061,182.864,183.007,3539,12
1695117600,183.005,183.097,182.864,182.916,3934,12
1695121200,182.909,182.928,182.781,182.806,3068,12
1695124800,182.804,182.962,182.714,182.943,2461,12
1695128400,182.945,183.045,182.88,183.03,2914,12
1695132000,183.03,183.307,183.009,183.304,2705,13
1695135600,183.307,183.481,183.281,183.317,4863,12
1695139200,183.317,183.355,183.114,183.17,5622,12
1695142800,183.171,183.179,183.002,183.16,4651,12
1695146400,183.16,183.192,182.958,183.125,3931,12
1695150000,183.125,183.145,183.061,183.1,2746,13
1695153600,183.1,183.249,183.064,183.226,1817,12
1695157200,183.226,183.293,183.176,183.185,2263,13
1695160800,183.184,183.278,183.179,183.253,2270,14
1695164400,183.256,183.256,183.157,183.209,1344,17
1695168000,183.209,183.253,183.012,183.111,650,39
1695171600,183.111,183.138,183.071,183.128,1125,21
1695175200,183.128,183.134,183.033,183.108,1257,16
1695178800,183.108,183.156,183.027,183.039,2635,12
1695182400,183.041,183.168,183.007,183.077,2484,14
1695186000,183.077,183.162,183.075,183.113,1977,18
1695189600,183.117,183.124,182.996,183.079,1752,16
1695193200,183.079,183.137,183.072,183.131,1869,15
1695196800,183.13,183.289,183.127,183.177,2572,12
1695200400,183.127,183.129,182.444,182.769,5721,12
1695204000,182.769,183.182,182.46,183.096,5250,12
1695207600,183.097,183.206,182.977,183.161,4318,12
1695211200,183.161,183.183,183.046,183.087,2755,12
1695214800,183.087,183.122,182.733,182.839,3235,12
1695218400,182.839,182.913,182.783,182.892,2282,12
1695222000,182.891,183.027,182.854,182.998,3248,12
1695225600,182.996,183.223,182.976,183.055,4423,12
1695229200,183.055,183.339,183.012,183.118,5002,12
1695232800,183.118,183.139,182.964,182.991,3572,12
1695236400,182.99,183.243,182.957,183.194,2733,12
1695240000,183.194,183.205,183.043,183.084,2435,12
1695243600,183.045,183.149,182.834,182.947,10715,12
1695247200,182.947,183.002,182.775,182.847,6311,12
1695250800,182.843,183.128,182.84,183.091,2563,13
1695254400,183.09,183.1,182.8,182.92,843,44
1695258000,182.904,182.983,182.844,182.884,2409,20
1695261600,182.884,182.919,182.769,182.823,2253,12
1695265200,182.823,182.938,182.662,182.731,4427,17
1695268800,182.73,182.787,182.645,182.724,3843,12
1695272400,182.724,182.773,182.376,182.512,3188,12
1695276000,182.511,182.735,182.503,182.707,1883,12
1695279600,182.706,182.851,182.673,182.75,1637,12
1695283200,182.751,182.844,182.717,182.745,2294,17
1695286800,182.74,182.857,182.613,182.767,3052,13
1695290400,182.767,182.854,182.372,182.542,5545,12
1695294000,182.54,182.652,182.262,182.326,4450,12
1695297600,182.324,182.418,182.011,182.057,3893,12
1695301200,182.057,182.112,181.616,181.616,3864,12
1695304800,181.613,181.613,180.789,181.515,6054,12
1695308400,181.515,181.515,181.235,181.494,6175,12
1695312000,181.514,181.647,181.316,181.318,6467,12
1695315600,181.311,181.385,181.1,181.116,6751,12
1695319200,181.117,181.319,181.117,181.28,4428,12
1695322800,181.276,181.529,181.211,181.383,2832,12
1695326400,181.382,181.492,181.361,181.451,2060,12
1695330000,181.451,181.459,181.281,181.282,2077,13
1695333600,181.286,181.397,181.265,181.388,2651,12
1695337200,181.388,181.46,181.301,181.416,1664,16
1695340800,181.313,181.434,181.263,181.377,250,43
1695344400,181.377,181.408,181.34,181.349,1344,16
1695348000,181.349,181.515,181.29,181.49,1744,18
1695351600,181.494,181.525,181.246,181.348,3207,14
1695355200,181.348,181.427,181.196,181.37,3148,12
1695358800,181.372,181.866,181.311,181.749,3438,15
1695362400,181.751,181.944,181.627,181.851,4113,14
1695366000,181.849,182.037,181.674,181.824,2787,12
1695369600,181.824,181.864,181.716,181.838,3248,17
1695373200,181.831,182.225,181.737,182.166,5593,12
1695376800,182.171,182.295,181.665,181.853,7185,12
1695380400,181.853,181.954,181.454,181.692,5111,12
1695384000,181.692,181.735,181.314,181.551,4134,12
1695387600,181.547,181.593,181.31,181.557,3212,12
1695391200,181.564,181.757,181.56,181.679,3004,13
1695394800,181.68,181.885,181.534,181.706,4431,12
1695398400,181.708,181.9,181.653,181.864,5594,12
1695402000,181.861,182.053,181.591,181.599,5402,12
1695405600,181.599,181.834,181.562,181.654,3968,12
1695409200,181.655,181.77,181.633,181.674,2648,12
1695412800,181.679,181.742,181.593,181.603,2367,12
1695416400,181.603,181.662,181.472,181.635,2203,13
1695420000,181.635,181.732,181.581,181.603,2621,14
1695423600,181.603,181.66,181.489,181.54,1685,12
1695600000,181.582,181.639,181.449,181.486,1915,98
1695603600,181.486,181.675,181.445,181.675,3903,22
1695607200,181.675,181.719,181.612,181.683,2404,19
1695610800,181.685,181.808,181.634,181.679,3206,18
1695614400,181.679,181.733,181.623,181.669,2469,19
1695618000,181.668,181.68,181.552,181.599,3076,18
1695621600,181.599,181.615,181.542,181.575,2092,18
1695625200,181.575,181.646,181.558,181.601,1870,15
1695628800,181.601,181.638,181.515,181.539,2006,17
1695632400,181.532,181.73,181.482,181.727,2661,12
1695636000,181.735,181.819,181.599,181.706,3621,12
1695639600,181.703,181.784,181.476,181.541,5019,12
1695643200,181.54,181.71,181.399,181.693,3632,12
1695646800,181.693,181.886,181.655,181.855,2868,12
1695650400,181.858,181.949,181.68,181.684,2792,12
1695654000,181.684,181.766,181.62,181.703,3876,12
1695657600,181.701,181.796,181.503,181.733,4874,12
1695661200,181.731,181.766,181.582,181.657,6265,12
1695664800,181.657,181.777,181.603,181.693,3811,12
1695668400,181.693,181.812,181.647,181.76,2153,12
1695672000,181.759,181.825,181.703,181.777,2553,12
1695675600,181.779,181.84,181.669,181.687,2021,14
1695679200,181.687,181.738,181.617,181.728,2283,12
1695682800,181.72,181.813,181.71,181.782,1140,17
1695686400,181.748,181.806,181.581,181.723,342,38
1695690000,181.727,181.777,181.661,181.7,1561,23
1695693600,181.7,181.779,181.688,181.742,1036,19
1695697200,181.742,181.753,181.52,181.71,3084,18
1695700800,181.717,181.799,181.651,181.744,3882,16
1695704400,181.744,181.79,181.583,181.584,3883,15
1695708000,181.583,181.645,181.528,181.574,2861,18
1695711600,181.574,181.715,181.572,181.705,2044,13
1695715200,181.706,181.722,181.577,181.671,3525,16
1695718800,181.671,181.686,181.45,181.536,4257,12
1695722400,181.538,181.576,181.143,181.222,5345,12
1695726000,181.212,181.47,181.109,181.432,5325,12
1695729600,181.43,181.542,181.349,181.397,4187,12
1695733200,181.397,181.51,181.351,181.412,2764,12
1695736800,181.412,181.493,181.261,181.297,3146,12
1695740400,181.303,181.422,181.285,181.391,4930,12
1695744000,181.388,181.534,181.312,181.4,5514,12
1695747600,181.378,181.496,181.07,181.101,5834,12
1695751200,181.102,181.177,181.043,181.139,4299,12
1695754800,181.147,181.305,181.14,181.253,2277,12
1695758400,181.25,181.299,181.095,181.135,1962,15
1695762000,181.138,181.234,181.046,181.218,1675,13
1695765600,181.218,181.307,181.144,181.156,2607,15
1695769200,181.157,181.243,181.141,181.215,1743,14
1695772800,181.1,181.243,181.064,181.097,423,38
1695776400,181.097,181.185,181.097,181.158,933,18
1695780000,181.158,181.18,180.96,181.031,2151,15
1695783600,181.035,181.09,180.915,180.953,3964,17
1695787200,180.953,181.068,180.927,180.96,3772,12
1695790800,180.962,181.009,180.878,180.955,2959,14
1695794400,180.955,180.993,180.909,180.923,2254,12
1695798000,180.923,181.041,180.921,181.007,2409,19
1695801600,181.006,181.085,180.92,181.056,2897,16
1695805200,181.053,181.215,181.013,181.145,3648,12
1695808800,181.147,181.158,181.011,181.038,3306,12
1695812400,181.036,181.255,180.975,181.099,3097,12
1695816000,181.095,181.307,181.024,181.238,3034,12
1695819600,181.235,181.315,181.164,181.173,2559,12
1695823200,181.173,181.207,180.985,181.074,3891,12
1695826800,181.076,181.237,181.043,181.173,5609,12
1695830400,181.173,181.406,181.127,181.361,5601,12
1695834000,181.365,181.536,181.187,181.309,5784,12
1695837600,181.317,181.54,181.242,181.328,4598,12
1695841200,181.328,181.478,181.157,181.401,3974,12
1695844800,181.402,181.439,181.182,181.362,4735,13
1695848400,181.366,181.632,181.284,181.565,4030,12
1695852000,181.565,181.668,181.512,181.583,4550,13
1695855600,181.576,181.6,181.535,181.571,1782,12
1695859200,181.54,181.561,181.095,181.387,630,38
1695862800,181.4,181.467,181.322,181.332,1444,22
1695866400,181.332,181.446,181.286,181.406,1710,19
1695870000,181.407,181.544,181.381,181.493,3028,15
1695873600,181.493,181.569,181.394,181.433,3724,16
1695877200,181.443,181.444,181.231,181.265,2547,19
1695880800,181.266,181.363,181.255,181.345,1867,16
1695884400,181.344,181.364,181.224,181.285,2269,17
1695888000,181.284,181.406,181.226,181.366,2582,17
1695891600,181.369,181.383,181.051,181.127,2911,12
1695895200,181.143,181.597,181.067,181.456,4349,12
1695898800,181.464,181.837,181.407,181.807,3606,12
1695902400,181.81,182.171,181.803,182.048,4036,12
1695906000,182.047,182.154,181.926,182.143,2545,12
1695909600,182.146,182.353,181.989,182.285,2454,12
1695913200,182.285,182.342,181.993,181.997,6190,12
1695916800,181.991,182.154,181.928,181.995,6857,12
1695920400,182.027,182.222,181.875,182.215,6566,12
1695924000,182.208,182.416,182.182,182.311,4419,12
1695927600,182.312,182.372,182.112,182.117,3045,12
1695931200,182.116,182.156,182.035,182.105,2652,14
1695934800,182.105,182.125,181.939,181.981,2203,14
1695938400,181.981,182.091,181.953,182.041,3068,12
1695942000,182.048,182.204,182.032,182.186,1599,13
1695945600,181.937,182.211,181.929,182.166,268,48
1695949200,182.163,182.218,182.105,182.208,1197,20
1695952800,182.208,182.285,182.157,182.241,1501,14
1695956400,182.234,182.347,182.194,182.258,3055,12
1695960000,182.258,182.414,182.235,182.407,2798,17
1695963600,182.406,182.656,182.389,182.596,2960,13
1695967200,182.598,182.611,182.491,182.528,2398,16
1695970800,182.528,182.649,182.5,182.546,2631,17
1695974400,182.546,182.603,182.281,182.288,2925,18
1695978000,182.286,182.506,182.103,182.264,5546,12
1695981600,182.271,182.345,181.901,182.134,4931,12
1695985200,182.132,182.413,182.092,182.392,4290,12
1695988800,182.392,182.799,182.29,182.799,4223,12
1695992400,182.799,182.908,182.668,182.877,3632,12
1695996000,182.879,183.016,182.768,182.885,4057,12
1695999600,182.88,182.942,182.601,182.893,7084,12
1696003200,182.888,182.888,182.28,182.292,7824,12
1696006800,182.288,182.338,181.882,182.112,8198,12
1696010400,182.112,182.559,182.094,182.476,6844,12
1696014000,182.475,182.567,182.329,182.355,4552,12
1696017600,182.352,182.364,182.098,182.118,3517,14
1696021200,182.118,182.355,182.102,182.34,3788,12
1696024800,182.339,182.4,182.262,182.305,4705,12
1696028400,182.307,182.361,182.103,182.159,2614,12
1696204800,182.216,182.457,182.207,182.292,636,97
1696208400,182.295,182.43,182.095,182.229,3083,23
1696212000,182.229,182.388,182.219,182.308,2577,16
1696215600,182.306,182.525,182.19,182.422,3932,13
1696219200,182.423,182.566,182.401,182.526,2673,18
1696222800,182.526,182.623,182.51,182.543,3026,12
1696226400,182.543,182.588,182.492,182.58,1425,17
1696230000,182.58,182.621,182.457,182.463,2766,17
1696233600,182.462,182.526,182.187,182.241,3037,13
1696237200,182.238,182.741,182.238,182.739,4287,12
1696240800,182.738,182.805,182.518,182.597,5279,12
1696244400,182.594,182.628,182.407,182.469,4370,12
1696248000,182.469,182.473,182.053,182.127,3673,12
1696251600,182.127,182.146,181.928,182.01,3222,12
1696255200,182.01,182.107,181.864,181.956,3172,12
1696258800,181.955,182.22,181.931,182.02,4348,13
1696262400,182.017,182.027,181.756,181.769,6119,12
1696266000,181.765,181.969,181.517,181.611,8280,12
1696269600,181.607,181.912,181.605,181.671,5670,12
1696273200,181.673,181.686,181.391,181.397,3925,12
1696276800,181.394,181.601,181.38,181.413,3063,12
1696280400,181.413,181.47,181.269,181.273,3003,12
1696284000,181.273,181.289,181.127,181.133,3701,14
1696287600,181.131,181.205,181.111,181.118,2496,12
1696291200,181.082,181.123,180.919,181.092,179,50
1696294800,181.091,181.166,181.091,181.102,1528,19
1696298400,181.101,181.199,181.084,181.174,1727,17
1696302000,181.177,181.183,180.957,181.138,3850,15
1696305600,181.138,181.145,180.97,180.994,3000,13
1696309200,181.0,181.01,180.892,180.922,2325,18
1696312800,180.921,181.051,180.896,180.987,1907,16
1696316400,180.991,180.996,180.768,180.809,2489,18
1696320000,180.809,180.906,180.781,180.842,2678,17
1696323600,180.842,180.991,180.768,180.943,3988,12
1696327200,180.948,181.037,180.579,180.992,4941,12
1696330800,180.991,181.198,180.958,181.085,3265,12
1696334400,181.085,181.151,180.99,181.041,2723,12
1696338000,181.041,181.067,180.665,180.698,2632,12
1696341600,180.695,181.041,180.666,180.947,3098,12
1696345200,180.946,181.079,180.883,180.999,4127,12
1696348800,181.001,181.368,180.959,181.321,5523,12
1696352400,181.319,181.319,178.097,180.029,11230,12
1696356000,180.032,180.152,179.901,179.976,6211,12
1696359600,179.976,180.187,179.89,180.032,4516,12
1696363200,180.034,180.136,179.959,180.014,3190,12
1696366800,180.014,180.051,179.825,179.908,2979,14
1696370400,179.91,180.027,179.617,179.672,4066,12
1696374000,179.67,180.049,179.659,179.907,2412,15
1696377600,179.794,180.057,179.788,179.964,424,37
1696381200,179.964,180.08,179.879,180.023,2510,20
1696384800,180.026,180.191,179.971,180.162,2145,14
1696388400,180.164,180.276,180.094,180.225,3470,15
1696392000,180.221,180.23,179.932,180.106,3933,16
1696395600,180.106,180.182,180.016,180.172,2117,18
1696399200,180.172,180.211,180.011,180.06,2152,18
1696402800,180.059,180.246,179.992,180.208,1870,14
1696406400,180.208,180.31,180.156,180.2,2298,16
1696410000,180.2,180.215,179.808,179.841,3081,12
1696413600,179.83,179.882,179.556,179.852,5530,12
1696417200,179.849,180.48,179.844,180.472,4016,12
1696420800,180.47,180.986,180.46,180.866,3631,12
1696424400,180.866,181.011,180.657,180.666,3095,12
1696428000,180.664,180.765,180.536,180.58,3782,12
1696431600,180.58,181.251,180.565,181.172,7166,12
1696435200,181.168,181.242,180.881,180.934,5565,12
1696438800,180.928,180.997,180.407,180.468,7612,12
1696442400,180.47,180.922,180.412,180.894,5181,12
1696446000,180.894,181.078,180.863,180.916,3196,12
1696449600,180.912,180.953,180.803,180.907,2602,12
1696453200,180.907,181.008,180.844,180.895,2505,12
1696456800,180.901,181.128,180.895,181.093,3879,12
1696460400,181.088,181.1,180.907,180.951,2108,13
1696464000,180.951,180.951,180.493,180.845,381,48
1696467600,180.836,180.899,180.77,180.84,1505,22
1696471200,180.839,180.859,180.761,180.811,1603,18
1696474800,180.814,180.821,180.395,180.475,3714,12
1696478400,180.475,180.568,180.281,180.36,5346,12
1696482000,180.358,180.56,180.335,180.495,3242,12
1696485600,180.495,180.658,180.422,180.586,3043,13
1696489200,180.585,180.615,180.468,180.571,2891,14
1696492800,180.571,180.672,180.53,180.594,2770,16
1696496400,180.596,180.739,180.551,180.658,4051,12
1696500000,180.655,180.923,180.579,180.816,4940,12
1696503600,180.814,180.931,180.516,180.637,4243,12
1696507200,180.634,180.701,180.455,180.585,3305,12
1696510800,180.591,180.754,180.438,180.676,2964,12
1696514400,180.676,180.875,180.539,180.801,3144,12
1696518000,180.801,180.942,180.476,180.655,6151,12
1696521600,180.657,180.8,180.548,180.59,7444,12
1696525200,180.591,180.8,180.467,180.703,6308,12
1696528800,180.701,180.764,180.617,180.688,5422,12
1696532400,180.688,180.844,180.591,180.75,4064,12
1696536000,180.752,180.825,180.587,180.812,3481,12
1696539600,180.817,180.972,180.803,180.938,2824,12
1696543200,180.938,181.025,180.926,181.014,3432,12
1696546800,181.016,181.067,180.982,181.047,1458,16
1696550400,181.003,181.034,180.769,181.015,372,56
1696554000,180.995,181.035,180.935,180.955,1378,16
1696557600,180.955,181.006,180.842,180.936,1309,16
1696561200,180.94,181.099,180.936,181.051,4297,15
1696564800,181.051,181.091,180.836,180.903,3065,13
1696568400,180.902,181.159,180.867,181.085,3035,14
1696572000,181.085,181.121,181.014,181.108,3014,12
1696575600,181.108,181.182,181.077,181.129,2291,14
1696579200,181.129,181.203,181.115,181.144,2112,12
1696582800,181.143,181.285,181.132,181.265,3280,12
1696586400,181.263,181.725,181.22,181.696,5097,12
1696590000,181.694,181.719,181.565,181.643,3961,12
1696593600,181.643,181.908,181.575,181.871,2896,12
1696597200,181.87,182.068,181.867,182.003,3166,12
1696600800,182.003,182.035,181.812,182.015,2790,12
1696604400,182.018,182.07,180.952,181.128,8883,12
1696608000,181.123,181.684,181.057,181.518,9486,12
1696611600,181.52,182.214,181.443,182.05,8114,12
1696615200,182.05,182.755,182.031,182.672,7416,12
1696618800,182.67,182.711,182.532,182.639,4432,12
1696622400,182.637,182.8,182.633,182.776,3047,12
1696626000,182.776,182.976,182.756,182.871,2576,12
1696629600,182.871,182.926,182.783,182.809,4300,13
1696633200,182.808,182.808,182.504,182.606,2157,15
1696809600,181.82,181.955,181.798,181.9,367,56
1696813200,181.846,182.241,181.833,182.173,5216,12
1696816800,182.177,182.294,182.141,182.245,2875,20
1696820400,182.24,182.31,182.174,182.232,4303,15
1696824000,182.223,182.238,182.08,182.157,3052,14
1696827600,182.158,182.175,182.068,182.1,3066,15
1696831200,182.1,182.117,181.932,181.935,1665,15
1696834800,181.935,181.958,181.891,181.922,2150,15
1696838400,181.927,182.068,181.92,182.048,3464,12
1696842000,182.055,182.196,181.656,181.703,3652,12
1696845600,181.703,181.799,181.512,181.538,4347,12
1696849200,181.538,181.714,181.435,181.613,3239,12
1696852800,181.613,181.765,181.575,181.737,2989,12
1696856400,181.738,181.748,181.427,181.519,2321,12
1696860000,181.521,181.652,181.44,181.496,2667,12
1696863600,181.496,181.628,181.424,181.606,3750,12
1696867200,181.606,181.907,181.606,181.795,5819,12
1696870800,181.795,181.854,181.247,181.372,5411,12
1696874400,181.37,181.622,181.346,181.465,3257,12
1696878000,181.466,181.57,181.38,181.398,1951,12
1696881600,181.397,181.681,181.397,181.681,2590,12
1696885200,181.681,181.846,181.607,181.616,2178,12
1696888800,181.615,181.801,181.609,181.727,3066,12
1696892400,181.723,181.814,181.697,181.718,1744,12
1696896000,181.718,181.788,181.55,181.736,541,40
1696899600,181.736,181.751,181.587,181.65,1558,23
1696903200,181.65,181.749,181.626,181.687,2333,17
1696906800,181.685,182.031,181.533,181.882,5155,12
1696910400,181.886,181.935,181.734,181.832,4569,12
1696914000,181.833,181.934,181.815,181.852,3120,13
1696917600,181.852,181.889,181.752,181.854,2896,13
1696921200,181.854,181.947,181.831,181.85,2285,15
1696924800,181.852,181.905,181.783,181.879,2841,14
1696928400,181.887,182.042,181.546,181.957,5598,12
1696932000,181.957,182.252,181.908,182.187,5546,12
1696935600,182.187,182.637,182.137,182.623,5466,12
1696939200,182.625,182.778,182.414,182.607,4424,12
1696942800,182.606,182.751,182.541,182.563,2840,12
1696946400,182.563,182.6,182.385,182.449,3607,12
1696950000,182.45,182.602,182.343,182.423,5350,12
1696953600,182.423,182.54,182.372,182.47,6207,12
1696957200,182.474,182.687,182.348,182.44,5775,12
1696960800,182.44,182.605,182.391,182.599,4710,12
1696964400,182.598,182.646,182.529,182.578,3447,12
1696968000,182.578,182.599,182.317,182.546,4718,12
1696971600,182.542,182.641,182.463,182.63,2961,12
1696975200,182.629,182.687,182.549,182.641,2719,12
1696978800,182.642,182.74,182.624,182.693,1310,15
1696982400,182.693,182.693,182.397,182.6,1360,37
1696986000,182.589,182.668,182.578,182.614,848,19
1696989600,182.614,182.694,182.579,182.642,1458,12
1696993200,182.633,182.724,182.589,182.717,3191,15
1696996800,182.717,182.805,182.661,182.78,3906,12
1697000400,182.78,182.87,182.715,182.862,3153,14
1697004000,182.865,182.972,182.816,182.925,2186,14
1697007600,182.925,183.009,182.922,182.997,1803,12
1697011200,182.994,183.012,182.941,182.964,1857,15
1697014800,182.963,183.115,182.896,182.931,3893,12
1697018400,182.931,182.931,182.517,182.614,6186,12
1697022000,182.616,182.718,182.479,182.561,5382,12
1697025600,182.561,182.679,182.488,182.639,4242,12
1697029200,182.642,182.781,182.623,182.778,3384,12
1697032800,182.778,182.934,182.692,182.907,3716,12
1697036400,182.907,183.341,182.86,183.294,6847,12
1697040000,183.289,183.74,183.177,183.671,7172,12
1697043600,183.671,183.674,183.446,183.616,6287,12
1697047200,183.616,183.642,183.253,183.294,4908,12
1697050800,183.292,183.418,183.175,183.397,3421,12
1697054400,183.398,183.433,183.247,183.299,3315,12
1697058000,183.283,183.659,183.223,183.649,4373,12
1697061600,183.648,183.697,183.607,183.641,3723,12
1697065200,183.639,183.727,183.627,183.658,1794,14
1697068800,183.658,183.658,183.316,183.519,338,34
1697072400,183.519,183.606,183.448,183.458,1113,17
1697076000,183.458,183.609,183.453,183.531,1590,16
1697079600,183.527,183.688,183.508,183.632,3094,12
1697083200,183.629,183.694,183.53,183.656,3483,14
1697086800,183.657,183.807,183.627,183.801,3879,14
1697090400,183.802,183.812,183.674,183.689,2466,13
1697094000,183.689,183.755,183.652,183.706,1762,15
1697097600,183.706,183.765,183.65,183.719,3116,12
1697101200,183.735,183.777,183.608,183.661,3987,12
1697104800,183.661,183.671,183.383,183.411,4230,12
1697108400,183.411,183.528,183.281,183.306,3290,12
1697112000,183.303,183.437,183.265,183.427,3178,12
1697115600,183.426,183.501,183.326,183.374,2735,12
1697119200,183.373,183.644,183.371,183.638,2792,12
1697122800,183.639,183.644,183.093,183.251,7897,12
1697126400,183.249,183.324,182.867,182.982,7323,12
1697130000,182.982,183.272,182.843,182.867,6068,12
1697133600,182.867,183.022,182.695,182.822,4879,12
1697137200,182.822,182.984,182.662,182.692,3382,12
1697140800,182.681,182.702,182.43,182.525,4787,12
1697144400,182.524,182.543,182.324,182.368,2842,12
1697148000,182.37,182.441,182.355,182.396,3264,12
1697151600,182.396,182.414,182.346,182.377,1740,13
1697155200,182.377,182.446,182.279,182.355,549,22
1697158800,182.355,182.413,182.328,182.404,1118,22
1697162400,182.404,182.485,182.371,182.472,1495,17
1697166000,182.472,182.589,182.443,182.502,3072,12
1697169600,182.502,182.712,182.471,182.68,2702,12
1697173200,182.681,182.818,182.678,182.813,2353,15
1697176800,182.814,182.82,182.736,182.752,2047,15
1697180400,182.752,182.756,182.568,182.61,1909,15
1697184000,182.609,182.752,182.527,182.722,2969,12
1697187600,182.709,182.717,182.467,182.499,3265,12
1697191200,182.505,182.938,182.413,182.738,4684,12
1697194800,182.736,182.902,182.696,182.836,3871,12
1697198400,182.836,182.868,182.379,182.422,3870,12
1697202000,182.422,182.439,182.043,182.049,3955,12
1697205600,182.048,182.305,181.909,182.287,4375,12
1697209200,182.288,182.369,182.136,182.255,6212,12
1697212800,182.258,182.275,181.973,182.128,5854,12
1697216400,182.128,182.128,181.614,181.691,7057,12
1697220000,181.691,181.725,181.506,181.575,4097,12
1697223600,181.579,181.681,181.505,181.527,3288,12
1697227200,181.526,181.533,181.264,181.407,2844,12
1697230800,181.407,181.521,181.366,181.418,2710,12
1697234400,181.417,181.513,181.41,181.495,4324,12
1697238000,181.494,181.655,181.432,181.48,2217,12
1697414400,181.31,181.562,180.949,181.479,625,71
1697418000,181.479,181.781,181.473,181.74,2065,12
1697421600,181.74,181.81,181.72,181.775,2382,15
1697425200,181.778,181.787,181.538,181.583,3904,15
1697428800,181.583,181.705,181.574,181.642,2997,12
1697432400,181.642,181.704,181.61,181.659,1683,15
1697436000,181.659,181.704,181.624,181.696,1703,14
1697439600,181.696,181.728,181.667,181.705,1602,15
1697443200,181.705,181.815,181.658,181.801,2156,13
1697446800,181.805,182.049,181.802,182.01,3924,12
1697450400,182.01,182.163,181.925,182.098,5095,12
1697454000,182.095,182.138,181.666,181.771,4036,12
1697457600,181.769,181.892,181.541,181.558,3736,12
1697461200,181.558,181.801,181.52,181.726,2939,13
1697464800,181.729,182.078,181.653,182.074,2962,12
1697468400,182.074,182.13,181.824,181.97,5224,12
1697472000,181.969,182.117,181.864,182.056,5522,12
1697475600,182.057,182.49,181.99,182.389,5829,12
1697479200,182.384,182.464,182.3,182.42,3464,12
1697482800,182.421,182.55,182.334,182.482,2695,12
1697486400,182.482,182.732,182.439,182.711,2436,12
1697490000,182.711,182.73,182.596,182.599,1414,12
1697493600,182.599,182.707,182.557,182.666,2638,13
1697497200,182.664,182.696,182.445,182.485,1214,14
1697500800,182.436,182.65,182.409,182.601,930,43
1697504400,182.609,182.694,182.583,182.661,1498,20
1697508000,182.661,182.692,182.616,182.652,1135,12
1697511600,182.649,182.721,182.497,182.529,2786,12
1697515200,182.525,182.555,182.416,182.463,2372,15
1697518800,182.463,182.48,182.356,182.421,1763,15
1697522400,182.421,182.518,182.405,182.477,1768,15
1697526000,182.477,182.481,182.359,182.394,1768,14
1697529600,182.397,182.483,182.376,182.422,2408,12
1697533200,182.441,182.449,182.054,182.118,3110,12
1697536800,182.107,182.265,182.026,182.149,4725,12
1697540400,182.145,182.161,181.845,181.914,3634,12
1697544000,181.914,182.12,181.874,182.091,3048,12
1697547600,182.089,182.174,181.019,181.812,5061,12
1697551200,181.811,182.139,181.808,182.104,3965,12
1697554800,182.104,182.149,181.69,181.831,6852,12
1697558400,181.832,182.096,181.785,181.95,7024,12
1697562000,181.948,182.448,181.927,182.35,6483,12
1697565600,182.348,182.702,182.334,182.7,4819,12
1697569200,182.7,182.795,182.573,182.575,3277,12
1697572800,182.573,182.612,182.36,182.369,3087,12
1697576400,182.369,182.45,182.322,182.347,2425,13
1697580000,182.347,182.492,182.337,182.492,3930,12
1697583600,182.491,182.536,182.406,182.498,1764,12
1697587200,182.397,182.514,182.337,182.471,549,53
1697590800,182.471,182.477,182.371,182.408,1447,17
1697594400,182.41,182.431,182.359,182.375,1831,17
1697598000,182.375,182.387,182.077,182.154,2840,12
1697601600,182.152,182.237,182.083,182.173,2767,15
1697605200,182.178,182.304,182.178,182.244,3358,12
1697608800,182.244,182.258,182.06,182.22,2463,14
1697612400,182.219,182.367,182.214,182.303,2337,15
1697616000,182.299,182.432,182.274,182.284,3102,13
1697619600,182.257,182.699,182.257,182.507,4519,12
1697623200,182.506,182.733,182.5,182.528,4420,12
1697626800,182.528,182.757,182.383,182.709,3860,12
1697630400,182.707,182.807,182.558,182.612,4247,12
1697634000,182.614,182.658,182.26,182.354,3973,12
1697637600,182.353,182.573,182.263,182.437,3659,12
1697641200,182.436,182.653,182.289,182.318,4928,12
1697644800,182.317,182.457,182.113,182.151,5634,12
1697648400,182.15,182.289,181.845,181.923,6653,12
1697652000,181.92,182.124,181.896,182.057,4905,12
1697655600,182.057,182.098,181.882,182.067,4049,12
1697659200,182.066,182.32,182.02,182.226,4425,12
1697662800,182.223,182.286,182.017,182.02,2995,12
1697666400,182.02,182.045,181.915,181.942,3084,12
1697670000,181.942,182.031,181.94,182.003,1639,13
1697673600,182.003,182.003,181.801,181.837,520,32
1697677200,181.865,181.969,181.832,181.941,1467,19
1697680800,181.942,181.987,181.803,181.837,2272,15
1697684400,181.832,181.897,181.732,181.817,3846,12
1697688000,181.82,181.866,181.727,181.776,3547,13
1697691600,181.777,181.844,181.743,181.75,2486,12
1697695200,181.751,181.794,181.648,181.672,1912,13
1697698800,181.673,181.701,181.601,181.643,1447,15
1697702400,181.644,181.665,181.508,181.511,2490,12
1697706000,181.508,181.783,181.385,181.733,3280,12
1697709600,181.739,181.887,181.509,181.515,5112,12
1697713200,181.515,181.652,181.322,181.391,4596,12
1697716800,181.391,181.415,181.167,181.389,3768,12
1697720400,181.389,181.583,181.348,181.562,3192,12
1697724000,181.564,181.662,181.538,181.637,2777,12
1697727600,181.637,181.928,181.597,181.901,5555,12
1697731200,181.902,182.143,181.829,181.917,5851,12
1697734800,181.911,182.148,181.889,182.051,6200,12
1697738400,182.051,182.148,181.971,182.037,3861,12
1697742000,182.039,182.51,181.819,182.284,11331,12
1697745600,182.283,182.399,182.017,182.209,7349,12
1697749200,182.208,182.318,181.896,181.942,4942,12
1697752800,181.943,182.041,181.888,181.983,6094,12
1697756400,181.981,181.992,181.819,181.879,1965,12
1697760000,181.819,181.885,181.674,181.829,528,42
1697763600,181.829,181.903,181.818,181.876,1268,14
1697767200,181.872,181.882,181.749,181.786,2117,14
1697770800,181.786,181.837,181.621,181.696,3706,13
1697774400,181.696,181.784,181.645,181.724,3114,14
1697778000,181.723,181.945,181.704,181.937,2543,13
1697781600,181.931,181.955,181.829,181.871,2027,15
1697785200,181.872,181.877,181.792,181.837,1334,14
1697788800,181.837,181.909,181.674,181.71,2864,13
1697792400,181.715,181.715,181.292,181.516,4411,12
1697796000,181.518,181.614,181.398,181.508,5321,12
1697799600,181.509,181.826,181.305,181.785,4937,12
1697803200,181.785,181.853,181.618,181.81,4236,12
1697806800,181.81,181.903,181.695,181.759,2918,12
1697810400,181.757,182.112,181.746,182.032,2997,12
1697814000,182.037,182.155,181.778,182.056,4753,12
1697817600,182.058,182.297,181.982,182.067,6848,12
1697821200,182.067,182.24,181.885,182.087,5927,12
1697824800,182.087,182.177,182.028,182.07,4945,12
1697828400,182.07,182.133,181.862,182.122,3528,12
1697832000,182.122,182.364,182.115,182.219,4205,12
1697835600,182.218,182.244,182.055,182.177,3073,12
1697839200,182.178,182.257,182.129,182.237,3663,12
1697842800,182.236,182.312,182.193,182.246,2066,14
1698019200,182.007,182.252,182.007,182.104,348,97
1698022800,182.104,182.253,182.104,182.244,1439,20
1698026400,182.245,182.316,182.234,182.3,1417,17
1698030000,182.294,182.294,182.11,182.254,2951,12
1698033600,182.254,182.261,182.165,182.238,2515,16
1698037200,182.229,182.246,182.137,182.148,1596,15
1698040800,182.15,182.241,182.134,182.136,1468,13
1698044400,182.132,182.167,182.075,182.155,1430,16
1698048000,182.155,182.221,182.139,182.146,1943,16
1698051600,182.141,182.394,182.101,182.279,2897,12
1698055200,182.28,182.466,182.139,182.397,4219,12
1698058800,182.397,182.62,182.28,182.345,3730,12
1698062400,182.345,182.505,182.093,182.205,3706,12
1698066000,182.205,182.323,182.1,182.285,3247,12
1698069600,182.284,182.529,182.244,182.454,2839,12
1698073200,182.454,182.596,182.3,182.384,4012,12
1698076800,182.384,182.528,182.183,182.527,4970,12
1698080400,182.527,183.037,182.504,182.944,6039,12
1698084000,182.944,183.272,182.922,183.224,4657,12
1698087600,183.224,183.245,183.013,183.103,3803,12
1698091200,183.104,183.38,183.041,183.318,3717,12
1698094800,183.318,183.416,183.271,183.282,2777,12
1698098400,183.282,183.3,183.061,183.225,3790,12
1698102000,183.225,183.385,183.201,183.361,1861,12
1698105600,183.319,183.324,183.073,183.296,665,17
1698109200,183.296,183.4,183.291,183.342,1370,13
1698112800,183.342,183.463,183.32,183.454,1519,15
1698116400,183.45,183.521,183.388,183.426,3113,15
1698120000,183.427,183.531,183.282,183.304,4058,12
1698123600,183.264,183.544,183.255,183.461,3242,14
1698127200,183.461,183.518,183.356,183.498,1946,14
1698130800,183.498,183.581,183.484,183.541,1676,16
1698134400,183.543,183.679,183.513,183.676,2774,12
1698138000,183.67,183.745,183.517,183.603,3924,12
1698141600,183.591,183.591,183.19,183.305,6612,12
1698145200,183.295,183.406,182.963,183.353,5550,12
1698148800,183.353,183.385,183.172,183.173,3746,12
1698152400,183.17,183.219,182.899,182.913,3586,12
1698156000,182.913,183.188,182.904,182.983,3477,12
1698159600,182.982,183.039,182.733,182.804,4695,12
1698163200,182.807,182.863,182.472,182.619,6090,12
1698166800,182.614,182.635,182.34,182.511,6721,12
1698170400,182.511,182.523,182.241,182.322,4525,12
1698174000,182.322,182.373,182.046,182.122,3204,12
1698177600,182.121,182.301,182.112,182.27,2894,12
1698181200,182.269,182.314,182.197,182.294,1605,12
1698184800,182.298,182.342,182.24,182.302,2965,14
1698188400,182.304,182.342,182.22,182.279,2106,15
1698192000,182.279,182.279,182.123,182.202,467,42
1698195600,182.202,182.247,182.146,182.23,1245,21
1698199200,182.23,182.251,182.198,182.249,1443,15
1698202800,182.25,182.364,182.24,182.343,3353,12
1698206400,182.341,182.395,182.257,182.358,2417,14
1698210000,182.358,182.391,182.301,182.343,2207,12
1698213600,182.343,182.399,182.342,182.374,1605,15
1698217200,182.376,182.43,182.368,182.429,1239,15
1698220800,182.429,182.442,182.274,182.359,1589,13
1698224400,182.359,182.37,182.214,182.28,2758,12
1698228000,182.28,182.351,181.94,181.993,4099,12
1698231600,181.993,182.107,181.881,181.958,3684,12
1698235200,181.958,181.972,181.626,181.705,3805,12
1698238800,181.708,181.773,181.633,181.756,2699,12
1698242400,181.752,181.888,181.626,181.679,2841,12
1698246000,181.679,181.948,181.652,181.855,3576,12
1698249600,181.854,181.977,181.755,181.868,5363,12
1698253200,181.874,182.216,181.807,182.029,6715,12
1698256800,182.028,182.181,181.971,181.983,5961,12
1698260400,181.986,182.024,181.786,181.863,3449,12
1698264000,181.862,181.905,181.63,181.793,4937,12
1698267600,181.792,181.822,181.719,181.749,3159,12
1698271200,181.748,181.829,181.711,181.746,3335,13
1698274800,181.746,181.999,181.729,181.932,2454,12
1698278400,181.829,181.86,181.707,181.789,617,26
1698282000,181.801,181.81,181.613,181.753,1946,12
1698285600,181.753,181.754,181.584,181.642,1878,17
1698289200,181.64,181.661,181.495,181.594,3270,12
1698292800,181.594,181.776,181.537,181.721,3170,14
1698296400,181.721,181.815,181.673,181.755,3088,14
1698300000,181.755,181.78,181.672,181.704,2328,14
1698303600,181.704,181.752,181.657,181.713,1758,14
1698307200,181.71,181.858,181.687,181.778,2802,15
1698310800,181.764,182.052,181.099,181.669,4871,12
1698314400,181.671,182.109,181.671,181.91,5614,12
1698318000,181.91,181.957,181.643,181.669,4146,12
1698321600,181.67,181.787,181.591,181.723,3213,12
1698325200,181.723,181.723,181.401,181.456,3231,12
1698328800,181.456,181.824,181.451,181.795,2988,12
1698332400,181.794,182.095,181.691,182.095,7722,12
1698336000,182.106,182.149,181.881,182.13,7988,12
1698339600,182.13,182.349,181.989,182.316,7206,12
1698343200,182.316,182.348,182.148,182.199,5026,12
1698346800,182.195,182.226,181.924,182.071,4215,12
1698350400,182.069,182.428,182.039,182.408,4420,13
1698354000,182.408,182.577,182.378,182.468,3202,12
1698357600,182.468,182.496,182.233,182.307,3811,13
1698361200,182.308,182.406,182.275,182.366,2293,15
1698364800,182.366,182.391,182.247,182.36,487,49
1698368400,182.36,182.462,182.36,182.448,941,21
1698372000,182.452,182.503,182.421,182.475,2809,14
1698375600,182.466,182.493,182.267,182.353,3242,16
1698379200,182.354,182.369,182.233,182.272,2845,16
1698382800,182.272,182.352,182.23,182.245,2732,15
1698386400,182.245,182.274,182.183,182.264,1734,15
1698390000,182.264,182.345,182.255,182.265,1430,14
1698393600,182.263,182.338,182.132,182.155,2798,14
1698397200,182.155,182.185,181.985,182.035,3172,12
1698400800,182.034,182.09,181.896,181.966,4384,12
1698404400,181.964,182.034,181.787,182.011,3464,12
1698408000,182.011,182.169,181.979,182.057,3200,12
1698411600,182.057,182.095,181.851,181.939,2901,12
1698415200,181.931,182.014,181.684,181.728,2908,12
1698418800,181.73,181.932,181.593,181.801,6074,12
1698422400,181.807,181.961,181.719,181.759,7028,12
1698426000,181.714,182.018,181.547,181.69,7009,12
1698429600,181.69,181.803,181.518,181.769,4573,12
1698433200,181.771,181.845,181.51,181.524,3687,12
1698436800,181.52,181.522,181.185,181.208,4501,12
1698440400,181.208,181.263,181.034,181.111,4607,12
1698444000,181.109,181.259,181.075,181.259,4045,13
1698447600,181.262,181.443,181.205,181.227,2229,15
1698624000,181.347,181.347,181.085,181.254,391,136
1698627600,181.239,181.408,181.239,181.388,1915,18
1698631200,181.405,181.406,181.275,181.361,1771,17
1698634800,181.361,181.42,181.268,181.406,2699,12
1698638400,181.408,181.416,181.253,181.362,2733,13
1698642000,181.384,181.389,181.21,181.264,1690,17
1698645600,181.261,181.328,181.203,181.292,1489,15
1698649200,181.291,181.315,181.18,181.199,1104,14
1698652800,181.199,181.272,181.189,181.264,1670,16
1698656400,181.265,181.359,181.185,181.276,2785,12
1698660000,181.266,181.285,180.784,180.889,4135,12
1698663600,180.873,181.104,180.759,181.051,4771,12
1698667200,181.049,181.581,181.036,181.474,4099,12
1698670800,181.474,181.665,181.387,181.46,3004,12
1698674400,181.458,181.794,181.458,181.574,3539,12
1698678000,181.574,181.87,181.55,181.842,4000,12
1698681600,181.843,181.864,181.626,181.773,5131,12
1698685200,181.773,181.783,180.924,181.001,8080,12
1698688800,181.001,181.157,180.926,181.122,5089,12
1698692400,181.121,181.178,181.025,181.037,4165,12
1698696000,181.04,181.179,180.949,181.149,2939,12
1698699600,181.149,181.248,181.104,181.203,2298,12
1698703200,181.204,181.485,181.204,181.454,3378,12
1698706800,181.456,181.471,181.355,181.358,1278,12
1698710400,181.356,181.373,181.194,181.327,770,49
1698714000,181.323,181.427,181.281,181.402,1560,18
1698717600,181.402,181.452,181.339,181.348,1320,16
1698721200,181.348,181.722,181.318,181.677,3477,12
1698724800,181.677,181.725,181.563,181.666,3552,14
1698728400,181.666,181.699,181.502,181.54,3342,15
1698732000,181.524,182.214,181.34,182.036,6439,12
1698735600,182.035,182.316,182.0,182.273,3491,14
1698739200,182.272,182.495,182.191,182.495,2848,16
1698742800,182.492,182.619,182.349,182.474,3887,12
1698746400,182.457,182.723,182.394,182.679,3736,12
1698750000,182.679,183.11,182.607,183.072,5257,12
1698753600,183.068,183.759,182.701,183.693,5445,12
1698757200,183.688,183.828,183.503,183.79,4293,12
1698760800,183.79,183.812,183.478,183.585,3172,12
1698764400,183.579,183.584,183.354,183.515,5989,12
1698768000,183.504,183.522,183.19,183.257,6057,12
1698771600,183.262,183.673,183.141,183.579,6757,12
1698775200,183.579,183.799,183.384,183.759,5975,12
1698778800,183.762,184.072,183.644,184.068,5257,12
1698782400,184.068,184.093,183.466,184.05,5583,12
1698786000,184.048,184.216,183.96,184.176,3160,12
1698789600,184.177,184.225,184.113,184.198,3562,12
1698793200,184.204,184.31,184.136,184.163,2073,12
1698796800,184.16,184.268,184.006,184.214,819,37
1698800400,184.204,184.262,183.917,183.955,1727,12
1698804000,183.955,184.016,183.691,183.854,2500,12
1698807600,183.846,183.889,183.664,183.743,3403,13
1698811200,183.736,183.783,183.595,183.665,3480,13
1698814800,183.673,183.709,183.514,183.6,2510,13
1698818400,183.603,183.692,183.519,183.68,2295,13
1698822000,183.68,183.749,183.609,183.667,1530,12
1698825600,183.667,183.678,183.563,183.624,1882,14
1698829200,183.622,183.799,183.594,183.717,2317,13
1698832800,183.709,183.978,183.669,183.953,3123,12
1698836400,183.954,183.996,183.605,183.634,3944,12
1698840000,183.634,183.802,183.486,183.565,3372,12
1698843600,183.566,183.617,183.437,183.526,3010,12
1698847200,183.528,183.554,183.314,183.377,2892,12
1698850800,183.377,183.522,183.225,183.259,6340,12
1698854400,183.257,183.297,183.006,183.142,5772,12
1698858000,183.13,183.566,183.052,183.463,8762,12
1698861600,183.466,183.612,183.029,183.058,5284,12
1698865200,183.057,183.182,182.982,183.116,3175,12
1698868800,183.116,183.18,182.929,183.025,2728,12
1698872400,182.941,183.228,182.938,183.15,10530,12
1698876000,183.149,183.283,183.101,183.27,7507,14
1698879600,183.279,183.433,183.256,183.392,1733,15
1698883200,183.392,183.392,183.015,183.36,396,51
1698886800,183.354,183.552,183.233,183.294,1250,13
1698890400,183.289,183.462,183.264,183.41,3212,16
1698894000,183.41,183.45,183.257,183.319,4671,13
1698897600,183.323,183.368,183.193,183.232,4297,15
1698901200,183.245,183.252,183.046,183.187,2871,12
1698904800,183.19,183.333,183.166,183.301,2126,14
1698908400,183.301,183.323,183.174,183.193,2422,15
1698912000,183.193,183.297,183.171,183.291,2411,15
1698915600,183.293,183.3,183.094,183.168,2651,13
1698919200,183.164,183.202,182.733,182.995,3511,12
1698922800,183.005,183.112,182.836,182.941,4816,12
1698926400,182.943,183.18,182.792,183.139,5149,12
1698930000,183.14,183.419,183.061,183.295,3534,12
1698933600,183.29,183.401,183.237,183.344,3612,12
1698937200,183.347,183.696,183.187,183.206,7788,12
1698940800,183.208,183.416,183.012,183.265,6382,12
1698944400,183.257,183.349,183.009,183.084,5969,12
1698948000,183.082,183.257,183.038,183.181,4835,12
1698951600,183.179,183.328,183.156,183.328,4051,12
1698955200,183.325,183.516,183.289,183.511,3461,13
1698958800,183.512,183.599,183.474,183.58,2338,13
1698962400,183.58,183.7,183.533,183.684,3472,14
1698966000,183.682,183.719,183.526,183.526,1982,13
1698969600,183.379,183.631,183.378,183.526,573,56
1698973200,183.55,183.629,183.511,183.521,1021,19
1698976800,183.522,183.53,183.431,183.432,1162,14
1698980400,183.432,183.458,183.215,183.307,2068,16
1698984000,183.308,183.439,183.302,183.392,3312,15
1698987600,183.396,183.49,183.377,183.483,3090,14
1698991200,183.484,183.501,183.387,183.41,1901,16
1698994800,183.409,183.433,183.322,183.341,1571,16
1698998400,183.34,183.45,183.322,183.435,2121,16
1699002000,183.435,183.451,183.368,183.443,2259,13
1699005600,183.436,183.522,183.343,183.402,2761,12
1699009200,183.405,183.418,183.255,183.389,2791,14
1699012800,183.389,183.599,183.302,183.582,3238,12
1699016400,183.582,183.648,183.537,183.594,3683,12
1699020000,183.596,183.653,183.522,183.611,2861,12
1699023600,183.612,183.953,183.605,183.947,7732,12
1699027200,183.945,184.252,183.762,184.135,8832,12
1699030800,184.206,184.582,184.15,184.487,9129,12
1699034400,184.488,184.797,184.445,184.778,5697,12
1699038000,184.77,184.909,184.674,184.9,4797,12
1699041600,184.899,185.012,184.847,184.965,3594,12
1699045200,184.965,184.978,184.805,184.858,2310,12
1699048800,184.857,184.942,184.841,184.939,3105,14
1699052400,184.941,184.967,184.71,184.723,2269,16
1699228800,184.737,184.832,184.534,184.711,413,71
1699232400,184.732,184.99,184.732,184.898,2072,18
1699236000,184.898,185.064,184.86,184.926,3559,15
1699239600,184.926,185.102,184.905,184.954,3954,12
1699243200,184.955,185.187,184.949,185.185,2850,14
1699246800,185.184,185.191,185.051,185.098,1575,12
1699250400,185.096,185.2,185.02,185.027,2217,12
1699254000,185.027,185.141,184.968,185.103,2844,14
1699257600,185.102,185.269,185.056,185.226,3032,15
1699261200,185.233,185.431,185.194,185.393,3405,12
1699264800,185.397,185.542,185.18,185.534,4295,12
1699268400,185.534,185.718,185.438,185.568,3946,12
1699272000,185.568,185.851,185.568,185.784,2285,12
1699275600,185.782,185.906,185.7,185.88,2370,12
1699279200,185.881,185.957,185.584,185.589,2706,12
1699282800,185.589,185.696,185.486,185.532,3916,12
1699286400,185.532,185.73,185.48,185.537,4970,12
1699290000,185.537,185.576,185.308,185.507,4771,12
1699293600,185.506,185.645,185.486,185.559,2965,12
1699297200,185.559,185.575,185.33,185.378,1870,12
1699300800,185.378,185.405,185.307,185.328,2165,12
1699304400,185.325,185.335,185.212,185.233,2576,13
1699308000,185.234,185.235,185.095,185.141,2970,15
1699311600,185.14,185.25,185.125,185.222,1860,12
1699315200,184.946,185.211,184.946,185.127,855,62
1699318800,185.127,185.19,185.092,185.129,808,22
1699322400,185.129,185.238,185.09,185.115,2639,18
1699326000,185.114,185.237,185.087,185.175,2795,17
1699329600,185.175,185.246,185.099,185.232,1974,12
1699333200,185.228,185.294,185.156,185.248,3221,15
1699336800,185.248,185.321,185.199,185.254,2196,15
1699340400,185.254,185.36,185.243,185.351,2041,13
1699344000,185.351,185.402,185.262,185.264,2941,14
1699347600,185.262,185.359,185.202,185.313,2728,13
1699351200,185.314,185.453,185.236,185.297,4629,12
1699354800,185.297,185.331,185.018,185.076,3677,12
1699358400,185.079,185.135,184.798,184.867,3495,13
1699362000,184.869,184.922,184.64,184.828,3824,12
1699365600,184.828,185.124,184.805,185.11,3519,12
1699369200,185.11,185.307,185.053,185.212,4123,12
1699372800,185.209,185.247,185.039,185.205,4793,12
1699376400,185.202,185.296,185.06,185.085,4944,12
1699380000,185.085,185.23,184.976,184.976,4259,12
1699383600,184.977,184.997,184.672,184.742,3448,13
1699387200,184.739,184.938,184.694,184.907,3089,12
1699390800,184.905,185.035,184.885,184.972,2727,12
1699394400,184.969,185.012,184.882,184.93,3034,12
1699398000,184.932,185.013,184.864,184.873,1321,13
1699401600,184.786,184.964,184.671,184.928,1163,44
1699405200,184.928,184.952,184.8,184.844,1312,17
1699408800,184.84,185.033,184.802,184.969,2681,12
1699412400,184.969,184.983,184.868,184.944,3263,14
1699416000,184.944,184.978,184.872,184.936,3234,14
1699419600,184.935,184.955,184.771,184.811,1920,13
1699423200,184.81,184.888,184.776,184.869,1707,12
1699426800,184.869,184.912,184.863,184.907,2355,14
1699430400,184.906,185.004,184.883,184.922,2964,14
1699434000,184.933,184.987,184.873,184.913,2650,12
1699437600,184.916,184.94,184.732,184.762,3754,12
1699441200,184.765,184.811,184.542,184.636,3839,12
1699444800,184.634,184.791,184.546,184.785,2975,12
1699448400,184.785,184.949,184.777,184.918,2333,12
1699452000,184.92,185.013,184.852,184.9,2729,12
1699455600,184.899,185.107,184.881,185.064,4188,12
1699459200,185.062,185.308,185.023,185.245,5315,12
1699462800,185.245,185.353,185.141,185.337,5131,12
1699466400,185.337,185.529,185.314,185.427,4579,12
1699470000,185.426,185.506,185.239,185.492,2889,12
1699473600,185.499,185.667,185.459,185.607,3308,12
1699477200,185.609,185.656,185.513,185.513,2435,13
1699480800,185.518,185.56,185.474,185.544,3110,12
1699484400,185.539,185.557,185.432,185.449,2824,14
1699488000,185.449,185.449,185.263,185.334,2239,48
1699491600,185.321,185.38,185.293,185.315,1302,22
1699495200,185.315,185.392,185.254,185.327,2446,12
1699498800,185.329,185.503,185.324,185.398,3609,12
1699502400,185.399,185.483,185.352,185.389,2920,15
1699506000,185.389,185.402,185.315,185.376,2175,16
1699509600,185.376,185.426,185.348,185.404,1401,15
1699513200,185.402,185.463,185.37,185.435,2235,15
1699516800,185.438,185.506,185.264,185.335,3625,13
1699520400,185.337,185.385,185.241,185.35,3218,12
1699524000,185.351,185.681,185.262,185.66,4186,12
1699527600,185.66,185.886,185.614,185.775,3502,12
1699531200,185.772,185.844,185.468,185.486,2957,12
1699534800,185.486,185.516,185.214,185.31,2467,12
1699538400,185.312,185.345,185.189,185.28,3153,12
1699542000,185.282,185.365,185.124,185.261,5033,12
1699545600,185.266,185.436,185.126,185.381,5583,12
1699549200,185.382,185.503,185.321,185.463,5101,12
1699552800,185.463,185.493,185.331,185.43,3439,12
1699556400,185.43,185.446,185.284,185.31,3167,13
1699560000,185.306,185.352,184.983,185.261,6927,12
1699563600,185.256,185.259,184.834,184.915,6778,12
1699567200,184.915,185.006,184.878,184.934,4979,12
1699570800,184.932,185.008,184.929,184.961,1961,15
1699574400,184.961,184.961,184.831,184.893,907,46
1699578000,184.894,184.961,184.864,184.875,1356,12
1699581600,184.875,184.97,184.809,184.925,2492,15
1699585200,184.925,184.969,184.87,184.871,3465,14
1699588800,184.881,184.936,184.841,184.895,2542,15
1699592400,184.894,184.939,184.839,184.931,1950,16
1699596000,184.932,185.07,184.915,185.07,1697,15
1699599600,185.07,185.102,185.03,185.086,1914,15
1699603200,185.087,185.134,185.04,185.062,2493,15
1699606800,185.04,185.213,185.007,185.08,4023,12
1699610400,185.087,185.17,184.955,185.014,4137,12
1699614000,185.015,185.078,184.853,185.018,2987,12
1699617600,185.018,185.135,184.922,185.135,3085,12
1699621200,185.135,185.157,184.828,184.907,2688,12
1699624800,184.903,185.053,184.801,185.009,3018,12
1699628400,185.009,185.039,184.863,185.012,3956,12
1699632000,185.013,185.059,184.798,184.83,4156,12
1699635600,184.739,184.896,184.632,184.738,6686,12
1699639200,184.739,184.987,184.732,184.95,3708,12
1699642800,184.95,185.171,184.906,185.151,3653,12
1699646400,185.151,185.326,185.123,185.238,3367,12
1699650000,185.238,185.33,185.193,185.204,2904,14
1699653600,185.204,185.291,185.168,185.255,2701,15
1699657200,185.252,185.267,185.106,185.106,1954,15
1699833600,184.845,185.201,184.788,185.164,534,88
1699837200,185.172,185.267,185.169,185.223,1507,18
1699840800,185.223,185.379,185.206,185.378,2953,14
1699844400,185.378,185.465,185.321,185.439,3201,13
1699848000,185.439,185.533,185.422,185.498,2143,15
1699851600,185.498,185.499,185.376,185.443,2252,15
1699855200,185.443,185.587,185.441,185.568,1775,13
1699858800,185.568,185.641,185.563,185.612,2261,14
1699862400,185.612,185.744,185.584,185.706,2406,15
1699866000,185.707,185.747,185.606,185.685,2177,12
1699869600,185.684,185.878,185.615,185.815,3576,12
1699873200,185.817,185.909,185.775,185.82,3665,12
1699876800,185.816,185.939,185.695,185.854,2058,12
1699880400,185.854,185.935,185.793,185.862,2288,12
1699884000,185.861,185.87,185.69,185.821,2517,12
1699887600,185.821,185.959,185.763,185.902,3479,12
1699891200,185.902,185.951,185.741,185.884,3859,12
1699894800,185.883,185.934,185.253,185.849,6918,12
1699898400,185.852,185.93,185.734,185.91,3449,13
1699902000,185.911,186.044,185.86,186.024,2190,12
1699905600,186.021,186.106,185.969,186.068,2126,12
1699909200,186.067,186.156,186.013,186.125,2105,13
1699912800,186.124,186.202,186.078,186.157,2666,13
1699916400,186.161,186.309,186.155,186.275,1228,15
1699920000,186.275,186.275,185.948,186.161,1430,42
1699923600,186.161,186.245,186.136,186.211,1031,22
1699927200,186.21,186.318,186.151,186.199,1770,14
1699930800,186.199,186.247,186.175,186.21,1422,15
1699934400,186.21,186.228,186.172,186.195,1522,16
1699938000,186.195,186.216,186.131,186.141,1385,15
1699941600,186.141,186.155,186.101,186.119,1240,12
1699945200,186.119,186.151,186.081,186.123,1175,14
1699948800,186.121,186.239,186.11,186.209,1347,13
1699952400,186.224,186.511,186.212,186.428,3024,12
1699956000,186.428,186.457,186.243,186.333,3535,12
1699959600,186.333,186.627,186.277,186.62,3452,12
1699963200,186.623,186.691,186.38,186.441,2855,12
1699966800,186.44,186.476,186.258,186.327,2193,12
1699970400,186.329,186.546,186.328,186.475,2291,12
1699974000,186.477,187.279,186.205,187.254,8082,12
1699977600,187.251,187.957,187.242,187.854,9263,12
1699981200,187.854,188.117,187.687,187.863,6491,12
1699984800,187.858,188.281,187.842,188.15,5585,12
1699988400,188.152,188.193,187.991,188.131,4397,12
1699992000,188.13,188.132,187.952,187.957,2598,12
1699995600,187.957,187.997,187.904,187.92,2060,12
1699999200,187.921,187.943,187.737,187.814,3361,14
1700002800,187.815,187.966,187.799,187.95,2214,12
1700006400,187.95,188.045,187.682,187.91,1477,44
1700010000,187.917,188.026,187.862,187.993,1550,21
1700013600,187.996,188.178,187.928,188.02,3125,14
1700017200,188.027,188.065,187.866,187.98,3861,14
1700020800,187.97,188.177,187.934,188.164,2771,14
1700024400,188.163,188.175,188.037,188.135,2260,16
1700028000,188.135,188.145,188.054,188.07,1317,12
1700031600,188.07,188.23,188.065,188.151,2030,12
1700035200,188.151,188.213,188.029,188.029,2528,12
1700038800,188.149,188.151,187.804,187.904,3986,12
1700042400,187.902,187.967,187.547,187.561,5314,12
1700046000,187.566,187.621,187.35,187.431,5312,12
1700049600,187.431,187.572,187.356,187.498,3465,12
1700053200,187.496,187.51,187.378,187.416,3064,12
1700056800,187.415,187.523,187.377,187.401,3470,12
1700060400,187.406,187.669,187.178,187.597,7616,12
1700064000,187.598,187.867,187.544,187.559,7740,12
1700067600,187.561,187.781,187.489,187.752,6660,12
1700071200,187.752,187.914,187.713,187.777,4671,12
1700074800,187.777,187.835,187.687,187.776,3050,12
1700078400,187.777,187.954,187.701,187.948,2460,12
1700082000,187.949,187.994,187.899,187.981,2074,13
1700085600,187.98,187.982,187.803,187.89,2817,14
1700089200,187.888,187.969,187.833,187.859,1925,12
1700092800,187.839,187.865,187.626,187.79,1189,72
1700096400,187.799,187.862,187.787,187.814,1338,21
1700100000,187.814,187.906,187.724,187.808,2578,13
1700103600,187.808,187.82,187.472,187.531,2580,14
1700107200,187.531,187.541,187.293,187.333,3288,12
1700110800,187.333,187.441,187.327,187.367,1877,17
1700114400,187.367,187.48,187.361,187.444,1660,13
1700118000,187.446,187.569,187.441,187.533,1779,13
1700121600,187.538,187.642,187.532,187.607,2043,13
1700125200,187.596,187.631,187.33,187.395,3517,12
1700128800,187.391,187.58,187.364,187.577,5144,12
1700132400,187.577,187.707,187.459,187.595,4125,12
1700136000,187.598,187.658,187.467,187.589,2928,12
1700139600,187.589,187.634,187.419,187.572,2787,12
1700143200,187.576,187.604,187.318,187.391,3150,12
1700146800,187.391,187.512,187.221,187.423,6742,12
1700150400,187.422,187.441,187.213,187.242,7141,12
1700154000,187.241,187.337,187.063,187.111,7447,12
1700157600,187.11,187.135,186.821,187.038,6076,12
1700161200,187.039,187.185,186.992,187.005,3278,13
1700164800,187.005,187.046,186.845,186.94,2753,12
1700168400,186.94,187.046,186.926,187.014,2059,12
1700172000,187.013,187.039,186.939,187.033,3093,12
1700175600,187.031,187.148,187.028,187.093,1363,16
1700179200,187.093,187.105,186.77,187.091,1199,44
1700182800,187.091,187.134,187.033,187.078,985,22
1700186400,187.078,187.133,186.959,186.973,3042,13
1700190000,186.968,187.056,186.907,186.96,3375,15
1700193600,186.961,186.973,186.623,186.72,2333,12
1700197200,186.718,186.887,186.694,186.787,1931,15
1700200800,186.787,186.834,186.735,186.788,1646,14
1700204400,186.788,187.005,186.788,186.993,2528,12
1700208000,186.993,187.047,186.914,186.97,2186,14
1700211600,186.97,186.97,186.235,186.308,4191,12
1700215200,186.308,186.308,185.419,185.45,6366,12
1700218800,185.453,185.737,185.313,185.661,6455,12
1700222400,185.661,185.804,185.52,185.554,5677,12
1700226000,185.551,185.826,185.492,185.817,4233,12
1700229600,185.817,185.844,185.517,185.636,4003,12
1700233200,185.636,185.902,185.524,185.859,5415,12
1700236800,185.859,185.906,185.787,185.892,821,13
1700244000,185.963,186.188,185.93,186.185,5062,12
1700247600,186.185,186.249,186.131,186.156,2389,12
1700251200,186.156,186.396,186.138,186.351,2264,12
1700254800,186.351,186.367,186.246,186.28,2471,12
1700258400,186.279,186.521,186.275,186.507,2794,12
1700262000,186.504,186.558,186.185,186.287,1506,12
1700438400,186.274,186.439,186.062,186.423,685,74
1700442000,186.392,186.751,186.392,186.74,2649,17
1700445600,186.738,186.78,186.48,186.52,3942,15
1700449200,186.512,186.53,186.23,186.41,5717,12
1700452800,186.412,186.476,185.88,186.002,5493,13
1700456400,186.001,186.07,185.823,185.897,5173,14
1700460000,185.895,186.007,185.754,185.972,4339,12
1700463600,185.97,186.12,185.958,186.052,3748,15
1700467200,186.052,186.157,185.997,186.068,4019,12
1700470800,186.069,186.148,185.7,185.754,4043,12
1700474400,185.757,186.002,185.543,185.569,5716,12
1700478000,185.568,185.639,185.075,185.401,6100,12
1700481600,185.397,185.399,184.952,184.976,3672,12
1700485200,184.979,184.994,184.623,184.823,3713,12
1700488800,184.823,185.083,184.792,184.971,3608,12
1700492400,184.966,185.295,184.94,185.235,4293,12
1700496000,185.241,185.418,185.18,185.418,5205,12
1700499600,185.418,185.494,185.194,185.348,4381,12
1700503200,185.347,185.472,185.283,185.389,3301,12
1700506800,185.388,185.515,185.349,185.442,2510,12
1700510400,185.442,185.591,185.358,185.565,4257,12
1700514000,185.561,185.612,185.486,185.542,2543,12
1700517600,185.537,185.6,185.509,185.511,2496,15
1700521200,185.515,185.622,185.504,185.511,1603,13
1700524800,185.511,185.511,185.289,185.429,1041,35
1700528400,185.429,185.595,185.391,185.592,1064,22
1700532000,185.592,185.632,185.246,185.247,3970,16
1700535600,185.25,185.386,185.15,185.266,6305,12
1700539200,185.255,185.419,185.081,185.163,5342,15
1700542800,185.165,185.24,184.713,184.778,4455,13
1700546400,184.776,184.89,184.578,184.738,3005,12
1700550000,184.739,185.167,184.72,185.107,4904,12
1700553600,185.107,185.158,184.908,184.962,4137,13
1700557200,184.959,184.969,184.63,184.747,4985,12
1700560800,184.742,184.917,184.459,184.757,6303,12
1700564400,184.757,185.226,184.719,185.166,4550,12
1700568000,185.165,185.188,185.047,185.099,3674,12
1700571600,185.102,185.201,184.998,185.069,3051,12
1700575200,185.069,185.118,184.943,184.991,3255,12
1700578800,184.993,185.25,184.933,185.107,6021,12
1700582400,185.106,185.259,184.935,185.088,6179,12
1700586000,185.072,185.309,184.965,185.278,6746,12
1700589600,185.278,185.421,185.241,185.4,4601,12
1700593200,185.4,185.648,185.384,185.641,2742,12
1700596800,185.637,185.878,185.555,185.716,4008,12
1700600400,185.749,186.086,185.749,185.992,4822,12
1700604000,185.991,186.032,185.861,186.009,3080,12
1700607600,186.007,186.06,185.966,186.031,1820,12
1700611200,186.031,186.031,185.762,185.777,995,52
1700614800,185.773,185.916,185.624,185.82,1792,12
1700618400,185.806,185.994,185.747,185.963,3746,14
1700622000,185.962,185.974,185.768,185.892,5403,14
1700625600,185.892,185.949,185.774,185.882,3863,13
1700629200,185.882,185.93,185.736,185.838,2686,15
1700632800,185.838,186.0,185.786,185.987,2353,15
1700636400,185.99,186.369,185.99,186.316,4068,14
1700640000,186.313,186.528,186.287,186.446,4990,12
1700643600,186.441,186.627,186.373,186.593,4271,12
1700647200,186.599,186.88,186.537,186.84,5403,12
1700650800,186.84,187.017,186.711,186.816,4737,12
1700654400,186.814,186.86,186.525,186.548,3117,12
1700658000,186.548,186.548,186.313,186.481,3744,12
1700661600,186.481,186.602,186.361,186.453,3800,13
1700665200,186.453,186.77,186.198,186.769,6845,12
1700668800,186.769,186.79,186.315,186.379,6740,12
1700672400,186.259,186.579,186.259,186.48,6495,12
1700676000,186.48,186.579,186.404,186.577,4016,12
1700679600,186.577,186.755,186.571,186.704,3194,13
1700683200,186.699,186.935,186.699,186.927,2264,12
1700686800,186.929,186.941,186.798,186.829,1571,12
1700690400,186.828,186.925,186.803,186.925,2509,14
1700694000,186.922,186.945,186.81,186.815,1476,15
1700697600,186.744,186.821,186.642,186.789,728,45
1700701200,186.777,186.809,186.654,186.655,829,22
1700704800,186.655,186.655,186.465,186.506,2112,15
1700708400,186.505,186.507,186.34,186.402,3414,12
1700712000,186.403,186.448,186.279,186.446,3029,12
1700715600,186.448,186.584,186.437,186.483,2313,15
1700719200,186.482,186.513,186.444,186.479,1554,17
1700722800,186.479,186.536,186.335,186.401,1882,15
1700726400,186.401,186.478,186.334,186.453,3225,14
1700730000,186.453,186.706,186.429,186.688,2909,13
1700733600,186.687,186.989,186.605,186.654,4800,12
1700737200,186.655,187.627,186.578,187.41,4731,12
1700740800,187.41,187.434,187.213,187.285,2687,12
1700744400,187.283,187.447,187.181,187.393,1877,12
1700748000,187.393,187.448,187.297,187.418,2249,12
1700751600,187.415,187.531,187.376,187.39,2977,12
1700755200,187.39,187.525,187.331,187.447,3043,12
1700758800,187.447,187.582,187.408,187.446,2806,12
1700762400,187.443,187.55,187.413,187.497,1733,12
1700766000,187.497,187.504,187.44,187.488,1361,15
1700769600,187.49,187.515,187.454,187.491,534,16
1700773200,187.491,187.512,187.439,187.461,569,15
1700776800,187.461,187.492,187.415,187.46,1373,21
1700780400,187.462,187.491,187.406,187.443,435,22
1700784000,187.443,187.443,187.233,187.248,557,58
1700787600,187.248,187.53,187.248,187.526,1259,24
1700791200,187.512,187.638,187.393,187.475,3634,16
1700794800,187.474,187.572,187.378,187.38,4030,18
1700798400,187.371,187.422,187.276,187.288,2414,15
1700802000,187.286,187.403,187.285,187.403,2348,14
1700805600,187.403,187.403,187.222,187.244,2150,17
1700809200,187.244,187.282,187.127,187.234,3303,15
1700812800,187.239,187.304,187.093,187.284,2725,15
1700816400,187.289,187.33,187.168,187.256,2756,14
1700820000,187.258,187.815,187.212,187.8,4184,12
1700823600,187.796,187.878,187.65,187.772,3873,12
1700827200,187.769,187.921,187.687,187.892,3003,13
1700830800,187.892,188.015,187.82,187.972,2402,13
1700834400,187.973,188.063,187.908,188.061,2843,13
1700838000,188.06,188.151,187.973,188.136,4040,13
1700841600,188.136,188.431,188.113,188.35,5046,13
1700845200,188.353,188.586,188.336,188.553,4458,12
1700848800,188.554,188.654,188.438,188.449,2989,13
1700852400,188.449,188.541,188.401,188.505,2489,12
1700856000,188.506,188.539,188.425,188.441,771,15
1700859600,188.441,188.475,188.275,188.464,2986,22
1700863200,188.462,188.5,188.286,188.463,2686,15
1700866800,188.46,188.491,188.166,188.166,1066,27
1701043200,188.158,188.467,188.138,188.418,406,73
1701046800,188.418,188.491,188.386,188.45,1683,17
1701050400,188.446,188.518,188.257,188.279,2958,15
1701054000,188.279,188.296,187.896,187.922,5622,16
1701057600,187.922,187.978,187.838,187.894,4350,16
1701061200,187.896,187.913,187.594,187.791,3667,17
1701064800,187.791,187.871,187.645,187.838,3066,16
1701068400,187.838,188.076,187.801,188.058,3407,16
1701072000,188.059,188.131,187.86,187.981,3818,12
1701075600,187.987,188.086,187.763,188.023,3627,12
1701079200,188.021,188.1,187.928,187.964,4582,12
1701082800,187.959,188.263,187.89,188.227,3903,12
1701086400,188.228,188.24,188.013,188.074,3845,12
1701090000,188.073,188.315,187.997,188.288,2703,12
1701093600,188.289,188.339,188.045,188.087,3818,12
1701097200,188.091,188.104,187.764,187.871,5772,13
1701100800,187.87,188.024,187.68,187.809,5326,13
1701104400,187.809,187.812,187.656,187.714,5929,12
1701108000,187.722,187.868,187.707,187.747,4441,12
1701111600,187.747,187.835,187.63,187.73,2736,12
1701115200,187.73,187.818,187.654,187.759,2669,12
1701118800,187.76,187.78,187.635,187.721,1750,15
1701122400,187.721,187.733,187.616,187.701,1766,15
1701126000,187.699,187.775,187.667,187.708,1167,12
1701129600,187.708,187.772,187.525,187.657,799,29
1701133200,187.672,187.719,187.403,187.508,2163,15
1701136800,187.51,187.514,187.096,187.176,4650,13
1701140400,187.175,187.375,187.102,187.237,4839,15
1701144000,187.237,187.33,187.047,187.102,3387,15
1701147600,187.108,187.318,187.084,187.207,2966,15
1701151200,187.203,187.24,187.097,187.151,2358,17
1701154800,187.151,187.296,187.148,187.213,2799,14
1701158400,187.213,187.335,187.119,187.321,3240,15
1701162000,187.321,187.376,187.189,187.294,3935,12
1701165600,187.294,187.861,187.293,187.743,5808,12
1701169200,187.742,187.748,187.533,187.576,3809,13
1701172800,187.573,187.869,187.573,187.767,2919,12
1701176400,187.775,187.786,187.43,187.508,2455,14
1701180000,187.509,187.527,187.275,187.364,3631,12
1701183600,187.366,187.606,187.31,187.559,5943,12
1701187200,187.561,187.687,187.479,187.613,7542,12
1701190800,187.613,187.718,187.504,187.537,8730,12
1701194400,187.539,187.547,187.126,187.377,7322,12
1701198000,187.376,187.412,187.228,187.274,5388,12
1701201600,187.27,187.29,187.143,187.232,4622,12
1701205200,187.231,187.241,187.115,187.202,3808,12
1701208800,187.201,187.23,187.068,187.209,4115,15
1701212400,187.205,187.284,187.143,187.193,2161,16
1701216000,187.176,187.22,187.046,187.157,934,46
1701219600,187.159,187.202,186.811,186.946,2960,12
1701223200,186.946,187.07,186.644,186.671,5841,12
1701226800,186.673,186.881,186.613,186.84,7142,12
1701230400,186.834,187.044,186.716,187.016,4336,14
1701234000,187.017,187.258,186.938,187.165,3735,16
1701237600,187.165,187.168,186.964,187.0,3523,12
1701241200,187.0,187.083,186.787,187.058,4703,14
1701244800,187.059,187.183,186.969,187.092,5634,12
1701248400,187.092,187.11,186.838,187.093,4758,12
1701252000,187.089,187.386,186.899,186.992,6287,12
1701255600,186.991,187.206,186.869,187.117,5531,12
1701259200,187.117,187.487,186.968,187.439,4169,12
1701262800,187.445,187.45,187.208,187.303,3839,12
1701266400,187.305,187.481,187.216,187.383,4066,12
1701270000,187.389,187.533,187.152,187.399,7810,12
1701273600,187.399,187.516,187.138,187.16,7357,12
1701277200,187.158,187.253,186.895,187.132,8366,12
1701280800,187.132,187.168,186.684,186.987,4744,12
1701284400,186.987,187.065,186.945,186.983,3908,12
1701288000,186.983,187.205,186.953,187.15,2956,12
1701291600,187.149,187.23,187.058,187.1,2549,12
1701295200,187.101,187.145,186.925,186.972,4083,14
1701298800,186.953,187.016,186.851,186.889,1936,14
1701302400,186.842,186.842,186.608,186.672,1090,12
1701306000,186.656,186.744,186.427,186.679,1684,17
1701309600,186.678,186.797,186.486,186.695,4208,13
1701313200,186.696,186.809,186.581,186.625,5234,14
1701316800,186.625,186.821,186.601,186.75,4118,17
1701320400,186.75,186.87,186.738,186.776,2906,15
1701324000,186.776,186.854,186.69,186.746,2936,16
1701327600,186.745,186.757,186.633,186.705,3538,15
1701331200,186.703,186.834,186.624,186.718,3702,16
1701334800,186.726,186.785,186.577,186.668,4653,12
1701338400,186.67,186.916,186.237,186.381,6006,12
1701342000,186.378,186.604,186.228,186.454,5973,12
1701345600,186.456,186.66,186.456,186.58,4764,12
1701349200,186.575,186.733,186.555,186.69,3767,14
1701352800,186.69,186.792,186.594,186.629,3489,13
1701356400,186.64,186.756,186.487,186.701,8017,12
1701360000,186.7,187.325,186.683,187.303,9434,12
1701363600,187.303,187.559,186.917,187.11,8799,12
1701367200,187.103,187.188,186.82,186.866,7183,12
1701370800,186.866,187.043,186.769,187.031,3656,12
1701374400,187.031,187.096,186.98,187.078,3410,12
1701378000,187.079,187.101,187.005,187.087,2809,14
1701381600,187.087,187.166,186.999,187.12,3504,13
1701385200,187.122,187.154,187.041,187.064,2275,13
1701388800,187.011,187.076,186.873,187.064,1185,61
1701392400,187.051,187.072,186.866,186.928,1512,22
1701396000,186.925,186.972,186.77,186.817,4893,15
1701399600,186.818,186.962,186.669,186.885,5559,16
1701403200,186.887,187.158,186.859,187.153,3918,14
1701406800,187.153,187.221,187.067,187.135,4087,14
1701410400,187.133,187.169,187.059,187.155,2560,17
1701414000,187.156,187.232,187.13,187.203,3949,15
1701417600,187.2,187.353,187.118,187.295,3762,15
1701421200,187.287,187.351,187.177,187.346,3785,12
1701424800,187.346,187.513,187.083,187.14,5512,12
1701428400,187.14,187.3,187.043,187.295,4565,12
1701432000,187.297,187.31,187.091,187.174,3183,12
1701435600,187.174,187.434,187.118,187.323,2761,12
1701439200,187.323,187.483,187.261,187.387,3760,14
1701442800,187.391,187.416,187.085,187.149,5838,12
1701446400,187.151,187.169,186.798,186.829,6574,12
1701450000,186.826,186.826,186.186,186.5,9516,12
1701453600,186.5,186.698,186.299,186.388,9897,12
1701457200,186.387,186.546,186.331,186.416,5795,13
1701460800,186.418,186.637,186.377,186.542,4644,12
1701464400,186.543,186.603,186.458,186.489,3316,13
1701468000,186.49,186.654,186.481,186.65,2612,15
1701471600,186.654,186.66,186.518,186.531,1685,14
1701648000,186.128,186.488,186.031,186.343,591,128
1701651600,186.361,186.417,185.998,186.028,7305,17
1701655200,186.026,186.082,185.517,185.716,7087,13
1701658800,185.716,185.952,185.688,185.885,7379,12
1701662400,185.886,185.926,185.769,185.903,5272,12
1701666000,185.906,186.04,185.843,186.02,4640,12
1701669600,186.019,186.105,185.944,186.049,3891,13
1701673200,186.05,186.146,186.023,186.111,3884,13
1701676800,186.108,186.121,185.877,186.012,4504,13
1701680400,186.006,186.13,185.844,186.118,5591,12
1701684000,186.107,186.332,185.91,185.993,6789,12
1701687600,185.994,185.994,185.731,185.814,6219,12
1701691200,185.816,185.855,185.51,185.636,4820,12
1701694800,185.641,185.92,185.605,185.855,4797,12
1701698400,185.863,185.922,185.738,185.807,4306,12
1701702000,185.806,185.883,185.586,185.61,6530,12
1701705600,185.609,185.635,185.385,185.401,8198,12
1701709200,185.391,185.529,185.067,185.496,9336,12
1701712800,185.496,185.894,185.447,185.846,6452,12
1701716400,185.849,185.901,185.774,185.854,3887,12
1701720000,185.857,185.91,185.798,185.805,3733,12
1701723600,185.808,185.942,185.797,185.911,3165,12
1701727200,185.911,186.048,185.908,186.041,4160,14
1701730800,186.039,186.043,185.915,185.95,2122,13
1701734400,185.782,185.884,185.695,185.804,709,33
1701738000,185.8,186.133,185.791,186.088,2879,12
1701741600,186.088,186.182,185.814,185.859,5606,14
1701745200,185.862,186.05,185.83,185.947,5713,12
1701748800,185.945,185.981,185.869,185.976,3829,15
1701752400,185.98,185.99,185.845,185.919,4092,12
1701756000,185.919,185.977,185.852,185.963,3266,15
1701759600,185.963,185.963,185.798,185.818,3412,13
1701763200,185.816,185.82,185.383,185.605,4848,12
1701766800,185.593,185.593,185.057,185.147,5408,12
1701770400,185.145,185.677,185.104,185.653,6880,12
1701774000,185.656,185.891,185.607,185.752,5489,12
1701777600,185.747,185.948,185.734,185.775,4001,12
1701781200,185.772,185.841,185.497,185.571,4042,13
1701784800,185.571,185.769,185.564,185.577,4106,13
1701788400,185.576,185.673,185.445,185.486,6013,12
1701792000,185.485,185.606,185.392,185.569,6850,12
1701795600,185.535,185.76,185.295,185.532,10645,12
1701799200,185.533,185.562,185.296,185.372,6387,12
1701802800,185.374,185.436,185.274,185.306,4108,12
1701806400,185.303,185.409,185.266,185.374,3365,13
1701810000,185.372,185.409,185.255,185.278,2880,14
1701813600,185.28,185.401,185.223,185.372,3576,12
1701817200,185.37,185.399,185.252,185.252,1837,12
1701820800,185.224,185.308,185.045,185.169,1161,75
1701824400,185.171,185.359,185.171,185.356,1389,21
1701828000,185.356,185.523,185.289,185.509,3890,14
1701831600,185.507,185.669,185.392,185.582,4295,13
1701835200,185.582,185.723,185.53,185.714,3740,15
1701838800,185.714,185.781,185.641,185.713,2854,18
1701842400,185.713,185.783,185.64,185.65,2450,18
1701846000,185.648,185.687,185.554,185.596,3061,16
1701849600,185.595,185.596,185.391,185.398,3280,16
1701853200,185.394,185.394,185.159,185.283,4554,13
1701856800,185.282,185.468,185.133,185.39,5878,12
1701860400,185.39,185.655,185.374,185.618,5107,12
1701864000,185.62,185.799,185.559,185.678,4194,13
1701867600,185.678,185.693,185.484,185.526,3334,12
1701871200,185.525,185.587,185.355,185.411,3707,13
1701874800,185.404,185.491,185.193,185.296,7231,12
1701878400,185.293,185.503,185.29,185.36,6669,12
1701882000,185.353,185.473,185.227,185.382,6991,12
1701885600,185.38,185.498,185.216,185.223,4941,12
1701889200,185.223,185.301,185.099,185.205,3975,12
1701892800,185.204,185.232,185.076,185.192,3250,13
1701896400,185.194,185.197,185.022,185.081,2851,13
1701900000,185.08,185.094,184.982,185.024,3132,16
1701903600,185.022,185.075,184.987,184.991,1785,13
1701907200,184.906,184.945,184.711,184.883,824,55
1701910800,184.883,184.978,184.781,184.823,1860,18
1701914400,184.823,184.823,184.598,184.747,4003,15
1701918000,184.753,184.775,184.395,184.474,5316,14
1701921600,184.473,184.512,184.256,184.358,4662,15
1701925200,184.358,184.484,184.179,184.285,3414,15
1701928800,184.285,184.365,184.067,184.118,3332,15
1701932400,184.11,184.214,183.847,183.9,4761,13
1701936000,183.899,184.014,183.54,183.712,6205,14
1701939600,183.709,183.709,183.092,183.311,7692,12
1701943200,183.32,183.321,182.345,182.759,8394,12
1701946800,182.76,182.782,182.262,182.318,7275,12
1701950400,182.31,182.517,181.879,182.329,6694,12
1701954000,182.328,182.663,182.267,182.3,6109,12
1701957600,182.298,182.556,182.1,182.169,6160,12
1701961200,182.169,182.416,181.997,182.246,8042,12
1701964800,182.243,182.254,181.351,181.5,8279,12
1701968400,181.51,181.761,180.979,181.096,9408,12
1701972000,181.097,181.403,180.901,181.255,7493,12
1701975600,181.251,181.421,178.535,180.559,8033,12
1701979200,180.571,180.907,180.193,180.754,7481,12
1701982800,180.756,180.858,180.572,180.641,4683,12
1701986400,180.635,180.942,180.586,180.932,4109,14
1701990000,180.933,181.544,180.917,181.452,3328,12
1701993600,181.373,181.588,181.067,181.523,688,43
1701997200,181.523,181.661,181.053,181.55,4323,18
1702000800,181.549,181.624,180.095,180.351,9461,12
1702004400,180.351,180.858,179.534,180.522,10070,12
1702008000,180.503,180.7,180.119,180.592,6035,12
1702011600,180.592,181.489,180.582,181.026,6048,12
1702015200,181.027,181.248,180.809,180.925,5676,13
1702018800,180.933,181.329,180.794,181.166,5455,12
1702022400,181.165,181.445,181.034,181.345,5712,13
1702026000,181.341,181.579,180.839,181.048,7229,12
1702029600,181.048,181.267,180.632,180.954,8168,12
1702033200,180.954,181.397,180.901,181.174,7224,12
1702036800,181.171,181.778,181.106,181.718,5056,12
1702040400,181.715,182.034,181.668,181.702,4646,12
1702044000,181.702,181.719,181.402,181.524,4566,13
1702047600,181.521,181.735,180.732,180.894,10684,12
1702051200,180.893,181.198,180.582,180.602,10942,12
1702054800,180.521,181.291,180.451,181.287,9892,12
1702058400,181.278,181.64,181.111,181.628,6364,12
1702062000,181.627,181.738,181.454,181.66,5643,14
1702065600,181.655,181.943,181.632,181.908,4149,12
1702069200,181.907,181.935,181.81,181.927,3460,12
1702072800,181.926,181.944,181.813,181.917,4033,16
1702076400,181.916,181.943,181.644,181.807,2437,17
1702252800,181.775,181.924,181.505,181.908,535,110
1702256400,181.908,182.033,181.712,182.01,3280,16
1702260000,182.008,182.478,181.92,182.439,6427,12
1702263600,182.44,182.702,182.368,182.463,7264,12
1702267200,182.463,182.583,182.329,182.38,4814,14
1702270800,182.38,182.401,182.257,182.361,3272,13
1702274400,182.362,182.613,182.36,182.536,3251,13
1702278000,182.536,182.59,182.401,182.549,3518,14
1702281600,182.551,182.746,182.389,182.415,4380,12
1702285200,182.41,183.607,182.324,183.56,7196,12
1702288800,183.566,183.705,183.296,183.53,7936,12
1702292400,183.535,183.714,183.303,183.516,4988,12
1702296000,183.515,183.885,183.476,183.846,4075,12
1702299600,183.855,184.028,183.78,184.012,4645,12
1702303200,183.997,184.319,183.968,184.079,4463,12
1702306800,184.076,184.16,183.857,184.04,5440,12
1702310400,184.04,184.04,183.596,183.787,6199,12
1702314000,183.797,184.064,183.721,183.753,5809,12
1702317600,183.746,183.88,183.658,183.718,5030,12
1702321200,183.717,183.849,183.587,183.663,3804,12
1702324800,183.665,183.722,183.562,183.715,4620,14
1702328400,183.715,183.715,183.475,183.487,2707,13
1702332000,183.487,183.637,183.481,183.579,3137,14
1702335600,183.579,183.584,183.444,183.475,1821,14
1702339200,183.475,183.546,183.295,183.475,443,51
1702342800,183.475,183.477,183.329,183.33,1483,18
1702346400,183.327,183.437,183.006,183.142,6196,14
1702350000,183.137,183.226,182.898,183.11,5415,14
1702353600,183.109,183.245,183.03,183.2,3701,13
1702357200,183.201,183.211,183.032,183.087,3890,15
1702360800,183.084,183.159,182.988,183.009,2953,14
1702364400,183.009,183.11,182.765,182.815,3627,16
1702368000,182.815,182.978,182.783,182.86,3822,15
1702371600,182.859,182.941,182.561,182.724,4294,12
1702375200,182.727,182.964,182.505,182.658,5941,13
1702378800,182.658,182.773,182.483,182.706,4321,12
1702382400,182.707,182.84,182.608,182.687,3915,12
1702386000,182.687,182.702,182.269,182.493,3785,12
1702389600,182.491,182.516,182.368,182.481,4115,12
1702393200,182.481,183.008,182.44,182.686,9450,12
1702396800,182.681,182.836,182.328,182.455,9109,12
1702400400,182.459,182.934,182.445,182.931,7123,12
1702404000,182.929,182.997,182.494,182.517,5578,12
1702407600,182.518,182.91,182.506,182.729,4686,12
1702411200,182.729,182.989,182.631,182.925,4269,12
1702414800,182.926,183.012,182.881,182.906,2344,13
1702418400,182.906,182.974,182.822,182.877,3243,14
1702422000,182.874,182.906,182.71,182.713,1908,14
1702425600,182.713,182.825,182.597,182.714,858,28
1702429200,182.714,182.78,182.49,182.611,2080,17
1702432800,182.608,182.855,182.573,182.74,4917,12
1702436400,182.742,182.785,182.553,182.579,4632,14
1702440000,182.58,182.721,182.508,182.694,3696,14
1702443600,182.694,182.817,182.69,182.783,3286,13
1702447200,182.782,182.842,182.714,182.812,2615,14
1702450800,182.81,182.834,182.673,182.782,3406,12
1702454400,182.78,183.14,182.747,183.09,4584,14
1702458000,183.114,183.119,182.52,182.565,4932,12
1702461600,182.564,182.852,182.489,182.767,5196,12
1702465200,182.76,182.763,182.518,182.671,4618,12
1702468800,182.67,182.689,182.249,182.282,4387,12
1702472400,182.283,182.449,182.257,182.427,3941,12
1702476000,182.427,182.498,182.275,182.362,3863,12
1702479600,182.362,182.593,182.1,182.105,7041,12
1702483200,182.103,182.103,181.698,181.747,7604,12
1702486800,181.747,182.048,181.702,181.808,6543,12
1702490400,181.808,181.957,181.686,181.819,4549,12
1702494000,181.819,181.825,181.551,181.57,2857,12
1702497600,181.57,181.679,181.481,181.491,3600,13
1702501200,181.474,181.526,180.437,180.735,13903,12
1702504800,180.727,180.774,180.184,180.52,11243,12
1702508400,180.52,180.683,180.254,180.285,5297,12
1702512000,180.212,180.228,179.285,179.893,1777,77
1702515600,179.895,180.272,179.618,180.203,4785,18
1702519200,180.203,180.394,179.651,179.694,8054,12
1702522800,179.695,179.973,179.516,179.891,8373,12
1702526400,179.897,179.972,179.275,179.493,7327,12
1702530000,179.497,179.517,178.324,178.81,8248,12
1702533600,178.807,179.184,178.755,179.079,5941,14
1702537200,179.083,179.264,178.641,178.679,6184,12
1702540800,178.678,179.281,178.623,178.974,6170,13
1702544400,178.961,179.397,178.787,179.213,8145,12
1702548000,179.206,179.324,178.702,179.29,8715,12
1702551600,179.293,179.462,179.031,179.217,7365,12
1702555200,179.22,179.553,179.154,179.229,6266,12
1702558800,179.225,179.303,178.915,179.066,6613,12
1702562400,179.044,180.468,179.044,180.097,7878,12
1702566000,180.1,180.659,179.924,180.544,11302,12
1702569600,180.544,180.813,180.304,180.574,11139,12
1702573200,180.575,180.92,180.388,180.769,9862,12
1702576800,180.77,180.843,180.61,180.684,8031,12
1702580400,180.685,181.211,180.654,181.015,6380,12
1702584000,181.015,181.098,180.719,180.893,5258,12
1702587600,180.893,181.108,180.847,181.052,4756,12
1702591200,181.052,181.103,180.963,181.094,5184,12
1702594800,181.092,181.192,181.004,181.052,2930,12
1702598400,181.052,181.143,180.957,181.057,504,72
1702602000,181.068,181.739,181.042,181.695,4024,18
1702605600,181.687,181.724,181.366,181.403,6038,12
1702609200,181.403,181.565,181.263,181.559,5556,12
1702612800,181.555,181.627,181.109,181.322,5954,14
1702616400,181.323,181.358,181.01,181.141,4580,12
1702620000,181.151,181.179,180.874,180.947,4987,12
1702623600,180.946,181.115,180.748,181.027,5499,15
1702627200,181.014,181.351,180.971,181.199,5774,13
1702630800,181.189,181.29,181.051,181.27,6097,12
1702634400,181.266,181.337,180.548,180.646,8813,12
1702638000,180.643,181.133,180.459,181.106,6753,12
1702641600,181.106,181.191,180.887,181.085,5210,12
1702645200,181.085,181.158,180.858,181.021,4827,12
1702648800,181.021,181.049,180.481,180.591,4654,13
1702652400,180.591,181.088,180.409,180.891,8829,12
1702656000,180.888,180.917,180.064,180.258,9913,12
1702659600,180.256,180.264,179.811,179.993,8827,12
1702663200,179.993,180.236,179.833,180.186,5716,12
1702666800,180.185,180.556,180.185,180.454,4521,12
1702670400,180.454,180.46,180.16,180.22,5106,12
1702674000,180.218,180.49,180.044,180.417,4764,12
1702677600,180.417,180.461,180.252,180.269,5456,12
1702681200,180.275,180.355,180.067,180.12,3386,12
1702857600,180.179,180.184,179.839,180.154,366,130
1702861200,180.154,180.365,180.154,180.343,2047,17
1702864800,180.33,180.575,180.173,180.205,5973,14
1702868400,180.203,180.55,180.203,180.385,5186,13
1702872000,180.385,180.635,180.325,180.511,3912,13
1702875600,180.511,180.56,180.397,180.473,3559,12
1702879200,180.473,180.591,180.427,180.469,2642,12
1702882800,180.469,180.555,180.451,180.494,3232,14
1702886400,180.494,180.59,180.397,180.543,4123,14
1702890000,180.538,180.837,180.433,180.691,4861,12
1702893600,180.689,180.886,180.532,180.621,5423,12
1702897200,180.618,180.661,180.37,180.486,4811,12
1702900800,180.485,180.877,180.48,180.775,4919,12
1702904400,180.775,180.842,180.476,180.63,4040,12
1702908000,180.635,180.886,180.573,180.748,4285,12
1702911600,180.748,180.912,180.694,180.9,6008,12
1702915200,180.905,181.17,180.877,181.086,5859,12
1702918800,181.086,181.106,180.763,180.951,5863,12
1702922400,180.951,181.014,180.661,180.675,4520,12
1702926000,180.675,180.835,180.588,180.829,3582,12
1702929600,180.83,180.836,180.612,180.686,2957,14
1702933200,180.686,180.725,180.595,180.601,2294,14
1702936800,180.601,180.763,180.598,180.736,4100,15
1702940400,180.733,180.778,180.543,180.543,2260,14
1702944000,180.543,180.653,180.339,180.613,703,39
1702947600,180.613,180.654,180.408,180.535,1996,20
1702951200,180.535,180.535,180.033,180.358,5505,12
1702954800,180.359,180.396,180.163,180.357,5068,14
1702958400,180.357,181.879,180.298,181.815,5088,14
1702962000,181.817,181.954,181.363,181.686,5941,12
1702965600,181.687,181.778,181.389,181.591,3365,15
1702969200,181.591,181.755,181.526,181.634,3051,12
1702972800,181.631,181.945,180.277,181.827,5979,12
1702976400,181.825,182.636,181.818,182.62,7185,12
1702980000,182.624,183.49,182.599,183.342,5823,12
1702983600,183.34,183.601,183.217,183.54,5245,12
1702987200,183.538,184.171,183.423,183.997,5101,12
1702990800,183.997,184.099,183.739,183.911,4281,12
1702994400,183.909,184.021,183.697,183.792,4375,12
1702998000,183.79,184.063,183.597,183.863,6301,12
1703001600,183.866,183.999,183.575,183.579,6363,12
1703005200,183.58,183.58,183.1,183.181,7259,12
1703008800,183.179,183.31,183.081,183.103,4613,12
1703012400,183.106,183.23,183.031,183.172,3273,12
1703016000,183.172,183.228,183.056,183.097,3102,13
1703019600,183.097,183.159,183.032,183.083,2206,14
1703023200,183.074,183.155,182.973,183.073,3298,13
1703026800,183.072,183.16,183.01,183.081,1881,16
1703030400,182.876,183.162,182.876,183.098,1191,87
1703034000,183.101,183.272,183.065,183.2,2365,22
1703037600,183.206,183.326,182.953,183.019,4645,13
1703041200,183.017,183.111,182.854,182.943,4847,12
1703044800,182.945,183.159,182.908,183.071,2882,16
1703048400,183.071,183.101,182.702,182.766,2878,13
1703052000,182.765,182.822,182.412,182.544,3459,15
1703055600,182.544,182.793,182.48,182.66,3263,13
1703059200,182.66,182.819,182.559,182.612,3664,12
1703062800,182.612,182.612,181.271,181.766,6490,12
1703066400,181.774,181.877,181.625,181.803,6318,12
1703070000,181.794,181.831,181.439,181.818,4717,14
1703073600,181.823,181.832,181.376,181.397,3342,12
1703077200,181.394,181.533,181.35,181.37,3657,12
1703080800,181.368,181.73,181.268,181.438,4355,12
1703084400,181.433,181.689,181.363,181.485,5088,12
1703088000,181.484,181.82,181.482,181.739,5511,12
1703091600,181.737,182.053,181.65,182.009,6424,12
1703095200,182.011,182.271,181.975,181.978,4838,12
1703098800,181.976,182.323,181.917,182.306,3530,13
1703102400,182.306,182.352,182.069,182.122,3364,12
1703106000,182.119,182.146,181.791,181.797,2802,14
1703109600,181.792,181.828,181.43,181.499,7557,15
1703113200,181.496,181.509,181.355,181.43,3657,15
1703116800,181.186,181.273,181.074,181.225,1559,130
1703120400,181.225,181.388,181.187,181.383,2744,12
1703124000,181.379,181.401,181.152,181.258,3967,17
1703127600,181.258,181.341,180.69,180.783,4639,13
1703131200,180.783,180.795,180.502,180.518,4842,16
1703134800,180.519,180.699,180.43,180.521,3406,16
1703138400,180.522,180.658,180.497,180.575,3140,15
1703142000,180.575,180.879,180.55,180.799,2991,19
1703145600,180.799,180.878,180.58,180.786,3884,15
1703149200,180.787,181.099,180.686,181.0,3985,12
1703152800,180.995,181.107,180.723,180.849,4445,12
1703156400,180.846,180.894,180.513,180.688,4382,12
1703160000,180.689,180.778,180.549,180.758,4082,12
1703163600,180.762,180.986,180.678,180.747,4415,12
1703167200,180.735,180.847,180.589,180.678,3720,12
1703170800,180.678,180.712,180.256,180.311,7213,12
1703174400,180.31,180.572,180.162,180.217,8021,12
1703178000,180.224,180.356,179.842,179.878,8368,14
1703181600,179.879,180.084,179.77,180.054,5173,13
1703185200,180.049,180.292,180.047,180.137,4498,15
1703188800,180.139,180.424,180.138,180.399,3464,14
1703192400,180.399,180.456,180.292,180.392,2637,14
1703196000,180.391,180.48,180.348,180.41,3211,13
1703199600,180.41,180.468,180.288,180.295,1634,17
1703203200,180.254,180.343,180.122,180.232,649,57
1703206800,180.235,180.372,180.081,180.121,1992,19
1703210400,180.117,180.4,179.939,180.372,4971,13
1703214000,180.371,180.549,180.371,180.456,5303,13
1703217600,180.456,180.654,180.405,180.605,3786,15
1703221200,180.605,180.776,180.6,180.724,4152,14
1703224800,180.724,180.761,180.534,180.587,3015,12
1703228400,180.587,180.725,180.531,180.579,3466,16
1703232000,180.578,180.646,180.348,180.45,3306,14
1703235600,180.446,180.898,180.397,180.493,4075,12
1703239200,180.493,180.747,180.464,180.58,4432,12
1703242800,180.579,180.579,180.244,180.288,3266,12
1703246400,180.288,180.756,180.283,180.701,2506,12
1703250000,180.699,181.049,180.687,180.751,3131,12
1703253600,180.759,180.856,180.564,180.691,3490,13
1703257200,180.689,180.922,180.463,180.824,6787,12
1703260800,180.824,180.881,180.541,180.753,5853,12
1703264400,180.753,181.15,180.68,180.961,5451,12
1703268000,180.962,181.326,180.906,181.316,4447,12
1703271600,181.317,181.323,180.909,181.04,3657,12
1703275200,181.039,181.064,180.937,180.971,2588,18
1703278800,180.968,180.969,180.804,180.947,2081,12
1703282400,180.947,180.972,180.872,180.914,2751,22
1703286000,180.913,180.963,180.662,180.686,1758,23
1703548800,180.459,180.565,180.398,180.563,275,140
1703552400,180.546,180.832,180.537,180.688,1615,35
1703556000,180.691,180.805,180.497,180.712,2223,19
1703559600,180.705,180.806,180.662,180.746,2982,18
1703563200,180.746,180.799,180.643,180.701,2330,18
1703566800,180.701,180.783,180.668,180.754,1751,17
1703570400,180.754,180.788,180.694,180.779,1204,20
1703574000,180.775,180.798,180.711,180.747,2030,21
1703577600,180.747,180.784,180.677,180.724,1978,16
1703581200,180.725,180.745,180.57,180.676,2450,12
1703584800,180.674,180.843,180.649,180.667,2190,13
1703588400,180.667,180.865,180.638,180.841,1714,12
1703592000,180.845,180.885,180.716,180.746,1698,20
1703595600,180.746,180.773,180.683,180.727,2625,18
1703599200,180.727,180.778,180.639,180.674,2420,16
1703602800,180.673,180.873,180.672,180.865,3346,13
1703606400,180.866,181.118,180.849,180.935,3118,13
1703610000,180.935,181.16,180.906,181.16,2831,15
1703613600,181.163,181.243,181.055,181.059,2245,12
1703617200,181.059,181.059,180.962,181.03,1887,13
1703620800,181.032,181.119,180.967,181.081,2370,14
1703624400,181.082,181.279,181.08,181.266,2065,12
1703628000,181.266,181.286,181.208,181.253,2418,15
1703631600,181.253,181.285,181.089,181.173,1281,20
1703635200,181.173,181.173,180.932,181.08,453,67
1703638800,181.08,181.324,181.07,181.323,1081,24
1703642400,181.323,181.655,181.29,181.536,3535,14
1703646000,181.536,181.576,181.383,181.47,4437,13
1703649600,181.469,181.56,181.287,181.326,3233,16
1703653200,181.326,181.409,181.262,181.4,2255,17
1703656800,181.402,181.578,181.391,181.508,1608,17
1703660400,181.508,181.55,181.422,181.511,1582,18
1703664000,181.509,181.657,181.454,181.61,2483,13
1703667600,181.602,181.864,181.577,181.697,3329,16
1703671200,181.694,181.734,181.112,181.149,4586,12
1703674800,181.149,181.407,181.113,181.359,3333,12
1703678400,181.359,181.621,181.184,181.597,2622,13
1703682000,181.597,181.618,181.453,181.524,2631,13
1703685600,181.527,181.711,181.472,181.691,2372,15
1703689200,181.691,181.926,181.619,181.844,3440,12
1703692800,181.846,182.184,181.628,182.129,3860,12
1703696400,182.131,182.144,181.794,181.856,5161,12
1703700000,181.849,181.93,181.526,181.773,4340,12
1703703600,181.772,181.931,181.705,181.732,2812,15
1703707200,181.73,181.798,181.604,181.711,2676,15
1703710800,181.711,181.736,181.169,181.524,3672,13
1703714400,181.526,181.577,181.33,181.498,3234,16
1703718000,181.498,181.565,181.398,181.494,2020,16
1703721600,181.494,181.494,181.099,181.237,643,20
1703725200,181.234,181.349,180.959,181.03,1176,24
1703728800,181.03,181.372,180.71,181.259,3207,13
1703732400,181.262,181.349,181.074,181.16,2705,22
1703736000,181.162,181.164,180.939,181.123,2287,22
1703739600,181.123,181.196,181.003,181.048,1478,20
1703743200,181.048,181.048,180.764,180.835,1772,24
1703746800,180.835,181.05,180.723,180.796,2097,12
1703750400,180.803,180.901,180.702,180.73,2435,16
1703754000,180.727,180.761,180.399,180.508,3640,14
1703757600,180.497,180.688,180.288,180.378,4081,12
1703761200,180.378,180.44,179.996,180.053,3210,15
1703764800,180.053,180.179,179.936,180.036,2732,14
1703768400,180.034,180.147,179.924,180.124,2317,14
1703772000,180.125,180.126,179.791,179.878,2557,12
1703775600,179.87,179.908,179.641,179.809,4765,12
1703779200,179.809,179.936,179.642,179.77,4545,14
1703782800,179.77,179.931,178.993,179.915,5714,14
1703786400,179.918,180.349,179.685,179.755,4505,12
1703790000,179.755,180.085,179.753,179.891,2754,15
1703793600,179.888,180.047,179.819,180.026,3503,12
1703797200,180.028,180.07,179.957,180.022,1990,15
1703800800,180.022,180.062,179.862,179.989,2238,23
1703804400,179.989,180.085,179.933,179.956,1682,21
1703808000,179.956,180.07,179.849,179.959,588,72
1703811600,179.962,180.115,179.819,180.105,1643,33
1703815200,180.106,180.445,180.018,180.423,2985,18
1703818800,180.423,180.426,180.185,180.197,2494,21
1703822400,180.197,180.236,180.029,180.12,1931,19
1703826000,180.12,180.211,180.056,180.211,1741,18
1703829600,180.211,180.314,180.108,180.305,1711,17
1703833200,180.305,180.385,180.146,180.349,1981,16
1703836800,180.348,180.458,180.306,180.371,2025,17
1703840400,180.37,180.37,180.071,180.25,2214,14
1703844000,180.234,180.432,180.171,180.26,2989,16
1703847600,180.26,180.369,180.098,180.282,3317,14
1703851200,180.286,180.445,180.083,180.43,2996,12
1703854800,180.428,180.524,180.302,180.403,2528,13
1703858400,180.403,180.403,179.813,179.942,3016,14
1703862000,179.94,180.466,179.811,180.407,4494,12
1703865600,180.407,180.413,180.003,180.16,4256,12
1703869200,180.157,180.337,179.553,179.726,6543,13
1703872800,179.728,179.863,179.3,179.528,5587,12
1703876400,179.535,179.798,179.5,179.745,3236,16
1703880000,179.743,179.866,179.631,179.638,3586,18
1703883600,179.63,179.76,179.519,179.741,1827,20
1703887200,179.749,179.854,179.676,179.709,2015,23
1703890800,179.71,179.788,179.319,179.482,1653,16
1704153600,179.15,179.414,179.088,179.26,174,107
1704157200,179.318,179.624,179.263,179.598,2060,23
1704160800,179.598,179.852,179.589,179.606,2104,17
1704164400,179.612,179.981,179.608,179.912,2777,17
1704168000,179.912,180.214,179.854,179.925,2308,17
1704171600,179.925,180.097,179.916,179.961,1964,12
1704175200,179.961,180.012,179.891,179.95,1368,16
1704178800,179.952,180.115,179.893,180.029,2754,17
1704182400,180.027,180.209,179.963,180.161,2966,16
1704186000,180.165,180.279,180.105,180.212,4601,12
1704189600,180.212,180.565,180.115,180.47,5884,12
1704193200,180.469,180.64,179.923,180.016,4476,12
1704196800,180.016,180.176,179.789,179.824,4786,12
1704200400,179.823,179.823,179.478,179.583,5361,12
1704204000,179.584,179.943,179.464,179.678,5869,12
1704207600,179.686,179.75,179.291,179.525,5793,15
1704211200,179.506,179.542,178.741,178.755,7800,12
1704214800,178.746,179.209,178.726,179.178,8598,14
1704218400,179.178,179.239,178.931,179.2,5386,13
1704222000,179.201,179.374,179.189,179.346,3543,12
1704225600,179.346,179.37,179.183,179.219,3055,16
1704229200,179.221,179.234,179.12,179.135,2188,15
1704232800,179.135,179.178,178.961,179.121,3632,14
1704236400,179.121,179.208,179.104,179.105,1881,14
1704240000,179.098,179.247,178.887,179.243,521,45
1704243600,179.243,179.449,179.202,179.449,1443,25
1704247200,179.449,179.45,179.166,179.293,3319,17
1704250800,179.293,179.465,179.218,179.339,3229,18
1704254400,179.339,179.393,179.294,179.37,2207,17
1704258000,179.37,179.39,179.271,179.343,2950,15
1704261600,179.343,179.407,179.308,179.377,2055,18
1704265200,179.377,179.525,179.374,179.503,2645,19
1704268800,179.501,179.696,179.445,179.647,2800,16
1704272400,179.648,180.119,179.504,180.06,4759,13
1704276000,180.062,180.343,179.985,180.223,5017,12
1704279600,180.225,180.334,179.987,180.113,4480,12
1704283200,180.105,180.29,180.03,180.111,3381,14
1704286800,180.113,180.542,180.038,180.477,4107,12
1704290400,180.475,180.557,180.349,180.446,4237,12
1704294000,180.446,180.658,180.439,180.623,6391,12
1704297600,180.622,181.037,180.543,180.835,7281,12
1704301200,180.843,181.459,180.675,181.329,10205,12
1704304800,181.331,181.454,181.259,181.454,7131,12
1704308400,181.454,181.737,181.422,181.583,4512,12
1704312000,181.583,181.747,181.413,181.426,3926,12
1704315600,181.426,181.689,181.383,181.395,7768,12
1704319200,181.397,181.433,181.248,181.384,5849,13
1704322800,181.384,181.493,181.376,181.46,2003,18
1704326400,181.46,181.46,181.204,181.215,330,39
1704330000,181.215,181.347,181.155,181.217,1828,17
1704333600,181.217,181.537,181.006,181.501,3899,14
1704337200,181.496,181.637,181.28,181.605,4485,16
1704340800,181.605,181.636,181.483,181.627,3183,16
1704344400,181.628,181.674,181.486,181.66,2888,12
1704348000,181.659,181.951,181.645,181.898,2569,16
1704351600,181.899,182.243,181.892,182.094,4386,13
1704355200,182.092,182.198,181.941,181.975,4394,16
1704358800,181.97,182.047,181.669,181.982,5429,12
1704362400,181.983,182.438,181.834,182.376,6119,12
1704366000,182.378,183.037,182.36,183.0,5253,12
1704369600,183.0,183.334,182.982,183.3,4366,12
1704373200,183.3,183.324,182.972,183.058,3677,12
1704376800,183.055,183.091,182.83,183.047,3759,12
1704380400,183.044,183.274,182.816,183.169,6769,12
1704384000,183.164,183.678,183.164,183.563,6649,12
1704387600,183.559,183.772,183.53,183.699,7397,12
1704391200,183.694,183.698,183.399,183.477,5673,12
1704394800,183.474,183.514,183.229,183.39,4247,12
1704398400,183.383,183.517,183.305,183.375,3244,14
1704402000,183.378,183.401,183.218,183.364,2146,14
1704405600,183.364,183.393,183.26,183.393,3102,12
1704409200,183.393,183.469,183.365,183.405,1932,19
1704412800,183.405,183.442,183.188,183.369,710,44
1704416400,183.375,183.612,183.358,183.58,1402,27
1704420000,183.581,183.877,183.499,183.753,4398,15
1704423600,183.755,183.787,183.602,183.72,4339,17
1704427200,183.719,183.749,183.638,183.717,3284,17
1704430800,183.717,183.82,183.664,183.777,3129,15
1704434400,183.777,183.806,183.629,183.645,2664,14
1704438000,183.646,183.666,183.393,183.426,3400,17
1704441600,183.426,184.12,183.401,184.014,5305,15
1704445200,184.014,184.084,183.794,183.93,4247,12
1704448800,183.926,183.944,183.681,183.695,5615,14
1704452400,183.691,183.857,183.64,183.797,4714,14
1704456000,183.799,183.927,183.742,183.781,3998,12
1704459600,183.781,183.923,183.693,183.807,3175,14
1704463200,183.809,183.943,183.666,183.713,3351,14
1704466800,183.708,184.28,183.66,184.118,9039,12
1704470400,184.121,184.3,183.97,184.263,10262,12
1704474000,184.263,184.263,183.544,183.784,11510,12
1704477600,183.784,184.104,183.73,184.093,7046,13
1704481200,184.089,184.191,184.035,184.161,5207,15
1704484800,184.16,184.298,184.109,184.149,4064,15
1704488400,184.149,184.172,183.98,184.054,4164,14
1704492000,184.053,184.136,183.992,184.111,4393,14
1704495600,184.119,184.13,183.701,183.768,2445,15
1704672000,183.783,183.819,183.636,183.787,398,114
1704675600,183.787,184.212,183.787,184.034,2134,18
1704679200,184.034,184.133,183.946,183.964,1973,15
1704682800,183.96,184.026,183.635,183.651,3779,13
1704686400,183.651,183.791,183.65,183.703,3165,13
1704690000,183.702,183.723,183.435,183.517,3419,18
1704693600,183.515,183.562,183.4,183.488,2133,17
1704697200,183.494,183.53,183.387,183.391,2367,16
1704700800,183.386,183.426,183.26,183.32,3402,17
1704704400,183.317,183.635,183.23,183.521,4090,12
1704708000,183.526,183.676,183.339,183.408,5965,12
1704711600,183.408,183.425,183.016,183.097,4911,14
1704715200,183.103,183.533,183.073,183.46,3642,12
1704718800,183.46,183.609,183.369,183.584,3519,12
1704722400,183.585,183.997,183.53,183.606,3834,14
1704726000,183.602,183.73,183.461,183.62,5167,12
1704729600,183.62,183.753,183.313,183.412,6259,12
1704733200,183.42,183.619,183.307,183.513,6308,13
1704736800,183.508,183.716,183.284,183.648,5464,12
1704740400,183.648,183.663,183.513,183.615,3313,12
1704744000,183.615,183.784,183.611,183.771,2255,14
1704747600,183.769,183.876,183.754,183.858,3028,13
1704751200,183.858,183.91,183.77,183.818,3805,13
1704754800,183.82,183.872,183.794,183.857,1938,16
1704758400,183.7,183.891,183.7,183.831,999,51
1704762000,183.852,183.869,183.654,183.748,1799,17
1704765600,183.747,183.818,183.508,183.582,4075,15
1704769200,183.583,183.624,183.026,183.083,4973,12
1704772800,183.077,183.317,183.034,183.295,3953,17
1704776400,183.295,183.317,183.094,183.2,2740,17
1704780000,183.2,183.236,183.024,183.035,2672,17
1704783600,183.034,183.301,183.012,183.23,3094,15
1704787200,183.232,183.507,183.23,183.461,4215,13
1704790800,183.461,183.773,183.331,183.632,3918,12
1704794400,183.632,183.761,183.336,183.445,5415,13
1704798000,183.44,183.445,183.099,183.299,4223,12
1704801600,183.299,183.362,183.102,183.31,3859,15
1704805200,183.309,183.345,183.064,183.156,3143,12
1704808800,183.156,183.387,183.145,183.275,3589,12
1704812400,183.275,183.472,182.901,182.945,5985,12
1704816000,182.941,183.054,182.745,183.041,6304,12
1704819600,183.044,183.427,182.805,183.317,6272,12
1704823200,183.318,183.597,183.184,183.577,4603,12
1704826800,183.577,183.654,183.504,183.538,3739,13
1704830400,183.538,183.614,183.445,183.541,3819,12
1704834000,183.54,183.573,183.401,183.563,2710,14
1704837600,183.558,183.617,183.345,183.594,3930,16
1704841200,183.596,183.644,183.563,183.602,1679,13
1704844800,183.524,183.585,183.418,183.485,887,57
1704848400,183.485,183.599,183.401,183.579,1380,23
1704852000,183.576,183.916,183.564,183.721,3363,16
1704855600,183.719,184.071,183.703,183.969,3638,14
1704859200,183.969,184.13,183.938,183.998,2843,16
1704862800,183.998,184.066,183.882,183.941,2728,17
1704866400,183.936,183.95,183.872,183.931,1537,17
1704870000,183.932,184.009,183.776,183.88,2379,15
1704873600,183.884,184.124,183.801,184.045,3622,14
1704877200,184.058,184.195,183.969,184.032,4673,13
1704880800,184.03,184.392,184.017,184.338,5033,12
1704884400,184.338,184.488,184.279,184.409,3837,12
1704888000,184.409,184.449,184.287,184.439,3956,12
1704891600,184.439,184.611,184.428,184.505,2971,13
1704895200,184.505,184.883,184.505,184.813,3231,13
1704898800,184.814,184.921,184.782,184.87,4454,13
1704902400,184.872,185.044,184.789,185.028,4718,13
1704906000,185.031,185.491,185.031,185.451,6521,12
1704909600,185.449,185.515,185.342,185.42,4139,12
1704913200,185.423,185.45,185.245,185.416,2998,12
1704916800,185.407,185.531,185.333,185.521,3379,15
1704920400,185.521,185.647,185.497,185.632,2417,15
1704924000,185.632,185.658,185.513,185.657,3815,14
1704927600,185.651,185.743,185.617,185.713,1686,17
1704931200,185.713,185.713,185.306,185.533,938,36
1704934800,185.535,185.816,185.509,185.711,1407,25
1704938400,185.711,185.776,185.422,185.482,4504,16
1704942000,185.481,185.637,185.438,185.484,3641,14
1704945600,185.484,185.799,185.439,185.756,3247,14
1704949200,185.758,185.775,185.499,185.505,2496,17
1704952800,185.504,185.604,185.431,185.583,2197,18
1704956400,185.581,185.701,185.514,185.688,2519,17
1704960000,185.688,185.841,185.647,185.7,3578,15
1704963600,185.709,185.736,185.553,185.603,3386,12
1704967200,185.6,185.657,185.502,185.654,4984,13
1704970800,185.658,185.737,185.303,185.409,4213,15
1704974400,185.408,185.448,185.25,185.348,3752,14
1704978000,185.348,185.669,185.319,185.599,3968,12
1704981600,185.589,185.631,185.463,185.53,3265,12
1704985200,185.53,185.897,185.176,185.893,9726,12
1704988800,185.882,186.156,185.505,185.654,11255,12
1704992400,185.654,185.708,185.297,185.556,10255,13
1704996000,185.556,185.708,185.446,185.586,8292,14
1704999600,185.588,185.684,185.497,185.653,5655,12
1705003200,185.653,185.931,185.641,185.859,5044,12
1705006800,185.86,185.886,185.625,185.667,6102,12
1705010400,185.667,185.682,185.376,185.516,5698,14
1705014000,185.516,185.658,185.206,185.206,2630,15
1705017600,185.224,185.469,185.082,185.403,1629,39
1705021200,185.431,185.493,185.079,185.409,3239,14
1705024800,185.415,185.604,185.388,185.48,5037,17
1705028400,185.482,185.611,185.261,185.451,4619,14
1705032000,185.451,185.649,185.363,185.412,2760,12
1705035600,185.412,185.413,185.044,185.136,3186,12
1705039200,185.136,185.286,185.101,185.191,2592,18
1705042800,185.191,185.538,185.191,185.516,3212,13
1705046400,185.516,185.547,185.265,185.349,3317,16
1705050000,185.366,185.478,185.132,185.146,4064,12
1705053600,185.136,185.25,184.979,185.131,5338,12
1705057200,185.134,185.284,184.999,185.072,4197,12
1705060800,185.067,185.234,184.953,185.128,3256,12
1705064400,185.122,185.15,184.8,184.812,3422,13
1705068000,184.812,185.026,184.689,185.01,3476,13
1705071600,185.009,185.359,184.638,184.674,8449,12
1705075200,184.674,184.768,184.486,184.546,9193,12
1705078800,184.546,184.893,184.507,184.664,8260,12
1705082400,184.665,184.81,184.471,184.594,6065,13
1705086000,184.598,184.684,184.513,184.655,4774,12
1705089600,184.656,184.785,184.637,184.691,3208,12
1705093200,184.697,184.722,184.601,184.666,2381,13
1705096800,184.665,184.744,184.628,184.655,3365,14
1705100400,184.657,184.811,184.52,184.758,3220,16
1705276800,184.581,184.751,184.505,184.746,860,130
1705280400,184.746,184.88,184.669,184.848,1748,17
1705284000,184.848,184.89,184.693,184.776,4401,17
1705287600,184.777,184.91,184.718,184.842,4755,16
1705291200,184.845,185.015,184.833,184.999,3676,12
1705294800,185.002,185.2,184.995,185.167,2286,17
1705298400,185.167,185.187,185.107,185.154,2016,16
1705302000,185.154,185.287,185.066,185.251,1703,21
1705305600,185.25,185.317,185.201,185.283,2229,21
1705309200,185.285,185.475,185.285,185.348,4211,14
1705312800,185.339,185.553,185.259,185.272,4575,13
1705316400,185.271,185.442,185.215,185.368,4288,12
1705320000,185.366,185.476,185.273,185.446,3098,13
1705323600,185.445,185.467,185.327,185.452,3166,12
1705327200,185.454,185.748,185.454,185.571,3936,12
1705330800,185.572,185.593,185.432,185.543,3434,13
1705334400,185.543,185.634,185.459,185.511,3870,15
1705338000,185.509,185.606,185.362,185.598,3609,13
1705341600,185.595,185.718,185.512,185.525,2272,13
1705345200,185.525,185.575,185.465,185.558,1269,14
1705348800,185.558,185.588,185.52,185.585,584,14
1705352400,185.584,185.618,185.526,185.54,474,15
1705356000,185.539,185.563,185.521,185.54,587,18
1705359600,185.539,185.561,185.393,185.393,437,21
1705363200,185.393,185.51,185.363,185.46,530,40
1705366800,185.46,185.526,185.359,185.377,1879,20
1705370400,185.372,185.388,185.077,185.108,5451,12
1705374000,185.106,185.341,185.044,185.209,7144,15
1705377600,185.211,185.498,185.188,185.259,4871,16
1705381200,185.259,185.369,185.144,185.273,3594,18
1705384800,185.274,185.428,185.211,185.271,2750,17
1705388400,185.271,185.445,185.243,185.338,3455,13
1705392000,185.336,185.399,185.218,185.274,3880,14
1705395600,185.282,185.297,184.961,185.217,5106,12
1705399200,185.221,185.444,185.001,185.413,6954,12
1705402800,185.412,185.498,185.166,185.228,5553,12
1705406400,185.228,185.398,185.18,185.215,4533,12
1705410000,185.212,185.443,185.113,185.386,4818,12
1705413600,185.386,185.639,185.375,185.503,4210,13
1705417200,185.503,185.58,185.262,185.366,7413,12
1705420800,185.361,185.656,185.325,185.627,7874,12
1705424400,185.627,185.81,185.485,185.802,6470,12
1705428000,185.801,186.177,185.759,186.039,9312,12
1705431600,186.037,186.081,185.898,185.898,6032,12
1705435200,185.899,186.019,185.811,185.979,3627,12
1705438800,185.982,186.018,185.817,185.998,2352,13
1705442400,185.997,186.033,185.914,185.998,3332,12
1705446000,185.994,186.047,185.932,185.979,2157,15
1705449600,185.979,185.99,185.793,185.904,832,48
1705453200,185.897,186.126,185.869,186.077,942,22
1705456800,186.075,186.342,186.062,186.222,4189,14
1705460400,186.219,186.244,185.905,185.982,4804,13
1705464000,185.981,186.098,185.951,186.05,3802,16
1705467600,186.05,186.12,185.871,185.914,3991,17
1705471200,185.914,186.011,185.866,186.003,2681,15
1705474800,186.005,186.17,185.888,186.087,3470,13
1705478400,186.086,186.316,186.079,186.172,5343,15
1705482000,186.175,187.186,186.175,187.147,7073,12
1705485600,187.147,187.318,186.984,187.089,6915,12
1705489200,187.088,187.341,186.854,187.313,6107,13
1705492800,187.307,187.414,187.153,187.302,4808,13
1705496400,187.302,187.523,187.295,187.403,3950,14
1705500000,187.403,187.435,187.197,187.252,4157,12
1705503600,187.253,187.259,187.024,187.138,7129,13
1705507200,187.139,187.56,187.028,187.523,6853,12
1705510800,187.518,187.941,187.466,187.891,7714,12
1705514400,187.889,188.115,187.815,187.925,6381,12
1705518000,187.926,187.995,187.797,187.917,4487,12
1705521600,187.917,188.009,187.829,187.989,4181,12
1705525200,187.989,188.037,187.884,187.966,3733,12
1705528800,187.965,188.036,187.897,187.971,3842,16
1705532400,187.969,187.976,187.759,187.799,2235,12
1705536000,187.799,187.811,187.624,187.692,1266,51
1705539600,187.701,187.829,187.7,187.783,1275,22
1705543200,187.783,187.926,187.658,187.687,3952,14
1705546800,187.689,187.902,187.598,187.854,5276,12
1705550400,187.848,187.884,187.726,187.811,3854,15
1705554000,187.814,187.898,187.708,187.714,3954,14
1705557600,187.714,187.714,187.559,187.603,2767,14
1705561200,187.605,187.729,187.588,187.602,3090,16
1705564800,187.598,187.789,187.561,187.604,4500,14
1705568400,187.604,187.693,187.537,187.653,4914,14
1705572000,187.653,187.771,187.485,187.651,5680,13
1705575600,187.646,187.681,187.371,187.377,5451,13
1705579200,187.376,187.683,187.347,187.647,4808,12
1705582800,187.648,187.745,187.469,187.503,3342,12
1705586400,187.502,187.553,187.443,187.537,4194,14
1705590000,187.538,187.751,187.396,187.539,7879,12
1705593600,187.538,187.584,187.313,187.547,7981,13
1705597200,187.547,187.86,187.504,187.781,7860,12
1705600800,187.781,187.963,187.748,187.945,5089,12
1705604400,187.945,188.05,187.863,187.956,4363,14
1705608000,187.955,188.112,187.836,188.087,3749,14
1705611600,188.089,188.139,188.002,188.034,3678,15
1705615200,188.032,188.184,188.011,188.168,3866,12
1705618800,188.169,188.249,188.152,188.233,1987,13
1705622400,188.233,188.233,187.929,188.17,663,50
1705626000,188.186,188.288,188.114,188.277,2053,15
1705629600,188.277,188.297,188.052,188.118,3915,13
1705633200,188.115,188.515,188.1,188.508,4904,14
1705636800,188.508,188.613,188.283,188.44,3486,15
1705640400,188.439,188.51,188.363,188.427,2662,12
1705644000,188.427,188.551,188.41,188.511,2002,18
1705647600,188.511,188.814,188.507,188.762,3610,15
1705651200,188.762,188.924,188.613,188.64,3984,15
1705654800,188.661,188.661,188.018,188.084,5973,13
1705658400,188.087,188.087,187.728,187.76,5321,13
1705662000,187.76,187.901,187.62,187.688,5702,13
1705665600,187.69,187.733,187.406,187.6,4473,13
1705669200,187.601,187.87,187.566,187.645,3573,14
1705672800,187.644,187.885,187.606,187.841,3920,12
1705676400,187.839,187.847,187.696,187.748,5825,12
1705680000,187.748,188.007,187.677,187.932,6183,13
1705683600,187.916,188.107,187.763,187.787,8014,12
1705687200,187.785,187.867,187.657,187.848,5684,13
1705690800,187.852,187.949,187.673,187.93,4172,12
1705694400,187.929,188.175,187.922,188.082,3289,15
1705698000,188.082,188.167,188.061,188.148,2149,12
1705701600,188.145,188.194,188.063,188.178,3480,15
1705705200,188.162,188.225,188.057,188.06,2417,12
1705881600,188.0,188.165,187.835,188.138,751,127
1705885200,188.216,188.372,188.06,188.099,2427,18
1705888800,188.1,188.242,188.013,188.199,3919,14
1705892400,188.196,188.211,187.758,187.906,5216,16
1705896000,187.906,188.118,187.866,187.888,3871,12
1705899600,187.888,188.067,187.878,188.038,3309,15
1705903200,188.038,188.069,187.961,188.006,2028,16
1705906800,188.003,188.366,187.988,188.298,3441,12
1705910400,188.297,188.384,188.184,188.267,4093,12
1705914000,188.263,188.27,187.999,188.052,4834,13
1705917600,188.051,188.259,187.96,188.165,5523,12
1705921200,188.164,188.243,188.068,188.164,3750,13
1705924800,188.164,188.178,187.961,188.089,3013,13
1705928400,188.089,188.097,187.932,188.014,2748,14
1705932000,188.006,188.172,187.959,188.065,4118,14
1705935600,188.065,188.11,187.871,187.951,5465,12
1705939200,187.953,188.114,187.901,188.079,5341,13
1705942800,188.079,188.175,187.957,188.052,4976,12
1705946400,188.053,188.297,187.984,188.282,4115,12
1705950000,188.281,188.371,188.246,188.248,3090,12
1705953600,188.249,188.348,188.202,188.253,2589,15
1705957200,188.25,188.271,188.015,188.066,3010,14
1705960800,188.066,188.154,188.039,188.134,2915,15
1705964400,188.134,188.255,188.118,188.201,1693,13
1705968000,188.201,188.201,187.93,188.027,1265,42
1705971600,188.027,188.232,188.021,188.224,1423,18
1705975200,188.223,188.349,188.196,188.313,3063,14
1705978800,188.309,188.41,188.224,188.387,3513,15
1705982400,188.386,188.646,188.375,188.522,4116,13
1705986000,188.522,188.903,188.167,188.182,6313,14
1705989600,188.182,188.572,188.139,188.302,3999,15
1705993200,188.302,188.476,188.211,188.406,3837,14
1705996800,188.406,188.705,187.339,187.518,7301,12
1706000400,187.512,188.224,187.357,188.05,7740,12
1706004000,188.05,188.105,187.482,187.586,6533,12
1706007600,187.58,188.033,187.558,188.008,4600,12
1706011200,188.011,188.22,187.926,187.934,4225,13
1706014800,187.934,188.177,187.83,188.082,4905,12
1706018400,188.082,188.167,187.925,188.085,4883,13
1706022000,188.081,188.244,188.012,188.138,5226,13
1706025600,188.138,188.175,187.988,188.095,6836,13
1706029200,188.093,188.164,187.87,188.048,7461,13
1706032800,188.051,188.089,187.967,188.023,5066,13
1706036400,188.023,188.124,187.927,188.083,3715,12
1706040000,188.084,188.175,188.022,188.109,2670,13
1706043600,188.11,188.182,188.037,188.142,2727,16
1706047200,188.142,188.218,188.135,188.188,3154,15
1706050800,188.187,188.292,188.125,188.128,2041,14
1706054400,188.128,188.198,187.908,188.174,2068,76
1706058000,188.175,188.276,188.062,188.133,1314,23
1706061600,188.133,188.151,187.94,188.005,4887,14
1706065200,188.006,188.073,187.836,187.865,5682,15
1706068800,187.864,188.087,187.858,187.945,4309,13
1706072400,187.94,188.017,187.638,187.647,4149,16
1706076000,187.647,187.857,187.623,187.844,2941,16
1706079600,187.841,187.942,187.77,187.825,2938,17
1706083200,187.826,187.946,187.764,187.831,3819,16
1706086800,187.825,187.926,187.663,187.76,4824,13
1706090400,187.761,187.844,187.457,187.53,6523,13
1706094000,187.53,188.466,187.53,188.31,5866,12
1706097600,188.311,188.369,188.073,188.081,4272,12
1706101200,188.078,188.078,187.912,187.937,3493,14
1706104800,187.936,187.944,187.45,187.627,4232,12
1706108400,187.631,187.631,187.283,187.367,7681,12
1706112000,187.369,187.646,187.262,187.425,7799,12
1706115600,187.424,187.491,187.114,187.386,8684,12
1706119200,187.387,187.851,187.341,187.838,6032,13
1706122800,187.834,187.851,187.563,187.63,3693,13
1706126400,187.63,187.766,187.611,187.724,5109,12
1706130000,187.718,187.827,187.561,187.773,3077,15
1706133600,187.771,187.803,187.686,187.695,3650,18
1706137200,187.695,187.762,187.646,187.692,1978,12
1706140800,187.692,187.692,187.409,187.586,989,38
1706144400,187.586,187.81,187.578,187.69,2159,19
1706148000,187.685,187.774,187.632,187.698,4939,15
1706151600,187.698,187.837,187.595,187.699,4959,17
1706155200,187.699,187.807,187.649,187.767,4377,15
1706158800,187.77,187.784,187.651,187.701,3210,14
1706162400,187.701,187.82,187.647,187.81,3294,16
1706166000,187.812,187.902,187.735,187.85,3140,15
1706169600,187.851,187.992,187.799,187.954,3908,12
1706173200,187.954,188.019,187.662,188.005,3952,14
1706176800,188.005,188.187,187.915,187.919,6131,13
1706180400,187.919,188.03,187.822,187.886,5389,14
1706184000,187.887,188.037,187.835,187.963,4166,12
1706187600,187.963,187.975,187.685,187.819,3365,12
1706191200,187.825,187.998,187.795,187.998,3591,12
1706194800,188.003,188.04,187.466,187.691,8854,12
1706198400,187.693,187.7,187.15,187.422,9676,12
1706202000,187.431,187.537,187.238,187.412,8635,12
1706205600,187.409,187.611,187.334,187.518,5653,13
1706209200,187.519,187.681,187.422,187.592,4460,12
1706212800,187.593,187.724,187.509,187.685,5053,12
1706216400,187.685,187.764,187.559,187.762,3349,13
1706220000,187.759,187.759,187.593,187.687,3951,15
1706223600,187.687,187.736,187.604,187.628,1850,18
1706227200,187.461,187.637,187.36,187.623,820,49
1706230800,187.619,187.726,187.435,187.686,2029,25
1706234400,187.685,187.835,187.427,187.449,4683,13
1706238000,187.447,187.614,187.413,187.502,4252,20
1706241600,187.503,187.711,187.473,187.657,3656,12
1706245200,187.657,187.745,187.579,187.68,2558,14
1706248800,187.68,187.778,187.668,187.74,2379,18
1706252400,187.741,187.777,187.668,187.696,2747,15
1706256000,187.696,187.734,187.567,187.603,3824,16
1706259600,187.6,187.692,187.327,187.4,4693,12
1706263200,187.399,187.839,187.396,187.781,4791,13
1706266800,187.78,188.121,187.765,187.954,5051,12
1706270400,187.951,188.125,187.901,188.002,3626,13
1706274000,188.002,188.321,187.994,188.216,3647,12
1706277600,188.215,188.255,188.068,188.087,3009,12
1706281200,188.091,188.35,187.976,188.23,7821,13
1706284800,188.227,188.474,188.2,188.431,7091,12
1706288400,188.442,188.558,188.332,188.385,6906,12
1706292000,188.386,188.393,188.069,188.127,4253,12
1706295600,188.132,188.176,188.012,188.137,3245,12
1706299200,188.133,188.222,188.107,188.172,3242,15
1706302800,188.172,188.222,188.11,188.151,2662,15
1706306400,188.15,188.162,188.052,188.075,2775,14
1706310000,188.074,188.168,188.021,188.163,2580,16
1706486400,187.651,188.106,187.651,188.046,234,54
1706490000,188.063,188.138,187.906,188.132,2799,12
1706493600,188.123,188.282,188.086,188.169,3035,12
1706497200,188.168,188.216,188.049,188.121,3373,14
1706500800,188.121,188.234,188.08,188.102,2564,16
1706504400,188.101,188.183,188.099,188.165,1851,16
1706508000,188.165,188.166,188.055,188.135,2116,16
1706511600,188.133,188.147,188.019,188.02,2243,13
1706515200,188.022,188.079,187.922,187.937,3740,15
1706518800,187.932,188.008,187.823,187.861,4171,13
1706522400,187.858,188.001,187.746,187.831,5037,12
1706526000,187.831,187.878,187.66,187.68,4440,14
1706529600,187.68,187.808,187.583,187.806,3456,12
1706533200,187.806,187.906,187.697,187.72,2776,14
1706536800,187.718,188.018,187.718,187.885,2966,13
1706540400,187.885,187.889,187.666,187.824,4879,12
1706544000,187.824,187.852,187.474,187.517,4448,12
1706547600,187.517,187.587,187.108,187.201,5527,12
1706551200,187.203,187.31,187.134,187.216,4037,12
1706554800,187.215,187.354,187.197,187.272,2964,12
1706558400,187.276,187.299,187.162,187.281,2081,14
1706562000,187.281,187.398,187.248,187.391,2663,13
1706565600,187.393,187.444,187.218,187.414,6556,15
1706569200,187.41,187.502,187.41,187.422,2019,12
1706572800,187.422,187.448,187.179,187.429,592,49
1706576400,187.411,187.496,187.327,187.478,1426,16
1706580000,187.473,187.503,187.177,187.329,4215,13
1706583600,187.329,187.403,187.169,187.237,3821,13
1706587200,187.237,187.408,187.18,187.4,2879,16
1706590800,187.401,187.451,187.293,187.298,2686,13
1706594400,187.299,187.308,187.212,187.214,2280,12
1706598000,187.218,187.293,187.17,187.254,2635,15
1706601600,187.254,187.283,187.052,187.093,3060,15
1706605200,187.09,187.097,186.76,186.905,4404,12
1706608800,186.952,187.212,186.929,187.06,5509,12
1706612400,187.06,187.142,186.672,186.897,3562,12
1706616000,186.897,186.905,186.626,186.716,3295,12
1706619600,186.719,186.885,186.706,186.846,3175,12
1706623200,186.843,186.922,186.731,186.839,2902,15
1706626800,186.834,186.996,186.762,186.975,4791,12
1706630400,186.975,187.02,186.507,186.542,6288,12
1706634000,186.543,187.261,186.543,187.248,8794,12
1706637600,187.25,187.363,187.186,187.34,4611,12
1706641200,187.34,187.448,187.302,187.424,2694,12
1706644800,187.424,187.454,187.293,187.444,2711,13
1706648400,187.445,187.477,187.314,187.387,2754,13
1706652000,187.387,187.411,187.32,187.397,3189,13
1706655600,187.397,187.454,187.358,187.426,2070,12
1706659200,187.411,187.437,187.113,187.428,616,49
1706662800,187.427,187.427,187.022,187.022,1576,20
1706666400,187.024,187.228,186.907,187.221,4813,12
1706670000,187.223,187.261,187.037,187.152,4682,12
1706673600,187.149,187.206,187.092,187.178,4037,12
1706677200,187.177,187.277,187.105,187.266,2093,17
1706680800,187.264,187.379,187.156,187.176,1929,17
1706684400,187.175,187.296,187.116,187.267,2702,15
1706688000,187.267,187.411,187.263,187.353,2992,16
1706691600,187.356,187.383,187.021,187.147,4332,12
1706695200,187.149,187.215,187.053,187.137,5336,12
1706698800,187.144,187.285,186.911,187.213,5757,12
1706702400,187.216,187.343,187.138,187.294,4113,12
1706706000,187.291,187.544,187.276,187.523,2961,15
1706709600,187.522,187.575,187.412,187.463,3599,12
1706713200,187.461,187.596,187.334,187.399,8223,12
1706716800,187.406,187.479,186.631,186.792,8764,12
1706720400,186.794,186.951,186.09,186.12,11008,12
1706724000,186.122,186.25,185.982,186.209,7733,12
1706727600,186.206,186.349,186.014,186.134,4262,12
1706731200,186.133,186.291,186.107,186.135,3664,13
1706734800,186.06,186.389,185.939,186.065,13125,12
1706738400,186.054,186.683,185.96,186.489,12172,12
1706742000,186.505,186.578,186.224,186.35,5332,12
1706745600,186.135,186.334,186.052,186.292,1164,77
1706749200,186.303,186.406,186.174,186.388,2608,17
1706752800,186.384,186.465,185.988,186.127,4743,14
1706756400,186.103,186.28,185.948,186.096,4970,16
1706760000,186.096,186.158,185.932,186.034,4104,14
1706763600,186.034,186.142,186.016,186.091,3236,13
1706767200,186.091,186.165,185.984,186.102,1923,12
1706770800,186.125,186.156,185.996,186.038,1835,16
1706774400,186.041,186.134,185.981,186.002,4095,13
1706778000,186.0,186.0,185.709,185.768,5964,12
1706781600,185.763,185.795,185.461,185.487,6624,12
1706785200,185.481,185.849,185.383,185.771,4923,12
1706788800,185.771,185.884,185.438,185.484,4045,12
1706792400,185.487,185.654,185.282,185.592,4486,12
1706796000,185.592,186.583,185.487,186.252,6976,12
1706799600,186.243,186.304,185.588,185.653,7273,12
1706803200,185.653,185.657,185.223,185.376,6726,12
1706806800,185.324,185.921,185.324,185.547,10268,12
1706810400,185.547,186.025,185.433,186.007,8767,12
1706814000,186.01,186.469,185.986,186.395,7283,12
1706817600,186.399,186.509,186.303,186.476,5957,12
1706821200,186.477,186.579,186.404,186.449,3670,13
1706824800,186.45,186.532,186.418,186.516,3528,17
1706828400,186.516,186.645,186.505,186.561,2796,13
1706832000,186.289,186.641,186.289,186.621,909,52
1706835600,186.631,186.723,186.558,186.671,792,20
1706839200,186.671,186.711,186.505,186.561,4024,12
1706842800,186.561,186.643,186.429,186.538,4230,12
1706846400,186.54,186.686,186.5,186.623,2628,12
1706850000,186.623,186.641,186.531,186.6,2469,14
1706853600,186.601,186.666,186.543,186.636,1947,14
1706857200,186.635,186.798,186.592,186.686,2697,13
1706860800,186.679,186.734,186.621,186.701,3694,16
1706864400,186.69,186.971,186.683,186.95,4273,13
1706868000,186.95,187.193,186.941,186.97,4483,12
1706871600,186.97,187.321,186.967,187.139,3888,13
1706875200,187.139,187.298,187.126,187.135,3770,12
1706878800,187.135,187.15,186.864,186.955,3213,13
1706882400,186.956,187.022,186.882,186.984,3155,13
1706886000,186.984,187.574,186.812,187.487,9280,12
1706889600,187.48,187.485,186.97,187.127,10496,12
1706893200,187.16,187.728,187.111,187.661,9288,12
1706896800,187.663,187.715,187.438,187.518,5750,12
1706900400,187.518,187.55,187.252,187.413,5054,12
1706904000,187.41,187.465,187.187,187.217,4096,14
1706907600,187.221,187.501,187.221,187.459,3512,12
1706911200,187.46,187.506,187.381,187.407,4033,15
1706914800,187.406,187.486,187.258,187.324,1892,12
1707091200,187.354,187.574,187.206,187.489,648,93
1707094800,187.488,187.589,187.318,187.439,4290,15
1707098400,187.431,187.595,187.315,187.48,7307,12
1707102000,187.48,187.485,187.109,187.11,5157,16
1707105600,187.109,187.227,187.053,187.164,3579,12
1707109200,187.165,187.19,187.034,187.147,3388,12
1707112800,187.147,187.155,187.021,187.136,2486,15
1707116400,187.136,187.171,187.058,187.063,3899,18
1707120000,187.062,187.157,187.006,187.051,3808,15
1707123600,187.05,187.342,186.962,187.322,4949,13
1707127200,187.322,187.513,187.321,187.386,4659,15
1707130800,187.382,187.41,187.092,187.124,4306,13
1707134400,187.123,187.142,186.849,186.939,4250,12
1707138000,186.944,186.959,186.572,186.637,3134,12
1707141600,186.638,186.72,186.542,186.604,3565,12
1707145200,186.605,186.674,186.384,186.482,5505,12
1707148800,186.471,186.565,186.235,186.269,5949,12
1707152400,186.302,186.472,186.167,186.384,8537,13
1707156000,186.387,186.468,186.324,186.432,4034,12
1707159600,186.432,186.464,186.292,186.303,3056,12
1707163200,186.302,186.332,186.225,186.254,2741,13
1707166800,186.253,186.434,186.204,186.373,2774,12
1707170400,186.374,186.399,186.28,186.352,3413,13
1707174000,186.349,186.43,186.313,186.325,1804,12
1707177600,186.29,186.401,186.205,186.373,774,56
1707181200,186.376,186.376,186.266,186.321,1442,23
1707184800,186.321,186.399,186.24,186.323,3072,17
1707188400,186.324,186.367,186.256,186.338,3934,15
1707192000,186.338,186.411,186.305,186.395,2741,16
1707195600,186.395,186.509,186.325,186.397,2949,13
1707199200,186.4,186.439,186.295,186.353,2835,14
1707202800,186.354,186.438,186.276,186.315,4368,12
1707206400,186.316,186.359,186.183,186.318,3723,12
1707210000,186.315,186.555,186.299,186.453,5024,14
1707213600,186.453,186.667,186.45,186.58,4371,12
1707217200,186.58,186.62,186.428,186.475,4135,13
1707220800,186.473,186.584,186.433,186.529,4296,14
1707224400,186.527,186.747,186.497,186.653,3857,12
1707228000,186.653,186.72,186.536,186.686,3989,13
1707231600,186.687,186.717,186.525,186.716,5716,13
1707235200,186.716,186.773,186.581,186.604,5521,12
1707238800,186.604,186.665,186.197,186.246,8483,12
1707242400,186.245,186.469,186.176,186.33,5599,12
1707246000,186.327,186.5,186.246,186.299,4423,12
1707249600,186.3,186.385,186.235,186.294,4227,12
1707253200,186.293,186.37,186.265,186.342,4158,15
1707256800,186.341,186.36,186.243,186.289,3747,15
1707260400,186.277,186.392,186.247,186.34,2362,12
1707264000,186.303,186.365,186.174,186.271,969,53
1707267600,186.264,186.356,186.167,186.3,1553,23
1707271200,186.3,186.395,186.255,186.274,3699,12
1707274800,186.277,186.399,186.274,186.381,3997,15
1707278400,186.381,186.551,186.376,186.445,3077,14
1707282000,186.445,186.471,186.343,186.368,2491,15
1707285600,186.37,186.498,186.314,186.494,2224,18
1707289200,186.492,186.532,186.381,186.499,3086,16
1707292800,186.499,186.595,186.432,186.572,3494,14
1707296400,186.576,186.686,186.47,186.667,4685,12
1707300000,186.664,186.935,186.638,186.899,5567,13
1707303600,186.899,186.942,186.744,186.859,4913,13
1707307200,186.855,187.104,186.848,187.041,3520,12
1707310800,187.039,187.104,186.864,187.047,3394,12
1707314400,187.044,187.214,187.023,187.202,3568,13
1707318000,187.206,187.257,187.043,187.077,4770,12
1707321600,187.077,187.169,186.547,186.697,7829,12
1707325200,186.697,187.045,186.689,186.867,8175,12
1707328800,186.867,186.956,186.72,186.929,5914,12
1707332400,186.929,187.022,186.869,186.989,3273,14
1707336000,186.986,187.086,186.895,187.021,4185,12
1707339600,187.02,187.103,186.967,187.063,2008,12
1707343200,187.064,187.076,186.995,187.065,2985,15
1707346800,187.063,187.115,187.058,187.068,2060,13
1707350400,187.025,187.025,186.842,186.918,695,72
1707354000,186.912,186.996,186.912,186.978,1951,17
1707357600,186.976,187.031,186.861,187.02,3819,16
1707361200,187.019,187.414,186.91,187.334,5097,14
1707364800,187.334,187.497,187.334,187.425,4948,14
1707368400,187.421,187.438,187.34,187.4,3050,18
1707372000,187.4,187.565,187.37,187.509,2878,12
1707375600,187.509,187.741,187.471,187.661,3428,15
1707379200,187.661,187.901,187.652,187.884,3663,14
1707382800,187.883,187.926,187.757,187.812,4205,12
1707386400,187.811,188.001,187.715,187.761,4846,12
1707390000,187.761,187.891,187.679,187.881,4115,13
1707393600,187.881,188.211,187.871,188.172,4372,12
1707397200,188.172,188.219,187.891,188.026,4346,12
1707400800,188.025,188.071,187.94,188.025,5250,12
1707404400,188.033,188.13,187.829,187.942,6846,12
1707408000,187.941,188.294,187.777,188.183,6961,12
1707411600,188.182,188.359,188.031,188.348,6027,13
1707415200,188.35,188.436,188.297,188.332,4247,12
1707418800,188.334,188.477,188.295,188.461,3701,12
1707422400,188.458,188.466,188.315,188.448,3845,12
1707426000,188.447,188.48,188.387,188.452,3806,12
1707429600,188.448,188.468,188.383,188.394,3469,15
1707433200,188.395,188.447,188.349,188.393,1565,16
1707436800,188.303,188.354,188.196,188.312,564,54
1707440400,188.312,188.382,188.287,188.37,1282,25
1707444000,188.372,188.474,188.329,188.428,4089,13
1707447600,188.428,188.438,188.321,188.369,3745,14
1707451200,188.366,188.449,188.338,188.422,2564,17
1707454800,188.422,188.566,188.372,188.513,2654,15
1707458400,188.513,188.523,188.388,188.5,2614,16
1707462000,188.5,188.516,188.431,188.452,1842,15
1707465600,188.453,188.516,188.44,188.451,2699,13
1707469200,188.453,188.745,188.413,188.721,4184,13
1707472800,188.723,188.859,188.504,188.511,5244,12
1707476400,188.511,188.539,188.252,188.43,5342,12
1707480000,188.43,188.442,188.257,188.29,4306,14
1707483600,188.29,188.397,188.251,188.359,3340,13
1707487200,188.364,188.468,188.34,188.377,5313,13
1707490800,188.369,188.543,188.225,188.524,9572,13
1707494400,188.526,188.771,188.425,188.66,9813,12
1707498000,188.662,188.813,188.563,188.654,7766,12
1707501600,188.653,188.717,188.579,188.599,5705,13
1707505200,188.597,188.664,188.53,188.621,3574,14
1707508800,188.617,188.749,188.582,188.711,2472,13
1707512400,188.711,188.736,188.575,188.599,2688,15
1707516000,188.599,188.613,188.511,188.54,2939,15
1707519600,188.547,188.609,188.456,188.497,1797,15
1707696000,188.303,188.436,188.248,188.381,372,106
1707699600,188.382,188.545,188.299,188.508,3119,16
1707703200,188.508,188.594,188.474,188.501,2151,13
1707706800,188.498,188.538,188.468,188.492,2389,16
1707710400,188.496,188.519,188.422,188.445,1912,12
1707714000,188.445,188.476,188.392,188.475,2261,14
1707717600,188.474,188.527,188.426,188.441,1858,16
1707721200,188.443,188.485,188.396,188.438,1606,16
1707724800,188.435,188.462,188.391,188.458,1665,15
1707728400,188.464,188.635,188.4,188.549,5755,12
1707732000,188.55,188.574,188.198,188.25,7744,13
1707735600,188.25,188.361,188.161,188.206,5154,14
1707739200,188.207,188.287,188.048,188.129,4689,13
1707742800,188.13,188.172,187.943,187.992,4790,15
1707746400,187.99,188.016,187.846,187.92,4748,12
1707750000,187.932,188.158,187.908,188.127,6260,12
1707753600,188.13,188.491,188.125,188.461,6048,12
1707757200,188.466,188.582,188.434,188.538,5841,12
1707760800,188.536,188.703,188.524,188.634,5770,13
1707764400,188.634,188.677,188.55,188.642,4063,14
1707768000,188.643,188.71,188.582,188.583,3657,12
1707771600,188.571,188.642,188.555,188.614,3701,12
1707775200,188.614,188.629,188.547,188.58,3201,15
1707778800,188.582,188.605,188.556,188.598,1628,12
1707782400,188.518,188.557,188.439,188.52,475,76
1707786000,188.501,188.641,188.476,188.638,1737,22
1707789600,188.639,188.669,188.481,188.495,3693,14
1707793200,188.492,188.599,188.472,188.502,2854,15
1707796800,188.502,188.549,188.431,188.533,2871,13
1707800400,188.534,188.572,188.49,188.564,2770,16
1707804000,188.564,188.629,188.552,188.61,2220,12
1707807600,188.611,188.709,188.59,188.651,2036,14
1707811200,188.648,188.689,188.563,188.609,2881,13
1707814800,188.609,189.276,188.605,189.254,7080,12
1707818400,189.256,189.325,189.048,189.141,6260,15
1707822000,189.137,189.29,189.104,189.274,5393,12
1707825600,189.274,189.436,189.248,189.41,5178,13
1707829200,189.41,189.46,189.169,189.22,3592,12
1707832800,189.219,189.315,189.155,189.299,4459,12
1707836400,189.304,189.554,188.885,189.435,10166,12
1707840000,189.434,189.61,189.289,189.513,10809,12
1707843600,189.505,189.774,189.338,189.756,9605,12
1707847200,189.758,189.996,189.677,189.953,6047,12
1707850800,189.954,190.075,189.911,189.975,4672,12
1707854400,189.974,190.003,189.79,189.815,3512,14
1707858000,189.813,189.873,189.688,189.705,3737,13
1707861600,189.704,189.827,189.694,189.812,4259,13
1707865200,189.811,189.901,189.801,189.845,2386,12
1707868800,189.753,189.854,189.58,189.667,754,69
1707872400,189.666,189.832,189.568,189.755,1791,19
1707876000,189.752,189.794,189.655,189.667,4340,13
1707879600,189.667,189.671,189.495,189.628,5281,12
1707883200,189.63,189.724,189.609,189.712,3750,13
1707886800,189.712,189.712,189.593,189.64,3312,15
1707890400,189.64,189.663,189.546,189.615,2731,12
1707894000,189.615,189.702,189.568,189.688,2744,14
1707897600,189.687,189.824,189.604,189.634,3061,13
1707901200,189.634,189.675,188.913,189.02,7866,12
1707904800,189.018,189.057,188.808,189.027,7096,12
1707908400,189.025,189.08,188.748,188.888,5418,13
1707912000,188.89,188.992,188.841,188.957,4854,13
1707915600,188.957,189.048,188.842,189.0,4540,15
1707919200,189.001,189.169,188.967,189.039,5165,15
1707922800,189.041,189.296,189.038,189.248,7515,12
1707926400,189.249,189.267,189.027,189.116,7917,12
1707930000,189.116,189.154,188.861,189.009,7356,12
1707933600,189.009,189.041,188.874,189.013,6226,12
1707937200,189.016,189.098,188.909,188.998,5044,12
1707940800,189.0,189.07,188.967,189.043,3619,12
1707944400,189.042,189.152,188.987,189.113,3570,14
1707948000,189.112,189.178,189.033,189.173,3738,14
1707951600,189.18,189.258,189.148,189.148,1607,12
1707955200,189.075,189.087,188.969,189.056,532,49
1707958800,189.047,189.213,189.014,189.203,2157,13
1707962400,189.203,189.203,188.888,188.904,5059,13
1707966000,188.902,188.919,188.615,188.68,4794,12
1707969600,188.68,188.838,188.663,188.813,2943,15
1707973200,188.813,188.849,188.767,188.798,3103,12
1707976800,188.798,188.798,188.599,188.634,2712,14
1707980400,188.634,188.705,188.6,188.699,2930,16
1707984000,188.699,188.761,188.614,188.625,3198,14
1707987600,188.618,188.628,188.307,188.427,7121,12
1707991200,188.427,188.429,188.257,188.319,6944,14
1707994800,188.315,188.385,188.229,188.339,5831,13
1707998400,188.338,188.484,188.259,188.401,4793,13
1708002000,188.401,188.428,188.205,188.332,4402,16
1708005600,188.33,188.389,188.234,188.321,4606,16
1708009200,188.322,188.399,187.944,188.321,9319,12
1708012800,188.325,188.727,188.325,188.593,9769,12
1708016400,188.595,188.916,188.579,188.814,8496,12
1708020000,188.815,188.992,188.812,188.898,7000,12
1708023600,188.898,188.974,188.859,188.906,4434,13
1708027200,188.903,188.904,188.766,188.781,3826,15
1708030800,188.78,188.904,188.778,188.875,3684,13
1708034400,188.877,188.959,188.871,188.886,3588,14
1708038000,188.887,188.946,188.863,188.887,1857,15
1708041600,188.802,188.896,188.716,188.836,853,49
1708045200,188.833,188.947,188.805,188.924,1643,18
1708048800,188.924,189.023,188.849,188.955,4006,14
1708052400,188.955,188.996,188.862,188.887,4659,14
1708056000,188.889,189.118,188.876,189.111,3448,13
1708059600,189.11,189.144,189.002,189.103,3205,12
1708063200,189.103,189.149,189.029,189.043,2539,14
1708066800,189.035,189.125,188.946,188.952,3121,14
1708070400,188.952,189.091,188.944,188.975,2927,15
1708074000,188.976,189.322,188.97,189.133,6710,12
1708077600,189.134,189.212,188.904,188.943,6516,12
1708081200,188.941,189.161,188.917,189.137,5214,13
1708084800,189.139,189.179,189.094,189.148,4202,15
1708088400,189.148,189.248,189.101,189.207,4607,14
1708092000,189.207,189.237,189.077,189.096,5137,12
1708095600,189.096,189.197,189.037,189.149,8922,12
1708099200,189.15,189.17,188.991,189.003,8613,12
1708102800,188.995,189.133,188.874,189.063,8453,14
1708106400,189.063,189.248,189.039,189.232,6189,12
1708110000,189.235,189.417,189.175,189.39,4171,12
1708113600,189.391,189.509,189.188,189.46,3997,13
1708117200,189.46,189.503,189.279,189.375,4266,15
1708120800,189.378,189.379,189.255,189.299,4108,14
1708124400,189.3,189.3,189.166,189.232,2479,16
1708300800,189.326,189.326,189.086,189.111,839,129
1708304400,189.212,189.344,189.092,189.342,2115,20
1708308000,189.338,189.35,189.195,189.23,4037,14
1708311600,189.231,189.272,189.121,189.167,4635,16
1708315200,189.169,189.193,189.109,189.154,2570,14
1708318800,189.152,189.189,189.089,189.095,2415,12
1708322400,189.095,189.27,189.085,189.259,1825,16
1708326000,189.259,189.316,189.216,189.285,2981,15
1708329600,189.285,189.332,189.237,189.328,2548,13
1708333200,189.332,189.368,189.238,189.265,4696,13
1708336800,189.265,189.378,189.142,189.175,5320,12
1708340400,189.175,189.266,188.993,189.129,4611,14
1708344000,189.132,189.25,189.054,189.226,3616,14
1708347600,189.226,189.289,189.136,189.139,4087,13
1708351200,189.139,189.178,189.092,189.134,4106,15
1708354800,189.134,189.163,188.925,188.941,4462,12
1708358400,188.943,189.002,188.898,188.964,4084,13
1708362000,188.964,189.101,188.915,189.002,4537,12
1708365600,189.003,189.051,188.968,188.977,2314,15
1708369200,188.976,189.123,188.956,189.1,1027,15
1708372800,189.102,189.185,189.071,189.131,615,14
1708376400,189.133,189.173,189.114,189.131,427,18
1708380000,189.131,189.144,189.103,189.126,350,19
1708383600,189.128,189.185,189.012,189.026,630,13
1708387200,189.026,189.11,188.919,189.056,615,66
1708390800,189.065,189.157,189.024,189.147,2352,20
1708394400,189.147,189.209,189.081,189.147,4015,12
1708398000,189.147,189.204,189.071,189.102,4811,12
1708401600,189.103,189.232,189.071,189.153,3515,15
1708405200,189.155,189.216,189.124,189.168,2902,13
1708408800,189.169,189.219,189.146,189.203,2013,13
1708412400,189.203,189.268,189.191,189.251,2566,14
1708416000,189.252,189.31,189.232,189.282,2665,13
1708419600,189.286,189.375,189.182,189.298,5446,12
1708423200,189.297,189.359,189.122,189.215,6596,13
1708426800,189.213,189.486,189.174,189.387,6331,12
1708430400,189.387,189.499,189.274,189.324,6133,13
1708434000,189.325,189.336,189.086,189.133,5320,13
1708437600,189.13,189.23,189.071,189.179,5589,13
1708441200,189.18,189.658,189.175,189.615,8010,12
1708444800,189.613,189.717,189.506,189.512,8079,12
1708448400,189.512,189.687,189.394,189.657,8163,12
1708452000,189.655,189.678,189.4,189.458,5061,13
1708455600,189.459,189.466,189.311,189.389,4384,12
1708459200,189.387,189.4,189.292,189.326,3455,13
1708462800,189.326,189.336,189.19,189.303,3951,12
1708466400,189.303,189.391,189.296,189.317,4107,13
1708470000,189.315,189.343,189.284,189.329,1656,12
1708473600,189.219,189.302,189.13,189.231,841,54
1708477200,189.261,189.351,189.197,189.33,1515,20
1708480800,189.323,189.414,189.274,189.378,3740,13
1708484400,189.38,189.471,189.362,189.401,4207,15
1708488000,189.401,189.472,189.36,189.377,3603,16
1708491600,189.377,189.415,189.335,189.393,3057,12
1708495200,189.393,189.488,189.352,189.488,2683,13
1708498800,189.49,189.514,189.421,189.478,3186,16
1708502400,189.479,189.497,189.361,189.419,3721,14
1708506000,189.419,189.648,189.358,189.632,5913,13
1708509600,189.633,189.656,189.331,189.342,5965,15
1708513200,189.342,189.342,189.148,189.286,5247,12
1708516800,189.283,189.346,189.216,189.31,4257,13
1708520400,189.309,189.319,189.162,189.318,3854,14
1708524000,189.315,189.361,189.162,189.277,5478,12
1708527600,189.274,189.468,189.272,189.45,6568,12
1708531200,189.449,189.567,189.347,189.478,6546,12
1708534800,189.479,189.573,189.397,189.495,6675,12
1708538400,189.49,189.76,189.433,189.688,5694,12
1708542000,189.687,189.715,189.586,189.615,4025,13
1708545600,189.616,189.788,189.552,189.689,4399,12
1708549200,189.681,189.808,189.642,189.721,7111,14
1708552800,189.721,189.797,189.657,189.749,4967,15
1708556400,189.749,189.922,189.717,189.901,3418,12
1708560000,189.933,189.985,189.717,189.945,806,24
1708563600,189.951,190.036,189.91,189.997,2252,21
1708567200,189.99,190.209,189.99,190.181,4157,16
1708570800,190.18,190.229,189.969,189.987,4649,12
1708574400,189.985,190.107,189.905,190.1,3333,14
1708578000,190.1,190.107,190.024,190.09,2910,12
1708581600,190.092,190.11,189.892,189.958,3172,12
1708585200,189.959,190.032,189.913,190.029,2528,13
1708588800,190.029,190.066,189.95,190.01,3175,15
1708592400,190.008,190.3,189.998,190.271,5982,13
1708596000,190.267,190.83,190.251,190.723,8836,13
1708599600,190.729,190.81,190.241,190.357,6833,14
1708603200,190.355,190.527,190.282,190.39,4769,12
1708606800,190.39,190.483,190.257,190.481,4289,13
1708610400,190.475,190.587,190.394,190.544,4836,12
1708614000,190.544,190.561,190.106,190.13,8211,12
1708617600,190.129,190.145,189.867,189.991,8275,12
1708621200,189.993,190.038,189.844,189.947,9188,12
1708624800,189.946,190.511,189.941,190.461,6339,12
1708628400,190.46,190.653,190.404,190.61,4798,14
1708632000,190.61,190.624,190.477,190.6,4264,12
1708635600,190.6,190.634,190.546,190.573,3248,13
1708639200,190.573,190.593,190.5,190.547,3741,13
1708642800,190.547,190.609,190.526,190.565,1566,12
1708646400,190.535,190.537,190.38,190.495,693,63
1708650000,190.495,190.555,190.491,190.519,1524,21
1708653600,190.511,190.544,190.395,190.411,3818,15
1708657200,190.41,190.543,190.403,190.509,4281,15
1708660800,190.51,190.556,190.487,190.551,2902,13
1708664400,190.552,190.573,190.464,190.565,2434,13
1708668000,190.565,190.649,190.543,190.638,1748,14
1708671600,190.639,190.729,190.635,190.683,2434,12
1708675200,190.682,190.748,190.657,190.69,2626,13
1708678800,190.687,190.751,190.635,190.74,4853,12
1708682400,190.746,190.896,190.708,190.795,6471,14
1708686000,190.793,190.948,190.664,190.778,5159,12
1708689600,190.777,191.047,190.768,191.023,4163,15
1708693200,191.026,191.136,190.988,191.028,5061,14
1708696800,191.028,191.091,190.959,191.013,6143,12
1708700400,191.016,191.024,190.776,190.997,7182,12
1708704000,190.997,191.008,190.773,190.797,7144,14
1708707600,190.796,190.857,190.693,190.823,7157,12
1708711200,190.823,190.838,190.495,190.596,6038,12
1708714800,190.597,190.726,190.533,190.682,3943,13
1708718400,190.68,190.758,190.657,190.676,2410,15
1708722000,190.676,190.701,190.593,190.692,3038,14
1708725600,190.692,190.713,190.609,190.673,3253,13
1708729200,190.667,190.745,190.589,190.716,1523,12
1708905600,190.615,190.719,190.51,190.581,601,38
1708909200,190.621,190.773,190.555,190.678,2315,14
1708912800,190.676,190.676,190.344,190.389,3576,14
1708916400,190.395,190.48,190.326,190.458,3883,13
1708920000,190.46,190.519,190.455,190.492,2727,12
1708923600,190.492,190.503,190.456,190.475,1949,16
1708927200,190.475,190.678,190.435,190.615,2027,15
1708930800,190.617,190.617,190.478,190.542,2418,15
1708934400,190.543,190.592,190.467,190.51,3429,16
1708938000,190.506,190.719,190.487,190.718,4461,12
1708941600,190.714,190.812,190.536,190.795,5357,13
1708945200,190.796,191.008,190.744,190.989,4822,13
1708948800,190.991,191.113,190.922,190.974,4565,15
1708952400,190.972,191.293,190.903,191.277,3960,12
1708956000,191.282,191.315,191.016,191.029,5015,14
1708959600,191.03,191.273,191.022,191.265,6389,16
1708963200,191.266,191.301,191.089,191.094,6759,14
1708966800,191.095,191.233,191.043,191.193,6951,12
1708970400,191.192,191.248,191.095,191.203,5682,12
1708974000,191.202,191.27,191.038,191.113,3379,15
1708977600,191.11,191.146,191.059,191.094,3286,15
1708981200,191.094,191.15,191.054,191.124,2968,16
1708984800,191.124,191.195,191.095,191.125,3836,17
1708988400,191.127,191.182,191.09,191.147,1263,17
1708992000,190.974,191.143,190.918,191.063,554,59
1708995600,191.08,191.117,190.918,190.972,2266,19
1708999200,190.967,190.971,190.853,190.891,3566,13
1709002800,190.891,190.916,190.786,190.822,2996,12
1709006400,190.822,190.857,190.743,190.776,2838,12
1709010000,190.774,190.811,190.714,190.723,2351,16
1709013600,190.723,190.851,190.716,190.84,1745,16
1709017200,190.84,190.87,190.754,190.855,2846,12
1709020800,190.855,190.873,190.789,190.823,2993,15
1709024400,190.825,190.939,190.751,190.799,4782,13
1709028000,190.799,190.799,190.517,190.554,5835,15
1709031600,190.552,190.672,190.481,190.667,4280,14
1709035200,190.668,190.668,190.398,190.579,4480,12
1709038800,190.579,190.784,190.524,190.694,4808,13
1709042400,190.695,190.779,190.395,190.487,5342,14
1709046000,190.485,190.57,190.367,190.569,6446,14
1709049600,190.564,190.676,190.523,190.523,6428,12
1709053200,190.522,190.84,190.46,190.784,7373,13
1709056800,190.784,190.963,190.722,190.945,5357,12
1709060400,190.95,190.983,190.775,190.809,4577,15
1709064000,190.809,190.906,190.738,190.851,4350,16
1709067600,190.848,190.927,190.835,190.862,3576,13
1709071200,190.862,190.899,190.814,190.83,2843,15
1709074800,190.834,190.953,190.831,190.909,1267,12
1709078400,190.901,190.918,190.793,190.87,928,35
1709082000,190.864,190.886,190.822,190.84,1416,22
1709085600,190.842,190.866,190.663,190.834,3540,17
1709089200,190.834,190.834,190.621,190.639,3781,13
1709092800,190.64,190.679,190.555,190.638,3393,16
1709096400,190.638,190.696,190.591,190.686,2956,16
1709100000,190.687,190.788,190.661,190.772,2298,12
1709103600,190.769,190.778,190.623,190.644,2371,16
1709107200,190.641,190.695,190.635,190.676,2662,15
1709110800,190.682,190.838,190.587,190.825,4542,15
1709114400,190.826,190.87,190.446,190.52,5521,12
1709118000,190.516,190.563,190.272,190.309,5184,12
1709121600,190.308,190.597,190.258,190.575,5204,13
1709125200,190.577,190.658,190.448,190.579,4540,16
1709128800,190.58,190.627,190.328,190.382,4887,15
1709132400,190.383,190.598,190.328,190.549,8381,14
1709136000,190.546,190.808,190.476,190.745,8073,14
1709139600,190.745,190.819,190.618,190.813,6896,15
1709143200,190.812,190.886,190.727,190.874,5481,13
1709146800,190.874,190.927,190.685,190.775,4005,14
1709150400,190.775,190.788,190.675,190.744,3796,14
1709154000,190.744,190.747,190.624,190.672,3436,15
1709157600,190.673,190.818,190.637,190.773,2978,14
1709161200,190.774,190.82,190.744,190.782,1600,14
1709164800,190.782,190.782,190.545,190.692,1222,37
1709168400,190.698,190.743,190.571,190.743,1635,19
1709172000,190.743,190.744,190.565,190.623,3101,15
1709175600,190.623,190.628,190.114,190.148,4377,14
1709179200,190.147,190.172,189.681,189.747,6111,15
1709182800,189.746,189.833,189.639,189.771,4104,17
1709186400,189.774,189.849,189.644,189.781,3493,12
1709190000,189.781,190.063,189.592,189.869,4681,14
1709193600,189.865,189.876,189.61,189.636,4446,12
1709197200,189.632,189.677,189.371,189.373,7779,13
1709200800,189.384,189.793,189.351,189.533,7716,12
1709204400,189.538,189.799,189.52,189.742,7255,12
1709208000,189.742,190.027,189.732,189.985,5595,12
1709211600,189.981,190.03,189.684,189.716,6065,15
1709215200,189.713,189.775,189.583,189.718,5475,13
1709218800,189.715,189.758,189.447,189.497,9202,13
1709222400,189.498,189.738,189.332,189.385,8504,13
1709226000,189.384,189.409,189.041,189.291,9051,12
1709229600,189.283,189.39,189.164,189.34,7811,12
1709233200,189.339,189.398,189.223,189.246,5806,12
1709236800,189.248,189.259,189.112,189.197,3154,15
1709240400,189.198,189.271,189.119,189.148,3731,14
1709244000,189.149,189.275,189.114,189.237,2772,15
1709247600,189.235,189.363,189.224,189.328,2064,14
1709251200,189.165,189.355,189.097,189.321,1355,45
1709254800,189.316,189.564,189.275,189.476,2394,20
1709258400,189.476,189.752,189.465,189.655,4859,12
1709262000,189.657,189.957,189.655,189.953,5265,14
1709265600,189.953,190.024,189.84,189.925,3718,14
1709269200,189.925,189.941,189.855,189.884,3174,14
1709272800,189.886,189.966,189.865,189.896,2812,13
1709276400,189.896,190.002,189.886,189.948,3000,15
1709280000,189.947,189.973,189.826,189.855,3084,15
1709283600,189.851,190.129,189.835,190.089,4899,16
1709287200,190.088,190.385,190.056,190.27,6535,14
1709290800,190.272,190.315,189.996,190.242,6564,12
1709294400,190.249,190.298,189.704,189.889,7202,14
1709298000,189.885,190.172,189.861,190.127,5787,14
1709301600,190.13,190.281,190.078,190.141,4784,13
1709305200,190.155,190.276,190.116,190.257,7192,12
1709308800,190.258,190.274,189.836,189.837,7449,12
1709312400,189.693,189.991,189.6,189.94,10776,12
1709316000,189.934,190.037,189.797,190.0,7719,12
1709319600,189.998,190.06,189.913,190.019,5001,13
1709323200,190.02,190.072,189.963,190.015,4656,12
1709326800,190.016,190.086,189.984,190.076,4351,16
1709330400,190.074,190.077,189.978,190.028,3387,14
1709334000,190.024,190.038,189.793,189.825,2000,13
1709510400,189.643,189.95,189.643,189.919,685,61
1709514000,189.889,190.088,189.889,190.059,1944,23
1709517600,190.047,190.071,189.77,189.948,5003,15
1709521200,189.945,190.118,189.919,190.044,3484,16
1709524800,190.044,190.198,190.004,190.198,2932,16
1709528400,190.191,190.209,190.098,190.165,2235,14
1709532000,190.165,190.279,190.16,190.261,2019,16
1709535600,190.259,190.332,190.252,190.312,2519,14
1709539200,190.312,190.459,190.272,190.441,2489,16
1709542800,190.441,190.587,190.409,190.556,5304,12
1709546400,190.555,190.636,190.229,190.514,6239,13
1709550000,190.516,190.544,190.37,190.467,5260,12
1709553600,190.466,190.717,190.462,190.645,3419,14
1709557200,190.646,190.748,190.585,190.69,4872,15
1709560800,190.69,190.751,190.582,190.677,4546,14
1709564400,190.677,190.786,190.643,190.735,6057,12
1709568000,190.735,190.924,190.724,190.799,6433,16
1709571600,190.8,191.106,190.772,191.078,6394,14
1709575200,191.074,191.182,191.008,191.041,5397,13
1709578800,191.041,191.121,191.011,191.096,3758,14
1709582400,191.094,191.102,191.026,191.066,2488,16
1709586000,191.061,191.074,190.991,191.048,2288,14
1709589600,191.048,191.077,190.972,190.989,3082,15
1709593200,190.992,191.041,190.935,191.028,1591,12
1709596800,190.959,191.016,190.873,190.897,1135,56
1709600400,190.885,191.039,190.85,190.908,1903,12
1709604000,190.915,191.004,190.833,190.889,3239,12
1709607600,190.889,190.943,190.812,190.934,3389,12
1709611200,190.936,191.022,190.854,190.9,2668,14
1709614800,190.9,190.979,190.871,190.971,1723,14
1709618400,190.968,190.987,190.902,190.928,2476,15
1709622000,190.928,190.961,190.839,190.874,3061,16
1709625600,190.874,190.91,190.727,190.757,2879,13
1709629200,190.759,190.833,190.545,190.671,4438,13
1709632800,190.672,190.767,190.528,190.677,5788,12
1709636400,190.676,190.819,190.647,190.801,4953,15
1709640000,190.786,190.852,190.719,190.793,3155,14
1709643600,190.793,190.828,190.655,190.691,3747,15
1709647200,190.691,190.756,190.626,190.689,3699,16
1709650800,190.687,190.691,190.403,190.469,6396,14
1709654400,190.472,190.658,190.398,190.571,7585,12
1709658000,190.588,191.004,190.536,190.95,10369,12
1709661600,190.95,191.029,190.794,190.824,6987,12
1709665200,190.82,190.88,190.765,190.779,4160,12
1709668800,190.779,190.779,190.53,190.538,3455,14
1709672400,190.538,190.596,190.436,190.442,3010,15
1709676000,190.442,190.492,190.305,190.468,3551,14
1709679600,190.467,190.666,190.456,190.604,2394,12
1709683200,190.585,190.64,190.478,190.564,1523,39
1709686800,190.567,190.619,190.34,190.619,1868,21
1709690400,190.617,190.617,190.298,190.443,3861,14
1709694000,190.44,190.473,190.347,190.421,3200,13
1709697600,190.421,190.427,190.339,190.376,3428,16
1709701200,190.376,190.464,190.376,190.451,2781,16
1709704800,190.451,190.507,190.415,190.441,2499,20
1709708400,190.443,190.479,190.331,190.437,2257,17
1709712000,190.438,190.478,190.358,190.366,2599,12
1709715600,190.364,190.365,189.848,190.06,6625,13
1709719200,190.062,190.559,190.056,190.556,6188,12
1709722800,190.554,190.678,190.443,190.499,5784,13
1709726400,190.5,190.57,190.342,190.484,5600,12
1709730000,190.482,190.594,190.467,190.473,4149,13
1709733600,190.473,190.591,190.082,190.132,4707,12
1709737200,190.139,190.385,189.997,190.045,8276,12
1709740800,190.045,190.157,189.95,190.063,7275,12
1709744400,190.107,190.373,189.987,190.321,9364,12
1709748000,190.327,190.455,190.244,190.282,6412,13
1709751600,190.278,190.421,190.184,190.294,5695,12
1709755200,190.296,190.345,190.143,190.264,4430,13
1709758800,190.265,190.317,190.185,190.273,5047,13
1709762400,190.274,190.34,190.241,190.243,3391,14
1709766000,190.249,190.302,190.127,190.127,1751,12
1709769600,190.127,190.156,189.994,190.063,1215,41
1709773200,190.064,190.133,189.954,190.09,1972,13
1709776800,190.083,190.087,189.621,189.661,5944,13
1709780400,189.649,189.722,189.132,189.183,7987,12
1709784000,189.183,189.373,189.161,189.359,4003,16
1709787600,189.362,189.374,189.212,189.302,2792,14
1709791200,189.302,189.306,189.04,189.244,3937,12
1709794800,189.244,189.314,189.147,189.26,3125,13
1709798400,189.261,189.296,188.66,188.797,5157,12
1709802000,188.801,188.818,188.398,188.404,7543,14
1709805600,188.403,188.6,188.28,188.421,7012,13
1709809200,188.421,188.784,188.239,188.671,5468,12
1709812800,188.67,188.692,188.548,188.671,4873,14
1709816400,188.671,188.697,188.462,188.556,4945,12
1709820000,188.553,188.626,188.379,188.489,5506,12
1709823600,188.49,188.585,188.227,188.431,9789,12
1709827200,188.429,189.171,188.394,189.11,10235,12
1709830800,189.11,189.514,189.094,189.448,8561,14
1709834400,189.445,189.481,189.255,189.458,8249,12
1709838000,189.455,189.568,189.379,189.449,5572,13
1709841600,189.453,189.678,189.437,189.644,4261,13
1709845200,189.643,189.671,189.505,189.511,4448,12
1709848800,189.514,189.716,189.462,189.661,2895,12
1709852400,189.659,189.672,189.518,189.619,1844,14
1709856000,189.501,189.569,189.389,189.428,1856,44
1709859600,189.427,189.539,189.365,189.453,1801,20
1709863200,189.449,189.492,189.11,189.322,5387,13
1709866800,189.317,189.706,189.218,189.535,5519,12
1709870400,189.535,189.661,189.427,189.485,4719,13
1709874000,189.485,189.584,189.292,189.303,3711,15
1709877600,189.303,189.41,189.3,189.35,2600,15
1709881200,189.348,189.393,189.283,189.326,3729,16
1709884800,189.326,189.529,189.325,189.382,3794,12
1709888400,189.379,189.592,189.223,189.333,6969,12
1709892000,189.332,189.607,189.296,189.491,6177,12
1709895600,189.492,189.508,188.378,188.732,8231,12
1709899200,188.73,188.911,188.554,188.82,6104,12
1709902800,188.822,188.822,188.523,188.716,4900,12
1709906400,188.71,189.016,188.695,189.014,4744,13
1709910000,189.017,189.214,188.644,189.047,10843,12
1709913600,189.049,189.207,188.904,189.169,10969,12
1709917200,189.169,189.485,189.166,189.372,9202,12
1709920800,189.377,189.421,189.092,189.108,8217,13
1709924400,189.104,189.142,188.892,188.906,7862,13
1709928000,188.906,189.016,188.768,188.87,5790,12
1709931600,188.869,189.116,188.865,189.042,3957,13
1709935200,189.046,189.074,188.949,188.973,3713,13
1709938800,188.974,189.118,188.903,189.016,2369,13
1710115200,188.952,189.124,188.936,189.014,642,113
1710118800,188.996,189.061,188.871,188.921,1320,22
1710122400,188.924,188.929,188.579,188.707,4169,15
1710126000,188.704,188.832,188.614,188.676,5323,15
1710129600,188.675,188.834,188.448,188.805,5948,15
1710133200,188.806,188.98,188.748,188.955,4185,12
1710136800,188.957,188.957,188.797,188.814,2884,12
1710140400,188.814,188.929,188.734,188.78,2624,17
1710144000,188.78,188.967,188.755,188.841,3199,14
1710147600,188.844,188.961,188.778,188.844,3768,12
1710151200,188.845,188.921,188.486,188.493,5828,12
1710154800,188.492,188.587,188.204,188.326,7451,13
1710158400,188.329,188.406,188.135,188.277,5950,14
1710162000,188.277,188.479,188.162,188.412,4464,12
1710165600,188.413,188.492,188.37,188.444,4088,12
1710169200,188.455,188.584,188.269,188.282,5662,12
1710172800,188.282,188.463,188.245,188.461,6363,14
1710176400,188.461,188.589,188.36,188.373,6706,13
1710180000,188.371,188.419,187.955,188.05,6686,12
1710183600,188.052,188.192,187.986,188.089,4789,15
1710187200,188.088,188.195,187.978,188.179,4700,13
1710190800,188.177,188.295,188.137,188.183,3032,15
1710194400,188.184,188.254,188.171,188.242,2606,15
1710198000,188.243,188.3,188.213,188.279,1691,17
1710201600,188.082,188.297,187.98,188.282,921,48
1710205200,188.272,188.28,188.18,188.268,1573,22
1710208800,188.268,188.27,188.002,188.079,2419,15
1710212400,188.077,188.261,187.97,188.227,4714,15
1710216000,188.231,188.425,188.228,188.375,4511,15
1710219600,188.375,189.004,188.362,189.004,5433,12
1710223200,189.003,189.02,188.863,188.928,3568,17
1710226800,188.928,188.981,188.845,188.931,3216,15
1710230400,188.931,189.194,188.926,189.123,4045,14
1710234000,189.123,189.17,188.674,188.904,5195,12
1710237600,188.89,188.976,188.366,188.437,6610,13
1710241200,188.436,188.713,188.221,188.364,6513,13
1710244800,188.363,188.557,188.316,188.549,4883,14
1710248400,188.551,188.666,188.513,188.532,4735,12
1710252000,188.53,188.604,188.477,188.586,4378,12
1710255600,188.586,189.041,188.333,188.56,10384,12
1710259200,188.562,188.907,188.454,188.601,10609,12
1710262800,188.606,188.923,188.536,188.897,7414,12
1710266400,188.897,188.925,188.73,188.807,5454,12
1710270000,188.805,188.889,188.688,188.732,4812,15
1710273600,188.729,188.938,188.67,188.922,4908,13
1710277200,188.923,188.932,188.776,188.9,4019,13
1710280800,188.898,188.934,188.823,188.934,3118,13
1710284400,188.934,188.948,188.865,188.871,1393,15
1710288000,188.718,188.882,188.638,188.828,706,65
1710291600,188.828,188.873,188.765,188.786,1606,17
1710295200,188.782,188.916,188.751,188.871,1748,18
1710298800,188.87,188.889,188.539,188.542,4451,15
1710302400,188.543,188.626,188.407,188.58,4520,13
1710306000,188.582,188.722,188.494,188.549,3450,12
1710309600,188.549,188.619,188.46,188.56,2812,15
1710313200,188.561,188.755,188.538,188.744,2973,13
1710316800,188.742,188.826,188.722,188.781,3564,14
1710320400,188.781,189.034,188.688,189.006,4099,12
1710324000,188.996,189.028,188.571,188.812,6619,13
1710327600,188.809,189.2,188.776,189.162,6469,12
1710331200,189.162,189.254,188.927,189.064,6889,16
1710334800,189.062,189.206,189.046,189.192,4872,12
1710338400,189.192,189.522,189.161,189.512,4563,13
1710342000,189.516,189.536,189.28,189.36,6027,14
1710345600,189.357,189.402,189.052,189.159,6163,12
1710349200,189.16,189.399,189.145,189.262,6575,12
1710352800,189.261,189.266,188.955,189.05,6353,13
1710356400,189.051,189.115,188.943,189.018,5261,13
1710360000,189.019,189.112,188.802,189.069,5717,12
1710363600,189.07,189.155,188.992,189.054,3648,16
1710367200,189.054,189.179,189.028,189.179,3571,16
1710370800,189.178,189.189,189.064,189.072,1698,12
1710374400,189.033,189.036,188.778,188.928,1036,45
1710378000,188.93,189.056,188.929,189.039,1732,27
1710381600,189.04,189.042,188.897,188.922,2074,17
1710385200,188.92,189.018,188.81,188.91,3640,15
1710388800,188.91,189.048,188.855,189.012,4393,15
1710392400,189.012,189.235,189.002,189.195,3456,13
1710396000,189.195,189.198,189.058,189.098,3607,15
1710399600,189.097,189.223,189.048,189.199,3007,15
1710403200,189.198,189.26,189.137,189.168,3697,17
1710406800,189.169,189.229,189.146,189.203,3488,14
1710410400,189.201,189.415,189.165,189.308,5594,12
1710414000,189.308,189.435,189.276,189.364,5794,12
1710417600,189.361,189.508,189.344,189.383,4293,15
1710421200,189.383,189.504,189.255,189.275,4369,14
1710424800,189.275,189.31,189.167,189.192,4333,14
1710428400,189.184,189.278,188.912,189.165,9170,12
1710432000,189.167,189.295,188.583,189.048,11061,12
1710435600,189.049,189.131,188.828,188.902,9478,12
1710439200,188.904,188.964,188.753,188.889,8790,12
1710442800,188.889,189.012,188.822,188.912,5809,13
1710446400,188.915,189.086,188.877,189.058,4805,13
1710450000,189.057,189.171,189.038,189.066,3623,12
1710453600,189.071,189.093,188.952,189.073,3812,16
1710457200,189.074,189.157,189.021,189.157,2156,13
1710460800,189.143,189.154,189.002,189.107,1635,30
1710464400,189.111,189.118,189.01,189.022,903,21
1710468000,189.022,189.063,188.972,189.005,2059,18
1710471600,189.003,189.167,188.956,189.06,5377,12
1710475200,189.065,189.164,189.023,189.098,3949,14
1710478800,189.093,189.268,188.97,188.985,3668,15
1710482400,188.985,189.041,188.893,188.973,3104,18
1710486000,188.973,189.022,188.838,188.922,1982,13
1710489600,188.923,188.97,188.89,188.922,2699,15
1710493200,188.92,188.946,188.695,188.816,4067,12
1710496800,188.814,189.249,188.58,189.202,7189,13
1710500400,189.203,189.65,189.203,189.425,7255,13
1710504000,189.423,189.681,189.387,189.64,5689,15
1710507600,189.644,189.748,189.629,189.71,4117,15
1710511200,189.709,189.73,189.528,189.589,4598,15
1710514800,189.588,189.722,189.517,189.666,5836,12
1710518400,189.667,189.901,189.653,189.75,7116,12
1710522000,189.745,189.915,189.706,189.839,7398,13
1710525600,189.843,189.99,189.769,189.981,5970,12
1710529200,189.98,190.018,189.704,189.797,5292,12
1710532800,189.79,189.792,189.643,189.71,3797,14
1710536400,189.71,189.854,189.698,189.851,3037,12
1710540000,189.849,189.903,189.807,189.892,2382,12
1710543600,189.892,189.902,189.646,189.71,1360,14
1710720000,189.605,189.841,189.536,189.803,398,72
1710723600,189.803,189.887,189.688,189.695,1505,17
1710727200,189.695,189.744,189.605,189.626,2311,15
1710730800,189.62,190.05,189.608,190.039,3970,14
1710734400,190.05,190.114,189.915,189.97,3445,13
1710738000,189.967,190.001,189.648,189.706,3410,12
1710741600,189.705,189.826,189.687,189.735,2520,16
1710745200,189.735,189.849,189.729,189.838,1878,16
1710748800,189.836,189.91,189.815,189.855,2118,15
1710752400,189.855,190.024,189.833,190.014,2832,15
1710756000,190.013,190.145,189.956,189.996,4898,12
1710759600,189.99,190.062,189.928,190.057,5444,13
1710763200,190.055,190.115,189.998,190.007,4312,13
1710766800,190.005,190.041,189.825,189.94,3538,12
1710770400,189.94,189.964,189.843,189.896,3446,13
1710774000,189.895,190.046,189.877,189.982,4637,12
1710777600,189.982,190.038,189.898,189.992,5278,12
1710781200,189.989,190.049,189.915,189.96,5299,13
1710784800,189.957,189.98,189.801,189.875,4794,12
1710788400,189.875,189.938,189.688,189.789,4078,12
1710792000,189.79,189.802,189.527,189.729,4305,13
1710795600,189.729,189.806,189.599,189.804,2603,12
1710799200,189.805,189.862,189.753,189.859,2460,15
1710802800,189.862,189.865,189.792,189.839,1678,13
1710806400,189.73,189.815,189.73,189.777,1012,51
1710810000,189.777,189.814,189.666,189.666,1799,21
1710813600,189.666,189.837,189.644,189.813,2055,17
1710817200,189.798,189.84,189.723,189.787,3613,12
1710820800,189.787,189.97,189.785,189.878,3969,12
1710824400,189.877,190.022,189.833,190.017,2750,16
1710828000,190.017,190.686,189.592,190.451,6398,12
1710831600,190.455,190.806,190.422,190.715,6452,14
1710835200,190.715,191.179,190.7,191.002,5452,12
1710838800,191.006,191.194,190.766,191.106,6284,12
1710842400,191.105,191.133,190.567,190.808,8147,14
1710846000,190.813,190.947,190.611,190.762,7932,13
1710849600,190.759,191.003,190.71,190.932,6366,12
1710853200,190.924,190.977,190.745,190.891,6264,13
1710856800,190.89,190.95,190.831,190.87,4634,12
1710860400,190.869,191.222,190.831,191.104,6410,14
1710864000,191.102,191.329,191.05,191.329,6514,12
1710867600,191.329,191.613,191.302,191.594,5747,13
1710871200,191.586,191.667,191.492,191.583,4936,14
1710874800,191.584,192.085,191.584,192.073,4830,14
1710878400,192.062,192.157,191.962,192.08,4021,12
1710882000,192.08,192.08,191.947,191.999,2943,14
1710885600,191.999,192.029,191.937,191.952,1726,12
1710889200,191.954,191.956,191.881,191.886,912,12
1710892800,191.886,191.895,191.779,191.829,891,48
1710896400,191.828,191.926,191.826,191.874,851,21
1710900000,191.868,192.127,191.865,192.062,2651,15
1710903600,192.053,192.374,192.029,192.221,4635,12
1710907200,192.229,192.318,192.193,192.223,3729,15
1710910800,192.222,192.375,192.214,192.367,3283,16
1710914400,192.367,192.521,192.362,192.521,2681,16
1710918000,192.522,192.754,192.519,192.664,3474,14
1710921600,192.662,192.763,192.597,192.731,3897,15
1710925200,192.733,192.843,192.532,192.546,3599,12
1710928800,192.525,192.807,192.319,192.59,6073,12
1710932400,192.59,192.604,192.286,192.384,6177,12
1710936000,192.381,192.625,192.357,192.514,5257,12
1710939600,192.51,192.65,192.471,192.536,3805,13
1710943200,192.529,192.608,192.481,192.558,3989,12
1710946800,192.555,192.635,192.425,192.634,4447,12
1710950400,192.633,192.732,192.524,192.708,4832,12
1710954000,192.708,192.746,192.615,192.687,4969,12
1710957600,192.687,192.771,192.537,192.759,4539,14
1710961200,192.757,192.836,192.703,192.819,3605,12
1710964800,192.819,192.859,192.664,192.706,3337,12
1710968400,192.721,193.114,192.429,192.683,13554,12
1710972000,192.69,193.29,192.682,193.29,9527,12
1710975600,193.283,193.526,193.272,193.372,3862,12
1710979200,193.372,193.379,193.263,193.269,963,33
1710982800,193.283,193.372,192.971,192.971,3484,13
1710986400,192.972,193.075,192.826,192.909,3959,12
1710990000,192.907,192.979,192.6,192.701,7795,13
1710993600,192.701,192.746,192.341,192.562,7366,12
1710997200,192.567,192.57,192.398,192.55,4906,12
1711000800,192.553,192.637,192.452,192.565,4136,15
1711004400,192.563,192.854,192.51,192.817,3881,13
1711008000,192.817,193.114,192.81,193.101,4385,12
1711011600,193.103,193.273,192.994,193.179,5206,13
1711015200,193.175,193.334,193.009,193.324,7031,12
1711018800,193.324,193.499,192.904,192.969,8871,12
1711022400,192.978,193.194,192.913,192.947,7340,12
1711026000,192.946,192.983,192.742,192.903,5702,14
1711029600,192.901,192.948,192.583,192.583,5820,13
1711033200,192.586,192.679,192.237,192.509,8539,12
1711036800,192.511,192.598,192.273,192.395,8359,12
1711040400,192.38,192.526,192.279,192.44,9278,13
1711044000,192.437,192.441,191.863,192.023,7789,12
1711047600,192.021,192.223,191.977,192.105,5633,13
1711051200,192.105,192.203,191.977,192.01,3826,14
1711054800,192.009,192.069,191.956,191.98,3145,15
1711058400,191.986,192.013,191.88,191.889,2509,13
1711062000,191.888,191.923,191.835,191.899,1983,12
1711065600,191.8,191.925,191.784,191.855,1282,45
1711069200,191.855,191.913,191.809,191.813,825,15
1711072800,191.814,192.041,191.813,191.969,2032,15
1711076400,191.969,192.068,191.792,192.029,3750,15
1711080000,192.031,192.231,191.977,192.024,5845,12
1711083600,192.022,192.033,191.465,191.643,6108,14
1711087200,191.643,191.67,191.446,191.613,4600,13
1711090800,191.613,191.652,191.503,191.627,3138,13
1711094400,191.627,191.668,191.41,191.506,3736,12
1711098000,191.499,191.511,190.963,191.031,5243,12
1711101600,191.02,191.253,190.711,190.89,7031,13
1711105200,190.888,190.892,190.493,190.819,6263,12
1711108800,190.818,190.96,190.736,190.836,5329,14
1711112400,190.833,190.836,190.632,190.776,4576,13
1711116000,190.778,190.794,190.518,190.591,4298,14
1711119600,190.586,190.859,190.381,190.817,7020,12
1711123200,190.817,190.865,190.561,190.776,7602,12
1711126800,190.776,190.816,190.496,190.583,7164,14
1711130400,190.582,190.749,190.58,190.704,5896,12
1711134000,190.701,190.798,190.645,190.669,4484,12
1711137600,190.668,190.708,190.545,190.664,3421,12
1711141200,190.659,190.708,190.634,190.696,2623,12
1711144800,190.691,190.72,190.604,190.7,2560,15
1711148400,190.698,190.818,190.65,190.783,2365,12
1711324800,190.51,190.781,190.51,190.72,1011,26
1711328400,190.682,190.74,190.522,190.566,1159,19
1711332000,190.566,190.634,190.331,190.605,2934,20
1711335600,190.603,190.668,190.481,190.554,5007,16
1711339200,190.552,190.768,190.431,190.76,5553,14
1711342800,190.76,190.792,190.55,190.659,3946,14
1711346400,190.659,190.729,190.599,190.639,3676,14
1711350000,190.638,190.812,190.637,190.798,2357,14
1711353600,190.798,190.843,190.685,190.732,2817,13
1711357200,190.732,190.754,190.623,190.754,2743,15
1711360800,190.747,190.825,190.588,190.691,4568,15
1711364400,190.691,190.908,190.599,190.829,5816,12
1711368000,190.829,191.013,190.746,190.981,3930,12
1711371600,190.979,191.025,190.869,191.006,3962,12
1711375200,191.004,191.258,190.973,191.173,3721,14
1711378800,191.177,191.304,191.02,191.123,4398,13
1711382400,191.122,191.342,191.069,191.272,4709,14
1711386000,191.284,191.435,191.272,191.414,4954,12
1711389600,191.412,191.497,191.271,191.45,3704,12
1711393200,191.454,191.557,191.382,191.45,3446,14
1711396800,191.449,191.494,191.383,191.491,2372,14
1711400400,191.491,191.51,191.414,191.423,1957,14
1711404000,191.422,191.451,191.362,191.388,1684,13
1711407600,191.387,191.415,191.314,191.32,1538,15
1711411200,191.315,191.385,191.195,191.311,861,28
1711414800,191.311,191.358,191.271,191.332,1249,20
1711418400,191.331,191.349,191.264,191.276,1564,17
1711422000,191.274,191.368,191.212,191.244,3682,14
1711425600,191.245,191.356,191.202,191.344,4191,15
1711429200,191.344,191.371,191.251,191.301,3190,15
1711432800,191.299,191.373,191.269,191.327,2737,16
1711436400,191.323,191.372,191.263,191.34,2012,16
1711440000,191.34,191.452,191.305,191.414,2362,15
1711443600,191.411,191.536,191.374,191.47,2399,15
1711447200,191.469,191.498,191.34,191.423,3823,13
1711450800,191.422,191.458,191.273,191.324,4791,13
1711454400,191.324,191.514,191.173,191.411,4884,12
1711458000,191.411,191.671,191.403,191.456,4329,13
1711461600,191.456,191.656,191.445,191.543,3370,14
1711465200,191.543,191.564,191.383,191.425,5433,13
1711468800,191.425,191.501,191.312,191.41,4896,12
1711472400,191.404,191.448,191.093,191.238,5589,12
1711476000,191.239,191.437,191.197,191.413,5101,12
1711479600,191.413,191.44,191.246,191.354,4295,12
1711483200,191.352,191.39,191.289,191.373,3134,12
1711486800,191.374,191.394,191.312,191.341,2121,17
1711490400,191.341,191.413,191.319,191.338,2120,15
1711494000,191.337,191.399,191.323,191.379,1564,16
1711497600,191.335,191.338,191.142,191.223,720,56
1711501200,191.225,191.259,191.18,191.22,962,27
1711504800,191.22,191.282,191.165,191.2,1455,22
1711508400,191.2,191.22,191.044,191.099,3261,16
1711512000,191.098,191.341,191.088,191.287,4244,16
1711515600,191.291,191.524,191.269,191.447,3077,12
1711519200,191.447,191.477,191.112,191.217,4038,12
1711522800,191.215,191.273,191.129,191.255,1916,17
1711526400,191.254,191.339,191.191,191.287,2059,15
1711530000,191.287,191.334,191.225,191.316,3275,14
1711533600,191.309,191.5,191.247,191.465,5342,14
1711537200,191.467,191.51,191.34,191.442,4897,12
1711540800,191.438,191.441,190.734,190.98,8508,12
1711544400,190.981,190.989,190.677,190.879,5533,12
1711548000,190.879,190.881,190.596,190.65,4729,12
1711551600,190.646,190.786,190.496,190.695,4990,12
1711555200,190.694,190.823,190.625,190.807,5062,12
1711558800,190.809,190.916,190.734,190.776,4562,13
1711562400,190.773,191.047,190.742,190.996,4134,13
1711566000,190.999,191.063,190.934,190.999,3940,14
1711569600,190.997,191.09,190.973,191.044,3488,14
1711573200,191.044,191.119,191.015,191.075,2462,14
1711576800,191.079,191.123,191.043,191.098,2367,15
1711580400,191.097,191.183,191.096,191.128,1425,14
1711584000,191.041,191.109,190.867,191.073,479,48
1711587600,191.074,191.075,190.851,190.859,2576,12
1711591200,190.86,190.941,190.785,190.819,2055,13
1711594800,190.819,191.126,190.762,191.111,3077,12
1711598400,191.107,191.246,190.896,191.021,4314,12
1711602000,191.02,191.12,190.99,191.103,3773,14
1711605600,191.103,191.136,191.047,191.065,2349,15
1711609200,191.071,191.122,191.064,191.112,1825,14
1711612800,191.114,191.16,191.063,191.114,2559,13
1711616400,191.112,191.14,190.952,191.049,2849,16
1711620000,191.047,191.05,190.873,190.991,4273,12
1711623600,190.995,191.001,190.692,190.831,4607,12
1711627200,190.837,190.851,190.558,190.66,3382,12
1711630800,190.66,191.004,190.634,190.917,4376,13
1711634400,190.918,191.036,190.819,190.841,3065,14
1711638000,190.842,191.09,190.826,191.079,5870,12
1711641600,191.079,191.255,191.063,191.229,6761,12
1711645200,191.237,191.315,190.95,190.996,5639,12
1711648800,191.001,191.138,190.837,191.101,5667,12
1711652400,191.106,191.229,191.035,191.135,4995,12
1711656000,191.135,191.204,191.014,191.058,3526,14
1711659600,191.058,191.117,190.914,191.016,2558,12
1711663200,191.015,191.068,190.977,190.997,2660,17
1711666800,190.998,191.042,190.955,191.019,1555,14
1711670400,191.014,191.063,190.927,191.0,753,56
1711674000,191.021,191.13,190.997,191.096,1644,44
1711677600,191.105,191.183,191.08,191.1,3376,26
1711681200,191.1,191.194,190.876,191.013,2361,18
1711684800,191.013,191.147,191.002,191.02,2104,16
1711688400,191.02,191.02,190.795,190.899,2298,17
1711692000,190.899,191.0,190.895,190.924,1383,23
1711695600,190.922,190.997,190.899,190.922,1335,22
1711699200,190.923,191.033,190.846,190.962,1237,12
1711702800,190.962,191.119,190.962,191.025,1338,17
1711706400,191.025,191.067,190.911,190.923,2872,19
1711710000,190.923,191.062,190.913,191.043,1155,24
1711713600,191.042,191.061,190.842,190.85,724,20
1711717200,190.855,190.952,190.782,190.814,1161,22
1711720800,190.814,190.96,190.762,190.882,1177,21
1711724400,190.882,191.081,190.784,190.998,1889,12
1711728000,191.001,191.21,190.975,191.164,2528,15
1711731600,191.165,191.169,190.96,191.112,1987,20
1711735200,191.109,191.119,190.987,191.053,1332,18
1711738800,191.05,191.063,190.968,191.005,1782,22
1711742400,191.005,191.007,190.83,190.921,775,22
1711746000,190.923,190.979,190.861,190.976,391,13
1711749600,190.98,190.993,190.891,190.898,227,22
1711753200,190.897,191.054,190.86,190.917,1024,85
1711929600,190.956,191.111,190.874,191.016,569,156
1711933200,191.016,191.206,190.945,191.078,2018,12
1711936800,191.078,191.343,191.074,191.328,2427,17
1711940400,191.327,191.332,191.163,191.255,4501,15
1711944000,191.255,191.287,190.998,191.017,3869,14
1711947600,191.017,191.115,190.982,191.109,2728,19
1711951200,191.11,191.21,191.061,191.205,2489,17
1711954800,191.208,191.236,191.139,191.169,2187,13
1711958400,191.174,191.208,191.102,191.155,2355,16
1711962000,191.153,191.156,191.024,191.12,2918,16
1711965600,191.121,191.199,190.975,190.991,3103,16
1711969200,190.997,191.099,190.932,191.015,2769,17
1711972800,191.017,191.086,191.015,191.038,1771,15
1711976400,191.037,191.051,190.864,190.892,2391,16
1711980000,190.892,190.995,190.848,190.966,2478,17
1711983600,190.965,191.022,190.887,191.011,4005,14
1711987200,191.006,191.042,190.92,190.969,4489,12
1711990800,190.88,191.001,190.457,190.561,6651,12
1711994400,190.564,190.599,190.269,190.284,4265,12
1711998000,190.284,190.34,190.263,190.305,2640,17
1712001600,190.304,190.319,190.172,190.259,1876,15
1712005200,190.259,190.278,190.171,190.204,1848,14
1712008800,190.204,190.295,190.203,190.271,2555,16
1712012400,190.267,190.335,190.24,190.324,1486,15
1712016000,190.307,190.368,190.238,190.326,754,46
1712019600,190.329,190.343,190.228,190.231,1031,22
1712023200,190.231,190.29,190.155,190.185,2187,17
1712026800,190.18,190.344,190.034,190.309,4356,14
1712030400,190.309,190.405,190.169,190.397,3866,13
1712034000,190.397,190.406,190.261,190.305,2699,14
1712037600,190.305,190.344,190.269,190.323,2093,16
1712041200,190.323,190.377,190.275,190.375,1783,12
1712044800,190.375,190.442,190.297,190.306,3025,13
1712048400,190.297,190.375,190.235,190.341,4072,13
1712052000,190.343,190.505,190.335,190.403,4697,14
1712055600,190.397,190.502,190.297,190.483,4723,12
1712059200,190.483,190.648,190.483,190.63,3817,13
1712062800,190.63,190.656,190.518,190.634,3362,13
1712066400,190.631,190.707,190.524,190.673,3221,16
1712070000,190.674,190.71,190.445,190.461,5127,13
1712073600,190.461,190.479,190.338,190.381,5763,12
1712077200,190.379,190.526,190.327,190.47,7287,12
1712080800,190.473,190.616,190.413,190.546,5082,12
1712084400,190.547,190.62,190.527,190.567,3162,13
1712088000,190.562,190.606,190.493,190.575,2019,14
1712091600,190.575,190.597,190.492,190.533,1691,12
1712095200,190.535,190.624,190.514,190.618,1802,12
1712098800,190.617,190.659,190.586,190.604,1171,13
1712102400,190.593,190.651,190.401,190.651,254,39
1712106000,190.651,190.659,190.537,190.571,1410,18
1712109600,190.571,190.601,190.543,190.577,1649,15
1712113200,190.576,190.576,190.416,190.538,4119,13
1712116800,190.538,190.628,190.465,190.596,3695,14
1712120400,190.596,190.634,190.551,190.577,2597,15
1712124000,190.577,190.667,190.562,190.646,2327,15
1712127600,190.646,190.706,190.62,190.671,2030,17
1712131200,190.671,190.7,190.607,190.662,2930,16
1712134800,190.663,190.744,190.602,190.703,3899,14
1712138400,190.704,190.735,190.573,190.587,4921,15
1712142000,190.587,190.898,190.574,190.823,3979,14
1712145600,190.827,190.984,190.779,190.791,4375,12
1712149200,190.79,190.849,190.67,190.801,3515,13
1712152800,190.804,190.901,190.789,190.884,3866,13
1712156400,190.883,191.037,190.828,190.909,6270,12
1712160000,190.907,191.094,190.877,191.014,6225,13
1712163600,190.971,191.623,190.939,191.53,8805,13
1712167200,191.53,191.681,191.507,191.603,4845,14
1712170800,191.605,191.81,191.561,191.761,5018,12
1712174400,191.762,191.887,191.718,191.829,3290,14
1712178000,191.831,191.922,191.816,191.908,2311,15
1712181600,191.908,191.925,191.796,191.854,2501,13
1712185200,191.858,191.928,191.835,191.911,1067,16
1712188800,191.909,191.909,191.675,191.823,501,50
1712192400,191.825,191.847,191.757,191.795,1144,18
1712196000,191.8,191.862,191.748,191.763,2296,17
1712199600,191.763,191.855,191.713,191.763,3653,14
1712203200,191.762,191.859,191.744,191.809,2943,16
1712206800,191.809,191.925,191.783,191.903,2596,12
1712210400,191.903,191.932,191.876,191.894,2413,16
1712214000,191.898,191.951,191.88,191.927,2685,15
1712217600,191.926,192.014,191.841,191.849,2294,13
1712221200,191.849,192.029,191.829,191.93,3220,13
1712224800,191.93,192.18,191.916,192.068,4996,12
1712228400,192.069,192.163,191.993,192.109,3639,12
1712232000,192.109,192.217,192.017,192.174,3014,12
1712235600,192.175,192.178,192.034,192.061,2749,14
1712239200,192.06,192.074,191.912,191.958,2751,12
1712242800,191.96,192.128,191.935,192.078,4684,12
1712246400,192.079,192.226,192.023,192.088,5417,13
1712250000,192.089,192.238,192.071,192.127,5184,12
1712253600,192.125,192.17,192.07,192.092,3458,15
1712257200,192.094,192.167,192.058,192.06,2209,12
1712260800,192.061,192.124,192.039,192.075,1956,13
1712264400,192.074,192.086,191.222,191.279,5826,12
1712268000,191.278,191.394,191.008,191.118,7878,13
1712271600,191.117,191.339,191.093,191.318,2653,15
1712275200,191.304,191.304,191.163,191.263,539,45
1712278800,191.266,191.286,191.175,191.25,2219,21
1712282400,191.249,191.269,191.123,191.216,2533,16
1712286000,191.216,191.259,190.722,190.849,6010,12
1712289600,190.852,190.921,190.666,190.741,6082,12
1712293200,190.743,190.877,190.742,190.853,3572,13
1712296800,190.853,190.982,190.804,190.971,2792,14
1712300400,190.97,191.014,190.898,190.909,2478,15
1712304000,190.908,190.942,190.775,190.862,2902,12
1712307600,190.85,190.938,190.748,190.907,4639,12
1712311200,190.905,191.115,190.85,191.086,5375,13
1712314800,191.084,191.398,191.025,191.327,4567,15
1712318400,191.33,191.398,191.253,191.301,3794,14
1712322000,191.3,191.3,191.151,191.184,3316,14
1712325600,191.182,191.3,191.136,191.21,3253,14
1712329200,191.208,191.35,190.858,191.003,8035,12
1712332800,191.002,191.052,190.779,190.95,8219,13
1712336400,190.95,191.161,190.844,191.137,9023,12
1712340000,191.131,191.548,191.113,191.453,6277,12
1712343600,191.458,191.539,191.408,191.512,4098,16
1712347200,191.512,191.586,191.456,191.522,3103,13
1712350800,191.525,191.589,191.449,191.468,3169,13
1712354400,191.468,191.624,191.445,191.592,3135,14
1712358000,191.595,191.615,191.554,191.578,1797,16
1712534400,191.345,191.486,191.179,191.468,804,51
1712538000,191.468,191.611,191.425,191.453,1967,12
1712541600,191.451,191.513,191.417,191.472,2483,17
1712545200,191.472,191.48,191.361,191.392,4728,16
1712548800,191.394,191.674,191.381,191.65,5175,13
1712552400,191.65,191.796,191.614,191.795,3854,16
1712556000,191.794,191.82,191.638,191.685,2957,15
1712559600,191.686,191.728,191.656,191.695,2296,13
1712563200,191.697,191.767,191.667,191.702,2919,14
1712566800,191.704,191.802,191.654,191.691,4484,12
1712570400,191.691,191.79,191.598,191.755,4900,15
1712574000,191.757,191.834,191.665,191.723,4581,12
1712577600,191.723,191.832,191.637,191.757,3269,12
1712581200,191.753,191.856,191.713,191.837,2588,13
1712584800,191.835,191.85,191.681,191.701,3327,13
1712588400,191.7,191.775,191.615,191.757,4200,13
1712592000,191.758,191.982,191.758,191.879,5848,14
1712595600,191.879,192.073,191.813,191.984,5747,13
1712599200,191.984,192.13,191.909,192.05,3809,12
1712602800,192.048,192.05,191.955,192.039,2975,13
1712606400,192.041,192.177,191.98,192.123,2335,13
1712610000,192.123,192.147,192.079,192.095,2530,15
1712613600,192.094,192.155,192.064,192.136,2938,12
1712617200,192.137,192.183,192.068,192.094,1038,14
1712620800,191.973,192.137,191.871,192.079,898,44
1712624400,192.078,192.131,192.067,192.123,1052,20
1712628000,192.123,192.216,192.121,192.177,1520,13
1712631600,192.18,192.24,192.106,192.216,3038,12
1712635200,192.217,192.263,192.17,192.198,3718,16
1712638800,192.203,192.226,192.15,192.2,2372,17
1712642400,192.195,192.214,192.141,192.159,1831,16
1712646000,192.159,192.246,192.154,192.235,1548,16
1712649600,192.231,192.286,192.222,192.251,1589,12
1712653200,192.252,192.336,192.199,192.226,3480,13
1712656800,192.223,192.267,192.127,192.205,3951,15
1712660400,192.205,192.304,192.137,192.29,3689,12
1712664000,192.288,192.541,192.156,192.525,3908,13
1712667600,192.525,192.659,192.496,192.556,3351,16
1712671200,192.555,192.599,192.443,192.514,3302,14
1712674800,192.516,192.774,192.478,192.689,5100,12
1712678400,192.687,192.846,192.624,192.698,5922,12
1712682000,192.698,192.711,192.168,192.204,6576,12
1712685600,192.206,192.323,192.138,192.272,5131,13
1712689200,192.271,192.302,192.128,192.149,2632,14
1712692800,192.151,192.191,192.08,192.135,2891,13
1712696400,192.135,192.269,192.122,192.252,2285,16
1712700000,192.252,192.343,192.169,192.324,2941,16
1712703600,192.323,192.409,192.323,192.365,687,15
1712707200,192.317,192.375,192.068,192.352,1257,35
1712710800,192.352,192.407,192.328,192.351,728,18
1712714400,192.351,192.41,192.339,192.399,1205,16
1712718000,192.402,192.409,192.263,192.301,3026,13
1712721600,192.301,192.386,192.248,192.301,3428,14
1712725200,192.303,192.386,192.264,192.376,3341,16
1712728800,192.376,192.394,192.327,192.355,2705,15
1712732400,192.354,192.414,192.315,192.413,2122,15
1712736000,192.412,192.465,192.382,192.409,2760,13
1712739600,192.405,192.513,192.353,192.478,3283,14
1712743200,192.476,192.667,192.426,192.654,3651,12
1712746800,192.657,192.762,192.58,192.757,3203,12
1712750400,192.758,192.801,192.678,192.796,2756,13
1712754000,192.796,192.882,192.766,192.808,2810,15
1712757600,192.805,192.836,192.708,192.743,2411,12
1712761200,192.743,192.903,191.572,192.176,9020,12
1712764800,192.178,192.182,191.788,191.822,11445,13
1712768400,191.83,192.095,191.773,191.967,8788,12
1712772000,191.963,191.971,191.676,191.767,6036,12
1712775600,191.767,191.788,191.464,191.687,4646,13
1712779200,191.681,191.858,191.465,191.699,7606,12
1712782800,191.608,191.777,191.586,191.609,6114,14
1712786400,191.607,191.858,191.583,191.825,3618,12
1712790000,191.824,192.13,191.786,192.014,2060,15
1712793600,191.863,191.956,191.686,191.791,1074,42
1712797200,191.81,191.834,191.638,191.724,1878,18
1712800800,191.724,191.772,191.592,191.741,2739,16
1712804400,191.741,191.769,191.557,191.604,5291,15
1712808000,191.605,191.743,191.56,191.665,5015,14
1712811600,191.665,191.746,191.631,191.71,2661,13
1712815200,191.709,191.869,191.703,191.866,1876,14
1712818800,191.866,191.9,191.788,191.836,2448,14
1712822400,191.837,191.911,191.814,191.863,2619,16
1712826000,191.86,192.013,191.831,191.98,5118,13
1712829600,191.982,192.374,191.976,192.336,6322,14
1712833200,192.337,192.572,192.314,192.315,5444,14
1712836800,192.316,192.376,191.965,191.996,5317,12
1712840400,191.996,192.019,191.816,191.945,4493,13
1712844000,191.941,192.076,191.849,191.944,5045,14
1712847600,191.944,192.184,191.821,192.071,9850,12
1712851200,192.072,192.343,192.041,192.176,9954,12
1712854800,192.177,192.185,191.767,191.877,8608,13
1712858400,191.876,192.026,191.786,192.008,6237,12
1712862000,192.011,192.149,191.998,192.103,4460,12
1712865600,192.103,192.318,192.062,192.288,4815,14
1712869200,192.289,192.388,192.258,192.363,3833,12
1712872800,192.359,192.408,192.335,192.407,3264,13
1712876400,192.4,192.428,192.335,192.376,1068,17
1712880000,192.312,192.367,192.229,192.338,411,42
1712883600,192.329,192.383,192.299,192.367,1353,19
1712887200,192.368,192.378,192.274,192.319,1732,20
1712890800,192.317,192.393,192.046,192.053,4060,13
1712894400,192.053,192.235,192.053,192.233,4010,15
1712898000,192.236,192.344,192.163,192.336,2898,14
1712901600,192.336,192.338,192.183,192.188,2419,17
1712905200,192.188,192.207,192.104,192.119,1719,16
1712908800,192.118,192.176,192.023,192.074,2592,12
1712912400,192.07,192.186,191.774,191.831,6036,12
1712916000,191.839,191.953,191.707,191.849,6478,13
1712919600,191.85,191.881,191.712,191.749,4398,12
1712923200,191.749,191.785,191.462,191.589,4640,13
1712926800,191.591,191.591,191.111,191.117,4446,13
1712930400,191.116,191.214,190.981,191.0,4600,13
1712934000,191.005,191.057,190.325,190.366,8092,12
1712937600,190.368,190.767,189.993,190.448,9552,12
1712941200,190.39,190.461,189.982,190.16,9188,12
1712944800,190.156,190.781,190.143,190.715,7738,12
1712948400,190.715,190.736,190.486,190.589,6115,12
1712952000,190.59,190.793,190.538,190.731,5331,13
1712955600,190.73,190.863,190.656,190.659,5191,13
1712959200,190.659,190.758,190.615,190.718,4005,13
1712962800,190.715,190.88,190.599,190.644,1986,12
1713139200,190.378,190.533,190.29,190.457,999,146
1713142800,190.57,191.009,190.522,190.98,3588,13
1713146400,190.981,191.054,190.86,191.01,2728,15
1713150000,191.007,191.086,190.884,191.086,5431,12
1713153600,191.088,191.325,191.044,191.307,6086,12
1713157200,191.307,191.544,191.296,191.516,4283,17
1713160800,191.517,191.565,191.388,191.473,3427,12
1713164400,191.474,191.658,191.464,191.621,2441,15
1713168000,191.621,191.798,191.617,191.761,4185,13
1713171600,191.761,191.941,191.708,191.908,6187,12
1713175200,191.909,192.0,191.772,192.0,6594,12
1713178800,192.001,192.204,191.864,192.048,6256,12
1713182400,192.046,192.235,191.985,192.107,5608,12
1713186000,192.108,192.335,192.071,192.287,4312,12
1713189600,192.291,192.341,191.982,192.048,4994,14
1713193200,192.048,192.451,191.888,192.408,8458,12
1713196800,192.409,192.704,192.409,192.474,8673,12
1713200400,192.476,192.537,191.738,192.143,9489,12
1713204000,192.144,192.35,192.026,192.256,6963,12
1713207600,192.262,192.343,192.134,192.211,5670,12
1713211200,192.212,192.212,191.781,191.889,6532,12
1713214800,191.889,191.957,191.821,191.876,4254,12
1713218400,191.876,191.982,191.735,191.975,4528,14
1713222000,191.974,192.002,191.925,191.99,1038,14
1713225600,191.99,191.99,191.78,191.917,799,49
1713229200,191.924,191.992,191.86,191.914,1291,15
1713232800,191.913,191.977,191.865,191.928,1971,14
1713236400,191.937,192.004,191.797,191.887,5557,14
1713240000,191.891,191.932,191.765,191.922,4771,16
1713243600,191.922,191.964,191.68,191.728,4547,13
1713247200,191.727,191.826,191.721,191.821,2771,14
1713250800,191.822,191.842,191.742,191.798,2723,12
1713254400,191.8,191.965,191.783,191.933,3351,14
1713258000,191.918,192.103,191.637,192.061,6939,12
1713261600,192.064,192.228,191.957,192.023,6623,13
1713265200,192.026,192.339,191.971,192.149,5872,12
1713268800,192.145,192.447,192.144,192.446,4861,12
1713272400,192.447,192.504,192.301,192.405,4625,12
1713276000,192.405,192.657,192.381,192.622,4693,12
1713279600,192.622,192.799,192.518,192.686,6057,12
1713283200,192.686,192.799,191.852,192.436,9283,12
1713286800,192.438,192.686,192.195,192.34,9310,12
1713290400,192.338,192.359,192.096,192.209,7056,12
1713294000,192.211,192.281,192.102,192.22,4626,13
1713297600,192.219,192.311,192.002,192.271,7491,12
1713301200,192.265,192.491,192.192,192.363,8216,13
1713304800,192.363,192.407,192.187,192.221,4618,15
1713308400,192.224,192.267,192.167,192.217,1817,14
1713312000,192.217,192.256,192.109,192.176,856,39
1713315600,192.176,192.288,192.176,192.257,1827,18
1713319200,192.249,192.326,192.2,192.286,2242,12
1713322800,192.287,192.314,192.148,192.261,4621,13
1713326400,192.261,192.303,192.188,192.291,5030,14
1713330000,192.291,192.376,192.273,192.375,3191,12
1713333600,192.375,192.377,192.185,192.219,2383,12
1713337200,192.217,192.24,192.161,192.21,1901,13
1713340800,192.209,192.211,192.002,192.034,3274,14
1713344400,192.048,192.745,192.043,192.68,7074,12
1713348000,192.682,192.683,192.433,192.56,6159,12
1713351600,192.562,192.815,192.548,192.751,5834,14
1713355200,192.754,192.815,192.649,192.715,4622,12
1713358800,192.714,192.776,192.56,192.565,3364,12
1713362400,192.565,192.706,192.564,192.617,3852,12
1713366000,192.616,192.72,192.507,192.508,5993,12
1713369600,192.508,192.832,192.504,192.7,7122,12
1713373200,192.699,192.766,192.499,192.536,7257,12
1713376800,192.534,192.678,192.318,192.351,6939,12
1713380400,192.35,192.377,191.726,191.74,8624,12
1713384000,191.735,192.115,191.674,192.038,6864,12
1713387600,192.042,192.363,192.008,192.185,5367,14
1713391200,192.182,192.221,192.106,192.178,5825,13
1713394800,192.179,192.3,192.156,192.254,1674,15
1713398400,192.101,192.259,192.049,192.195,775,54
1713402000,192.201,192.23,192.107,192.154,2111,20
1713405600,192.154,192.243,192.065,192.194,2119,14
1713409200,192.189,192.223,192.07,192.122,4295,14
1713412800,192.122,192.169,191.996,192.085,5219,13
1713416400,192.086,192.163,191.892,192.148,4716,13
1713420000,192.148,192.359,192.125,192.322,3050,15
1713423600,192.322,192.425,192.305,192.404,1741,15
1713427200,192.406,192.476,192.351,192.414,3041,12
1713430800,192.416,192.506,192.293,192.4,5049,12
1713434400,192.4,192.436,192.255,192.402,5850,12
1713438000,192.403,192.59,192.338,192.534,5136,12
1713441600,192.535,192.591,192.496,192.588,3776,14
1713445200,192.589,192.719,192.538,192.709,3608,13
1713448800,192.706,192.778,192.409,192.523,4429,12
1713452400,192.529,192.583,192.261,192.319,6818,12
1713456000,192.321,192.527,192.224,192.348,8256,12
1713459600,192.345,192.512,192.269,192.409,7540,12
1713463200,192.408,192.748,192.4,192.685,4877,12
1713466800,192.685,192.725,192.454,192.473,4294,13
1713470400,192.473,192.487,192.247,192.4,4954,13
1713474000,192.402,192.402,192.23,192.249,4229,16
1713477600,192.249,192.375,192.246,192.3,3615,16
1713481200,192.3,192.367,192.271,192.303,1031,16
1713484800,192.294,192.323,192.181,192.294,676,52
1713488400,192.296,192.297,192.178,192.267,1207,15
1713492000,192.266,192.271,192.174,192.249,2004,13
1713495600,192.247,192.261,192.083,192.153,4439,13
1713499200,192.153,192.159,190.921,191.266,10510,14
1713502800,191.263,191.276,190.293,190.764,9819,12
1713506400,190.764,191.733,190.761,191.603,8694,12
1713510000,191.603,191.927,191.6,191.656,5716,12
1713513600,191.651,191.745,191.499,191.539,5442,14
1713517200,191.537,191.991,191.266,191.95,8438,13
1713520800,191.963,192.355,191.91,192.3,8087,12
1713524400,192.303,192.305,191.983,192.082,7057,14
1713528000,192.084,192.423,192.067,192.367,4995,12
1713531600,192.369,192.424,192.138,192.164,5084,15
1713535200,192.16,192.339,192.114,192.316,5495,13
1713538800,192.317,192.591,192.286,192.367,6361,12
1713542400,192.367,192.695,192.355,192.559,7341,13
1713546000,192.559,192.719,192.207,192.216,8947,12
1713549600,192.216,192.243,191.56,191.58,6126,12
1713553200,191.584,191.668,191.271,191.518,5354,12
1713556800,191.516,191.585,191.288,191.346,5012,14
1713560400,191.345,191.418,191.166,191.186,4592,13
1713564000,191.183,191.284,191.152,191.269,4611,13
1713567600,191.271,191.331,191.142,191.142,1949,14
1713744000,191.171,191.275,190.966,191.014,947,58
1713747600,191.014,191.364,191.014,191.304,2042,16
1713751200,191.304,191.397,191.244,191.363,1507,16
1713754800,191.374,191.547,191.304,191.363,5647,15
1713758400,191.363,191.566,191.356,191.542,4594,12
1713762000,191.541,191.649,191.506,191.515,2729,15
1713765600,191.515,191.568,191.472,191.519,2213,15
1713769200,191.519,191.69,191.509,191.622,1854,13
1713772800,191.622,191.633,191.549,191.591,2518,14
1713776400,191.591,191.681,191.385,191.46,5078,12
1713780000,191.457,191.548,190.962,191.275,5518,13
1713783600,191.277,191.335,191.147,191.318,4994,12
1713787200,191.319,191.348,191.003,191.059,4435,12
1713790800,191.06,191.067,190.695,190.723,4347,13
1713794400,190.722,190.779,190.463,190.58,4527,13
1713798000,190.579,190.71,190.499,190.506,5503,12
1713801600,190.504,190.619,190.31,190.478,5595,12
1713805200,190.478,190.858,190.474,190.794,5697,12
1713808800,190.794,191.001,190.744,190.963,4099,12
1713812400,190.963,191.157,190.96,191.118,3208,13
1713816000,191.118,191.262,191.09,191.258,2600,14
1713819600,191.258,191.365,191.231,191.314,3002,13
1713823200,191.314,191.323,191.208,191.256,2621,14
1713826800,191.257,191.269,191.202,191.217,1182,12
1713830400,191.183,191.213,191.008,191.183,373,23
1713834000,191.183,191.224,191.143,191.194,856,21
1713837600,191.194,191.246,191.127,191.185,1559,15
1713841200,191.186,191.245,191.105,191.222,3355,14
1713844800,191.221,191.271,191.041,191.054,4589,12
1713848400,191.054,191.206,191.039,191.196,3022,12
1713852000,191.196,191.211,191.084,191.153,2536,13
1713855600,191.153,191.192,191.08,191.119,1441,16
1713859200,191.117,191.119,191.017,191.037,2349,14
1713862800,191.032,191.041,190.823,191.022,4276,13
1713866400,191.022,191.566,190.933,191.428,6400,12
1713870000,191.41,191.807,191.299,191.535,5274,12
1713873600,191.535,191.535,191.256,191.372,3926,15
1713877200,191.372,191.405,191.084,191.178,3502,15
1713880800,191.178,191.968,191.172,191.956,4471,12
1713884400,191.959,192.031,191.729,191.821,5423,12
1713888000,191.821,192.463,191.718,192.347,6766,12
1713891600,192.346,192.758,192.249,192.447,10177,12
1713895200,192.447,192.619,192.334,192.449,5725,12
1713898800,192.449,192.699,192.411,192.667,3692,13
1713902400,192.667,192.744,192.437,192.72,4446,12
1713906000,192.72,192.839,192.657,192.676,2767,14
1713909600,192.676,192.751,192.667,192.745,2451,13
1713913200,192.738,192.767,192.692,192.728,1536,15
1713916800,192.527,192.736,192.437,192.617,368,63
1713920400,192.611,192.731,192.611,192.692,953,21
1713924000,192.691,192.725,192.612,192.718,1666,16
1713927600,192.717,192.891,192.679,192.834,3275,12
1713931200,192.835,192.925,192.817,192.89,3918,13
1713934800,192.89,192.948,192.827,192.863,2801,17
1713938400,192.86,192.883,192.817,192.867,1994,13
1713942000,192.867,192.918,192.807,192.838,1410,13
1713945600,192.84,192.886,192.815,192.858,1801,12
1713949200,192.865,192.928,192.713,192.778,4064,12
1713952800,192.777,192.819,192.445,192.533,5242,14
1713956400,192.528,192.628,192.405,192.474,3671,14
1713960000,192.474,192.625,192.466,192.529,2883,15
1713963600,192.529,192.767,192.491,192.71,2415,16
1713967200,192.704,192.748,192.557,192.646,2763,15
1713970800,192.646,192.902,192.455,192.778,6800,12
1713974400,192.78,192.954,192.651,192.823,7131,14
1713978000,192.823,192.929,192.669,192.693,6799,14
1713981600,192.69,192.877,192.674,192.826,5414,12
1713985200,192.825,193.062,192.803,193.053,2950,12
1713988800,193.053,193.455,193.047,193.404,3622,14
1713992400,193.398,193.409,193.25,193.348,3725,14
1713996000,193.348,193.58,193.326,193.548,2511,13
1713999600,193.548,193.627,193.497,193.598,1499,19
1714003200,193.536,193.538,193.189,193.421,744,50
1714006800,193.421,193.463,193.338,193.39,1234,22
1714010400,193.39,193.455,193.369,193.442,1351,15
1714014000,193.45,193.691,193.447,193.614,3518,14
1714017600,193.614,193.767,193.515,193.65,3903,17
1714021200,193.65,193.773,193.613,193.764,3024,15
1714024800,193.764,193.791,193.663,193.753,2936,15
1714028400,193.753,194.013,193.733,193.968,2213,14
1714032000,193.968,194.197,193.964,194.127,3440,15
1714035600,194.134,194.602,194.131,194.575,4835,12
1714039200,194.574,194.682,194.367,194.618,5451,15
1714042800,194.624,194.942,194.62,194.916,4321,14
1714046400,194.912,194.922,194.733,194.749,3548,13
1714050000,194.748,194.842,194.501,194.545,4090,14
1714053600,194.542,194.631,194.447,194.627,3520,16
1714057200,194.628,194.657,193.95,194.248,7888,12
1714060800,194.252,194.264,193.588,194.135,10678,12
1714064400,194.135,194.487,193.876,194.289,9550,12
1714068000,194.287,194.372,194.108,194.268,5097,14
1714071600,194.268,194.653,194.235,194.606,4436,12
1714075200,194.606,194.809,194.568,194.662,5133,13
1714078800,194.661,194.672,194.501,194.637,4134,12
1714082400,194.64,194.783,194.62,194.74,3636,14
1714086000,194.736,194.772,194.688,194.752,2199,12
1714089600,194.659,194.738,194.569,194.671,668,45
1714093200,194.637,194.684,194.601,194.635,1029,17
1714096800,194.628,194.713,194.589,194.63,1547,18
1714100400,194.63,194.633,194.506,194.607,3350,15
1714104000,194.607,194.625,194.515,194.574,2919,15
1714107600,194.573,194.646,194.389,194.463,2379,14
1714111200,194.469,195.135,194.338,194.913,5070,12
1714114800,194.911,195.289,194.909,195.248,2444,15
1714118400,195.252,195.324,195.173,195.203,2344,14
1714122000,195.202,195.719,195.043,195.641,5348,12
1714125600,195.637,196.087,195.637,195.951,7642,12
1714129200,195.951,196.407,193.943,196.113,9039,12
1714132800,196.116,196.145,195.791,196.117,5553,12
1714136400,196.116,196.295,196.044,196.2,4249,14
1714140000,196.194,196.324,195.636,196.187,5646,12
1714143600,196.187,196.568,196.098,196.16,8650,13
1714147200,196.165,196.297,196.053,196.191,7990,14
1714150800,196.202,196.332,195.902,195.979,8025,12
1714154400,195.976,196.597,195.856,196.569,7186,14
1714158000,196.57,196.939,196.55,196.854,4495,12
1714161600,196.86,197.08,196.783,196.994,2617,12
1714165200,196.995,197.219,196.978,197.183,2696,14
1714168800,197.183,197.33,197.064,197.316,3727,14
1714172400,197.316,197.917,197.249,197.738,3322,12
1714348800,196.904,197.267,196.881,197.147,651,161
1714352400,197.212,198.005,197.212,197.779,3247,19
1714356000,197.789,197.928,197.788,197.889,2663,13
1714359600,197.889,198.103,197.696,197.974,3428,12
1714363200,197.973,200.539,197.968,199.305,7090,12
1714366800,199.307,199.698,199.198,199.618,4833,12
1714370400,199.617,199.706,199.511,199.601,2291,12
1714374000,199.601,199.836,194.734,196.026,12166,12
1714377600,196.02,196.705,194.48,196.543,9140,13
1714381200,196.536,197.035,196.38,196.638,6416,12
1714384800,196.63,196.731,193.594,194.913,11710,12
1714388400,194.909,195.497,194.426,195.122,7838,12
1714392000,195.122,195.332,194.477,195.145,6529,13
1714395600,195.142,195.425,194.797,195.313,4575,20
1714399200,195.314,196.001,195.243,195.773,4554,17
1714402800,195.77,196.202,195.695,195.978,6093,12
1714406400,195.982,196.267,195.695,196.201,7657,12
1714410000,196.203,196.635,196.202,196.593,7241,12
1714413600,196.593,196.727,196.474,196.685,5102,12
1714417200,196.684,196.773,194.85,195.792,5900,12
1714420800,195.747,196.179,195.628,196.073,4354,12
1714424400,196.074,196.074,195.413,195.744,5610,12
1714428000,195.743,196.042,195.67,195.995,4070,14
1714431600,195.987,196.404,195.971,196.391,1401,13
1714435200,196.391,196.391,196.074,196.301,602,68
1714438800,196.278,196.321,196.066,196.272,2062,16
1714442400,196.272,196.442,196.153,196.342,2560,13
1714446000,196.339,196.93,196.108,196.869,5812,12
1714449600,196.869,197.034,196.553,196.839,5104,12
1714453200,196.838,196.871,196.586,196.651,3342,14
1714456800,196.651,196.765,196.586,196.627,2860,15
1714460400,196.627,196.725,196.581,196.645,2229,12
1714464000,196.644,196.719,196.39,196.576,3410,14
1714467600,196.564,196.638,196.353,196.535,5679,15
1714471200,196.535,196.729,196.14,196.729,5104,12
1714474800,196.722,196.842,196.494,196.779,4570,12
1714478400,196.784,197.02,196.718,196.84,5480,14
1714482000,196.836,196.951,196.738,196.805,3936,14
1714485600,196.803,196.922,196.726,196.819,3795,13
1714489200,196.819,197.111,196.559,197.101,8728,12
1714492800,197.103,197.372,197.004,197.1,8167,12
1714496400,197.085,197.232,196.853,196.974,9258,12
1714500000,196.98,197.221,196.959,197.102,6807,12
1714503600,197.102,197.134,196.912,196.936,4811,12
1714507200,196.937,197.111,196.882,197.104,3169,14
1714510800,197.102,197.194,197.062,197.169,3239,12
1714514400,197.174,197.235,197.035,197.056,3655,15
1714518000,197.057,197.185,197.054,197.092,2640,16
1714521600,196.926,197.061,196.849,197.042,539,61
1714525200,197.038,197.1,196.935,196.979,1723,23
1714528800,196.977,196.997,196.908,196.992,2363,21
1714532400,196.993,197.083,196.897,196.945,4207,16
1714536000,196.946,197.1,196.899,196.992,3129,12
1714539600,196.991,197.079,196.921,197.063,1735,15
1714543200,197.072,197.078,196.928,196.969,1688,17
1714546800,196.967,197.027,196.881,196.957,1612,16
1714550400,196.96,197.043,196.901,197.018,1886,14
1714554000,197.012,197.015,196.844,196.949,3179,12
1714557600,196.95,197.203,196.95,197.101,3335,16
1714561200,197.101,197.4,197.099,197.4,2832,13
1714564800,197.4,197.415,197.189,197.24,2874,15
1714568400,197.242,197.246,197.088,197.15,3176,14
1714572000,197.149,197.149,196.984,197.1,2133,15
1714575600,197.097,197.17,197.021,197.028,5283,12
1714579200,197.029,197.127,196.542,196.756,5272,12
1714582800,196.775,197.048,196.564,196.952,7484,12
1714586400,196.952,196.987,196.797,196.851,4593,13
1714590000,196.853,196.87,196.692,196.716,3549,14
1714593600,196.716,196.9,196.66,196.841,3108,13
1714597200,196.849,197.149,196.692,197.119,12339,12
1714600800,197.119,197.209,196.681,196.734,10222,12
1714604400,196.749,196.921,191.715,193.612,10257,12
1714608000,193.485,194.445,193.062,193.069,820,116
1714611600,193.121,194.809,193.052,194.806,4823,12
1714615200,194.806,195.27,194.462,195.214,4958,15
1714618800,195.211,195.543,195.091,195.439,6075,12
1714622400,195.438,195.75,195.305,195.58,4504,14
1714626000,195.58,195.721,195.193,195.349,4767,12
1714629600,195.351,195.608,195.296,195.394,3683,13
1714633200,195.394,195.612,195.178,195.307,3640,12
1714636800,195.308,195.368,195.033,195.148,4313,12
1714640400,195.146,195.183,194.465,194.635,7618,15
1714644000,194.64,194.881,194.373,194.807,7920,12
1714647600,194.801,194.896,194.209,194.249,6416,12
1714651200,194.245,194.437,194.054,194.322,5433,13
1714654800,194.322,194.414,194.028,194.047,5081,12
1714658400,194.047,194.192,193.517,193.645,5710,12
1714662000,193.641,193.776,193.331,193.375,8153,13
1714665600,193.373,193.557,192.87,192.894,9077,12
1714669200,192.894,192.956,192.329,192.344,9537,12
1714672800,192.344,192.514,191.876,192.323,8329,12
1714676400,192.323,192.563,192.067,192.444,6093,12
1714680000,192.454,192.514,191.936,192.059,4816,12
1714683600,192.059,192.148,191.845,191.905,5708,12
1714687200,191.904,192.22,191.897,192.038,4595,12
1714690800,192.042,192.848,192.038,192.46,2909,13
1714694400,192.428,192.646,192.338,192.604,717,86
1714698000,192.604,192.646,192.107,192.177,2567,12
1714701600,192.176,192.208,191.708,192.016,3759,12
1714705200,192.015,192.37,191.743,192.098,5147,12
1714708800,192.1,192.205,191.76,191.897,5533,12
1714712400,191.897,192.082,191.788,192.058,3387,13
1714716000,192.058,192.147,191.953,192.048,2695,16
1714719600,192.048,192.11,191.78,191.867,2430,13
1714723200,191.865,192.128,191.837,191.997,3209,12
1714726800,191.986,192.302,191.861,192.276,6391,13
1714730400,192.276,192.362,192.106,192.345,6587,13
1714734000,192.341,192.553,192.283,192.396,6290,12
1714737600,192.398,192.4,192.144,192.227,4848,13
1714741200,192.225,192.297,192.112,192.264,4610,14
1714744800,192.26,192.399,192.242,192.332,5067,14
1714748400,192.329,192.506,191.712,191.856,10019,12
1714752000,191.855,192.049,191.601,191.711,11612,12
1714755600,191.681,192.009,191.357,191.806,11144,12
1714759200,191.805,191.977,191.734,191.786,8148,14
1714762800,191.788,191.817,191.602,191.738,5115,12
1714766400,191.739,191.859,191.702,191.808,3887,12
1714770000,191.808,191.979,191.798,191.951,3633,12
1714773600,191.948,191.967,191.817,191.852,3931,14
1714777200,191.851,191.939,191.754,191.939,1840,16
1714953600,191.677,191.84,191.638,191.692,533,71
1714957200,191.692,192.289,191.692,192.279,1491,16
1714960800,192.279,192.75,192.186,192.688,3035,15
1714964400,192.689,192.821,192.436,192.533,4811,12
1714968000,192.534,192.798,192.518,192.752,4634,15
1714971600,192.756,192.989,192.733,192.935,3169,15
1714975200,192.935,193.162,192.907,193.119,3211,16
1714978800,193.119,193.173,193.011,193.077,2158,16
1714982400,193.075,193.162,193.023,193.087,2611,17
1714986000,193.082,193.132,192.954,192.959,4527,12
1714989600,192.954,193.339,192.954,193.294,4374,13
1714993200,193.292,193.443,193.248,193.398,4479,17
1714996800,193.394,193.497,193.36,193.432,3763,16
1715000400,193.432,193.473,193.305,193.413,3271,13
1715004000,193.414,193.426,193.33,193.351,2872,15
1715007600,193.351,193.448,193.161,193.285,5256,12
1715011200,193.285,193.541,193.257,193.519,5348,13
1715014800,193.525,193.659,193.351,193.599,4889,14
1715018400,193.599,193.611,193.428,193.433,3753,12
1715022000,193.433,193.462,193.282,193.348,3496,15
1715025600,193.348,193.429,193.304,193.376,3043,16
1715029200,193.373,193.477,193.351,193.423,3188,14
1715032800,193.423,193.453,193.305,193.343,3681,14
1715036400,193.341,193.363,193.273,193.275,1339,17
1715040000,193.194,193.331,193.151,193.309,740,64
1715043600,193.309,193.387,193.277,193.381,739,21
1715047200,193.381,193.76,193.381,193.709,2111,16
1715050800,193.709,193.756,193.396,193.469,4935,14
1715054400,193.476,193.936,193.404,193.824,5087,13
1715058000,193.826,194.054,193.818,194.014,3527,16
1715061600,194.014,194.083,193.93,194.066,2215,16
1715065200,194.066,194.124,193.851,193.906,3004,12
1715068800,193.905,193.987,193.734,193.79,3410,12
1715072400,193.783,193.815,193.566,193.64,4788,15
1715076000,193.639,193.702,193.129,193.213,5760,13
1715079600,193.209,193.642,192.981,193.605,4928,13
1715083200,193.607,193.856,193.548,193.76,4222,14
1715086800,193.762,193.891,193.699,193.739,3762,17
1715090400,193.739,193.856,193.631,193.845,3687,16
1715094000,193.829,194.02,193.8,193.829,4125,16
1715097600,193.83,193.999,193.644,193.895,5233,12
1715101200,193.891,193.897,193.648,193.847,4512,12
1715104800,193.847,193.847,193.693,193.732,3837,15
1715108400,193.733,193.735,193.511,193.529,3049,16
1715112000,193.528,193.618,193.411,193.465,3785,13
1715115600,193.465,193.526,193.358,193.52,3176,14
1715119200,193.521,193.547,193.397,193.426,3462,16
1715122800,193.426,193.516,193.424,193.482,1430,15
1715126400,193.482,193.482,193.105,193.337,809,44
1715130000,193.337,193.476,193.337,193.457,816,18
1715133600,193.457,193.561,193.411,193.483,1384,14
1715137200,193.478,193.584,193.349,193.543,4379,17
1715140800,193.545,193.851,193.504,193.726,4661,13
1715144400,193.735,193.851,193.681,193.773,4454,14
1715148000,193.773,193.839,193.665,193.739,2756,15
1715151600,193.739,193.806,193.633,193.754,2697,18
1715155200,193.754,193.868,193.719,193.773,2750,14
1715158800,193.768,193.927,193.703,193.901,4277,15
1715162400,193.888,193.98,193.704,193.724,4657,12
1715166000,193.724,193.909,193.636,193.894,4757,13
1715169600,193.895,194.115,193.844,194.111,4195,16
1715173200,194.111,194.198,194.011,194.146,3063,15
1715176800,194.148,194.264,194.035,194.109,3630,12
1715180400,194.109,194.255,194.058,194.189,4601,15
1715184000,194.186,194.212,194.053,194.184,5140,12
1715187600,194.183,194.405,194.128,194.368,5325,15
1715191200,194.365,194.399,194.216,194.308,4499,14
1715194800,194.308,194.405,194.26,194.389,3027,12
1715198400,194.388,194.432,194.338,194.36,3226,14
1715202000,194.36,194.505,194.355,194.435,2167,14
1715205600,194.437,194.504,194.421,194.48,1988,13
1715209200,194.479,194.482,194.296,194.296,1149,15
1715212800,194.184,194.314,194.051,194.298,645,72
1715216400,194.315,194.433,194.297,194.426,951,19
1715220000,194.426,194.44,194.073,194.102,2003,16
1715223600,194.102,194.441,193.823,194.365,4887,14
1715227200,194.365,194.413,194.22,194.392,3952,14
1715230800,194.393,194.421,194.323,194.402,2756,18
1715234400,194.402,194.452,194.328,194.373,2343,20
1715238000,194.375,194.461,194.279,194.326,2026,16
1715241600,194.319,194.418,194.301,194.364,1768,14
1715245200,194.364,194.471,194.334,194.369,2806,15
1715248800,194.37,194.458,194.307,194.428,4466,17
1715252400,194.426,194.459,194.348,194.38,2993,14
1715256000,194.383,194.764,194.362,194.681,2746,12
1715259600,194.684,194.852,194.632,194.641,3114,15
1715263200,194.647,194.661,194.04,194.369,7314,12
1715266800,194.37,194.685,194.273,194.658,7428,14
1715270400,194.658,194.715,194.424,194.514,6966,13
1715274000,194.514,194.69,194.428,194.628,6880,12
1715277600,194.627,194.783,194.62,194.646,4248,14
1715281200,194.646,194.812,194.62,194.746,3009,13
1715284800,194.75,194.806,194.658,194.66,3173,15
1715288400,194.659,194.763,194.609,194.664,2860,15
1715292000,194.664,194.757,194.61,194.636,2927,15
1715295600,194.633,194.733,194.596,194.596,1517,16
1715299200,194.651,194.7,194.521,194.688,595,66
1715302800,194.688,194.71,194.57,194.618,1216,21
1715306400,194.627,194.639,194.47,194.616,1926,20
1715310000,194.619,194.808,194.592,194.717,3933,13
1715313600,194.715,194.879,194.673,194.861,3788,12
1715317200,194.861,194.982,194.805,194.954,2730,15
1715320800,194.954,194.954,194.835,194.923,1384,18
1715324400,194.923,194.941,194.818,194.82,1368,16
1715328000,194.814,194.867,194.76,194.818,2119,15
1715331600,194.769,195.21,194.733,195.169,5204,16
1715335200,195.176,195.303,195.023,195.067,5185,17
1715338800,195.067,195.211,194.959,195.143,4646,14
1715342400,195.144,195.213,195.054,195.092,4134,12
1715346000,195.091,195.191,195.021,195.18,3545,16
1715349600,195.18,195.221,195.019,195.106,2979,13
1715353200,195.104,195.175,195.032,195.118,4481,14
1715356800,195.118,195.155,194.958,195.08,5219,16
1715360400,195.08,195.143,194.82,194.948,7032,12
1715364000,194.95,195.222,194.846,195.211,4415,13
1715367600,195.212,195.326,195.151,195.312,3366,16
1715371200,195.312,195.331,195.152,195.23,2540,15
1715374800,195.225,195.285,195.212,195.228,1519,16
1715378400,195.234,195.238,195.123,195.134,2181,17
1715382000,195.134,195.206,195.026,195.074,1543,16
1715558400,194.789,194.962,194.761,194.912,541,98
1715562000,194.893,195.109,194.893,195.107,1346,19
1715565600,195.107,195.151,195.082,195.125,1082,22
1715569200,195.125,195.255,195.082,195.236,3593,12
1715572800,195.236,195.252,194.733,195.097,5448,12
1715576400,195.097,195.163,195.01,195.059,3161,15
1715580000,195.06,195.154,195.026,195.109,3502,16
1715583600,195.108,195.143,195.085,195.128,1505,17
1715587200,195.127,195.267,195.108,195.24,2284,17
1715590800,195.231,195.338,195.124,195.188,3630,12
1715594400,195.188,195.266,195.043,195.207,4390,12
1715598000,195.211,195.351,195.098,195.349,3322,13
1715601600,195.35,195.385,195.232,195.285,2919,15
1715605200,195.285,195.445,195.225,195.364,2801,14
1715608800,195.364,195.658,195.335,195.552,2820,16
1715612400,195.552,195.639,195.448,195.553,4510,14
1715616000,195.553,195.843,195.5,195.796,4793,16
1715619600,195.796,195.93,195.684,195.867,4602,14
1715623200,195.866,196.159,195.736,196.159,5391,12
1715626800,196.158,196.27,196.12,196.223,3083,15
1715630400,196.223,196.246,196.101,196.209,2325,13
1715634000,196.21,196.21,196.082,196.14,2714,15
1715637600,196.139,196.144,196.066,196.118,2872,13
1715641200,196.118,196.218,196.073,196.156,1219,18
1715644800,196.156,196.183,195.985,196.152,1019,48
1715648400,196.153,196.21,196.132,196.182,686,19
1715652000,196.185,196.241,196.147,196.214,1163,12
1715655600,196.214,196.368,196.179,196.254,4071,16
1715659200,196.254,196.441,196.253,196.404,3708,16
1715662800,196.404,196.479,196.369,196.436,2640,18
1715666400,196.437,196.453,196.366,196.438,1888,17
1715670000,196.446,196.45,196.302,196.348,1513,16
1715673600,196.35,196.439,196.328,196.333,2634,13
1715677200,196.333,196.614,196.234,196.47,3997,14
1715680800,196.47,196.479,196.289,196.386,3567,17
1715684400,196.386,196.405,195.713,196.003,4953,12
1715688000,196.003,196.15,195.936,196.115,3591,13
1715691600,196.116,196.429,196.11,196.373,2209,15
1715695200,196.373,196.466,196.337,196.371,2471,15
1715698800,196.367,196.671,196.197,196.55,6843,12
1715702400,196.55,196.794,196.452,196.743,7572,14
1715706000,196.742,196.901,196.608,196.866,5721,15
1715709600,196.863,197.051,196.753,197.001,4365,13
1715713200,197.003,197.007,196.889,196.932,3110,13
1715716800,196.921,196.957,196.855,196.949,1913,13
1715720400,196.949,196.999,196.877,196.928,2023,15
1715724000,196.928,197.018,196.908,196.979,2034,14
1715727600,196.979,196.998,196.884,196.937,903,15
1715731200,196.937,196.937,196.67,196.92,476,45
1715734800,196.908,196.991,196.887,196.921,703,18
1715738400,196.92,197.006,196.9,196.957,1034,18
1715742000,196.956,197.06,196.853,196.858,2954,13
1715745600,196.855,196.945,196.758,196.919,2661,14
1715749200,196.922,197.08,196.922,197.049,2161,17
1715752800,197.049,197.081,196.991,197.017,1859,17
1715756400,197.017,197.017,196.869,196.898,1362,17
1715760000,196.898,196.9,196.711,196.816,2196,13
1715763600,196.826,196.961,196.757,196.772,3807,14
1715767200,196.772,196.858,196.47,196.585,4623,12
1715770800,196.582,196.661,196.127,196.3,5160,12
1715774400,196.301,196.739,196.238,196.717,4257,13
1715778000,196.711,196.744,196.266,196.318,2981,13
1715781600,196.317,196.356,196.168,196.353,4135,12
1715785200,196.351,196.439,195.81,196.138,9468,12
1715788800,196.138,196.572,196.133,196.523,8716,12
1715792400,196.522,196.593,196.369,196.437,6676,12
1715796000,196.441,196.513,196.039,196.186,6321,12
1715799600,196.186,196.474,196.102,196.416,4469,12
1715803200,196.416,196.443,196.125,196.252,3751,12
1715806800,196.251,196.485,196.23,196.418,3230,14
1715810400,196.415,196.543,196.36,196.53,2315,14
1715814000,196.531,196.54,196.383,196.445,1659,15
1715817600,196.445,196.445,196.166,196.31,853,50
1715821200,196.302,196.357,196.037,196.102,1939,17
1715824800,196.098,196.234,195.66,195.773,3190,12
1715828400,195.769,196.045,195.05,195.133,6318,12
1715832000,195.131,195.518,195.038,195.516,6039,12
1715835600,195.516,195.731,195.22,195.425,5562,12
1715839200,195.426,195.535,195.289,195.403,3519,13
1715842800,195.403,195.452,195.148,195.296,2850,13
1715846400,195.296,195.564,195.2,195.526,2920,14
1715850000,195.532,195.699,195.324,195.678,5298,13
1715853600,195.674,195.834,195.591,195.784,5485,12
1715857200,195.782,196.2,195.674,196.08,4936,12
1715860800,196.08,196.158,195.928,195.939,3290,12
1715864400,195.939,196.051,195.874,195.949,2855,17
1715868000,195.949,196.159,195.944,196.008,4210,13
1715871600,196.008,196.556,195.795,196.524,6747,14
1715875200,196.524,196.694,196.492,196.633,7243,15
1715878800,196.633,196.757,196.459,196.724,6148,14
1715882400,196.724,196.865,196.547,196.85,3890,13
1715886000,196.85,196.898,196.75,196.759,2812,14
1715889600,196.758,196.814,196.662,196.771,3012,12
1715893200,196.771,196.881,196.699,196.878,2679,16
1715896800,196.876,196.905,196.817,196.89,2178,15
1715900400,196.889,196.907,196.794,196.794,852,17
1715904000,196.77,196.868,196.671,196.809,432,73
1715907600,196.809,196.928,196.788,196.871,724,20
1715911200,196.869,196.948,196.828,196.898,1398,18
1715914800,196.9,197.029,196.786,196.859,3731,14
1715918400,196.858,197.323,196.802,197.231,5063,14
1715922000,197.225,197.3,197.156,197.272,3304,15
1715925600,197.272,197.306,197.172,197.189,2252,14
1715929200,197.189,197.274,197.112,197.165,1950,14
1715932800,197.162,197.275,197.142,197.25,2217,16
1715936400,197.245,197.288,197.027,197.094,3950,12
1715940000,197.101,197.319,197.083,197.206,3720,14
1715943600,197.209,197.275,197.11,197.145,3857,12
1715947200,197.145,197.239,197.13,197.207,2979,14
1715950800,197.209,197.295,197.079,197.139,2813,12
1715954400,197.136,197.267,197.108,197.21,2192,13
1715958000,197.21,197.255,197.121,197.212,3393,13
1715961600,197.214,197.434,197.175,197.409,4468,13
1715965200,197.411,197.477,197.246,197.325,5016,12
1715968800,197.325,197.601,197.212,197.598,5282,13
1715972400,197.599,197.67,197.528,197.649,3313,15
1715976000,197.649,197.831,197.64,197.781,3197,15
1715979600,197.78,197.851,197.673,197.83,2241,13
1715983200,197.829,197.829,197.705,197.799,1948,14
1715986800,197.798,197.835,197.511,197.593,1562,17
1716163200,197.446,197.637,197.35,197.577,655,75
1716166800,197.577,197.783,197.577,197.736,1083,23
1716170400,197.735,197.979,197.735,197.904,1569,21
1716174000,197.906,198.033,197.834,198.024,3653,12
1716177600,198.024,198.087,197.919,198.033,4101,13
1716181200,198.044,198.045,197.867,197.936,2132,15
1716184800,197.935,197.939,197.743,197.827,2195,17
1716188400,197.829,197.966,197.828,197.943,2082,14
1716192000,197.94,197.975,197.738,197.836,2285,17
1716195600,197.836,197.898,197.738,197.789,3983,13
1716199200,197.789,197.868,197.378,197.681,4470,14
1716202800,197.679,197.803,197.643,197.786,3446,16
1716206400,197.786,197.811,197.661,197.811,2570,13
1716210000,197.813,197.853,197.715,197.77,2369,14
1716213600,197.769,197.847,197.691,197.719,2702,14
1716217200,197.72,198.388,197.699,198.241,5816,12
1716220800,198.244,198.349,198.184,198.276,5059,16
1716224400,198.277,198.446,198.239,198.315,4265,14
1716228000,198.313,198.375,198.264,198.306,3965,12
1716231600,198.307,198.544,198.287,198.528,2005,12
1716235200,198.529,198.584,198.335,198.505,2249,14
1716238800,198.505,198.636,198.428,198.63,2811,17
1716242400,198.629,198.629,198.537,198.597,1956,12
1716246000,198.597,198.601,198.403,198.403,759,12
1716249600,198.38,198.496,198.323,198.496,454,48
1716253200,198.498,198.606,198.488,198.581,833,14
1716256800,198.582,198.776,198.581,198.773,1434,12
1716260400,198.775,198.852,198.683,198.8,2999,13
1716264000,198.798,198.878,198.74,198.762,3615,12
1716267600,198.759,198.791,198.645,198.739,3551,14
1716271200,198.738,198.826,198.734,198.811,2133,18
1716274800,198.81,198.901,198.783,198.837,1999,16
1716278400,198.837,198.884,198.634,198.745,1998,14
1716282000,198.745,198.78,198.412,198.599,4981,13
1716285600,198.594,198.656,198.423,198.599,5053,16
1716289200,198.598,198.633,198.401,198.605,4562,15
1716292800,198.607,198.646,198.477,198.604,3494,13
1716296400,198.606,198.735,198.524,198.644,3268,18
1716300000,198.644,198.826,198.593,198.725,3446,15
1716303600,198.726,198.832,198.484,198.538,5281,16
1716307200,198.54,198.583,198.272,198.351,7962,12
1716310800,198.353,198.591,198.255,198.394,6354,13
1716314400,198.397,198.583,198.342,198.342,4198,13
1716318000,198.342,198.475,198.318,198.382,2678,14
1716321600,198.377,198.557,198.348,198.55,2194,13
1716325200,198.55,198.603,198.481,198.566,2234,16
1716328800,198.566,198.593,198.497,198.532,2008,15
1716332400,198.535,198.547,198.428,198.428,934,17
1716336000,198.385,198.478,198.273,198.451,546,78
1716339600,198.449,198.52,198.437,198.52,650,13
1716343200,198.52,198.654,198.52,198.606,1171,14
1716346800,198.607,198.688,198.521,198.661,3286,18
1716350400,198.663,198.771,198.648,198.706,3059,16
1716354000,198.705,198.779,198.684,198.752,3408,14
1716357600,198.752,198.761,198.646,198.704,2822,18
1716361200,198.703,198.772,198.654,198.711,1756,14
1716364800,198.711,198.754,198.625,198.641,2575,13
1716368400,198.606,199.535,198.606,199.474,5484,13
1716372000,199.472,199.506,199.212,199.362,4456,12
1716375600,199.364,199.376,199.053,199.162,4114,12
1716379200,199.16,199.195,199.0,199.097,3642,15
1716382800,199.103,199.185,199.007,199.013,2811,16
1716386400,199.018,199.139,198.866,199.0,4421,13
1716390000,199.006,199.236,198.989,199.218,4918,12
1716393600,199.216,199.406,199.188,199.302,5007,12
1716397200,199.307,199.329,199.142,199.163,5722,12
1716400800,199.163,199.336,199.092,199.297,4388,14
1716404400,199.296,199.476,199.226,199.423,2846,15
1716408000,199.421,199.494,199.223,199.238,3043,14
1716411600,199.249,199.332,199.016,199.135,5026,15
1716415200,199.135,199.278,199.133,199.267,2901,16
1716418800,199.269,199.461,199.239,199.352,1684,15
1716422400,199.233,199.333,199.07,199.252,837,52
1716426000,199.263,199.402,199.247,199.382,1482,13
1716429600,199.382,199.397,199.254,199.358,1704,15
1716433200,199.36,199.48,199.307,199.439,3745,14
1716436800,199.439,199.579,199.414,199.419,4180,12
1716440400,199.419,199.451,199.327,199.426,2509,12
1716444000,199.428,199.527,199.425,199.524,2457,17
1716447600,199.524,199.576,199.41,199.427,1798,17
1716451200,199.425,199.476,199.359,199.38,2386,14
1716454800,199.387,199.423,199.258,199.332,4068,14
1716458400,199.334,199.553,199.077,199.461,5356,12
1716462000,199.449,199.716,199.378,199.395,4937,12
1716465600,199.395,199.433,199.127,199.342,4288,13
1716469200,199.343,199.456,199.314,199.396,3173,12
1716472800,199.396,199.536,199.385,199.489,3511,14
1716476400,199.494,199.592,199.362,199.568,5526,16
1716480000,199.566,199.749,199.423,199.7,7257,13
1716483600,199.702,199.886,199.199,199.552,9821,12
1716487200,199.552,199.749,199.528,199.711,5294,12
1716490800,199.71,199.749,199.557,199.634,3878,14
1716494400,199.634,199.645,199.191,199.237,5071,12
1716498000,199.237,199.258,199.006,199.032,5055,16
1716501600,199.032,199.173,199.024,199.126,4059,18
1716505200,199.129,199.305,199.089,199.197,887,20
1716508800,199.085,199.293,199.047,199.292,960,64
1716512400,199.297,199.298,199.205,199.297,1323,19
1716516000,199.297,199.302,199.196,199.239,1473,15
1716519600,199.235,199.435,199.12,199.307,4212,12
1716523200,199.313,199.411,199.238,199.4,3529,12
1716526800,199.399,199.434,199.28,199.291,2306,14
1716530400,199.291,199.325,199.22,199.238,1584,14
1716534000,199.239,199.365,199.2,199.323,1374,17
1716537600,199.321,199.356,199.252,199.272,2030,17
1716541200,199.279,199.356,198.93,199.307,4526,14
1716544800,199.309,199.473,199.3,199.402,4141,13
1716548400,199.402,199.498,199.331,199.46,3737,16
1716552000,199.46,199.535,199.432,199.521,3319,14
1716555600,199.52,199.708,199.515,199.669,3097,15
1716559200,199.669,199.703,199.576,199.664,2938,15
1716562800,199.664,199.795,199.641,199.767,5589,17
1716566400,199.772,199.931,199.703,199.798,5306,14
1716570000,199.821,199.932,199.667,199.93,5990,14
1716573600,199.92,200.055,199.792,199.926,4790,12
1716577200,199.928,199.94,199.763,199.776,3371,16
1716580800,199.779,199.978,199.745,199.964,2873,14
1716584400,199.963,199.977,199.863,199.907,2359,16
1716588000,199.903,199.926,199.845,199.889,2016,13
1716591600,199.891,199.921,199.794,199.802,1032,15
1716768000,199.75,199.922,199.75,199.819,442,97
1716771600,199.873,199.975,199.751,199.842,1061,21
1716775200,199.837,199.845,199.727,199.744,1431,15
1716778800,199.745,199.853,199.667,199.772,2786,13
1716782400,199.772,199.811,199.604,199.781,2971,14
1716786000,199.782,199.785,199.625,199.676,1438,14
1716789600,199.676,199.727,199.609,199.665,1670,17
1716793200,199.665,199.761,199.613,199.752,1008,13
1716796800,199.757,199.784,199.671,199.729,1566,15
1716800400,199.736,199.862,199.675,199.827,3164,13
1716804000,199.827,199.995,199.823,199.914,2486,15
1716807600,199.916,199.986,199.812,199.968,2283,16
1716811200,199.968,200.119,199.937,200.119,2169,17
1716814800,200.117,200.142,199.973,200.068,2067,18
1716818400,200.068,200.093,199.995,200.039,1886,16
1716822000,200.039,200.087,199.884,200.047,3682,13
1716825600,200.042,200.282,200.015,200.234,3436,14
1716829200,200.233,200.347,200.16,200.237,2664,12
1716832800,200.241,200.377,200.189,200.34,1723,16
1716836400,200.343,200.418,200.336,200.34,1149,12
1716840000,200.34,200.377,200.287,200.308,1606,20
1716843600,200.309,200.322,200.283,200.294,451,19
1716847200,200.291,200.348,200.255,200.34,435,18
1716850800,200.339,200.377,200.224,200.224,735,29
1716854400,200.224,200.31,200.177,200.286,624,54
1716858000,200.274,200.415,200.268,200.386,440,19
1716861600,200.389,200.415,200.295,200.301,916,16
1716865200,200.305,200.4,200.223,200.367,3439,13
1716868800,200.366,200.414,200.276,200.307,3369,15
1716872400,200.319,200.352,200.225,200.347,2329,15
1716876000,200.353,200.359,200.185,200.213,2218,13
1716879600,200.211,200.273,200.142,200.153,2511,15
1716883200,200.153,200.412,200.152,200.372,2266,13
1716886800,200.375,200.43,200.294,200.315,3309,14
1716890400,200.315,200.454,200.287,200.389,3608,15
1716894000,200.389,200.42,200.244,200.298,3473,14
1716897600,200.298,200.492,200.286,200.482,2876,14
1716901200,200.484,200.522,200.318,200.45,2745,14
1716904800,200.451,200.522,200.408,200.471,3032,15
1716908400,200.469,200.512,200.337,200.421,4417,12
1716912000,200.42,200.49,200.393,200.433,5783,16
1716915600,200.418,200.615,200.408,200.436,5758,12
1716919200,200.434,200.594,200.362,200.585,3495,12
1716922800,200.583,200.596,200.421,200.538,2348,14
1716926400,200.538,200.64,200.462,200.525,3936,12
1716930000,200.523,200.554,200.385,200.493,3681,15
1716933600,200.494,200.555,200.427,200.554,3038,15
1716937200,200.554,200.612,200.519,200.561,905,17
1716940800,200.498,200.58,200.329,200.558,1005,69
1716944400,200.544,200.655,200.524,200.593,993,17
1716948000,200.596,200.674,200.574,200.636,1240,15
1716951600,200.637,200.739,200.617,200.706,3195,13
1716955200,200.707,200.728,200.539,200.573,3843,15
1716958800,200.573,200.62,200.507,200.529,2520,14
1716962400,200.527,200.607,200.5,200.577,2021,14
1716966000,200.577,200.599,200.473,200.526,1720,14
1716969600,200.523,200.58,200.418,200.442,2390,16
1716973200,200.452,200.56,200.108,200.453,4956,12
1716976800,200.451,200.61,200.437,200.579,4755,14
1716980400,200.539,200.593,200.349,200.383,5200,12
1716984000,200.387,200.6,200.385,200.535,3525,13
1716987600,200.535,200.578,200.386,200.39,3398,14
1716991200,200.39,200.55,200.282,200.486,4290,15
1716994800,200.487,200.578,200.264,200.328,5122,15
1716998400,200.331,200.441,200.245,200.363,5587,15
1717002000,200.362,200.43,200.035,200.249,6431,12
1717005600,200.245,200.393,200.166,200.369,5663,15
1717009200,200.369,200.52,200.304,200.517,3445,15
1717012800,200.514,200.518,200.326,200.416,3622,14
1717016400,200.413,200.446,200.222,200.284,2270,14
1717020000,200.283,200.318,200.213,200.288,2843,14
1717023600,200.293,200.306,200.192,200.192,781,16
1717027200,200.096,200.205,199.96,200.174,642,46
1717030800,200.173,200.23,200.146,200.155,743,18
1717034400,200.154,200.181,200.085,200.145,1594,15
1717038000,200.145,200.145,199.668,199.75,4278,12
1717041600,199.748,199.975,199.722,199.887,4016,16
1717045200,199.9,199.952,199.683,199.725,2432,18
1717048800,199.725,199.824,199.637,199.778,2408,15
1717052400,199.78,199.791,199.457,199.538,2884,15
1717056000,199.538,199.584,199.083,199.131,4178,13
1717059600,199.134,199.148,198.746,198.827,5237,12
1717063200,198.828,199.517,198.789,199.473,5494,13
1717066800,199.472,199.606,199.331,199.508,5246,13
1717070400,199.508,199.59,199.375,199.458,4125,15
1717074000,199.458,199.664,199.458,199.491,3506,12
1717077600,199.49,199.528,199.148,199.195,3600,15
1717081200,199.193,199.447,199.117,199.312,5636,16
1717084800,199.314,199.581,198.986,199.507,6769,13
1717088400,199.471,199.619,199.326,199.462,6037,12
1717092000,199.462,199.726,199.429,199.5,3747,15
1717095600,199.497,199.685,199.497,199.642,2273,17
1717099200,199.642,199.704,199.628,199.695,2258,17
1717102800,199.696,199.755,199.67,199.744,2176,19
1717106400,199.744,199.755,199.554,199.67,3016,15
1717110000,199.676,199.697,199.587,199.587,1181,14
1717113600,199.587,199.63,199.465,199.607,923,57
1717117200,199.617,199.701,199.556,199.631,1011,17
1717120800,199.631,199.83,199.561,199.823,1614,13
1717124400,199.82,199.883,199.344,199.528,4644,15
1717128000,199.529,199.727,199.281,199.31,4958,12
1717131600,199.309,199.428,199.228,199.407,3438,14
1717135200,199.406,199.525,199.305,199.49,3243,16
1717138800,199.49,199.509,199.27,199.337,2898,16
1717142400,199.337,199.499,199.307,199.424,3331,15
1717146000,199.428,199.612,199.428,199.521,4918,16
1717149600,199.517,199.679,199.44,199.66,5026,12
1717153200,199.664,199.982,199.629,199.909,4833,15
1717156800,199.909,200.186,199.856,200.176,4112,12
1717160400,200.179,200.258,199.963,200.03,3496,12
1717164000,200.028,200.034,199.739,199.816,3633,16
1717167600,199.819,199.949,199.61,199.932,7271,12
1717171200,199.939,200.088,199.868,199.892,7060,12
1717174800,199.887,200.085,199.696,200.063,8682,12
1717178400,200.071,200.239,199.946,200.17,7236,12
1717182000,200.168,200.182,200.015,200.078,4517,13
1717185600,200.073,200.212,200.022,200.09,2742,14
1717189200,200.09,200.216,200.057,200.201,2308,14
1717192800,200.209,200.484,200.16,200.42,3857,12
1717196400,200.42,200.498,200.319,200.406,2157,12
1717372800,200.132,200.302,200.004,200.228,1001,128
1717376400,200.201,200.488,200.187,200.426,2071,12
1717380000,200.427,200.449,200.237,200.308,1677,13
1717383600,200.309,200.479,200.281,200.336,4152,12
1717387200,200.335,200.408,200.145,200.248,3521,12
1717390800,200.248,200.435,200.23,200.404,3372,12
1717394400,200.404,200.581,200.34,200.537,4297,12
1717398000,200.537,200.643,200.506,200.583,2316,12
1717401600,200.583,200.617,200.426,200.487,2740,12
1717405200,200.487,200.523,200.218,200.238,3935,12
1717408800,200.236,200.347,199.739,199.781,4401,12
1717412400,199.779,199.794,199.464,199.526,4902,12
1717416000,199.528,199.674,199.403,199.542,4023,12
1717419600,199.542,199.558,199.215,199.257,4103,12
1717423200,199.257,199.697,199.238,199.654,4751,12
1717426800,199.652,199.777,199.432,199.587,4736,12
1717430400,199.588,199.712,199.466,199.564,5047,12
1717434000,199.617,199.901,199.352,199.487,8300,12
1717437600,199.487,199.718,199.441,199.608,5407,12
1717441200,199.608,199.641,199.427,199.427,5248,12
1717444800,199.425,199.701,199.398,199.7,3591,12
1717448400,199.7,199.927,199.689,199.917,5123,13
1717452000,199.918,200.004,199.902,199.981,3372,14
1717455600,199.983,200.035,199.791,199.791,2066,15
1717459200,199.791,199.882,199.684,199.877,635,66
1717462800,199.877,200.031,199.866,200.022,1246,15
1717466400,200.022,200.141,199.82,199.941,1879,14
1717470000,199.94,200.396,199.846,200.353,4460,14
1717473600,200.352,200.413,200.214,200.355,3767,15
1717477200,200.355,200.359,200.197,200.283,3357,14
1717480800,200.283,200.381,200.217,200.315,2707,18
1717484400,200.315,200.36,200.163,200.204,1851,13
1717488000,200.204,200.212,199.844,199.937,3033,13
1717491600,199.929,199.94,199.411,199.597,5965,12
1717495200,199.598,199.598,198.706,198.747,7757,12
1717498800,198.751,198.794,198.302,198.414,7343,14
1717502400,198.414,198.487,197.853,198.021,7188,12
1717506000,198.026,198.047,197.195,197.61,6854,12
1717509600,197.613,198.023,197.524,197.622,6277,12
1717513200,197.617,198.02,197.399,198.001,7081,15
1717516800,198.0,198.097,197.699,197.709,7479,13
1717520400,197.69,198.144,197.514,197.925,9468,12
1717524000,197.927,198.142,197.824,197.961,6866,13
1717527600,197.965,198.029,197.858,197.904,5227,14
1717531200,197.903,197.953,197.704,197.741,4427,14
1717534800,197.741,197.885,197.723,197.73,4339,17
1717538400,197.728,197.769,197.649,197.66,3866,13
1717542000,197.66,197.804,197.656,197.732,1700,18
1717545600,197.601,197.77,197.521,197.712,662,64
1717549200,197.714,197.77,197.659,197.762,755,16
1717552800,197.762,198.176,197.741,198.115,1441,17
1717556400,198.115,198.466,198.089,198.295,5873,14
1717560000,198.298,198.512,198.272,198.511,4715,12
1717563600,198.511,198.675,198.509,198.638,2925,12
1717567200,198.638,198.778,198.432,198.569,3152,15
1717570800,198.569,198.768,198.515,198.734,2674,15
1717574400,198.734,198.83,198.63,198.771,3854,12
1717578000,198.773,199.114,198.746,199.077,4554,14
1717581600,199.077,199.523,199.047,199.42,5720,12
1717585200,199.419,199.625,199.345,199.594,4516,14
1717588800,199.589,199.614,199.334,199.353,4410,13
1717592400,199.353,199.435,199.201,199.317,3613,15
1717596000,199.317,199.536,199.251,199.523,3518,13
1717599600,199.524,199.723,199.385,199.674,6378,16
1717603200,199.669,199.74,199.152,199.164,7694,12
1717606800,199.236,199.683,199.236,199.437,10142,14
1717610400,199.437,199.495,199.289,199.467,6195,14
1717614000,199.463,199.56,199.359,199.483,4374,16
1717617600,199.482,199.556,199.413,199.541,2994,15
1717621200,199.541,199.716,199.513,199.679,2664,14
1717624800,199.679,199.736,199.616,199.652,2800,17
1717628400,199.649,199.699,199.56,199.56,1334,17
1717632000,199.447,199.543,199.389,199.486,597,50
1717635600,199.484,199.635,199.332,199.379,1344,22
1717639200,199.376,199.56,199.299,199.457,2106,19
1717642800,199.457,199.473,199.194,199.258,3898,13
1717646400,199.257,199.39,198.968,199.344,5112,14
1717650000,199.344,199.36,199.036,199.261,3480,14
1717653600,199.262,199.296,199.09,199.097,3449,17
1717657200,199.097,199.535,199.094,199.255,2816,13
1717660800,199.255,199.514,199.227,199.447,3377,12
1717664400,199.446,199.759,199.298,199.72,5117,14
1717668000,199.72,199.916,199.631,199.9,4935,15
1717671600,199.901,199.927,199.524,199.677,4274,12
1717675200,199.673,199.778,199.298,199.399,4103,13
1717678800,199.399,199.533,199.306,199.415,3564,13
1717682400,199.418,199.532,199.401,199.457,3530,14
1717686000,199.458,199.717,199.367,199.695,7800,12
1717689600,199.69,199.789,199.222,199.598,8396,13
1717693200,199.599,199.748,199.226,199.278,6483,12
1717696800,199.28,199.522,199.262,199.388,4989,14
1717700400,199.388,199.451,199.049,199.076,4040,12
1717704000,199.076,199.275,199.066,199.273,3376,12
1717707600,199.273,199.283,199.08,199.17,3276,12
1717711200,199.17,199.256,198.824,199.009,3878,12
1717714800,199.011,199.121,198.992,198.995,1910,15
1717718400,198.995,199.166,198.795,199.004,965,46
1717722000,199.017,199.063,198.987,199.063,679,25
1717725600,199.072,199.168,199.023,199.14,1450,17
1717729200,199.138,199.286,198.976,199.202,3758,18
1717732800,199.201,199.363,199.091,199.122,4846,15
1717736400,199.123,199.319,199.107,199.267,2547,16
1717740000,199.265,199.274,199.141,199.179,2515,16
1717743600,199.179,199.182,198.898,198.983,2525,16
1717747200,198.983,199.127,198.728,198.808,3322,16
1717750800,198.815,198.897,198.388,198.771,5787,16
1717754400,198.767,198.96,198.458,198.931,5782,16
1717758000,198.931,198.999,198.566,198.67,5696,12
1717761600,198.667,199.016,198.634,198.951,4918,12
1717765200,198.951,199.063,198.907,199.0,3330,16
1717768800,198.998,199.279,198.876,199.264,4534,13
1717772400,199.263,199.799,198.907,199.695,9698,12
1717776000,199.697,199.74,199.39,199.735,9535,12
1717779600,199.729,199.8,199.43,199.57,8696,13
1717783200,199.571,199.572,199.058,199.253,6801,12
1717786800,199.248,199.349,199.124,199.338,5074,14
1717790400,199.33,199.359,199.152,199.285,3972,15
1717794000,199.285,199.336,199.135,199.298,3923,14
1717797600,199.298,199.426,199.206,199.39,3486,14
1717801200,199.387,199.433,199.218,199.243,1293,16
1717977600,199.512,199.548,199.224,199.344,1220,115
1717981200,199.344,199.754,199.235,199.64,2406,15
1717984800,199.659,199.705,199.563,199.602,1714,14
1717988400,199.599,199.686,199.465,199.559,3961,14
1717992000,199.545,199.724,199.48,199.64,3093,16
1717995600,199.64,199.721,199.602,199.682,2021,14
1717999200,199.683,199.916,199.669,199.796,2869,12
1718002800,199.795,199.822,199.663,199.794,2819,16
1718006400,199.789,199.808,199.635,199.755,2752,15
1718010000,199.743,199.785,199.612,199.687,5230,13
1718013600,199.686,199.757,199.47,199.743,6507,14
1718017200,199.743,199.799,199.376,199.45,5170,12
1718020800,199.45,199.461,199.137,199.221,4877,13
1718024400,199.221,199.235,198.924,199.103,4721,13
1718028000,199.103,199.55,199.08,199.456,3356,14
1718031600,199.456,199.798,199.421,199.547,4917,17
1718035200,199.547,199.552,199.312,199.384,5612,14
1718038800,199.384,199.568,199.305,199.52,4785,15
1718042400,199.523,199.795,199.503,199.783,3670,12
1718046000,199.783,199.882,199.781,199.822,3372,16
1718049600,199.822,199.947,199.783,199.915,3899,15
1718053200,199.915,200.021,199.815,199.999,3317,12
1718056800,199.997,200.039,199.86,199.877,2674,13
1718060400,199.874,199.946,199.838,199.864,1136,16
1718064000,199.864,199.886,199.661,199.836,1074,82
1718067600,199.837,199.908,199.827,199.898,1685,21
1718071200,199.898,199.931,199.81,199.838,1287,23
1718074800,199.838,200.154,199.837,200.093,3933,15
1718078400,200.092,200.144,199.971,200.139,3502,17
1718082000,200.139,200.25,200.093,200.25,2338,17
1718085600,200.25,200.301,200.194,200.227,2061,17
1718089200,200.226,200.334,200.207,200.264,1876,14
1718092800,200.264,200.351,200.13,200.302,2438,14
1718096400,200.303,200.382,199.961,200.043,4747,14
1718100000,200.043,200.195,199.95,200.169,4220,16
1718103600,200.169,200.356,200.021,200.05,3956,14
1718107200,200.05,200.233,199.947,200.223,5343,12
1718110800,200.223,200.384,200.15,200.169,4659,12
1718114400,200.166,200.213,200.049,200.114,5083,15
1718118000,200.112,200.12,199.81,199.932,6365,14
1718121600,199.932,200.088,199.729,199.769,6661,13
1718125200,199.767,200.041,199.671,199.975,6343,14
1718128800,199.967,200.227,199.965,200.139,4854,14
1718132400,200.137,200.335,200.094,200.324,2765,13
1718136000,200.324,200.326,200.024,200.034,3508,12
1718139600,200.034,200.146,200.002,200.126,3210,14
1718143200,200.123,200.182,200.06,200.143,2938,14
1718146800,200.145,200.187,200.101,200.121,1140,20
1718150400,200.121,200.16,199.879,200.146,583,58
1718154000,200.146,200.193,200.093,200.167,776,28
1718157600,200.167,200.201,200.069,200.152,898,13
1718161200,200.144,200.235,200.052,200.138,3343,16
1718164800,200.138,200.228,200.061,200.182,3511,13
1718168400,200.182,200.278,200.15,200.274,1754,15
1718172000,200.269,200.333,200.252,200.285,1999,17
1718175600,200.285,200.318,200.203,200.304,1694,14
1718179200,200.304,200.448,200.259,200.417,2325,17
1718182800,200.416,200.496,200.287,200.344,4099,14
1718186400,200.344,200.559,200.332,200.509,3517,15
1718190000,200.512,200.709,200.495,200.675,3244,15
1718193600,200.673,200.693,200.532,200.669,3159,12
1718197200,200.669,200.771,200.586,200.759,2765,12
1718200800,200.76,200.896,200.656,200.746,3583,16
1718204400,200.746,200.927,200.352,200.705,8071,12
1718208000,200.706,200.712,199.945,199.951,9279,13
1718211600,199.946,200.379,199.946,200.058,8107,12
1718215200,200.055,200.181,199.933,200.145,5875,13
1718218800,200.145,200.198,200.055,200.126,4487,13
1718222400,200.126,200.211,200.03,200.035,3983,14
1718226000,200.017,200.65,200.012,200.625,11951,12
1718229600,200.626,200.74,200.539,200.699,7171,13
1718233200,200.701,200.795,200.486,200.542,1983,14
1718236800,200.542,200.542,200.372,200.429,697,55
1718240400,200.429,200.616,200.337,200.613,1458,21
1718244000,200.613,200.681,200.536,200.637,1871,19
1718247600,200.635,200.735,200.542,200.612,3963,17
1718251200,200.612,200.654,200.492,200.509,3764,12
1718254800,200.508,200.775,200.506,200.751,3088,14
1718258400,200.751,200.803,200.703,200.719,1926,12
1718262000,200.72,200.765,200.657,200.698,1424,15
1718265600,200.698,200.813,200.692,200.73,2396,16
1718269200,200.727,200.961,200.7,200.77,3142,18
1718272800,200.77,201.183,200.737,201.119,4077,17
1718276400,201.12,201.276,201.073,201.254,3674,16
1718280000,201.254,201.305,200.918,200.927,3416,15
1718283600,200.926,200.95,200.717,200.788,3130,13
1718287200,200.789,200.96,200.644,200.659,2911,17
1718290800,200.659,200.85,200.483,200.744,7478,12
1718294400,200.743,201.019,200.687,200.807,8252,14
1718298000,200.806,200.866,200.32,200.35,6991,12
1718301600,200.35,200.372,200.008,200.076,6157,13
1718305200,200.076,200.076,199.685,199.9,5564,12
1718308800,199.9,200.265,199.809,200.246,3868,14
1718312400,200.246,200.324,200.188,200.262,3031,16
1718316000,200.262,200.512,200.243,200.481,2692,13
1718319600,200.483,200.525,200.32,200.32,1703,16
1718323200,200.32,200.33,200.102,200.301,521,77
1718326800,200.302,200.412,200.283,200.397,1103,16
1718330400,200.396,200.48,200.351,200.38,1910,20
1718334000,200.374,200.5,200.283,200.436,3850,14
1718337600,200.436,200.661,200.404,200.623,2883,17
1718341200,200.623,200.768,200.484,200.751,2207,16
1718344800,200.751,201.445,200.053,201.246,5475,19
1718348400,201.246,201.376,201.217,201.355,3029,13
1718352000,201.355,201.597,201.184,201.515,3184,15
1718355600,201.515,201.604,200.675,201.144,7175,12
1718359200,201.151,201.344,200.668,200.706,8092,13
1718362800,200.713,200.865,200.224,200.352,7826,12
1718366400,200.352,200.389,199.232,199.598,8232,12
1718370000,199.601,199.636,199.339,199.425,8447,12
1718373600,199.425,200.012,199.415,199.526,7332,13
1718377200,199.527,199.647,199.187,199.549,8077,13
1718380800,199.547,199.723,198.916,199.124,7159,13
1718384400,199.124,199.485,198.931,199.344,8151,12
1718388000,199.343,199.6,199.272,199.477,5207,12
1718391600,199.476,199.62,199.368,199.569,3610,13
1718395200,199.569,199.658,199.448,199.538,3475,16
1718398800,199.537,199.559,199.421,199.43,2882,13
1718402400,199.436,199.606,199.431,199.606,2208,16
1718406000,199.606,199.708,199.507,199.541,1414,12
1718582400,199.448,199.642,199.429,199.517,707,86
1718586000,199.517,199.864,199.487,199.828,1669,20
1718589600,199.828,199.915,199.725,199.825,1833,12
1718593200,199.826,199.83,199.482,199.709,4847,12
1718596800,199.709,199.756,199.578,199.725,3126,12
1718600400,199.72,199.787,199.686,199.699,2334,13
1718604000,199.699,199.76,199.515,199.564,2739,16
1718607600,199.566,199.628,199.514,199.606,1959,18
1718611200,199.607,199.751,199.551,199.589,2694,13
1718614800,199.589,199.589,199.055,199.322,6945,12
1718618400,199.322,199.701,199.249,199.586,6373,14
1718622000,199.586,199.884,199.543,199.802,5213,12
1718625600,199.801,199.899,199.624,199.702,4529,12
1718629200,199.703,199.749,199.491,199.7,3713,15
1718632800,199.7,199.98,199.679,199.867,3820,14
1718636400,199.866,200.077,199.843,199.994,5121,14
1718640000,199.994,200.171,199.887,200.107,5463,13
1718643600,200.109,200.221,200.076,200.143,5257,12
1718647200,200.143,200.338,200.069,200.208,4178,13
1718650800,200.207,200.345,200.171,200.322,3394,15
1718654400,200.322,200.373,200.27,200.37,2621,12
1718658000,200.371,200.448,200.346,200.37,2874,16
1718661600,200.372,200.407,200.317,200.361,2554,14
1718665200,200.361,200.399,200.337,200.351,858,14
1718668800,200.234,200.368,200.176,200.313,493,58
1718672400,200.318,200.449,200.277,200.411,732,15
1718676000,200.412,200.495,200.346,200.481,1346,16
1718679600,200.481,200.485,200.331,200.404,3377,13
1718683200,200.403,200.429,200.02,200.109,3398,16
1718686800,200.109,200.18,200.073,200.168,2387,15
1718690400,200.168,200.17,200.047,200.148,2123,16
1718694000,200.148,200.242,200.062,200.195,2314,18
1718697600,200.195,200.359,200.135,200.351,3495,17
1718701200,200.352,200.644,200.325,200.627,4353,17
1718704800,200.628,200.758,200.416,200.485,4816,12
1718708400,200.486,200.634,200.424,200.53,4291,12
1718712000,200.528,200.595,200.432,200.537,4538,12
1718715600,200.537,200.612,200.448,200.603,3347,15
1718719200,200.603,200.667,200.231,200.351,3308,12
1718722800,200.356,200.401,200.017,200.301,6885,13
1718726400,200.301,200.625,200.168,200.625,6502,12
1718730000,200.622,200.836,200.407,200.44,6451,12
1718733600,200.444,200.514,200.22,200.345,4595,14
1718737200,200.345,200.383,200.259,200.318,3049,13
1718740800,200.318,200.534,200.31,200.527,3838,14
1718744400,200.521,200.591,200.456,200.533,3004,12
1718748000,200.525,200.609,200.468,200.609,2647,13
1718751600,200.61,200.63,200.57,200.597,813,12
1718755200,200.597,200.621,200.301,200.567,1186,56
1718758800,200.551,200.648,200.551,200.625,710,22
1718762400,200.625,200.625,200.546,200.586,1261,17
1718766000,200.586,200.641,200.544,200.565,2329,14
1718769600,200.565,200.579,200.454,200.528,2962,13
1718773200,200.528,200.613,200.513,200.609,1915,15
1718776800,200.609,200.651,200.577,200.598,1564,15
1718780400,200.598,200.598,200.506,200.557,1306,18
1718784000,200.557,200.586,200.388,200.404,2133,17
1718787600,200.38,200.811,200.38,200.625,4334,13
1718791200,200.627,200.84,200.536,200.756,4582,12
1718794800,200.759,200.912,200.722,200.91,3411,15
1718798400,200.908,201.015,200.869,200.945,3055,15
1718802000,200.945,201.084,200.93,200.992,2964,16
1718805600,200.998,201.051,200.934,201.051,2833,17
1718809200,201.054,201.11,200.743,200.812,3320,15
1718812800,200.822,200.878,200.785,200.852,2730,15
1718816400,200.852,201.067,200.836,201.002,2473,12
1718820000,201.0,201.02,200.89,200.94,1895,16
1718823600,200.94,200.951,200.86,200.892,745,17
1718827200,200.891,200.914,200.833,200.841,511,18
1718830800,200.84,200.959,200.801,200.959,472,19
1718834400,200.956,200.996,200.915,200.946,587,13
1718838000,200.946,201.108,200.932,200.998,925,18
1718841600,200.964,200.991,200.639,200.968,702,58
1718845200,200.968,201.044,200.916,200.967,1157,18
1718848800,200.967,201.004,200.876,200.909,1156,18
1718852400,200.909,201.005,200.888,200.935,2383,18
1718856000,200.935,201.031,200.903,200.967,2768,13
1718859600,200.967,200.994,200.88,200.948,1554,14
1718863200,200.948,201.041,200.938,200.991,1297,16
1718866800,200.997,201.104,200.989,201.049,1419,14
1718870400,201.049,201.091,200.9,200.926,2094,17
1718874000,200.934,201.021,200.831,200.914,3771,14
1718877600,200.913,201.165,200.911,201.112,4444,15
1718881200,201.112,201.271,201.087,201.154,4845,12
1718884800,201.153,201.331,201.119,201.327,3972,14
1718888400,201.322,201.346,201.17,201.233,3221,14
1718892000,201.19,201.277,200.84,200.894,5335,12
1718895600,200.889,201.022,200.757,200.993,5830,12
1718899200,200.996,201.243,200.933,201.187,4998,12
1718902800,201.187,201.364,201.129,201.337,4812,13
1718906400,201.338,201.381,201.081,201.122,4521,13
1718910000,201.122,201.218,201.0,201.167,3640,15
1718913600,201.167,201.236,201.084,201.221,3728,13
1718917200,201.22,201.371,201.187,201.199,3252,12
1718920800,201.202,201.25,201.139,201.221,3050,13
1718924400,201.217,201.278,201.097,201.15,1193,17
1718928000,201.15,201.186,201.003,201.143,847,42
1718931600,201.145,201.172,201.114,201.127,1037,18
1718935200,201.121,201.221,201.079,201.203,1536,13
1718938800,201.203,201.383,201.143,201.356,2927,16
1718942400,201.356,201.365,201.152,201.214,3442,14
1718946000,201.218,201.267,201.125,201.252,2118,13
1718949600,201.252,201.252,201.131,201.155,1416,13
1718953200,201.156,201.187,201.137,201.169,934,13
1718956800,201.169,201.308,201.1,201.273,1872,14
1718960400,201.232,201.449,201.165,201.167,3921,16
1718964000,201.166,201.224,200.511,200.727,5807,12
1718967600,200.716,201.059,200.422,200.978,5330,14
1718971200,200.98,201.116,200.859,201.052,4378,12
1718974800,201.043,201.051,200.81,200.851,3829,15
1718978400,200.851,200.991,200.771,200.893,3705,16
1718982000,200.894,201.057,200.838,201.017,4424,14
1718985600,201.015,201.097,200.773,201.011,5768,13
1718989200,201.012,201.566,201.012,201.463,7037,12
1718992800,201.465,201.583,201.342,201.579,5567,12
1718996400,201.579,201.639,201.461,201.561,3400,12
1719000000,201.557,201.762,201.527,201.723,2489,12
1719003600,201.723,201.816,201.634,201.77,2376,15
1719007200,201.77,201.866,201.746,201.865,2442,15
1719010800,201.865,202.037,201.815,201.935,1826,16
1719187200,201.797,201.973,201.529,201.848,469,52
1719190800,201.86,201.996,201.779,201.932,1645,22
1719194400,201.932,202.088,201.894,202.069,2122,17
1719198000,202.075,202.15,201.932,201.978,3229,15
1719201600,201.979,201.987,201.716,201.794,3913,12
1719205200,201.794,201.847,201.715,201.831,2147,14
1719208800,201.831,201.913,201.791,201.881,1920,13
1719212400,201.88,202.004,201.879,202.003,2424,18
1719216000,202.002,202.097,201.972,201.994,2220,15
1719219600,201.986,202.106,201.931,201.996,3555,15
1719223200,201.993,202.101,201.933,202.066,3882,13
1719226800,202.066,202.327,202.04,202.242,4424,13
1719230400,202.239,202.26,202.02,202.241,4630,12
1719234000,202.243,202.247,201.134,201.984,6696,15
1719237600,201.983,202.023,201.762,201.923,4173,15
1719241200,201.923,202.078,201.82,201.867,4408,12
1719244800,201.863,202.338,201.856,202.299,5470,14
1719248400,202.299,202.662,202.264,202.633,5690,13
1719252000,202.631,202.695,202.523,202.535,3767,15
1719255600,202.532,202.575,202.429,202.522,2355,12
1719259200,202.522,202.522,202.373,202.487,2761,12
1719262800,202.487,202.604,202.426,202.589,2820,12
1719266400,202.592,202.684,202.509,202.516,2688,14
1719270000,202.519,202.55,202.328,202.328,1239,18
1719273600,202.331,202.498,202.202,202.44,961,63
1719277200,202.404,202.502,202.401,202.45,1519,22
1719280800,202.45,202.521,202.402,202.519,1515,16
1719284400,202.52,202.555,202.142,202.202,3456,13
1719288000,202.208,202.331,201.948,202.215,4715,13
1719291600,202.215,202.292,202.151,202.166,2902,16
1719295200,202.168,202.48,202.168,202.473,2293,15
1719298800,202.473,202.503,202.325,202.375,2197,17
1719302400,202.377,202.4,202.249,202.385,2611,15
1719306000,202.383,202.383,202.233,202.347,3098,15
1719309600,202.353,202.421,202.215,202.366,4605,13
1719313200,202.367,202.583,202.349,202.539,4170,15
1719316800,202.539,202.605,202.309,202.332,3173,15
1719320400,202.332,202.371,202.146,202.284,3441,15
1719324000,202.284,202.397,202.119,202.226,3419,12
1719327600,202.227,202.458,202.186,202.448,3976,13
1719331200,202.449,202.539,202.319,202.466,5247,12
1719334800,202.469,202.569,202.331,202.346,5581,12
1719338400,202.348,202.541,202.337,202.381,4023,14
1719342000,202.378,202.535,202.371,202.528,3024,15
1719345600,202.526,202.667,202.435,202.654,2400,13
1719349200,202.654,202.716,202.623,202.669,2491,13
1719352800,202.669,202.669,202.515,202.543,2520,14
1719356400,202.541,202.605,202.493,202.493,810,18
1719360000,202.493,202.566,202.376,202.516,727,25
1719363600,202.511,202.561,202.466,202.527,992,24
1719367200,202.527,202.568,202.442,202.554,1337,18
1719370800,202.557,202.635,202.48,202.593,2543,14
1719374400,202.59,202.847,202.576,202.729,3494,14
1719378000,202.729,202.871,202.632,202.759,2239,15
1719381600,202.759,202.808,202.718,202.771,1864,18
1719385200,202.771,202.772,202.633,202.647,1663,16
1719388800,202.648,202.765,202.64,202.736,2145,14
1719392400,202.736,202.765,202.557,202.576,3837,15
1719396000,202.575,202.656,202.528,202.593,4333,12
1719399600,202.591,202.616,202.488,202.594,3159,15
1719403200,202.591,202.749,202.52,202.665,4301,14
1719406800,202.677,202.943,202.575,202.868,5320,12
1719410400,202.868,202.975,202.574,202.933,6333,14
1719414000,202.933,203.028,202.661,202.757,4727,14
1719417600,202.757,202.928,202.411,202.814,7533,12
1719421200,202.812,203.141,202.713,202.723,7434,12
1719424800,202.717,202.993,202.676,202.822,5252,14
1719428400,202.822,202.98,202.744,202.81,3891,12
1719432000,202.808,203.0,202.774,202.904,3805,14
1719435600,202.904,202.94,202.796,202.821,2396,14
1719439200,202.821,203.018,202.75,202.99,2205,16
1719442800,202.995,203.039,202.907,202.943,1159,16
1719446400,202.849,202.931,202.769,202.912,921,45
1719450000,202.912,202.912,202.777,202.801,1441,12
1719453600,202.801,202.818,202.666,202.718,1624,14
1719457200,202.719,202.738,202.518,202.697,3868,13
1719460800,202.7,202.743,202.491,202.666,3444,14
1719464400,202.693,202.695,202.529,202.616,2493,13
1719468000,202.612,202.66,202.558,202.618,1741,14
1719471600,202.618,202.626,202.496,202.598,1752,13
1719475200,202.601,202.737,202.546,202.717,2438,16
1719478800,202.716,202.843,202.63,202.817,3202,13
1719482400,202.818,202.954,202.697,202.815,4546,12
1719486000,202.81,202.868,202.732,202.856,3506,14
1719489600,202.856,203.018,202.846,202.965,3737,15
1719493200,202.966,203.018,202.839,202.965,3538,14
1719496800,202.964,203.044,202.901,202.946,3120,17
1719500400,202.95,203.074,202.84,202.981,6005,12
1719504000,202.98,203.318,202.855,203.258,6507,12
1719507600,203.262,203.368,203.056,203.142,7152,12
1719511200,203.143,203.348,203.123,203.292,4801,12
1719514800,203.293,203.378,203.279,203.314,3253,12
1719518400,203.314,203.322,203.212,203.229,2602,12
1719522000,203.231,203.327,203.156,203.285,2796,13
1719525600,203.289,203.318,203.211,203.24,2642,12
1719529200,203.238,203.267,203.152,203.16,918,14
1719532800,203.026,203.206,203.018,203.169,1000,66
1719536400,203.169,203.178,203.084,203.124,781,22
1719540000,203.123,203.203,203.052,203.186,1432,16
1719543600,203.186,203.484,203.108,203.468,3182,16
1719547200,203.468,203.579,203.171,203.381,5707,14
1719550800,203.373,203.421,203.217,203.334,4344,12
1719554400,203.333,203.343,203.191,203.314,2664,15
1719558000,203.316,203.385,203.27,203.271,2189,15
1719561600,203.268,203.323,203.197,203.283,2471,14
1719565200,203.293,203.434,203.284,203.427,4162,15
1719568800,203.427,203.579,203.313,203.461,4615,12
1719572400,203.46,203.466,203.257,203.31,4926,13
1719576000,203.307,203.314,203.041,203.242,4437,15
1719579600,203.25,203.303,203.026,203.067,4295,12
1719583200,203.064,203.157,202.968,203.08,4433,14
1719586800,203.083,203.211,202.939,203.04,6656,12
1719590400,203.042,203.046,202.564,202.7,7187,12
1719594000,202.638,203.379,202.559,203.327,8613,12
1719597600,203.323,203.435,203.224,203.3,6751,12
1719601200,203.301,203.409,203.202,203.337,4680,14
1719604800,203.336,203.444,203.234,203.243,3360,13
1719608400,203.242,203.312,203.143,203.268,2761,12
1719612000,203.269,203.366,203.144,203.336,3231,13
1719615600,203.341,203.465,203.243,203.25,1810,14
1719792000,203.288,203.481,203.165,203.375,543,70
1719795600,203.395,203.55,203.363,203.418,1815,20
1719799200,203.413,203.547,203.371,203.54,1432,19
1719802800,203.542,203.92,203.371,203.699,5258,12
1719806400,203.698,203.815,203.6,203.7,4495,12
1719810000,203.701,203.712,203.597,203.703,2163,12
1719813600,203.703,203.85,203.688,203.815,1816,14
1719817200,203.815,203.867,203.756,203.864,1881,13
1719820800,203.866,203.972,203.792,203.962,2720,13
1719824400,203.943,204.246,203.943,204.088,5452,13
1719828000,204.087,204.165,203.837,203.893,5494,15
1719831600,203.888,204.174,203.888,204.052,4792,14
1719835200,204.054,204.127,203.956,204.087,3376,13
1719838800,204.085,204.201,204.002,204.168,3616,13
1719842400,204.166,204.255,204.082,204.221,3302,14
1719846000,204.221,204.406,204.143,204.361,5071,13
1719849600,204.355,204.632,204.296,204.609,5435,12
1719853200,204.568,204.729,204.325,204.426,8353,13
1719856800,204.419,204.459,204.197,204.308,5229,12
1719860400,204.308,204.396,204.189,204.289,3424,13
1719864000,204.289,204.298,204.124,204.129,2154,12
1719867600,204.129,204.169,204.063,204.168,2142,12
1719871200,204.168,204.213,204.124,204.151,2569,15
1719874800,204.161,204.285,204.108,204.207,1241,19
1719878400,204.077,204.344,203.881,204.177,756,77
1719882000,204.177,204.242,204.111,204.142,801,18
1719885600,204.142,204.229,204.106,204.222,1012,12
1719889200,204.224,204.335,204.168,204.179,3094,13
1719892800,204.179,204.336,204.077,204.301,3237,12
1719896400,204.301,204.31,204.175,204.222,2463,13
1719900000,204.222,204.276,204.2,204.239,1895,15
1719903600,204.238,204.317,204.157,204.236,1686,15
1719907200,204.235,204.366,204.191,204.348,1871,15
1719910800,204.342,204.374,204.142,204.227,3915,12
1719914400,204.227,204.272,203.874,204.077,5557,13
1719918000,204.081,204.183,204.017,204.066,4869,14
1719921600,204.055,204.229,204.036,204.225,3338,12
1719925200,204.226,204.4,204.104,204.304,3230,12
1719928800,204.304,204.511,204.29,204.507,3300,15
1719932400,204.491,204.586,204.39,204.538,4514,16
1719936000,204.542,204.731,204.456,204.597,6531,13
1719939600,204.598,204.725,204.407,204.633,7658,13
1719943200,204.633,204.825,204.603,204.744,3948,12
1719946800,204.744,204.763,204.625,204.683,2361,14
1719950400,204.682,204.777,204.638,204.756,1823,14
1719954000,204.756,204.828,204.723,204.826,2216,15
1719957600,204.818,204.84,204.774,204.84,2092,13
1719961200,204.843,204.85,204.747,204.747,828,16
1719964800,204.617,204.799,204.534,204.739,904,65
1719968400,204.739,204.879,204.731,204.859,937,14
1719972000,204.859,204.946,204.82,204.878,1133,16
1719975600,204.882,205.043,204.84,204.99,2926,14
1719979200,204.988,205.023,204.922,204.994,2118,15
1719982800,204.994,205.042,204.953,205.026,1752,14
1719986400,205.021,205.082,205.014,205.042,1244,15
1719990000,205.04,205.18,205.028,205.151,1653,15
1719993600,205.149,205.294,205.092,205.261,2451,12
1719997200,205.265,205.381,205.08,205.287,3875,13
1720000800,205.291,205.532,205.249,205.333,4766,12
1720004400,205.333,205.515,205.268,205.463,3690,14
1720008000,205.465,205.573,205.363,205.515,3102,15
1720011600,205.513,205.75,205.454,205.647,3359,13
1720015200,205.647,205.732,205.556,205.729,3069,12
1720018800,205.728,205.885,205.647,205.807,5086,17
1720022400,205.811,206.044,205.804,205.956,4657,12
1720026000,206.083,206.083,205.333,205.881,9910,12
1720029600,205.881,206.157,205.782,206.103,6400,12
1720033200,206.103,206.106,205.929,206.009,3674,15
1720036800,206.012,206.013,205.702,205.703,2126,14
1720040400,205.703,205.945,205.701,205.894,1817,12
1720044000,205.885,206.08,205.863,205.998,1958,13
1720047600,205.998,206.059,205.974,205.974,1024,19
1720051200,205.836,206.004,205.669,205.851,714,62
1720054800,205.851,205.985,205.835,205.959,611,25
1720058400,205.959,206.052,205.954,205.971,996,21
1720062000,205.974,206.001,205.757,205.84,3123,13
1720065600,205.84,205.848,205.486,205.744,4293,12
1720069200,205.744,205.788,205.667,205.77,1964,15
1720072800,205.77,205.849,205.699,205.814,1648,19
1720076400,205.814,205.887,205.766,205.797,1130,12
1720080000,205.797,205.859,205.77,205.846,1615,16
1720083600,205.849,205.849,205.639,205.705,3227,14
1720087200,205.703,205.795,205.603,205.682,4254,15
1720090800,205.679,205.779,205.629,205.664,3994,14
1720094400,205.664,205.718,205.571,205.583,3278,15
1720098000,205.584,205.656,205.447,205.447,2979,12
1720101600,205.446,205.48,205.283,205.307,3254,12
1720105200,205.307,205.48,205.279,205.427,3294,12
1720108800,205.428,205.582,205.382,205.571,2785,16
1720112400,205.569,205.632,205.414,205.538,3535,12
1720116000,205.538,205.715,205.528,205.612,2309,15
1720119600,205.613,205.654,205.583,205.611,1452,12
1720123200,205.612,205.63,205.579,205.63,417,12
1720126800,205.63,205.773,205.63,205.772,390,12
1720130400,205.772,205.782,205.661,205.728,737,16
1720134000,205.729,205.794,205.669,205.669,1244,21
1720137600,205.668,205.809,205.54,205.709,564,37
1720141200,205.709,205.734,205.63,205.72,1039,20
1720144800,205.719,205.843,205.699,205.8,1419,21
1720148400,205.8,205.848,205.305,205.589,5264,18
1720152000,205.579,205.659,205.375,205.525,4534,17
1720155600,205.547,205.564,205.413,205.433,2676,16
1720159200,205.433,205.459,204.969,205.114,3900,14
1720162800,205.115,205.17,205.022,205.136,1887,17
1720166400,205.136,205.269,205.125,205.174,2092,16
1720170000,205.174,205.332,205.068,205.289,3333,14
1720173600,205.288,205.509,205.095,205.467,4738,12
1720177200,205.461,205.463,205.251,205.406,3609,14
1720180800,205.404,205.514,205.249,205.489,3161,12
1720184400,205.49,205.661,205.418,205.625,2864,12
1720188000,205.628,205.719,205.542,205.587,2912,16
1720191600,205.585,206.163,205.166,206.043,8595,12
1720195200,206.043,206.435,205.915,206.392,9384,12
1720198800,206.387,206.402,205.92,205.991,8384,12
1720202400,205.986,206.079,205.749,205.836,6343,12
1720206000,205.838,205.959,205.787,205.899,3385,12
1720209600,205.899,205.981,205.889,205.934,2955,14
1720213200,205.934,205.981,205.883,205.981,2220,15
1720216800,205.972,206.045,205.929,206.028,2385,18
1720220400,206.034,206.099,205.882,205.882,1252,16
1720396800,205.6,205.989,205.508,205.872,845,70
1720400400,205.885,205.978,205.839,205.884,1726,22
1720404000,205.884,205.938,205.655,205.702,2511,14
1720407600,205.704,205.798,205.639,205.655,4341,15
1720411200,205.655,205.788,205.478,205.501,4181,13
1720414800,205.502,205.559,205.28,205.416,3912,14
1720418400,205.417,205.734,205.412,205.644,2628,14
1720422000,205.645,205.744,205.599,205.712,1945,15
1720425600,205.712,205.837,205.673,205.837,2441,12
1720429200,205.841,205.992,205.615,205.902,5336,12
1720432800,205.902,206.223,205.844,206.166,5919,13
1720436400,206.165,206.531,206.161,206.499,4982,14
1720440000,206.5,206.5,206.306,206.428,3786,12
1720443600,206.428,206.472,206.248,206.259,3869,13
1720447200,206.259,206.616,206.195,206.61,3736,14
1720450800,206.61,206.658,206.266,206.29,4794,12
1720454400,206.29,206.506,206.171,206.292,4948,12
1720458000,206.292,206.298,206.029,206.114,4956,12
1720461600,206.116,206.245,206.046,206.195,3513,12
1720465200,206.195,206.197,206.065,206.065,2569,15
1720468800,206.065,206.078,205.916,206.001,1872,15
1720472400,206.001,206.017,205.885,205.992,1665,13
1720476000,205.989,205.992,205.887,205.958,1834,16
1720479600,205.959,206.003,205.919,205.928,894,14
1720483200,205.928,205.956,205.805,205.887,730,52
1720486800,205.892,205.975,205.891,205.939,673,22
1720490400,205.94,206.156,205.901,206.138,1047,16
1720494000,206.138,206.142,205.981,206.066,3071,14
1720497600,206.066,206.145,206.024,206.091,2509,14
1720501200,206.091,206.246,206.059,206.141,2382,12
1720504800,206.142,206.29,206.048,206.214,2249,12
1720508400,206.217,206.253,206.078,206.156,2128,12
1720512000,206.156,206.167,206.092,206.107,1970,16
1720515600,206.108,206.13,205.931,205.954,3699,13
1720519200,205.953,206.056,205.855,205.941,4628,14
1720522800,205.941,206.241,205.884,206.226,3208,12
1720526400,206.228,206.293,206.166,206.262,3197,12
1720530000,206.262,206.449,206.218,206.331,3208,12
1720533600,206.33,206.416,206.143,206.22,3820,14
1720537200,206.22,206.351,206.147,206.339,4099,12
1720540800,206.34,206.43,206.272,206.338,4616,12
1720544400,206.338,206.508,206.271,206.484,9117,12
1720548000,206.48,206.577,206.277,206.329,6041,12
1720551600,206.328,206.342,206.176,206.212,3137,12
1720555200,206.213,206.275,206.165,206.201,2472,13
1720558800,206.201,206.286,206.173,206.261,1895,13
1720562400,206.259,206.281,206.177,206.275,1685,13
1720566000,206.275,206.282,206.195,206.195,830,13
1720569600,206.088,206.236,206.054,206.214,757,45
1720573200,206.214,206.305,206.198,206.287,750,23
1720576800,206.289,206.35,206.274,206.3,1166,18
1720580400,206.3,206.5,206.282,206.437,3046,14
1720584000,206.436,206.604,206.433,206.557,3001,16
1720587600,206.557,206.593,206.465,206.548,3014,14
1720591200,206.546,206.613,206.485,206.503,1545,16
1720594800,206.503,206.557,206.486,206.545,1552,17
1720598400,206.545,206.64,206.529,206.554,1622,16
1720602000,206.557,206.562,206.45,206.488,2731,13
1720605600,206.487,206.622,206.461,206.586,4127,13
1720609200,206.585,206.69,206.525,206.674,4106,12
1720612800,206.675,206.976,206.675,206.96,3566,13
1720616400,206.96,206.987,206.835,206.908,3119,13
1720620000,206.912,206.922,206.757,206.786,3128,12
1720623600,206.786,206.86,206.715,206.783,3438,15
1720627200,206.784,207.364,206.77,207.298,4522,12
1720630800,207.298,207.504,207.27,207.403,5249,12
1720634400,207.402,207.784,207.392,207.68,4058,12
1720638000,207.689,207.713,207.595,207.705,2801,12
1720641600,207.7,207.709,207.597,207.668,2710,13
1720645200,207.671,207.802,207.662,207.801,1748,14
1720648800,207.801,207.801,207.707,207.756,2039,12
1720652400,207.75,207.799,207.708,207.713,1121,18
1720656000,207.663,207.674,207.574,207.587,261,42
1720659600,207.6,207.678,207.597,207.625,892,19
1720663200,207.625,207.711,207.612,207.7,1230,16
1720666800,207.7,207.756,207.569,207.684,3260,12
1720670400,207.683,207.762,207.666,207.725,2422,17
1720674000,207.724,207.911,207.699,207.894,1661,14
1720677600,207.891,207.942,207.849,207.865,1881,14
1720681200,207.865,207.911,207.841,207.881,1332,15
1720684800,207.881,207.937,207.818,207.843,1577,14
1720688400,207.836,208.092,207.836,207.961,4139,13
1720692000,207.965,208.027,207.87,207.952,3717,14
1720695600,207.952,207.999,207.892,207.97,3133,13
1720699200,207.968,208.017,207.896,208.002,3306,14
1720702800,208.002,208.095,207.967,208.022,2372,13
1720706400,208.022,208.056,207.95,208.003,2331,12
1720710000,208.003,208.101,204.939,205.151,9821,12
1720713600,205.136,205.251,203.828,205.03,12675,12
1720717200,205.028,205.189,204.645,204.916,8608,12
1720720800,204.911,205.036,204.666,204.819,7222,12
1720724400,204.821,204.868,204.634,204.71,5077,12
1720728000,204.71,204.95,204.665,204.878,5281,14
1720731600,204.875,205.074,204.82,204.966,4039,16
1720735200,204.967,205.088,204.947,205.064,3144,13
1720738800,205.062,205.2,205.033,205.047,1349,15
1720742400,205.047,205.203,204.873,205.198,580,61
1720746000,205.198,205.672,205.197,205.648,2402,14
1720749600,205.648,205.918,203.823,204.556,7291,12
1720753200,204.522,205.446,204.165,205.347,8015,12
1720756800,205.351,205.647,205.331,205.632,5793,18
1720760400,205.631,205.659,204.865,205.573,4657,13
1720764000,205.57,205.61,205.393,205.527,3279,15
1720767600,205.525,205.533,205.306,205.425,3107,12
1720771200,205.425,205.482,205.178,205.349,4060,13
1720774800,205.348,205.531,205.276,205.382,5813,12
1720778400,205.38,205.975,205.351,205.833,5672,12
1720782000,205.834,206.008,205.772,205.968,4774,15
1720785600,205.975,206.146,205.89,206.123,4004,12
1720789200,206.121,206.332,206.109,206.23,4028,14
1720792800,206.234,206.283,205.985,206.031,4158,16
1720796400,206.031,206.063,205.36,205.887,9911,12
1720800000,205.881,205.927,204.154,205.403,10351,12
1720803600,205.421,205.437,204.285,204.859,9317,12
1720807200,204.859,205.261,204.59,205.014,5711,13
1720810800,205.011,205.176,204.984,205.03,3897,14
1720814400,205.03,205.213,205.018,205.182,2888,12
1720818000,205.182,205.201,205.024,205.114,2724,12
1720821600,205.12,205.121,204.875,204.949,3092,13
1720825200,204.962,205.117,204.9,204.951,1259,12
1721001600,204.857,205.327,204.857,205.218,856,29
1721005200,205.224,205.38,204.831,205.33,2209,20
1721008800,205.329,205.39,205.118,205.244,2724,16
1721012400,205.24,205.297,204.843,204.999,4430,12
1721016000,204.999,205.111,204.794,204.916,3681,15
1721019600,204.916,205.024,204.79,204.963,3102,15
1721023200,204.957,204.96,204.824,204.942,2385,16
1721026800,204.943,205.016,204.921,204.984,1782,15
1721030400,204.987,204.99,204.818,204.936,1989,15
1721034000,204.935,205.199,204.845,205.059,4898,12
1721037600,205.061,205.081,204.774,205.014,6011,12
1721041200,204.999,205.108,204.886,204.98,4845,13
1721044800,204.984,205.155,204.915,205.066,4173,13
1721048400,205.069,205.167,204.933,204.997,4170,13
1721052000,204.996,205.223,204.956,205.116,4115,14
1721055600,205.12,205.142,204.963,204.982,4429,15
1721059200,204.982,205.289,204.982,205.207,5910,12
1721062800,205.208,205.208,204.895,204.948,5580,12
1721066400,204.949,205.093,204.907,204.97,5175,12
1721070000,204.968,204.968,204.112,204.66,5699,13
1721073600,204.661,204.924,204.615,204.745,5090,12
1721077200,204.746,204.848,204.666,204.759,3505,12
1721080800,204.759,204.876,204.665,204.787,2681,14
1721084400,204.799,205.1,204.73,204.923,1130,13
1721088000,204.888,204.987,204.774,204.918,569,40
1721091600,204.918,205.076,204.914,205.023,1077,20
1721095200,205.023,205.198,204.968,205.097,1694,13
1721098800,205.097,205.358,205.012,205.307,3476,12
1721102400,205.305,205.627,205.305,205.54,3838,12
1721106000,205.54,205.764,205.522,205.708,2898,13
1721109600,205.708,205.733,205.588,205.637,2220,14
1721113200,205.639,205.739,205.611,205.634,1843,14
1721116800,205.638,205.777,205.617,205.666,2682,15
1721120400,205.666,205.69,205.241,205.423,4533,12
1721124000,205.425,205.564,205.206,205.547,5925,13
1721127600,205.549,205.664,205.391,205.42,5312,12
1721131200,205.417,205.47,205.294,205.412,5290,12
1721134800,205.412,205.482,205.331,205.407,3970,14
1721138400,205.41,205.461,205.301,205.343,3761,16
1721142000,205.341,205.618,205.119,205.531,6554,12
1721145600,205.532,205.586,205.319,205.483,6648,12
1721149200,205.482,205.596,205.315,205.322,5850,13
1721152800,205.324,205.492,205.295,205.439,4351,13
1721156400,205.438,205.457,205.309,205.374,3791,12
1721160000,205.374,205.399,205.299,205.358,2712,12
1721163600,205.358,205.399,205.332,205.35,2202,13
1721167200,205.357,205.504,205.346,205.491,2552,12
1721170800,205.491,205.515,205.347,205.396,1145,14
1721174400,205.295,205.408,205.112,205.366,1109,57
1721178000,205.361,205.465,205.331,205.447,1636,14
1721181600,205.449,205.502,205.367,205.502,1561,17
1721185200,205.502,205.604,205.436,205.539,4632,12
1721188800,205.535,205.679,205.48,205.587,3985,12
1721192400,205.592,205.607,205.468,205.527,2516,12
1721196000,205.527,205.55,205.378,205.492,2346,14
1721199600,205.492,205.508,205.168,205.17,2155,12
1721203200,205.171,205.201,204.743,204.795,3796,12
1721206800,204.78,205.137,204.758,204.945,7098,12
1721210400,204.946,205.001,204.168,204.316,8923,12
1721214000,204.319,204.35,203.378,203.551,9258,12
1721217600,203.55,204.032,203.405,204.005,8657,15
1721221200,204.006,204.285,203.754,204.274,6000,12
1721224800,204.274,204.352,203.796,203.97,5758,12
1721228400,203.97,204.15,203.862,204.028,6939,12
1721232000,204.024,204.084,203.514,203.645,8526,12
1721235600,203.651,203.851,203.542,203.649,8130,12
1721239200,203.644,203.741,203.507,203.608,5972,12
1721242800,203.608,203.649,203.123,203.248,5336,12
1721246400,203.249,203.477,203.102,203.464,4586,16
1721250000,203.466,203.502,203.011,203.018,4061,15
1721253600,203.023,203.238,203.021,203.156,2994,14
1721257200,203.155,203.412,203.121,203.145,1287,18
1721260800,203.071,203.184,202.999,203.108,1253,51
1721264400,203.108,203.276,202.928,203.14,2896,19
1721268000,203.132,203.193,202.092,202.492,6106,12
1721271600,202.493,202.677,202.22,202.507,7708,12
1721275200,202.508,203.236,202.46,203.172,5576,12
1721278800,203.172,203.384,203.05,203.236,4428,14
1721282400,203.236,203.577,203.217,203.389,3553,17
1721286000,203.388,203.495,203.088,203.259,3777,13
1721289600,203.26,203.395,202.682,202.922,4610,12
1721293200,202.895,203.19,202.821,202.823,6896,12
1721296800,202.832,203.117,202.67,203.115,8225,12
1721300400,203.112,203.329,203.022,203.175,7797,12
1721304000,203.175,203.281,202.975,203.257,5642,13
1721307600,203.251,203.284,203.093,203.163,4687,12
1721311200,203.168,203.219,203.042,203.142,4201,15
1721314800,203.142,203.195,202.797,203.065,7298,14
1721318400,203.06,203.316,202.917,203.19,8454,12
1721322000,203.176,203.449,203.11,203.43,7923,12
1721325600,203.424,203.67,203.262,203.634,7338,13
1721329200,203.634,203.858,203.511,203.833,6151,15
1721332800,203.833,203.845,203.694,203.736,4985,13
1721336400,203.736,203.742,203.551,203.652,4461,14
1721340000,203.648,203.768,203.637,203.709,4241,15
1721343600,203.708,203.754,203.66,203.678,1216,15
1721347200,203.609,203.7,203.572,203.629,885,58
1721350800,203.626,203.733,203.544,203.557,2762,12
1721354400,203.557,203.587,203.445,203.52,2310,18
1721358000,203.521,203.768,203.337,203.495,6394,13
1721361600,203.497,203.75,203.455,203.658,5211,15
1721365200,203.658,203.818,203.544,203.759,4101,12
1721368800,203.761,203.782,203.586,203.647,2489,14
1721372400,203.647,203.749,203.632,203.744,1659,14
1721376000,203.742,204.211,203.742,204.151,4395,14
1721379600,204.158,204.158,203.268,203.41,6192,12
1721383200,203.392,203.648,203.077,203.39,8573,13
1721386800,203.385,203.52,203.066,203.127,6810,14
1721390400,203.127,203.208,202.943,203.109,5222,16
1721394000,203.106,203.501,203.05,203.409,4543,13
1721397600,203.412,203.556,203.297,203.556,4143,13
1721401200,203.559,203.742,203.508,203.708,6028,14
1721404800,203.706,203.723,203.424,203.519,7671,12
1721408400,203.517,203.53,203.138,203.222,6309,12
1721412000,203.222,203.427,203.187,203.354,5036,13
1721415600,203.355,203.412,203.277,203.279,3498,15
1721419200,203.279,203.335,203.168,203.334,3653,12
1721422800,203.335,203.345,203.214,203.303,2937,16
1721426400,203.301,203.415,203.291,203.332,2531,16
1721430000,203.333,203.37,203.166,203.216,1262,15
1721606400,203.185,203.319,203.161,203.233,2243,94
1721610000,203.233,203.457,203.191,203.399,1538,16
1721613600,203.399,203.589,203.292,203.58,3230,17
1721617200,203.578,203.586,203.426,203.518,4631,14
1721620800,203.52,203.559,203.367,203.462,4200,13
1721624400,203.474,203.602,203.417,203.571,3365,16
1721628000,203.57,203.605,203.448,203.5,2259,13
1721631600,203.5,203.5,203.366,203.369,3123,14
1721635200,203.368,203.368,202.76,202.774,4803,15
1721638800,202.773,202.792,201.879,202.081,9215,12
1721642400,202.087,202.699,202.05,202.65,8062,14
1721646000,202.646,202.891,202.493,202.695,6494,13
1721649600,202.696,202.746,202.514,202.598,5662,13
1721653200,202.599,203.069,202.381,202.913,4945,12
1721656800,202.906,202.979,202.579,202.723,5299,14
1721660400,202.721,203.008,202.471,202.507,6780,13
1721664000,202.507,202.681,202.416,202.618,6068,14
1721667600,202.618,202.658,202.408,202.56,6185,13
1721671200,202.558,202.857,202.558,202.765,5636,13
1721674800,202.767,202.919,202.742,202.897,4023,13
1721678400,202.899,203.11,202.883,203.047,3166,15
1721682000,203.052,203.085,202.952,202.997,2555,14
1721685600,202.995,203.1,202.972,203.081,1784,14
1721689200,203.081,203.127,203.041,203.042,787,15
1721692800,203.042,203.042,202.815,202.915,1437,14
1721696400,202.915,203.145,202.915,203.09,822,20
1721700000,203.084,203.15,202.87,202.879,2319,14
1721703600,202.877,202.911,202.467,202.528,5996,12
1721707200,202.525,202.833,202.44,202.614,5682,13
1721710800,202.613,202.657,202.375,202.488,4869,16
1721714400,202.491,202.539,201.958,202.073,4800,12
1721718000,202.073,202.206,201.983,202.065,3669,13
1721721600,202.062,202.213,201.998,202.054,3791,12
1721725200,202.054,202.285,201.923,202.266,6040,13
1721728800,202.266,202.369,201.429,201.542,8532,12
1721732400,201.538,201.619,201.316,201.614,7997,14
1721736000,201.614,201.691,201.268,201.34,5733,14
1721739600,201.342,201.429,201.137,201.334,5566,13
1721743200,201.334,201.634,201.315,201.619,5599,12
1721746800,201.618,201.831,201.286,201.358,7138,13
1721750400,201.36,201.676,201.337,201.523,7203,14
1721754000,201.524,201.656,201.316,201.332,7025,14
1721757600,201.335,201.536,201.335,201.479,4543,12
1721761200,201.478,201.518,201.028,201.11,4234,15
1721764800,201.106,201.142,200.775,200.944,4593,12
1721768400,200.935,201.009,200.805,200.813,2785,15
1721772000,200.812,200.854,200.738,200.819,2138,13
1721775600,200.818,200.871,200.742,200.744,1346,13
1721779200,200.663,200.813,200.628,200.795,487,54
1721782800,200.795,200.844,200.753,200.822,1410,22
1721786400,200.822,201.028,200.812,200.937,2103,21
1721790000,200.937,201.17,200.928,200.961,4526,17
1721793600,200.959,201.021,200.122,200.194,7221,12
1721797200,200.193,200.447,200.103,200.108,4493,16
1721800800,200.108,200.154,199.836,199.85,5325,13
1721804400,199.85,199.856,199.154,199.238,6545,12
1721808000,199.238,199.572,198.963,199.393,4499,14
1721811600,199.378,199.394,198.981,199.198,7973,12
1721815200,199.194,199.775,199.068,199.21,8341,13
1721818800,199.208,199.799,199.112,199.71,6244,12
1721822400,199.704,199.814,198.93,199.794,5959,12
1721826000,199.795,199.809,199.394,199.489,4604,12
1721829600,199.485,199.487,198.968,199.177,4427,17
1721833200,199.177,199.236,198.739,198.838,8361,12
1721836800,198.842,198.985,198.239,198.299,8601,12
1721840400,198.282,198.541,197.768,197.992,10575,12
1721844000,197.986,198.384,197.986,198.206,6810,12
1721847600,198.206,198.471,198.184,198.368,4838,12
1721851200,198.368,198.754,198.348,198.703,4801,13
1721854800,198.706,198.793,198.584,198.731,4837,13
1721858400,198.728,198.806,198.633,198.716,4388,13
1721862000,198.716,198.737,198.56,198.56,1330,12
1721865600,198.43,198.574,198.101,198.423,1386,23
1721869200,198.423,198.48,198.144,198.166,2726,18
1721872800,198.16,198.559,198.15,198.508,4154,12
1721876400,198.507,198.573,197.099,197.616,8902,12
1721880000,197.613,197.743,196.845,197.014,7037,16
1721883600,197.014,197.136,196.555,196.733,5255,13
1721887200,196.733,196.733,196.259,196.372,5798,12
1721890800,196.372,196.722,196.368,196.7,4610,12
1721894400,196.702,197.144,196.662,196.956,5752,12
1721898000,196.923,197.01,196.534,196.931,8350,12
1721901600,196.934,197.05,195.936,196.216,10098,12
1721905200,196.218,196.822,195.959,196.767,9553,12
1721908800,196.769,196.803,196.181,196.246,6738,12
1721912400,196.245,196.301,195.851,195.959,5441,14
1721916000,195.957,196.585,195.916,196.582,5256,12
1721919600,196.577,197.905,196.366,197.65,10497,12
1721923200,197.644,198.465,197.519,197.833,11764,12
1721926800,197.837,198.101,197.245,197.832,10425,12
1721930400,197.821,198.489,197.812,198.335,8547,14
1721934000,198.329,198.788,198.295,198.428,8320,14
1721937600,198.422,198.461,198.003,198.236,7490,12
1721941200,198.234,198.261,197.749,197.749,5899,12
1721944800,197.755,197.975,197.684,197.815,5502,12
1721948400,197.816,197.951,197.656,197.82,1878,13
1721952000,197.707,197.91,197.683,197.794,772,49
1721955600,197.819,197.92,197.773,197.799,1509,19
1721959200,197.798,197.803,197.176,197.572,5494,12
1721962800,197.578,198.173,197.231,197.881,7737,12
1721966400,197.887,198.094,197.351,197.54,6420,12
1721970000,197.54,198.008,197.52,197.936,4747,14
1721973600,197.925,197.928,197.739,197.775,2838,15
1721977200,197.765,197.877,197.589,197.681,3213,14
1721980800,197.673,197.826,197.452,197.617,4113,12
1721984400,197.616,197.734,197.449,197.546,7257,12
1721988000,197.546,198.37,197.468,197.987,8570,13
1721991600,197.985,198.657,197.93,198.506,7520,13
1721995200,198.494,198.584,198.201,198.436,6300,12
1721998800,198.436,199.009,198.33,198.96,5500,13
1722002400,198.959,199.127,198.823,199.005,6011,12
1722006000,199.005,199.022,198.241,198.41,8723,12
1722009600,198.412,198.416,197.728,197.876,9739,12
1722013200,197.87,198.227,196.876,197.282,10062,12
1722016800,197.289,197.896,197.269,197.896,7288,14
1722020400,197.894,198.013,197.775,197.975,4857,14
1722024000,197.975,198.075,197.783,197.893,4399,15
1722027600,197.893,198.017,197.84,197.873,4073,15
1722031200,197.868,197.958,197.788,197.932,3430,14
1722034800,197.926,197.978,197.655,197.706,1543,21
1722211200,197.577,197.907,197.487,197.533,1308,152
1722214800,197.533,198.185,197.533,198.175,3718,12
1722218400,198.183,198.448,198.149,198.328,4042,13
1722222000,198.331,198.604,197.853,197.976,7121,12
1722225600,197.968,198.109,197.405,197.653,8412,12
1722229200,197.654,197.783,197.189,197.637,7273,12
1722232800,197.637,197.991,197.556,197.729,4594,12
1722236400,197.729,197.81,197.4,197.512,5136,12
1722240000,197.507,197.784,197.372,197.419,5402,12
1722243600,197.413,197.521,197.083,197.326,7257,12
1722247200,197.321,197.459,196.963,197.135,8993,12
1722250800,197.128,197.214,196.828,196.912,8365,12
1722254400,196.91,197.298,196.775,197.251,6616,12
1722258000,197.253,197.591,197.158,197.395,6007,12
1722261600,197.395,197.496,197.189,197.307,5439,12
1722265200,197.31,197.732,197.169,197.554,7490,12
1722268800,197.555,198.042,197.308,197.952,8201,12
1722272400,197.949,197.981,197.578,197.888,9178,12
1722276000,197.887,197.94,197.688,197.832,7222,12
1722279600,197.832,198.034,197.824,197.877,4696,13
1722283200,197.879,198.136,197.87,198.104,3861,15
1722286800,198.104,198.109,197.99,198.084,3620,14
1722290400,198.079,198.157,198.047,198.118,3018,14
1722294000,198.116,198.12,198.053,198.082,1165,12
1722297600,197.892,198.129,197.846,198.068,1370,52
1722301200,198.068,198.181,198.068,198.148,1587,15
1722304800,198.148,198.15,197.759,197.818,2989,13
1722308400,197.806,198.006,197.479,197.885,5689,15
1722312000,197.883,198.195,197.679,197.825,6319,12
1722315600,197.825,198.02,197.797,197.93,4207,13
1722319200,197.931,198.131,197.896,198.053,3649,12
1722322800,198.053,198.581,198.047,198.567,4007,14
1722326400,198.565,198.835,198.546,198.72,5736,13
1722330000,198.7,199.464,198.565,199.295,6770,12
1722333600,199.292,199.415,198.902,199.044,7968,12
1722337200,199.047,199.228,198.783,198.878,6328,12
1722340800,198.876,199.251,198.876,199.107,4942,12
1722344400,199.107,199.212,198.869,198.902,3627,12
1722348000,198.902,199.075,198.794,198.933,3688,12
1722351600,198.935,199.032,198.696,198.758,5732,13
1722355200,198.757,198.765,198.086,198.182,9287,12
1722358800,198.182,198.409,198.086,198.3,10300,12
1722362400,198.3,198.313,197.098,197.189,10845,12
1722366000,197.188,197.384,196.551,196.653,9041,13
1722369600,196.655,196.756,196.337,196.588,8701,12
1722373200,196.588,196.886,196.484,196.669,5238,12
1722376800,196.669,196.747,196.592,196.679,3531,12
1722380400,196.685,196.695,195.895,195.895,2668,12
1722384000,195.895,196.144,195.795,195.922,1277,58
1722387600,195.884,196.519,195.635,196.216,4936,12
1722391200,196.213,196.336,195.678,195.966,5447,12
1722394800,195.956,196.006,195.332,195.654,7819,12
1722398400,195.647,195.867,195.351,195.724,6874,12
1722402000,195.724,196.893,195.643,196.412,5196,12
1722405600,196.41,197.46,194.727,197.278,5031,17
1722409200,197.215,197.59,195.771,195.95,6844,12
1722412800,195.938,196.672,195.846,196.348,6537,12
1722416400,196.315,196.511,195.449,195.47,8501,12
1722420000,195.459,195.599,193.467,193.767,11380,12
1722423600,193.767,193.828,192.501,193.628,10702,12
1722427200,193.633,193.644,192.932,192.998,7738,12
1722430800,192.995,193.302,192.716,193.26,6955,12
1722434400,193.263,193.354,192.639,192.759,7409,12
1722438000,192.76,193.311,192.461,193.137,9967,12
1722441600,193.136,193.186,192.37,192.37,9332,12
1722445200,192.37,193.448,192.165,193.203,11122,12
1722448800,193.201,193.417,192.985,193.071,9865,12
1722452400,193.066,193.334,193.042,193.257,8037,12
1722456000,193.257,193.753,193.205,193.531,6821,12
1722459600,193.498,193.969,193.252,193.399,12528,12
1722463200,193.408,193.503,192.399,192.532,11228,12
1722466800,192.54,193.212,192.463,192.79,3958,12
1722470400,192.712,192.771,192.573,192.669,1838,59
1722474000,192.669,193.079,192.604,193.067,2102,12
1722477600,193.067,193.233,192.38,192.509,4986,12
1722481200,192.514,192.647,191.968,192.075,9916,12
1722484800,192.075,192.112,190.95,191.732,10223,12
1722488400,191.728,192.503,191.534,192.466,8460,12
1722492000,192.469,192.503,192.027,192.226,7142,12
1722495600,192.226,192.377,191.996,192.34,6662,12
1722499200,192.345,192.736,192.251,192.411,7330,12
1722502800,192.373,192.505,192.108,192.129,10636,12
1722506400,192.126,192.156,191.582,191.7,10590,12
1722510000,191.688,191.73,190.977,191.29,10007,12
1722513600,191.299,191.336,190.998,191.253,8360,13
1722517200,191.259,192.016,191.259,191.674,6969,12
1722520800,191.673,192.648,191.154,192.562,8245,12
1722524400,192.575,193.249,192.294,193.249,10244,12
1722528000,193.249,193.25,192.464,192.883,10667,12
1722531600,192.798,192.904,191.801,191.942,12271,12
1722535200,191.938,191.989,191.495,191.579,10279,12
1722538800,191.578,191.762,190.99,191.168,8842,12
1722542400,191.168,191.228,190.639,190.882,8068,12
1722546000,190.882,190.922,190.333,190.345,7916,12
1722549600,190.344,190.934,190.302,190.834,6978,12
1722553200,190.84,190.84,190.161,190.195,3595,12
1722556800,190.195,190.399,190.074,190.171,1542,58
1722560400,190.155,190.302,189.729,190.133,3818,12
1722564000,190.134,190.138,189.562,189.896,5761,12
1722567600,189.894,190.114,189.5,190.055,9647,12
1722571200,190.062,190.502,189.998,190.203,8244,12
1722574800,190.204,190.415,189.731,190.272,6529,12
1722578400,190.279,190.367,190.031,190.154,5078,12
1722582000,190.151,190.311,189.907,189.919,5453,12
1722585600,189.919,190.103,189.574,189.672,6746,12
1722589200,189.639,190.092,189.375,189.419,9785,12
1722592800,189.418,189.758,188.985,189.68,10488,12
1722596400,189.679,189.888,189.383,189.836,8392,12
1722600000,189.842,189.887,189.523,189.657,6726,12
1722603600,189.656,189.787,189.438,189.506,6877,12
1722607200,189.51,190.005,189.508,189.848,6991,12
1722610800,189.848,190.043,187.577,188.742,11888,12
1722614400,188.748,189.88,188.621,188.703,13526,12
1722618000,188.705,189.098,187.663,187.826,14259,12
1722621600,187.823,188.291,187.373,188.084,12277,12
1722625200,188.083,188.575,187.641,187.789,10916,12
1722628800,187.789,188.042,187.717,187.898,8848,12
1722632400,187.898,188.067,187.542,187.591,6679,12
1722636000,187.589,187.823,187.495,187.744,6799,12
1722639600,187.746,187.8,187.431,187.441,3093,14
1722816000,187.657,187.666,187.417,187.546,750,51
1722819600,187.546,187.584,186.787,187.176,4056,12
1722823200,187.176,187.23,185.691,186.163,7657,12
1722826800,186.164,186.533,185.653,186.016,11382,12
1722830400,186.007,186.087,185.035,185.585,10837,12
1722834000,185.586,186.202,185.463,185.724,8768,12
1722837600,185.725,185.76,184.501,184.775,8528,12
1722841200,184.775,184.86,181.883,183.254,9476,12
1722844800,183.234,183.711,181.622,181.8,10789,12
1722848400,181.766,182.481,180.066,181.864,11744,12
1722852000,181.857,184.307,181.857,183.554,11123,12
1722855600,183.55,183.656,181.529,181.718,9351,12
1722859200,181.721,181.988,180.829,181.323,9753,12
1722862800,181.322,181.699,180.683,181.625,7428,12
1722866400,181.64,182.295,181.508,181.665,7267,12
1722870000,181.663,181.953,180.939,181.395,10198,12
1722873600,181.398,182.916,181.398,182.184,10854,12
1722877200,182.444,183.833,181.858,182.001,12852,12
1722880800,181.997,183.867,181.597,183.73,11445,12
1722884400,183.731,185.174,183.679,184.05,9738,12
1722888000,184.05,184.526,183.574,183.71,7884,12
1722891600,183.709,183.987,182.922,183.007,7218,16
1722895200,182.994,183.665,182.988,183.599,5776,15
1722898800,183.596,184.306,183.571,184.152,4063,15
1722902400,184.152,184.152,183.937,183.975,1540,122
1722906000,183.975,185.135,183.536,184.994,3658,21
1722909600,185.035,186.455,184.997,186.429,6849,13
1722913200,186.449,187.084,185.333,185.682,10083,12
1722916800,185.689,186.131,184.541,185.13,7327,12
1722920400,185.133,185.796,184.441,185.743,6252,19
1722924000,185.741,186.511,185.508,185.728,5686,18
1722927600,185.728,186.049,185.416,185.85,5651,12
1722931200,185.875,186.638,185.326,186.278,8593,12
1722934800,186.278,186.689,185.405,185.746,10385,13
1722938400,185.751,186.138,184.918,185.099,11748,12
1722942000,185.1,185.183,184.014,184.506,11119,12
1722945600,184.494,184.494,183.62,183.975,10334,12
1722949200,183.975,184.328,183.46,183.836,10436,12
1722952800,183.844,184.785,183.844,184.232,9697,12
1722956400,184.221,184.313,183.124,183.333,11942,12
1722960000,183.333,183.621,182.79,183.35,12445,12
1722963600,183.35,184.428,183.16,183.602,12391,12
1722967200,183.603,184.283,183.602,184.193,11194,12
1722970800,184.214,184.773,184.051,184.689,9059,12
1722974400,184.697,184.711,184.114,184.477,7817,12
1722978000,184.478,184.513,184.112,184.112,6425,12
1722981600,184.112,184.189,183.679,183.68,7644,13
1722985200,183.676,183.769,182.965,183.118,3873,12
1722988800,182.984,183.516,182.902,183.32,1300,73
1722992400,183.335,183.715,183.186,183.459,3270,13
1722996000,183.483,183.588,183.196,183.58,4398,13
1722999600,183.577,184.379,183.385,183.834,9462,12
1723003200,183.834,187.264,183.626,186.363,9787,12
1723006800,186.361,186.699,185.84,186.594,6922,12
1723010400,186.579,187.322,186.345,187.05,5245,12
1723014000,187.028,188.06,187.028,187.527,4978,13
1723017600,187.542,187.802,186.53,186.702,8107,12
1723021200,186.669,186.903,185.963,186.35,8951,12
1723024800,186.355,186.754,185.365,186.259,10650,12
1723028400,186.272,187.064,186.155,186.964,9918,12
1723032000,186.963,187.662,186.777,187.545,9217,12
1723035600,187.545,187.584,186.875,187.161,7429,12
1723039200,187.16,187.706,187.039,187.333,7177,12
1723042800,187.348,187.385,186.86,187.0,8447,13
1723046400,187.0,187.376,186.839,187.203,9588,12
1723050000,187.203,187.512,186.378,187.334,10266,12
1723053600,187.337,187.877,187.26,187.442,9162,12
1723057200,187.445,187.498,186.841,187.021,8636,12
1723060800,187.017,187.251,186.56,186.652,8896,12
1723064400,186.652,186.652,186.193,186.252,9679,12
1723068000,186.253,186.872,186.247,186.334,7821,12
1723071600,186.33,186.442,186.125,186.125,3105,12
1723075200,186.125,186.267,185.947,186.149,968,54
1723078800,186.16,186.247,185.6,185.862,3010,20
1723082400,185.861,185.866,184.568,185.516,7228,12
1723086000,185.545,185.894,184.462,185.135,11300,12
1723089600,185.139,185.997,185.075,185.659,9357,12
1723093200,185.66,186.36,185.649,186.06,7483,12
1723096800,186.061,186.287,185.766,185.878,6532,12
1723100400,185.892,185.903,185.217,185.519,7276,12
1723104000,185.517,185.866,185.252,185.301,8320,12
1723107600,185.296,185.952,185.165,185.843,9809,12
1723111200,185.859,185.892,184.805,185.256,10572,12
1723114800,185.258,185.792,185.102,185.661,8973,12
1723118400,185.659,185.959,185.017,185.173,7099,15
1723122000,185.173,185.604,184.929,185.405,8229,14
1723125600,185.405,185.79,185.167,185.553,8485,12
1723129200,185.553,186.668,185.283,186.41,11156,12
1723132800,186.397,187.12,186.289,186.901,12299,12
1723136400,186.896,187.543,186.709,187.266,10706,12
1723140000,187.27,187.461,187.061,187.397,8810,12
1723143600,187.397,187.644,187.316,187.618,7217,12
1723147200,187.615,187.871,187.4,187.793,7015,14
1723150800,187.796,187.859,187.678,187.698,5228,13
1723154400,187.697,187.76,187.434,187.529,6521,14
1723158000,187.529,187.758,187.491,187.573,2094,13
1723161600,187.555,187.721,187.458,187.607,1173,83
1723165200,187.59,187.756,187.575,187.661,3544,27
1723168800,187.661,188.414,187.627,188.239,4943,18
1723172400,188.236,188.292,187.526,187.891,9256,12
1723176000,187.903,188.102,187.503,187.507,6759,13
1723179600,187.507,188.126,187.409,188.106,6075,12
1723183200,188.114,188.201,187.709,187.829,4705,13
1723186800,187.83,187.873,187.176,187.27,5256,15
1723190400,187.267,187.611,187.032,187.496,7785,12
1723194000,187.503,188.005,187.365,187.981,7192,13
1723197600,187.981,187.985,187.546,187.877,8678,12
1723201200,187.87,188.031,187.467,187.904,8203,12
1723204800,187.899,188.011,187.747,187.865,6940,12
1723208400,187.866,187.866,187.399,187.516,6151,12
1723212000,187.523,187.555,187.001,187.306,7935,13
1723215600,187.317,187.331,186.466,186.947,8941,12
1723219200,186.956,186.981,186.659,186.851,8764,12
1723222800,186.851,187.12,186.562,187.027,10080,12
1723226400,187.028,187.378,186.923,186.979,8671,14
1723230000,186.98,187.099,186.933,187.04,6088,12
1723233600,187.039,187.311,187.012,187.197,5499,14
1723237200,187.199,187.25,186.999,187.038,4415,13
1723240800,187.037,187.145,186.96,187.107,5356,14
1723244400,187.105,187.149,186.903,186.998,2977,12
1723420800,186.998,187.406,186.928,187.196,462,143
1723424400,187.202,187.463,187.141,187.414,3675,20
1723428000,187.415,187.589,187.314,187.477,3274,18
1723431600,187.483,187.483,187.235,187.333,4671,13
1723435200,187.332,187.542,187.146,187.495,4972,12
1723438800,187.496,187.553,187.384,187.51,3720,12
1723442400,187.51,187.807,187.422,187.796,3647,12
1723446000,187.796,187.812,187.623,187.767,3540,14
1723449600,187.767,187.969,187.748,187.902,4393,14
1723453200,187.905,188.188,187.895,187.94,5631,16
1723456800,187.946,188.061,187.716,187.97,2148,14
1723460400,187.97,188.184,187.951,188.078,5916,14
1723464000,188.078,188.09,187.783,187.969,4969,14
1723467600,187.976,188.15,187.864,188.1,4589,17
1723471200,188.099,188.486,188.057,188.438,5293,13
1723474800,188.447,188.538,188.332,188.534,5287,15
1723478400,188.534,189.317,188.502,188.637,8710,14
1723482000,188.641,189.116,188.399,189.035,9201,13
1723485600,189.033,189.064,188.145,188.439,8917,12
1723489200,188.448,188.463,187.953,187.982,7125,12
1723492800,187.964,188.068,187.753,187.887,7051,12
1723496400,187.888,188.092,187.756,188.085,6066,13
1723500000,188.087,188.118,187.71,187.92,4869,12
1723503600,187.923,188.016,187.741,187.755,2337,13
1723507200,187.755,187.918,187.723,187.821,1191,65
1723510800,187.819,187.94,187.778,187.829,3509,25
1723514400,187.837,187.949,187.574,187.76,2720,16
1723518000,187.762,188.054,187.649,187.995,6823,12
1723521600,187.997,188.346,187.994,188.153,5763,12
1723525200,188.151,188.237,188.017,188.207,3878,17
1723528800,188.207,188.445,188.157,188.384,3701,18
1723532400,188.384,188.836,188.362,188.749,4864,14
1723536000,188.749,188.9,188.631,188.732,4184,12
1723539600,188.726,189.491,188.716,189.343,6098,13
1723543200,189.327,189.506,189.141,189.382,7019,13
1723546800,189.36,189.375,188.967,189.202,5790,12
1723550400,189.203,189.275,188.931,189.169,5238,12
1723554000,189.17,189.223,188.591,188.607,5680,12
1723557600,188.613,188.793,188.397,188.476,5931,13
1723561200,188.476,188.808,188.16,188.775,8579,14
1723564800,188.773,188.902,187.981,188.522,9938,12
1723568400,188.527,188.78,188.248,188.513,9563,12
1723572000,188.514,188.64,188.438,188.513,6849,15
1723575600,188.513,188.609,188.326,188.473,5806,12
1723579200,188.474,188.819,188.46,188.804,5807,14
1723582800,188.807,188.869,188.715,188.731,5874,15
1723586400,188.723,188.958,188.597,188.907,6813,12
1723590000,188.907,188.996,188.799,188.799,4695,15
1723593600,188.691,188.914,188.553,188.787,966,52
1723597200,188.797,188.946,188.779,188.883,2053,17
1723600800,188.883,189.129,188.849,189.04,3334,15
1723604400,189.039,189.316,189.019,189.199,6801,14
1723608000,189.194,189.297,188.773,188.906,6105,14
1723611600,188.906,188.907,187.853,188.32,8101,12
1723615200,188.315,188.871,188.099,188.692,6884,12
1723618800,188.685,189.109,188.662,188.842,5243,15
1723622400,188.842,189.144,188.756,189.115,4641,14
1723626000,189.115,189.141,188.374,188.905,8016,12
1723629600,188.907,189.265,188.848,189.243,7436,12
1723633200,189.24,189.351,188.871,188.899,6965,12
1723636800,188.898,189.073,188.837,189.034,5118,12
1723640400,189.034,189.051,188.589,188.614,4668,13
1723644000,188.615,188.77,188.565,188.72,5004,12
1723647600,188.725,189.416,188.365,189.137,9945,12
1723651200,189.14,189.424,188.783,188.882,11288,12
1723654800,188.882,188.972,188.487,188.667,10732,12
1723658400,188.666,188.698,188.323,188.683,6686,13
1723662000,188.688,188.774,188.479,188.636,6408,12
1723665600,188.636,188.909,188.604,188.832,5307,12
1723669200,188.83,188.956,188.711,188.91,4109,15
1723672800,188.909,189.07,188.859,188.994,3769,13
1723676400,188.994,189.148,188.774,188.774,3027,12
1723680000,188.765,188.969,188.735,188.885,598,47
1723683600,188.887,188.96,188.755,188.931,1420,12
1723687200,188.927,189.047,188.778,188.861,2784,15
1723690800,188.874,188.994,188.74,188.842,5883,12
1723694400,188.836,189.305,188.785,189.215,6825,15
1723698000,189.211,189.333,189.089,189.176,4734,15
1723701600,189.176,189.198,189.063,189.164,3596,18
1723705200,189.164,189.176,189.022,189.084,3238,14
1723708800,189.086,189.166,188.88,188.927,3602,14
1723712400,188.922,189.279,188.922,189.135,5156,12
1723716000,189.135,189.32,188.975,189.173,6150,12
1723719600,189.173,189.324,189.081,189.231,5232,13
1723723200,189.224,189.501,189.206,189.433,4292,15
1723726800,189.433,189.468,189.209,189.222,4139,14
1723730400,189.221,189.445,189.189,189.338,5012,14
1723734000,189.338,191.105,189.296,190.923,9464,12
1723737600,190.924,191.421,190.851,191.344,11273,12
1723741200,191.345,191.608,191.002,191.537,9894,12
1723744800,191.534,191.666,191.479,191.524,6904,12
1723748400,191.523,191.686,191.474,191.529,4765,13
1723752000,191.533,191.699,191.433,191.676,4075,14
1723755600,191.678,191.678,191.556,191.646,3785,15
1723759200,191.642,191.666,191.476,191.587,2900,13
1723762800,191.579,192.001,191.545,191.752,2791,12
1723766400,191.752,191.933,191.752,191.884,465,61
1723770000,191.871,191.923,191.579,191.843,2126,18
1723773600,191.837,191.928,191.752,191.886,2345,17
1723777200,191.895,191.917,191.501,191.839,6543,14
1723780800,191.836,191.919,191.578,191.68,5090,13
1723784400,191.68,191.76,191.47,191.653,4684,14
1723788000,191.652,191.723,191.537,191.629,3705,15
1723791600,191.63,191.734,191.547,191.623,2635,15
1723795200,191.619,191.947,191.6,191.717,3496,16
1723798800,191.701,191.956,191.672,191.897,5055,13
1723802400,191.901,191.998,191.722,191.924,5162,12
1723806000,191.924,191.988,191.561,191.611,5574,15
1723809600,191.612,191.874,191.541,191.861,5030,14
1723813200,191.863,191.876,191.433,191.496,5062,13
1723816800,191.496,191.507,190.932,191.1,6439,12
1723820400,191.098,191.203,190.419,190.459,7379,12
1723824000,190.454,190.909,190.364,190.658,8416,12
1723827600,190.676,191.06,190.657,190.781,9597,12
1723831200,190.777,191.285,190.759,191.167,6681,12
1723834800,191.166,191.325,191.132,191.221,4823,12
1723838400,191.221,191.233,190.973,191.035,3795,16
1723842000,191.039,191.174,190.993,191.133,4224,15
1723845600,191.131,191.186,191.074,191.183,3415,12
1723849200,191.182,191.187,190.964,190.969,2121,15
1724025600,190.779,191.061,190.641,191.047,306,103
1724029200,191.047,191.443,190.899,191.351,2564,13
1724032800,191.351,191.597,191.287,191.549,2817,13
1724036400,191.545,191.621,191.244,191.339,6549,12
1724040000,191.339,191.429,190.786,190.919,7009,12
1724043600,190.919,191.174,190.822,190.875,4618,12
1724047200,190.87,190.925,189.528,189.719,7255,12
1724050800,189.719,189.939,188.95,189.35,5905,12
1724054400,189.353,189.489,188.479,188.528,6844,12
1724058000,188.527,189.085,188.226,189.079,9023,12
1724061600,189.079,189.534,188.837,189.422,8380,12
1724065200,189.419,189.616,189.195,189.479,7154,12
1724068800,189.496,189.614,189.185,189.603,5667,13
1724072400,189.602,189.912,189.449,189.51,5825,12
1724076000,189.516,189.578,189.167,189.216,6399,12
1724079600,189.216,189.418,189.023,189.351,6578,12
1724083200,189.351,189.837,189.35,189.758,8233,12
1724086800,189.758,190.262,189.534,190.07,9546,12
1724090400,190.071,190.372,190.022,190.049,6539,12
1724094000,190.048,190.228,189.973,190.174,4432,13
1724097600,190.174,190.373,190.161,190.349,3634,15
1724101200,190.341,190.562,190.292,190.524,4132,14
1724104800,190.532,190.547,190.378,190.467,4017,14
1724108400,190.471,190.516,190.284,190.286,2312,15
1724112000,190.286,190.488,190.197,190.37,613,71
1724115600,190.37,190.481,190.356,190.452,1056,12
1724119200,190.453,190.76,190.439,190.558,2777,12
1724122800,190.563,190.573,189.814,190.031,6485,12
1724126400,190.034,190.279,189.468,190.018,7335,12
1724130000,190.02,190.893,189.962,190.786,6085,12
1724133600,190.779,190.992,190.57,190.866,5377,13
1724137200,190.865,190.912,190.522,190.702,4112,13
1724140800,190.702,191.185,190.689,191.157,4527,12
1724144400,191.159,191.256,190.933,191.074,6557,12
1724148000,191.082,191.19,190.159,190.556,8284,12
1724151600,190.569,190.666,190.224,190.484,7842,12
1724155200,190.477,190.574,190.223,190.471,5651,12
1724158800,190.467,190.513,190.264,190.43,4784,12
1724162400,190.433,190.635,190.291,190.384,4584,13
1724166000,190.383,190.633,190.276,190.409,7101,12
1724169600,190.413,190.489,190.172,190.327,8411,13
1724173200,190.325,190.426,189.663,189.709,9831,12
1724176800,189.708,189.84,189.567,189.776,7865,12
1724180400,189.781,189.825,189.364,189.368,6446,12
1724184000,189.366,189.49,189.218,189.441,4663,12
1724187600,189.444,189.526,189.406,189.428,3133,16
1724191200,189.426,189.499,189.381,189.408,2728,15
1724194800,189.407,189.46,189.251,189.266,2092,13
1724198400,189.16,189.291,189.036,189.114,1462,62
1724202000,189.101,189.183,188.927,189.115,3285,12
1724205600,189.112,189.446,188.923,189.401,5135,15
1724209200,189.401,189.692,188.956,189.578,8072,12
1724212800,189.577,189.73,189.318,189.391,8016,12
1724216400,189.391,189.51,189.227,189.407,5198,12
1724220000,189.409,189.619,189.377,189.504,4789,12
1724223600,189.505,189.854,189.393,189.751,4395,13
1724227200,189.75,189.906,189.512,189.662,4817,12
1724230800,189.659,190.034,189.537,190.011,6012,12
1724234400,190.014,190.291,189.806,190.202,7180,12
1724238000,190.202,190.282,189.923,190.02,6112,12
1724241600,190.016,190.372,189.986,190.34,5282,12
1724245200,190.336,190.703,190.28,190.619,4507,13
1724248800,190.615,190.615,190.282,190.333,4841,12
1724252400,190.336,190.336,190.117,190.157,6803,12
1724256000,190.152,190.216,189.804,190.173,8422,13
1724259600,190.178,191.468,189.964,190.203,13438,12
1724263200,190.207,190.208,189.636,189.851,9235,12
1724266800,189.853,190.095,189.654,190.031,6262,13
1724270400,190.034,190.083,189.821,189.955,4967,12
1724274000,189.955,189.955,189.443,189.697,7128,12
1724277600,189.686,189.856,189.61,189.811,5130,12
1724281200,189.812,190.19,189.806,190.0,2689,12
1724284800,189.977,190.042,189.637,189.999,842,80
1724288400,190.018,190.039,189.672,189.675,2235,21
1724292000,189.672,189.977,189.629,189.968,3348,19
1724295600,189.967,190.327,189.774,190.205,6446,12
1724299200,190.205,190.546,190.067,190.519,5727,12
1724302800,190.526,190.541,190.179,190.275,4524,12
1724306400,190.277,190.319,189.99,190.065,3455,14
1724310000,190.066,190.181,189.681,189.851,4817,12
1724313600,189.851,190.074,189.719,190.027,3951,15
1724317200,190.016,190.35,189.999,190.299,5878,12
1724320800,190.304,190.552,189.852,190.203,7452,12
1724324400,190.218,191.127,190.218,190.947,7045,12
1724328000,190.951,191.109,190.817,191.077,5547,12
1724331600,191.079,191.428,191.013,191.211,5321,12
1724335200,191.213,191.548,191.15,191.384,5604,12
1724338800,191.384,191.717,191.12,191.561,7831,12
1724342400,191.564,191.927,191.253,191.658,9997,12
1724346000,191.652,191.833,191.467,191.569,8964,12
1724349600,191.569,191.613,190.846,191.103,8101,12
1724353200,191.105,191.639,191.085,191.452,6590,12
1724356800,191.451,191.684,191.3,191.326,6358,14
1724360400,191.323,191.535,191.261,191.398,5405,15
1724364000,191.398,191.474,191.304,191.385,4469,12
1724367600,191.382,191.522,191.377,191.424,2011,15
1724371200,191.36,191.424,191.274,191.366,861,50
1724374800,191.364,191.459,191.313,191.348,1591,15
1724378400,191.35,191.471,191.182,191.451,3408,14
1724382000,191.453,191.566,191.074,191.299,7830,12
1724385600,191.3,191.358,190.58,190.617,7170,12
1724389200,190.608,190.853,190.357,190.737,6153,12
1724392800,190.735,190.896,190.642,190.832,4157,13
1724396400,190.833,191.208,190.767,191.064,4207,12
1724400000,191.062,191.068,190.807,190.958,3629,15
1724403600,190.958,191.091,190.641,190.826,6154,12
1724407200,190.827,191.403,190.73,191.252,6892,12
1724410800,191.245,191.653,191.183,191.59,5594,12
1724414400,191.589,191.866,191.578,191.808,4933,13
1724418000,191.806,191.813,191.494,191.566,3893,12
1724421600,191.564,191.738,191.479,191.58,4445,13
1724425200,191.584,191.743,191.458,191.49,6173,15
1724428800,191.488,192.017,191.446,191.849,6940,12
1724432400,191.838,192.024,191.235,191.475,14067,12
1724436000,191.471,191.592,191.031,191.105,11386,12
1724439600,191.108,191.22,190.816,191.031,8688,12
1724443200,191.024,191.107,190.686,190.756,6198,12
1724446800,190.754,190.804,190.456,190.47,6810,12
1724450400,190.469,190.562,190.266,190.506,5020,12
1724454000,190.498,190.818,190.481,190.64,3758,12
1724630400,190.42,190.597,190.178,190.259,727,73
1724634000,190.254,190.676,189.976,190.104,4292,12
1724637600,190.098,190.263,189.6,190.175,6159,12
1724641200,190.176,190.322,189.603,189.902,8288,12
1724644800,189.901,190.076,189.603,189.89,7425,12
1724648400,189.893,190.15,189.661,190.075,5841,12
1724652000,190.074,190.23,189.944,190.073,5945,12
1724655600,190.073,190.137,189.801,190.136,4750,12
1724659200,190.135,190.34,189.991,190.155,4775,12
1724662800,190.155,190.186,189.665,189.761,7322,12
1724666400,189.761,189.879,189.494,189.85,6783,12
1724670000,189.849,189.961,189.717,189.857,5262,12
1724673600,189.856,190.006,189.789,189.862,4491,12
1724677200,189.867,190.133,189.851,190.103,4523,12
1724680800,190.105,190.211,189.991,190.087,5785,12
1724684400,190.088,190.439,189.965,190.005,7716,12
1724688000,190.009,190.431,189.85,190.427,9260,13
1724691600,190.427,190.536,190.286,190.317,9541,12
1724695200,190.33,190.706,190.294,190.528,7383,13
1724698800,190.528,190.774,190.485,190.66,4902,12
1724702400,190.662,190.723,190.551,190.68,4414,16
1724706000,190.68,190.766,190.563,190.594,4358,12
1724709600,190.594,190.681,190.585,190.642,3089,12
1724713200,190.642,190.65,190.454,190.534,2021,14
1724716800,190.534,190.638,190.408,190.544,603,80
1724720400,190.538,190.542,190.31,190.374,2040,17
1724724000,190.374,190.637,190.227,190.617,3438,14
1724727600,190.617,190.938,190.538,190.922,6119,12
1724731200,190.922,191.09,190.785,190.9,5081,12
1724734800,190.9,191.16,190.827,191.077,4253,14
1724738400,191.077,191.178,190.994,191.037,3920,12
1724742000,191.037,191.038,190.798,190.816,3924,13
1724745600,190.816,191.158,190.802,191.058,4642,12
1724749200,191.058,191.194,190.928,191.079,6221,12
1724752800,191.072,191.674,191.072,191.388,7531,12
1724756400,191.386,191.914,191.373,191.73,6253,12
1724760000,191.731,191.854,191.577,191.674,5794,12
1724763600,191.674,191.684,191.289,191.333,5634,12
1724767200,191.333,191.474,191.051,191.072,5664,12
1724770800,191.069,191.069,190.659,190.77,7161,12
1724774400,190.77,190.98,190.619,190.898,8154,12
1724778000,190.898,191.242,190.783,190.9,8866,12
1724781600,190.9,191.027,190.71,190.915,6672,12
1724785200,190.917,190.934,190.614,190.719,4559,12
1724788800,190.719,190.971,190.7,190.97,4629,12
1724792400,190.97,190.999,190.809,190.953,4461,12
1724796000,190.952,190.991,190.838,190.935,3549,13
1724799600,190.933,191.0,190.825,190.825,2272,12
1724803200,190.825,190.971,190.691,190.78,915,53
1724806800,190.78,190.853,190.514,190.738,2548,12
1724810400,190.737,190.858,190.563,190.82,2644,13
1724814000,190.82,191.237,190.748,191.078,6008,12
1724817600,191.078,191.335,190.995,191.269,6373,13
1724821200,191.269,191.343,191.173,191.297,4655,15
1724824800,191.302,191.382,191.174,191.306,3895,12
1724828400,191.306,191.421,191.129,191.137,3636,14
1724832000,191.137,191.219,190.976,191.003,5466,12
1724835600,191.0,191.254,190.969,191.206,5899,12
1724839200,191.209,191.295,191.075,191.273,6130,12
1724842800,191.276,191.304,190.857,190.966,5176,12
1724846400,190.964,190.968,190.529,190.783,5338,12
1724850000,190.783,190.996,190.706,190.872,5496,13
1724853600,190.873,191.043,190.588,190.632,5291,12
1724857200,190.634,191.237,190.62,191.154,6821,12
1724860800,191.154,191.442,191.115,191.115,7824,12
1724864400,191.119,191.193,190.916,190.917,8675,12
1724868000,190.917,191.017,190.546,190.697,8337,12
1724871600,190.693,190.876,190.43,190.841,6021,12
1724875200,190.842,190.908,190.39,190.47,5519,12
1724878800,190.47,190.811,190.35,190.733,5126,12
1724882400,190.734,190.9,190.729,190.763,3913,12
1724886000,190.766,190.876,190.389,190.692,3786,12
1724889600,190.692,190.692,190.486,190.516,436,54
1724893200,190.519,190.566,190.317,190.355,2780,12
1724896800,190.355,190.578,190.244,190.549,4142,12
1724900400,190.547,190.943,190.349,190.731,6633,12
1724904000,190.731,191.015,190.675,190.946,5807,13
1724907600,190.946,191.021,190.722,190.894,3900,12
1724911200,190.894,190.935,190.774,190.868,3940,13
1724914800,190.868,191.144,190.801,191.136,4278,14
1724918400,191.136,191.354,191.03,191.117,5135,13
1724922000,191.115,191.242,191.019,191.084,5547,12
1724925600,191.094,191.483,191.088,191.326,5899,12
1724929200,191.329,191.332,190.311,190.812,8943,12
1724932800,190.814,190.908,190.599,190.669,6105,12
1724936400,190.669,190.772,190.451,190.621,5349,12
1724940000,190.621,190.81,190.583,190.634,5558,12
1724943600,190.634,191.412,190.44,191.35,9009,12
1724947200,191.35,191.474,191.078,191.307,9777,12
1724950800,191.307,191.539,191.023,191.204,9066,12
1724954400,191.204,191.297,191.081,191.153,7807,12
1724958000,191.153,191.189,191.068,191.146,5486,12
1724961600,191.141,191.154,190.857,190.985,5277,12
1724965200,190.984,190.99,190.534,190.685,6752,12
1724968800,190.685,190.913,190.621,190.785,7261,15
1724972400,190.785,190.965,190.772,190.772,3870,19
1724976000,190.772,190.933,190.733,190.83,718,48
1724979600,190.83,190.962,190.701,190.759,1588,16
1724983200,190.759,190.97,190.675,190.739,2749,15
1724986800,190.737,190.824,190.48,190.56,5406,12
1724990400,190.56,190.749,190.535,190.571,5641,12
1724994000,190.571,190.645,190.481,190.548,3775,12
1724997600,190.548,190.639,190.523,190.596,2678,12
1725001200,190.596,190.698,190.53,190.671,2778,14
1725004800,190.671,190.849,190.633,190.761,3388,13
1725008400,190.764,191.136,190.764,191.001,4679,12
1725012000,190.99,191.285,190.871,191.168,5179,12
1725015600,191.169,191.38,191.068,191.296,5037,12
1725019200,191.296,191.389,191.172,191.345,4607,12
1725022800,191.345,191.395,191.186,191.372,4344,13
1725026400,191.372,191.711,191.34,191.648,4560,12
1725030000,191.641,191.77,191.493,191.584,7899,12
1725033600,191.583,191.596,191.058,191.363,9083,12
1725037200,191.353,191.636,191.054,191.34,10318,12
1725040800,191.34,191.694,191.305,191.64,8970,12
1725044400,191.642,191.837,191.49,191.828,7252,12
1725048000,191.828,191.872,191.624,191.676,5337,12
1725051600,191.676,191.811,191.649,191.694,4111,13
1725055200,191.694,192.011,191.663,191.967,4763,13
1725058800,191.966,191.987,191.704,191.752,3808,12
1725235200,191.687,191.862,191.587,191.781,324,82
1725238800,191.757,192.297,191.7,192.285,1560,17
1725242400,192.286,192.491,192.155,192.216,3867,12
1725246000,192.216,192.364,191.988,191.992,5043,12
1725249600,191.993,192.143,191.783,191.92,4545,12
1725253200,191.92,191.92,191.534,191.601,4771,12
1725256800,191.601,191.646,191.456,191.591,4109,12
1725260400,191.592,191.594,191.323,191.539,3599,13
1725264000,191.539,192.011,191.534,191.848,3365,12
1725267600,191.847,192.149,191.793,192.045,4606,12
1725271200,192.045,192.38,191.968,192.377,5675,12
1725274800,192.379,192.954,192.37,192.682,6124,12
1725278400,192.679,192.787,192.577,192.679,4706,12
1725282000,192.682,192.839,192.596,192.834,3606,12
1725285600,192.846,193.057,192.763,192.982,3773,12
1725289200,192.982,193.236,192.925,193.162,4083,14
1725292800,193.162,193.475,193.003,193.115,4789,12
1725296400,193.114,193.332,193.007,193.271,4774,13
1725300000,193.267,193.349,193.117,193.157,2745,14
1725303600,193.16,193.194,192.921,192.939,1934,14
1725307200,192.939,193.07,192.939,193.061,513,15
1725310800,193.058,193.128,193.025,193.102,431,16
1725314400,193.102,193.116,193.052,193.094,453,18
1725318000,193.094,193.15,192.957,192.957,650,17
1725321600,193.027,193.109,192.889,193.081,403,72
1725325200,193.081,193.163,193.016,193.071,642,26
1725328800,193.069,193.102,192.753,192.816,1791,16
1725332400,192.816,193.353,192.767,193.272,7202,12
1725336000,193.261,193.301,192.658,192.678,5806,12
1725339600,192.678,192.874,192.621,192.634,5457,13
1725343200,192.634,192.706,192.278,192.385,5665,12
1725346800,192.385,192.409,192.136,192.313,5075,13
1725350400,192.313,192.405,191.766,191.997,5497,12
1725354000,191.997,192.031,191.444,191.543,7182,12
1725357600,191.543,192.062,191.458,191.505,8244,12
1725361200,191.504,191.593,191.065,191.334,7888,12
1725364800,191.328,191.446,191.175,191.377,6285,12
1725368400,191.377,191.637,191.326,191.53,5344,14
1725372000,191.53,191.893,191.405,191.81,5180,12
1725375600,191.809,192.04,191.54,191.543,6376,12
1725379200,191.543,191.61,190.61,190.827,10094,12
1725382800,190.804,191.053,190.316,190.604,12197,12
1725386400,190.604,191.105,190.604,191.065,8802,13
1725390000,191.061,191.183,190.909,190.988,5965,12
1725393600,190.989,191.021,190.817,190.995,4599,12
1725397200,190.992,191.067,190.779,191.004,4860,13
1725400800,191.0,191.041,190.71,190.885,5138,12
1725404400,190.88,190.972,190.747,190.747,2882,12
1725408000,190.747,190.807,190.534,190.58,563,65
1725411600,190.611,190.831,190.466,190.552,2573,12
1725415200,190.547,190.622,190.255,190.602,5157,12
1725418800,190.602,190.819,189.941,190.227,9266,12
1725422400,190.226,190.84,190.214,190.595,6772,12
1725426000,190.595,190.741,190.35,190.638,5415,12
1725429600,190.652,190.83,190.448,190.515,4743,12
1725433200,190.515,190.813,190.438,190.527,4619,12
1725436800,190.528,190.545,190.202,190.349,5683,12
1725440400,190.348,190.489,189.882,189.903,6641,12
1725444000,189.907,190.22,189.701,190.145,7744,12
1725447600,190.146,190.622,190.015,190.512,6225,12
1725451200,190.508,190.628,190.296,190.33,4935,13
1725454800,190.33,190.43,189.999,190.211,4663,12
1725458400,190.211,190.262,189.978,190.079,4840,15
1725462000,190.079,190.5,190.05,190.37,6651,12
1725465600,190.347,190.534,189.97,190.178,8116,12
1725469200,190.178,190.178,189.507,189.665,12789,12
1725472800,189.665,189.896,189.543,189.634,9108,12
1725476400,189.633,189.714,189.313,189.425,6432,13
1725480000,189.425,189.425,189.083,189.157,5638,12
1725483600,189.155,189.337,189.031,189.068,5464,12
1725487200,189.069,189.237,188.984,189.034,6213,14
1725490800,189.032,189.131,188.914,188.914,4045,12
1725494400,188.924,188.924,188.714,188.817,1408,43
1725498000,188.811,188.94,188.653,188.796,1794,18
1725501600,188.796,188.855,188.23,188.39,4676,12
1725505200,188.391,188.992,188.339,188.89,7509,14
1725508800,188.895,189.15,188.655,188.953,6702,12
1725512400,188.953,189.259,188.843,189.135,4651,12
1725516000,189.131,189.195,188.893,188.995,4769,15
1725519600,189.006,189.089,188.634,188.761,4097,12
1725523200,188.758,188.779,188.44,188.562,4946,12
1725526800,188.562,188.62,188.058,188.251,7775,12
1725530400,188.25,188.971,188.192,188.805,7933,12
1725534000,188.805,189.181,188.778,189.086,7179,12
1725537600,189.071,189.166,188.731,188.966,5510,13
1725541200,188.962,189.0,188.815,188.925,3883,13
1725544800,188.926,189.051,188.731,188.757,4580,13
1725548400,188.767,189.043,188.107,188.326,9782,12
1725552000,188.326,188.748,188.301,188.644,9333,12
1725555600,188.639,189.772,188.637,189.347,10901,12
1725559200,189.347,189.501,188.775,188.811,9947,12
1725562800,188.811,189.067,188.734,188.943,6494,12
1725566400,188.941,188.965,188.541,188.908,6073,12
1725570000,188.909,189.011,188.783,188.9,5177,14
1725573600,188.9,189.051,188.754,188.936,5742,13
1725577200,188.937,189.084,188.908,188.997,3395,12
1725580800,188.997,189.034,188.861,188.989,361,77
1725584400,188.989,189.044,188.854,188.952,1356,18
1725588000,188.958,189.037,188.891,188.912,2366,17
1725591600,188.913,188.958,188.642,188.674,6349,12
1725595200,188.676,188.893,188.512,188.793,4990,12
1725598800,188.784,188.818,188.652,188.685,3568,12
1725602400,188.685,188.736,188.406,188.461,3051,12
1725606000,188.461,188.478,188.267,188.434,3916,12
1725609600,188.432,188.445,187.608,187.918,6259,12
1725613200,187.91,188.003,187.472,187.783,7039,12
1725616800,187.784,187.884,187.247,187.857,8920,12
1725620400,187.86,188.041,187.675,187.777,6576,14
1725624000,187.779,188.17,187.721,188.129,4867,12
1725627600,188.13,188.288,188.062,188.104,4900,12
1725631200,188.103,188.546,188.083,188.496,5330,12
1725634800,188.498,189.436,187.883,188.88,11481,12
1725638400,188.88,189.381,188.552,188.979,13425,12
1725642000,188.979,189.004,187.231,187.425,13858,12
1725645600,187.429,187.696,186.508,186.66,14204,12
1725649200,186.656,187.185,186.546,186.882,10272,12
1725652800,186.882,187.171,186.765,187.032,8630,12
1725656400,187.033,187.076,186.767,186.974,8172,12
1725660000,186.972,187.11,186.95,187.037,5145,12
1725663600,187.037,187.048,186.653,186.707,3966,15
1725840000,186.615,186.772,186.463,186.528,686,138
1725843600,186.528,186.877,186.413,186.692,3050,12
1725847200,186.691,187.158,186.627,187.109,5416,12
1725850800,187.109,187.52,187.079,187.353,7775,13
1725854400,187.354,187.803,187.323,187.774,7502,12
1725858000,187.776,187.787,187.424,187.545,5462,14
1725861600,187.545,187.709,187.322,187.441,4742,14
1725865200,187.44,187.802,187.411,187.568,5234,15
1725868800,187.567,187.649,187.283,187.43,6008,12
1725872400,187.43,187.514,187.161,187.359,7415,12
1725876000,187.361,187.722,187.361,187.605,8084,12
1725879600,187.605,187.741,187.421,187.651,7139,12
1725883200,187.653,188.005,187.527,187.815,6788,12
1725886800,187.813,187.997,187.777,187.905,6168,12
1725890400,187.899,188.118,187.85,187.938,5906,13
1725894000,187.923,188.058,187.327,187.385,7716,12
1725897600,187.384,187.445,186.931,186.959,9626,12
1725901200,186.959,187.106,186.539,186.676,9544,12
1725904800,186.669,187.047,186.631,186.969,8298,12
1725908400,186.968,187.192,186.89,187.123,5056,12
1725912000,187.122,187.186,186.82,186.85,6322,12
1725915600,186.85,186.948,186.751,186.761,5037,14
1725919200,186.761,186.896,186.724,186.887,5232,13
1725922800,186.885,187.2,186.866,187.166,3896,12
1725926400,187.168,187.168,186.931,187.101,356,75
1725930000,187.101,187.137,186.789,186.984,1743,12
1725933600,186.984,187.328,186.984,187.145,3047,12
1725937200,187.145,187.421,186.965,187.401,6351,12
1725940800,187.401,187.544,187.294,187.403,5490,12
1725944400,187.403,187.407,187.029,187.368,4957,12
1725948000,187.368,187.407,187.155,187.237,3599,13
1725951600,187.237,187.31,187.043,187.098,3170,13
1725955200,187.098,187.215,187.026,187.172,4052,12
1725958800,187.17,187.908,187.134,187.866,6477,12
1725962400,187.866,188.04,187.703,187.958,7064,12
1725966000,187.958,188.089,187.655,187.783,7180,12
1725969600,187.782,187.793,187.39,187.498,6153,12
1725973200,187.506,187.583,187.222,187.358,4915,12
1725976800,187.358,187.537,187.221,187.329,5759,12
1725980400,187.329,187.429,186.655,186.722,6586,12
1725984000,186.721,187.032,186.621,186.705,7897,12
1725987600,186.705,186.757,186.063,186.331,10097,12
1725991200,186.33,186.347,185.865,185.889,8309,12
1725994800,185.885,186.223,185.719,186.168,6198,12
1725998400,186.167,186.33,186.033,186.129,5480,12
1726002000,186.129,186.262,185.998,186.203,4694,13
1726005600,186.203,186.289,186.164,186.214,4892,12
1726009200,186.215,186.387,186.19,186.309,4218,12
1726012800,186.309,186.309,186.025,186.236,770,77
1726016400,186.236,186.359,186.156,186.329,1197,24
1726020000,186.329,186.368,186.0,186.018,2680,14
1726023600,186.023,186.064,185.69,185.993,6273,12
1726027200,185.991,186.193,185.199,185.654,7470,12
1726030800,185.644,185.722,185.361,185.626,5806,13
1726034400,185.626,185.744,184.983,185.138,5385,12
1726038000,185.139,185.15,184.511,184.845,6350,12
1726041600,184.845,185.179,184.465,185.155,6554,12
1726045200,185.015,185.18,184.836,185.005,6775,12
1726048800,185.005,185.265,184.717,184.965,8492,12
1726052400,184.967,185.359,184.848,185.162,6670,12
1726056000,185.162,185.286,184.994,185.253,5392,12
1726059600,185.254,185.383,185.05,185.303,5484,12
1726063200,185.307,185.611,185.249,185.48,5324,12
1726066800,185.481,186.002,185.35,185.849,10530,12
1726070400,185.849,186.144,184.789,184.82,10687,12
1726074000,184.821,184.877,183.714,184.058,12522,12
1726077600,184.059,184.736,184.031,184.57,9790,12
1726081200,184.57,185.142,184.55,185.043,8614,12
1726084800,185.042,185.618,185.008,185.501,7820,12
1726088400,185.501,185.621,185.365,185.473,6068,13
1726092000,185.473,185.757,185.463,185.695,5484,13
1726095600,185.696,185.806,185.658,185.666,5204,12
1726099200,185.522,185.665,185.449,185.58,459,54
1726102800,185.58,185.824,185.512,185.804,1445,13
1726106400,185.803,186.023,185.785,185.958,2819,14
1726110000,185.957,186.351,185.92,185.972,6117,13
1726113600,185.974,186.013,185.413,185.825,7829,12
1726117200,185.825,185.885,185.601,185.809,6445,12
1726120800,185.81,185.982,185.628,185.974,4197,16
1726124400,185.975,186.362,185.961,186.312,4457,12
1726128000,186.307,186.523,186.14,186.448,5937,13
1726131600,186.448,186.449,185.948,185.958,6282,13
1726135200,185.961,186.631,185.912,186.146,7101,12
1726138800,186.146,186.169,185.846,186.023,7217,12
1726142400,186.027,186.302,185.959,186.206,5384,12
1726146000,186.203,186.405,186.124,186.133,4480,12
1726149600,186.132,186.156,185.775,185.878,5323,12
1726153200,185.869,186.063,185.343,185.502,10843,12
1726156800,185.509,185.947,185.279,185.426,10979,12
1726160400,185.426,186.586,185.375,186.354,9599,12
1726164000,186.348,186.472,185.973,186.049,8896,12
1726167600,186.05,186.724,186.026,186.585,7287,12
1726171200,186.583,186.641,186.32,186.372,7575,12
1726174800,186.372,186.471,185.915,186.099,7421,12
1726178400,186.1,186.218,185.926,186.122,7983,12
1726182000,186.118,186.164,185.983,186.093,6207,12
1726185600,186.093,186.151,185.977,186.115,274,48
1726189200,186.114,186.201,185.986,186.162,991,12
1726192800,186.162,186.162,185.71,185.835,3869,12
1726196400,185.838,185.93,185.545,185.606,7574,12
1726200000,185.604,185.669,185.393,185.566,6159,12
1726203600,185.573,185.631,185.05,185.365,5512,12
1726207200,185.368,185.492,185.153,185.36,4603,13
1726210800,185.36,185.388,184.946,185.312,4445,12
1726214400,185.312,185.577,185.002,185.141,5113,12
1726218000,185.14,185.399,185.115,185.294,7094,12
1726221600,185.284,185.636,185.137,185.235,7206,12
1726225200,185.222,185.302,184.559,184.909,8060,12
1726228800,184.902,184.992,184.543,184.627,7316,12
1726232400,184.63,184.75,184.361,184.696,6496,12
1726236000,184.681,184.948,184.511,184.795,6603,12
1726239600,184.793,184.974,184.671,184.875,8232,12
1726243200,184.875,184.893,184.418,184.586,9218,12
1726246800,184.593,185.162,184.393,184.992,10774,12
1726250400,184.992,185.008,184.476,184.818,7907,12
1726254000,184.818,184.981,184.626,184.899,7809,12
1726257600,184.897,185.035,184.865,184.942,6376,12
1726261200,184.94,184.988,184.84,184.899,5053,12
1726264800,184.894,185.001,184.847,184.948,4895,12
1726268400,184.928,184.989,184.703,184.741,4415,12
1726444800,184.621,184.845,184.426,184.633,348,82
1726448400,184.639,184.816,184.361,184.759,2990,17
1726452000,184.758,185.025,184.749,184.998,2913,13
1726455600,184.998,184.998,184.545,184.644,4980,12
1726459200,184.644,184.745,184.559,184.666,3338,15
1726462800,184.665,184.76,184.58,184.724,3316,12
1726466400,184.725,184.757,184.264,184.393,4725,12
1726470000,184.393,184.528,184.168,184.417,5286,12
1726473600,184.414,184.509,184.262,184.426,3980,12
1726477200,184.434,184.479,183.965,184.17,6330,12
1726480800,184.161,184.283,183.753,184.225,7196,12
1726484400,184.225,184.445,184.13,184.429,6226,12
1726488000,184.429,184.992,184.393,184.922,5493,12
1726491600,184.918,185.078,184.81,184.864,5050,12
1726495200,184.86,184.954,184.636,184.643,5075,12
1726498800,184.638,185.262,184.483,185.079,7856,12
1726502400,185.075,185.577,185.05,185.471,8377,12
1726506000,185.477,185.76,185.219,185.371,8245,12
1726509600,185.369,185.899,185.296,185.856,7150,12
1726513200,185.858,185.91,185.693,185.738,5306,12
1726516800,185.738,185.797,185.642,185.787,4165,12
1726520400,185.786,185.863,185.664,185.833,4311,12
1726524000,185.832,186.032,185.823,185.898,3955,13
1726527600,185.903,185.911,185.787,185.814,3282,13
1726531200,185.661,185.838,185.437,185.808,417,79
1726534800,185.808,186.063,185.777,186.063,1629,12
1726538400,186.056,186.503,185.928,185.968,3449,12
1726542000,185.967,186.053,185.532,185.691,6604,12
1726545600,185.691,185.713,185.344,185.524,5945,12
1726549200,185.523,185.656,185.309,185.633,5052,12
1726552800,185.633,185.746,185.522,185.62,4632,15
1726556400,185.62,185.814,185.595,185.733,3601,13
1726560000,185.734,185.892,185.568,185.79,4652,14
1726563600,185.793,185.861,185.603,185.752,5472,13
1726567200,185.749,185.864,185.284,185.827,7060,13
1726570800,185.824,186.031,185.642,185.936,5708,12
1726574400,185.934,185.951,185.741,185.936,5155,12
1726578000,185.937,185.959,185.753,185.829,4064,12
1726581600,185.829,185.908,185.701,185.885,4506,14
1726585200,185.882,186.347,185.82,186.221,8956,12
1726588800,186.221,186.826,186.048,186.715,9538,12
1726592400,186.716,187.165,186.697,186.847,9395,12
1726596000,186.844,186.844,186.504,186.614,7257,12
1726599600,186.614,186.805,186.362,186.489,6974,12
1726603200,186.487,186.777,186.436,186.711,7085,13
1726606800,186.71,186.832,186.674,186.699,6347,12
1726610400,186.7,187.204,186.684,187.194,6230,13
1726614000,187.192,187.443,187.142,187.239,5197,16
1726617600,187.248,187.334,187.115,187.279,728,91
1726621200,187.271,187.348,186.907,186.954,2040,23
1726624800,186.957,187.016,186.836,186.974,3441,12
1726628400,186.973,186.999,186.453,186.529,6581,12
1726632000,186.529,186.641,186.289,186.343,6009,12
1726635600,186.342,186.432,186.1,186.241,4477,12
1726639200,186.24,186.242,186.027,186.135,3858,13
1726642800,186.137,186.331,185.818,185.948,4106,12
1726646400,185.951,186.236,185.885,186.212,4746,12
1726650000,186.219,186.672,186.219,186.589,5722,12
1726653600,186.575,187.299,186.554,187.251,6320,12
1726657200,187.251,187.401,187.053,187.129,5675,14
1726660800,187.129,187.377,187.126,187.321,5133,12
1726664400,187.322,187.4,187.059,187.071,5463,14
1726668000,187.071,187.5,187.027,187.386,4391,12
1726671600,187.389,187.617,187.333,187.588,6226,12
1726675200,187.588,187.974,187.476,187.644,7217,12
1726678800,187.647,187.721,187.347,187.604,7482,12
1726682400,187.597,187.651,187.296,187.312,6345,12
1726686000,187.308,187.478,187.27,187.425,5184,12
1726689600,187.425,187.593,187.287,187.293,6092,14
1726693200,187.287,187.69,186.681,186.949,13885,12
1726696800,186.957,188.047,186.956,187.843,13996,12
1726700400,187.844,188.034,187.693,187.821,9143,12
1726704000,187.84,187.882,187.652,187.652,699,88
1726707600,187.665,187.947,187.413,187.811,2363,15
1726711200,187.812,188.469,187.804,188.41,5428,12
1726714800,188.407,189.128,188.376,188.985,10316,12
1726718400,188.981,189.408,188.865,189.306,8227,12
1726722000,189.306,189.39,188.899,188.911,8024,12
1726725600,188.914,189.14,188.819,189.128,6051,12
1726729200,189.13,189.19,188.905,189.111,5403,14
1726732800,189.114,189.153,188.495,188.539,6552,12
1726736400,188.544,189.003,188.324,188.557,7876,12
1726740000,188.563,188.828,188.162,188.772,9103,12
1726743600,188.771,189.385,188.717,189.384,7353,12
1726747200,189.386,189.851,189.384,189.618,7117,12
1726750800,189.617,190.037,189.341,189.344,6587,12
1726754400,189.344,190.366,189.344,189.862,8398,12
1726758000,189.866,190.385,189.552,190.327,10212,12
1726761600,190.315,190.375,189.5,189.644,11324,13
1726765200,189.649,189.704,189.049,189.351,11165,12
1726768800,189.355,189.795,189.257,189.724,8350,12
1726772400,189.724,190.162,189.692,189.959,6116,12
1726776000,189.959,190.039,189.757,189.85,5758,12
1726779600,189.854,189.892,189.374,189.479,5814,12
1726783200,189.476,189.559,189.259,189.432,5671,15
1726786800,189.437,189.478,189.291,189.297,4676,13
1726790400,189.308,189.477,189.202,189.433,244,81
1726794000,189.428,189.455,189.275,189.436,1478,20
1726797600,189.433,189.783,189.394,189.717,3318,13
1726801200,189.717,189.776,189.069,189.069,6405,13
1726804800,189.067,189.193,188.768,189.114,6491,12
1726808400,189.113,189.658,189.076,189.29,5454,12
1726812000,189.288,189.331,188.696,189.148,5908,12
1726815600,189.15,189.207,188.925,188.992,4031,12
1726819200,188.991,189.212,188.942,189.117,4690,13
1726822800,189.131,190.606,188.925,190.521,9690,12
1726826400,190.542,191.207,190.386,191.191,9558,12
1726830000,191.193,191.361,190.755,191.266,9289,12
1726833600,191.266,191.349,191.021,191.342,6561,12
1726837200,191.346,191.63,191.044,191.63,6044,12
1726840800,191.638,191.957,191.614,191.796,5760,12
1726844400,191.796,191.984,191.234,191.365,7817,12
1726848000,191.368,191.525,190.9,191.367,9661,12
1726851600,191.366,191.81,191.296,191.796,9450,12
1726855200,191.791,191.843,191.356,191.459,9459,12
1726858800,191.459,191.66,191.292,191.557,8100,12
1726862400,191.559,191.914,191.534,191.663,6448,12
1726866000,191.664,191.664,191.405,191.6,6687,12
1726869600,191.601,191.644,191.402,191.634,5896,13
1726873200,191.631,191.826,191.502,191.603,4907,14
1727049600,191.534,191.731,191.323,191.563,556,136
1727053200,191.563,191.863,191.316,191.667,3129,15
1727056800,191.67,191.818,191.501,191.8,3045,15
1727060400,191.807,192.001,191.697,191.851,4390,13
1727064000,191.853,192.292,191.853,192.187,5383,14
1727067600,192.196,192.237,192.102,192.184,3787,12
1727071200,192.181,192.234,192.024,192.065,2940,13
1727074800,192.065,192.179,192.016,192.087,2908,16
1727078400,192.081,192.157,191.894,191.927,2952,12
1727082000,191.927,192.001,191.517,191.601,6267,12
1727085600,191.607,191.639,190.479,190.511,10757,12
1727089200,190.51,190.68,190.127,190.556,8666,12
1727092800,190.554,190.976,190.484,190.828,6554,12
1727096400,190.828,190.922,190.55,190.676,6222,12
1727100000,190.675,191.25,190.527,191.172,6307,12
1727103600,191.172,191.702,190.982,191.601,6904,13
1727107200,191.601,192.125,191.251,192.103,9100,12
1727110800,192.101,192.43,191.799,191.938,10004,12
1727114400,191.941,192.174,191.65,191.691,8334,12
1727118000,191.684,191.684,191.17,191.257,7718,13
1727121600,191.252,191.445,191.142,191.391,5334,12
1727125200,191.39,191.472,191.258,191.282,4406,14
1727128800,191.28,191.535,191.28,191.511,4308,12
1727132400,191.512,191.732,191.472,191.472,3803,15
1727136000,191.474,191.617,191.279,191.617,661,69
1727139600,191.622,191.801,191.578,191.697,1413,16
1727143200,191.694,191.841,191.53,191.721,3134,13
1727146800,191.696,191.819,191.501,191.552,7499,13
1727150400,191.561,192.101,191.529,191.715,7611,12
1727154000,191.709,191.758,191.325,191.731,6273,13
1727157600,191.736,192.074,191.666,191.968,5202,14
1727161200,191.968,192.244,191.957,192.14,4579,12
1727164800,192.163,192.609,192.163,192.412,6173,12
1727168400,192.406,193.032,192.275,192.825,7645,12
1727172000,192.826,193.271,192.541,192.819,7174,12
1727175600,192.817,193.276,192.702,193.0,7156,12
1727179200,192.994,193.316,192.854,192.969,5832,12
1727182800,192.974,193.126,192.324,192.388,5197,12
1727186400,192.391,192.66,192.164,192.499,5469,12
1727190000,192.494,192.815,192.365,192.714,7006,12
1727193600,192.715,193.011,192.636,192.755,7864,12
1727197200,192.755,192.755,192.061,192.364,10348,12
1727200800,192.36,192.497,192.144,192.302,8140,12
1727204400,192.303,192.364,192.059,192.094,5973,12
1727208000,192.093,192.429,192.091,192.196,4814,12
1727211600,192.195,192.214,191.968,192.133,4857,12
1727215200,192.133,192.181,192.058,192.147,4534,12
1727218800,192.148,192.167,191.895,191.895,3175,12
1727222400,191.895,192.099,191.888,192.0,358,71
1727226000,192.0,192.107,191.752,191.971,2056,15
1727229600,191.969,192.098,191.857,191.94,2983,13
1727233200,191.948,192.31,191.876,192.177,6722,14
1727236800,192.151,192.445,192.076,192.407,7129,12
1727240400,192.405,192.516,192.214,192.333,5126,12
1727244000,192.333,192.519,192.292,192.338,4392,12
1727247600,192.342,192.421,192.135,192.2,4089,13
1727251200,192.2,192.314,191.954,192.102,5184,13
1727254800,192.091,192.524,192.07,192.505,5747,13
1727258400,192.518,192.681,192.327,192.64,6923,12
1727262000,192.641,192.827,192.536,192.568,6526,12
1727265600,192.568,192.967,192.52,192.792,6042,12
1727269200,192.788,192.974,192.549,192.865,5260,12
1727272800,192.863,193.111,192.834,193.008,5691,12
1727276400,193.005,193.218,192.964,193.155,7410,12
1727280000,193.163,193.259,192.889,192.983,8474,12
1727283600,192.982,193.175,192.678,193.067,8809,12
1727287200,193.063,193.123,192.535,192.598,8116,12
1727290800,192.605,192.736,192.547,192.688,6329,12
1727294400,192.69,192.753,192.464,192.686,6259,13
1727298000,192.689,192.82,192.559,192.715,6330,14
1727301600,192.713,192.77,192.614,192.749,5714,12
1727305200,192.746,192.876,192.703,192.703,3944,13
1727308800,192.703,192.746,192.611,192.7,583,56
1727312400,192.705,192.746,192.549,192.672,2722,12
1727316000,192.674,192.838,192.552,192.664,3113,16
1727319600,192.644,192.684,192.496,192.562,5909,13
1727323200,192.565,193.152,192.546,193.087,5581,14
1727326800,193.089,193.188,193.01,193.14,4095,12
1727330400,193.141,193.409,193.116,193.312,3338,12
1727334000,193.312,193.33,192.857,193.004,4032,12
1727337600,193.006,193.343,192.924,193.161,5205,12
1727341200,193.177,193.306,193.023,193.295,6196,12
1727344800,193.298,193.751,193.205,193.508,8301,12
1727348400,193.506,193.697,193.102,193.353,7439,12
1727352000,193.347,193.695,193.248,193.274,5829,12
1727355600,193.268,193.439,193.096,193.131,5874,12
1727359200,193.128,193.357,192.789,192.795,5568,12
1727362800,192.794,193.381,192.681,193.313,8281,12
1727366400,193.326,193.427,192.847,193.232,9934,12
1727370000,193.243,194.015,193.217,193.996,10554,12
1727373600,193.994,194.331,193.893,194.265,8128,12
1727377200,194.259,194.347,194.045,194.234,7494,12
1727380800,194.23,194.236,193.866,194.181,6647,12
1727384400,194.181,194.263,193.949,194.066,5224,12
1727388000,194.06,194.082,193.96,194.047,4278,13
1727391600,194.054,194.338,194.05,194.111,5339,12
1727395200,194.114,194.27,193.981,194.137,587,59
1727398800,194.135,194.436,194.135,194.298,1747,12
1727402400,194.299,194.583,194.298,194.54,3372,12
1727406000,194.519,194.921,194.315,194.874,6413,12
1727409600,194.871,194.967,194.508,194.563,6785,12
1727413200,194.559,194.59,194.158,194.311,6184,12
1727416800,194.311,194.537,194.202,194.525,4623,13
1727420400,194.526,195.168,194.526,195.127,4086,12
1727424000,195.128,195.964,195.096,195.712,8381,12
1727427600,195.716,195.836,191.598,191.678,10793,12
1727431200,191.662,191.815,190.981,191.391,10108,12
1727434800,191.395,192.218,191.151,191.411,8620,12
1727438400,191.412,191.921,191.335,191.552,7696,12
1727442000,191.552,191.784,191.484,191.748,6495,12
1727445600,191.757,191.967,191.584,191.584,6376,12
1727449200,191.579,191.732,191.045,191.317,8774,12
1727452800,191.312,191.809,191.016,191.078,8867,12
1727456400,191.145,191.79,190.826,191.538,9857,12
1727460000,191.542,191.727,190.964,190.982,8420,12
1727463600,190.982,191.028,190.559,190.718,7657,12
1727467200,190.718,190.809,190.368,190.45,6957,12
1727470800,190.448,190.555,189.993,190.301,6408,12
1727474400,190.301,190.402,190.046,190.184,6205,12
1727478000,190.193,190.263,189.969,190.044,4714,12
1727654400,190.152,190.308,189.826,190.227,228,124
1727658000,190.227,190.948,190.162,190.894,2904,14
1727661600,190.894,191.283,190.795,191.082,4109,12
1727665200,191.078,191.158,190.64,190.948,7576,12
1727668800,190.946,191.168,190.548,190.627,7457,12
1727672400,190.627,190.732,190.307,190.7,5783,12
1727676000,190.7,190.714,190.423,190.656,4275,14
1727679600,190.65,190.741,190.208,190.275,3600,12
1727683200,190.275,190.378,189.676,189.723,6542,12
1727686800,189.72,190.18,189.558,190.125,6595,12
1727690400,190.112,190.801,189.9,190.747,7189,13
1727694000,190.747,191.356,190.661,191.233,7435,12
1727697600,191.244,191.248,190.864,190.901,5687,12
1727701200,190.905,191.231,190.905,191.173,4919,14
1727704800,191.172,191.215,190.922,191.056,5223,12
1727708400,191.053,191.379,191.038,191.344,6342,13
1727712000,191.347,191.646,191.032,191.553,8582,12
1727715600,191.563,191.883,190.989,191.837,10195,12
1727719200,191.839,192.164,191.752,191.931,8197,12
1727722800,191.931,192.019,191.715,191.792,6371,12
1727726400,191.796,191.831,191.555,191.684,5886,12
1727730000,191.683,192.263,191.679,192.171,10119,12
1727733600,192.172,192.303,192.062,192.172,7056,12
1727737200,192.18,192.207,192.023,192.084,5362,15
1727740800,191.938,192.039,191.901,191.999,407,72
1727744400,191.999,192.199,191.962,192.071,1706,19
1727748000,192.071,192.245,191.852,192.242,3559,14
1727751600,192.242,192.743,192.196,192.541,6722,14
1727755200,192.539,192.76,192.344,192.392,6461,12
1727758800,192.394,192.726,192.267,192.669,4290,14
1727762400,192.669,193.028,192.601,192.897,4658,12
1727766000,192.897,193.155,192.801,193.039,4029,14
1727769600,193.037,193.233,192.879,192.918,4615,13
1727773200,192.918,193.355,192.756,192.937,7001,12
1727776800,192.934,193.008,192.001,192.299,10511,12
1727780400,192.302,192.338,191.566,191.713,9096,12
1727784000,191.715,191.782,191.447,191.519,7020,13
1727787600,191.521,191.567,191.31,191.5,5791,12
1727791200,191.499,191.645,191.234,191.474,6604,12
1727794800,191.474,191.902,191.45,191.829,7157,12
1727798400,191.83,191.973,190.41,190.931,10395,12
1727802000,190.932,191.236,190.236,190.824,12790,12
1727805600,190.824,191.038,190.449,190.776,9744,12
1727809200,190.768,190.801,189.976,190.375,9148,12
1727812800,190.371,190.849,189.845,190.821,9723,12
1727816400,190.822,191.067,190.686,190.845,6759,12
1727820000,190.845,190.998,190.568,190.646,6682,12
1727823600,190.646,190.733,190.577,190.715,7269,15
1727827200,190.715,190.74,190.54,190.725,352,42
1727830800,190.725,190.775,190.458,190.553,1373,14
1727834400,190.553,190.817,190.517,190.775,3067,17
1727838000,190.774,191.052,190.765,190.929,5977,12
1727841600,190.935,191.284,190.69,191.267,5831,13
1727845200,191.267,191.384,191.154,191.28,3835,12
1727848800,191.28,191.544,191.117,191.484,4575,12
1727852400,191.484,191.513,190.53,190.719,5243,12
1727856000,190.719,190.91,190.401,190.723,7804,12
1727859600,190.723,191.345,190.646,191.151,6785,12
1727863200,191.16,191.675,191.154,191.429,7117,12
1727866800,191.426,191.903,191.309,191.896,5756,15
1727870400,191.894,191.928,191.609,191.748,5556,13
1727874000,191.748,192.351,191.439,192.24,6770,12
1727877600,192.25,192.53,192.086,192.345,6298,15
1727881200,192.345,193.076,192.321,192.945,7908,13
1727884800,192.945,193.384,192.839,193.309,8214,12
1727888400,193.309,193.805,193.157,193.707,9650,12
1727892000,193.695,194.02,193.498,193.803,8012,12
1727895600,193.802,193.997,193.677,193.786,5830,12
1727899200,193.786,194.006,193.676,193.967,4901,12
1727902800,193.967,194.144,193.906,194.04,4607,12
1727906400,194.041,194.413,193.997,194.335,4059,12
1727910000,194.335,194.391,194.201,194.301,4405,15
1727913600,194.129,194.254,193.969,194.137,631,59
1727917200,194.137,194.882,194.1,194.448,2575,12
1727920800,194.45,194.668,194.244,194.384,4551,13
1727924400,194.385,194.992,194.242,194.92,6636,13
1727928000,194.929,195.168,194.534,194.604,7550,12
1727931600,194.604,194.756,194.393,194.511,5205,12
1727935200,194.511,194.718,194.492,194.569,4536,15
1727938800,194.572,194.664,194.268,194.315,4370,12
1727942400,194.316,194.39,193.014,193.206,7821,12
1727946000,193.206,193.46,192.965,193.228,7142,12
1727949600,193.201,193.296,192.417,192.64,8960,13
1727953200,192.641,192.689,192.218,192.476,7631,12
1727956800,192.476,192.885,192.471,192.703,6960,12
1727960400,192.699,192.717,192.501,192.606,5595,14
1727964000,192.604,192.702,192.132,192.315,6512,12
1727967600,192.315,192.498,192.122,192.465,8771,12
1727971200,192.468,192.519,192.131,192.267,8959,12
1727974800,192.267,192.836,192.164,192.375,12679,12
1727978400,192.373,192.591,192.143,192.511,8605,13
1727982000,192.51,192.84,192.507,192.564,6368,12
1727985600,192.568,192.6,192.362,192.457,5977,12
1727989200,192.465,192.632,192.45,192.589,4356,12
1727992800,192.589,192.698,192.558,192.681,4339,17
1727996400,192.685,192.868,192.672,192.813,4595,18
1728000000,192.813,192.813,192.464,192.672,383,61
1728003600,192.672,192.841,192.624,192.78,1489,12
1728007200,192.78,192.805,192.587,192.776,2264,14
1728010800,192.776,192.883,192.517,192.547,5989,12
1728014400,192.547,192.569,192.353,192.418,6419,17
1728018000,192.415,192.474,192.213,192.231,4403,15
1728021600,192.231,192.306,192.114,192.157,4303,18
1728025200,192.158,192.193,191.841,191.951,4509,12
1728028800,191.949,192.122,191.73,191.916,5108,12
1728032400,191.917,192.289,191.73,192.257,6255,12
1728036000,192.258,192.677,192.123,192.51,7880,12
1728039600,192.511,192.712,192.313,192.52,6975,13
1728043200,192.52,192.868,192.469,192.848,5804,12
1728046800,192.848,193.052,192.797,192.857,5117,14
1728050400,192.853,193.066,192.8,193.045,5452,15
1728054000,193.043,194.522,192.707,194.4,10851,12
1728057600,194.401,194.612,194.232,194.391,11608,12
1728061200,194.391,194.828,194.384,194.713,10237,12
1728064800,194.714,194.962,194.508,194.873,8625,12
1728068400,194.879,195.357,194.866,195.325,6999,12
1728072000,195.325,195.516,195.206,195.236,5525,14
1728075600,195.235,195.354,195.167,195.344,5356,15
1728079200,195.344,195.376,195.22,195.271,4638,12
1728082800,195.27,195.308,194.846,194.846,6049,19
1728259200,194.896,195.246,194.284,195.064,1321,47
1728262800,195.088,195.575,195.088,195.363,2379,12
1728266400,195.363,195.607,195.23,195.251,3876,12
1728270000,195.251,195.251,194.71,194.755,7775,12
1728273600,194.755,195.051,194.703,194.762,7385,12
1728277200,194.762,195.042,194.592,195.03,5791,12
1728280800,195.03,195.154,194.756,194.84,4940,15
1728284400,194.847,194.905,194.746,194.832,3808,13
1728288000,194.83,194.891,194.514,194.556,4304,12
1728291600,194.556,194.853,194.488,194.588,7816,12
1728295200,194.59,194.668,194.082,194.41,9548,12
1728298800,194.408,194.527,194.051,194.12,7682,12
1728302400,194.12,194.12,193.718,193.9,7381,12
1728306000,193.901,194.206,193.756,194.175,6730,12
1728309600,194.175,194.221,193.905,193.957,7311,12
1728313200,193.958,193.977,193.551,193.78,8462,12
1728316800,193.775,193.863,193.333,193.359,9947,12
1728320400,193.359,193.874,193.342,193.84,9358,12
1728324000,193.837,193.973,193.611,193.732,7084,12
1728327600,193.731,193.904,193.682,193.723,5300,12
1728331200,193.722,193.828,193.643,193.733,4300,12
1728334800,193.733,193.77,193.486,193.58,5569,12
1728338400,193.58,193.773,193.538,193.704,5223,12
1728342000,193.708,193.872,193.702,193.858,3682,15
1728345600,193.858,193.858,193.636,193.788,454,36
1728349200,193.795,193.857,193.115,193.263,1842,12
1728352800,193.261,193.863,193.261,193.816,3798,12
1728356400,193.817,193.921,193.496,193.64,5967,12
1728360000,193.641,193.775,193.553,193.645,6887,12
1728363600,193.645,193.669,193.065,193.339,8383,12
1728367200,193.335,193.742,193.335,193.653,5774,13
1728370800,193.654,193.908,193.626,193.824,4144,12
1728374400,193.824,193.97,193.522,193.705,6121,12
1728378000,193.706,193.928,193.454,193.493,7651,12
1728381600,193.495,193.576,192.873,193.365,9346,12
1728385200,193.367,193.679,193.117,193.653,6851,13
1728388800,193.65,193.695,193.428,193.562,6317,12
1728392400,193.562,193.863,193.532,193.722,5743,13
1728396000,193.722,193.829,193.582,193.755,6014,13
1728399600,193.755,194.22,193.752,193.937,7099,12
1728403200,193.937,194.32,193.903,194.257,8208,12
1728406800,194.261,194.361,194.027,194.17,8121,12
1728410400,194.171,194.233,193.949,194.049,7055,12
1728414000,194.049,194.069,193.813,193.893,5368,13
1728417600,193.893,194.054,193.841,194.051,4870,12
1728421200,194.048,194.225,193.998,194.204,4503,15
1728424800,194.204,194.315,194.155,194.241,3173,12
1728428400,194.241,194.277,194.102,194.173,4475,12
1728432000,194.173,194.202,193.827,194.2,463,61
1728435600,194.2,194.286,194.161,194.204,788,16
1728439200,194.204,194.344,193.941,193.958,2432,13
1728442800,193.968,194.181,193.87,194.168,4806,12
1728446400,194.172,194.363,194.038,194.042,5966,12
1728450000,194.051,194.119,193.883,194.08,5771,12
1728453600,194.079,194.108,193.912,194.076,5014,14
1728457200,194.075,194.167,193.997,194.073,2909,12
1728460800,194.081,194.576,194.081,194.552,7540,12
1728464400,194.553,194.581,194.062,194.062,6531,12
1728468000,194.063,194.344,193.584,194.331,8155,12
1728471600,194.329,194.5,194.236,194.481,6364,13
1728475200,194.481,194.573,194.287,194.498,5487,14
1728478800,194.498,194.656,194.367,194.537,4945,14
1728482400,194.537,194.606,194.387,194.584,5012,14
1728486000,194.584,194.81,194.558,194.8,5785,12
1728489600,194.8,194.991,194.628,194.956,6848,12
1728493200,194.958,195.056,194.827,194.984,7033,12
1728496800,194.985,195.24,194.969,195.123,5977,12
1728500400,195.123,195.203,194.959,195.021,4529,12
1728504000,195.019,195.094,194.891,194.932,4247,12
1728507600,194.935,195.169,194.913,195.136,4892,12
1728511200,195.136,195.182,195.043,195.068,4126,12
1728514800,195.069,195.226,195.009,195.115,2976,12
1728518400,195.115,195.115,194.744,194.952,816,49
1728522000,194.939,195.062,194.917,194.941,1463,23
1728525600,194.941,195.039,194.859,194.897,2466,12
1728529200,194.895,195.12,194.714,194.996,5057,12
1728532800,194.997,195.038,194.856,194.888,4754,12
1728536400,194.885,195.064,194.885,195.032,5164,13
1728540000,195.031,195.11,194.978,195.108,4175,16
1728543600,195.108,195.491,195.108,195.29,3603,12
1728547200,195.288,195.404,195.041,195.102,4554,15
1728550800,195.102,195.102,194.825,195.001,6651,12
1728554400,195.003,195.2,194.854,194.955,7368,12
1728558000,194.956,195.07,194.877,194.883,5808,12
1728561600,194.884,194.909,194.603,194.685,5145,12
1728565200,194.686,194.871,194.512,194.855,4344,13
1728568800,194.856,195.025,194.628,194.628,5637,12
1728572400,194.631,194.822,193.946,194.308,10928,12
1728576000,194.31,194.449,193.679,193.986,12180,12
1728579600,193.984,194.204,193.563,194.043,11007,12
1728583200,194.041,194.147,193.665,193.907,7757,12
1728586800,193.907,194.138,193.74,194.109,6921,12
1728590400,194.109,194.282,194.008,194.151,6701,12
1728594000,194.151,194.204,193.938,194.065,4407,12
1728597600,194.062,194.062,193.856,193.951,4362,12
1728601200,193.951,194.076,193.889,193.971,2530,12
1728604800,193.97,193.972,193.784,193.894,1121,71
1728608400,193.894,194.1,193.866,194.092,900,21
1728612000,194.092,194.249,193.969,194.221,1997,14
1728615600,194.231,194.296,193.876,193.943,5339,12
1728619200,193.943,194.29,193.853,194.25,4796,12
1728622800,194.25,194.265,194.135,194.179,3413,12
1728626400,194.179,194.179,193.93,194.134,3401,14
1728630000,194.134,194.143,194.015,194.049,2742,14
1728633600,194.05,194.072,193.903,194.042,3063,13
1728637200,194.039,194.256,193.945,194.045,4879,14
1728640800,194.045,194.543,194.037,194.513,5907,13
1728644400,194.513,194.559,194.368,194.439,4510,12
1728648000,194.428,194.715,194.404,194.661,4156,15
1728651600,194.661,194.744,194.572,194.68,4158,12
1728655200,194.68,194.823,194.506,194.601,4506,12
1728658800,194.601,194.928,194.431,194.738,7997,12
1728662400,194.738,195.045,194.629,194.802,7576,13
1728666000,194.77,195.224,194.728,195.131,8318,13
1728669600,195.132,195.154,194.881,194.881,5695,12
1728673200,194.881,194.897,194.742,194.775,4146,15
1728676800,194.772,194.949,194.703,194.875,2992,14
1728680400,194.875,194.932,194.857,194.906,2674,14
1728684000,194.907,194.951,194.826,194.829,2584,13
1728687600,194.831,194.903,194.715,194.789,1929,17
1728864000,194.65,194.875,194.629,194.664,879,126
1728867600,194.631,194.979,194.631,194.92,1604,13
1728871200,194.923,194.993,194.746,194.815,1810,16
1728874800,194.817,194.855,194.634,194.741,3593,13
1728878400,194.737,194.763,194.634,194.712,4487,14
1728882000,194.712,194.896,194.62,194.895,4049,15
1728885600,194.895,195.069,194.845,194.999,2695,12
1728889200,194.998,195.009,194.908,194.951,1299,17
1728892800,194.953,194.99,194.851,194.94,2810,14
1728896400,194.936,195.051,194.908,194.921,3572,15
1728900000,194.921,195.118,194.859,195.08,5036,12
1728903600,195.073,195.274,195.066,195.234,4678,13
1728907200,195.231,195.24,195.002,195.009,3511,12
1728910800,195.009,195.279,195.004,195.222,3789,13
1728914400,195.216,195.352,195.09,195.096,5020,12
1728918000,195.101,195.365,195.014,195.161,4823,17
1728921600,195.163,195.499,195.126,195.47,6712,12
1728925200,195.468,195.704,195.448,195.636,7211,12
1728928800,195.637,195.678,195.497,195.502,4277,12
1728932400,195.502,195.694,195.45,195.675,2938,17
1728936000,195.675,195.683,195.556,195.679,2469,17
1728939600,195.679,195.704,195.594,195.625,2182,16
1728943200,195.631,195.656,195.462,195.506,4719,15
1728946800,195.505,195.595,195.472,195.525,2970,19
1728950400,195.389,195.58,195.389,195.536,436,96
1728954000,195.537,195.637,195.49,195.596,807,19
1728957600,195.597,195.716,195.525,195.631,1974,20
1728961200,195.647,195.658,195.331,195.424,5373,12
1728964800,195.426,195.443,195.244,195.344,3324,13
1728968400,195.347,195.589,195.32,195.471,3988,12
1728972000,195.475,195.533,195.36,195.429,3362,12
1728975600,195.43,195.443,195.317,195.317,2761,12
1728979200,195.32,195.32,194.903,195.19,4241,13
1728982800,195.199,195.276,194.802,194.821,7193,12
1728986400,194.816,195.121,194.661,195.092,7239,12
1728990000,195.1,195.169,194.806,195.031,5879,12
1728993600,195.038,195.068,194.638,194.798,5118,13
1728997200,194.794,195.248,194.772,195.096,4908,12
1729000800,195.094,195.569,195.074,195.285,4753,14
1729004400,195.293,195.443,194.937,195.117,6981,13
1729008000,195.119,195.465,195.116,195.269,8225,13
1729011600,195.262,195.501,194.852,195.379,9356,12
1729015200,195.381,195.512,195.2,195.202,7167,12
1729018800,195.21,195.454,195.202,195.313,5199,14
1729022400,195.316,195.412,195.191,195.196,4658,12
1729026000,195.2,195.24,194.998,195.071,4311,12
1729029600,195.067,195.076,194.917,195.006,4647,15
1729033200,195.004,195.087,194.943,195.035,3055,14
1729036800,194.899,195.051,194.898,194.989,548,87
1729040400,194.984,195.039,194.898,195.017,1009,15
1729044000,195.01,195.131,194.741,194.772,2378,12
1729047600,194.773,195.023,194.692,195.005,5991,12
1729051200,195.004,195.079,194.558,194.82,5716,12
1729054800,194.817,194.937,194.656,194.909,4238,12
1729058400,194.908,195.066,194.849,194.968,3695,12
1729062000,194.968,195.15,194.935,195.136,2675,15
1729065600,195.135,195.275,195.019,195.245,3845,13
1729069200,195.238,195.238,193.763,193.88,8236,12
1729072800,193.874,194.428,193.697,194.289,7314,12
1729076400,194.289,194.401,194.009,194.354,5745,15
1729080000,194.347,194.449,194.174,194.29,5548,12
1729083600,194.293,194.528,194.208,194.417,4207,12
1729087200,194.417,194.528,194.25,194.376,4738,12
1729090800,194.378,194.613,194.323,194.501,6035,12
1729094400,194.502,194.607,194.375,194.469,6795,12
1729098000,194.471,194.774,194.43,194.649,6677,14
1729101600,194.648,194.657,194.48,194.615,6198,12
1729105200,194.615,194.738,194.579,194.719,3382,15
1729108800,194.723,194.755,194.552,194.607,2852,12
1729112400,194.606,194.673,194.434,194.46,3218,14
1729116000,194.459,194.481,194.342,194.353,3603,14
1729119600,194.353,194.43,194.279,194.357,2836,15
1729123200,194.156,194.407,194.029,194.289,983,12
1729126800,194.264,194.399,194.204,194.253,844,29
1729130400,194.254,194.375,194.211,194.282,1720,14
1729134000,194.276,194.396,194.142,194.213,5216,13
1729137600,194.208,194.278,193.939,194.125,5245,15
1729141200,194.128,194.186,193.822,194.117,4810,14
1729144800,194.12,194.212,193.978,194.211,3821,14
1729148400,194.211,194.239,193.918,194.151,3298,14
1729152000,194.149,194.211,194.057,194.162,4133,13
1729155600,194.162,194.371,194.044,194.244,5033,12
1729159200,194.248,194.537,194.194,194.461,5146,13
1729162800,194.449,194.655,194.416,194.446,4790,13
1729166400,194.445,194.454,194.303,194.422,3786,14
1729170000,194.422,194.627,194.349,194.606,3976,13
1729173600,194.605,194.691,194.502,194.61,3587,13
1729177200,194.611,195.075,194.543,194.902,8768,12
1729180800,194.902,195.0,194.331,194.667,10323,12
1729184400,194.68,195.053,194.613,194.984,8568,12
1729188000,194.984,195.307,194.919,195.264,6598,12
1729191600,195.267,195.499,195.255,195.422,5387,12
1729195200,195.426,195.507,195.327,195.477,3605,14
1729198800,195.477,195.49,195.319,195.476,4226,15
1729202400,195.475,195.591,195.41,195.468,3809,13
1729206000,195.468,195.498,195.393,195.396,2574,14
1729209600,195.267,195.415,195.235,195.36,566,69
1729213200,195.365,195.511,195.349,195.459,690,14
1729216800,195.458,195.503,195.325,195.346,1618,16
1729220400,195.35,195.4,195.097,195.261,5838,12
1729224000,195.262,195.363,195.078,195.258,5439,13
1729227600,195.26,195.391,195.2,195.225,4438,13
1729231200,195.222,195.303,195.081,195.157,3621,12
1729234800,195.161,195.338,195.12,195.187,2932,12
1729238400,195.188,195.264,195.025,195.201,4724,12
1729242000,195.205,195.942,195.205,195.845,6492,12
1729245600,195.845,196.042,195.733,195.898,5277,14
1729249200,195.901,195.938,195.409,195.504,5358,12
1729252800,195.504,195.601,195.332,195.41,4762,12
1729256400,195.416,195.625,195.018,195.615,4963,12
1729260000,195.604,195.773,195.528,195.672,4666,12
1729263600,195.687,195.785,195.443,195.547,5959,13
1729267200,195.547,195.776,195.34,195.385,6839,12
1729270800,195.387,195.435,194.978,195.019,6382,12
1729274400,195.015,195.084,194.744,194.767,5150,12
1729278000,194.766,194.931,194.756,194.894,3673,16
1729281600,194.894,195.16,194.87,195.11,2669,13
1729285200,195.104,195.121,194.947,195.056,4477,15
1729288800,195.054,195.085,194.923,195.007,5639,14
1729292400,195.009,195.126,194.949,195.071,3618,14
1729468800,195.005,195.057,194.857,195.012,1034,159
1729472400,194.999,195.315,194.999,195.209,1735,18
1729476000,195.213,195.266,195.089,195.255,2172,13
1729479600,195.27,195.273,194.713,194.838,5452,12
1729483200,194.843,194.873,194.577,194.65,5392,12
1729486800,194.655,194.774,194.573,194.728,3918,12
1729490400,194.723,194.756,194.578,194.728,3195,12
1729494000,194.727,194.804,194.648,194.711,3031,12
1729497600,194.714,194.803,194.559,194.794,3930,12
1729501200,194.783,194.985,194.665,194.938,4963,12
1729504800,194.927,195.198,194.903,195.104,5137,12
1729508400,195.108,195.324,195.07,195.319,4297,12
1729512000,195.318,195.401,195.198,195.362,4303,12
1729515600,195.356,195.385,195.179,195.245,4370,12
1729519200,195.245,195.328,195.177,195.178,4194,12
1729522800,195.176,195.437,195.147,195.331,5897,12
1729526400,195.331,195.529,195.305,195.499,5870,12
1729530000,195.499,195.544,195.209,195.318,5571,12
1729533600,195.317,195.375,195.081,195.295,5951,12
1729537200,195.288,195.502,195.288,195.462,3732,12
1729540800,195.462,195.825,195.448,195.779,4042,12
1729544400,195.779,195.827,195.672,195.676,4007,12
1729548000,195.678,195.796,195.638,195.752,3770,14
1729551600,195.765,195.882,195.732,195.843,2748,15
1729555200,195.661,195.769,195.532,195.677,796,144
1729558800,195.656,195.748,195.543,195.598,1014,23
1729562400,195.603,195.748,195.501,195.535,2155,13
1729566000,195.537,195.752,195.474,195.514,6171,14
1729569600,195.516,195.76,195.421,195.696,5775,12
1729573200,195.691,195.916,195.668,195.867,4884,12
1729576800,195.866,196.15,195.851,196.12,4323,14
1729580400,196.12,196.385,196.083,196.123,4153,13
1729584000,196.123,196.346,196.004,196.046,5231,12
1729587600,196.038,196.257,195.981,196.178,5299,13
1729591200,196.176,196.516,195.963,196.433,6326,12
1729594800,196.436,196.461,196.002,196.109,5571,12
1729598400,196.108,196.147,195.681,195.704,5196,12
1729602000,195.703,195.807,195.597,195.741,5383,12
1729605600,195.745,195.88,195.619,195.803,4716,12
1729609200,195.802,195.91,195.503,195.514,6226,12
1729612800,195.514,195.6,195.096,195.6,8348,12
1729616400,195.602,195.965,195.515,195.885,8668,12
1729620000,195.89,196.107,195.841,195.948,5565,12
1729623600,195.95,196.147,195.917,195.984,4670,15
1729627200,195.984,196.09,195.93,195.992,4760,14
1729630800,195.995,196.089,195.849,196.049,4552,13
1729634400,196.048,196.197,195.993,196.19,3565,14
1729638000,196.188,196.217,195.966,195.966,2802,15
1729641600,195.955,196.086,195.805,195.985,721,118
1729645200,196.04,196.173,196.035,196.118,839,29
1729648800,196.118,196.205,196.096,196.198,1638,20
1729652400,196.188,196.566,196.164,196.544,4963,12
1729656000,196.543,196.963,196.498,196.784,6570,12
1729659600,196.784,197.118,196.771,197.084,4793,12
1729663200,197.087,197.22,196.997,197.046,4640,12
1729666800,197.043,197.545,197.017,197.515,4869,12
1729670400,197.515,197.777,197.476,197.742,5492,12
1729674000,197.745,197.861,197.479,197.514,6606,14
1729677600,197.506,197.868,197.39,197.527,7491,13
1729681200,197.514,197.981,197.459,197.887,6114,13
1729684800,197.886,198.334,197.879,198.179,5121,14
1729688400,198.178,198.336,198.008,198.279,4462,12
1729692000,198.278,198.35,198.136,198.21,4943,12
1729695600,198.216,198.432,197.982,198.259,7012,12
1729699200,198.258,198.35,197.904,198.238,6805,12
1729702800,198.226,198.319,197.965,198.124,7742,12
1729706400,198.12,198.178,197.661,197.801,6867,12
1729710000,197.801,197.89,197.551,197.616,5670,12
1729713600,197.611,197.615,197.259,197.27,4266,12
1729717200,197.271,197.297,196.875,197.269,5854,12
1729720800,197.266,197.406,197.189,197.327,5342,13
1729724400,197.324,197.438,197.27,197.373,3741,13
1729728000,197.217,197.28,197.129,197.209,971,82
1729731600,197.192,197.335,197.192,197.207,1214,27
1729735200,197.202,197.335,197.03,197.289,1889,19
1729738800,197.286,197.34,197.035,197.29,7075,12
1729742400,197.286,197.399,197.173,197.296,5800,14
1729746000,197.293,197.309,196.917,197.002,5692,14
1729749600,197.006,197.126,196.923,196.967,4067,13
1729753200,196.965,196.965,196.641,196.81,4225,12
1729756800,196.812,197.047,196.788,197.016,4312,14
1729760400,197.015,197.016,196.69,196.767,6648,12
1729764000,196.763,197.446,196.758,197.179,8698,12
1729767600,197.178,197.484,196.76,197.01,7504,12
1729771200,197.01,197.107,196.838,197.015,5661,12
1729774800,197.015,197.075,196.914,196.933,4725,12
1729778400,196.929,197.28,196.876,197.245,5584,12
1729782000,197.246,197.546,197.092,197.267,8209,12
1729785600,197.285,197.604,197.141,197.519,8793,12
1729789200,197.519,197.624,196.797,196.894,9060,12
1729792800,196.894,196.999,196.655,196.865,7507,12
1729796400,196.866,196.891,196.416,196.574,6233,12
1729800000,196.574,196.844,196.572,196.62,5068,14
1729803600,196.617,196.971,196.591,196.953,4979,12
1729807200,196.953,197.081,196.932,197.016,5182,12
1729810800,197.009,197.038,196.899,196.985,3304,15
1729814400,196.879,196.942,196.652,196.907,460,110
1729818000,196.914,196.97,196.75,196.768,730,16
1729821600,196.766,196.91,196.622,196.891,3015,13
1729825200,196.885,197.21,196.815,197.126,6298,12
1729828800,197.123,197.18,196.838,196.916,5422,12
1729832400,196.918,196.98,196.761,196.937,4479,12
1729836000,196.938,196.962,196.771,196.839,4049,13
1729839600,196.839,196.86,196.509,196.669,4168,13
1729843200,196.671,196.767,196.385,196.741,5324,12
1729846800,196.736,197.045,196.657,196.826,5402,12
1729850400,196.827,197.18,196.733,197.063,6498,12
1729854000,197.066,197.338,197.033,197.174,5531,12
1729857600,197.16,197.414,197.109,197.304,4329,12
1729861200,197.297,197.357,197.157,197.259,3619,13
1729864800,197.256,197.317,197.045,197.121,4937,12
1729868400,197.121,197.44,197.119,197.372,6101,12
1729872000,197.372,197.775,197.249,197.442,6509,12
1729875600,197.438,197.653,197.342,197.489,8425,12
1729879200,197.492,197.524,197.298,197.354,6653,12
1729882800,197.349,197.553,197.257,197.489,4501,13
1729886400,197.488,197.592,197.265,197.321,4492,15
1729890000,197.325,197.467,197.132,197.427,5170,12
1729893600,197.429,197.552,197.285,197.305,5255,13
1729897200,197.302,197.446,197.206,197.289,5195,15
1730073600,198.916,198.916,197.918,198.171,568,132
1730077200,198.207,198.582,197.819,198.187,4420,19
1730080800,198.187,198.356,198.0,198.18,4535,15
1730084400,198.179,198.836,197.984,198.779,7725,12
1730088000,198.777,199.344,198.751,199.299,7206,12
1730091600,199.299,199.307,198.868,198.899,5064,12
1730095200,198.9,199.043,198.787,198.834,4251,12
1730098800,198.827,198.945,198.54,198.907,4224,12
1730102400,198.904,199.013,198.744,198.803,4390,12
1730106000,198.802,198.831,198.476,198.774,4617,12
1730109600,198.791,198.959,198.547,198.868,5350,12
1730113200,198.871,199.032,198.583,198.752,6614,12
1730116800,198.756,198.777,198.324,198.383,6295,13
1730120400,198.38,198.396,197.791,198.011,6317,12
1730124000,198.011,198.445,197.919,198.413,5080,12
1730127600,198.413,198.414,198.043,198.216,6033,12
1730131200,198.216,198.397,198.119,198.377,6988,13
1730134800,198.376,198.889,198.321,198.755,5742,12
1730138400,198.755,198.956,198.642,198.864,6237,12
1730142000,198.867,198.999,198.85,198.918,5855,12
1730145600,198.916,198.988,198.837,198.861,4876,12
1730149200,198.86,198.957,198.734,198.753,3942,15
1730152800,198.739,198.857,198.692,198.78,4383,13
1730156400,198.78,198.84,198.748,198.835,2360,17
1730160000,198.727,198.829,198.642,198.713,176,74
1730163600,198.725,198.858,198.718,198.757,974,16
1730167200,198.758,198.842,198.681,198.681,1513,13
1730170800,198.685,198.779,198.359,198.49,4666,13
1730174400,198.49,198.612,198.281,198.407,6149,12
1730178000,198.408,198.559,198.291,198.425,5672,12
1730181600,198.427,198.477,198.29,198.336,4930,12
1730185200,198.336,198.339,198.127,198.207,4525,15
1730188800,198.209,198.256,198.028,198.117,5278,12
1730192400,198.123,198.459,198.11,198.425,4700,13
1730196000,198.432,198.787,198.401,198.665,5793,12
1730199600,198.667,199.27,198.667,199.161,8049,12
1730203200,199.161,199.232,199.009,199.111,6084,12
1730206800,199.112,199.282,199.018,199.119,5231,12
1730210400,199.121,199.553,199.055,199.553,6155,13
1730214000,199.555,199.682,199.469,199.538,7300,12
1730217600,199.538,199.584,199.275,199.387,7819,12
1730221200,199.379,199.464,198.85,199.339,10963,12
1730224800,199.338,199.665,199.322,199.593,9037,12
1730228400,199.594,199.605,199.45,199.594,7095,12
1730232000,199.594,199.671,199.359,199.409,6492,12
1730235600,199.409,199.707,199.396,199.519,4977,12
1730239200,199.518,199.613,199.471,199.536,4665,12
1730242800,199.535,199.617,199.507,199.567,3167,12
1730246400,199.519,199.565,199.364,199.474,454,70
1730250000,199.459,199.572,199.365,199.44,1361,20
1730253600,199.437,199.523,199.314,199.411,2051,14
1730257200,199.411,199.505,199.188,199.42,5331,12
1730260800,199.419,199.485,199.278,199.333,5257,13
1730264400,199.334,199.566,199.3,199.394,4659,13
1730268000,199.394,199.434,199.246,199.316,4359,15
1730271600,199.316,199.34,199.13,199.332,3590,12
1730275200,199.331,199.344,199.116,199.197,3920,12
1730278800,199.197,199.565,199.192,199.384,5042,12
1730282400,199.401,199.506,199.315,199.448,5378,12
1730286000,199.443,199.533,198.929,198.97,7860,12
1730289600,198.977,199.364,198.908,198.983,7802,12
1730293200,198.978,198.989,198.261,198.379,6414,12
1730296800,198.379,198.5,198.196,198.491,5753,12
1730300400,198.493,198.827,198.321,198.575,9001,12
1730304000,198.583,198.955,198.461,198.756,10145,12
1730307600,198.755,199.8,198.755,199.162,10590,12
1730311200,199.161,199.557,199.125,199.277,9023,12
1730314800,199.274,199.338,198.933,198.979,7362,13
1730318400,198.974,199.118,198.781,198.853,6068,12
1730322000,198.853,198.994,198.771,198.953,5311,13
1730325600,198.954,199.021,198.776,198.814,6086,15
1730329200,198.811,198.903,198.757,198.84,4737,13
1730332800,198.688,198.796,198.629,198.734,425,77
1730336400,198.719,198.719,198.537,198.636,1278,18
1730340000,198.642,198.747,198.527,198.554,1636,14
1730343600,198.554,198.864,198.395,198.799,4523,12
1730347200,198.797,198.897,198.604,198.684,5233,12
1730350800,198.684,198.819,198.28,198.572,4935,12
1730354400,198.572,198.591,198.048,198.179,4231,13
1730358000,198.182,198.221,197.868,198.017,4275,13
1730361600,198.015,198.226,197.986,198.006,4144,12
1730365200,198.008,198.186,197.261,197.416,5825,12
1730368800,197.416,198.148,197.208,197.85,9083,12
1730372400,197.853,197.87,197.175,197.803,8450,12
1730376000,197.803,198.056,197.467,198.043,6523,12
1730379600,198.046,198.097,197.757,197.971,6605,13
1730383200,197.965,198.397,197.965,198.195,6199,12
1730386800,198.197,198.381,197.995,198.157,9045,12
1730390400,198.169,198.62,197.658,197.861,9614,12
1730394000,197.863,197.883,196.622,196.685,11532,12
1730397600,196.674,196.674,195.365,195.851,11685,12
1730401200,195.848,196.359,195.704,196.096,9416,12
1730404800,196.095,196.178,195.612,195.686,6619,12
1730408400,195.686,195.873,195.556,195.854,7483,12
1730412000,195.854,196.078,195.771,195.868,7373,16
1730415600,195.869,196.155,195.86,196.095,4737,12
1730419200,196.007,196.09,195.986,196.021,270,47
1730422800,196.033,196.27,196.033,196.176,1423,12
1730426400,196.178,196.188,195.763,195.992,4098,13
1730430000,195.989,196.153,195.868,196.041,6401,12
1730433600,196.041,196.33,195.94,196.168,6265,12
1730437200,196.168,196.39,196.086,196.363,5179,12
1730440800,196.363,196.597,196.272,196.597,4542,12
1730444400,196.597,196.774,196.582,196.659,3489,12
1730448000,196.663,196.774,196.547,196.602,5162,12
1730451600,196.604,196.776,196.448,196.55,5252,12
1730455200,196.549,196.791,196.302,196.738,6331,12
1730458800,196.736,197.137,196.698,196.96,7109,13
1730462400,196.964,197.352,196.928,197.212,5670,12
1730466000,197.213,197.331,197.107,197.124,5242,12
1730469600,197.126,197.323,197.004,197.242,5393,13
1730473200,197.239,197.492,196.748,196.926,9936,12
1730476800,196.922,197.888,196.856,197.465,10750,12
1730480400,197.549,198.307,197.471,198.25,9912,12
1730484000,198.247,198.368,198.038,198.194,8275,12
1730487600,198.191,198.252,197.926,198.08,6544,12
1730491200,198.079,198.12,197.654,197.666,6409,12
1730494800,197.664,197.761,197.572,197.713,5375,12
1730498400,197.718,197.803,197.615,197.628,5485,13
1730502000,197.626,197.753,197.427,197.509,4688,13
1730678400,197.525,197.834,197.366,197.592,997,30
1730682000,197.565,197.569,197.207,197.241,3315,15
1730685600,197.231,197.261,197.006,197.105,4475,15
1730689200,197.108,197.186,196.87,196.937,6042,13
1730692800,196.936,197.177,196.907,197.056,5572,13
1730696400,197.056,197.172,196.934,197.15,5638,13
1730700000,197.151,197.256,197.082,197.19,3493,16
1730703600,197.19,197.348,197.172,197.282,4305,15
1730707200,197.284,197.611,197.236,197.601,5717,13
1730710800,197.59,197.719,197.346,197.365,6685,12
1730714400,197.374,197.488,196.988,197.138,8076,12
1730718000,197.145,197.172,196.779,197.007,6758,12
1730721600,197.01,197.178,196.717,196.772,5486,12
1730725200,196.771,196.783,196.485,196.661,5512,15
1730728800,196.664,196.886,196.565,196.873,5736,12
1730732400,196.876,197.164,196.83,196.913,7023,13
1730736000,196.911,197.168,196.678,196.996,8191,12
1730739600,196.996,197.469,196.987,197.285,7869,12
1730743200,197.285,197.316,196.62,196.727,7286,13
1730746800,196.723,197.044,196.626,196.94,5793,12
1730750400,196.937,197.151,196.862,196.987,5879,13
1730754000,196.987,197.143,196.985,197.085,4950,12
1730757600,197.077,197.109,197.012,197.065,4694,16
1730761200,197.073,197.15,197.054,197.107,2551,13
1730764800,196.943,197.11,196.916,197.054,475,62
1730768400,197.057,197.27,197.057,197.248,1186,21
1730772000,197.243,197.391,197.003,197.262,4677,13
1730775600,197.27,197.448,197.171,197.266,4795,12
1730779200,197.263,197.332,197.187,197.266,4327,13
1730782800,197.268,197.452,197.237,197.384,3419,13
1730786400,197.384,197.623,197.377,197.527,3792,13
1730790000,197.525,197.694,197.458,197.533,3538,13
1730793600,197.53,197.578,197.319,197.52,4092,12
1730797200,197.519,197.631,197.499,197.59,5225,12
1730800800,197.598,197.711,197.518,197.548,6009,12
1730804400,197.542,197.649,197.391,197.559,5069,12
1730808000,197.561,197.686,197.477,197.656,4349,12
1730811600,197.651,197.747,197.59,197.658,3310,16
1730815200,197.668,197.838,197.499,197.763,4245,12
1730818800,197.764,197.765,197.267,197.394,5550,12
1730822400,197.395,197.704,197.332,197.497,6965,12
1730826000,197.548,197.809,197.369,197.676,9741,12
1730829600,197.678,197.867,197.583,197.757,7106,14
1730833200,197.758,197.762,197.495,197.686,5453,16
1730836800,197.687,197.706,197.277,197.392,5947,12
1730840400,197.394,197.497,197.098,197.184,5002,13
1730844000,197.187,197.409,197.142,197.397,4308,14
1730847600,197.4,197.76,197.345,197.578,1893,14
1730851200,197.549,197.614,197.326,197.469,753,93
1730854800,197.486,197.856,197.459,197.495,3714,26
1730858400,197.493,198.229,197.316,198.163,11003,12
1730862000,198.148,198.371,198.018,198.28,11504,12
1730865600,198.271,199.042,198.19,198.806,12034,12
1730869200,198.808,199.037,198.195,198.387,12673,12
1730872800,198.381,198.521,198.106,198.265,10254,17
1730876400,198.265,198.271,197.877,198.138,11579,16
1730880000,198.129,198.421,197.857,198.141,10642,12
1730883600,198.151,198.338,197.858,198.055,12330,12
1730887200,198.048,198.869,198.026,198.814,11127,12
1730890800,198.816,198.891,198.446,198.656,9109,12
1730894400,198.649,198.817,198.471,198.483,7912,12
1730898000,198.484,198.542,198.155,198.265,9012,13
1730901600,198.259,198.559,198.207,198.469,9970,12
1730905200,198.463,198.561,198.152,198.492,10446,12
1730908800,198.492,198.603,198.187,198.366,10135,12
1730912400,198.379,198.949,198.262,198.946,12269,12
1730916000,198.944,199.384,198.715,199.342,9763,12
1730919600,199.344,199.511,199.215,199.35,7445,12
1730923200,199.347,199.489,199.239,199.298,7637,12
1730926800,199.298,199.305,199.004,199.075,6132,15
1730930400,199.077,199.258,199.073,199.179,4687,16
1730934000,199.179,199.269,199.126,199.129,2055,17
1730937600,199.129,199.129,198.888,198.941,224,50
1730941200,198.937,199.008,198.683,198.782,2364,15
1730944800,198.78,199.306,198.751,199.098,6697,12
1730948400,199.106,199.276,198.919,199.142,7809,12
1730952000,199.143,199.437,198.987,199.388,6372,12
1730955600,199.391,199.552,199.322,199.403,5051,15
1730959200,199.409,199.46,198.953,199.192,4414,13
1730962800,199.193,199.413,199.109,199.132,4118,12
1730966400,199.131,199.357,199.055,199.057,5806,13
1730970000,199.057,199.149,198.888,199.119,9104,12
1730973600,199.116,199.236,198.962,199.12,8626,12
1730977200,199.12,199.15,198.688,198.695,6805,12
1730980800,198.695,198.83,198.571,198.75,5747,12
1730984400,198.747,198.87,198.688,198.804,5364,12
1730988000,198.782,199.37,198.695,199.209,9384,12
1730991600,199.209,199.368,198.99,199.111,10099,13
1730995200,199.115,199.216,198.901,199.055,9488,12
1730998800,199.059,199.103,198.607,198.781,9963,12
1731002400,198.782,198.934,198.613,198.821,7644,12
1731006000,198.819,198.837,198.65,198.758,5096,15
1731009600,198.755,198.763,198.334,198.393,4756,12
1731013200,198.414,198.744,198.299,198.463,10903,12
1731016800,198.463,198.661,198.312,198.435,9108,14
1731020400,198.434,198.628,198.339,198.583,3226,12
1731024000,198.488,198.629,198.446,198.604,427,68
1731027600,198.621,198.882,198.568,198.856,2148,12
1731031200,198.843,198.918,198.546,198.727,5241,15
1731034800,198.725,198.88,198.547,198.598,6817,12
1731038400,198.598,198.629,198.421,198.52,5975,12
1731042000,198.52,198.545,198.07,198.104,4777,12
1731045600,198.102,198.105,197.816,198.048,4969,14
1731049200,198.049,198.326,198.029,198.173,4154,14
1731052800,198.18,198.299,197.998,198.11,5752,14
1731056400,198.103,198.31,197.859,197.884,7072,12
1731060000,197.882,197.935,197.287,197.391,10585,12
1731063600,197.391,197.66,197.311,197.348,7272,12
1731067200,197.348,197.466,197.105,197.253,7396,12
1731070800,197.247,197.702,197.223,197.652,5655,14
1731074400,197.651,197.69,197.218,197.224,6608,13
1731078000,197.219,197.673,197.157,197.662,8144,12
1731081600,197.66,197.819,197.338,197.515,8600,12
1731085200,197.493,197.636,197.038,197.2,9376,12
1731088800,197.2,197.356,196.838,196.866,8062,12
1731092400,196.853,196.985,196.731,196.871,6992,12
1731096000,196.872,197.131,196.872,197.051,4954,12
1731099600,197.049,197.225,197.032,197.136,4855,12
1731103200,197.136,197.229,197.029,197.054,5265,13
1731106800,197.042,197.212,197.0,197.113,2442,13
1731283200,197.067,197.178,196.746,197.009,799,112
1731286800,197.08,197.53,197.079,197.476,2444,16
1731290400,197.491,197.768,197.423,197.766,4596,14
1731294000,197.768,197.925,197.713,197.924,5047,12
1731297600,197.928,198.181,197.825,198.14,4744,13
1731301200,198.141,198.193,198.058,198.153,3331,16
1731304800,198.152,198.305,198.053,198.291,2849,12
1731308400,198.289,198.417,198.194,198.277,3846,12
1731312000,198.276,198.313,198.123,198.144,3694,12
1731315600,198.144,198.226,197.838,198.111,6766,12
1731319200,198.111,198.453,198.08,198.335,6799,12
1731322800,198.339,198.424,197.919,198.169,6282,15
1731326400,198.167,198.349,197.987,197.996,5054,12
1731330000,197.996,198.163,197.923,198.112,5258,12
1731333600,198.112,198.236,198.008,198.093,4736,12
1731337200,198.092,198.176,197.839,197.844,6922,13
1731340800,197.844,198.049,197.715,197.948,6996,12
1731344400,197.948,198.088,197.866,197.998,6751,12
1731348000,198.0,198.066,197.902,197.959,5094,14
1731351600,197.959,198.069,197.882,197.94,4101,14
1731355200,197.932,197.932,197.702,197.861,3446,15
1731358800,197.861,197.873,197.743,197.766,3031,14
1731362400,197.766,197.812,197.653,197.687,2913,16
1731366000,197.689,197.84,197.658,197.789,1390,12
1731369600,197.789,197.841,197.62,197.813,246,58
1731373200,197.813,197.849,197.546,197.63,1890,16
1731376800,197.626,197.905,197.557,197.839,4851,12
1731380400,197.839,198.049,197.808,198.008,5822,12
1731384000,197.994,198.012,197.578,197.641,5606,16
1731387600,197.641,197.656,197.305,197.312,4375,13
1731391200,197.312,197.312,197.073,197.152,4325,13
1731394800,197.152,197.153,196.951,197.12,4845,12
1731398400,197.124,197.244,197.039,197.193,5305,12
1731402000,197.203,197.283,196.923,197.102,7043,12
1731405600,197.105,197.425,196.877,197.421,8102,12
1731409200,197.417,197.63,197.233,197.613,7237,15
1731412800,197.613,197.64,197.288,197.462,5845,12
1731416400,197.459,197.636,197.404,197.526,4785,12
1731420000,197.528,197.756,197.392,197.53,6381,12
1731423600,197.529,197.786,197.479,197.754,7748,12
1731427200,197.752,197.818,197.343,197.49,6757,12
1731430800,197.49,197.496,197.01,197.203,9187,12
1731434400,197.202,197.243,196.928,197.018,8248,12
1731438000,197.018,197.197,196.949,197.079,7110,15
1731441600,197.08,197.24,197.067,197.174,5495,15
1731445200,197.174,197.21,197.066,197.083,4132,16
1731448800,197.086,197.16,196.979,197.015,4802,14
1731452400,197.016,197.179,196.975,197.078,2334,13
1731456000,196.926,197.17,196.918,196.972,584,63
1731459600,196.972,197.038,196.851,196.975,2291,16
1731463200,196.979,197.333,196.971,197.313,5967,12
1731466800,197.313,197.428,197.081,197.112,6759,12
1731470400,197.112,197.334,197.021,197.332,4835,12
1731474000,197.332,197.384,197.229,197.275,4231,12
1731477600,197.277,197.381,197.182,197.347,3765,13
1731481200,197.348,197.444,197.197,197.405,4594,12
1731484800,197.397,197.621,197.394,197.563,5697,12
1731488400,197.558,197.619,197.286,197.538,5693,12
1731492000,197.535,197.712,197.473,197.559,6576,12
1731495600,197.561,197.638,197.367,197.504,6143,12
1731499200,197.504,197.565,197.313,197.457,4830,13
1731502800,197.457,197.544,197.336,197.454,4532,12
1731506400,197.449,197.518,197.336,197.446,6158,13
1731510000,197.444,197.568,196.914,197.059,10079,13
1731513600,197.058,197.085,196.652,196.772,11942,12
1731517200,196.763,197.222,196.648,197.194,12223,12
1731520800,197.197,197.449,197.153,197.33,8638,12
1731524400,197.33,197.598,197.306,197.517,6492,12
1731528000,197.519,197.694,197.447,197.683,5087,12
1731531600,197.683,197.803,197.552,197.61,5230,12
1731535200,197.61,197.701,197.57,197.655,4260,17
1731538800,197.656,197.717,197.499,197.545,3262,12
1731542400,197.545,197.545,197.27,197.458,1010,70
1731546000,197.458,197.602,197.381,197.482,1656,23
1731549600,197.482,197.932,197.473,197.845,4425,12
1731553200,197.838,197.982,197.748,197.851,5926,12
1731556800,197.848,197.964,197.763,197.872,4428,13
1731560400,197.872,197.872,197.671,197.785,3937,16
1731564000,197.783,197.977,197.746,197.914,3296,13
1731567600,197.916,197.975,197.774,197.938,4070,13
1731571200,197.938,197.969,197.731,197.774,4915,14
1731574800,197.764,197.825,197.619,197.699,6008,12
1731578400,197.702,197.783,197.43,197.572,6733,12
1731582000,197.571,197.689,197.473,197.577,6776,12
1731585600,197.574,197.616,197.281,197.29,6404,12
1731589200,197.29,197.385,197.072,197.374,6598,12
1731592800,197.365,197.588,197.219,197.558,5736,12
1731596400,197.558,197.631,197.39,197.466,9401,13
1731600000,197.466,197.812,197.429,197.706,10502,12
1731603600,197.705,198.235,197.648,198.174,10220,12
1731607200,198.171,198.21,197.976,198.152,7046,12
1731610800,198.152,198.21,197.754,197.836,5680,12
1731614400,197.836,197.897,197.722,197.759,4621,12
1731618000,197.757,197.883,197.726,197.806,4218,12
1731621600,197.809,197.974,197.69,197.818,10032,12
1731625200,197.818,197.998,197.763,197.895,4238,15
1731628800,197.895,197.919,197.752,197.902,830,63
1731632400,197.887,198.23,197.851,198.2,2387,16
1731636000,198.199,198.436,198.135,198.31,5835,13
1731639600,198.31,198.327,198.003,198.269,6794,12
1731643200,198.26,198.339,198.088,198.223,5442,15
1731646800,198.224,198.378,198.143,198.367,4069,16
1731650400,198.368,198.411,198.106,198.216,3823,13
1731654000,198.211,198.302,198.144,198.295,3996,13
1731657600,198.295,198.356,197.907,197.954,5682,16
1731661200,197.943,198.047,197.309,197.31,6627,12
1731664800,197.306,197.325,196.733,196.923,7940,12
1731668400,196.925,197.232,196.458,196.562,7168,12
1731672000,196.562,196.917,196.476,196.842,6540,12
1731675600,196.835,197.365,196.706,197.312,5472,12
1731679200,197.312,197.341,196.954,196.982,5421,12
1731682800,196.982,197.01,196.469,196.481,10502,12
1731686400,196.478,196.817,196.209,196.531,11019,12
1731690000,196.533,196.566,195.443,195.666,10769,12
1731693600,195.666,195.752,195.04,195.207,10373,12
1731697200,195.207,195.296,194.669,194.802,7534,12
1731700800,194.803,194.826,194.284,194.398,6482,15
1731704400,194.399,194.756,194.372,194.488,6682,12
1731708000,194.486,194.571,194.387,194.495,6593,13
1731711600,194.492,194.847,194.492,194.607,4009,15
1731888000,194.757,195.004,194.486,194.927,1300,97
1731891600,194.908,195.242,194.714,195.133,2873,15
1731895200,195.134,195.157,194.35,194.969,6680,12
1731898800,194.968,195.984,194.774,195.333,9455,12
1731902400,195.329,195.704,195.304,195.493,6294,13
1731906000,195.493,195.594,195.213,195.238,5039,12
1731909600,195.238,195.367,194.997,195.364,4272,12
1731913200,195.364,195.451,195.048,195.245,5076,12
1731916800,195.245,195.363,194.999,195.362,5707,12
1731920400,195.362,195.476,195.017,195.153,7050,12
1731924000,195.154,195.531,195.069,195.525,8549,12
1731927600,195.525,195.547,195.158,195.471,8057,12
1731931200,195.47,195.758,195.418,195.754,7128,13
1731934800,195.753,195.801,195.526,195.647,6235,12
1731938400,195.646,196.074,195.624,196.02,6530,12
1731942000,196.022,196.133,195.539,195.557,7966,12
1731945600,195.558,195.665,195.326,195.525,8562,12
1731949200,195.537,195.928,195.49,195.899,8336,12
1731952800,195.899,196.142,195.841,195.985,7287,12
1731956400,195.982,196.094,195.863,195.929,6189,12
1731960000,195.924,196.085,195.914,196.062,5345,14
1731963600,196.061,196.139,195.909,196.065,5341,12
1731967200,196.065,196.084,195.934,195.948,4357,14
1731970800,195.948,196.109,195.906,196.064,2513,12
1731974400,195.884,196.072,195.852,196.044,428,80
1731978000,196.044,196.074,195.739,196.02,1343,13
1731981600,196.02,196.022,195.483,195.557,5695,12
1731985200,195.56,195.576,195.212,195.36,6218,12
1731988800,195.36,195.477,195.207,195.415,5001,12
1731992400,195.414,195.572,195.215,195.568,4646,13
1731996000,195.569,195.81,195.523,195.705,4010,12
1731999600,195.712,195.747,195.502,195.636,4253,12
1732003200,195.641,195.91,195.567,195.863,4779,12
1732006800,195.869,195.991,195.715,195.824,6519,12
1732010400,195.824,195.87,193.953,194.564,10986,12
1732014000,194.564,194.996,193.562,194.153,12300,12
1732017600,194.153,194.422,193.916,194.293,9221,12
1732021200,194.293,194.789,194.127,194.666,7123,12
1732024800,194.664,194.882,194.545,194.683,6807,12
1732028400,194.676,194.793,193.824,193.912,9073,12
1732032000,193.912,194.987,193.86,194.698,12090,12
1732035600,194.697,195.169,194.549,194.972,10862,12
1732039200,194.968,195.665,194.919,195.488,8414,12
1732042800,195.491,196.108,195.441,196.043,6443,12
1732046400,196.045,196.077,195.876,195.972,5294,12
1732050000,195.971,196.099,195.954,196.088,4390,13
1732053600,196.084,196.191,196.047,196.094,3646,15
1732057200,196.093,196.211,196.079,196.125,1955,13
1732060800,196.125,196.125,195.917,195.965,549,46
1732064400,195.965,196.41,195.923,196.392,2161,12
1732068000,196.396,196.617,196.222,196.541,5554,12
1732071600,196.541,196.615,196.282,196.394,5192,12
1732075200,196.396,196.603,196.336,196.5,4528,12
1732078800,196.501,196.552,196.439,196.501,3496,15
1732082400,196.501,196.751,196.484,196.712,3314,12
1732086000,196.716,196.832,196.644,196.832,3500,14
1732089600,196.831,197.244,196.775,197.062,4657,12
1732093200,197.043,197.78,196.895,197.602,7450,12
1732096800,197.602,197.687,197.246,197.278,7290,12
1732100400,197.278,197.59,197.186,197.318,6500,14
1732104000,197.318,197.376,197.156,197.17,6000,12
1732107600,197.167,197.326,197.058,197.325,5414,14
1732111200,197.323,197.482,197.197,197.199,5896,12
1732114800,197.199,197.392,197.132,197.363,6941,12
1732118400,197.363,197.378,196.443,196.7,8612,12
1732122000,196.693,196.871,196.195,196.781,10221,12
1732125600,196.783,196.934,196.11,196.348,8301,12
1732129200,196.347,196.588,196.187,196.414,5713,12
1732132800,196.408,196.583,196.351,196.489,5365,12
1732136400,196.493,196.517,196.34,196.493,4286,13
1732140000,196.492,196.655,196.472,196.62,4448,14
1732143600,196.618,196.713,196.51,196.51,3306,12
1732147200,196.489,196.593,196.45,196.51,402,65
1732150800,196.488,196.556,196.389,196.505,1495,16
1732154400,196.499,196.542,196.044,196.233,5739,12
1732158000,196.232,196.275,196.013,196.196,5427,12
1732161600,196.196,196.281,195.96,196.092,4201,12
1732165200,196.089,196.194,196.007,196.11,3890,12
1732168800,196.11,196.252,196.041,196.209,2971,13
1732172400,196.209,196.415,196.17,196.308,4277,12
1732176000,196.307,196.307,195.573,195.816,6309,12
1732179600,195.82,196.033,195.42,195.926,9176,12
1732183200,195.929,196.107,195.113,195.216,10470,12
1732186800,195.217,195.217,194.522,195.028,10172,12
1732190400,195.028,195.098,194.715,195.026,7285,13
1732194000,195.025,195.416,194.984,195.29,6591,12
1732197600,195.281,195.536,195.046,195.202,6995,13
1732201200,195.202,195.428,194.903,195.078,8974,12
1732204800,195.079,195.289,194.36,194.732,10343,12
1732208400,194.738,194.986,194.522,194.71,10617,12
1732212000,194.703,194.869,194.553,194.631,10708,12
1732215600,194.631,194.695,194.416,194.586,8201,12
1732219200,194.586,194.941,194.586,194.743,5526,13
1732222800,194.741,194.785,194.608,194.693,5007,12
1732226400,194.691,194.736,194.595,194.602,4367,15
1732230000,194.602,194.627,194.467,194.533,2386,13
1732233600,194.349,194.502,194.327,194.487,706,79
1732237200,194.45,194.496,193.969,193.992,3067,14
1732240800,193.989,194.412,193.778,194.296,6685,12
1732244400,194.296,194.432,194.18,194.371,5644,15
1732248000,194.369,194.465,194.228,194.326,4313,16
1732251600,194.324,194.476,194.049,194.119,4703,13
1732255200,194.119,194.363,194.119,194.33,4168,12
1732258800,194.332,194.47,194.203,194.433,5111,12
1732262400,194.434,194.801,194.372,194.713,5262,12
1732266000,194.688,194.688,194.312,194.519,7557,12
1732269600,194.517,194.793,193.947,193.963,10121,12
1732273200,193.963,193.965,192.952,193.31,11387,12
1732276800,193.295,193.487,192.845,193.422,8526,12
1732280400,193.422,193.505,193.007,193.078,6517,12
1732284000,193.069,193.331,193.066,193.299,6465,12
1732287600,193.299,193.382,193.014,193.14,8781,12
1732291200,193.147,194.028,193.143,193.85,9528,12
1732294800,193.85,194.099,193.595,194.03,11347,12
1732298400,194.027,194.069,193.615,193.642,8001,12
1732302000,193.642,193.967,193.609,193.904,5429,13
1732305600,193.901,193.972,193.804,193.815,4746,13
1732309200,193.815,193.94,193.707,193.889,4057,12
1732312800,193.894,194.039,193.838,194.01,4535,12
1732316400,194.012,194.042,193.765,193.835,2739,15
1732492800,193.972,194.291,193.901,194.12,1495,78
1732496400,194.126,194.307,193.883,194.112,4664,16
1732500000,194.112,194.24,193.763,194.206,6506,12
1732503600,194.227,194.291,193.548,193.651,6713,12
1732507200,193.651,193.799,193.487,193.746,5405,12
1732510800,193.746,193.904,193.592,193.86,5183,12
1732514400,193.862,194.136,193.849,194.08,4237,12
1732518000,194.075,194.384,194.074,194.277,4750,12
1732521600,194.277,194.619,194.173,194.419,5544,12
1732525200,194.408,194.414,193.967,194.27,7113,12
1732528800,194.271,194.41,193.959,194.301,8911,12
1732532400,194.302,194.443,194.124,194.16,7663,12
1732536000,194.163,194.261,194.1,194.242,6063,13
1732539600,194.241,194.268,194.046,194.127,5041,12
1732543200,194.125,194.171,193.763,193.841,6205,13
1732546800,193.84,194.193,193.574,194.116,9368,12
1732550400,194.117,194.15,193.443,193.491,10684,12
1732554000,193.492,193.778,193.259,193.737,9126,12
1732557600,193.74,194.003,193.586,193.641,8302,12
1732561200,193.641,193.758,193.568,193.732,6172,14
1732564800,193.731,193.799,193.64,193.785,5701,12
1732568400,193.784,193.841,193.642,193.809,4757,12
1732572000,193.811,193.87,193.657,193.705,4426,13
1732575600,193.704,193.834,193.702,193.742,2520,17
1732579200,193.742,193.821,193.591,193.675,560,81
1732582800,193.675,193.718,193.258,193.457,5205,12
1732586400,193.46,193.485,192.669,192.715,9992,12
1732590000,192.715,193.088,192.527,192.967,8632,13
1732593600,192.967,193.18,192.773,192.964,5738,12
1732597200,192.964,193.063,192.801,192.921,4846,12
1732600800,192.917,193.256,192.877,193.098,3907,12
1732604400,193.089,193.125,192.676,192.878,4434,13
1732608000,192.878,193.274,192.773,193.27,5547,12
1732611600,193.27,193.543,193.207,193.211,7935,12
1732615200,193.21,193.267,192.905,193.264,8743,12
1732618800,193.264,193.72,193.26,193.499,7633,12
1732622400,193.492,193.649,193.472,193.57,5873,12
1732626000,193.573,193.602,193.404,193.504,5206,12
1732629600,193.503,193.503,192.849,193.195,8216,12
1732633200,193.195,193.256,192.823,193.044,8990,12
1732636800,193.041,193.283,192.99,193.007,9067,12
1732640400,193.013,193.12,192.776,192.788,9916,12
1732644000,192.79,192.948,192.39,192.525,8579,12
1732647600,192.526,192.546,192.107,192.219,6228,16
1732651200,192.214,192.383,192.099,192.233,5494,13
1732654800,192.281,192.288,192.067,192.084,7129,12
1732658400,192.085,192.255,192.032,192.205,5258,12
1732662000,192.211,192.472,192.211,192.408,2871,12
1732665600,192.408,192.41,192.292,192.34,1342,75
1732669200,192.34,192.61,192.281,192.281,2082,15
1732672800,192.292,192.403,192.074,192.239,5481,12
1732676400,192.243,192.382,191.778,191.821,6465,12
1732680000,191.822,192.04,191.791,191.927,4701,12
1732683600,191.92,191.925,191.572,191.649,4320,12
1732687200,191.649,191.668,191.383,191.486,3755,12
1732690800,191.485,191.644,191.362,191.573,4257,12
1732694400,191.576,191.611,191.2,191.213,5205,13
1732698000,191.215,191.467,191.175,191.331,7595,13
1732701600,191.333,191.334,190.924,191.275,10117,12
1732705200,191.273,191.331,190.728,190.911,7836,12
1732708800,190.906,191.044,190.679,190.964,7317,12
1732712400,190.957,191.108,190.912,191.015,5875,12
1732716000,191.016,191.449,190.831,191.28,6596,12
1732719600,191.28,191.636,191.255,191.614,9183,12
1732723200,191.617,191.675,191.132,191.514,9278,12
1732726800,191.488,191.846,191.439,191.543,10637,12
1732730400,191.547,191.879,190.934,191.026,9481,12
1732734000,191.026,191.233,190.878,191.076,7447,12
1732737600,191.066,191.255,190.982,191.221,5121,12
1732741200,191.221,191.414,191.21,191.382,4982,14
1732744800,191.379,191.609,191.377,191.559,5358,15
1732748400,191.561,191.681,191.544,191.544,2485,16
1732752000,191.544,191.544,191.143,191.361,833,71
1732755600,191.361,191.895,191.309,191.852,2018,13
1732759200,191.85,192.234,191.724,192.179,4952,12
1732762800,192.179,192.244,191.883,191.892,6155,12
1732766400,191.891,192.036,191.788,191.871,4922,12
1732770000,191.871,192.112,191.841,191.995,3633,16
1732773600,192.005,192.055,191.866,192.051,3264,12
1732777200,192.051,192.13,191.841,191.909,3624,16
1732780800,191.909,192.011,191.593,191.863,4612,12
1732784400,191.858,192.033,191.804,191.99,5919,14
1732788000,191.985,192.187,191.892,192.055,7465,12
1732791600,192.055,192.264,191.993,192.149,6633,15
1732795200,192.149,192.432,192.1,192.324,4415,12
1732798800,192.324,192.466,192.235,192.307,4145,12
1732802400,192.309,192.317,192.068,192.218,4349,13
1732806000,192.213,192.228,191.902,191.933,5098,12
1732809600,191.933,192.106,191.813,192.062,4902,12
1732813200,192.063,192.176,191.973,192.149,5406,12
1732816800,192.148,192.24,192.052,192.18,2663,13
1732820400,192.179,192.243,192.156,192.195,1773,12
1732824000,192.193,192.258,192.156,192.246,975,15
1732827600,192.247,192.28,192.202,192.234,338,21
1732831200,192.234,192.261,192.176,192.178,515,23
1732834800,192.14,192.281,192.124,192.187,550,25
1732838400,192.187,192.278,192.091,192.248,514,70
1732842000,192.248,192.297,191.632,191.934,2524,13
1732845600,191.931,191.949,191.193,191.253,6426,12
1732849200,191.254,191.261,190.318,190.442,9406,12
1732852800,190.444,191.086,190.443,190.818,6671,13
1732856400,190.818,191.082,190.75,190.816,4656,13
1732860000,190.817,190.823,190.431,190.646,4826,12
1732863600,190.646,190.953,190.566,190.718,4740,12
1732867200,190.713,190.949,190.675,190.853,4711,12
1732870800,190.853,190.942,190.538,190.817,7900,12
1732874400,190.824,190.972,190.666,190.795,7592,12
1732878000,190.793,190.816,190.532,190.58,6932,12
1732881600,190.575,190.793,190.25,190.366,6493,12
1732885200,190.365,190.522,190.152,190.508,5528,12
1732888800,190.508,190.68,190.389,190.659,5860,12
1732892400,190.66,190.717,190.139,190.225,6660,12
1732896000,190.225,190.37,190.174,190.25,8058,12
1732899600,190.25,190.967,190.207,190.848,9177,12
1732903200,190.848,191.245,190.77,190.973,7594,12
1732906800,190.973,191.039,190.281,190.344,6077,12
1732910400,190.344,190.57,190.3,190.442,5707,12
1732914000,190.442,190.593,190.286,190.577,6426,12
1732917600,190.58,190.724,190.526,190.71,8564,12
1732921200,190.71,190.724,190.517,190.517,4989,12
1733097600,190.368,190.547,190.268,190.418,1201,75
1733101200,190.395,190.581,190.184,190.327,4733,17
1733104800,190.34,190.77,190.301,190.652,6808,12
1733108400,190.656,191.056,190.608,191.022,7120,12
1733112000,191.021,191.148,190.928,191.069,6130,12
1733115600,191.077,191.219,190.958,190.994,4131,15
1733119200,190.994,191.175,190.953,191.092,4562,13
1733122800,191.094,191.278,191.027,191.2,5128,12
1733126400,191.2,191.201,190.851,190.979,5952,12
1733130000,190.965,191.068,190.262,190.55,8485,12
1733133600,190.55,190.791,190.437,190.687,8400,12
1733137200,190.692,191.075,190.533,190.983,7008,12
1733140800,190.983,191.1,190.78,190.788,7223,12
1733144400,190.789,191.042,190.768,190.845,5516,16
1733148000,190.844,190.858,190.072,190.147,6860,12
1733151600,190.144,190.551,190.144,190.364,8188,12
1733155200,190.359,190.405,189.45,189.477,9210,12
1733158800,189.565,189.661,189.146,189.249,11359,12
1733162400,189.247,189.375,188.465,188.596,10141,12
1733166000,188.596,189.165,188.579,189.143,6487,12
1733169600,189.146,189.383,189.122,189.236,4904,12
1733173200,189.23,189.275,189.097,189.136,4787,13
1733176800,189.136,189.274,189.019,189.225,6180,12
1733180400,189.223,189.298,189.188,189.188,2816,14
1733184000,189.188,189.294,189.062,189.198,382,26
1733187600,189.198,189.589,189.18,189.256,2610,18
1733191200,189.265,189.688,189.235,189.584,5147,14
1733194800,189.584,189.61,189.315,189.525,6249,14
1733198400,189.525,189.616,189.388,189.451,4437,13
1733202000,189.452,189.874,189.429,189.803,3836,12
1733205600,189.803,189.921,189.769,189.837,3250,14
1733209200,189.837,189.904,189.686,189.738,3443,16
1733212800,189.738,189.924,189.649,189.87,4437,13
1733216400,189.87,190.01,189.736,189.942,6102,12
1733220000,189.941,190.372,189.84,190.244,8415,12
1733223600,190.246,190.257,189.887,189.916,6904,13
1733227200,189.914,190.239,189.864,190.041,5050,12
1733230800,190.045,190.108,189.548,189.591,5439,12
1733234400,189.59,189.605,189.239,189.268,5219,13
1733238000,189.266,189.293,188.55,188.587,7452,12
1733241600,188.584,188.842,188.196,188.424,10098,12
1733245200,188.458,188.98,188.071,188.848,11100,12
1733248800,188.85,189.302,188.797,189.004,7785,12
1733252400,189.007,189.414,188.966,189.359,6488,12
1733256000,189.36,189.397,189.06,189.229,5532,14
1733259600,189.232,189.424,189.053,189.377,4559,13
1733263200,189.378,189.448,189.305,189.383,4546,12
1733266800,189.386,189.585,189.376,189.563,2171,15
1733270400,189.422,189.552,189.371,189.532,351,75
1733274000,189.532,189.669,189.503,189.614,1815,12
1733277600,189.613,189.846,189.551,189.781,5569,12
1733281200,189.778,190.003,189.664,189.907,5774,12
1733284800,189.906,189.948,189.553,189.659,5010,13
1733288400,189.659,189.767,189.347,189.746,5109,13
1733292000,189.751,190.168,189.751,190.143,5049,12
1733295600,190.143,190.488,190.058,190.48,4570,12
1733299200,190.48,190.541,190.184,190.453,4624,12
1733302800,190.453,190.777,190.416,190.698,6807,12
1733306400,190.695,191.078,190.413,190.62,8452,12
1733310000,190.62,190.984,190.06,190.931,8939,12
1733313600,190.93,191.196,190.91,191.082,6190,13
1733317200,191.082,191.424,191.034,191.311,6560,12
1733320800,191.306,191.522,191.279,191.455,6135,13
1733324400,191.456,191.513,191.178,191.403,8571,12
1733328000,191.403,191.466,191.068,191.184,7283,12
1733331600,191.018,191.229,190.893,191.118,11309,12
1733335200,191.111,191.168,190.735,190.874,7399,12
1733338800,190.874,191.007,190.731,190.949,5584,14
1733342400,190.949,191.014,190.681,190.901,4427,14
1733346000,190.895,191.085,190.802,191.051,6754,12
1733349600,191.054,191.355,191.049,191.196,5236,13
1733353200,191.198,191.304,191.135,191.207,2590,14
1733356800,191.227,191.254,191.079,191.194,366,61
1733360400,191.194,191.492,191.161,191.196,2124,20
1733364000,191.196,191.196,190.693,190.74,4903,12
1733367600,190.741,191.306,190.689,191.125,5273,14
1733371200,191.115,191.127,190.868,190.994,4169,18
1733374800,190.982,191.02,190.825,190.992,3457,16
1733378400,190.991,191.125,190.956,191.029,2688,14
1733382000,191.033,191.04,190.412,190.617,4714,12
1733385600,190.617,190.637,190.338,190.443,5059,13
1733389200,190.453,190.811,190.453,190.661,5802,12
1733392800,190.661,191.195,190.621,191.155,7122,12
1733396400,191.16,191.215,190.986,191.211,5701,13
1733400000,191.212,191.285,190.919,190.931,5327,13
1733403600,190.932,191.203,190.909,191.173,4726,13
1733407200,191.174,191.481,191.121,191.4,6226,12
1733410800,191.398,192.059,191.338,192.037,8646,12
1733414400,192.032,192.202,191.814,191.999,8868,12
1733418000,191.995,192.001,191.515,191.661,8805,12
1733421600,191.661,191.685,191.369,191.557,6336,12
1733425200,191.558,191.582,191.192,191.35,5200,13
1733428800,191.356,191.483,191.295,191.297,4436,12
1733432400,191.303,191.394,191.156,191.371,4548,12
1733436000,191.369,191.458,191.269,191.366,3628,14
1733439600,191.362,191.53,191.317,191.327,2311,12
1733443200,191.304,191.49,191.294,191.447,990,57
1733446800,191.434,191.687,191.417,191.554,1874,17
1733450400,191.555,191.675,191.151,191.391,5089,14
1733454000,191.384,191.447,191.189,191.211,5209,13
1733457600,191.213,191.291,190.998,191.015,3905,16
1733461200,191.015,191.113,190.914,191.104,3403,15
1733464800,191.11,191.229,191.03,191.18,2778,15
1733468400,191.18,191.227,191.009,191.084,3040,16
1733472000,191.082,191.165,190.911,190.997,3879,15
1733475600,191.004,191.592,190.927,191.563,5328,12
1733479200,191.564,191.98,191.557,191.875,6397,13
1733482800,191.875,192.19,191.856,192.111,5142,12
1733486400,192.111,192.275,191.992,192.146,4979,12
1733490000,192.145,192.232,192.042,192.203,4461,16
1733493600,192.2,192.362,192.032,192.042,5638,14
1733497200,192.047,192.289,191.471,191.482,9813,12
1733500800,191.481,191.565,190.76,190.926,11560,12
1733504400,190.922,191.115,190.715,190.978,10669,12
1733508000,190.983,191.152,190.813,190.844,7731,12
1733511600,190.844,190.953,190.759,190.858,5849,14
1733515200,190.854,191.121,190.854,190.92,3636,13
1733518800,190.92,191.07,190.889,190.987,3539,13
1733522400,190.987,191.126,190.973,191.037,3383,14
1733526000,191.034,191.192,191.009,191.086,1773,12
1733702400,190.856,191.287,190.815,191.115,1550,100
1733706000,191.112,191.283,190.993,191.076,2071,13
1733709600,191.076,191.122,190.705,190.909,4865,12
1733713200,190.909,191.146,190.806,190.958,4824,13
1733716800,190.958,191.113,190.899,190.972,4136,14
1733720400,190.971,191.021,190.794,190.811,2993,19
1733724000,190.812,190.837,190.591,190.633,3210,15
1733727600,190.643,190.784,190.619,190.741,3348,15
1733731200,190.744,191.148,190.74,191.138,3807,12
1733734800,191.14,191.877,191.121,191.87,6361,12
1733738400,191.872,192.101,191.742,192.059,7595,14
1733742000,192.057,192.21,191.995,192.052,6190,13
1733745600,192.053,192.34,192.039,192.176,5263,12
1733749200,192.175,192.306,192.059,192.087,4619,14
1733752800,192.086,192.383,192.042,192.341,5228,12
1733756400,192.34,192.902,192.325,192.788,6997,13
1733760000,192.78,192.891,192.432,192.849,7261,14
1733763600,192.849,193.401,192.811,193.228,7936,12
1733767200,193.229,193.323,193.074,193.277,6151,14
1733770800,193.276,193.367,193.207,193.244,4120,13
1733774400,193.247,193.247,193.06,193.113,3832,14
1733778000,193.113,193.121,192.828,192.877,3604,12
1733781600,192.879,192.904,192.64,192.776,3646,15
1733785200,192.77,192.816,192.671,192.712,2096,17
1733788800,192.645,192.86,192.524,192.788,1264,57
1733792400,192.788,193.04,192.682,192.987,1596,20
1733796000,192.992,193.099,192.779,193.062,5117,12
1733799600,193.06,193.146,192.812,192.874,4843,12
1733803200,192.878,192.879,192.535,192.674,5157,15
1733806800,192.674,192.746,192.496,192.566,4481,12
1733810400,192.564,192.697,192.469,192.645,3842,15
1733814000,192.645,192.828,192.444,192.496,3877,14
1733817600,192.497,193.006,192.458,192.938,4198,14
1733821200,192.939,193.141,192.823,193.087,5046,12
1733824800,193.089,193.397,193.075,193.186,6560,12
1733828400,193.182,193.353,192.943,193.341,6494,12
1733832000,193.341,193.481,193.227,193.404,4950,12
1733835600,193.404,193.598,193.344,193.552,4806,12
1733839200,193.552,193.63,193.173,193.595,5188,12
1733842800,193.6,193.661,193.26,193.391,6342,13
1733846400,193.393,193.663,193.285,193.471,7659,12
1733850000,193.473,193.802,193.282,193.769,8487,12
1733853600,193.769,193.984,193.674,193.937,6055,12
1733857200,193.938,193.994,193.833,193.865,4666,12
1733860800,193.866,193.951,193.802,193.921,4361,12
1733864400,193.921,194.092,193.884,194.06,3806,12
1733868000,194.06,194.066,193.931,194.037,3870,14
1733871600,194.04,194.104,193.986,194.024,2360,14
1733875200,194.024,194.057,193.864,194.0,635,30
1733878800,194.027,194.078,193.94,194.039,1636,15
1733882400,194.033,194.049,193.8,193.826,4264,14
1733886000,193.826,193.942,193.817,193.839,4495,12
1733889600,193.839,193.871,193.508,193.508,3957,16
1733893200,193.508,193.714,193.487,193.566,3186,16
1733896800,193.566,193.571,193.42,193.469,2814,14
1733900400,193.471,193.75,193.437,193.716,3146,15
1733904000,193.716,193.786,193.572,193.75,3384,16
1733907600,193.752,193.83,192.931,193.099,8410,12
1733911200,193.099,193.364,193.079,193.291,6979,12
1733914800,193.29,194.494,192.508,194.345,9181,12
1733918400,194.344,194.363,194.001,194.14,6895,12
1733922000,194.138,194.345,194.076,194.278,5406,12
1733925600,194.277,194.553,194.27,194.478,6255,12
1733929200,194.478,194.779,194.139,194.479,9771,12
1733932800,194.464,194.534,193.845,194.062,10028,12
1733936400,194.07,194.515,193.938,194.286,10193,12
1733940000,194.286,194.445,194.28,194.396,6436,12
1733943600,194.398,194.52,194.316,194.316,4629,12
1733947200,194.318,194.476,194.248,194.425,5760,12
1733950800,194.425,194.539,194.371,194.533,4856,12
1733954400,194.537,194.546,194.44,194.489,3473,12
1733958000,194.49,194.52,194.346,194.346,2067,15
1733961600,194.346,194.346,194.169,194.321,553,63
1733965200,194.321,194.406,194.264,194.349,1623,18
1733968800,194.349,194.468,194.135,194.279,5010,13
1733972400,194.279,194.308,194.009,194.042,5250,15
1733976000,194.042,194.403,194.016,194.4,3975,15
1733979600,194.4,194.553,194.328,194.484,3262,13
1733983200,194.482,194.517,194.258,194.28,2811,15
1733986800,194.285,194.758,194.274,194.639,3949,13
1733990400,194.64,194.989,194.64,194.707,3966,14
1733994000,194.713,194.853,194.632,194.715,6266,13
1733997600,194.715,194.823,194.452,194.598,7168,12
1734001200,194.598,194.751,194.475,194.595,6414,12
1734004800,194.595,194.66,194.017,194.1,5125,12
1734008400,194.102,194.157,193.877,193.877,5574,12
1734012000,193.877,193.94,193.687,193.788,5516,12
1734015600,193.788,193.813,193.354,193.514,10275,12
1734019200,193.515,193.961,193.093,193.843,11474,12
1734022800,193.836,193.961,192.921,193.234,10277,12
1734026400,193.233,193.538,193.141,193.314,6373,12
1734030000,193.314,193.503,193.292,193.411,5453,12
1734033600,193.411,193.564,193.379,193.428,5499,14
1734037200,193.425,193.467,193.232,193.265,4402,14
1734040800,193.264,193.419,193.262,193.392,3647,12
1734044400,193.397,193.468,193.364,193.413,2487,17
1734048000,193.288,193.441,193.276,193.35,804,43
1734051600,193.351,193.46,193.269,193.424,1579,22
1734055200,193.425,193.856,193.368,193.711,4685,15
1734058800,193.711,193.76,193.423,193.491,5209,13
1734062400,193.489,193.67,193.303,193.612,4034,15
1734066000,193.615,193.774,193.566,193.581,3297,16
1734069600,193.581,193.77,193.565,193.687,2982,13
1734073200,193.688,193.763,193.56,193.611,2758,15
1734076800,193.615,193.687,193.347,193.367,3504,12
1734080400,193.367,193.367,192.85,192.925,6633,12
1734084000,192.922,193.404,192.922,193.399,6955,12
1734087600,193.396,193.981,193.346,193.896,5792,12
1734091200,193.899,194.086,193.851,194.025,5520,13
1734094800,194.027,194.323,194.027,194.246,4369,12
1734098400,194.248,194.342,194.012,194.298,5886,12
1734102000,194.302,194.454,194.063,194.142,6757,12
1734105600,194.144,194.288,193.992,194.087,6897,12
1734109200,194.087,194.092,193.636,193.828,7924,12
1734112800,193.828,194.211,193.794,194.13,6039,12
1734116400,194.123,194.13,193.964,193.967,4833,12
1734120000,193.967,194.103,193.876,194.014,3970,12
1734123600,194.014,194.077,193.88,193.896,3315,14
1734127200,193.901,193.935,193.859,193.884,2937,14
1734130800,193.888,193.971,193.693,193.776,2013,17
1734307200,193.526,193.882,193.526,193.694,1565,93
1734310800,193.696,193.891,193.696,193.748,2353,19
1734314400,193.748,194.379,193.641,194.222,3944,12
1734318000,194.223,194.48,194.167,194.464,3621,14
1734321600,194.454,194.559,194.311,194.349,2942,15
1734325200,194.349,194.371,194.209,194.3,2594,15
1734328800,194.3,194.426,194.234,194.251,2185,15
1734332400,194.252,194.322,194.114,194.16,2588,14
1734336000,194.164,194.27,194.024,194.115,3056,12
1734339600,194.115,194.231,193.909,193.936,4603,12
1734343200,193.936,194.367,193.825,194.244,6459,12
1734346800,194.251,194.742,194.232,194.61,5055,12
1734350400,194.61,194.704,194.365,194.509,4629,13
1734354000,194.511,194.585,194.435,194.526,3288,13
1734357600,194.527,195.021,194.515,194.929,4483,13
1734361200,194.929,195.127,194.888,195.049,5506,12
1734364800,195.055,195.206,194.844,195.172,7244,12
1734368400,195.174,195.874,195.111,195.724,7761,12
1734372000,195.725,195.811,195.586,195.604,6438,12
1734375600,195.6,195.657,195.483,195.495,4836,12
1734379200,195.498,195.648,195.468,195.59,2976,12
1734382800,195.59,195.612,195.372,195.482,2702,12
1734386400,195.483,195.523,195.4,195.499,2282,12
1734390000,195.499,195.583,195.406,195.411,1820,12
1734393600,195.298,195.471,195.298,195.436,896,87
1734397200,195.444,195.702,195.428,195.54,1405,18
1734400800,195.54,195.893,195.49,195.67,4840,12
1734404400,195.667,195.741,195.388,195.526,4461,12
1734408000,195.543,195.547,195.265,195.398,4003,13
1734411600,195.397,195.444,195.201,195.36,2721,14
1734415200,195.36,195.576,195.292,195.327,2838,13
1734418800,195.327,195.524,195.266,195.348,3444,15
1734422400,195.352,195.429,195.121,195.288,4076,13
1734426000,195.288,195.788,195.288,195.644,5861,12
1734429600,195.64,195.793,195.13,195.272,6776,12
1734433200,195.258,195.308,195.002,195.1,5854,12
1734436800,195.101,195.32,194.82,195.276,5676,12
1734440400,195.276,195.494,195.086,195.451,5244,13
1734444000,195.447,195.507,195.302,195.435,5312,13
1734447600,195.437,195.568,195.239,195.318,7451,13
1734451200,195.318,195.334,194.838,194.892,8176,12
1734454800,194.894,195.158,194.648,195.103,7869,12
1734458400,195.1,195.249,195.039,195.081,6236,14
1734462000,195.08,195.111,194.883,194.948,4857,13
1734465600,194.948,195.075,194.844,194.9,4275,12
1734469200,194.9,194.985,194.828,194.894,3823,14
1734472800,194.896,195.125,194.864,195.086,3240,15
1734476400,195.084,195.188,194.751,194.9,1605,14
1734480000,194.9,195.129,194.841,195.019,551,53
1734483600,195.019,195.261,194.975,195.185,1225,17
1734487200,195.183,195.468,195.129,195.345,4549,12
1734490800,195.345,195.418,195.15,195.212,3999,12
1734494400,195.204,195.31,195.096,195.231,3063,16
1734498000,195.232,195.258,195.021,195.037,2551,17
1734501600,195.037,195.087,194.798,194.89,3059,13
1734505200,194.89,194.92,194.748,194.788,2478,14
1734508800,194.788,195.113,194.776,195.085,3332,12
1734512400,195.13,195.3,194.699,194.905,5665,12
1734516000,194.903,194.936,194.704,194.826,5933,14
1734519600,194.824,195.097,194.789,194.916,4654,14
1734523200,194.915,195.347,194.907,195.298,4923,12
1734526800,195.298,195.431,195.24,195.25,4533,12
1734530400,195.25,195.475,195.223,195.456,4780,13
1734534000,195.454,195.761,195.237,195.238,6472,12
1734537600,195.238,195.418,195.026,195.298,6701,14
1734541200,195.298,195.598,195.103,195.483,6945,12
1734544800,195.484,195.558,195.358,195.466,5455,12
1734548400,195.468,195.578,195.358,195.428,4232,12
1734552000,195.425,195.576,195.293,195.348,4261,13
1734555600,195.342,195.671,194.662,194.759,13126,12
1734559200,194.76,194.76,194.069,194.53,11911,12
1734562800,194.525,194.766,194.385,194.389,5840,12
1734566400,194.373,194.543,194.371,194.446,1280,63
1734570000,194.445,194.581,194.051,194.357,4196,12
1734573600,194.358,194.921,194.313,194.789,6719,12
1734577200,194.793,194.897,194.572,194.681,6329,12
1734580800,194.68,195.464,194.43,195.33,5112,12
1734584400,195.331,195.699,195.102,195.418,4239,18
1734588000,195.411,195.513,195.265,195.447,2892,12
1734591600,195.447,195.68,195.31,195.346,3390,22
1734595200,195.345,196.709,195.111,196.653,5636,12
1734598800,196.652,197.624,196.649,197.358,9706,12
1734602400,197.36,198.492,197.327,198.405,9592,12
1734606000,198.406,198.944,198.392,198.826,8740,12
1734609600,198.823,198.823,198.275,198.353,6598,13
1734613200,198.355,198.541,197.846,197.881,6182,12
1734616800,197.885,198.04,197.192,197.942,8793,12
1734620400,197.945,197.945,197.237,197.571,9026,12
1734624000,197.57,198.085,197.569,197.706,10219,12
1734627600,197.706,198.058,197.638,197.923,10697,12
1734631200,197.923,198.094,197.544,197.583,8756,12
1734634800,197.581,197.658,197.135,197.271,7878,12
1734638400,197.268,197.409,197.144,197.349,6295,14
1734642000,197.346,197.407,196.799,196.839,5863,14
1734645600,196.836,196.953,196.692,196.699,4997,12
1734649200,196.706,196.847,196.605,196.766,2372,13
1734652800,196.668,196.888,196.602,196.849,1029,62
1734656400,196.862,197.044,196.777,197.009,2270,19
1734660000,197.01,197.29,196.983,197.001,6207,12
1734663600,197.001,197.029,196.307,196.427,7010,14
1734667200,196.426,196.474,195.897,195.999,6001,12
1734670800,196.005,196.164,195.768,196.01,5421,12
1734674400,196.017,196.357,196.007,196.334,3840,13
1734678000,196.334,196.35,195.979,196.078,4364,13
1734681600,196.083,196.424,195.822,196.291,6185,12
1734685200,196.291,196.324,195.951,196.077,6876,12
1734688800,196.081,196.42,195.839,196.195,7675,12
1734692400,196.199,196.227,195.744,195.94,7352,12
1734696000,195.941,196.197,195.895,196.061,5731,12
1734699600,196.062,196.097,195.856,196.053,5069,12
1734703200,196.053,196.199,195.955,196.03,5199,12
1734706800,196.029,196.618,196.017,196.482,8828,12
1734710400,196.476,196.547,196.182,196.485,9466,12
1734714000,196.477,196.763,196.229,196.256,9973,12
1734717600,196.256,196.682,196.22,196.452,8392,12
1734721200,196.457,196.775,196.457,196.695,7526,12
1734724800,196.696,196.753,196.554,196.575,4551,12
1734728400,196.574,196.78,196.486,196.535,4404,12
1734732000,196.533,196.662,196.465,196.596,4326,13
1734735600,196.592,196.655,196.435,196.447,2813,14
1734912000,196.329,196.727,196.31,196.682,975,57
1734915600,196.649,196.798,196.55,196.798,3810,14
1734919200,196.797,196.942,196.67,196.859,4552,15
1734922800,196.857,196.979,196.648,196.786,4388,12
1734926400,196.786,197.012,196.701,197.008,4244,15
1734930000,197.007,197.064,196.827,196.849,2612,17
1734933600,196.846,197.022,196.798,196.967,2729,12
1734937200,196.969,197.055,196.946,196.996,2342,17
1734940800,196.991,196.992,196.779,196.779,2983,12
1734944400,196.801,197.023,196.78,196.874,4115,12
1734948000,196.885,196.892,196.567,196.846,5841,12
1734951600,196.852,197.063,196.76,196.918,5307,14
1734955200,196.917,196.955,196.587,196.697,4071,13
1734958800,196.705,196.772,196.491,196.539,4359,12
1734962400,196.542,196.814,196.433,196.777,4694,12
1734966000,196.776,196.931,196.766,196.889,5863,12
1734969600,196.892,197.032,196.67,196.815,6517,12
1734973200,196.816,197.009,196.647,196.666,7812,12
1734976800,196.666,196.808,196.606,196.692,5287,14
1734980400,196.693,196.796,196.645,196.746,4697,13
1734984000,196.747,196.962,196.743,196.84,3853,15
1734987600,196.838,196.936,196.717,196.894,3473,14
1734991200,196.892,197.012,196.79,196.947,3383,12
1734994800,196.946,197.005,196.797,196.797,2319,12
1734998400,196.725,196.928,196.669,196.898,583,97
1735002000,196.876,196.993,196.785,196.884,1463,26
1735005600,196.889,197.053,196.853,196.982,3324,12
1735009200,196.982,196.986,196.712,196.806,3077,12
1735012800,196.806,196.982,196.771,196.829,2272,13
1735016400,196.833,196.852,196.696,196.741,2097,19
1735020000,196.739,196.802,196.611,196.78,2347,16
1735023600,196.78,196.826,196.597,196.749,2741,17
1735027200,196.741,196.855,196.634,196.798,3049,12
1735030800,196.789,196.839,196.717,196.83,2677,15
1735034400,196.831,196.903,196.72,196.77,2884,25
1735038000,196.771,196.859,196.621,196.788,2559,23
1735041600,196.784,196.865,196.654,196.834,2086,23
1735045200,196.834,196.922,196.789,196.859,1975,22
1735048800,196.859,197.269,196.762,197.101,3007,23
1735052400,197.099,197.44,197.071,197.416,3391,21
1735056000,197.416,197.619,197.358,197.487,3915,23
1735059600,197.487,197.546,197.081,197.187,4087,28
1735063200,197.188,197.248,196.898,196.898,3589,21
1735066800,196.895,196.991,196.831,196.832,2637,18
1735070400,196.831,196.843,196.814,196.829,80,27
1735171200,197.085,197.311,196.979,197.163,528,161
1735174800,197.164,197.265,197.053,197.075,1871,17
1735178400,197.07,197.413,197.005,197.344,2893,15
1735182000,197.339,197.487,197.245,197.409,2737,16
1735185600,197.406,197.507,197.382,197.448,1680,23
1735189200,197.448,197.492,197.369,197.424,1711,21
1735192800,197.424,197.546,197.363,197.369,1881,22
1735196400,197.369,197.456,197.324,197.38,1618,19
1735200000,197.379,197.465,197.326,197.331,1924,16
1735203600,197.331,197.362,197.072,197.178,2342,14
1735207200,197.178,197.218,197.102,197.103,2478,18
1735210800,197.101,197.281,197.011,197.268,2285,18
1735214400,197.26,197.331,197.228,197.305,1730,19
1735218000,197.305,197.467,197.286,197.458,1699,16
1735221600,197.451,197.483,197.274,197.372,2747,15
1735225200,197.373,197.665,197.331,197.657,3985,17
1735228800,197.655,197.689,197.447,197.522,4625,13
1735232400,197.521,197.834,197.431,197.742,5570,14
1735236000,197.744,197.851,197.658,197.844,4037,14
1735239600,197.841,197.869,197.687,197.784,3385,12
1735243200,197.784,197.995,197.772,197.789,3893,19
1735246800,197.78,197.938,197.747,197.87,3364,17
1735250400,197.863,197.902,197.768,197.892,2959,19
1735254000,197.891,197.949,197.773,197.821,2029,22
1735257600,197.782,197.782,197.563,197.723,1281,110
1735261200,197.714,197.745,197.532,197.624,2408,25
1735264800,197.624,197.848,197.477,197.819,3218,22
1735268400,197.818,197.866,197.5,197.518,3803,24
1735272000,197.529,197.534,197.198,197.311,3412,26
1735275600,197.309,197.482,197.309,197.448,2237,27
1735279200,197.447,197.507,197.291,197.303,2314,21
1735282800,197.306,197.549,197.283,197.498,2024,20
1735286400,197.496,197.632,197.374,197.571,2389,22
1735290000,197.572,197.792,197.501,197.726,3266,17
1735293600,197.729,197.814,197.623,197.667,4005,21
1735297200,197.666,197.703,197.337,197.462,3122,22
1735300800,197.464,197.759,197.365,197.698,3108,21
1735304400,197.694,197.915,197.516,197.871,3341,19
1735308000,197.873,198.129,197.818,198.078,3637,19
1735311600,198.076,198.394,198.033,198.391,4092,22
1735315200,198.393,198.498,198.078,198.368,5369,17
1735318800,198.367,198.498,198.028,198.162,7791,13
1735322400,198.161,198.386,198.053,198.251,5438,13
1735326000,198.251,198.252,198.006,198.211,4461,16
1735329600,198.213,198.369,198.18,198.349,3619,21
1735333200,198.337,198.692,198.298,198.692,3037,20
1735336800,198.689,198.695,198.511,198.626,2974,24
1735340400,198.629,198.644,198.302,198.321,1986,27
1735516800,198.256,198.363,198.079,198.255,954,122
1735520400,198.249,198.653,198.249,198.581,1387,22
1735524000,198.581,198.707,198.344,198.652,2264,22
1735527600,198.652,198.665,198.445,198.493,2535,21
1735531200,198.492,198.528,198.362,198.477,1922,17
1735534800,198.481,198.513,198.428,198.505,2108,24
1735538400,198.507,198.522,198.433,198.504,1550,24
1735542000,198.508,198.712,198.484,198.593,2424,19
1735545600,198.593,198.945,198.582,198.677,2714,12
1735549200,198.682,198.69,198.388,198.608,3232,16
1735552800,198.589,198.694,198.281,198.373,4019,18
1735556400,198.372,198.6,198.368,198.545,3507,18
1735560000,198.544,198.74,198.483,198.632,2967,20
1735563600,198.632,198.703,198.559,198.575,3126,19
1735567200,198.569,198.657,198.291,198.442,4340,17
1735570800,198.437,198.492,197.639,197.656,5821,17
1735574400,197.655,197.95,197.166,197.207,7220,19
1735578000,197.206,197.211,196.314,196.647,9624,14
1735581600,196.64,196.91,196.45,196.862,6306,13
1735585200,196.863,197.158,196.863,197.118,4358,16
1735588800,197.117,197.277,196.954,197.056,3892,14
1735592400,197.056,197.098,196.899,197.025,3330,13
1735596000,197.029,197.06,196.713,196.737,3161,17
1735599600,196.744,196.866,196.647,196.688,2054,25
1735603200,196.688,196.852,196.621,196.676,839,100
1735606800,196.657,197.038,196.657,196.996,1806,26
1735610400,196.994,197.035,196.578,196.578,2190,19
1735614000,196.584,196.705,196.319,196.439,3813,20
1735617600,196.444,196.479,196.314,196.354,2697,24
1735621200,196.352,196.423,196.3,196.338,2078,19
1735624800,196.338,196.34,195.899,195.981,1669,14
1735628400,195.982,196.077,195.873,196.073,1817,23
1735632000,196.073,196.241,195.947,196.186,2232,23
1735635600,196.186,196.26,195.933,196.205,3165,20
1735639200,196.206,196.239,195.726,196.012,4728,12
1735642800,196.01,196.745,195.904,196.644,4164,18
1735646400,196.644,196.838,196.47,196.832,5363,18
1735650000,196.833,196.833,196.419,196.598,3643,16
1735653600,196.595,196.715,196.364,196.588,4337,19
1735657200,196.587,196.753,196.516,196.692,5251,20
1735660800,196.689,196.773,196.325,196.381,6916,13
1735664400,196.366,196.879,196.301,196.874,8989,14
1735668000,196.877,197.109,196.688,197.012,6838,12
1735671600,197.01,197.182,196.822,196.98,5786,16
1735675200,196.977,196.981,196.937,196.939,179,30
1735776000,196.631,196.795,196.502,196.753,907,111
1735779600,196.693,197.509,196.639,197.422,2891,21
1735783200,197.439,197.467,196.915,197.039,4043,20
1735786800,197.041,197.305,197.008,197.188,3826,19
1735790400,197.188,197.193,197.057,197.122,2485,21
1735794000,197.123,197.138,196.93,197.005,2052,18
1735797600,197.005,197.015,196.766,196.804,1848,19
1735801200,196.805,197.015,196.747,197.011,1879,17
1735804800,197.012,197.012,196.264,196.264,3066,17
1735808400,196.276,196.432,195.976,196.163,4762,12
1735812000,196.18,196.333,195.544,195.928,6837,12
1735815600,195.922,196.028,195.666,195.696,4939,12
1735819200,195.695,196.044,195.538,195.566,5824,12
1735822800,195.564,195.765,195.46,195.758,5339,12
1735826400,195.759,195.799,195.032,195.08,5127,16
1735830000,195.082,195.097,194.356,194.517,7923,12
1735833600,194.497,194.87,194.225,194.686,8400,13
1735837200,194.683,194.789,194.184,194.463,10288,14
1735840800,194.461,195.121,194.376,195.088,9072,12
1735844400,195.082,195.311,194.738,194.931,6801,12
1735848000,194.94,195.052,194.794,194.807,5019,15
1735851600,194.812,195.098,194.777,194.948,3990,12
1735855200,194.949,195.178,194.948,195.103,3468,13
1735858800,195.102,195.12,194.8,194.854,1744,19
1735862400,194.745,194.977,194.72,194.925,903,22
1735866000,194.895,195.01,194.776,194.789,1244,21
1735869600,194.784,194.893,194.671,194.723,3153,14
1735873200,194.724,194.927,194.688,194.785,3063,17
1735876800,194.783,194.951,194.742,194.916,2668,17
1735880400,194.914,195.144,194.802,194.957,2295,14
1735884000,194.955,195.054,194.879,194.925,2170,12
1735887600,194.927,194.997,194.859,194.967,2373,12
1735891200,194.966,195.024,194.883,194.95,2099,12
1735894800,194.929,194.963,194.637,194.832,6088,13
1735898400,194.841,195.125,194.831,194.978,5798,13
1735902000,194.969,195.171,194.902,195.074,4671,15
1735905600,195.074,195.089,194.72,195.013,4371,14
1735909200,195.012,195.245,195.012,195.081,3956,12
1735912800,195.08,195.133,194.871,194.98,4257,15
1735916400,194.979,195.061,194.825,194.921,5264,12
1735920000,194.921,195.234,194.832,194.989,6002,12
1735923600,195.059,195.304,194.995,195.238,9310,12
1735927200,195.232,195.357,195.114,195.2,5734,12
1735930800,195.199,195.226,194.924,195.165,5554,12
1735934400,195.165,195.262,195.139,195.193,3345,19
1735938000,195.188,195.366,195.177,195.352,3025,18
1735941600,195.353,195.515,195.303,195.502,2806,17
1735945200,195.502,195.528,195.225,195.24,1406,18
1736121600,195.13,195.43,195.04,195.352,1423,98
1736125200,195.368,195.778,195.368,195.678,2307,16
1736128800,195.694,196.008,195.67,195.867,5033,12
1736132400,195.866,196.058,195.767,195.985,4227,17
1736136000,195.986,196.232,195.949,196.181,3407,16
1736139600,196.177,196.219,195.995,196.12,3097,18
1736143200,196.121,196.185,196.022,196.154,2173,12
1736146800,196.155,196.342,196.105,196.207,2252,13
1736150400,196.207,196.26,196.116,196.138,3057,13
1736154000,196.132,196.4,196.025,196.323,3777,12
1736157600,196.327,196.79,196.322,196.757,6117,14
1736161200,196.756,196.999,196.6,196.776,6214,16
1736164800,196.779,196.966,196.576,196.794,4533,15
1736168400,196.783,197.405,196.7,197.172,10741,12
1736172000,197.176,197.228,196.346,196.527,9033,12
1736175600,196.528,196.583,195.937,196.295,9325,12
1736179200,196.295,196.871,195.828,196.77,10535,12
1736182800,196.777,197.11,196.723,197.033,10214,12
1736186400,197.03,197.386,196.929,197.332,7115,12
1736190000,197.33,197.338,196.969,197.163,4195,15
1736193600,197.163,197.246,197.008,197.039,4251,12
1736197200,197.038,197.176,196.944,197.116,3492,16
1736200800,197.114,197.331,197.089,197.323,2637,13
1736204400,197.322,197.396,197.135,197.199,1763,12
1736208000,197.165,197.325,197.046,197.285,684,77
1736211600,197.276,197.424,197.276,197.318,1756,22
1736215200,197.319,197.916,197.317,197.817,5302,15
1736218800,197.813,198.195,197.723,198.185,5016,12
1736222400,198.189,198.198,198.031,198.152,3479,14
1736226000,198.152,198.252,198.054,198.166,2835,15
1736229600,198.168,198.191,198.023,198.086,2545,13
1736233200,198.084,198.166,197.864,197.914,3719,13
1736236800,197.912,197.931,197.71,197.775,3581,17
1736240400,197.759,197.935,197.636,197.683,6362,13
1736244000,197.688,197.815,197.323,197.74,7107,15
1736247600,197.746,198.186,197.702,197.998,5491,15
1736251200,198.001,198.153,197.839,198.102,4930,18
1736254800,198.102,198.116,197.726,197.758,4749,15
1736258400,197.758,197.926,197.55,197.59,5068,12
1736262000,197.587,197.838,197.51,197.743,5826,13
1736265600,197.743,197.846,197.513,197.652,6667,13
1736269200,197.768,197.966,197.193,197.381,11460,12
1736272800,197.383,197.451,196.992,197.228,9010,12
1736276400,197.221,197.305,196.983,197.109,6767,16
1736280000,197.112,197.179,197.001,197.105,5615,13
1736283600,197.11,197.16,197.049,197.062,3572,17
1736287200,197.06,197.06,196.865,197.022,3108,14
1736290800,197.022,197.253,197.009,197.183,1713,12
1736294400,197.079,197.186,197.055,197.16,433,50
1736298000,197.14,197.427,197.14,197.387,2268,21
1736301600,197.383,197.406,197.04,197.353,4826,16
1736305200,197.354,197.359,197.105,197.213,3398,19
1736308800,197.213,197.465,197.176,197.397,2465,16
1736312400,197.395,197.519,197.357,197.396,2328,19
1736316000,197.393,197.531,197.371,197.486,1812,19
1736319600,197.486,197.53,197.378,197.52,2351,18
1736323200,197.519,197.534,197.327,197.395,2633,14
1736326800,197.383,197.384,196.94,197.128,5610,15
1736330400,197.126,197.217,196.854,196.863,6486,12
1736334000,196.865,196.949,196.716,196.906,5472,12
1736337600,196.904,197.085,196.809,197.065,4331,13
1736341200,197.06,197.063,195.387,195.92,8976,12
1736344800,195.932,195.948,195.25,195.534,7909,12
1736348400,195.519,195.604,195.13,195.495,9540,12
1736352000,195.486,195.595,195.114,195.185,8305,13
1736355600,195.183,195.533,195.123,195.469,7965,12
1736359200,195.472,195.826,195.387,195.763,6602,12
1736362800,195.763,195.806,195.478,195.533,5555,12
1736366400,195.533,195.907,195.529,195.736,5151,12
1736370000,195.751,196.004,195.726,195.814,5667,15
1736373600,195.799,195.81,195.683,195.767,3878,12
1736377200,195.769,195.874,195.716,195.716,1935,13
1736380800,195.603,195.738,195.527,195.689,1471,44
1736384400,195.69,195.798,195.476,195.486,1984,23
1736388000,195.49,195.601,195.346,195.546,4002,17
1736391600,195.543,195.598,195.336,195.397,4220,12
1736395200,195.397,195.441,195.314,195.396,3235,12
1736398800,195.396,195.401,194.961,194.993,3189,15
1736402400,194.99,194.99,194.583,194.78,3064,13
1736406000,194.781,195.076,194.723,194.896,3611,12
1736409600,194.897,194.936,194.361,194.424,5023,12
1736413200,194.411,194.691,193.733,193.917,7431,12
1736416800,193.917,194.42,193.676,194.294,7791,12
1736420400,194.3,194.488,194.076,194.141,6209,12
1736424000,194.14,194.176,193.626,194.086,6075,12
1736427600,194.079,194.214,193.862,194.041,6344,13
1736431200,194.042,194.065,193.47,193.913,5411,12
1736434800,193.913,194.297,193.775,193.918,6473,14
1736438400,193.913,194.337,193.913,194.329,5440,12
1736442000,194.337,194.403,194.162,194.339,5610,12
1736445600,194.339,194.364,194.078,194.358,4821,14
1736449200,194.356,194.594,194.35,194.477,4296,16
1736452800,194.473,194.589,194.426,194.517,2470,18
1736456400,194.523,194.666,194.499,194.608,1693,17
1736460000,194.608,194.703,194.564,194.646,1404,13
1736463600,194.646,194.65,194.449,194.449,1496,15
1736467200,194.447,194.706,194.41,194.645,1174,58
1736470800,194.636,194.674,194.321,194.354,1257,18
1736474400,194.353,194.629,194.23,194.279,4172,12
1736478000,194.284,194.637,194.22,194.543,4785,16
1736481600,194.548,194.757,194.526,194.73,3439,19
1736485200,194.732,194.744,194.613,194.627,2729,18
1736488800,194.627,194.753,194.626,194.696,2361,15
1736492400,194.696,194.765,194.416,194.45,3064,19
1736496000,194.452,194.535,194.208,194.226,3117,16
1736499600,194.23,194.73,194.213,194.651,4646,15
1736503200,194.649,194.729,193.824,193.928,6704,12
1736506800,193.93,194.328,193.683,194.281,6233,14
1736510400,194.282,194.428,194.039,194.343,5099,15
1736514000,194.342,194.605,194.208,194.362,4537,16
1736517600,194.362,194.591,194.306,194.558,5179,14
1736521200,194.562,194.68,193.659,193.919,10106,12
1736524800,193.925,193.98,193.191,193.415,12253,12
1736528400,193.424,193.535,192.668,192.676,12255,12
1736532000,192.679,192.753,192.19,192.566,9266,12
1736535600,192.566,192.762,192.515,192.687,6443,12
1736539200,192.686,192.868,192.644,192.837,5341,14
1736542800,192.834,192.903,192.679,192.753,4804,12
1736546400,192.755,192.785,192.578,192.655,4078,13
1736550000,192.657,192.662,192.427,192.448,2290,13
1736726400,192.242,192.516,192.242,192.508,1728,67
1736730000,192.516,192.721,192.432,192.68,2895,14
1736733600,192.677,192.741,192.502,192.516,3889,12
1736737200,192.516,192.602,191.701,191.937,5732,13
1736740800,191.937,192.126,191.861,191.861,3979,12
1736744400,191.85,191.904,191.108,191.156,4518,13
1736748000,191.155,191.438,190.958,191.232,3611,15
1736751600,191.232,191.255,190.826,191.196,2932,15
1736755200,191.196,191.52,191.066,191.277,4281,15
1736758800,191.257,191.447,190.792,191.116,7091,13
1736762400,191.116,191.726,191.104,191.254,9045,12
1736766000,191.264,191.284,190.07,190.195,8860,12
1736769600,190.187,191.01,190.138,190.981,7183,12
1736773200,190.997,191.098,190.482,190.5,5687,12
1736776800,190.496,190.773,190.285,190.36,6775,12
1736780400,190.366,190.938,190.291,190.853,7847,12
1736784000,190.85,191.284,190.642,191.181,9284,12
1736787600,191.182,191.539,191.049,191.399,8713,12
1736791200,191.404,191.76,191.296,191.454,7919,12
1736794800,191.454,191.622,191.419,191.527,5829,12
1736798400,191.53,191.871,191.394,191.792,4629,12
1736802000,191.786,192.008,191.648,192.0,4185,12
1736805600,191.999,192.054,191.827,191.947,3754,14
1736809200,191.951,192.202,191.841,192.107,2667,15
1736812800,191.98,192.671,191.967,192.427,2259,62
1736816400,192.441,192.562,192.295,192.405,4501,14
1736820000,192.403,192.424,192.098,192.356,6132,12
1736823600,192.343,192.901,191.828,192.242,7024,12
1736827200,192.255,192.449,192.088,192.406,4769,12
1736830800,192.402,192.665,192.314,192.353,3814,14
1736834400,192.347,192.44,192.187,192.275,2220,16
1736838000,192.275,192.444,192.061,192.291,4097,12
1736841600,192.294,192.507,192.251,192.331,4442,14
1736845200,192.337,192.464,192.139,192.333,7199,12
1736848800,192.332,192.782,192.175,192.592,8818,13
1736852400,192.574,192.765,192.283,192.326,7185,12
1736856000,192.315,192.507,192.245,192.342,5399,12
1736859600,192.344,192.533,192.201,192.303,4525,15
1736863200,192.303,192.488,191.975,192.004,6196,12
1736866800,192.006,192.007,191.481,191.744,9191,12
1736870400,191.742,192.04,191.654,191.827,9171,12
1736874000,191.824,192.815,191.821,192.71,9748,12
1736877600,192.708,192.836,192.326,192.457,8944,12
1736881200,192.457,192.724,192.28,192.683,6418,12
1736884800,192.681,192.937,192.655,192.86,4249,12
1736888400,192.861,192.976,192.628,192.67,3756,14
1736892000,192.669,192.825,192.555,192.806,3980,15
1736895600,192.808,192.989,192.779,192.8,2359,12
1736899200,192.829,192.994,192.79,192.902,1905,49
1736902800,192.903,192.982,192.814,192.982,1263,23
1736906400,192.982,192.984,192.694,192.759,4442,12
1736910000,192.756,192.941,192.569,192.627,4283,13
1736913600,192.627,192.67,192.547,192.621,3376,15
1736917200,192.615,192.704,192.554,192.668,2742,14
1736920800,192.669,192.699,192.268,192.329,2764,14
1736924400,192.326,192.326,191.85,191.915,4464,14
1736928000,191.916,192.128,191.831,191.906,3770,12
1736931600,191.909,192.133,191.171,191.921,8448,12
1736935200,191.917,191.987,191.596,191.765,7347,12
1736938800,191.765,191.807,191.34,191.651,6487,12
1736942400,191.654,191.837,191.628,191.7,5170,12
1736946000,191.699,192.0,191.637,191.93,3998,12
1736949600,191.931,191.953,191.536,191.719,4865,13
1736953200,191.719,192.386,191.685,192.327,9477,12
1736956800,192.328,192.386,191.681,191.7,10991,12
1736960400,191.703,191.853,191.435,191.575,9200,12
1736964000,191.572,191.752,191.084,191.226,8666,12
1736967600,191.227,191.366,191.148,191.214,6469,13
1736971200,191.216,191.398,191.172,191.365,4622,12
1736974800,191.36,191.438,191.313,191.353,3681,13
1736978400,191.355,191.579,191.345,191.521,3012,16
1736982000,191.522,191.612,191.4,191.402,2332,16
1736985600,191.402,191.459,191.274,191.383,2594,54
1736989200,191.336,191.408,191.233,191.242,1357,20
1736992800,191.242,191.53,191.22,191.253,4616,13
1736996400,191.25,191.251,190.123,190.215,7276,12
1737000000,190.213,190.397,189.821,190.339,6382,12
1737003600,190.336,190.542,190.306,190.444,4191,13
1737007200,190.439,190.542,190.306,190.538,3178,14
1737010800,190.533,190.638,190.476,190.589,3719,12
1737014400,190.589,190.927,190.524,190.727,4478,14
1737018000,190.671,190.895,190.439,190.83,6623,12
1737021600,190.833,190.913,190.248,190.269,7319,12
1737025200,190.267,190.362,189.788,189.885,6219,12
1737028800,189.886,190.129,189.771,189.939,5170,12
1737032400,189.937,190.336,189.925,190.198,4760,12
1737036000,190.197,190.529,190.168,190.392,5944,12
1737039600,190.392,190.498,190.051,190.15,9141,12
1737043200,190.158,190.506,189.976,190.423,9306,12
1737046800,190.429,190.429,190.031,190.144,11215,12
1737050400,190.144,190.322,189.869,190.298,9821,12
1737054000,190.298,190.49,189.948,189.984,6775,12
1737057600,189.981,190.079,189.879,190.024,5057,12
1737061200,190.019,190.06,189.833,189.996,3981,12
1737064800,189.997,190.012,189.778,189.816,3305,12
1737068400,189.814,189.896,189.767,189.799,1745,12
1737072000,189.758,189.95,189.578,189.855,1566,42
1737075600,189.856,190.11,189.842,190.068,1680,25
1737079200,190.067,190.196,189.61,189.877,5443,12
1737082800,189.877,190.073,189.772,189.851,4376,15
1737086400,189.862,190.214,189.841,190.136,3845,12
1737090000,190.137,190.19,190.006,190.144,2783,14
1737093600,190.145,190.204,189.841,189.884,2600,14
1737097200,189.879,190.165,189.859,190.041,3762,12
1737100800,190.041,190.147,189.91,190.07,3642,12
1737104400,190.014,190.014,189.325,189.442,7406,12
1737108000,189.443,189.83,189.325,189.789,6596,13
1737111600,189.78,190.076,189.549,189.933,6812,13
1737115200,189.934,190.147,189.849,190.026,4610,13
1737118800,190.027,190.167,189.853,189.876,4995,13
1737122400,189.868,189.894,189.651,189.769,5908,12
1737126000,189.771,189.821,189.48,189.641,6824,13
1737129600,189.647,190.34,189.42,190.265,9645,12
1737133200,190.274,190.602,190.185,190.395,9738,12
1737136800,190.391,190.573,190.269,190.341,7058,12
1737140400,190.338,190.355,190.143,190.206,5128,12
1737144000,190.206,190.269,190.031,190.135,4338,14
1737147600,190.135,190.173,189.982,189.998,3832,12
1737151200,189.997,190.074,189.959,190.029,2903,13
1737154800,190.029,190.17,189.947,189.949,1893,18
1737331200,190.123,190.351,190.087,190.199,1694,68
1737334800,190.206,190.448,190.151,190.292,2452,12
1737338400,190.303,190.436,190.051,190.056,3920,14
1737342000,190.057,190.163,189.876,190.098,4217,12
1737345600,190.098,190.242,190.041,190.128,3674,14
1737349200,190.132,190.184,189.979,190.068,3061,12
1737352800,190.07,190.428,190.041,190.386,2252,12
1737356400,190.386,190.551,190.305,190.545,2751,14
1737360000,190.545,190.852,190.448,190.796,3946,14
1737363600,190.801,190.867,190.486,190.541,4938,12
1737367200,190.548,190.677,190.299,190.396,6252,12
1737370800,190.395,190.476,190.119,190.312,6040,12
1737374400,190.313,190.674,190.302,190.61,4470,12
1737378000,190.609,190.899,190.602,190.821,3808,12
1737381600,190.821,190.833,190.576,190.747,4522,12
1737385200,190.746,191.64,190.545,191.513,9067,12
1737388800,191.5,191.588,191.18,191.415,10290,12
1737392400,191.41,191.649,191.283,191.368,8439,12
1737396000,191.368,191.496,191.266,191.405,4752,12
1737399600,191.403,191.515,191.139,191.384,6003,12
1737403200,191.385,191.617,191.3,191.575,3241,17
1737406800,191.573,191.983,191.565,191.975,3423,16
1737410400,191.989,192.014,191.775,191.825,4164,12
1737414000,191.825,191.891,191.665,191.713,4219,19
1737417600,191.737,191.814,191.492,191.774,1391,73
1737421200,191.714,191.852,191.356,191.474,3975,18
1737424800,191.481,191.58,190.98,191.255,8522,15
1737428400,191.255,191.606,190.847,190.918,9873,15
1737432000,190.919,190.983,190.467,190.654,6763,12
1737435600,190.653,190.806,190.508,190.792,5237,17
1737439200,190.793,190.812,190.622,190.689,3787,20
1737442800,190.689,190.76,190.59,190.653,3668,15
1737446400,190.665,190.84,190.626,190.691,4748,13
1737450000,190.672,191.126,190.565,190.958,7083,12
1737453600,190.957,190.977,190.672,190.89,6654,12
1737457200,190.888,191.011,190.766,190.944,7407,12
1737460800,190.941,191.097,190.821,191.044,6266,12
1737464400,191.044,191.063,190.703,190.764,5830,12
1737468000,190.763,190.883,190.703,190.79,6910,12
1737471600,190.791,190.954,190.643,190.909,7240,12
1737475200,190.909,191.243,190.822,191.057,8830,12
1737478800,191.05,191.27,190.989,191.042,9568,13
1737482400,191.042,191.756,191.003,191.717,7285,12
1737486000,191.72,191.815,191.67,191.754,5629,13
1737489600,191.753,191.883,191.71,191.824,4642,12
1737493200,191.824,191.825,191.691,191.756,3579,12
1737496800,191.755,191.906,191.745,191.889,3568,12
1737500400,191.884,192.185,191.879,191.959,1848,14
1737504000,191.967,192.09,191.858,191.957,2410,57
1737507600,191.899,192.265,191.89,192.146,3947,12
1737511200,192.145,192.218,191.862,191.953,5921,12
1737514800,191.954,192.106,191.86,191.989,5457,14
1737518400,191.989,192.145,191.945,192.122,4164,13
1737522000,192.119,192.321,192.002,192.274,3236,12
1737525600,192.274,192.333,192.156,192.303,2886,13
1737529200,192.305,192.413,192.261,192.34,3297,14
1737532800,192.34,192.364,191.95,192.064,4992,12
1737536400,192.068,192.264,191.889,192.222,6484,12
1737540000,192.219,192.315,191.693,192.131,7067,13
1737543600,192.145,192.486,192.106,192.471,7054,12
1737547200,192.471,192.738,192.412,192.639,5413,15
1737550800,192.639,192.731,192.501,192.586,4647,13
1737554400,192.585,192.735,192.49,192.51,5402,12
1737558000,192.515,192.748,192.378,192.444,7246,13
1737561600,192.438,192.677,192.257,192.615,8141,12
1737565200,192.612,192.677,192.404,192.649,8737,12
1737568800,192.64,193.001,192.552,192.981,6513,12
1737572400,192.981,193.002,192.827,192.966,4719,12
1737576000,192.966,192.999,192.837,192.961,4383,12
1737579600,192.961,192.998,192.831,192.913,3499,13
1737583200,192.911,192.919,192.779,192.808,2972,12
1737586800,192.808,192.844,192.677,192.677,1866,12
1737590400,192.593,192.749,192.551,192.564,1257,52
1737594000,192.562,192.667,192.511,192.614,1983,19
1737597600,192.614,192.662,192.51,192.592,4966,14
1737601200,192.591,192.74,192.517,192.713,5306,13
1737604800,192.713,192.718,192.542,192.622,4184,12
1737608400,192.622,192.753,192.6,192.721,3107,13
1737612000,192.719,192.928,192.703,192.91,2235,14
1737615600,192.91,193.0,192.908,192.92,4131,12
1737619200,192.925,192.975,192.706,192.758,4048,12
1737622800,192.756,192.81,192.548,192.703,6600,12
1737626400,192.7,192.717,192.385,192.409,6729,12
1737630000,192.408,192.661,192.404,192.606,6377,12
1737633600,192.602,192.741,192.379,192.685,4768,12
1737637200,192.687,192.877,192.584,192.669,4971,12
1737640800,192.666,192.715,192.478,192.606,5353,14
1737644400,192.606,192.633,192.371,192.483,7709,12
1737648000,192.477,192.744,192.433,192.631,7977,12
1737651600,192.646,192.714,192.396,192.447,8223,12
1737655200,192.449,192.661,192.273,192.6,10387,12
1737658800,192.601,192.924,192.593,192.895,5645,12
1737662400,192.895,192.895,192.702,192.787,4262,12
1737666000,192.788,192.825,192.521,192.559,3969,12
1737669600,192.557,192.714,192.516,192.682,4205,12
1737673200,192.688,192.775,192.629,192.726,2139,12
1737676800,192.726,192.816,192.592,192.701,1101,25
1737680400,192.697,192.923,192.606,192.878,1731,12
1737684000,192.879,193.057,192.72,193.044,4572,12
1737687600,193.045,193.119,192.906,193.108,4336,14
1737691200,193.104,193.51,193.1,193.381,6309,12
1737694800,193.372,193.685,192.523,192.686,7030,12
1737698400,192.683,192.705,192.057,192.368,6107,12
1737702000,192.367,192.696,192.236,192.628,5310,12
1737705600,192.623,193.273,192.231,192.62,7849,12
1737709200,192.623,192.767,192.326,192.466,8323,12
1737712800,192.46,192.816,192.075,192.731,8681,12
1737716400,192.729,193.413,192.515,193.345,8445,12
1737720000,193.342,193.857,193.309,193.789,5898,12
1737723600,193.793,193.962,193.555,193.788,5539,12
1737727200,193.783,194.164,193.753,194.14,6109,12
1737730800,194.143,194.251,193.942,194.059,7505,12
1737734400,194.055,194.502,193.936,194.409,8637,12
1737738000,194.396,194.498,194.109,194.395,9849,12
1737741600,194.386,194.565,194.331,194.38,7148,12
1737745200,194.38,194.59,194.336,194.483,5113,12
1737748800,194.479,194.744,194.471,194.61,4210,12
1737752400,194.609,194.647,194.436,194.497,3842,12
1737756000,194.497,194.653,194.454,194.645,3475,12
1737759600,194.643,194.704,194.49,194.49,2349,12
1737936000,194.483,194.538,193.862,194.233,1825,59
1737939600,194.233,194.298,193.839,193.995,3870,13
1737943200,193.996,194.084,193.61,193.716,5983,13
1737946800,193.716,193.795,193.46,193.553,6344,13
1737950400,193.551,193.814,193.456,193.77,4397,12
1737954000,193.769,194.084,193.733,194.041,4286,13
1737957600,194.043,194.3,194.033,194.244,3624,15
1737961200,194.24,194.256,194.073,194.242,4307,12
1737964800,194.245,194.642,194.216,194.227,4867,12
1737968400,194.234,194.234,193.73,193.736,6639,12
1737972000,193.736,193.77,193.151,193.254,8813,12
1737975600,193.252,193.327,192.595,193.029,9463,12
1737979200,193.028,193.029,192.141,192.391,9602,12
1737982800,192.378,192.675,192.2,192.393,9525,12
1737986400,192.386,192.87,192.349,192.75,8127,12
1737990000,192.75,193.136,192.604,192.787,9202,12
1737993600,192.787,193.021,192.514,192.96,10211,12
1737997200,192.955,193.066,192.469,192.511,10290,12
1738000800,192.507,192.616,192.167,192.406,8676,13
1738004400,192.41,192.633,192.382,192.469,7068,12
1738008000,192.467,192.812,192.413,192.688,6576,12
1738011600,192.69,193.146,192.69,193.011,5947,13
1738015200,193.013,193.269,192.974,193.078,5269,13
1738018800,193.078,193.215,193.039,193.074,2243,12
1738022400,193.074,193.134,192.92,193.068,1663,60
1738026000,193.068,193.134,192.7,192.881,6724,15
1738029600,192.876,193.249,192.816,193.248,8245,12
1738033200,193.248,193.744,193.248,193.583,6415,12
1738036800,193.573,193.735,193.5,193.574,6686,12
1738040400,193.574,193.836,193.51,193.734,4586,14
1738044000,193.733,193.961,193.721,193.864,4579,13
1738047600,193.86,193.927,193.732,193.76,3358,13
1738051200,193.762,193.866,193.579,193.785,4298,13
1738054800,193.76,193.857,193.651,193.842,6597,12
1738058400,193.839,193.971,193.439,193.605,8271,12
1738062000,193.605,194.016,193.325,193.492,7430,12
1738065600,193.491,193.559,193.17,193.332,5309,12
1738069200,193.33,193.404,192.989,193.138,4586,12
1738072800,193.143,193.177,192.926,192.948,6053,12
1738076400,192.939,193.172,192.921,193.17,7323,12
1738080000,193.17,193.397,192.755,192.998,8569,12
1738083600,192.994,193.611,192.959,193.58,8677,12
1738087200,193.578,193.766,193.337,193.471,7343,12
1738090800,193.471,193.555,193.368,193.388,5001,12
1738094400,193.39,193.512,193.302,193.504,4887,12
1738098000,193.504,193.595,193.36,193.537,4323,12
1738101600,193.533,193.575,193.412,193.475,3791,12
1738105200,193.473,193.519,193.424,193.455,2191,12
1738108800,193.455,193.53,193.364,193.459,1235,68
1738112400,193.453,193.554,193.41,193.518,1450,12
1738116000,193.526,193.642,193.41,193.552,4904,12
1738119600,193.553,193.736,193.498,193.636,4042,12
1738123200,193.633,193.752,193.567,193.67,3555,16
1738126800,193.669,193.669,193.354,193.463,3792,15
1738130400,193.461,193.487,193.287,193.382,3442,15
1738134000,193.382,193.389,193.027,193.043,3643,13
1738137600,193.068,193.501,193.068,193.341,5123,12
1738141200,193.337,193.499,193.236,193.3,6862,12
1738144800,193.321,193.459,192.938,192.975,7697,12
1738148400,192.975,193.068,192.874,192.935,6510,12
1738152000,192.935,193.022,192.813,192.915,5437,12
1738155600,192.915,193.105,192.85,193.008,5151,13
1738159200,193.006,193.083,192.88,193.029,6079,12
1738162800,193.025,193.039,192.474,192.683,7926,12
1738166400,192.679,192.896,192.505,192.546,8068,12
1738170000,192.546,192.973,192.539,192.726,9337,12
1738173600,192.722,192.999,192.678,192.96,7616,12
1738177200,192.959,193.18,192.905,192.917,5748,12
1738180800,192.917,193.154,192.844,193.062,5341,12
1738184400,192.956,193.348,192.859,193.187,11692,12
1738188000,193.185,193.316,193.117,193.237,8153,12
1738191600,193.238,193.31,193.121,193.154,3970,12
1738195200,193.043,193.236,192.964,193.186,2466,54
1738198800,193.186,193.273,193.098,193.259,3809,17
1738202400,193.259,193.28,192.606,192.678,6033,12
1738206000,192.678,192.678,192.291,192.512,5934,13
1738209600,192.511,192.54,192.113,192.171,5917,12
1738213200,192.171,192.437,192.112,192.409,4294,14
1738216800,192.409,192.515,192.375,192.408,3633,12
1738220400,192.41,192.432,192.162,192.29,3914,14
1738224000,192.29,192.44,192.01,192.121,4013,13
1738227600,192.114,192.458,191.993,192.366,5102,12
1738231200,192.445,192.584,192.313,192.403,7131,12
1738234800,192.397,192.408,192.05,192.169,6892,12
1738238400,192.169,192.263,191.92,192.041,5471,12
1738242000,192.041,192.163,191.995,192.112,5084,12
1738245600,192.113,192.144,191.625,191.722,6244,12
1738249200,191.722,191.907,191.387,191.872,9209,12
1738252800,191.868,192.23,191.841,192.0,10543,12
1738256400,192.0,192.164,191.744,192.15,9923,12
1738260000,192.151,192.417,192.033,192.253,7787,12
1738263600,192.253,192.265,191.935,192.007,6305,12
1738267200,192.008,192.352,192.005,192.277,4289,15
1738270800,192.278,192.278,191.98,191.999,4077,12
1738274400,191.998,192.038,191.556,191.82,7563,12
1738278000,191.805,191.877,191.472,191.545,4958,12
1738281600,191.545,191.545,191.181,191.436,1233,53
1738285200,191.439,191.811,191.373,191.395,3537,15
1738288800,191.395,191.681,191.395,191.593,4493,12
1738292400,191.593,191.593,191.175,191.351,6383,16
1738296000,191.356,191.564,191.214,191.503,5188,15
1738299600,191.504,191.735,191.458,191.655,4173,18
1738303200,191.655,191.833,191.608,191.814,3479,17
1738306800,191.818,192.304,191.817,192.157,4726,14
1738310400,192.155,192.429,192.077,192.27,5196,15
1738314000,192.266,192.375,192.152,192.302,6717,12
1738317600,192.301,192.457,191.875,191.9,7257,12
1738321200,191.889,192.17,191.609,192.17,7303,12
1738324800,192.172,192.259,192.038,192.039,5536,16
1738328400,192.039,192.161,191.84,192.141,5116,13
1738332000,192.145,192.371,192.091,192.296,4811,12
1738335600,192.297,192.546,192.075,192.147,8528,12
1738339200,192.15,192.154,191.602,191.632,8649,12
1738342800,191.637,192.438,191.589,192.359,10368,12
1738346400,192.361,193.023,192.258,192.795,7957,12
1738350000,192.798,193.018,192.631,192.73,9632,12
1738353600,192.731,192.939,192.206,192.307,9491,12
1738357200,192.303,192.497,192.047,192.366,6579,12
1738360800,192.367,192.53,192.234,192.299,6372,13
1738364400,192.3,192.39,192.057,192.247,6168,13
1738540800,190.091,190.916,190.071,190.684,2284,90
1738544400,190.671,191.326,190.552,190.915,9113,23
1738548000,190.928,191.454,190.85,191.138,10150,16
1738551600,191.123,191.647,191.033,191.314,8828,19
1738555200,191.314,191.365,190.653,190.711,7647,18
1738558800,190.712,190.909,190.594,190.859,5908,15
1738562400,190.86,191.118,190.679,190.864,6355,15
1738566000,190.861,191.007,190.767,190.992,4595,19
1738569600,190.995,191.106,190.771,190.924,5181,16
1738573200,190.931,191.413,190.931,191.16,8385,12
1738576800,191.16,191.566,191.028,191.291,9958,12
1738580400,191.293,191.362,190.497,190.527,7502,12
1738584000,190.531,190.925,190.526,190.756,6941,13
1738587600,190.756,190.805,190.238,190.454,6407,12
1738591200,190.464,190.813,190.393,190.796,5176,12
1738594800,190.803,191.331,190.782,191.212,8323,12
1738598400,191.217,191.217,190.714,190.879,11269,12
1738602000,190.841,192.252,190.015,192.039,14100,12
1738605600,192.033,192.302,191.575,191.59,11641,12
1738609200,191.595,191.875,191.36,191.664,8978,12
1738612800,191.66,192.086,191.457,192.009,8131,12
1738616400,192.006,192.251,191.886,191.979,6320,13
1738620000,191.981,192.017,191.799,191.88,5315,13
1738623600,191.879,192.824,191.791,192.634,5502,12
1738627200,192.634,192.679,192.347,192.512,2638,62
1738630800,192.511,193.15,192.481,193.037,4460,20
1738634400,193.038,193.101,192.824,192.941,5466,12
1738638000,192.941,192.975,192.57,192.658,6232,17
1738641600,192.66,192.847,192.609,192.778,4848,14
1738645200,192.779,192.779,192.647,192.672,4368,12
1738648800,192.672,192.715,192.611,192.661,3734,15
1738652400,192.662,192.667,191.762,192.463,8628,12
1738656000,192.463,192.633,192.38,192.617,5033,14
1738659600,192.617,192.868,192.542,192.831,6242,12
1738663200,192.825,193.162,192.466,192.81,9443,12
1738666800,192.809,193.037,192.766,193.002,7436,14
1738670400,192.999,193.123,192.803,192.929,6195,12
1738674000,192.913,192.948,192.615,192.644,5619,12
1738677600,192.644,192.79,192.543,192.764,6409,12
1738681200,192.764,193.072,192.754,192.958,7049,13
1738684800,192.961,193.101,192.786,192.961,8488,12
1738688400,192.955,193.088,192.59,192.968,10843,12
1738692000,192.964,193.098,192.744,192.939,7883,13
1738695600,192.941,192.987,192.471,192.558,7690,12
1738699200,192.555,192.679,192.443,192.611,4703,15
1738702800,192.609,192.639,192.461,192.571,4550,12
1738706400,192.573,192.647,192.499,192.642,4260,12
1738710000,192.637,192.682,192.545,192.566,3163,12
1738713600,192.468,192.66,192.442,192.62,1559,51
1738717200,192.615,192.759,192.234,192.28,2470,19
1738720800,192.285,192.557,191.997,192.031,6287,13
1738724400,192.031,192.04,191.473,191.549,7411,12
1738728000,191.545,191.577,191.122,191.413,6351,12
1738731600,191.416,191.457,191.03,191.127,5291,12
1738735200,191.125,191.284,190.983,191.261,4193,15
1738738800,191.261,191.46,191.214,191.276,3827,12
1738742400,191.281,191.438,191.093,191.114,4765,14
1738746000,191.114,191.655,191.019,191.641,7377,12
1738749600,191.654,191.727,191.215,191.395,7786,12
1738753200,191.4,191.589,191.066,191.313,6991,13
1738756800,191.31,191.546,191.099,191.411,6327,12
1738760400,191.412,191.636,191.367,191.567,5369,12
1738764000,191.57,191.698,191.374,191.641,5537,12
1738767600,191.649,191.812,191.485,191.523,9173,12
1738771200,191.522,191.832,191.15,191.223,8808,12
1738774800,191.162,191.162,190.285,190.434,11422,12
1738778400,190.43,190.642,190.378,190.602,8302,12
1738782000,190.602,190.733,190.392,190.487,5740,12
1738785600,190.485,190.613,190.445,190.552,4438,12
1738789200,190.55,190.756,190.542,190.732,4487,13
1738792800,190.723,190.964,190.723,190.889,4261,12
1738796400,190.887,190.937,190.775,190.818,2739,13
1738800000,190.733,190.77,190.661,190.745,1268,53
1738803600,190.746,190.953,190.573,190.822,1882,21
1738807200,190.826,190.895,190.445,190.482,5543,12
1738810800,190.478,190.52,189.884,190.133,6343,15
1738814400,190.126,190.279,190.014,190.214,5195,15
1738818000,190.214,190.246,189.959,190.201,3759,15
1738821600,190.201,190.28,190.072,190.253,3486,14
1738825200,190.263,190.463,190.06,190.268,4015,13
1738828800,190.268,190.495,190.253,190.475,3866,12
1738832400,190.459,190.588,190.203,190.315,6521,12
1738836000,190.315,190.33,189.89,189.979,7183,12
1738839600,189.98,190.267,189.588,189.677,6571,12
1738843200,189.679,189.751,189.233,189.399,5964,12
1738846800,189.404,189.492,189.216,189.332,6496,12
1738850400,189.32,189.447,188.345,188.551,10197,12
1738854000,188.556,188.827,188.236,188.316,9415,12
1738857600,188.318,188.647,188.289,188.492,8877,12
1738861200,188.493,188.721,188.27,188.296,10269,12
1738864800,188.301,189.057,188.296,189.009,7875,12
1738868400,189.008,189.094,188.831,188.943,5467,13
1738872000,188.948,189.027,188.372,188.383,6728,12
1738875600,188.38,188.423,188.059,188.248,5929,12
1738879200,188.251,188.51,188.243,188.504,3901,12
1738882800,188.491,188.494,188.193,188.196,2588,12
1738886400,188.197,188.315,188.121,188.272,1438,54
1738890000,188.269,188.286,187.94,187.959,2124,14
1738893600,187.955,188.143,187.643,187.869,5898,15
1738897200,187.869,188.459,187.863,188.417,6218,12
1738900800,188.421,188.677,188.403,188.575,4731,12
1738904400,188.575,188.596,188.333,188.377,4600,12
1738908000,188.375,188.516,188.322,188.497,3294,14
1738911600,188.498,188.573,188.353,188.449,3985,14
1738915200,188.45,188.67,188.301,188.667,4349,13
1738918800,188.645,188.938,188.61,188.879,5697,13
1738922400,188.879,189.229,188.78,189.142,6515,12
1738926000,189.142,189.266,189.052,189.149,5530,13
1738929600,189.15,189.568,189.129,189.391,5589,15
1738933200,189.391,189.524,189.354,189.477,4632,14
1738936800,189.479,189.549,189.123,189.197,5432,14
1738940400,189.196,189.531,188.671,188.874,10202,12
1738944000,188.873,189.157,188.729,188.8,10445,12
1738947600,188.803,188.864,187.714,188.086,11970,12
1738951200,188.08,188.098,187.042,187.496,11965,12
1738954800,187.494,188.142,187.427,188.095,10945,12
1738958400,188.091,188.296,187.69,187.781,5851,12
1738962000,187.779,188.102,187.67,187.908,6527,12
1738965600,187.907,187.92,187.687,187.712,4901,14
1738969200,187.707,187.857,187.605,187.66,2995,22
1739145600,187.27,187.627,187.086,187.561,3298,70
1739149200,187.563,188.178,187.531,188.157,4400,15
1739152800,188.158,188.252,187.972,188.189,6341,12
1739156400,188.186,188.445,188.178,188.227,6762,12
1739160000,188.226,188.447,188.169,188.367,5689,16
1739163600,188.367,188.429,188.196,188.321,4492,12
1739167200,188.321,188.399,188.229,188.316,3785,15
1739170800,188.316,188.635,188.315,188.424,3862,15
1739174400,188.424,188.485,188.243,188.482,4400,13
1739178000,188.474,188.775,188.474,188.744,6252,12
1739181600,188.746,189.094,188.698,188.917,7725,12
1739185200,188.917,189.137,188.78,188.841,6789,12
1739188800,188.834,188.977,188.762,188.77,4745,13
1739192400,188.763,188.901,188.605,188.647,5077,14
1739196000,188.645,188.668,188.338,188.375,5777,14
1739199600,188.373,188.437,188.114,188.158,6446,12
1739203200,188.156,188.16,187.612,187.711,7611,12
1739206800,187.711,187.974,187.682,187.825,6435,12
1739210400,187.823,187.951,187.758,187.842,6549,12
1739214000,187.842,188.013,187.838,188.009,4546,12
1739217600,188.009,188.083,187.921,188.003,4434,12
1739221200,188.003,188.084,187.93,187.936,3761,14
1739224800,187.944,188.024,187.89,187.89,3306,14
1739228400,187.892,187.98,187.862,187.969,2228,17
1739232000,187.969,187.969,187.799,187.851,2622,30
1739235600,187.865,187.902,187.534,187.598,1966,19
1739239200,187.591,187.69,187.408,187.647,3816,15
1739242800,187.647,187.911,187.644,187.874,4640,12
1739246400,187.874,187.882,187.593,187.634,4130,12
1739250000,187.637,187.796,187.565,187.743,3115,14
1739253600,187.743,187.866,187.741,187.85,2347,14
1739257200,187.85,187.887,187.794,187.829,2161,16
1739260800,187.829,187.906,187.697,187.736,3566,13
1739264400,187.736,187.776,187.48,187.494,5581,13
1739268000,187.495,187.775,187.242,187.664,6937,13
1739271600,187.664,188.041,187.628,187.876,5846,12
1739275200,187.874,188.104,187.849,188.033,5586,15
1739278800,188.033,188.438,188.025,188.378,4656,14
1739282400,188.378,188.654,188.189,188.644,5848,12
1739286000,188.644,188.923,188.551,188.819,6491,14
1739289600,188.828,189.112,188.756,188.938,7277,12
1739293200,188.936,189.446,188.869,189.158,9131,12
1739296800,189.159,189.28,189.071,189.254,6530,13
1739300400,189.253,189.33,189.192,189.283,4646,15
1739304000,189.283,189.472,189.198,189.389,4027,14
1739307600,189.386,189.712,189.368,189.667,4647,12
1739311200,189.666,189.914,189.634,189.848,4442,13
1739314800,189.848,189.848,189.726,189.771,2004,12
1739318400,189.551,189.722,189.484,189.695,2188,51
1739322000,189.703,190.19,189.687,190.154,2070,19
1739325600,190.183,190.66,190.163,190.637,5021,16
1739329200,190.637,191.069,190.392,191.069,5749,15
1739332800,191.07,191.216,190.974,191.062,5191,13
1739336400,191.061,191.339,191.057,191.273,4534,13
1739340000,191.273,191.378,191.13,191.208,4470,15
1739343600,191.209,191.24,191.069,191.074,4367,16
1739347200,191.071,191.258,191.048,191.095,4219,14
1739350800,191.098,191.445,190.905,191.429,5635,14
1739354400,191.434,191.728,190.983,191.05,7043,14
1739358000,191.053,191.135,190.837,191.064,5494,12
1739361600,191.065,191.278,190.965,191.077,5285,12
1739365200,191.068,191.319,191.023,191.261,5370,12
1739368800,191.259,191.364,191.032,191.199,4875,12
1739372400,191.191,191.394,190.503,191.295,10559,12
1739376000,191.297,191.563,191.051,191.542,10278,12
1739379600,191.54,192.286,191.408,192.028,10708,12
1739383200,192.029,192.401,191.791,192.401,8511,12
1739386800,192.395,192.673,192.349,192.584,8810,12
1739390400,192.581,192.647,192.054,192.096,6742,12
1739394000,192.091,192.264,192.059,192.193,4459,12
1739397600,192.192,192.234,192.121,192.184,3800,13
1739401200,192.183,192.232,192.012,192.116,2956,12
1739404800,192.01,192.086,191.935,192.076,2174,55
1739408400,192.049,192.238,191.944,192.02,2165,14
1739412000,192.017,192.325,191.914,192.309,5769,14
1739415600,192.312,192.443,192.095,192.14,6279,12
1739419200,192.14,192.223,192.068,192.188,5040,15
1739422800,192.19,192.448,192.188,192.435,4601,13
1739426400,192.436,192.946,192.428,192.756,5307,12
1739430000,192.756,192.891,192.535,192.566,4565,12
1739433600,192.576,192.68,192.348,192.364,5024,12
1739437200,192.341,193.044,192.341,192.983,7754,12
1739440800,192.984,193.004,192.123,192.146,8503,13
1739444400,192.147,192.461,192.026,192.333,6759,12
1739448000,192.33,192.531,192.096,192.13,5764,13
1739451600,192.128,192.326,191.717,191.922,6071,12
1739455200,191.922,191.922,191.6,191.798,7045,12
1739458800,191.797,191.851,191.282,191.437,8650,12
1739462400,191.44,191.621,191.164,191.62,9371,12
1739466000,191.622,192.246,191.498,191.764,11220,12
1739469600,191.768,191.908,191.685,191.862,7304,12
1739473200,191.867,191.998,191.769,191.785,5462,14
1739476800,191.783,191.96,191.255,191.707,8918,12
1739480400,191.707,191.824,191.558,191.725,7518,12
1739484000,191.724,191.926,191.68,191.841,4560,12
1739487600,191.838,192.023,191.817,191.991,2411,12
1739491200,191.833,192.045,191.726,192.028,1363,55
1739494800,192.028,192.342,191.976,192.212,3177,12
1739498400,192.24,192.275,191.612,191.723,6315,12
1739502000,191.722,191.787,191.528,191.671,6016,13
1739505600,191.675,192.027,191.624,191.941,4324,13
1739509200,191.935,192.103,191.903,191.929,3538,13
1739512800,191.929,192.032,191.609,191.628,3164,18
1739516400,191.627,191.698,191.466,191.578,3064,15
1739520000,191.57,191.76,191.485,191.533,4564,12
1739523600,191.531,191.975,191.475,191.866,7334,12
1739527200,191.864,192.327,191.813,192.221,8791,12
1739530800,192.219,192.386,191.948,191.974,5949,12
1739534400,191.97,192.017,191.78,191.842,5610,12
1739538000,191.835,192.182,191.746,192.116,4932,13
1739541600,192.112,192.217,191.974,192.214,5415,14
1739545200,192.212,192.498,191.684,191.78,9172,12
1739548800,191.781,192.241,191.725,192.222,8952,12
1739552400,192.223,192.254,191.845,191.953,8378,12
1739556000,191.946,192.015,191.63,191.913,6180,13
1739559600,191.913,192.068,191.861,192.023,4489,13
1739563200,192.019,192.085,191.848,191.92,3660,12
1739566800,191.921,191.943,191.669,191.705,3979,12
1739570400,191.707,191.778,191.685,191.716,3223,12
1739574000,191.703,191.728,191.59,191.651,1738,16
1739750400,191.538,191.662,191.469,191.651,1523,68
1739754000,191.647,191.723,191.237,191.274,3781,15
1739757600,191.273,191.394,191.033,191.144,5500,12
1739761200,191.138,191.392,190.939,191.371,5971,14
1739764800,191.37,191.394,190.785,190.87,5566,14
1739768400,190.868,191.001,190.845,190.906,4709,17
1739772000,190.905,191.123,190.885,191.046,3419,18
1739775600,191.046,191.055,190.702,190.735,5098,13
1739779200,190.735,191.198,190.695,191.105,5382,15
1739782800,191.107,191.304,190.862,191.271,5982,12
1739786400,191.271,191.361,191.043,191.073,6838,12
1739790000,191.068,191.308,191.008,191.134,5223,14
1739793600,191.134,191.188,190.94,191.059,4687,12
1739797200,191.059,191.208,190.82,190.917,4372,13
1739800800,190.92,190.993,190.673,190.796,4653,13
1739804400,190.796,190.897,190.713,190.743,3298,16
1739808000,190.742,190.786,190.623,190.776,3889,13
1739811600,190.776,190.858,190.679,190.813,4478,12
1739815200,190.809,190.982,190.764,190.95,2649,12
1739818800,190.951,191.182,190.939,191.077,2034,14
1739822400,191.077,191.145,191.043,191.136,1522,12
1739826000,191.136,191.274,191.111,191.171,2164,14
1739829600,191.171,191.2,191.14,191.173,1840,12
1739833200,191.173,191.304,191.173,191.23,1960,18
1739836800,191.236,191.248,191.041,191.199,1367,52
1739840400,191.192,191.318,190.832,191.118,1970,14
1739844000,191.118,191.366,191.089,191.267,5390,14
1739847600,191.271,191.327,191.135,191.256,6222,16
1739851200,191.256,191.455,191.205,191.402,4175,12
1739854800,191.402,191.673,191.366,191.658,5189,16
1739858400,191.659,191.742,191.534,191.656,4128,14
1739862000,191.656,191.718,191.447,191.486,3575,17
1739865600,191.486,191.58,191.322,191.459,4438,17
1739869200,191.459,191.804,191.403,191.802,5632,12
1739872800,191.797,191.944,191.565,191.595,6560,12
1739876400,191.595,191.676,191.344,191.416,5685,13
1739880000,191.416,191.439,191.058,191.147,4791,13
1739883600,191.146,191.337,191.109,191.246,4351,12
1739887200,191.246,191.411,190.957,190.988,5387,12
1739890800,190.989,191.125,190.921,191.011,7114,12
1739894400,191.009,191.408,190.923,191.37,8705,12
1739898000,191.372,191.394,191.143,191.309,8873,12
1739901600,191.309,191.502,191.28,191.428,7117,12
1739905200,191.427,191.514,191.334,191.429,5275,12
1739908800,191.429,191.507,191.324,191.506,4914,12
1739912400,191.506,191.513,191.375,191.382,4436,12
1739916000,191.382,191.663,191.359,191.635,4344,12
1739919600,191.635,191.82,191.624,191.763,2309,12
1739923200,191.661,192.146,191.585,192.097,3503,45
1739926800,192.102,192.105,191.773,191.783,2195,12
1739930400,191.783,191.916,191.622,191.861,5858,12
1739934000,191.859,191.911,191.335,191.886,8590,13
1739937600,191.885,192.108,191.698,191.794,7523,12
1739941200,191.794,191.845,191.576,191.62,5027,12
1739944800,191.62,191.656,191.42,191.461,4281,14
1739948400,191.461,191.586,191.406,191.575,4220,15
1739952000,191.573,191.584,191.276,191.303,6305,12
1739955600,191.304,191.605,191.227,191.36,7196,12
1739959200,191.36,191.728,191.253,191.352,8489,12
1739962800,191.352,191.503,191.061,191.144,6512,12
1739966400,191.148,191.294,190.931,191.06,6413,12
1739970000,191.06,191.267,191.021,191.079,7448,12
1739973600,191.079,191.279,190.889,191.189,6753,13
1739977200,191.194,191.236,190.978,190.989,7573,12
1739980800,190.987,191.043,190.497,190.557,9464,12
1739984400,190.556,190.891,190.444,190.622,10453,12
1739988000,190.626,190.815,190.523,190.662,7999,12
1739991600,190.662,190.809,190.529,190.734,5518,12
1739995200,190.734,190.82,190.657,190.682,5472,13
1739998800,190.679,190.714,190.507,190.669,7564,14
1740002400,190.669,190.707,190.569,190.669,5088,15
1740006000,190.669,190.706,190.616,190.63,2105,12
1740009600,190.63,190.63,190.402,190.442,703,29
1740013200,190.443,190.514,190.089,190.276,3681,14
1740016800,190.277,190.314,189.912,190.114,9230,12
1740020400,190.114,190.132,189.494,189.541,10314,12
1740024000,189.539,189.865,189.357,189.791,9029,12
1740027600,189.791,189.807,189.39,189.423,5879,12
1740031200,189.423,189.469,189.163,189.219,5941,12
1740034800,189.218,189.411,189.153,189.406,5558,13
1740038400,189.406,189.419,188.863,188.904,6646,12
1740042000,188.903,189.239,188.783,189.141,7432,12
1740045600,189.14,189.658,189.122,189.546,8442,12
1740049200,189.546,189.731,189.39,189.59,6831,13
1740052800,189.59,189.59,189.307,189.341,6627,12
1740056400,189.337,189.405,189.183,189.403,5573,14
1740060000,189.413,189.442,189.06,189.096,9068,12
1740063600,189.096,189.367,188.918,189.291,10598,12
1740067200,189.29,189.446,188.939,188.957,12247,12
1740070800,188.957,189.232,188.677,188.98,13756,12
1740074400,188.981,189.249,188.925,189.155,10362,12
1740078000,189.157,189.238,189.056,189.109,7628,12
1740081600,189.109,189.459,189.092,189.44,6014,12
1740085200,189.439,189.783,189.435,189.756,5586,12
1740088800,189.756,189.784,189.563,189.605,4652,12
1740092400,189.605,189.605,189.528,189.534,2275,14
1740096000,189.417,189.533,189.28,189.412,1942,67
1740099600,189.39,189.594,189.178,189.378,5346,12
1740103200,189.367,189.8,189.351,189.666,8582,12
1740106800,189.663,190.392,189.621,190.263,9070,12
1740110400,190.263,190.915,190.152,190.692,8208,12
1740114000,190.692,190.717,190.311,190.434,5594,12
1740117600,190.436,190.449,190.182,190.377,4733,12
1740121200,190.38,190.474,190.298,190.347,5195,12
1740124800,190.347,190.616,190.273,190.537,5908,12
1740128400,190.529,190.933,190.529,190.719,9647,12
1740132000,190.722,190.772,190.288,190.428,12724,12
1740135600,190.442,190.476,189.998,190.339,9108,13
1740139200,190.337,190.398,190.157,190.169,5967,12
1740142800,190.166,190.23,189.939,190.008,5341,12
1740146400,190.007,190.227,189.979,190.185,5711,12
1740150000,190.184,190.362,190.053,190.223,8603,12
1740153600,190.221,190.282,189.492,189.56,10987,12
1740157200,189.555,189.594,188.895,188.997,14527,12
1740160800,188.997,189.2,188.837,189.018,8652,12
1740164400,189.02,189.082,188.629,188.674,8999,12
1740168000,188.674,188.674,188.227,188.404,12212,12
1740171600,188.404,188.411,188.141,188.292,10159,12
1740175200,188.286,188.447,188.244,188.355,7940,12
1740178800,188.355,188.596,188.327,188.463,3437,15
1740355200,188.424,188.676,188.413,188.591,2401,52
1740358800,188.591,189.022,188.534,188.964,4495,13
1740362400,188.965,188.966,188.596,188.626,10468,12
1740366000,188.626,189.228,188.626,189.199,10994,12
1740369600,189.2,189.575,189.2,189.286,9219,13
1740373200,189.286,189.454,189.068,189.146,5989,12
1740376800,189.146,189.254,189.109,189.152,4809,14
1740380400,189.152,189.438,189.076,189.353,6230,13
1740384000,189.353,189.426,189.202,189.297,7087,13
1740387600,189.291,189.375,188.724,188.969,10284,12
1740391200,188.969,189.06,188.462,188.98,12199,12
1740394800,188.98,189.251,188.799,189.007,9620,12
1740398400,189.004,189.18,188.868,189.161,7367,12
1740402000,189.162,189.342,189.083,189.248,6585,12
1740405600,189.246,189.338,189.084,189.258,6542,12
1740409200,189.258,189.51,189.111,189.364,8530,13
1740412800,189.364,189.462,188.347,188.411,13312,12
1740416400,188.412,188.723,188.217,188.407,16826,12
1740420000,188.408,189.199,188.406,189.038,11555,12
1740423600,189.038,189.287,189.01,189.063,9982,12
1740427200,189.062,189.147,188.943,189.126,7481,12
1740430800,189.125,189.312,189.023,189.071,8119,12
1740434400,189.072,189.198,188.88,188.982,8541,12
1740438000,188.981,189.09,188.932,188.991,2962,15
1740441600,188.991,189.076,188.855,189.055,2046,47
1740445200,189.055,189.155,188.99,189.134,3551,14
1740448800,189.135,189.5,189.134,189.457,7014,12
1740452400,189.457,189.657,189.378,189.402,7540,12
1740456000,189.403,189.455,189.273,189.291,6792,13
1740459600,189.291,189.352,189.004,189.054,5506,13
1740463200,189.054,189.117,188.834,188.937,5989,14
1740466800,188.935,189.239,188.906,189.185,4715,13
1740470400,189.185,189.288,189.064,189.157,6127,12
1740474000,189.157,189.196,188.238,188.273,11402,12
1740477600,188.279,188.844,188.159,188.602,12120,12
1740481200,188.602,189.057,188.565,188.842,10430,12
1740484800,188.842,189.154,188.806,189.083,8352,12
1740488400,189.083,189.575,189.017,189.548,8417,12
1740492000,189.549,189.549,189.178,189.454,10145,12
1740495600,189.455,189.735,189.258,189.335,10564,12
1740499200,189.336,189.4,188.807,188.878,12773,12
1740502800,188.879,188.879,188.266,188.625,18162,12
1740506400,188.621,188.71,188.15,188.6,13867,12
1740510000,188.599,188.77,188.367,188.764,9909,12
1740513600,188.764,189.114,188.716,188.92,10245,12
1740517200,188.922,188.931,188.691,188.865,10081,12
1740520800,188.856,188.973,188.658,188.718,8747,12
1740524400,188.718,188.854,188.694,188.709,3975,14
1740528000,188.709,188.878,188.58,188.867,2213,33
1740531600,188.867,188.999,188.67,188.873,3201,13
1740535200,188.871,188.898,188.384,188.738,7848,12
1740538800,188.74,188.997,188.463,188.979,7668,12
1740542400,188.979,189.169,188.899,189.142,7457,12
1740546000,189.135,189.222,188.873,188.97,5788,12
1740549600,188.97,189.114,188.823,188.894,4803,12
1740553200,188.894,189.103,188.816,188.856,6110,12
1740556800,188.856,189.212,188.831,189.183,6389,12
1740560400,189.182,189.238,188.939,189.121,10397,12
1740564000,189.119,189.24,188.714,188.866,11413,12
1740567600,188.866,189.066,188.843,188.983,8615,12
1740571200,188.983,189.067,188.77,189.059,7605,12
1740574800,189.059,189.184,188.985,189.146,6502,14
1740578400,189.147,189.261,188.98,189.148,7782,12
1740582000,189.154,189.351,189.01,189.215,10231,12
1740585600,189.214,189.661,189.004,189.542,12985,12
1740589200,189.543,189.859,189.492,189.757,15983,12
1740592800,189.754,189.824,189.274,189.299,12542,12
1740596400,189.297,189.557,189.049,189.177,13696,12
1740600000,189.175,189.28,188.7,188.847,11548,12
1740603600,188.847,188.921,188.611,188.78,11402,12
1740607200,188.78,188.947,188.678,188.885,7955,13
1740610800,188.888,189.128,188.851,188.941,4547,12
1740614400,188.856,188.996,188.708,188.826,1083,89
1740618000,188.827,188.894,188.639,188.778,3534,16
1740621600,188.778,188.953,188.561,188.883,8656,12
1740625200,188.883,189.197,188.773,189.147,7779,12
1740628800,189.158,189.182,188.893,188.971,6634,13
1740632400,188.979,189.134,188.852,188.858,5838,13
1740636000,188.856,188.911,188.613,188.668,5377,13
1740639600,188.67,188.993,188.663,188.981,5950,15
1740643200,188.983,189.125,188.918,188.998,6638,14
1740646800,188.998,189.1,188.88,189.061,8086,12
1740650400,189.058,189.761,188.919,189.705,10119,12
1740654000,189.704,190.096,189.617,189.968,8286,12
1740657600,189.968,190.071,189.816,189.99,7380,12
1740661200,189.99,190.101,189.692,189.822,6860,12
1740664800,189.822,189.924,189.457,189.555,8956,12
1740668400,189.555,189.763,188.987,189.131,15182,12
1740672000,189.13,189.691,188.974,189.085,17652,12
1740675600,189.085,189.568,188.863,189.336,20367,12
1740679200,189.336,189.538,189.071,189.153,15162,12
1740682800,189.153,189.26,189.034,189.14,10850,12
1740686400,189.14,189.598,189.117,189.559,8211,12
1740690000,189.559,189.571,188.824,188.942,11898,12
1740693600,188.94,188.955,188.607,188.79,10804,12
1740697200,188.801,188.813,188.625,188.759,4461,12
1740700800,188.759,188.783,188.601,188.715,1789,39
1740704400,188.681,189.07,188.46,189.053,4153,13
1740708000,189.055,189.125,188.26,188.29,9083,12
1740711600,188.303,188.478,188.014,188.024,10871,12
1740715200,188.023,188.206,187.67,188.157,8846,12
1740718800,188.158,188.341,188.054,188.259,6658,12
1740722400,188.262,188.408,188.118,188.239,5209,12
1740726000,188.239,188.613,188.204,188.564,5500,12
1740729600,188.565,188.828,188.483,188.739,7106,12
1740733200,188.734,189.507,188.607,189.357,10690,12
1740736800,189.358,189.87,189.304,189.703,11229,12
1740740400,189.703,189.848,189.153,189.237,9577,12
1740744000,189.234,189.48,189.214,189.354,6748,12
1740747600,189.354,189.472,189.246,189.414,6107,12
1740751200,189.414,189.912,189.397,189.842,8295,12
1740754800,189.841,190.214,189.801,189.849,14182,12
1740758400,189.849,190.134,189.406,189.906,16039,12
1740762000,189.904,190.309,189.614,189.731,18810,12
1740765600,189.734,189.859,189.078,189.631,15751,12
1740769200,189.631,189.715,189.278,189.297,13709,12
1740772800,189.296,189.39,188.823,188.835,16051,12
1740776400,188.828,189.345,188.795,189.247,12238,12
1740780000,189.255,189.478,189.086,189.348,11357,12
1740783600,189.351,189.46,189.291,189.298,3621,14
1740960000,189.504,189.757,189.502,189.727,1464,75
1740963600,189.716,190.315,189.705,190.045,7025,14
1740967200,190.044,190.185,189.667,189.714,11164,12
1740970800,189.727,190.035,189.533,189.633,10942,12
1740974400,189.632,189.743,189.492,189.612,7558,12
1740978000,189.608,189.67,189.287,189.593,8305,12
1740981600,189.593,189.707,189.456,189.463,5329,13
1740985200,189.463,189.74,189.461,189.589,5716,13
1740988800,189.589,189.638,189.376,189.535,7803,12
1740992400,189.532,189.578,189.2,189.227,9932,12
1740996000,189.231,189.345,188.809,188.999,11566,12
1740999600,189.011,189.892,188.928,189.862,9337,12
1741003200,189.861,190.797,189.861,190.747,10985,12
1741006800,190.748,191.47,190.68,191.422,10390,12
1741010400,191.417,191.974,191.327,191.873,12523,12
1741014000,191.873,191.925,191.339,191.41,12206,12
1741017600,191.414,191.546,191.053,191.07,13998,12
1741021200,191.08,191.109,190.538,190.77,19793,12
1741024800,190.782,191.022,190.628,190.844,14993,12
1741028400,190.83,191.132,190.773,190.97,9929,12
1741032000,190.969,191.051,190.702,190.806,12596,12
1741035600,190.803,191.008,190.522,190.672,11950,12
1741039200,190.674,190.681,189.077,189.718,18871,12
1741042800,189.716,190.049,189.699,189.811,5988,12
1741046400,189.809,190.026,189.738,189.957,2026,48
1741050000,189.944,190.051,189.426,189.634,5301,12
1741053600,189.653,189.945,189.071,189.409,11328,12
1741057200,189.408,189.541,188.788,189.094,13712,12
1741060800,189.091,189.613,188.971,189.426,10174,12
1741064400,189.426,189.514,189.101,189.243,8916,12
1741068000,189.243,189.364,188.954,189.317,7638,12
1741071600,189.322,189.699,189.099,189.64,9794,12
1741075200,189.641,189.892,189.425,189.867,8704,12
1741078800,189.87,189.934,189.233,189.722,13872,12
1741082400,189.719,190.111,189.122,189.621,17764,12
1741086000,189.615,189.764,189.193,189.652,12923,12
1741089600,189.65,189.65,189.097,189.3,11064,12
1741093200,189.296,189.359,188.737,189.018,10605,12
1741096800,189.003,189.011,188.713,188.925,13151,12
1741100400,188.905,189.174,188.537,188.549,15105,12
1741104000,188.548,189.125,188.505,188.634,20453,12
1741107600,188.624,188.98,188.239,188.638,21745,12
1741111200,188.639,189.478,188.434,189.354,17870,12
1741114800,189.356,189.719,189.325,189.546,15631,12
1741118400,189.549,190.525,189.5,190.462,17462,12
1741122000,190.459,190.998,190.451,190.93,14869,12
1741125600,190.927,191.343,190.525,190.61,15904,12
1741129200,190.604,191.782,190.555,191.467,10174,12
1741132800,191.47,191.589,191.349,191.502,1812,57
1741136400,191.491,191.891,191.374,191.699,4387,17
1741140000,191.695,191.735,191.229,191.723,11460,12
1741143600,191.724,192.082,191.521,191.615,14366,12
1741147200,191.621,191.652,191.231,191.317,10309,12
1741150800,191.317,191.829,191.167,191.752,9772,12
1741154400,191.754,191.763,191.432,191.581,6672,12
1741158000,191.578,191.741,191.475,191.556,6368,14
1741161600,191.553,191.619,191.289,191.555,8346,13
1741165200,191.551,191.864,191.394,191.592,14063,12
1741168800,191.591,192.312,191.376,191.649,16354,12
1741172400,191.65,191.916,191.484,191.727,13274,12
1741176000,191.735,191.989,191.485,191.621,10728,13
1741179600,191.62,191.867,191.379,191.57,10674,12
1741183200,191.576,191.828,191.456,191.556,13290,12
1741186800,191.56,191.847,190.869,191.07,18362,12
1741190400,191.077,191.293,190.882,190.957,18797,12
1741194000,191.059,191.871,190.946,191.596,22275,12
1741197600,191.589,191.591,190.908,191.39,19287,12
1741201200,191.389,191.778,191.199,191.717,16013,12
1741204800,191.725,191.98,191.476,191.967,15305,12
1741208400,191.964,192.226,191.867,191.879,11487,12
1741212000,191.878,192.054,191.825,192.047,9672,13
1741215600,192.035,192.103,191.91,191.96,5582,12
1741219200,191.93,191.93,191.765,191.853,3699,53
1741222800,191.845,192.009,191.699,191.898,3472,16
1741226400,191.893,192.538,191.848,192.281,7937,12
1741230000,192.283,192.519,192.175,192.272,8654,12
1741233600,192.272,192.428,192.12,192.412,8945,12
1741237200,192.412,192.423,192.173,192.311,6825,12
1741240800,192.311,192.517,192.186,192.461,5341,12
1741244400,192.466,192.484,192.143,192.149,7113,12
1741248000,192.147,192.173,191.874,191.908,7909,12
1741251600,191.907,191.951,191.421,191.516,14879,12
1741255200,191.519,191.559,190.947,191.037,17795,12
1741258800,191.03,191.03,190.261,190.415,16720,12
1741262400,190.411,190.693,190.134,190.344,13334,12
1741266000,190.344,190.596,190.204,190.387,11330,12
1741269600,190.389,190.588,190.151,190.212,11602,12
1741273200,190.204,190.333,189.875,190.128,17006,12
1741276800,190.123,190.561,189.919,190.39,21366,12
1741280400,190.379,191.186,190.295,191.085,22412,12
1741284000,191.096,191.501,190.666,190.706,20119,12
1741287600,190.695,190.888,190.341,190.624,17247,12
1741291200,190.621,190.796,190.293,190.436,13930,12
1741294800,190.436,190.764,190.15,190.428,13352,12
1741298400,190.427,190.601,190.29,190.352,12903,12
1741302000,190.352,190.663,190.341,190.582,4218,12
1741305600,190.477,190.656,190.221,190.562,1539,58
1741309200,190.557,190.86,190.537,190.849,3788,15
1741312800,190.849,190.866,190.218,190.594,8844,12
1741316400,190.595,190.777,190.455,190.541,9432,12
1741320000,190.541,190.653,190.118,190.174,8191,12
1741323600,190.175,190.253,189.995,190.217,7108,14
1741327200,190.217,190.315,190.028,190.279,5744,12
1741330800,190.278,190.383,189.976,189.982,6829,12
1741334400,189.982,190.313,189.911,190.219,7747,13
1741338000,190.208,190.664,190.198,190.529,11229,12
1741341600,190.526,190.86,190.197,190.362,15069,12
1741345200,190.362,190.875,190.282,190.757,12513,12
1741348800,190.754,190.84,190.502,190.639,9512,12
1741352400,190.641,190.854,190.502,190.808,8647,12
1741356000,190.802,190.872,190.565,190.74,11076,12
1741359600,190.732,191.033,189.864,189.958,19138,12
1741363200,189.962,190.839,189.795,190.576,21858,12
1741366800,190.575,191.024,189.92,190.642,22867,12
1741370400,190.632,190.745,189.82,190.016,18398,12
1741374000,190.031,190.617,189.653,190.357,16329,12
1741377600,190.361,191.054,190.338,191.051,16147,12
1741381200,191.053,191.421,190.864,191.256,13422,12
1741384800,191.255,191.418,191.102,191.225,11550,12
1741388400,191.22,191.332,191.094,191.17,3731,12
1741564800,190.967,191.041,190.537,190.556,1122,98
1741568400,190.586,191.001,190.586,190.692,5506,15
1741572000,190.691,190.977,190.606,190.844,6932,12
1741575600,190.84,190.947,190.49,190.557,10209,12
1741579200,190.545,190.777,190.289,190.582,10403,12
1741582800,190.581,190.735,190.392,190.58,7085,12
1741586400,190.578,190.776,190.512,190.619,6224,12
1741590000,190.619,190.689,190.52,190.548,4865,13
1741593600,190.546,190.783,190.476,190.479,6170,12
1741597200,190.491,190.809,190.46,190.736,7727,12
1741600800,190.739,190.907,190.2,190.326,11215,12
1741604400,190.322,190.384,189.458,189.524,14874,12
1741608000,189.525,190.24,189.46,190.073,12652,12
1741611600,190.076,190.195,189.789,189.824,12268,12
1741615200,189.827,190.189,189.542,190.123,13151,12
1741618800,190.12,190.193,189.793,190.133,13219,12
1741622400,190.13,190.417,189.886,190.069,17358,12
1741626000,190.062,190.062,189.298,189.574,20115,12
1741629600,189.596,190.104,189.552,189.89,17364,12
1741633200,189.89,190.018,189.652,189.877,13762,12
1741636800,189.877,189.959,189.514,189.528,13316,12
1741640400,189.526,189.747,189.38,189.484,13108,12
1741644000,189.477,189.844,189.174,189.665,13555,12
1741647600,189.668,189.742,189.479,189.578,5415,12
1741651200,189.578,189.617,189.465,189.484,815,60
1741654800,189.484,189.501,189.21,189.226,3639,18
1741658400,189.23,189.386,188.994,189.358,7982,12
1741662000,189.357,189.374,188.791,189.083,11553,12
1741665600,189.08,189.303,188.787,189.22,12395,12
1741669200,189.219,189.745,189.153,189.356,11967,12
1741672800,189.356,189.69,189.356,189.622,9773,12
1741676400,189.616,189.805,189.455,189.503,7206,12
1741680000,189.503,189.631,189.378,189.565,7022,13
1741683600,189.562,190.091,189.524,189.844,10545,12
1741687200,189.859,189.952,189.538,189.67,13219,12
1741690800,189.664,190.492,189.596,190.431,14434,12
1741694400,190.429,190.718,190.309,190.605,12161,12
1741698000,190.604,190.906,190.577,190.731,10499,12
1741701600,190.729,191.052,190.562,190.758,10180,12
1741705200,190.756,191.472,190.622,191.275,12908,12
1741708800,191.292,191.583,190.929,191.07,18456,12
1741712400,191.055,191.45,190.305,190.516,23932,12
1741716000,190.513,191.326,190.431,190.93,19879,12
1741719600,190.928,190.928,190.522,190.546,16350,12
1741723200,190.546,190.614,190.222,190.593,14422,12
1741726800,190.587,191.675,190.55,191.579,17397,12
1741730400,191.578,191.666,191.281,191.366,14586,12
1741734000,191.365,191.458,191.204,191.204,4464,13
1741737600,191.211,191.421,191.117,191.205,1365,85
1741741200,191.188,191.539,191.185,191.484,2424,12
1741744800,191.484,191.682,191.377,191.624,5527,12
1741748400,191.619,191.749,191.359,191.616,8805,12
1741752000,191.616,191.632,191.245,191.505,9066,12
1741755600,191.505,191.574,191.319,191.462,6762,12
1741759200,191.462,191.546,191.244,191.34,5428,12
1741762800,191.347,191.587,191.329,191.456,5842,15
1741766400,191.457,191.63,191.399,191.439,7724,12
1741770000,191.441,191.677,191.287,191.622,7293,12
1741773600,191.628,192.14,191.572,192.101,10443,12
1741777200,192.098,192.161,191.636,191.98,12730,12
1741780800,191.979,192.371,191.912,192.205,9135,12
1741784400,192.203,192.494,192.191,192.289,8062,12
1741788000,192.289,192.709,192.288,192.507,8877,12
1741791600,192.508,193.101,192.316,193.011,16448,12
1741795200,193.008,193.067,192.161,192.339,17965,12
1741798800,192.336,192.36,191.833,192.013,17155,12
1741802400,192.007,192.418,191.824,192.328,14296,12
1741806000,192.328,192.671,192.22,192.355,12436,12
1741809600,192.359,192.454,192.051,192.066,10739,12
1741813200,192.068,192.433,192.052,192.355,9370,12
1741816800,192.355,192.452,192.225,192.362,9350,12
1741820400,192.359,192.386,192.006,192.006,3192,13
1741824000,192.006,192.164,191.961,192.086,931,34
1741827600,192.079,192.254,191.989,192.177,1643,17
1741831200,192.175,192.251,191.974,192.251,3720,12
1741834800,192.251,192.337,192.032,192.047,6693,13
1741838400,192.044,192.303,192.02,192.047,7844,12
1741842000,192.047,192.248,192.041,192.181,5943,13
1741845600,192.181,192.2,191.805,191.822,4971,12
1741849200,191.822,191.898,191.552,191.636,6032,14
1741852800,191.634,191.686,191.361,191.42,7997,12
1741856400,191.422,191.52,191.164,191.392,8748,12
1741860000,191.392,191.567,191.313,191.43,11103,12
1741863600,191.431,191.67,191.156,191.515,13350,12
1741867200,191.515,192.002,191.363,191.989,9758,12
1741870800,191.989,192.079,191.79,191.948,8872,12
1741874400,191.945,191.992,191.257,191.365,10244,12
1741878000,191.363,191.838,191.189,191.665,14885,12
1741881600,191.665,191.832,191.451,191.588,15891,12
1741885200,191.581,191.925,191.47,191.601,16078,12
1741888800,191.603,191.673,190.997,191.176,16607,12
1741892400,191.172,191.342,190.983,191.065,13353,13
1741896000,191.067,191.148,190.736,191.027,11089,12
1741899600,191.027,191.402,191.012,191.341,10116,12
1741903200,191.343,191.403,191.074,191.18,9423,14
1741906800,191.178,191.493,191.175,191.209,3400,12
1741910400,191.209,191.401,191.209,191.26,1016,82
1741914000,191.224,191.663,191.214,191.585,1866,13
1741917600,191.583,191.705,191.491,191.651,4151,12
1741921200,191.648,192.12,191.547,191.959,8612,12
1741924800,191.961,192.105,191.732,191.756,8629,13
1741928400,191.754,191.889,191.734,191.822,6174,12
1741932000,191.822,192.019,191.819,191.994,7178,12
1741935600,191.994,192.193,191.977,192.158,6499,12
1741939200,192.158,192.393,192.152,192.244,6509,12
1741942800,192.246,192.501,192.157,192.395,6785,13
1741946400,192.399,192.666,192.05,192.236,11361,12
1741950000,192.233,192.612,192.092,192.542,10808,12
1741953600,192.542,192.62,192.378,192.576,9388,12
1741957200,192.575,192.742,192.172,192.564,11285,12
1741960800,192.56,192.616,192.272,192.429,11081,12
1741964400,192.429,192.654,192.337,192.374,10040,12
1741968000,192.374,192.523,192.118,192.282,11759,12
1741971600,192.271,192.683,191.797,191.89,17456,12
1741975200,191.894,192.06,191.665,191.803,12603,12
1741978800,191.804,191.829,191.455,191.736,9549,12
1741982400,191.727,191.964,191.727,191.9,6849,12
1741986000,191.9,192.129,191.899,192.077,5661,13
1741989600,192.07,192.295,192.026,192.266,4450,13
1741993200,192.264,192.344,192.123,192.123,3483,15
1742169600,192.119,192.441,192.09,192.271,1410,68
1742173200,192.271,192.397,192.101,192.101,3229,12
1742176800,192.107,192.296,191.953,192.091,5598,12
1742180400,192.082,192.495,191.98,192.378,7342,12
1742184000,192.38,192.517,192.244,192.258,7548,13
1742187600,192.255,192.359,192.145,192.28,6157,13
1742191200,192.277,192.473,192.172,192.381,5136,13
1742194800,192.381,192.801,192.38,192.773,5309,13
1742198400,192.773,192.785,192.538,192.687,5554,12
1742202000,192.689,192.841,192.479,192.602,6527,12
1742205600,192.602,192.743,192.433,192.553,8003,12
1742209200,192.561,192.804,192.357,192.728,10788,12
1742212800,192.736,192.786,192.464,192.553,8672,12
1742216400,192.556,192.766,192.397,192.618,7644,12
1742220000,192.618,192.727,192.465,192.566,6631,12
1742223600,192.566,193.183,192.348,193.038,12107,12
1742227200,193.039,193.475,192.942,193.148,13440,12
1742230800,193.144,193.195,192.776,192.906,14578,12
1742234400,192.907,193.018,192.76,192.89,11341,12
1742238000,192.89,193.214,192.834,193.205,7487,12
1742241600,193.21,193.573,193.125,193.543,6724,12
1742245200,193.543,193.927,193.508,193.876,7482,12
1742248800,193.874,193.958,193.757,193.764,5924,12
1742252400,193.764,193.914,193.592,193.758,4083,13
1742256000,193.758,193.862,193.673,193.673,831,38
1742259600,193.665,193.946,193.661,193.933,1424,19
1742263200,193.934,194.009,193.883,193.963,3722,15
1742266800,193.963,194.088,193.809,194.047,6396,12
1742270400,194.047,194.157,193.943,193.972,6363,12
1742274000,193.972,194.264,193.938,194.179,6117,12
1742277600,194.179,194.23,194.101,194.196,4359,12
1742281200,194.196,194.263,194.049,194.077,3973,12
1742284800,194.076,194.271,194.023,194.271,3747,12
1742288400,194.272,194.423,194.253,194.348,5431,12
1742292000,194.346,194.61,194.311,194.576,7087,12
1742295600,194.574,194.898,194.536,194.62,8627,12
1742299200,194.621,194.795,194.42,194.732,7142,12
1742302800,194.732,194.789,194.308,194.396,7894,12
1742306400,194.398,194.416,194.129,194.137,7071,12
1742310000,194.137,194.354,194.057,194.337,9201,12
1742313600,194.338,194.44,193.867,193.979,13350,12
1742317200,193.979,194.249,193.831,194.097,13940,12
1742320800,194.092,194.181,193.802,194.099,12959,12
1742324400,194.1,194.4,193.992,194.224,9867,12
1742328000,194.22,194.24,193.979,194.093,9232,12
1742331600,194.1,194.127,193.849,194.069,8281,12
1742335200,194.059,194.151,193.974,194.149,6851,12
1742338800,194.147,194.224,193.955,193.955,2984,12
1742342400,193.955,194.061,193.941,194.017,845,37
1742346000,194.017,194.209,193.948,194.196,1282,12
1742349600,194.196,194.3,194.092,194.262,2865,16
1742353200,194.263,194.486,194.081,194.424,6557,12
1742356800,194.424,194.471,194.179,194.205,5389,12
1742360400,194.207,194.362,193.936,194.221,5719,12
1742364000,194.221,194.258,194.001,194.027,4026,12
1742367600,194.03,194.243,193.978,194.198,3955,12
1742371200,194.205,194.468,194.204,194.462,4357,12
1742374800,194.462,194.681,194.157,194.221,7269,12
1742378400,194.222,194.225,193.246,193.625,12746,12
1742382000,193.627,194.19,193.612,194.116,9505,12
1742385600,194.115,194.359,193.946,194.261,7060,12
1742389200,194.262,194.299,194.017,194.181,6522,12
1742392800,194.181,194.501,194.172,194.42,7046,12
1742396400,194.419,194.486,194.09,194.221,7375,12
1742400000,194.223,194.627,194.114,194.578,9821,12
1742403600,194.577,194.698,194.256,194.336,9990,12
1742407200,194.337,194.55,194.194,194.522,7730,12
1742410800,194.52,194.581,194.333,194.527,6386,12
1742414400,194.529,194.542,194.213,194.302,6563,12
1742418000,194.302,194.378,193.332,193.565,17094,12
1742421600,193.574,193.718,193.301,193.46,13804,12
1742425200,193.458,193.557,193.137,193.137,4129,12
1742428800,193.137,193.51,193.136,193.51,1448,42
1742432400,193.51,193.592,193.22,193.258,2776,20
1742436000,193.26,193.404,193.136,193.138,3963,14
1742439600,193.138,193.156,192.873,192.919,6264,12
1742443200,192.919,193.005,192.749,192.823,5975,12
1742446800,192.823,193.047,192.798,193.044,5684,12
1742450400,193.049,193.114,192.942,192.981,4561,12
1742454000,192.981,193.003,192.873,192.933,3065,12
1742457600,192.934,192.941,192.769,192.78,3859,12
1742461200,192.779,192.78,192.503,192.574,5205,12
1742464800,192.574,192.801,192.501,192.736,8719,12
1742468400,192.734,192.924,192.492,192.68,8985,12
1742472000,192.68,192.757,192.441,192.695,8999,12
1742475600,192.699,192.702,192.049,192.471,10821,12
1742479200,192.479,192.563,192.266,192.268,8342,12
1742482800,192.255,192.727,192.244,192.393,11398,12
1742486400,192.395,192.772,192.168,192.735,12665,12
1742490000,192.747,193.067,192.739,192.792,14195,12
1742493600,192.796,193.164,192.688,193.091,11850,12
1742497200,193.089,193.219,192.823,192.847,9700,12
1742500800,192.848,193.032,192.771,192.817,8116,12
1742504400,192.817,192.951,192.701,192.847,6667,12
1742508000,192.845,192.98,192.827,192.911,6210,14
1742511600,192.909,192.954,192.856,192.875,2393,12
1742515200,192.837,192.953,192.752,192.939,1245,72
1742518800,192.938,192.939,192.777,192.822,2134,23
1742522400,192.821,192.887,192.662,192.683,3208,13
1742526000,192.684,193.193,192.656,193.145,7257,12
1742529600,193.145,193.402,193.061,193.276,6953,13
1742533200,193.273,193.295,193.072,193.174,5230,12
1742536800,193.174,193.235,193.004,193.159,4458,12
1742540400,193.16,193.425,193.147,193.33,4495,12
1742544000,193.33,193.483,193.278,193.359,5590,12
1742547600,193.359,193.479,193.216,193.479,6377,12
1742551200,193.469,193.58,193.044,193.115,8340,12
1742554800,193.119,193.499,192.94,193.423,10422,12
1742558400,193.424,193.44,193.15,193.196,7299,12
1742562000,193.197,193.436,192.963,193.111,7359,12
1742565600,193.112,193.17,192.665,192.738,6914,12
1742569200,192.737,192.874,192.299,192.32,9682,12
1742572800,192.32,192.59,192.139,192.59,12830,12
1742576400,192.59,192.707,192.41,192.548,13405,12
1742580000,192.562,192.606,192.033,192.084,10493,12
1742583600,192.082,192.824,192.01,192.815,10963,12
1742587200,192.815,193.011,192.58,192.829,7999,12
1742590800,192.828,192.925,192.745,192.876,6741,12
1742594400,192.876,192.966,192.741,192.902,5686,13
1742598000,192.904,192.952,192.707,192.772,2531,12
1742774400,192.509,192.841,192.268,192.753,931,50
1742778000,192.753,193.222,192.753,193.162,3222,12
1742781600,193.164,193.473,193.066,193.44,4548,12
1742785200,193.442,193.709,193.255,193.659,6801,12
1742788800,193.659,193.744,193.581,193.623,7043,12
1742792400,193.625,193.674,193.584,193.641,5634,13
1742796000,193.641,193.779,193.376,193.448,4281,13
1742799600,193.448,193.488,193.359,193.445,4184,12
1742803200,193.445,193.537,193.347,193.442,4902,12
1742806800,193.44,193.765,193.42,193.699,6328,12
1742810400,193.699,193.979,193.631,193.752,8127,12
1742814000,193.751,194.008,193.626,193.802,10086,12
1742817600,193.802,194.018,193.543,193.843,9720,12
1742821200,193.85,194.009,193.795,193.974,7682,12
1742824800,193.972,194.006,193.831,193.834,6894,12
1742828400,193.834,194.002,193.796,193.92,8615,12
1742832000,193.92,194.121,193.651,194.078,10524,12
1742835600,194.077,194.537,194.022,194.507,13556,12
1742839200,194.51,194.681,194.358,194.622,10926,12
1742842800,194.622,194.724,194.174,194.283,9946,12
1742846400,194.283,194.443,194.162,194.437,6466,12
1742850000,194.431,194.686,194.297,194.588,6476,12
1742853600,194.591,194.659,194.538,194.64,5339,12
1742857200,194.64,194.765,194.631,194.739,3324,12
1742860800,194.713,194.737,194.582,194.697,1071,34
1742864400,194.697,194.767,194.653,194.74,1813,20
1742868000,194.74,194.911,194.659,194.842,3177,12
1742871600,194.858,194.997,194.817,194.955,6475,12
1742875200,194.955,194.955,194.595,194.675,6627,12
1742878800,194.676,194.715,194.541,194.692,5518,12
1742882400,194.692,194.742,194.545,194.67,4724,12
1742886000,194.673,194.724,194.545,194.566,4563,12
1742889600,194.567,194.572,194.388,194.391,3576,13
1742893200,194.391,194.518,194.295,194.42,4482,12
1742896800,194.42,194.62,194.378,194.514,7368,12
1742900400,194.515,194.635,194.333,194.485,9071,12
1742904000,194.484,194.643,194.361,194.59,7743,12
1742907600,194.587,194.651,194.408,194.522,8249,12
1742911200,194.524,194.559,194.309,194.359,7511,12
1742914800,194.359,194.444,194.116,194.271,7219,12
1742918400,194.272,194.28,193.884,193.891,9903,12
1742922000,193.865,193.999,193.671,193.857,12378,12
1742925600,193.859,193.985,193.623,193.905,9764,12
1742929200,193.905,194.062,193.884,194.06,7699,12
1742932800,194.06,194.223,194.012,194.05,6318,12
1742936400,194.047,194.047,193.886,193.978,5212,12
1742940000,193.978,194.11,193.959,194.012,5072,12
1742943600,194.013,194.072,193.984,194.02,2687,13
1742947200,194.007,194.069,193.918,194.021,1161,21
1742950800,194.034,194.135,194.015,194.087,1522,12
1742954400,194.084,194.142,193.996,194.092,2896,12
1742958000,194.092,194.276,193.947,194.219,6976,12
1742961600,194.219,194.414,194.069,194.246,7722,12
1742965200,194.246,194.512,194.2,194.489,5385,12
1742968800,194.491,194.647,194.466,194.596,5197,12
1742972400,194.598,194.716,194.573,194.713,4056,12
1742976000,194.714,194.781,194.57,194.573,5196,12
1742979600,194.573,194.774,194.531,194.676,5044,12
1742983200,194.673,194.673,194.098,194.173,9279,12
1742986800,194.172,194.189,193.463,193.758,10501,12
1742990400,193.758,193.881,193.52,193.775,7995,12
1742994000,193.776,193.896,193.621,193.84,5766,12
1742997600,193.84,193.912,193.698,193.711,5939,12
1743001200,193.711,193.981,193.572,193.9,10114,12
1743004800,193.901,194.094,193.684,193.761,12303,12
1743008400,193.759,194.241,193.714,194.17,11570,12
1743012000,194.169,194.366,193.91,194.163,9838,12
1743015600,194.165,194.243,193.829,194.165,9505,12
1743019200,194.165,194.345,193.633,193.792,10588,12
1743022800,193.792,194.061,193.754,193.848,6983,12
1743026400,193.848,194.101,193.808,194.054,5159,12
1743030000,194.049,194.094,193.995,194.044,2980,12
1743033600,194.044,194.044,193.737,193.75,360,40
1743037200,193.75,193.932,193.51,193.512,4064,15
1743040800,193.512,193.774,193.494,193.762,4444,16
1743044400,193.763,194.02,193.709,193.951,6356,12
1743048000,193.951,193.952,193.545,193.657,7022,12
1743051600,193.656,194.018,193.654,193.905,5751,12
1743055200,193.905,193.951,193.726,193.856,4436,12
1743058800,193.856,194.078,193.845,194.06,4207,12
1743062400,194.06,194.192,193.912,193.989,4792,13
1743066000,193.99,194.495,193.971,194.31,6804,12
1743069600,194.31,194.385,193.961,194.37,10008,12
1743073200,194.37,194.658,194.188,194.655,11595,12
1743076800,194.655,194.991,194.61,194.99,8003,12
1743080400,194.988,195.216,194.885,195.179,7527,12
1743084000,195.179,195.316,195.111,195.281,7724,12
1743087600,195.281,195.583,195.09,195.109,10430,12
1743091200,195.109,195.198,194.814,195.047,13046,12
1743094800,195.047,195.575,194.875,195.503,14196,12
1743098400,195.503,195.918,195.372,195.69,13991,12
1743102000,195.69,195.9,195.6,195.655,9738,12
1743105600,195.656,195.967,195.586,195.627,9027,12
1743109200,195.627,195.788,195.609,195.676,6513,12
1743112800,195.676,195.789,195.554,195.58,5891,12
1743116400,195.577,195.613,195.552,195.568,2140,12
1743120000,195.568,195.618,195.455,195.577,1122,43
1743123600,195.577,195.606,195.486,195.541,1381,17
1743127200,195.541,195.557,195.238,195.361,3924,12
1743130800,195.361,195.709,195.296,195.461,7204,12
1743134400,195.458,195.491,195.119,195.166,7003,12
1743138000,195.166,195.337,195.132,195.293,5788,14
1743141600,195.293,195.329,195.14,195.229,4058,13
1743145200,195.226,195.376,195.135,195.242,4145,13
1743148800,195.242,195.314,195.073,195.105,4424,12
1743152400,195.105,195.188,194.888,194.913,4343,12
1743156000,194.905,195.151,194.729,194.762,8453,12
1743159600,194.762,194.988,194.636,194.877,9433,12
1743163200,194.88,195.187,194.816,195.015,6785,12
1743166800,195.017,195.105,194.905,194.958,6331,12
1743170400,194.956,195.069,194.907,194.978,6846,12
1743174000,194.969,195.127,194.793,194.978,11123,12
1743177600,194.978,195.315,194.792,194.888,15426,12
1743181200,194.869,194.911,194.225,194.341,15749,12
1743184800,194.341,194.76,194.276,194.448,12924,12
1743188400,194.447,194.565,194.169,194.259,10092,12
1743192000,194.259,194.277,193.855,194.076,7021,12
1743195600,194.076,194.245,193.958,194.041,6582,12
1743199200,194.04,194.111,193.828,193.838,6115,12
1743202800,193.84,194.014,193.723,193.819,3497,12
1743379200,193.656,193.806,193.466,193.467,1432,53
1743382800,193.461,193.54,193.216,193.296,3783,12
1743386400,193.296,193.58,193.068,193.564,7320,12
1743390000,193.564,193.69,193.027,193.475,11788,12
1743393600,193.482,193.601,193.2,193.293,10014,12
1743397200,193.295,193.319,192.88,193.013,8249,12
1743400800,193.012,193.048,192.727,192.953,6731,12
1743404400,192.953,193.25,192.87,193.152,6243,12
1743408000,193.151,193.402,192.991,193.09,6364,12
1743411600,193.09,193.243,192.847,193.185,10199,12
1743415200,193.181,193.356,192.748,193.228,14151,12
1743418800,193.223,193.352,192.837,192.933,12233,12
1743422400,192.933,193.124,192.796,192.873,8752,12
1743426000,192.872,193.299,192.766,193.19,7931,12
1743429600,193.19,193.56,193.046,193.472,9111,12
1743433200,193.478,193.61,193.327,193.461,9635,12
1743436800,193.459,193.666,193.288,193.514,13709,12
1743440400,193.514,193.669,192.936,193.016,17633,12
1743444000,193.011,193.568,192.911,193.239,14404,12
1743447600,193.24,193.658,193.166,193.468,9824,12
1743451200,193.458,193.794,193.434,193.644,7990,12
1743454800,193.645,193.991,193.628,193.81,8195,12
1743458400,193.809,193.91,193.665,193.719,8515,12
1743462000,193.717,193.765,193.658,193.701,4054,12
1743465600,193.701,193.736,193.536,193.613,1609,33
1743469200,193.617,193.75,193.558,193.646,2084,17
1743472800,193.646,193.922,193.626,193.716,4505,12
1743476400,193.715,193.81,193.458,193.543,9189,12
1743480000,193.542,193.676,193.375,193.59,7376,12
1743483600,193.59,193.775,193.534,193.754,5322,12
1743487200,193.755,193.83,193.551,193.552,4844,12
1743490800,193.55,193.588,193.457,193.484,5017,12
1743494400,193.483,193.745,193.445,193.566,6046,12
1743498000,193.549,193.912,193.407,193.753,8374,12
1743501600,193.745,193.751,193.047,193.133,11234,12
1743505200,193.133,193.502,192.997,193.448,7913,12
1743508800,193.448,193.671,193.37,193.527,7549,12
1743512400,193.527,193.565,192.819,192.839,11409,12
1743516000,192.845,192.907,192.29,192.321,11216,12
1743519600,192.321,192.624,192.298,192.549,9442,12
1743523200,192.562,192.867,192.516,192.589,13211,12
1743526800,192.589,192.949,192.201,192.889,18515,12
1743530400,192.887,193.213,192.777,193.037,15252,12
1743534000,193.037,193.473,192.979,193.264,11854,12
1743537600,193.264,193.357,193.07,193.131,8017,12
1743541200,193.132,193.146,192.775,192.87,8712,12
1743544800,192.867,193.313,192.865,193.311,7517,12
1743548400,193.31,193.39,193.168,193.318,3148,12
1743552000,193.28,193.365,193.15,193.347,723,28
1743555600,193.352,193.786,193.345,193.686,3558,12
1743559200,193.686,193.689,193.488,193.492,4140,12
1743562800,193.493,193.56,193.344,193.387,8834,13
1743566400,193.386,193.651,193.35,193.6,7062,12
1743570000,193.606,193.753,193.498,193.552,5219,13
1743573600,193.552,193.576,193.447,193.489,3511,14
1743577200,193.489,193.677,193.451,193.64,3197,12
1743580800,193.64,193.655,193.493,193.572,3951,12
1743584400,193.572,193.732,193.345,193.398,6952,12
1743588000,193.398,193.485,193.085,193.264,9655,12
1743591600,193.271,193.408,193.082,193.357,7933,12
1743595200,193.357,193.648,193.206,193.483,7533,12
1743598800,193.483,193.497,193.102,193.282,9754,12
1743602400,193.281,193.316,193.063,193.201,7596,12
1743606000,193.203,193.363,192.976,193.076,9439,12
1743609600,193.071,193.613,192.991,193.426,12316,12
1743613200,193.43,194.126,193.412,194.088,15492,12
1743616800,194.087,194.617,193.983,194.575,13706,12
1743620400,194.576,194.828,194.523,194.799,10723,12
1743624000,194.799,194.917,194.682,194.726,9486,12
1743627600,194.726,194.824,194.55,194.577,9493,12
1743631200,194.577,194.881,194.577,194.746,8613,13
1743634800,194.738,195.761,193.626,194.001,17863,12
1743638400,193.99,194.047,192.939,193.23,1419,14
1743642000,193.23,193.23,192.285,193.029,9687,12
1743645600,193.047,193.222,192.709,192.91,14594,12
1743649200,192.914,193.264,192.683,192.836,19073,12
1743652800,192.837,193.197,192.73,192.887,14991,12
1743656400,192.888,193.049,192.657,193.04,10586,12
1743660000,193.04,193.042,192.33,192.489,8474,12
1743663600,192.489,192.704,192.313,192.677,7283,12
1743667200,192.682,192.85,192.426,192.441,11484,12
1743670800,192.44,193.04,192.372,192.633,17387,12
1743674400,192.632,193.462,192.563,193.444,16354,12
1743678000,193.441,193.662,193.151,193.232,13280,12
1743681600,193.225,193.263,192.715,193.006,14201,12
1743685200,193.012,193.315,192.861,192.89,17804,12
1743688800,192.889,193.039,192.382,192.397,15327,12
1743692400,192.38,192.748,191.898,191.954,18193,12
1743696000,191.956,192.283,191.414,191.414,22567,12
1743699600,191.414,191.95,191.132,191.496,21480,12
1743703200,191.497,191.728,191.239,191.462,20058,12
1743706800,191.457,191.965,191.435,191.529,18648,12
1743710400,191.527,191.662,191.263,191.341,15945,12
1743714000,191.338,191.877,191.139,191.737,13510,12
1743717600,191.74,191.839,191.28,191.309,14350,12
1743721200,191.307,191.427,191.164,191.184,6647,12
1743724800,191.184,191.287,191.036,191.19,2431,37
1743728400,191.191,191.272,190.677,190.844,6347,12
1743732000,190.843,191.446,190.82,191.43,9182,12
1743735600,191.431,191.618,191.061,191.223,15209,12
1743739200,191.222,191.754,191.208,191.374,13477,12
1743742800,191.381,191.593,191.177,191.2,11794,12
1743746400,191.2,191.219,190.797,190.876,11268,12
1743750000,190.875,191.082,190.375,190.462,11337,12
1743753600,190.459,191.062,190.322,191.029,11885,12
1743757200,191.03,191.148,190.619,190.625,15966,12
1743760800,190.623,190.788,190.13,190.262,19929,12
1743764400,190.261,190.419,189.926,190.092,19074,12
1743768000,190.102,190.257,189.639,190.044,17156,12
1743771600,190.044,190.167,188.529,188.676,25552,12
1743775200,188.681,189.349,187.987,189.288,24923,12
1743778800,189.285,189.722,188.852,189.292,25766,12
1743782400,189.302,189.694,188.742,189.117,25646,12
1743786000,189.123,189.245,187.519,188.278,24678,12
1743789600,188.28,189.271,188.234,188.62,26671,12
1743793200,188.619,189.249,188.424,189.184,22660,12
1743796800,189.184,190.041,188.802,190.015,21676,12
1743800400,190.017,190.286,189.12,189.225,20249,12
1743804000,189.223,189.707,188.871,189.023,20636,12
1743807600,189.027,189.581,188.843,189.334,11596,12
1743984000,186.775,187.186,186.548,186.952,2973,15
1743987600,186.889,187.585,186.089,186.94,15435,12
1743991200,186.95,187.896,186.699,187.747,19614,12
1743994800,187.746,188.291,187.331,188.239,22815,12
1743998400,188.235,188.776,188.055,188.376,21998,12
1744002000,188.373,188.761,188.183,188.54,17838,12
1744005600,188.542,188.643,188.276,188.502,14257,12
1744009200,188.503,188.775,188.033,188.209,14405,12
1744012800,188.214,188.827,188.117,188.354,18220,12
1744016400,188.353,188.559,187.116,187.564,22255,12
1744020000,187.571,188.047,187.373,187.987,25470,12
1744023600,187.99,188.498,187.906,188.18,21878,12
1744027200,188.181,188.332,187.381,187.438,19206,12
1744030800,187.44,188.446,187.419,187.532,20851,12
1744034400,187.537,187.802,187.214,187.728,21351,12
1744038000,187.723,188.936,187.503,188.674,24291,12
1744041600,188.669,188.669,187.577,188.233,24699,12
1744045200,188.234,190.087,187.93,188.218,29444,12
1744048800,188.223,188.647,187.644,188.284,26806,12
1744052400,188.286,188.456,188.0,188.326,21512,12
1744056000,188.327,189.079,188.316,188.862,21462,12
1744059600,188.87,188.933,188.31,188.481,19585,12
1744063200,188.484,188.549,187.948,188.127,18779,12
1744066800,188.126,188.381,187.931,187.967,9528,12
1744070400,187.88,188.169,187.798,187.938,1402,58
1744074000,187.945,188.531,187.929,188.345,6737,12
1744077600,188.347,188.529,188.114,188.169,10562,12
1744081200,188.139,188.531,188.012,188.214,17797,12
1744084800,188.214,188.582,188.065,188.48,18454,12
1744088400,188.48,188.529,188.301,188.347,11383,12
1744092000,188.348,188.619,188.245,188.572,10143,12
1744095600,188.571,188.923,188.568,188.92,10782,12
1744099200,188.92,188.941,188.48,188.625,11029,12
1744102800,188.623,188.736,188.24,188.247,15364,12
1744106400,188.243,188.243,187.545,187.926,19284,12
1744110000,187.924,188.076,187.51,187.999,16051,12
1744113600,187.994,188.041,187.428,187.589,15086,12
1744117200,187.59,187.799,187.239,187.295,13846,12
1744120800,187.308,187.916,187.264,187.719,17535,12
1744124400,187.709,187.855,187.44,187.571,18059,12
1744128000,187.568,188.458,187.36,188.432,21935,12
1744131600,188.445,188.744,187.755,187.936,22089,12
1744135200,187.94,188.047,187.292,187.715,20365,12
1744138800,187.71,187.75,187.118,187.168,20619,12
1744142400,187.164,187.464,186.894,187.441,22647,12
1744146000,187.424,187.876,187.097,187.215,21596,12
1744149600,187.215,187.304,186.534,186.853,20213,12
1744153200,186.853,187.049,186.603,186.603,9420,12
1744156800,186.523,186.774,186.404,186.69,1369,128
1744160400,186.672,186.848,186.491,186.526,8413,12
1744164000,186.527,186.558,186.119,186.484,11065,12
1744167600,186.485,186.574,185.708,186.328,19381,12
1744171200,186.33,186.96,186.295,186.786,19694,12
1744174800,186.791,187.146,186.655,186.723,16946,12
1744178400,186.729,186.894,186.193,186.273,15222,12
1744182000,186.272,186.49,185.793,186.317,19884,12
1744185600,186.319,186.664,186.163,186.289,19201,12
1744189200,186.289,186.716,185.834,185.929,22224,12
1744192800,185.929,186.418,185.569,186.265,22965,12
1744196400,186.265,186.5,186.008,186.337,18656,12
1744200000,186.335,186.667,186.098,186.378,14055,12
1744203600,186.377,186.486,185.734,186.192,14433,12
1744207200,186.19,186.19,184.748,184.748,22155,12
1744210800,184.75,185.087,184.396,184.769,21116,12
1744214400,184.772,185.487,184.6,185.142,23881,12
1744218000,185.144,185.282,184.368,184.628,21558,12
1744221600,184.648,185.324,184.63,185.277,17412,12
1744225200,185.284,185.461,184.922,184.987,13270,12
1744228800,184.992,188.195,184.463,188.023,24498,12
1744232400,188.023,189.808,188.015,188.76,24122,12
1744236000,188.762,189.821,188.762,189.42,19927,12
1744239600,189.425,189.637,189.21,189.334,12343,12
1744243200,189.363,189.369,188.825,188.905,1248,108
1744246800,188.924,189.184,188.793,189.025,12774,12
1744250400,189.023,189.26,188.934,189.005,13040,12
1744254000,188.98,189.154,188.387,188.451,18090,12
1744257600,188.452,188.704,188.205,188.503,15935,12
1744261200,188.503,188.582,188.24,188.392,13463,12
1744264800,188.391,188.698,188.314,188.63,12385,12
1744268400,188.63,188.662,188.294,188.534,10616,12
1744272000,188.532,188.704,188.426,188.517,11589,12
1744275600,188.527,189.413,188.518,189.207,16494,12
1744279200,189.211,189.223,188.315,188.338,19645,12
1744282800,188.345,188.557,188.105,188.281,17531,12
1744286400,188.274,188.358,187.926,188.222,14520,12
1744290000,188.224,188.306,187.867,187.957,15095,12
1744293600,187.962,188.27,187.852,188.192,14590,12
1744297200,188.194,188.209,187.6,187.99,19962,12
1744300800,187.993,188.031,187.052,187.134,21768,12
1744304400,187.136,187.521,186.917,187.479,22037,12
1744308000,187.478,187.548,186.635,186.747,21594,12
1744311600,186.744,187.303,186.349,187.221,21894,12
1744315200,187.221,187.908,186.914,187.816,19987,12
1744318800,187.81,187.929,187.486,187.679,19201,12
1744322400,187.688,187.917,187.258,187.597,18613,12
1744326000,187.597,187.727,187.201,187.201,8758,12
1744329600,187.201,187.455,187.201,187.387,1031,118
1744333200,187.387,187.437,186.921,187.12,10508,12
1744336800,187.121,187.122,186.617,186.75,15719,12
1744340400,186.75,186.784,186.064,186.596,21827,12
1744344000,186.597,186.926,186.386,186.735,20436,12
1744347600,186.722,187.057,186.481,186.863,16165,12
1744351200,186.865,186.998,186.639,186.652,14528,12
1744354800,186.652,186.664,186.009,186.098,13277,12
1744358400,186.1,186.895,186.095,186.675,15494,12
1744362000,186.825,187.384,186.623,187.31,18121,12
1744365600,187.302,187.479,186.57,186.643,19753,12
1744369200,186.636,186.834,186.242,186.675,22600,12
1744372800,186.676,187.057,186.162,187.014,19443,12
1744376400,187.014,187.17,186.607,186.935,12960,12
1744380000,186.924,187.003,186.53,186.628,16242,12
1744383600,186.629,187.227,186.623,187.032,19731,12
1744387200,187.02,187.684,186.633,187.359,23130,12
1744390800,187.306,187.535,186.885,187.422,22752,12
1744394400,187.423,187.619,187.023,187.322,19001,12
1744398000,187.32,187.812,187.263,187.643,16379,12
1744401600,187.649,188.171,187.624,188.071,16432,12
1744405200,188.068,188.196,187.706,187.801,14651,12
1744408800,187.802,187.961,187.649,187.738,13134,12
1744412400,187.738,187.903,187.572,187.684,6908,12
1744588800,188.254,188.519,187.879,188.228,2682,56
1744592400,188.127,188.316,187.784,187.889,9953,12
1744596000,187.889,188.216,187.808,188.006,12603,12
1744599600,188.01,188.083,187.156,187.159,15220,12
1744603200,187.162,187.308,186.572,186.997,15864,12
1744606800,186.997,187.399,186.944,187.362,11799,12
1744610400,187.358,187.586,187.104,187.447,10543,12
1744614000,187.451,187.643,187.11,187.438,8884,12
1744617600,187.438,187.656,187.266,187.371,10360,12
1744621200,187.392,187.705,187.267,187.533,15411,12
1744624800,187.535,188.384,187.192,188.369,14966,12
1744628400,188.373,188.65,188.203,188.228,12985,12
1744632000,188.228,188.603,188.179,188.54,11559,12
1744635600,188.538,188.864,188.43,188.852,11195,12
1744639200,188.853,188.999,188.647,188.725,11510,12
1744642800,188.728,188.949,188.626,188.857,14358,12
1744646400,188.852,189.198,188.709,188.982,20075,12
1744650000,188.987,189.198,188.768,188.944,17860,12
1744653600,188.943,188.992,188.325,188.34,16537,12
1744657200,188.339,188.66,188.136,188.56,15723,12
1744660800,188.558,188.768,188.366,188.591,13905,12
1744664400,188.583,188.773,188.491,188.564,9674,12
1744668000,188.565,188.777,188.527,188.644,9222,12
1744671600,188.653,188.815,188.512,188.515,6133,12
1744675200,188.518,188.563,188.402,188.426,670,43
1744678800,188.426,188.738,188.42,188.615,4607,12
1744682400,188.616,188.804,188.519,188.644,8003,12
1744686000,188.64,189.121,188.616,189.04,10049,12
1744689600,189.039,189.109,188.85,188.918,9383,12
1744693200,188.92,188.966,188.718,188.862,7294,12
1744696800,188.86,188.944,188.701,188.89,6329,12
1744700400,188.889,189.095,188.88,188.97,7471,12
1744704000,188.971,189.113,188.84,188.898,7821,12
1744707600,188.87,189.185,188.542,189.129,12399,12
1744711200,189.126,189.554,189.086,189.496,12606,12
1744714800,189.492,189.521,188.945,189.052,12592,12
1744718400,189.052,189.213,188.85,189.202,10943,12
1744722000,189.201,189.343,189.101,189.125,9623,12
1744725600,189.12,189.318,188.937,189.072,11226,12
1744729200,189.076,189.164,188.637,188.931,13670,12
1744732800,188.943,189.246,188.879,189.205,15664,12
1744736400,189.212,189.328,188.784,189.035,18823,12
1744740000,189.036,189.346,188.931,189.178,14639,12
1744743600,189.178,189.346,189.007,189.05,10323,12
1744747200,189.048,189.301,189.023,189.163,9057,12
1744750800,189.163,189.23,189.076,189.203,8422,12
1744754400,189.201,189.419,189.181,189.382,6626,12
1744758000,189.381,189.578,189.223,189.223,4328,12
1744761600,189.305,189.436,189.121,189.257,1232,57
1744765200,189.253,189.303,189.079,189.258,5070,18
1744768800,189.258,189.427,189.234,189.315,7096,12
1744772400,189.307,189.352,189.073,189.194,10412,12
1744776000,189.195,189.358,189.05,189.132,8794,12
1744779600,189.135,189.158,188.955,188.991,8033,12
1744783200,188.992,189.034,188.83,188.94,7910,12
1744786800,188.938,189.13,188.861,189.098,6642,12
1744790400,189.1,189.129,188.578,188.746,9912,12
1744794000,188.765,189.043,188.589,188.789,12212,12
1744797600,188.808,188.919,188.543,188.677,12237,12
1744801200,188.678,189.651,188.64,189.44,16670,12
1744804800,189.447,189.571,189.274,189.43,12684,12
1744808400,189.43,189.477,189.167,189.318,11195,12
1744812000,189.317,189.327,189.18,189.242,9918,12
1744815600,189.237,189.307,188.786,189.046,13412,12
1744819200,189.046,189.122,188.798,188.802,15364,12
1744822800,188.792,188.977,188.598,188.839,15087,12
1744826400,188.839,188.952,188.707,188.746,12342,12
1744830000,188.745,188.76,188.511,188.551,9726,12
1744833600,188.551,188.629,188.037,188.058,13357,12
1744837200,188.058,188.19,187.833,187.92,13763,12
1744840800,187.922,188.044,187.56,188.027,12432,12
1744844400,188.027,188.075,187.653,187.682,5783,12
1744848000,187.682,187.779,187.401,187.652,2280,49
1744851600,187.627,187.838,187.505,187.71,4293,20
1744855200,187.709,187.847,187.456,187.756,7299,12
1744858800,187.756,188.377,187.667,188.337,13528,12
1744862400,188.338,188.641,188.225,188.546,11455,12
1744866000,188.546,188.616,188.311,188.496,7932,12
1744869600,188.496,188.529,188.34,188.391,5944,12
1744873200,188.391,188.467,188.359,188.415,4718,12
1744876800,188.415,188.618,188.306,188.511,7631,12
1744880400,188.509,188.792,188.453,188.771,10283,12
1744884000,188.769,189.191,188.68,189.184,11713,12
1744887600,189.184,189.347,188.801,188.852,10764,12
1744891200,188.855,189.082,188.802,188.993,8563,12
1744894800,188.991,189.062,188.48,188.511,10381,12
1744898400,188.507,188.62,188.448,188.572,8703,12
1744902000,188.57,188.736,188.271,188.52,14560,12
1744905600,188.518,188.632,188.325,188.384,16985,12
1744909200,188.385,188.455,188.068,188.144,15591,12
1744912800,188.144,188.655,188.118,188.655,13600,12
1744916400,188.663,189.0,188.556,188.83,13643,12
1744920000,188.831,188.956,188.641,188.946,9136,12
1744923600,188.945,189.142,188.867,188.969,8880,12
1744927200,188.968,188.977,188.769,188.849,7319,12
1744930800,188.85,188.997,188.838,188.839,5320,13
1744934400,188.758,188.891,188.732,188.783,1263,147
1744938000,188.783,188.989,188.722,188.828,6838,78
1744941600,188.856,188.942,188.667,188.835,10002,62
1744945200,188.853,189.129,188.713,189.07,11640,12
1744948800,189.073,189.133,188.846,188.856,20890,21
1744952400,188.853,188.939,188.777,188.851,25299,16
1744956000,188.848,188.912,188.724,188.812,22658,25
1744959600,188.813,188.855,188.74,188.828,25928,45
1744963200,188.831,188.957,188.808,188.849,25088,27
1744966800,188.848,188.925,188.785,188.858,24927,16
1744970400,188.896,189.002,188.829,188.86,18781,21
1744974000,188.86,188.956,188.733,188.94,18132,18
1744977600,188.943,188.979,188.888,188.926,17323,16
1744981200,188.932,188.969,188.815,188.968,18746,19
1744984800,188.966,189.024,188.795,188.9,18843,23
1744988400,188.89,189.001,188.819,188.937,19187,17
1744992000,188.93,188.986,188.845,188.94,13788,17
1744995600,188.939,189.066,188.888,188.984,18974,17
1744999200,188.981,188.983,188.773,188.804,20100,18
1745002800,188.807,188.869,188.716,188.865,15848,34
1745006400,188.868,188.97,188.781,188.807,9657,43
1745010000,188.81,188.859,188.772,188.853,11991,41
1745013600,188.855,188.938,188.784,188.895,11826,35
1745017200,188.894,189.025,188.819,188.903,5680,32
1745193600,188.552,188.686,188.144,188.573,1993,55
1745197200,188.566,188.726,188.443,188.559,7081,12
1745200800,188.559,188.607,188.263,188.512,8750,12
1745204400,188.514,188.736,188.372,188.425,12149,12
1745208000,188.427,188.467,188.217,188.227,8400,12
1745211600,188.226,188.327,187.995,188.232,9715,12
1745215200,188.231,188.381,188.123,188.354,7545,12
1745218800,188.354,188.599,188.33,188.383,6811,12
1745222400,188.382,188.525,188.308,188.371,7453,12
1745226000,188.371,188.472,188.258,188.355,7788,12
1745229600,188.355,188.542,188.226,188.494,9336,12
1745233200,188.496,188.617,188.421,188.57,8574,12
1745236800,188.57,188.663,188.455,188.483,7787,12
1745240400,188.483,188.771,188.453,188.77,7492,12
1745244000,188.774,188.842,188.558,188.603,9492,12
1745247600,188.601,188.743,188.468,188.697,9885,12
1745251200,188.696,188.805,188.582,188.601,12253,12
1745254800,188.602,188.696,188.407,188.668,13227,12
1745258400,188.665,188.722,188.393,188.418,10649,12
1745262000,188.419,188.576,188.363,188.415,7889,12
1745265600,188.415,188.447,188.112,188.125,8376,12
1745269200,188.126,188.226,188.022,188.077,6861,12
1745272800,188.082,188.455,188.072,188.399,7379,12
1745276400,188.398,188.591,188.31,188.401,4278,12
1745280000,188.307,188.555,188.058,188.39,1512,87
1745283600,188.39,188.41,188.288,188.323,3493,16
1745287200,188.332,188.505,188.244,188.476,6256,12
1745290800,188.476,188.767,188.271,188.322,11169,12
1745294400,188.322,188.543,188.285,188.409,9033,12
1745298000,188.41,188.425,188.236,188.278,6183,12
1745301600,188.279,188.283,187.804,187.93,8939,12
1745305200,187.93,187.946,187.821,187.89,6458,12
1745308800,187.89,188.033,187.689,187.736,10126,12
1745312400,187.741,188.153,187.664,187.99,12411,12
1745316000,187.991,188.083,187.579,187.656,12098,12
1745319600,187.652,188.123,187.593,188.111,11124,12
1745323200,188.105,188.182,187.674,187.771,10163,12
1745326800,187.771,187.771,187.459,187.572,9166,12
1745330400,187.572,187.675,187.469,187.616,9367,12
1745334000,187.616,187.91,187.484,187.91,11565,12
1745337600,187.908,188.341,187.893,188.269,13709,12
1745341200,188.273,188.462,188.203,188.284,13010,12
1745344800,188.284,188.494,188.213,188.398,10383,12
1745348400,188.397,188.747,188.303,188.58,14100,12
1745352000,188.58,188.696,188.245,188.311,14614,12
1745355600,188.31,188.715,188.288,188.698,9148,12
1745359200,188.697,188.828,188.666,188.783,8339,12
1745362800,188.783,188.861,188.651,188.652,3798,12
1745366400,188.587,189.624,188.577,189.427,2978,59
1745370000,189.436,189.94,189.248,189.558,12684,12
1745373600,189.559,189.662,189.258,189.388,12456,12
1745377200,189.386,189.506,188.92,189.05,14017,12
1745380800,189.027,189.212,188.627,188.696,12518,12
1745384400,188.695,188.866,188.639,188.835,9603,12
1745388000,188.835,189.023,188.721,189.002,8770,12
1745391600,189.001,189.041,188.779,188.873,6860,12
1745395200,188.873,189.052,188.725,188.941,8347,12
1745398800,188.94,189.029,188.637,188.77,12425,12
1745402400,188.767,188.901,188.487,188.759,13619,12
1745406000,188.765,188.848,188.171,188.788,11810,12
1745409600,188.787,189.122,188.681,189.016,10537,12
1745413200,189.016,189.048,188.67,188.868,10098,12
1745416800,188.866,189.004,188.376,188.378,10424,12
1745420400,188.377,188.756,188.347,188.703,11068,12
1745424000,188.701,189.582,188.671,189.547,17793,12
1745427600,189.546,189.64,189.027,189.328,21173,12
1745431200,189.327,189.423,188.805,189.066,17713,12
1745434800,189.069,189.715,188.996,189.651,14085,12
1745438400,189.649,190.184,189.548,190.098,10931,12
1745442000,190.099,190.308,190.083,190.273,10136,12
1745445600,190.273,190.301,190.044,190.217,9903,12
1745449200,190.219,190.296,190.051,190.059,5496,12
1745452800,190.059,190.06,189.569,189.751,1813,70
1745456400,189.753,189.887,189.608,189.871,6026,12
1745460000,189.87,190.095,189.83,189.94,7054,12
1745463600,189.94,190.113,189.679,189.784,10060,12
1745467200,189.783,189.952,189.552,189.629,10318,12
1745470800,189.629,189.683,189.411,189.668,6335,12
1745474400,189.669,189.727,189.472,189.575,5870,12
1745478000,189.574,189.634,189.396,189.431,5377,12
1745481600,189.431,189.676,189.401,189.437,6687,12
1745485200,189.436,189.71,189.398,189.41,9187,12
1745488800,189.409,189.667,189.3,189.543,10795,12
1745492400,189.543,189.823,189.493,189.721,10571,12
1745496000,189.718,189.832,189.48,189.504,7711,12
1745499600,189.504,189.623,189.477,189.508,8259,12
1745503200,189.509,189.791,189.484,189.768,9010,12
1745506800,189.766,189.802,189.31,189.409,11001,12
1745510400,189.409,189.775,189.379,189.708,12739,12
1745514000,189.708,189.855,189.494,189.691,14027,12
1745517600,189.691,189.876,189.654,189.797,11669,12
1745521200,189.795,190.167,189.747,190.121,9575,12
1745524800,190.12,190.251,190.045,190.203,7849,12
1745528400,190.203,190.25,190.089,190.201,6309,12
1745532000,190.201,190.337,190.051,190.311,6125,12
1745535600,190.313,190.382,190.197,190.226,3915,12
1745539200,190.225,190.343,189.898,190.249,1338,68
1745542800,190.25,190.43,190.182,190.338,4068,12
1745546400,190.335,190.503,190.272,190.376,5248,12
1745550000,190.379,190.497,190.3,190.371,9603,12
1745553600,190.372,190.396,190.123,190.127,8362,12
1745557200,190.128,190.24,190.048,190.217,6258,12
1745560800,190.216,190.881,190.189,190.854,9510,12
1745564400,190.854,191.002,190.762,190.819,9081,12
1745568000,190.819,190.997,190.676,190.685,8155,12
1745571600,190.681,191.054,190.681,190.978,10272,12
1745575200,190.978,191.237,190.55,190.684,12716,12
1745578800,190.685,190.89,190.481,190.772,8928,12
1745582400,190.772,191.017,190.54,190.991,8299,12
1745586000,190.991,191.12,190.668,190.837,10007,12
1745589600,190.838,190.9,190.676,190.78,8115,12
1745593200,190.778,191.065,190.729,191.064,8473,12
1745596800,191.066,191.528,191.061,191.245,13106,12
1745600400,191.263,191.655,191.205,191.609,14535,12
1745604000,191.61,191.715,191.416,191.598,10501,12
1745607600,191.598,191.671,191.496,191.545,7253,12
1745611200,191.545,191.621,191.144,191.241,8653,12
1745614800,191.241,191.364,191.171,191.348,7006,12
1745618400,191.344,191.372,191.269,191.315,5904,12
1745622000,191.31,191.44,191.125,191.182,2864,12
1745798400,191.016,191.111,190.88,191.072,965,109
1745802000,191.072,191.327,191.057,191.201,4339,12
1745805600,191.194,191.281,191.126,191.169,5348,12
1745809200,191.169,191.198,190.787,190.835,9165,12
1745812800,190.838,190.952,190.658,190.95,7823,12
1745816400,190.95,191.091,190.873,190.939,6272,12
1745820000,190.939,190.971,190.826,190.891,4269,12
1745823600,190.892,191.056,190.766,190.833,5086,12
1745827200,190.833,191.232,190.806,191.071,6170,12
1745830800,191.071,191.294,191.057,191.238,9252,12
1745834400,191.237,191.323,191.097,191.099,9830,12
1745838000,191.099,191.468,191.081,191.331,8839,12
1745841600,191.321,191.547,191.321,191.391,8809,12
1745845200,191.389,191.46,191.3,191.377,7421,12
1745848800,191.374,191.388,191.196,191.227,7362,12
1745852400,191.229,191.287,191.11,191.254,9028,12
1745856000,191.25,191.417,191.21,191.247,11941,12
1745859600,191.247,191.458,191.142,191.31,15457,12
1745863200,191.305,191.34,190.996,191.117,11886,12
1745866800,191.113,191.163,190.873,190.911,9785,12
1745870400,190.911,190.975,190.755,190.922,8489,12
1745874000,190.922,191.039,190.79,190.809,7269,12
1745877600,190.809,190.961,190.746,190.913,6133,12
1745881200,190.913,190.976,190.838,190.841,3430,12
1745884800,190.841,190.94,190.458,190.881,1117,28
1745888400,190.881,191.098,190.847,191.074,3393,12
1745892000,191.071,191.163,190.952,191.015,5097,12
1745895600,191.015,191.059,190.804,190.971,7351,12
1745899200,190.971,191.142,190.893,191.123,6720,12
1745902800,191.122,191.18,191.023,191.111,7976,12
1745906400,191.111,191.114,190.981,191.029,6243,12
1745910000,191.029,191.124,190.91,190.921,4897,12
1745913600,190.92,191.032,190.81,190.987,5553,12
1745917200,190.989,191.151,190.92,191.053,8514,12
1745920800,191.053,191.133,190.938,191.106,10635,12
1745924400,191.107,191.258,190.962,191.225,8688,12
1745928000,191.225,191.34,191.132,191.198,7266,12
1745931600,191.2,191.205,190.885,190.904,7036,12
1745935200,190.904,191.056,190.879,191.029,6886,12
1745938800,191.029,191.081,190.79,190.816,10248,12
1745942400,190.816,190.852,190.561,190.668,13447,12
1745946000,190.658,190.889,190.422,190.614,14951,12
1745949600,190.614,190.749,190.483,190.615,11213,12
1745953200,190.618,190.73,190.402,190.437,10055,12
1745956800,190.437,190.652,190.39,190.636,7564,12
1745960400,190.636,190.73,190.602,190.675,6734,12
1745964000,190.674,190.757,190.627,190.743,6315,12
1745967600,190.743,190.952,190.724,190.733,3237,12
1745971200,190.733,190.765,190.517,190.736,1247,82
1745974800,190.726,190.876,190.683,190.758,3548,12
1745978400,190.766,190.848,190.654,190.789,4696,12
1745982000,190.788,190.972,190.679,190.883,8216,12
1745985600,190.883,190.903,190.691,190.746,7499,12
1745989200,190.748,190.892,190.633,190.753,6069,12
1745992800,190.753,190.789,190.62,190.736,5864,12
1745996400,190.736,190.875,190.693,190.831,4587,12
1746000000,190.831,190.957,190.768,190.946,4657,12
1746003600,190.946,191.098,190.897,191.069,8211,12
1746007200,191.069,191.225,190.983,191.142,8556,12
1746010800,191.148,191.182,190.962,191.02,8482,12
1746014400,191.02,191.253,191.007,191.194,7061,12
1746018000,191.195,191.233,191.064,191.095,7204,12
1746021600,191.096,191.214,190.978,191.017,7662,12
1746025200,191.014,191.026,190.573,190.681,13629,12
1746028800,190.681,190.697,190.012,190.064,14695,12
1746032400,190.064,190.703,189.97,190.491,16637,12
1746036000,190.482,190.58,190.216,190.287,14794,12
1746039600,190.286,190.464,190.219,190.42,10162,12
1746043200,190.419,190.683,190.264,190.541,8127,12
1746046800,190.539,190.834,190.42,190.435,9532,12
1746050400,190.436,190.67,190.396,190.471,8152,12
1746054000,190.476,190.869,190.458,190.642,6934,12
1746057600,190.603,190.627,190.357,190.493,1242,38
1746061200,190.493,190.651,190.475,190.556,4740,14
1746064800,190.552,190.599,190.438,190.511,4492,12
1746068400,190.511,190.536,190.332,190.463,6966,12
1746072000,190.461,190.588,190.392,190.562,4964,12
1746075600,190.562,190.585,190.471,190.491,4273,12
1746079200,190.494,191.179,190.367,191.113,7824,12
1746082800,191.113,191.333,191.113,191.26,5943,12
1746086400,191.26,191.575,191.252,191.419,7358,12
1746090000,191.418,192.148,191.373,192.137,9404,12
1746093600,192.138,192.187,191.866,192.086,9870,12
1746097200,192.086,192.296,191.983,192.157,7833,12
1746100800,192.157,192.32,192.077,192.26,6310,12
1746104400,192.259,192.473,192.177,192.435,6545,12
1746108000,192.435,192.624,192.315,192.501,8018,12
1746111600,192.501,192.777,192.249,192.683,12048,12
1746115200,192.685,192.876,192.544,192.599,13252,12
1746118800,192.639,193.35,192.567,193.242,16380,12
1746122400,193.242,193.363,193.042,193.078,11972,12
1746126000,193.078,193.135,192.912,193.083,9832,12
1746129600,193.085,193.185,192.972,193.061,7600,12
1746133200,193.061,193.451,193.051,193.42,8691,12
1746136800,193.42,193.45,193.223,193.247,6406,12
1746140400,193.237,193.28,192.95,192.951,4531,12
1746144000,192.883,193.117,192.794,192.812,933,61
1746147600,192.812,193.078,192.812,193.06,2973,12
1746151200,193.061,193.376,193.06,193.178,4425,12
1746154800,193.178,193.744,193.124,193.695,10469,12
1746158400,193.695,193.711,193.242,193.275,9474,12
1746162000,193.274,193.42,193.223,193.352,6555,12
1746165600,193.352,193.363,193.167,193.287,5792,12
1746169200,193.287,193.506,193.255,193.478,6343,12
1746172800,193.478,193.521,193.328,193.357,6722,12
1746176400,193.357,193.397,193.17,193.28,9854,12
1746180000,193.281,193.385,192.954,192.996,10468,12
1746183600,192.996,193.011,192.463,192.494,9191,12
1746187200,192.493,192.573,192.271,192.427,10336,12
1746190800,192.428,192.585,192.219,192.247,8647,12
1746194400,192.245,192.36,192.004,192.175,9197,12
1746198000,192.174,192.339,191.831,192.237,16018,12
1746201600,192.238,192.244,191.471,191.63,18170,12
1746205200,191.63,191.966,191.539,191.83,16231,12
1746208800,191.829,192.089,191.829,191.933,12526,12
1746212400,191.933,192.298,191.932,192.169,12155,12
1746216000,192.167,192.289,192.064,192.146,9458,12
1746219600,192.146,192.525,192.117,192.497,8073,12
1746223200,192.497,192.631,192.41,192.491,7634,12
1746226800,192.491,192.588,192.182,192.317,4019,14
1746403200,191.478,192.202,191.478,192.191,933,47
1746406800,192.191,192.305,191.979,191.992,4971,12
1746410400,192.0,192.125,191.844,191.938,6121,12
1746414000,191.938,192.046,191.866,191.944,6957,12
1746417600,191.944,191.949,191.577,191.669,9015,12
1746421200,191.671,191.718,191.546,191.704,6319,12
1746424800,191.705,191.764,191.627,191.74,4794,12
1746428400,191.74,191.747,191.559,191.643,4647,12
1746432000,191.643,191.738,191.555,191.663,7248,12
1746435600,191.66,191.806,191.631,191.662,9003,12
1746439200,191.658,191.818,191.599,191.714,8903,12
1746442800,191.715,191.726,191.246,191.318,8738,12
1746446400,191.313,191.412,191.224,191.376,8436,12
1746450000,191.377,191.582,191.318,191.555,7262,12
1746453600,191.559,191.693,191.513,191.547,7767,12
1746457200,191.557,191.676,191.437,191.47,10071,13
1746460800,191.47,191.539,191.221,191.353,11283,12
1746464400,191.344,191.624,191.23,191.298,14520,12
1746468000,191.299,191.406,191.038,191.224,9563,12
1746471600,191.225,191.441,191.16,191.361,7461,12
1746475200,191.361,191.409,191.283,191.323,5739,12
1746478800,191.322,191.392,191.213,191.239,5331,12
1746482400,191.238,191.307,191.043,191.107,6835,12
1746486000,191.107,191.138,190.979,190.982,3333,12
1746489600,190.982,191.148,190.881,190.992,2637,42
1746493200,190.992,191.112,190.944,191.045,2385,19
1746496800,191.045,191.103,190.845,190.988,4343,13
1746500400,190.988,191.085,190.917,191.074,7411,12
1746504000,191.067,191.332,191.041,191.188,9401,12
1746507600,191.186,191.199,190.928,191.076,8126,12
1746511200,191.077,191.175,191.013,191.157,6888,12
1746514800,191.157,191.202,191.077,191.166,5836,12
1746518400,191.166,191.224,191.056,191.092,5570,12
1746522000,191.08,191.336,191.077,191.127,7921,12
1746525600,191.128,191.221,190.796,190.9,11642,12
1746529200,190.901,190.958,190.446,190.572,10800,12
1746532800,190.572,190.859,190.477,190.82,8841,12
1746536400,190.819,191.098,190.759,190.988,7758,12
1746540000,190.988,191.191,190.83,190.885,8653,12
1746543600,190.879,191.13,190.847,190.913,9935,12
1746547200,190.913,191.114,190.572,190.689,11796,12
1746550800,190.689,191.159,190.613,191.019,13059,12
1746554400,191.019,191.041,190.832,190.832,10099,12
1746558000,190.832,191.017,190.562,190.65,10268,12
1746561600,190.65,190.703,190.465,190.48,8167,12
1746565200,190.48,190.614,190.433,190.526,6890,12
1746568800,190.527,190.641,190.46,190.505,6426,12
1746572400,190.505,190.59,190.311,190.355,4627,12
1746576000,190.255,190.614,190.255,190.456,1416,70
1746579600,190.456,191.257,190.447,191.211,8961,12
1746583200,191.211,191.26,190.972,191.046,7195,12
1746586800,191.038,191.169,190.753,190.86,12739,12
1746590400,190.859,190.961,190.711,190.857,12030,12
1746594000,190.856,191.079,190.852,191.0,9208,12
1746597600,191.003,191.066,190.937,190.982,6451,12
1746601200,190.981,191.221,190.956,191.164,5418,12
1746604800,191.164,191.201,191.024,191.079,6325,12
1746608400,191.079,191.121,190.864,190.923,8085,12
1746612000,190.925,191.33,190.896,191.157,10054,12
1746615600,191.155,191.5,191.08,191.124,9318,12
1746619200,191.122,191.198,191.025,191.087,7969,12
1746622800,191.086,191.253,191.044,191.174,6054,12
1746626400,191.174,191.417,191.111,191.392,6424,12
1746630000,191.39,191.617,191.336,191.611,8556,12
1746633600,191.611,191.612,191.228,191.382,10675,12
1746637200,191.381,191.66,191.309,191.536,10521,12
1746640800,191.536,191.536,191.243,191.429,9912,12
1746644400,191.429,191.506,191.265,191.427,7802,12
1746648000,191.43,191.444,191.068,191.104,7021,12
1746651600,191.104,191.399,190.655,191.19,17179,12
1746655200,191.197,191.431,190.993,191.214,16351,12
1746658800,191.215,191.273,191.022,191.149,5845,12
1746662400,191.037,191.134,190.954,191.12,1005,27
1746666000,191.12,191.213,191.09,191.164,3374,12
1746669600,191.17,191.248,191.072,191.192,3924,12
1746673200,191.192,191.36,190.987,191.256,8835,12
1746676800,191.254,191.487,191.095,191.461,11644,12
1746680400,191.461,191.726,191.446,191.686,8322,12
1746684000,191.685,191.782,191.566,191.626,6189,12
1746687600,191.624,191.729,191.587,191.68,5226,12
1746691200,191.682,191.765,191.533,191.726,8528,12
1746694800,191.726,191.891,191.529,191.803,11710,12
1746698400,191.797,191.896,191.622,191.807,11016,12
1746702000,191.81,192.185,191.75,192.099,10080,12
1746705600,192.099,192.269,192.08,192.221,8663,12
1746709200,192.221,192.401,191.999,192.013,7613,12
1746712800,192.01,192.884,191.699,192.744,10884,12
1746716400,192.749,193.089,192.702,192.767,12516,12
1746720000,192.77,192.87,192.611,192.739,13022,12
1746723600,192.74,193.105,192.68,192.99,13456,12
1746727200,192.99,193.27,192.88,193.229,16581,12
1746730800,193.234,193.39,193.138,193.306,12258,12
1746734400,193.303,193.362,193.167,193.181,9483,12
1746738000,193.181,193.359,193.145,193.301,6995,12
1746741600,193.3,193.494,193.175,193.248,9280,12
1746745200,193.244,193.308,193.125,193.255,4317,12
1746748800,193.255,193.352,193.004,193.336,2189,28
1746752400,193.336,193.352,193.118,193.217,3401,12
1746756000,193.224,193.348,193.179,193.22,4949,12
1746759600,193.218,193.262,192.814,192.897,9668,12
1746763200,192.896,192.942,192.748,192.761,9040,12
1746766800,192.76,192.945,192.733,192.767,8555,12
1746770400,192.766,192.829,192.606,192.719,7963,12
1746774000,192.719,192.731,192.527,192.582,6108,12
1746777600,192.582,192.64,192.484,192.553,6372,12
1746781200,192.553,192.575,192.364,192.391,7353,12
1746784800,192.391,192.744,192.341,192.521,9276,12
1746788400,192.524,192.7,192.412,192.655,7294,12
1746792000,192.657,192.813,192.587,192.804,6312,12
1746795600,192.804,192.902,192.735,192.776,6609,12
1746799200,192.775,192.899,192.491,192.67,9260,12
1746802800,192.673,192.971,192.65,192.961,7992,12
1746806400,192.959,193.031,192.741,192.861,10601,12
1746810000,192.859,193.05,192.779,192.906,12784,12
1746813600,192.908,193.273,192.9,193.271,10019,12
1746817200,193.27,193.38,193.21,193.315,7371,12
1746820800,193.315,193.465,193.279,193.372,6047,12
1746824400,193.374,193.426,193.263,193.411,5737,12
1746828000,193.411,193.449,193.325,193.407,5068,12
1746831600,193.407,193.44,193.26,193.325,3132,12
1747008000,193.822,194.081,193.768,193.952,2105,41
1747011600,193.941,194.041,193.705,193.752,6576,13
1747015200,193.752,193.856,193.689,193.737,5766,12
1747018800,193.737,194.04,193.658,193.889,9558,12
1747022400,193.888,194.211,193.851,193.984,10768,12
1747026000,193.984,193.997,193.624,193.722,7840,12
1747029600,193.722,193.775,193.661,193.685,6491,12
1747033200,193.685,193.885,193.676,193.869,4712,12
1747036800,193.869,194.005,193.833,193.915,6164,12
1747040400,193.932,194.168,193.909,194.118,8675,12
1747044000,194.117,194.861,194.11,194.781,20833,12
1747047600,194.781,195.172,194.658,194.947,16995,12
1747051200,194.947,195.477,194.869,195.402,11467,12
1747054800,195.408,195.502,194.992,195.013,12965,12
1747058400,195.013,195.206,194.838,194.852,12761,12
1747062000,194.851,195.395,194.847,195.363,11666,12
1747065600,195.363,195.592,195.163,195.474,15134,12
1747069200,195.475,195.794,195.419,195.633,16199,12
1747072800,195.633,195.716,195.331,195.35,12281,12
1747076400,195.352,195.789,195.31,195.703,9227,12
1747080000,195.697,195.76,195.589,195.648,8183,12
1747083600,195.648,195.675,195.454,195.501,7832,12
1747087200,195.503,195.578,195.426,195.541,7172,13
1747090800,195.542,195.672,195.489,195.596,3616,12
1747094400,195.596,195.609,195.349,195.378,1901,29
1747098000,195.379,195.535,195.357,195.483,2973,14
1747101600,195.484,195.575,195.339,195.364,5179,12
1747105200,195.359,195.359,194.776,194.789,9928,12
1747108800,194.788,195.044,194.783,194.908,9561,12
1747112400,194.908,195.072,194.887,195.036,6459,12
1747116000,195.037,195.072,194.953,195.003,5627,12
1747119600,195.004,195.114,194.953,194.973,5575,12
1747123200,194.973,195.167,194.909,195.112,6357,12
1747126800,195.112,195.327,195.057,195.246,8856,12
1747130400,195.246,195.456,195.152,195.325,11194,12
1747134000,195.328,195.458,195.204,195.416,8982,12
1747137600,195.417,195.556,195.393,195.525,7062,12
1747141200,195.527,195.625,195.474,195.482,7236,12
1747144800,195.482,195.721,195.461,195.707,5972,12
1747148400,195.706,196.049,195.608,195.982,12083,12
1747152000,195.981,195.995,195.447,195.592,14216,12
1747155600,195.592,196.059,195.57,196.024,14564,12
1747159200,196.024,196.33,195.967,196.17,11654,12
1747162800,196.17,196.232,195.896,196.204,8756,12
1747166400,196.203,196.379,196.189,196.312,6769,12
1747170000,196.307,196.358,196.123,196.173,6534,12
1747173600,196.164,196.25,196.068,196.153,6401,12
1747177200,196.153,196.337,196.108,196.202,3672,12
1747180800,196.202,196.245,196.081,196.223,1343,61
1747184400,196.223,196.233,196.007,196.177,2836,16
1747188000,196.177,196.284,196.091,196.251,4093,12
1747191600,196.252,196.404,196.078,196.192,8101,12
1747195200,196.192,196.21,195.748,195.894,9790,12
1747198800,195.897,195.937,195.746,195.814,7492,12
1747202400,195.815,195.862,195.615,195.747,6324,12
1747206000,195.748,195.857,195.44,195.494,5904,12
1747209600,195.494,195.678,195.376,195.613,5941,12
1747213200,195.615,195.753,195.471,195.696,8083,12
1747216800,195.699,195.905,195.632,195.896,10090,12
1747220400,195.897,195.915,195.112,195.195,14417,12
1747224000,195.195,195.227,194.434,194.742,13272,12
1747227600,194.742,194.862,194.565,194.778,8149,12
1747231200,194.779,194.914,194.688,194.897,8418,12
1747234800,194.897,194.98,194.683,194.797,11165,12
1747238400,194.799,194.892,194.233,194.423,13749,12
1747242000,194.42,194.665,194.26,194.649,14193,12
1747245600,194.656,194.983,194.522,194.911,11854,12
1747249200,194.911,195.263,194.798,194.84,10977,12
1747252800,194.842,194.877,194.56,194.634,8396,12
1747256400,194.637,194.739,194.541,194.618,7443,12
1747260000,194.616,194.759,194.57,194.679,7334,12
1747263600,194.678,194.769,194.507,194.511,3695,12
1747267200,194.511,194.651,194.329,194.365,2353,51
1747270800,194.365,194.545,194.365,194.473,3356,16
1747274400,194.469,194.522,194.269,194.487,4680,12
1747278000,194.493,194.598,194.011,194.058,8527,12
1747281600,194.056,194.249,193.97,194.202,9483,12
1747285200,194.202,194.3,194.134,194.179,7123,12
1747288800,194.179,194.217,193.884,194.013,6869,12
1747292400,194.013,194.044,193.862,193.922,5492,12
1747296000,193.922,193.965,193.645,193.747,7122,12
1747299600,193.746,193.972,193.511,193.616,9626,12
1747303200,193.612,193.799,193.531,193.548,11366,12
1747306800,193.546,193.767,193.532,193.685,9231,12
1747310400,193.686,193.91,193.672,193.904,8573,12
1747314000,193.904,194.032,193.816,194.001,7600,12
1747317600,194.001,194.025,193.722,193.849,8418,12
1747321200,193.849,194.233,193.622,193.984,12256,12
1747324800,193.984,194.064,193.782,193.799,15039,12
1747328400,193.794,193.867,193.425,193.683,14756,12
1747332000,193.679,193.727,193.508,193.51,11079,12
1747335600,193.511,193.608,193.448,193.507,7709,12
1747339200,193.508,193.699,193.504,193.658,6811,12
1747342800,193.66,193.758,193.605,193.731,6090,12
1747346400,193.732,193.76,193.606,193.75,5935,12
1747350000,193.749,193.864,193.71,193.71,3024,12
1747353600,193.71,193.798,193.605,193.657,1590,51
1747357200,193.66,193.769,193.569,193.589,3659,14
1747360800,193.584,193.832,193.539,193.654,4276,12
1747364400,193.648,193.695,193.052,193.17,9985,12
1747368000,193.17,193.352,193.024,193.309,8233,12
1747371600,193.31,193.576,193.242,193.551,7137,12
1747375200,193.551,193.594,193.343,193.37,5964,12
1747378800,193.367,193.568,193.298,193.518,5084,12
1747382400,193.518,193.653,193.439,193.511,5178,12
1747386000,193.511,193.65,193.274,193.275,7540,12
1747389600,193.273,193.472,193.136,193.369,9553,12
1747393200,193.371,193.481,193.289,193.312,7962,12
1747396800,193.31,193.552,193.225,193.481,7192,12
1747400400,193.481,193.497,193.265,193.425,6805,12
1747404000,193.426,193.581,193.416,193.448,6875,12
1747407600,193.448,193.534,193.222,193.28,8446,12
1747411200,193.282,193.491,193.205,193.428,10310,12
1747414800,193.425,193.746,193.321,193.609,13923,12
1747418400,193.61,193.666,193.531,193.56,9200,12
1747422000,193.561,193.646,193.47,193.635,7611,12
1747425600,193.636,193.793,193.616,193.646,5531,12
1747429200,193.646,193.737,193.577,193.721,5519,12
1747432800,193.719,193.795,193.688,193.769,5142,12
1747436400,193.769,193.779,193.364,193.371,5402,12
1747612800,192.612,193.105,192.608,193.102,1230,54
1747616400,193.102,193.126,192.854,193.067,5181,12
1747620000,193.067,193.367,193.004,193.236,5435,12
1747623600,193.241,193.32,192.819,192.903,11521,12
1747627200,192.902,193.06,192.767,192.954,9682,12
1747630800,192.954,193.179,192.939,193.1,8301,12
1747634400,193.097,193.175,193.004,193.124,6170,12
1747638000,193.126,193.268,193.103,193.244,5477,12
1747641600,193.245,193.258,193.058,193.064,5944,12
1747645200,193.064,193.248,193.008,193.136,9219,12
1747648800,193.14,193.631,193.088,193.624,12902,12
1747652400,193.624,193.736,193.481,193.663,10518,12
1747656000,193.659,194.024,193.552,194.014,10243,12
1747659600,194.012,194.05,193.857,193.867,9375,12
1747663200,193.866,194.063,193.815,193.896,8610,12
1747666800,193.895,193.949,193.78,193.9,9662,12
1747670400,193.902,193.988,193.652,193.785,13383,12
1747674000,193.783,194.025,193.594,193.683,12740,12
1747677600,193.679,193.763,193.559,193.622,10036,12
1747681200,193.625,193.713,193.582,193.615,6899,12
1747684800,193.615,193.692,193.575,193.628,6436,12
1747688400,193.627,193.651,193.571,193.614,5512,12
1747692000,193.614,193.624,193.451,193.508,4869,12
1747695600,193.508,193.596,193.426,193.528,3498,12
1747699200,193.528,193.601,193.311,193.525,1787,31
1747702800,193.525,193.621,193.468,193.59,2874,14
1747706400,193.59,193.698,193.491,193.667,3575,12
1747710000,193.673,194.205,193.668,194.019,8695,12
1747713600,194.019,194.019,193.477,193.541,10004,12
1747717200,193.541,193.935,193.479,193.775,6452,12
1747720800,193.775,193.835,193.548,193.56,7209,12
1747724400,193.56,193.593,193.424,193.45,6549,12
1747728000,193.453,193.536,193.02,193.118,9681,12
1747731600,193.118,193.223,193.034,193.173,9423,12
1747735200,193.174,193.196,192.911,193.005,11564,12
1747738800,193.008,193.263,193.003,193.222,9223,12
1747742400,193.222,193.366,193.141,193.194,7936,12
1747746000,193.195,193.255,193.047,193.212,7439,12
1747749600,193.211,193.365,193.087,193.191,7216,12
1747753200,193.19,193.212,193.009,193.172,9288,12
1747756800,193.171,193.573,193.151,193.47,12666,12
1747760400,193.471,193.5,193.226,193.258,13959,12
1747764000,193.261,193.568,193.195,193.473,9631,12
1747767600,193.472,193.667,193.358,193.624,7288,12
1747771200,193.624,193.709,193.53,193.533,6265,12
1747774800,193.533,193.604,193.344,193.382,7280,12
1747778400,193.381,193.51,193.32,193.505,5818,12
1747782000,193.505,193.551,193.436,193.522,3656,12
1747785600,193.522,193.56,193.303,193.37,1203,27
1747789200,193.37,193.456,193.075,193.398,4629,12
1747792800,193.398,193.446,193.303,193.338,4107,12
1747796400,193.338,193.473,193.149,193.31,9104,12
1747800000,193.313,193.452,193.179,193.359,8458,12
1747803600,193.357,193.424,193.08,193.115,8880,12
1747807200,193.115,193.267,193.048,193.111,6737,12
1747810800,193.113,193.193,192.968,193.048,5755,12
1747814400,193.048,193.094,192.824,192.878,6560,12
1747818000,192.876,193.298,192.876,193.217,12639,12
1747821600,193.21,193.285,192.98,192.998,12131,12
1747825200,192.998,193.259,192.96,193.094,9243,12
1747828800,193.094,193.192,192.993,193.079,8443,12
1747832400,193.08,193.111,192.675,192.682,10743,12
1747836000,192.686,192.831,192.573,192.829,9937,12
1747839600,192.826,192.896,192.67,192.859,11594,12
1747843200,192.86,193.184,192.789,193.051,13011,12
1747846800,193.051,193.18,192.917,193.022,13279,12
1747850400,193.022,193.233,193.0,193.178,10830,12
1747854000,193.177,193.294,193.135,193.155,7031,12
1747857600,193.155,193.209,192.599,192.818,14561,12
1747861200,192.817,192.922,192.729,192.865,10237,12
1747864800,192.874,192.933,192.742,192.771,8920,12
1747868400,192.771,192.877,192.768,192.79,4019,12
1747872000,192.79,192.802,192.6,192.741,1230,27
1747875600,192.741,193.575,192.721,193.155,5420,12
1747879200,193.158,193.237,192.774,192.839,5996,12
1747882800,192.839,192.897,192.352,192.601,11810,12
1747886400,192.602,192.727,192.343,192.46,10170,12
1747890000,192.461,192.533,192.297,192.339,8026,12
1747893600,192.334,192.434,192.282,192.395,5954,12
1747897200,192.393,192.458,192.342,192.428,5529,12
1747900800,192.428,192.566,192.338,192.542,6284,12
1747904400,192.535,192.535,192.123,192.338,9469,12
1747908000,192.338,192.407,192.016,192.15,11935,12
1747911600,192.144,192.267,191.89,192.019,11445,12
1747915200,192.019,192.318,191.975,192.293,9832,12
1747918800,192.293,192.466,192.12,192.464,8232,12
1747922400,192.461,192.736,192.36,192.383,10314,12
1747926000,192.384,192.609,192.309,192.542,12994,12
1747929600,192.542,193.088,192.528,193.033,14094,12
1747933200,193.038,193.231,192.813,192.973,15975,12
1747936800,192.969,193.197,192.959,193.171,12585,12
1747940400,193.171,193.46,193.142,193.236,9054,12
1747944000,193.237,193.51,193.183,193.461,8911,12
1747947600,193.457,193.581,193.439,193.482,6751,12
1747951200,193.483,193.512,193.17,193.225,5584,12
1747954800,193.223,193.243,193.082,193.101,2543,12
1747958400,193.101,193.36,192.971,193.292,1157,50
1747962000,193.291,193.321,192.994,193.031,4097,12
1747965600,193.032,193.132,192.936,193.023,3867,12
1747969200,193.028,193.31,192.993,193.195,9017,12
1747972800,193.196,193.319,192.974,192.988,8845,12
1747976400,192.988,193.046,192.956,192.984,5224,12
1747980000,192.984,192.994,192.825,192.855,4598,12
1747983600,192.855,192.97,192.812,192.968,3921,12
1747987200,192.965,193.031,192.933,192.974,5190,12
1747990800,192.97,193.087,192.844,192.875,8229,12
1747994400,192.867,193.184,192.834,193.146,9848,12
1747998000,193.147,193.36,193.146,193.273,7629,12
1748001600,193.273,193.463,193.173,193.41,7428,12
1748005200,193.409,193.503,193.364,193.467,7318,12
1748008800,193.468,193.553,192.078,192.357,15606,12
1748012400,192.366,192.858,192.061,192.744,18917,12
1748016000,192.743,192.857,192.461,192.496,16806,12
1748019600,192.496,192.717,192.299,192.508,15534,12
1748023200,192.508,192.795,192.482,192.62,12365,12
1748026800,192.62,192.895,192.62,192.85,9228,12
1748030400,192.85,192.991,192.843,192.873,7095,12
1748034000,192.873,192.943,192.744,192.816,7785,12
1748037600,192.819,192.871,192.765,192.834,6456,12
1748041200,192.834,193.043,192.831,192.901,3310,13
1748217600,192.606,192.835,192.606,192.716,1173,43
1748221200,192.723,193.523,192.705,193.243,7826,12
1748224800,193.243,193.434,193.239,193.339,5995,12
1748228400,193.337,193.457,193.28,193.324,9901,12
1748232000,193.323,193.526,193.251,193.39,10165,12
1748235600,193.388,193.401,193.263,193.322,8171,12
1748239200,193.322,193.571,193.306,193.435,6393,12
1748242800,193.436,193.693,193.434,193.633,5647,12
1748246400,193.632,193.806,193.608,193.655,6867,12
1748250000,193.658,194.033,193.65,193.76,8766,12
1748253600,193.759,193.911,193.712,193.857,9248,12
1748257200,193.857,193.886,193.654,193.82,6758,12
1748260800,193.822,193.926,193.673,193.751,5782,12
1748264400,193.75,193.786,193.68,193.745,5048,12
1748268000,193.746,193.823,193.725,193.805,5118,12
1748271600,193.806,193.829,193.721,193.804,5947,12
1748275200,193.804,193.813,193.711,193.778,5895,12
1748278800,193.779,193.789,193.571,193.646,5933,12
1748282400,193.646,193.746,193.558,193.741,4082,12
1748286000,193.742,193.774,193.582,193.591,2884,12
1748289600,193.595,193.618,193.536,193.611,1885,12
1748293200,193.612,193.647,193.6,193.606,1700,12
1748296800,193.606,193.655,193.589,193.652,1329,16
1748300400,193.651,193.737,193.603,193.603,1732,14
1748304000,193.573,193.82,193.531,193.543,1693,47
1748307600,193.543,193.617,193.506,193.549,2911,12
1748311200,193.551,193.621,193.453,193.466,3033,12
1748314800,193.464,193.466,193.185,193.24,8373,12
1748318400,193.24,193.275,193.055,193.126,7634,12
1748322000,193.128,193.23,193.059,193.199,6309,12
1748325600,193.197,193.314,193.197,193.277,5305,12
1748329200,193.278,193.64,193.273,193.637,6072,12
1748332800,193.638,194.264,193.636,194.181,10266,12
1748336400,194.181,194.404,194.005,194.355,10564,12
1748340000,194.35,194.586,194.274,194.403,12127,12
1748343600,194.396,194.771,194.371,194.744,9133,12
1748347200,194.743,195.002,194.733,194.932,9200,12
1748350800,194.931,195.191,194.883,195.178,8805,12
1748354400,195.176,195.326,195.087,195.229,8177,12
1748358000,195.228,195.456,195.21,195.319,9687,12
1748361600,195.318,195.372,195.011,195.253,11993,12
1748365200,195.252,195.619,195.197,195.221,13409,12
1748368800,195.222,195.229,194.892,194.944,9831,12
1748372400,194.949,195.09,194.913,195.003,7042,12
1748376000,194.999,195.0,194.864,194.952,5502,12
1748379600,194.951,194.974,194.893,194.92,4835,12
1748383200,194.92,194.945,194.859,194.904,4776,12
1748386800,194.905,195.002,194.857,194.857,3320,12
1748390400,194.843,195.05,194.764,194.894,1815,28
1748394000,194.894,194.905,194.784,194.811,2221,12
1748397600,194.811,194.948,194.768,194.774,3211,12
1748401200,194.776,194.796,194.484,194.783,7270,12
1748404800,194.784,195.399,194.637,194.767,11005,12
1748408400,194.768,194.977,194.651,194.94,9219,12
1748412000,194.937,195.092,194.58,194.626,8106,12
1748415600,194.626,194.728,194.474,194.565,6502,12
1748419200,194.573,194.875,194.445,194.472,7291,12
1748422800,194.473,194.841,194.374,194.784,9207,12
1748426400,194.785,194.863,194.469,194.573,9141,12
1748430000,194.577,194.704,194.442,194.579,8200,12
1748433600,194.579,194.893,194.541,194.844,7167,12
1748437200,194.844,194.853,194.644,194.678,6312,12
1748440800,194.68,194.693,194.488,194.662,5994,12
1748444400,194.664,194.724,194.472,194.641,8479,12
1748448000,194.643,195.189,194.641,195.118,12151,12
1748451600,195.115,195.179,194.888,195.116,13597,12
1748455200,195.119,195.26,195.087,195.218,10375,12
1748458800,195.219,195.353,195.207,195.264,6548,12
1748462400,195.261,195.297,195.163,195.22,4664,12
1748466000,195.195,195.195,194.969,195.085,2659,12
1748469600,195.081,195.189,195.036,195.092,5540,12
1748473200,195.095,195.143,194.915,194.948,3530,2
1748476800,194.948,194.993,194.866,194.942,486,78
1748480400,194.943,195.159,194.942,195.125,1821,6
1748484000,195.128,195.925,195.118,195.682,10903,2
1748487600,195.689,196.188,195.659,196.181,13310,0
1748491200,196.181,196.315,195.833,195.992,9403,4
1748494800,196.008,196.017,195.72,195.839,6158,0
1748498400,195.835,195.891,195.721,195.812,3926,5
1748502000,195.808,195.927,195.788,195.876,2623,3
1748505600,195.877,196.164,195.808,196.047,4763,0
1748509200,196.044,196.172,195.734,195.899,8770,2
1748512800,195.895,195.949,195.519,195.59,9246,2
1748516400,195.594,195.667,195.45,195.538,8052,0
1748520000,195.539,195.616,195.422,195.594,7276,0
1748523600,195.593,195.669,195.274,195.379,8654,0
1748527200,195.379,195.389,195.135,195.281,8574,0
1748530800,195.279,195.315,194.899,195.005,14168,0
1748534400,195.007,195.068,194.733,194.758,13684,0
1748538000,194.755,194.857,194.554,194.689,13799,0
1748541600,194.692,194.698,194.291,194.352,11162,0
1748545200,194.354,194.606,194.33,194.484,8597,0
1748548800,194.485,194.582,194.406,194.42,7304,0
1748552400,194.414,194.488,194.369,194.373,6730,0
1748556000,194.375,194.515,194.361,194.503,6723,0
1748559600,194.495,194.596,194.433,194.433,3499,0
1748563200,194.438,194.559,194.253,194.428,1992,30
1748566800,194.442,194.486,194.203,194.328,3026,0
1748570400,194.327,194.456,194.049,194.049,4919,0
1748574000,194.049,194.322,193.866,194.042,9692,0
1748577600,194.043,194.051,193.747,194.004,10677,0
1748581200,194.006,194.082,193.804,193.908,7834,0
1748584800,193.907,193.975,193.763,193.788,6300,0
1748588400,193.788,193.801,193.628,193.686,4980,0
1748592000,193.685,194.005,193.682,193.868,5829,0
1748595600,193.868,194.081,193.821,193.879,8719,0
1748599200,193.877,194.216,193.738,194.149,10773,0
1748602800,194.149,194.211,193.948,193.979,8818,0
1748606400,193.974,194.19,193.947,194.033,7312,0
1748610000,194.03,194.035,193.815,193.918,7013,0
1748613600,193.918,194.103,193.796,193.841,6870,0
1748617200,193.841,193.973,193.39,193.929,13719,0
1748620800,193.929,194.041,193.674,193.719,12862,0
1748624400,193.71,194.656,193.647,194.501,15184,0
1748628000,194.499,194.547,194.11,194.174,12227,0
1748631600,194.175,194.18,193.64,193.69,10258,0
1748635200,193.69,193.845,193.675,193.722,7893,0
1748638800,193.722,193.886,193.717,193.786,7178,0
1748642400,193.786,193.96,193.774,193.845,7195,0
1748646000,193.84,193.908,193.696,193.719,5178,3
1748822400,193.546,193.659,193.469,193.482,1867,53
1748826000,193.482,193.755,193.42,193.673,3406,0
1748829600,193.673,193.733,193.63,193.666,4265,0
1748833200,193.665,193.804,193.596,193.607,8965,0
1748836800,193.606,193.769,193.499,193.522,9501,0
1748840400,193.523,193.724,193.501,193.554,7067,0
1748844000,193.555,193.604,193.488,193.509,6116,0
1748847600,193.509,193.655,193.506,193.612,5554,0
1748851200,193.613,193.689,193.453,193.541,6910,0
1748854800,193.541,193.841,193.486,193.8,8561,0
1748858400,193.803,193.897,193.551,193.61,10682,0
1748862000,193.606,193.701,193.438,193.57,9998,0
1748865600,193.569,193.605,193.456,193.552,9616,0
1748869200,193.552,193.577,193.208,193.23,7898,0
1748872800,193.231,193.273,193.102,193.234,8151,0
1748876400,193.234,193.53,193.234,193.429,8713,0
1748880000,193.428,193.508,193.179,193.314,11700,0
1748883600,193.118,193.455,193.003,193.354,15437,0
1748887200,193.354,193.55,193.31,193.42,12010,0
1748890800,193.42,193.471,193.272,193.28,8677,0
1748894400,193.279,193.335,193.242,193.298,6938,1
1748898000,193.298,193.396,193.223,193.381,7056,1
1748901600,193.38,193.416,193.248,193.316,5348,0
1748905200,193.318,193.377,193.239,193.239,3898,1
1748908800,193.239,193.243,193.06,193.179,2801,25
1748912400,193.179,193.233,193.078,193.106,2418,0
1748916000,193.106,193.241,192.987,193.087,3637,0
1748919600,193.087,193.423,193.079,193.333,7749,0
1748923200,193.329,193.818,193.329,193.701,9317,0
1748926800,193.701,193.806,193.463,193.495,7135,0
1748930400,193.495,193.651,193.386,193.527,6497,0
1748934000,193.527,193.571,193.27,193.316,5534,0
1748937600,193.317,193.422,193.19,193.326,5861,0
1748941200,193.326,193.548,193.323,193.353,7562,0
1748944800,193.353,193.355,192.882,193.098,9610,0
1748948400,193.097,193.112,192.726,192.998,8066,0
1748952000,192.997,193.223,192.922,193.07,7341,0
1748955600,193.068,193.256,193.017,193.206,6761,0
1748959200,193.207,193.324,193.125,193.212,7208,0
1748962800,193.212,193.686,193.171,193.668,8179,0
1748966400,193.668,194.101,193.588,193.964,10518,0
1748970000,193.963,194.557,193.963,194.505,13358,0
1748973600,194.507,194.727,194.452,194.606,9903,0
1748977200,194.6,194.781,194.594,194.641,7390,0
1748980800,194.641,194.765,194.562,194.587,6093,0
1748984400,194.591,194.649,194.525,194.632,5764,0
1748988000,194.63,194.75,194.619,194.722,4702,0
1748991600,194.722,194.724,194.525,194.525,3208,0
1748995200,194.481,194.704,194.146,194.567,1850,41
1748998800,194.567,194.741,194.556,194.654,2463,0
1749002400,194.654,194.784,194.566,194.596,3909,0
1749006000,194.596,194.814,194.552,194.775,8732,0
1749009600,194.775,195.039,194.529,194.574,10032,0
1749013200,194.574,194.68,194.542,194.632,6424,0
1749016800,194.63,194.793,194.581,194.717,5485,0
1749020400,194.718,194.941,194.711,194.917,5867,0
1749024000,194.917,194.962,194.754,194.835,6749,0
1749027600,194.828,194.909,194.531,194.749,8907,0
1749031200,194.75,194.973,194.565,194.926,8528,0
1749034800,194.926,195.09,194.799,194.825,7565,0
1749038400,194.825,195.044,194.757,195.038,6429,0
1749042000,195.038,195.233,194.884,195.081,7382,0
1749045600,195.081,195.111,194.922,194.963,6056,0
1749049200,194.963,194.982,194.231,194.416,11799,0
1749052800,194.414,194.69,194.408,194.534,10862,0
1749056400,194.532,194.532,194.079,194.327,14054,0
1749060000,194.329,194.404,193.808,193.911,9727,0
1749063600,193.909,193.915,193.472,193.577,7829,0
1749067200,193.578,193.668,193.529,193.615,6139,0
1749070800,193.616,193.668,193.562,193.624,5439,0
1749074400,193.622,193.664,193.525,193.55,4819,0
1749078000,193.549,193.566,193.435,193.483,2898,1
1749081600,193.351,193.556,193.351,193.406,1556,28
1749085200,193.392,193.554,193.392,193.468,1933,0
1749088800,193.463,193.542,193.26,193.403,3396,0
1749092400,193.405,193.574,193.33,193.447,9123,0
1749096000,193.448,193.668,193.402,193.615,8755,0
1749099600,193.616,193.632,193.444,193.582,6237,0
1749103200,193.583,193.73,193.51,193.683,6446,0
1749106800,193.683,193.797,193.625,193.77,6175,0
1749110400,193.767,193.923,193.716,193.891,5925,0
1749114000,193.888,194.094,193.871,194.03,7391,0
1749117600,194.031,194.456,193.972,194.382,7924,0
1749121200,194.381,194.52,194.341,194.387,6802,0
1749124800,194.387,194.426,194.178,194.272,6928,0
1749128400,194.272,194.421,194.219,194.296,6208,0
1749132000,194.297,194.498,194.215,194.423,7205,0
1749135600,194.424,195.035,194.046,194.678,13794,0
1749139200,194.678,194.833,194.417,194.551,17393,0
1749142800,194.558,195.093,194.554,194.981,15954,0
1749146400,194.981,195.464,194.981,195.391,12218,0
1749150000,195.392,195.5,194.967,195.006,9977,0
1749153600,195.004,195.341,194.983,195.25,7206,0
1749157200,195.25,195.26,194.903,195.05,7310,0
1749160800,195.05,195.146,194.78,195.038,9428,0
1749164400,195.035,195.134,194.766,194.766,4800,0
1749168000,194.614,195.06,194.476,194.837,1863,5
1749171600,194.837,194.886,194.714,194.872,2567,4
1749175200,194.872,194.968,194.783,194.929,3411,1
1749178800,194.933,195.193,194.933,195.159,6303,0
1749182400,195.167,195.238,195.009,195.018,6824,0
1749186000,195.017,195.235,194.996,195.186,6072,0
1749189600,195.187,195.196,195.038,195.111,4850,0
1749193200,195.104,195.27,195.103,195.259,4626,0
1749196800,195.261,195.306,195.159,195.175,4999,0
1749200400,195.174,195.246,195.025,195.156,6304,0
1749204000,195.153,195.163,194.81,194.932,8361,0
1749207600,194.934,195.039,194.809,195.025,6905,0
1749211200,195.023,195.171,194.928,195.104,6843,0
1749214800,195.104,195.245,195.027,195.227,5886,0
1749218400,195.227,195.402,195.192,195.348,6708,0
1749222000,195.347,195.783,195.097,195.762,15297,0
1749225600,195.763,196.034,195.683,195.931,16623,0
1749229200,195.934,196.163,195.884,195.993,15195,0
1749232800,195.993,196.188,195.864,196.032,12633,0
1749236400,196.032,196.09,195.935,195.982,8277,0
1749240000,195.982,195.986,195.842,195.953,7255,0
1749243600,195.953,196.037,195.949,195.974,7141,0
1749247200,195.97,195.983,195.882,195.921,4401,0
1749250800,195.922,195.961,195.88,195.907,3030,4
1749427200,195.869,195.872,195.742,195.852,583,29
1749430800,195.851,195.874,195.76,195.842,2591,12
1749434400,195.843,195.906,195.758,195.874,3935,1
1749438000,195.876,196.13,195.734,196.113,6394,0
1749441600,196.113,196.148,195.81,195.902,5950,0
1749445200,195.903,195.92,195.748,195.885,5816,0
1749448800,195.886,195.889,195.755,195.812,4965,0
1749452400,195.812,195.812,195.663,195.696,4319,0
1749456000,195.697,195.827,195.662,195.782,4649,0
1749459600,195.783,195.822,195.588,195.67,6277,0
1749463200,195.67,195.736,195.471,195.531,7317,0
1749466800,195.53,195.69,195.462,195.664,7503,0
1749470400,195.664,195.693,195.469,195.573,6259,0
1749474000,195.574,195.599,195.443,195.482,5259,0
1749477600,195.482,195.999,195.461,195.953,7310,0
1749481200,195.956,195.96,195.664,195.778,8125,0
1749484800,195.776,195.877,195.7,195.816,9630,0
1749488400,195.817,195.903,195.685,195.881,9630,0
1749492000,195.88,195.907,195.75,195.798,7438,0
1749495600,195.798,195.86,195.737,195.782,5248,0
1749499200,195.782,195.867,195.733,195.857,4692,0
1749502800,195.858,196.066,195.816,196.06,4878,0
1749506400,196.059,196.073,195.96,195.994,4358,0
1749510000,195.995,196.024,195.823,195.823,2836,2
1749513600,195.711,195.909,195.711,195.841,3421,57
1749517200,195.848,196.012,195.844,195.968,1880,3
1749520800,195.968,196.012,195.858,195.947,2927,2
1749524400,195.948,196.053,195.827,195.892,7242,0
1749528000,195.892,196.233,195.851,196.205,8470,0
1749531600,196.205,196.446,196.136,196.207,7327,0
1749535200,196.21,196.213,196.094,196.147,5561,0
1749538800,196.147,196.227,196.089,196.216,3738,0
1749542400,196.216,196.216,195.596,195.729,8141,0
1749546000,195.73,195.731,194.933,194.933,9124,0
1749549600,194.933,195.07,194.773,195.003,10267,0
1749553200,195.001,195.253,194.837,195.095,7734,0
1749556800,195.094,195.267,195.037,195.201,6528,0
1749560400,195.202,195.329,195.161,195.307,6332,0
1749564000,195.307,195.321,195.018,195.269,6724,0
1749567600,195.27,195.391,195.149,195.368,7457,0
1749571200,195.367,195.666,195.352,195.592,10322,0
1749574800,195.592,195.867,195.585,195.685,9282,0
1749578400,195.685,195.845,195.554,195.738,8823,0
1749582000,195.738,195.828,195.68,195.691,5980,0
1749585600,195.69,195.764,195.65,195.665,4225,0
1749589200,195.669,195.669,195.575,195.608,5144,0
1749592800,195.608,195.695,195.536,195.647,5044,0
1749596400,195.648,195.689,195.489,195.493,3265,0
1749600000,195.493,195.593,195.393,195.551,3150,54
1749603600,195.551,195.739,195.477,195.738,2300,1
1749607200,195.74,195.923,195.551,195.643,7383,0
1749610800,195.633,195.731,195.394,195.529,10707,0
1749614400,195.533,195.621,195.391,195.414,8311,0
1749618000,195.413,195.596,195.295,195.395,5883,0
1749621600,195.396,195.524,195.339,195.5,4980,0
1749625200,195.5,195.576,195.392,195.545,4295,0
1749628800,195.545,195.673,195.54,195.582,5550,0
1749632400,195.579,195.759,195.415,195.445,7104,0
1749636000,195.445,195.751,195.398,195.669,7667,0
1749639600,195.669,195.794,195.629,195.759,6711,0
1749643200,195.76,195.878,195.582,195.823,6620,0
1749646800,195.824,195.935,195.784,195.881,6128,0
1749650400,195.882,196.079,195.818,196.059,6954,0
1749654000,196.059,196.241,195.536,195.657,14580,0
1749657600,195.657,196.105,195.566,196.086,13260,0
1749661200,196.087,196.232,195.911,196.049,11288,0
1749664800,196.047,196.089,195.773,195.852,8838,0
1749668400,195.854,195.975,195.715,195.953,6838,0
1749672000,195.949,196.081,195.865,196.013,6387,0
1749675600,196.012,196.012,195.618,195.769,9497,0
1749679200,195.769,195.83,195.67,195.804,6512,0
1749682800,195.803,195.926,195.738,195.738,3992,1
1749686400,195.735,195.842,195.509,195.819,1592,16
1749690000,195.819,195.819,195.617,195.698,3834,3
1749693600,195.698,195.749,195.566,195.621,5891,2
1749697200,195.621,195.776,195.529,195.655,10438,0
1749700800,195.655,195.697,195.357,195.572,10101,0
1749704400,195.572,195.605,195.378,195.392,7322,0
1749708000,195.393,195.541,195.39,195.456,6200,0
1749711600,195.456,195.644,195.441,195.513,5198,0
1749715200,195.518,195.554,195.226,195.309,5787,0
1749718800,195.309,195.31,194.808,194.968,8941,0
1749722400,194.967,195.107,194.839,194.853,10406,0
1749726000,194.853,195.104,194.714,195.076,10673,0
1749729600,195.075,195.154,194.99,195.106,8790,0
1749733200,195.105,195.138,194.81,195.073,10487,0
1749736800,195.067,195.275,194.985,195.211,9661,0
1749740400,195.211,195.264,194.914,195.021,12583,0
1749744000,195.021,195.177,194.886,195.047,13262,0
1749747600,195.047,195.525,195.046,195.396,12185,0
1749751200,195.395,195.517,195.124,195.164,12346,0
1749754800,195.163,195.26,195.044,195.186,7006,0
1749758400,195.186,195.328,195.07,195.088,6537,0
1749762000,195.088,195.178,195.059,195.137,4671,0
1749765600,195.149,195.312,195.132,195.303,4385,0
1749769200,195.303,195.453,195.278,195.32,3930,0
1749772800,195.321,195.446,195.145,195.428,1608,30
1749776400,195.428,195.435,195.258,195.339,3127,2
1749780000,195.336,195.34,194.988,195.017,4713,0
1749783600,195.014,195.155,193.761,194.101,19452,0
1749787200,194.104,194.341,193.814,194.213,13396,0
1749790800,194.213,194.268,193.782,193.968,11355,1
1749794400,193.967,194.68,193.956,194.473,10556,0
1749798000,194.473,194.53,194.261,194.423,8416,0
1749801600,194.422,194.678,194.314,194.337,8853,0
1749805200,194.337,194.538,194.142,194.465,11574,0
1749808800,194.465,195.035,194.384,194.975,12280,0
1749812400,194.977,195.097,194.839,194.971,9377,0
1749816000,194.97,195.266,194.939,195.187,10647,0
1749819600,195.186,195.377,195.072,195.374,10599,0
1749823200,195.375,195.429,195.113,195.136,10130,0
1749826800,195.132,195.292,194.986,195.289,8967,0
1749830400,195.292,195.405,195.01,195.123,11765,0
1749834000,195.127,195.687,195.034,195.644,12646,0
1749837600,195.645,195.976,195.639,195.786,11472,0
1749841200,195.785,195.868,195.731,195.808,7111,0
1749844800,195.805,195.805,195.66,195.725,8043,0
1749848400,195.724,195.762,195.134,195.245,8487,0
1749852000,195.237,195.339,195.067,195.328,5205,0
1749855600,195.328,195.615,195.289,195.532,5944,5
1750032000,195.238,195.624,194.97,195.491,2787,110
1750035600,195.491,196.002,195.45,195.844,9341,0
1750039200,195.844,196.063,195.784,195.873,8999,0
1750042800,195.873,195.878,195.589,195.612,9922,0
1750046400,195.622,195.629,195.419,195.55,8481,0
1750050000,195.54,195.706,195.499,195.573,7557,4
1750053600,195.573,195.59,195.493,195.57,7269,2
1750057200,195.568,195.581,195.457,195.488,5641,2
1750060800,195.489,195.562,195.403,195.515,7673,0
1750064400,195.515,195.991,195.427,195.953,9426,0
1750068000,195.953,196.175,195.825,195.86,10727,0
1750071600,195.86,196.044,195.694,195.894,8710,0
1750075200,195.903,196.0,195.712,195.788,7448,0
1750078800,195.788,195.853,195.574,195.623,6355,0
1750082400,195.623,195.763,195.551,195.674,6893,0
1750086000,195.673,195.904,195.672,195.72,9562,0
1750089600,195.722,195.823,195.592,195.747,12567,0
1750093200,195.745,196.003,195.584,195.852,12718,0
1750096800,195.853,195.988,195.765,195.983,9292,0
1750100400,195.983,196.222,195.975,196.196,6470,0
1750104000,196.197,196.399,196.145,196.293,6033,0
1750107600,196.291,196.616,196.291,196.603,5780,0
1750111200,196.603,196.688,196.505,196.637,5931,0
1750114800,196.637,196.678,196.451,196.451,3937,0
1750118400,196.451,196.524,196.343,196.467,1954,21
1750122000,196.467,196.598,196.239,196.302,5795,0
1750125600,196.302,196.472,196.293,196.311,7007,0
1750129200,196.311,196.846,196.264,196.802,8477,0
1750132800,196.801,196.802,196.496,196.56,8034,0
1750136400,196.56,196.735,196.468,196.687,7689,0
1750140000,196.687,196.688,196.299,196.36,6725,0
1750143600,196.361,196.397,196.053,196.252,6370,0
1750147200,196.254,196.37,196.186,196.29,6584,0
1750150800,196.29,196.596,196.227,196.507,8930,0
1750154400,196.506,196.63,195.973,196.054,10449,0
1750158000,196.054,196.411,195.961,196.319,9089,0
1750161600,196.315,196.484,196.13,196.146,8956,0
1750165200,196.147,196.317,196.102,196.174,6117,0
1750168800,196.176,196.251,195.961,196.119,6498,0
1750172400,196.119,196.38,195.841,196.248,10722,0
1750176000,196.236,196.366,196.151,196.23,11654,0
1750179600,196.231,196.303,195.921,196.173,12393,0
1750183200,196.174,196.229,195.814,196.005,9337,0
1750186800,196.005,196.022,195.513,195.637,8284,0
1750190400,195.636,195.693,195.136,195.285,10252,0
1750194000,195.282,195.309,195.119,195.201,8635,0
1750197600,195.202,195.214,194.938,194.965,6791,0
1750201200,194.965,195.11,194.906,194.97,5653,0
1750204800,194.97,195.147,194.885,194.955,1782,13
1750208400,194.941,195.227,194.892,195.161,3724,6
1750212000,195.166,195.269,195.092,195.231,4996,1
1750215600,195.235,195.348,195.082,195.18,10932,0
1750219200,195.18,195.225,195.045,195.068,8359,0
1750222800,195.067,195.098,194.963,194.984,5660,2
1750226400,194.983,195.06,194.94,194.951,5477,2
1750230000,194.951,194.997,194.845,194.958,4183,0
1750233600,194.958,194.989,194.777,194.96,4843,0
1750237200,194.96,195.268,194.895,195.076,8151,0
1750240800,195.076,195.252,195.059,195.093,7876,0
1750244400,195.094,195.335,195.005,195.018,7321,0
1750248000,195.018,195.243,195.012,195.136,6601,0
1750251600,195.134,195.185,194.631,194.665,6787,0
1750255200,194.656,194.954,194.615,194.836,6048,0
1750258800,194.836,194.973,194.79,194.837,8504,0
1750262400,194.837,194.874,194.534,194.713,10401,0
1750266000,194.713,195.081,194.589,194.788,13989,0
1750269600,194.79,194.862,194.666,194.733,8743,0
1750273200,194.733,194.809,194.629,194.691,5971,0
1750276800,194.691,194.75,194.54,194.589,6059,0
1750280400,194.589,194.656,194.337,194.577,16776,0
1750284000,194.578,194.7,194.522,194.603,13882,0
1750287600,194.604,194.825,194.594,194.728,5481,0
1750291200,194.627,194.761,194.474,194.724,3021,46
1750294800,194.724,194.809,194.51,194.597,4814,1
1750298400,194.596,194.658,194.416,194.445,5287,0
1750302000,194.453,194.472,194.246,194.367,8034,0
1750305600,194.367,194.45,194.016,194.415,10330,0
1750309200,194.418,194.502,194.324,194.483,6427,0
1750312800,194.486,194.566,194.44,194.505,5401,0
1750316400,194.505,194.562,194.439,194.511,4642,0
1750320000,194.511,194.551,194.347,194.377,4743,0
1750323600,194.377,194.75,194.36,194.745,8457,0
1750327200,194.745,194.993,194.714,194.847,8977,0
1750330800,194.85,195.085,194.744,195.073,8176,0
1750334400,195.074,195.286,195.004,195.192,6624,0
1750338000,195.191,195.776,195.167,195.594,7584,0
1750341600,195.594,195.906,195.36,195.885,9307,0
1750345200,195.885,195.955,195.574,195.624,8531,0
1750348800,195.624,195.648,195.204,195.386,8698,0
1750352400,195.386,195.636,195.364,195.63,7805,1
1750356000,195.631,195.736,195.521,195.58,6293,0
1750359600,195.574,195.662,195.54,195.62,4011,0
1750363200,195.62,195.795,195.58,195.757,4391,0
1750366800,195.757,195.85,195.726,195.801,3474,1
1750370400,195.801,195.884,195.733,195.883,3418,2
1750374000,195.881,195.915,195.672,195.672,2857,1
1750377600,195.672,195.888,195.58,195.799,2440,54
1750381200,195.799,196.025,195.793,195.926,4894,0
1750384800,195.919,195.955,195.678,195.717,5706,1
1750388400,195.717,195.937,195.682,195.916,8487,0
1750392000,195.913,196.02,195.803,195.897,9302,0
1750395600,195.897,195.975,195.848,195.886,6787,1
1750399200,195.886,196.118,195.856,196.083,6087,2
1750402800,196.083,196.217,196.037,196.154,4956,0
1750406400,196.154,196.331,196.139,196.296,6134,0
1750410000,196.3,196.3,195.772,195.786,7985,0
1750413600,195.786,196.016,195.697,195.957,6721,0
1750417200,195.957,196.101,195.819,196.059,6982,0
1750420800,196.059,196.129,195.92,196.119,6049,0
1750424400,196.12,196.297,196.039,196.275,5174,0
1750428000,196.273,196.535,196.214,196.512,7546,0
1750431600,196.512,196.599,196.361,196.565,10419,0
1750435200,196.567,196.704,196.523,196.572,11097,0
1750438800,196.573,196.691,196.246,196.472,11998,0
1750442400,196.472,196.578,196.389,196.48,10511,0
1750446000,196.48,196.585,196.44,196.456,7270,0
1750449600,196.456,196.534,196.399,196.497,6690,0
1750453200,196.497,196.637,196.454,196.549,5346,0
1750456800,196.55,196.647,196.517,196.548,5708,0
1750460400,196.545,196.597,196.345,196.349,4496,0
1750636800,196.493,196.655,196.319,196.427,1774,61
1750640400,196.428,196.728,196.157,196.531,8300,10
1750644000,196.532,196.585,196.42,196.433,8206,0
1750647600,196.433,196.592,196.311,196.568,10340,0
1750651200,196.567,196.938,196.514,196.864,10039,0
1750654800,196.865,196.902,196.639,196.762,6726,0
1750658400,196.762,196.879,196.726,196.826,6790,1
1750662000,196.825,197.209,196.82,197.1,6647,0
1750665600,197.1,197.757,197.098,197.58,7771,0
1750669200,197.58,198.014,197.553,197.74,9976,0
1750672800,197.741,198.039,197.608,198.01,10407,0
1750676400,198.011,198.201,197.959,198.008,9577,0
1750680000,198.009,198.092,197.743,197.915,11461,0
1750683600,197.915,198.022,197.835,197.998,9012,0
1750687200,197.997,198.055,197.438,197.685,9306,0
1750690800,197.685,197.728,197.25,197.416,10920,0
1750694400,197.416,197.818,197.298,197.752,11762,0
1750698000,197.751,197.839,197.56,197.684,16433,0
1750701600,197.684,197.774,197.554,197.574,11500,0
1750705200,197.575,197.631,197.313,197.474,12604,0
1750708800,197.475,197.852,197.444,197.685,12007,0
1750712400,197.686,197.695,197.484,197.614,9646,0
1750716000,197.611,197.713,197.573,197.692,6936,0
1750719600,197.693,197.695,197.568,197.591,4925,0
1750723200,197.591,197.698,197.266,197.564,1803,37
1750726800,197.564,197.674,197.394,197.568,6580,3
1750730400,197.574,197.67,197.467,197.653,8063,0
1750734000,197.654,197.654,197.249,197.269,11052,0
1750737600,197.27,197.388,197.144,197.252,9159,0
1750741200,197.252,197.279,197.074,197.224,6222,0
1750744800,197.225,197.265,197.023,197.239,5108,0
1750748400,197.239,197.308,197.174,197.256,4874,0
1750752000,197.257,197.365,197.115,197.169,6454,0
1750755600,197.173,197.337,197.062,197.203,11410,0
1750759200,197.203,197.39,196.946,197.339,12666,0
1750762800,197.339,197.366,197.073,197.332,10671,0
1750766400,197.331,197.58,197.234,197.289,8962,0
1750770000,197.289,197.491,197.212,197.451,6567,0
1750773600,197.452,197.54,197.303,197.348,8133,0
1750777200,197.344,197.427,197.146,197.205,9972,0
1750780800,197.198,197.359,197.089,197.257,11701,0
1750784400,197.251,197.266,196.964,197.165,13925,0
1750788000,197.164,197.321,197.049,197.269,11144,0
1750791600,197.268,197.365,197.093,197.163,7750,0
1750795200,197.164,197.356,197.098,197.345,6137,0
1750798800,197.345,197.368,197.139,197.22,5756,0
1750802400,197.22,197.251,197.154,197.179,5348,0
1750806000,197.179,197.304,197.148,197.263,4104,0
1750809600,197.263,197.332,197.061,197.08,1337,96
1750813200,197.08,197.342,197.076,197.302,2789,0
1750816800,197.302,197.368,197.14,197.327,4454,0
1750820400,197.327,197.489,197.151,197.292,8956,0
1750824000,197.292,197.316,197.043,197.146,8959,0
1750827600,197.147,197.283,197.055,197.213,5925,0
1750831200,197.217,197.354,197.191,197.337,5162,0
1750834800,197.337,197.381,197.216,197.355,4334,0
1750838400,197.355,197.684,197.355,197.582,4837,0
1750842000,197.582,197.99,197.548,197.98,8049,0
1750845600,197.98,198.069,197.719,197.83,9367,0
1750849200,197.831,198.204,197.77,198.161,7767,0
1750852800,198.16,198.265,198.054,198.238,8199,0
1750856400,198.239,198.312,198.128,198.273,6064,0
1750860000,198.272,198.409,198.254,198.32,7356,0
1750863600,198.32,198.37,198.128,198.322,8371,0
1750867200,198.324,198.573,198.319,198.498,8918,0
1750870800,198.498,198.526,198.264,198.51,11645,0
1750874400,198.51,198.528,198.255,198.367,9307,0
1750878000,198.366,198.443,198.318,198.398,6470,0
1750881600,198.4,198.47,198.349,198.456,7578,0
1750885200,198.456,198.467,198.265,198.315,6280,0
1750888800,198.315,198.479,198.315,198.478,6152,0
1750892400,198.478,198.578,198.351,198.36,4339,1
1750896000,198.287,198.368,198.196,198.296,1628,29
1750899600,198.314,198.48,198.314,198.477,2507,3
1750903200,198.476,198.476,198.3,198.373,5862,0
1750906800,198.375,198.468,198.063,198.073,6914,0
1750910400,198.074,198.296,198.007,198.134,6614,0
1750914000,198.133,198.382,198.102,198.316,5836,0
1750917600,198.312,198.524,198.302,198.516,7137,0
1750921200,198.516,198.597,198.283,198.361,5429,0
1750924800,198.362,198.508,198.224,198.286,6379,0
1750928400,198.282,198.342,197.86,197.972,10185,0
1750932000,197.971,197.992,197.745,197.889,10575,0
1750935600,197.889,198.037,197.708,197.888,10658,0
1750939200,197.887,198.07,197.807,198.007,8791,0
1750942800,198.012,198.116,197.959,197.971,7198,0
1750946400,197.97,198.002,197.829,197.91,8066,0
1750950000,197.909,198.066,197.761,197.962,11474,0
1750953600,197.961,198.207,197.923,198.189,12725,0
1750957200,198.188,198.409,198.175,198.309,14095,0
1750960800,198.31,198.533,198.253,198.49,10503,0
1750964400,198.491,198.519,198.294,198.406,8432,0
1750968000,198.4,198.45,198.313,198.369,6740,0
1750971600,198.37,198.389,198.24,198.256,6501,0
1750975200,198.256,198.293,198.173,198.261,5830,0
1750978800,198.259,198.292,198.109,198.109,4309,0
1750982400,198.12,198.306,197.976,198.2,1973,40
1750986000,198.2,198.445,198.185,198.35,3717,2
1750989600,198.35,198.621,198.217,198.57,5335,0
1750993200,198.57,198.806,198.466,198.614,7997,0
1750996800,198.614,198.681,198.207,198.211,7546,0
1751000400,198.21,198.399,198.14,198.35,6872,0
1751004000,198.35,198.525,198.304,198.424,6556,0
1751007600,198.425,198.46,198.332,198.356,5799,0
1751011200,198.359,198.44,198.146,198.233,6365,0
1751014800,198.237,198.307,198.11,198.288,8298,0
1751018400,198.29,198.591,198.195,198.505,8939,0
1751022000,198.507,198.576,198.296,198.487,7051,0
1751025600,198.487,198.532,198.312,198.53,6466,0
1751029200,198.526,198.625,198.333,198.359,6759,0
1751032800,198.36,198.605,198.323,198.488,6749,0
1751036400,198.488,198.644,198.324,198.485,12142,0
1751040000,198.484,198.678,198.448,198.556,12425,0
1751043600,198.554,198.75,198.334,198.702,10850,0
1751047200,198.701,198.714,198.408,198.546,8508,0
1751050800,198.547,198.56,198.195,198.272,7250,0
1751054400,198.271,198.398,198.152,198.174,7898,0
1751058000,198.172,198.236,198.011,198.187,7914,0
1751061600,198.184,198.428,198.181,198.404,6710,0
1751065200,198.403,198.498,198.194,198.194,5606,0
1751241600,197.693,198.232,197.693,198.11,1656,71
1751245200,198.1,198.449,198.076,198.289,4770,1
1751248800,198.289,198.31,198.179,198.244,5384,3
1751252400,198.245,198.457,198.216,198.327,7611,0
1751256000,198.327,198.367,197.986,198.017,7296,0
1751259600,198.017,198.02,197.737,197.923,6282,0
1751263200,197.923,197.933,197.749,197.762,5473,0
1751266800,197.762,197.776,197.575,197.627,5494,0
1751270400,197.627,197.651,197.491,197.568,6013,0
1751274000,197.569,197.696,197.497,197.618,9041,0
1751277600,197.617,197.618,197.212,197.47,9854,0
1751281200,197.467,197.527,197.295,197.424,8877,0
1751284800,197.422,197.568,197.373,197.565,7322,0
1751288400,197.563,197.567,197.424,197.546,5714,0
1751292000,197.545,197.876,197.491,197.81,6841,0
1751295600,197.811,197.847,197.681,197.81,7680,0
1751299200,197.812,197.852,197.472,197.572,10588,0
1751302800,197.567,198.011,197.442,197.95,14016,0
1751306400,197.95,197.98,197.614,197.794,11191,0
1751310000,197.795,197.863,197.644,197.792,7736,0
1751313600,197.79,197.833,197.645,197.755,6947,0
1751317200,197.754,197.874,197.705,197.816,6864,0
1751320800,197.817,197.863,197.656,197.689,6015,0
1751324400,197.687,197.812,197.592,197.612,4331,0
1751328000,197.631,197.799,197.524,197.716,2404,41
1751331600,197.717,197.718,197.592,197.623,3162,6
1751335200,197.623,197.646,197.428,197.465,3590,0
1751338800,197.465,197.482,197.242,197.268,7756,0
1751342400,197.266,197.402,197.187,197.385,7378,0
1751346000,197.385,197.438,197.239,197.435,5005,0
1751349600,197.434,197.669,197.341,197.665,5541,0
1751353200,197.667,197.756,197.503,197.527,5537,0
1751356800,197.524,197.533,197.345,197.374,5873,0
1751360400,197.377,197.517,197.273,197.389,7395,0
1751364000,197.39,197.446,196.924,196.96,9212,0
1751367600,196.963,197.039,196.788,197.016,9799,0
1751371200,197.014,197.057,196.788,196.911,9304,0
1751374800,196.906,197.002,196.835,196.962,7415,0
1751378400,196.956,196.96,196.316,196.324,8434,0
1751382000,196.323,196.653,196.277,196.596,9173,0
1751385600,196.597,196.742,196.409,196.486,11071,0
1751389200,196.486,196.828,196.486,196.767,15253,0
1751392800,196.768,197.073,196.756,197.05,12336,0
1751396400,197.052,197.291,197.042,197.213,9414,0
1751400000,197.217,197.339,197.192,197.299,6931,0
1751403600,197.299,197.497,197.276,197.439,5448,0
1751407200,197.44,197.556,197.297,197.541,7080,0
1751410800,197.54,197.542,197.016,197.016,4854,0
1751414400,197.016,197.154,196.896,197.119,1133,16
1751418000,197.119,197.155,197.035,197.083,3075,0
1751421600,197.076,197.17,197.03,197.069,3872,0
1751425200,197.065,197.47,197.016,197.247,8038,0
1751428800,197.247,197.431,197.208,197.35,7408,0
1751432400,197.35,197.429,197.276,197.307,5567,0
1751436000,197.307,197.388,197.239,197.286,4671,0
1751439600,197.287,197.381,197.197,197.297,3342,0
1751443200,197.297,197.55,197.277,197.455,5505,0
1751446800,197.461,197.53,197.343,197.425,7989,0
1751450400,197.423,197.552,197.218,197.22,9006,0
1751454000,197.218,197.228,197.043,197.207,7042,0
1751457600,197.207,197.524,197.175,197.351,7501,0
1751461200,197.355,197.439,197.125,197.224,6278,0
1751464800,197.223,197.48,196.886,196.987,8396,0
1751468400,196.993,197.007,195.474,195.773,17232,0
1751472000,195.772,195.903,195.549,195.64,14398,0
1751475600,195.639,195.906,195.359,195.787,13065,0
1751479200,195.796,195.891,195.631,195.815,10469,0
1751482800,195.817,195.99,195.667,195.925,7897,0
1751486400,195.923,196.017,195.867,195.896,6914,1
1751490000,195.899,195.941,195.792,195.846,6099,0
1751493600,195.847,195.892,195.739,195.824,5331,0
1751497200,195.824,195.897,195.743,195.749,3003,0
1751500800,195.773,196.316,195.704,196.05,2295,27
1751504400,196.046,196.142,196.015,196.096,2091,4
1751508000,196.096,196.099,195.867,195.898,2772,0
1751511600,195.899,196.004,195.757,195.952,6962,0
1751515200,195.954,196.109,195.83,195.932,6609,0
1751518800,195.932,195.974,195.838,195.903,4932,0
1751522400,195.903,196.055,195.891,196.03,4136,0
1751526000,196.031,196.056,195.908,196.037,3864,0
1751529600,196.037,196.241,196.001,196.211,3985,0
1751533200,196.211,196.371,196.179,196.248,7111,0
1751536800,196.246,196.587,196.235,196.452,7988,0
1751540400,196.453,196.707,196.451,196.593,7545,0
1751544000,196.601,196.622,196.385,196.438,7048,0
1751547600,196.437,196.558,196.241,196.499,5413,0
1751551200,196.497,196.589,196.405,196.475,6441,0
1751554800,196.475,197.444,196.312,197.418,15397,0
1751558400,197.423,197.739,197.388,197.706,15624,0
1751562000,197.708,198.061,197.534,197.994,14253,0
1751565600,197.996,198.034,197.753,197.92,10304,0
1751569200,197.92,198.104,197.905,198.002,7301,0
1751572800,197.996,198.038,197.887,197.973,3447,0
1751576400,197.971,197.997,197.852,197.936,3142,0
1751580000,197.937,197.95,197.833,197.943,2659,0
1751583600,197.944,197.972,197.829,197.862,3310,1
1751587200,197.862,197.917,197.788,197.85,1461,15
1751590800,197.85,197.907,197.797,197.799,2755,7
1751594400,197.798,197.866,197.736,197.755,3133,0
1751598000,197.756,197.868,197.472,197.576,6370,0
1751601600,197.578,197.658,197.502,197.57,5843,0
1751605200,197.57,197.603,197.449,197.491,4571,0
1751608800,197.491,197.511,197.328,197.387,4441,0
1751612400,197.387,197.453,197.284,197.418,3795,0
1751616000,197.417,197.524,197.344,197.389,4423,0
1751619600,197.389,197.403,197.219,197.27,6305,0
1751623200,197.267,197.396,197.194,197.237,7917,0
1751626800,197.237,197.309,197.131,197.224,5476,0
1751630400,197.223,197.254,196.985,197.092,6067,0
1751634000,197.092,197.142,196.978,197.002,5826,0
1751637600,197.002,197.11,196.928,197.06,5568,0
1751641200,197.061,197.063,196.901,196.924,5110,0
1751644800,196.924,197.201,196.922,197.179,5347,0
1751648400,197.178,197.242,197.052,197.159,6646,0
1751652000,197.159,197.244,197.124,197.208,4969,0
1751655600,197.21,197.264,197.164,197.207,4115,0
1751659200,197.217,197.264,197.171,197.178,8959,2
1751662800,197.177,197.266,197.176,197.259,4081,3
1751666400,197.259,197.352,197.185,197.3,11983,9
1751670000,197.3,197.396,197.012,197.013,13171,8
1751846400,197.117,197.267,197.066,197.203,1102,124
1751850000,197.194,197.403,197.127,197.265,3202,5
1751853600,197.265,197.366,197.169,197.237,3435,0
1751857200,197.247,197.261,196.926,196.999,7519,0
1751860800,197.002,197.095,196.785,197.051,7705,0
1751864400,197.051,197.404,197.012,197.36,6561,0
1751868000,197.36,197.406,197.257,197.375,5383,0
1751871600,197.376,197.459,197.278,197.427,4967,0
1751875200,197.425,197.552,197.376,197.511,5543,0
1751878800,197.511,197.601,197.339,197.414,8334,0
1751882400,197.414,197.595,197.366,197.529,8937,0
1751886000,197.53,197.583,197.189,197.373,8227,0
1751889600,197.37,197.977,197.301,197.923,7459,0
1751893200,197.924,197.926,197.761,197.821,6285,0
1751896800,197.821,198.151,197.771,198.093,6531,0
1751900400,198.093,198.309,198.09,198.254,7353,0
1751904000,198.254,198.696,198.225,198.601,9258,0
1751907600,198.6,198.943,198.565,198.812,9023,0
1751911200,198.812,198.99,198.779,198.908,7955,0
1751914800,198.908,199.006,198.514,198.648,11869,0
1751918400,198.648,198.947,198.565,198.717,9773,0
1751922000,198.714,198.987,198.684,198.968,8432,0
1751925600,198.97,198.987,198.732,198.776,6486,0
1751929200,198.776,198.809,198.593,198.595,4301,0
1751932800,198.596,198.729,198.476,198.634,1339,26
1751936400,198.634,198.717,198.513,198.633,4192,0
1751940000,198.634,198.907,198.634,198.743,4856,2
1751943600,198.741,199.238,198.704,199.197,9170,0
1751947200,199.198,199.473,199.086,199.269,8004,0
1751950800,199.269,199.322,199.105,199.137,6222,0
1751954400,199.137,199.275,199.095,199.142,5881,0
1751958000,199.142,199.155,198.892,199.015,6966,0
1751961600,199.016,199.136,198.977,199.11,6038,0
1751965200,199.115,199.339,199.071,199.292,7770,0
1751968800,199.29,199.429,199.173,199.208,8481,0
1751972400,199.209,199.271,198.97,198.992,7919,0
1751976000,198.994,199.062,198.778,198.807,7036,0
1751979600,198.806,198.849,198.691,198.773,6405,0
1751983200,198.776,199.117,198.735,198.967,6673,0
1751986800,198.968,199.126,198.856,199.121,8651,0
1751990400,199.121,199.157,198.862,198.913,10672,0
1751994000,198.912,199.207,198.671,198.992,11692,0
1751997600,198.991,199.317,198.951,199.263,10767,0
1752001200,199.262,199.282,199.108,199.259,9810,0
1752004800,199.258,199.42,199.231,199.417,9434,0
1752008400,199.413,199.438,199.351,199.366,7470,0
1752012000,199.366,199.384,199.231,199.251,6309,0
1752015600,199.245,199.282,199.121,199.127,5821,0
1752019200,199.127,199.236,198.966,199.103,3428,26
1752022800,199.103,199.284,199.08,199.253,2292,3
1752026400,199.253,199.54,199.253,199.516,3769,0
1752030000,199.516,199.549,199.337,199.432,7345,0
1752033600,199.432,199.626,199.336,199.536,7878,0
1752037200,199.536,199.62,199.486,199.62,7374,0
1752040800,199.619,199.665,199.58,199.598,6304,0
1752044400,199.598,199.803,199.594,199.757,4950,2
1752048000,199.757,199.806,199.677,199.711,6138,0
1752051600,199.711,199.831,199.648,199.695,7077,0
1752055200,199.695,199.741,199.367,199.496,8333,0
1752058800,199.495,199.551,199.378,199.5,7860,0
1752062400,199.494,199.52,199.279,199.368,6301,0
1752066000,199.368,199.378,199.145,199.203,6187,0
1752069600,199.206,199.334,199.135,199.265,5723,0
1752073200,199.275,199.458,199.187,199.339,8454,0
1752076800,199.34,199.405,198.97,198.975,10180,0
1752080400,198.975,199.189,198.895,199.018,9996,0
1752084000,199.018,199.166,198.977,199.037,8220,0
1752087600,199.037,199.051,198.765,198.887,6506,0
1752091200,198.887,198.912,198.733,198.848,5811,0
1752094800,198.848,198.922,198.773,198.836,6161,1
1752098400,198.837,198.955,198.791,198.92,4654,1
1752102000,198.92,199.077,198.743,198.769,4651,0
1752105600,198.769,198.805,198.596,198.791,1530,25
1752109200,198.785,198.832,198.704,198.733,2305,6
1752112800,198.733,198.814,198.543,198.672,2772,0
1752116400,198.669,198.686,198.378,198.45,7919,0
1752120000,198.45,198.593,198.389,198.513,6363,0
1752123600,198.513,198.788,198.489,198.776,5264,0
1752127200,198.774,198.979,198.762,198.97,4015,0
1752130800,198.97,199.119,198.917,198.931,3753,0
1752134400,198.928,199.096,198.905,199.041,4257,1
1752138000,199.041,199.188,198.909,198.926,6588,0
1752141600,198.927,199.252,198.849,199.118,7530,0
1752145200,199.12,199.221,199.026,199.127,5887,0
1752148800,199.13,199.196,198.936,198.939,4947,0
1752152400,198.932,199.031,198.668,198.713,4547,0
1752156000,198.712,198.737,198.565,198.613,5871,0
1752159600,198.613,198.743,198.387,198.572,8406,0
1752163200,198.57,198.742,198.478,198.655,10032,0
1752166800,198.655,198.821,198.53,198.596,11840,0
1752170400,198.596,198.825,198.529,198.713,8901,0
1752174000,198.715,198.744,198.629,198.66,7870,0
1752177600,198.66,198.662,198.543,198.584,6331,1
1752181200,198.584,198.591,198.459,198.514,6592,0
1752184800,198.515,198.583,198.508,198.53,4956,0
1752188400,198.529,198.624,198.484,198.542,4718,0
1752192000,198.542,198.587,198.394,198.536,1952,40
1752195600,198.536,198.644,198.533,198.62,2498,1
1752199200,198.622,198.655,198.527,198.647,2898,0
1752202800,198.649,198.8,198.235,198.653,11812,0
1752206400,198.653,199.107,198.627,198.999,9735,0
1752210000,198.999,199.341,198.971,199.269,6592,0
1752213600,199.27,199.364,199.19,199.337,5566,0
1752217200,199.337,199.442,199.238,199.385,5394,0
1752220800,199.385,199.424,199.141,199.181,5591,0
1752224400,199.18,199.18,198.687,198.845,9174,0
1752228000,198.843,199.014,198.783,198.86,7361,0
1752231600,198.855,198.968,198.694,198.946,7837,0
1752235200,198.948,199.24,198.881,199.095,6642,0
1752238800,199.095,199.166,198.626,198.635,6595,0
1752242400,198.635,198.817,198.429,198.526,7770,0
1752246000,198.526,198.607,198.24,198.471,9113,0
1752249600,198.471,198.759,198.432,198.759,11557,0
1752253200,198.759,199.053,198.753,198.977,11189,0
1752256800,198.977,199.162,198.875,198.878,9431,0
1752260400,198.876,199.164,198.83,199.039,7784,0
1752264000,199.039,199.179,199.027,199.172,5657,0
1752267600,199.173,199.241,199.141,199.183,6857,0
1752271200,199.174,199.184,198.911,198.912,5252,0
1752274800,198.912,198.944,198.755,198.757,4263,0
1752451200,198.43,198.552,198.368,198.447,716,95
1752454800,198.447,198.928,198.433,198.894,3799,2
1752458400,198.9,198.985,198.654,198.78,4018,0
1752462000,198.781,198.819,198.32,198.366,6196,0
1752465600,198.366,198.505,198.261,198.466,5963,0
1752469200,198.467,198.56,198.405,198.437,3501,0
1752472800,198.437,198.667,198.371,198.584,3752,0
1752476400,198.593,198.705,198.436,198.596,3553,0
1752480000,198.596,198.623,198.391,198.432,3986,0
1752483600,198.432,198.437,198.098,198.159,5714,0
1752487200,198.159,198.723,198.142,198.701,7373,0
1752490800,198.706,198.746,198.463,198.518,6626,0
1752494400,198.518,198.631,198.404,198.596,5812,0
1752498000,198.591,198.687,198.495,198.551,5573,0
1752501600,198.55,198.786,198.52,198.748,6646,0
1752505200,198.751,198.793,198.453,198.647,7506,0
1752508800,198.649,198.72,198.534,198.668,9366,0
1752512400,198.668,198.693,198.249,198.297,9895,0
1752516000,198.296,198.452,198.284,198.402,9205,0
1752519600,198.402,198.58,198.337,198.461,7459,0
1752523200,198.46,198.524,198.331,198.425,4529,0
1752526800,198.426,198.479,198.364,198.42,5019,0
1752530400,198.418,198.46,198.306,198.339,3518,0
1752534000,198.343,198.462,198.297,198.297,2443,0
1752537600,198.297,198.431,198.192,198.349,2221,27
1752541200,198.346,198.432,198.295,198.394,3762,0
1752544800,198.4,198.502,198.4,198.44,3057,0
1752548400,198.438,198.538,198.257,198.285,5371,0
1752552000,198.285,198.586,198.274,198.511,5975,0
1752555600,198.511,198.558,198.257,198.285,5079,0
1752559200,198.28,198.339,198.209,198.312,2703,1
1752562800,198.313,198.37,198.278,198.336,3483,0
1752566400,198.336,198.392,198.29,198.327,3716,0
1752570000,198.327,198.567,198.307,198.426,5433,0
1752573600,198.426,198.751,198.407,198.75,7652,0
1752577200,198.75,198.752,198.487,198.569,6496,0
1752580800,198.568,198.805,198.513,198.733,5753,0
1752584400,198.732,198.827,198.674,198.791,4973,0
1752588000,198.79,198.93,198.759,198.847,6496,0
1752591600,198.843,199.083,198.634,198.886,11647,0
1752595200,198.886,199.259,198.84,199.161,13802,0
1752598800,199.162,199.514,199.155,199.349,14207,0
1752602400,199.348,199.522,199.264,199.268,10400,0
1752606000,199.267,199.464,199.214,199.322,8571,0
1752609600,199.322,199.401,199.256,199.357,6777,0
1752613200,199.357,199.361,199.271,199.305,5612,0
1752616800,199.303,199.365,199.231,199.248,4335,0
1752620400,199.248,199.276,199.145,199.173,3403,0
1752624000,199.173,199.279,199.105,199.2,1481,22
1752627600,199.2,199.329,199.182,199.283,2031,4
1752631200,199.283,199.35,199.176,199.258,4158,0
1752634800,199.258,199.579,199.142,199.53,8042,0
1752638400,199.529,199.582,199.293,199.368,7768,0
1752642000,199.367,199.438,199.289,199.323,4891,0
1752645600,199.323,199.568,199.317,199.535,4603,0
1752649200,199.535,199.738,199.48,199.508,5074,0
1752652800,199.514,199.54,199.305,199.376,5363,1
1752656400,199.376,199.653,199.28,199.312,7796,0
1752660000,199.312,199.43,199.246,199.407,7896,0
1752663600,199.408,199.452,199.278,199.307,6776,0
1752667200,199.309,199.406,199.079,199.226,6548,0
1752670800,199.226,199.381,199.122,199.362,5463,0
1752674400,199.363,199.376,199.201,199.356,6338,0
1752678000,199.36,199.374,198.95,199.152,11666,0
1752681600,199.152,199.209,198.972,199.047,12542,0
1752685200,199.047,199.102,198.688,198.838,12121,0
1752688800,198.838,198.936,197.909,198.821,23831,0
1752692400,198.814,199.013,198.663,198.704,16654,0
1752696000,198.7,198.722,198.182,198.188,10924,0
1752699600,198.19,198.383,198.108,198.373,6209,0
1752703200,198.37,198.448,198.341,198.375,6501,0
1752706800,198.376,198.486,198.354,198.372,6464,0
1752710400,198.372,198.405,198.207,198.278,2750,23
1752714000,198.278,198.477,198.226,198.361,3603,5
1752717600,198.361,198.544,198.259,198.462,2776,0
1752721200,198.463,198.861,198.454,198.824,6593,0
1752724800,198.824,198.949,198.683,198.837,7831,0
1752728400,198.837,198.889,198.705,198.749,5913,0
1752732000,198.75,199.025,198.707,198.943,5417,1
1752735600,198.941,198.99,198.793,198.814,4355,0
1752739200,198.816,198.897,198.747,198.862,5179,0
1752742800,198.862,199.114,198.693,198.916,9848,0
1752746400,198.917,199.114,198.909,199.034,9393,0
1752750000,199.033,199.296,199.006,199.26,8134,0
1752753600,199.26,199.359,199.149,199.307,6450,0
1752757200,199.307,199.39,199.132,199.181,6067,0
1752760800,199.181,199.247,199.11,199.23,6303,0
1752764400,199.229,199.552,199.181,199.294,11880,0
1752768000,199.296,199.33,198.976,199.089,12666,0
1752771600,199.086,199.239,198.994,199.101,12614,0
1752775200,199.101,199.269,199.064,199.249,8767,0
1752778800,199.25,199.317,199.149,199.162,7615,0
1752782400,199.159,199.293,199.134,199.255,6686,0
1752786000,199.255,199.466,199.249,199.43,5904,0
1752789600,199.431,199.485,199.316,199.385,6217,1
1752793200,199.385,199.401,199.253,199.255,4205,0
1752796800,199.255,199.391,199.08,199.288,1361,32
1752800400,199.288,199.372,199.178,199.188,3484,2
1752804000,199.181,199.409,199.177,199.375,3235,1
1752807600,199.377,199.594,199.25,199.571,7152,0
1752811200,199.571,199.621,199.391,199.48,6495,0
1752814800,199.481,199.587,199.389,199.575,4186,0
1752818400,199.575,199.704,199.51,199.652,5256,0
1752822000,199.653,199.688,199.547,199.57,4512,0
1752825600,199.575,199.626,199.535,199.578,5083,0
1752829200,199.577,199.821,199.493,199.782,6088,0
1752832800,199.783,199.975,199.733,199.818,7754,0
1752836400,199.818,199.829,199.571,199.657,7410,0
1752840000,199.657,199.908,199.591,199.874,5324,0
1752843600,199.873,199.881,199.641,199.784,5603,0
1752847200,199.784,199.885,199.746,199.841,6541,0
1752850800,199.844,199.877,199.653,199.657,8853,0
1752854400,199.658,199.792,199.615,199.648,10653,0
1752858000,199.648,199.744,199.571,199.586,12599,0
1752861600,199.585,199.635,199.481,199.616,9941,0
1752865200,199.616,199.631,199.465,199.522,9155,0
1752868800,199.522,199.616,199.472,199.562,6389,0
1752872400,199.562,199.628,199.546,199.6,5686,0
1752876000,199.603,199.618,199.476,199.518,5715,0
1752879600,199.518,199.58,199.463,199.502,4942,0
1753056000,198.466,199.083,198.429,198.786,2097,22
1753059600,198.809,199.413,198.788,199.296,6630,1
1753063200,199.294,199.364,199.077,199.149,5740,0
1753066800,199.149,199.18,198.806,198.899,7220,0
1753070400,198.907,199.219,198.907,199.189,7635,0
1753074000,199.193,199.209,199.098,199.17,6172,3
1753077600,199.171,199.242,199.109,199.177,4853,2
1753081200,199.177,199.24,199.148,199.19,4299,0
1753084800,199.19,199.199,199.004,199.066,4998,0
1753088400,199.066,199.069,198.566,198.87,7973,0
1753092000,198.873,199.239,198.851,199.117,9079,0
1753095600,199.118,199.169,198.802,198.947,8535,0
1753099200,198.951,199.086,198.827,199.058,6805,0
1753102800,199.06,199.078,198.814,198.848,6387,0
1753106400,198.851,198.927,198.743,198.862,8527,0
1753110000,198.862,198.876,198.579,198.819,7931,0
1753113600,198.819,198.955,198.689,198.705,9760,0
1753117200,198.698,198.951,198.611,198.916,11835,2
1753120800,198.914,198.989,198.744,198.748,10169,0
1753124400,198.741,198.786,198.519,198.58,7457,0
1753128000,198.578,198.71,198.536,198.584,5690,0
1753131600,198.585,198.778,198.58,198.746,5018,1
1753135200,198.746,198.774,198.653,198.691,6321,0
1753138800,198.691,198.842,198.619,198.619,4491,0
1753142400,198.594,198.809,198.389,198.692,1625,26
1753146000,198.72,198.827,198.707,198.823,2797,5
1753149600,198.823,198.934,198.805,198.837,3469,2
1753153200,198.835,199.123,198.727,198.857,8292,0
1753156800,198.855,199.015,198.814,198.935,7004,2
1753160400,198.929,198.939,198.769,198.802,5761,2
1753164000,198.803,198.959,198.747,198.913,5938,2
1753167600,198.914,199.02,198.871,198.964,4917,0
1753171200,198.957,199.122,198.917,199.097,5333,0
1753174800,199.095,199.243,198.998,199.131,6644,0
1753178400,199.128,199.291,198.897,198.926,7523,0
1753182000,198.925,199.291,198.795,199.126,7469,2
1753185600,199.126,199.126,198.915,198.969,7139,0
1753189200,198.971,199.006,198.835,198.842,5296,0
1753192800,198.842,198.91,198.403,198.508,7467,0
1753196400,198.507,198.554,197.846,197.901,9745,0
1753200000,197.901,198.033,197.533,197.648,12115,0
1753203600,197.648,197.758,197.43,197.728,14411,0
1753207200,197.727,197.974,197.667,197.876,12271,0
1753210800,197.883,198.136,197.88,198.111,9006,0
1753214400,198.112,198.219,198.101,198.186,7276,1
1753218000,198.18,198.277,198.102,198.263,6895,2
1753221600,198.26,198.366,198.215,198.313,6069,1
1753225200,198.313,198.503,198.266,198.267,4041,0
1753228800,198.269,198.414,198.244,198.296,1951,9
1753232400,198.309,198.521,198.302,198.404,2816,4
1753236000,198.403,198.67,197.924,198.447,8705,0
1753239600,198.448,198.461,197.747,198.085,11966,0
1753243200,198.084,198.413,198.015,198.255,10424,0
1753246800,198.256,199.01,198.072,198.651,10269,0
1753250400,198.65,198.832,198.556,198.754,7578,0
1753254000,198.754,198.893,198.732,198.771,7004,1
1753257600,198.777,199.055,198.701,199.006,8375,0
1753261200,199.006,199.084,198.378,198.74,9982,0
1753264800,198.74,198.817,198.596,198.751,9916,0
1753268400,198.735,198.932,198.634,198.782,8712,1
1753272000,198.783,198.799,198.329,198.446,7823,0
1753275600,198.446,198.457,198.121,198.162,7055,0
1753279200,198.166,198.166,197.865,197.952,7876,0
1753282800,197.953,198.378,197.904,198.322,8688,0
1753286400,198.322,198.524,198.257,198.49,12316,0
1753290000,198.49,198.568,198.242,198.54,10651,0
1753293600,198.543,198.922,198.447,198.804,11201,0
1753297200,198.8,198.904,198.603,198.777,12263,0
1753300800,198.78,198.944,198.66,198.814,9044,0
1753304400,198.814,198.894,198.733,198.878,7343,1
1753308000,198.878,199.032,198.866,199.006,6801,1
1753311600,199.009,199.017,198.808,198.808,5067,2
1753315200,198.809,198.988,198.79,198.928,1309,19
1753318800,198.908,199.012,198.784,198.933,3157,0
1753322400,198.932,198.932,198.676,198.728,4710,1
1753326000,198.728,198.857,198.586,198.76,9506,0
1753329600,198.762,198.768,198.131,198.213,9638,0
1753333200,198.213,198.426,198.208,198.334,7273,0
1753336800,198.334,198.39,198.171,198.255,6735,0
1753340400,198.255,198.352,198.193,198.287,5875,2
1753344000,198.288,198.367,198.232,198.259,6729,1
1753347600,198.242,198.498,198.212,198.393,9256,1
1753351200,198.393,198.628,198.252,198.536,10571,0
1753354800,198.54,198.624,198.304,198.481,9168,0
1753358400,198.48,198.6,198.443,198.543,8399,0
1753362000,198.543,198.608,198.42,198.44,7070,0
1753365600,198.44,198.614,198.38,198.506,7370,0
1753369200,198.507,198.716,198.441,198.695,10830,0
1753372800,198.693,198.852,198.46,198.602,14679,0
1753376400,198.602,198.806,198.411,198.768,13657,0
1753380000,198.772,198.848,198.589,198.697,11851,0
1753383600,198.689,198.724,198.283,198.48,9267,0
1753387200,198.479,198.55,198.398,198.469,7357,0
1753390800,198.469,198.603,198.459,198.579,6916,0
1753394400,198.579,198.602,198.463,198.474,5980,0
1753398000,198.477,198.638,198.426,198.509,7481,0
1753401600,198.507,198.749,198.488,198.697,1914,10
1753405200,198.711,198.809,198.584,198.611,3133,0
1753408800,198.613,198.685,198.517,198.584,3821,0
1753412400,198.582,198.972,198.566,198.843,8405,0
1753416000,198.846,199.056,198.801,198.933,8547,0
1753419600,198.933,199.014,198.902,198.917,7052,0
1753423200,198.918,198.925,198.629,198.657,5133,0
1753426800,198.655,198.729,198.471,198.511,5772,0
1753430400,198.507,198.608,198.254,198.375,5427,0
1753434000,198.391,198.452,198.13,198.38,9595,0
1753437600,198.373,198.601,198.369,198.505,10493,0
1753441200,198.499,199.074,198.499,198.918,10181,0
1753444800,198.921,199.081,198.866,199.076,6583,0
1753448400,199.074,199.08,198.851,198.866,6727,0
1753452000,198.865,198.877,198.601,198.627,7837,0
1753455600,198.626,198.678,198.529,198.622,7755,0
1753459200,198.622,198.628,198.209,198.429,15122,0
1753462800,198.429,198.461,198.273,198.402,11731,0
1753466400,198.402,198.517,198.275,198.425,8825,0
1753470000,198.421,198.442,198.226,198.305,7189,0
1753473600,198.303,198.341,198.211,198.294,5991,0
1753477200,198.294,198.299,198.216,198.255,6108,0
1753480800,198.255,198.37,198.217,198.365,4921,0
1753484400,198.366,198.479,198.298,198.302,4960,0
1753660800,198.23,198.509,198.216,198.48,1282,15
1753664400,198.476,198.586,198.356,198.578,4275,0
1753668000,198.578,198.736,198.505,198.593,4576,0
1753671600,198.592,198.673,198.428,198.445,10617,0
1753675200,198.445,198.704,198.412,198.668,8907,0
1753678800,198.663,198.833,198.642,198.68,7791,0
1753682400,198.68,198.696,198.482,198.572,5583,2
1753686000,198.573,198.579,198.443,198.522,5885,0
1753689600,198.521,198.58,198.412,198.533,6273,0
1753693200,198.536,198.785,198.506,198.661,9955,0
1753696800,198.658,198.925,198.462,198.844,11582,0
1753700400,198.844,199.026,198.821,198.999,9933,0
1753704000,198.999,199.108,198.94,199.057,8795,0
1753707600,199.056,199.164,198.942,199.141,8092,0
1753711200,199.141,199.216,198.83,198.906,9288,0
1753714800,198.902,198.969,198.814,198.949,11284,0
1753718400,198.95,198.966,198.766,198.94,12473,0
1753722000,198.939,198.993,198.767,198.867,11635,0
1753725600,198.867,199.016,198.794,198.802,9972,0
1753729200,198.802,198.838,198.62,198.654,7050,0
1753732800,198.655,198.676,198.387,198.424,5854,0
1753736400,198.424,198.429,198.317,198.374,5908,0
1753740000,198.372,198.403,198.317,198.379,4216,0
1753743600,198.376,198.435,198.319,198.319,3124,1
1753747200,198.2,198.479,198.199,198.46,1903,16
1753750800,198.46,198.47,198.391,198.405,2703,0
1753754400,198.405,198.518,198.33,198.33,3025,1
1753758000,198.335,198.459,198.184,198.424,7326,0
1753761600,198.424,198.46,198.221,198.362,7393,0
1753765200,198.361,198.37,198.047,198.131,5983,0
1753768800,198.132,198.186,197.889,197.92,5613,0
1753772400,197.924,198.08,197.92,198.037,5390,1
1753776000,198.037,198.053,197.807,197.884,4532,0
1753779600,197.884,197.945,197.731,197.931,9395,0
1753783200,197.935,198.132,197.932,198.098,10725,0
1753786800,198.091,198.218,197.965,198.195,7597,0
1753790400,198.195,198.394,198.139,198.372,7705,0
1753794000,198.377,198.466,198.242,198.313,6564,0
1753797600,198.308,198.393,198.19,198.393,8790,0
1753801200,198.392,198.448,197.984,198.007,9119,0
1753804800,198.007,198.066,197.766,197.994,10850,0
1753808400,197.987,198.11,197.842,197.884,14694,0
1753812000,197.885,198.231,197.83,198.176,11690,0
1753815600,198.175,198.262,198.129,198.162,8851,0
1753819200,198.163,198.186,198.024,198.075,9594,0
1753822800,198.076,198.353,198.071,198.234,7383,0
1753826400,198.236,198.366,198.184,198.347,6445,0
1753830000,198.347,198.383,198.148,198.15,4761,0
1753833600,198.033,198.261,197.98,198.151,1353,62
1753837200,198.165,198.276,198.155,198.245,2608,2
1753840800,198.245,198.316,198.187,198.195,2559,0
1753844400,198.194,198.241,197.861,197.889,8629,0
1753848000,197.863,197.96,197.777,197.883,8389,0
1753851600,197.876,197.895,197.771,197.777,5922,0
1753855200,197.772,197.784,197.59,197.685,6523,0
1753858800,197.685,197.832,197.668,197.803,6852,0
1753862400,197.803,197.809,197.449,197.597,6572,0
1753866000,197.598,197.72,197.534,197.659,8441,0
1753869600,197.667,197.864,197.534,197.861,9505,0
1753873200,197.859,197.901,197.696,197.777,8216,0
1753876800,197.779,198.096,197.768,198.091,7897,0
1753880400,198.091,198.222,197.996,197.996,8083,0
1753884000,198.0,198.351,197.896,198.336,7728,0
1753887600,198.333,198.425,198.046,198.106,14834,0
1753891200,198.105,198.197,197.862,197.969,13786,0
1753894800,197.969,198.039,197.802,197.929,11633,0
1753898400,197.928,197.975,197.815,197.869,10135,0
1753902000,197.87,197.912,197.785,197.808,6837,0
1753905600,197.808,197.899,197.719,197.719,7446,0
1753909200,197.753,197.899,197.664,197.715,17978,0
1753912800,197.711,197.913,197.617,197.9,13708,0
1753916400,197.898,198.019,197.835,197.835,7384,0
1753920000,197.835,198.01,197.683,197.816,2164,6
1753923600,197.816,197.964,197.802,197.893,3234,0
1753927200,197.895,197.985,197.797,197.808,4448,0
1753930800,197.808,197.93,197.675,197.848,8165,0
1753934400,197.849,197.853,197.488,197.511,8898,0
1753938000,197.51,197.527,197.124,197.354,6773,0
1753941600,197.35,197.362,196.964,197.227,7351,0
1753945200,197.227,197.582,197.221,197.557,6578,0
1753948800,197.557,197.591,197.335,197.353,5480,0
1753952400,197.351,197.837,197.3,197.677,10534,0
1753956000,197.672,198.375,197.619,198.088,11846,0
1753959600,198.087,198.328,197.969,198.259,10143,0
1753963200,198.269,198.444,198.215,198.377,8227,0
1753966800,198.375,198.409,198.103,198.349,7931,0
1753970400,198.348,198.537,198.204,198.427,9245,0
1753974000,198.432,198.587,198.217,198.491,12370,0
1753977600,198.491,198.629,198.365,198.576,12483,0
1753981200,198.576,199.247,198.493,199.111,15185,0
1753984800,199.11,199.207,198.908,199.091,13081,0
1753988400,199.091,199.519,199.063,199.244,9563,0
1753992000,199.242,199.248,198.835,198.925,8902,0
1753995600,198.929,199.356,198.911,199.281,8349,0
1753999200,199.287,199.379,199.136,199.138,8152,0
1754002800,199.132,199.216,198.973,198.973,6889,0
1754006400,198.984,199.123,198.906,198.97,1848,15
1754010000,198.961,199.115,198.961,199.076,3970,2
1754013600,199.076,199.206,198.984,199.174,6315,0
1754017200,199.183,199.243,198.916,199.123,10239,0
1754020800,199.123,199.302,198.995,199.125,10559,0
1754024400,199.123,199.146,198.843,198.936,7271,0
1754028000,198.937,198.961,198.774,198.787,6645,0
1754031600,198.786,198.814,198.723,198.782,4549,0
1754035200,198.784,198.821,198.617,198.663,5321,0
1754038800,198.664,198.98,198.613,198.861,8781,0
1754042400,198.861,198.881,198.526,198.621,9916,0
1754046000,198.621,198.637,198.208,198.208,8047,0
1754049600,198.209,198.24,197.781,197.887,7840,0
1754053200,197.881,198.057,197.825,197.974,7414,0
1754056800,197.974,198.063,197.916,198.052,8000,0
1754060400,198.053,198.212,197.288,197.449,18406,0
1754064000,197.442,197.462,196.416,196.416,22479,0
1754067600,196.447,196.76,196.004,196.427,23088,0
1754071200,196.431,196.497,196.152,196.291,16161,0
1754074800,196.284,196.363,195.784,195.797,11450,0
1754078400,195.797,195.868,195.335,195.626,11866,0
1754082000,195.623,195.741,195.444,195.541,9983,0
1754085600,195.54,195.659,195.419,195.525,10929,0
1754089200,195.521,195.821,195.47,195.696,6995,0
1754265600,195.541,195.621,195.369,195.442,843,20
1754269200,195.442,195.563,195.302,195.521,4533,0
1754272800,195.524,195.856,195.485,195.832,5896,0
1754276400,195.838,195.875,195.638,195.809,11375,0
1754280000,195.809,196.208,195.795,196.179,8531,0
1754283600,196.179,196.356,196.031,196.287,6464,0
1754287200,196.287,196.287,196.082,196.177,6543,0
1754290800,196.177,196.185,196.046,196.094,5366,0
1754294400,196.094,196.282,196.082,196.191,6396,0
1754298000,196.193,196.292,195.997,196.131,9174,0
1754301600,196.131,196.462,196.053,196.34,11484,0
1754305200,196.337,196.532,196.297,196.37,10303,0
1754308800,196.372,196.525,196.341,196.478,9125,0
1754312400,196.475,196.502,196.154,196.23,8189,0
1754316000,196.228,196.354,195.889,195.889,10466,0
1754319600,195.889,195.945,195.648,195.731,10506,0
1754323200,195.73,195.954,195.571,195.652,13137,0
1754326800,195.656,196.099,195.568,195.715,15220,0
1754330400,195.718,195.892,195.449,195.452,11664,0
1754334000,195.451,195.533,195.335,195.344,8394,0
1754337600,195.342,195.362,195.187,195.194,7153,0
1754341200,195.195,195.237,195.026,195.08,7156,0
1754344800,195.079,195.199,195.074,195.198,5912,0
1754348400,195.198,195.451,195.198,195.371,5378,0
1754352000,195.28,195.544,195.257,195.325,828,101
1754355600,195.325,195.383,195.202,195.291,1903,0
1754359200,195.291,195.325,195.07,195.204,4102,0
1754362800,195.195,195.451,195.035,195.397,9120,0
1754366400,195.397,195.53,195.295,195.424,8797,0
1754370000,195.423,195.542,195.377,195.525,6626,0
1754373600,195.525,195.556,195.416,195.456,5386,0
1754377200,195.459,195.507,195.318,195.414,4573,0
1754380800,195.414,195.454,195.284,195.369,5316,0
1754384400,195.368,195.656,195.263,195.636,6240,0
1754388000,195.634,195.791,195.526,195.622,9486,0
1754391600,195.624,195.987,195.514,195.986,9763,0
1754395200,195.985,196.233,195.92,196.227,7968,0
1754398800,196.227,196.363,196.114,196.128,7080,0
1754402400,196.126,196.155,195.905,196.064,7834,0
1754406000,196.064,196.217,195.918,196.127,12233,0
1754409600,196.127,196.271,195.989,196.122,12670,0
1754413200,196.123,196.179,195.701,195.955,17622,0
1754416800,195.954,196.298,195.915,196.277,12443,0
1754420400,196.277,196.417,196.252,196.375,8700,0
1754424000,196.375,196.459,196.334,196.4,7305,0
1754427600,196.397,196.434,196.228,196.246,7943,0
1754431200,196.245,196.319,196.222,196.259,5826,0
1754434800,196.261,196.295,196.157,196.282,4441,0
1754438400,196.282,196.282,196.083,196.217,1921,18
1754442000,196.217,196.27,196.175,196.217,3159,0
1754445600,196.217,196.343,196.184,196.186,3641,1
1754449200,196.186,196.355,196.169,196.296,7218,0
1754452800,196.296,196.437,196.286,196.401,6178,0
1754456400,196.401,196.475,196.252,196.254,6506,0
1754460000,196.254,196.272,196.093,196.175,5344,1
1754463600,196.176,196.232,196.1,196.14,4925,0
1754467200,196.139,196.292,196.122,196.186,5273,1
1754470800,196.187,196.305,196.097,196.264,7735,0
1754474400,196.264,196.344,196.203,196.303,8229,0
1754478000,196.302,196.399,196.213,196.348,8029,0
1754481600,196.346,196.605,196.342,196.573,7301,0
1754485200,196.576,196.654,196.495,196.539,9831,0
1754488800,196.536,196.648,196.375,196.486,7718,0
1754492400,196.486,196.496,196.328,196.351,9902,0
1754496000,196.35,196.413,196.178,196.214,11696,0
1754499600,196.216,196.517,196.165,196.475,13250,0
1754503200,196.474,196.908,196.432,196.707,12674,0
1754506800,196.704,196.818,196.645,196.663,9867,0
1754510400,196.663,196.869,196.631,196.648,8263,0
1754514000,196.648,196.708,196.45,196.525,7481,0
1754517600,196.525,196.622,196.52,196.589,5750,0
1754521200,196.589,197.081,196.578,196.721,5749,0
1754524800,196.704,196.963,196.601,196.806,2645,11
1754528400,196.806,196.819,196.646,196.654,3458,0
1754532000,196.661,196.707,196.576,196.621,3568,1
1754535600,196.62,197.014,196.587,196.989,7581,0
1754539200,196.992,197.141,196.919,196.974,7317,0
1754542800,196.974,197.072,196.896,197.031,5360,0
1754546400,197.031,197.188,196.98,197.074,5687,0
1754550000,197.074,197.094,196.861,196.921,5024,0
1754553600,196.921,196.953,196.828,196.911,5392,0
1754557200,196.916,196.948,196.357,196.415,7855,0
1754560800,196.417,196.529,196.239,196.342,9161,0
1754564400,196.339,196.79,196.31,196.705,11582,0
1754568000,196.703,196.999,196.694,196.975,7936,0
1754571600,196.976,197.116,196.909,197.107,8344,0
1754575200,197.107,197.925,197.046,197.592,12344,0
1754578800,197.589,197.907,197.432,197.674,12987,0
1754582400,197.676,197.739,197.465,197.699,14207,0
1754586000,197.699,197.827,197.564,197.695,15222,0
1754589600,197.695,197.983,197.572,197.927,11519,0
1754593200,197.927,198.022,197.827,197.908,7577,0
1754596800,197.908,198.018,197.825,197.843,8879,0
1754600400,197.843,197.893,197.735,197.887,7473,0
1754604000,197.886,197.895,197.441,197.728,9993,0
1754607600,197.728,197.831,197.608,197.771,5740,0
1754611200,197.771,197.771,197.577,197.624,1914,17
1754614800,197.615,197.679,197.452,197.621,4459,0
1754618400,197.621,197.635,197.394,197.467,4714,0
1754622000,197.47,197.924,197.382,197.886,8758,0
1754625600,197.887,198.002,197.851,197.911,7204,0
1754629200,197.911,197.996,197.843,197.873,5454,0
1754632800,197.874,197.954,197.802,197.811,5325,0
1754636400,197.811,197.82,197.689,197.711,4856,0
1754640000,197.717,197.933,197.679,197.915,6141,0
1754643600,197.915,197.962,197.768,197.845,7227,0
1754647200,197.846,198.152,197.697,198.034,9034,0
1754650800,198.032,198.405,197.885,198.356,9572,0
1754654400,198.356,198.651,198.277,198.625,8851,0
1754658000,198.629,198.68,198.504,198.672,7569,0
1754661600,198.671,198.828,198.535,198.669,7905,0
1754665200,198.669,198.704,198.359,198.451,10268,0
1754668800,198.451,198.632,198.388,198.574,11225,0
1754672400,198.572,198.72,198.514,198.64,12247,0
1754676000,198.64,198.746,198.542,198.555,9543,0
1754679600,198.555,198.702,198.529,198.673,8126,0
1754683200,198.672,198.781,198.613,198.769,7063,0
1754686800,198.768,198.771,198.57,198.656,9026,0
1754690400,198.647,198.747,198.601,198.732,6725,0
1754694000,198.734,198.814,198.635,198.635,5330,0
1754870400,198.283,198.549,198.265,198.386,1303,25
1754874000,198.386,198.686,198.386,198.583,2830,0
1754877600,198.584,198.63,198.49,198.498,3670,0
1754881200,198.486,198.529,198.408,198.494,5687,1
1754884800,198.497,198.589,198.462,198.561,6074,0
1754888400,198.561,198.609,198.526,198.547,4782,0
1754892000,198.546,198.604,198.497,198.581,5082,1
1754895600,198.581,198.609,198.539,198.603,4576,0
1754899200,198.604,198.689,198.577,198.681,4559,1
1754902800,198.683,198.79,198.677,198.784,7001,0
1754906400,198.783,198.803,198.177,198.289,8632,0
1754910000,198.289,198.662,198.224,198.603,8192,0
1754913600,198.604,198.718,198.564,198.683,6855,0
1754917200,198.683,198.778,198.631,198.644,5486,0
1754920800,198.642,198.716,198.538,198.58,7747,0
1754924400,198.58,198.655,198.359,198.406,9209,0
1754928000,198.404,198.581,198.366,198.478,9564,0
1754931600,198.478,198.567,198.349,198.487,10685,0
1754935200,198.487,198.551,198.394,198.53,8910,0
1754938800,198.529,198.678,198.496,198.673,7288,0
1754942400,198.674,198.764,198.646,198.759,7013,0
1754946000,198.759,199.069,198.74,199.025,6911,0
1754949600,199.025,199.043,198.937,199.033,5460,1
1754953200,199.034,199.069,198.963,198.984,3955,0
1754956800,198.984,198.988,198.75,198.911,2305,15
1754960400,198.911,199.092,198.911,199.076,2285,0
1754964000,199.088,199.113,198.988,199.019,2422,0
1754967600,199.024,199.347,199.017,199.311,7541,0
1754971200,199.309,199.31,199.155,199.188,6232,0
1754974800,199.188,199.286,199.144,199.266,4322,0
1754978400,199.266,199.394,199.237,199.362,4677,1
1754982000,199.364,199.375,199.273,199.358,5095,1
1754985600,199.358,199.37,198.988,199.13,7813,0
1754989200,199.12,199.447,199.118,199.181,9117,0
1754992800,199.182,199.554,199.167,199.546,8490,0
1754996400,199.545,199.982,199.454,199.91,7721,0
1755000000,199.911,199.95,199.662,199.837,6966,0
1755003600,199.836,199.86,199.703,199.792,5719,0
1755007200,199.792,199.843,199.66,199.762,6753,0
1755010800,199.762,199.957,199.579,199.632,15670,0
1755014400,199.628,200.047,199.51,199.899,18751,0
1755018000,199.898,200.084,199.725,199.842,15371,0
1755021600,199.842,199.939,199.51,199.636,13406,0
1755025200,199.635,199.703,199.553,199.641,10649,0
1755028800,199.64,199.673,199.55,199.589,9096,0
1755032400,199.589,199.612,199.314,199.376,6804,0
1755036000,199.376,199.413,199.311,199.408,5268,0
1755039600,199.408,199.606,199.366,199.573,3640,0
1755043200,199.522,199.612,199.41,199.575,2241,11
1755046800,199.575,199.585,199.488,199.521,2528,0
1755050400,199.518,199.588,199.481,199.557,2968,0
1755054000,199.547,199.642,199.427,199.567,6762,0
1755057600,199.566,199.895,199.502,199.853,6493,0
1755061200,199.853,199.981,199.838,199.905,5653,0
1755064800,199.905,199.979,199.821,199.847,4639,0
1755068400,199.843,199.971,199.77,199.778,4528,0
1755072000,199.778,199.859,199.714,199.814,4787,0
1755075600,199.814,199.85,199.642,199.743,7432,0
1755079200,199.742,199.885,199.613,199.828,8859,0
1755082800,199.82,199.895,199.547,199.655,8476,0
1755086400,199.654,199.88,199.609,199.86,6737,0
1755090000,199.861,200.024,199.832,200.004,6713,0
1755093600,200.006,200.282,199.931,199.959,7291,0
1755097200,199.96,199.999,199.778,199.894,9203,0
1755100800,199.893,199.972,199.779,199.817,10005,0
1755104400,199.817,199.929,199.655,199.701,11036,0
1755108000,199.701,199.897,199.545,199.83,9214,0
1755111600,199.829,200.004,199.82,199.995,6791,0
1755115200,199.993,200.057,199.951,200.013,5973,0
1755118800,200.012,200.148,199.999,200.025,5444,0
1755122400,200.027,200.146,200.008,200.137,4969,0
1755126000,200.137,200.165,200.052,200.052,3387,0
1755129600,200.051,200.051,199.862,199.884,1844,20
1755133200,199.868,200.007,199.868,199.979,2567,5
1755136800,199.979,199.994,199.858,199.865,2593,1
1755140400,199.865,199.869,199.196,199.291,7540,0
1755144000,199.291,199.307,198.914,198.993,8783,0
1755147600,198.992,199.199,198.971,199.183,6334,0
1755151200,199.186,199.188,198.897,198.918,5745,1
1755154800,198.913,198.941,198.675,198.73,4411,0
1755158400,198.73,198.908,198.726,198.796,5235,0
1755162000,198.801,198.972,198.596,198.909,8581,0
1755165600,198.906,199.048,198.698,198.919,10214,0
1755169200,198.921,199.021,198.804,198.899,7793,0
1755172800,198.899,199.17,198.831,199.093,7243,0
1755176400,199.092,199.186,198.984,198.991,7070,0
1755180000,198.991,199.095,198.85,198.851,7188,0
1755183600,198.851,199.374,198.824,199.161,13733,0
1755187200,199.16,199.582,199.156,199.527,13848,0
1755190800,199.527,199.933,199.52,199.923,11844,0
1755194400,199.923,200.12,199.822,199.822,11506,0
1755198000,199.822,200.065,199.819,199.933,7883,0
1755201600,199.934,200.097,199.899,200.093,6642,0
1755205200,200.093,200.166,200.053,200.119,5984,0
1755208800,200.119,200.143,200.043,200.045,5321,1
1755212400,200.046,200.047,199.869,199.886,3810,1
1755216000,199.839,200.014,199.765,199.909,2072,40
1755219600,199.911,199.961,199.873,199.916,857,6
1755223200,199.912,200.008,199.792,199.807,1926,3
1755226800,199.808,199.855,199.582,199.605,6509,0
1755230400,199.605,199.674,199.305,199.381,6460,1
1755234000,199.381,199.544,199.376,199.472,5102,0
1755237600,199.471,199.548,199.395,199.451,4965,2
1755241200,199.452,199.461,199.282,199.333,3338,0
1755244800,199.332,199.448,199.203,199.413,4307,0
1755248400,199.413,199.45,199.265,199.357,7253,0
1755252000,199.356,199.507,199.24,199.268,7386,0
1755255600,199.267,199.271,198.937,198.938,7037,0
1755259200,198.935,199.149,198.911,199.141,5478,0
1755262800,199.135,199.27,199.03,199.252,4766,0
1755266400,199.254,199.387,199.233,199.309,5308,0
1755270000,199.304,199.505,199.106,199.196,10746,0
1755273600,199.191,199.494,199.116,199.374,12208,0
1755277200,199.371,199.437,199.107,199.118,11306,0
1755280800,199.122,199.43,199.122,199.374,8714,0
1755284400,199.374,199.612,199.353,199.563,6223,0
1755288000,199.563,199.689,199.544,199.587,5406,0
1755291600,199.587,199.63,199.523,199.527,5392,0
1755295200,199.526,199.6,199.451,199.58,3790,2
1755298800,199.576,199.619,199.326,199.397,4355,1
1755475200,199.345,199.57,199.345,199.544,911,80
1755478800,199.527,199.604,199.438,199.585,1754,4
1755482400,199.584,199.771,199.582,199.586,3963,1
1755486000,199.586,199.877,199.572,199.806,7378,0
1755489600,199.806,200.002,199.767,199.767,6153,1
1755493200,199.767,199.891,199.742,199.813,4098,1
1755496800,199.814,199.87,199.74,199.798,4260,3
1755500400,199.797,199.986,199.792,199.889,3967,1
1755504000,199.889,199.967,199.837,199.868,4413,0
1755507600,199.868,199.89,199.595,199.626,7478,0
1755511200,199.625,199.67,199.375,199.636,8728,0
1755514800,199.635,199.709,199.508,199.592,8535,0
1755518400,199.592,199.722,199.489,199.594,7034,0
1755522000,199.594,199.708,199.55,199.583,5785,1
1755525600,199.583,199.767,199.579,199.755,5900,0
1755529200,199.757,200.111,199.735,200.077,7881,0
1755532800,200.076,200.269,200.049,200.117,9328,0
1755536400,200.117,200.143,199.938,199.956,9705,0
1755540000,199.955,200.037,199.707,199.756,8190,0
1755543600,199.755,199.802,199.613,199.647,6380,2
1755547200,199.647,199.712,199.547,199.67,5510,1
1755550800,199.671,199.699,199.572,199.691,4278,2
1755554400,199.694,199.782,199.646,199.65,4130,0
1755558000,199.65,199.741,199.603,199.678,3253,4
1755561600,199.622,199.63,199.318,199.605,1138,88
1755565200,199.605,199.813,199.574,199.757,1196,7
1755568800,199.764,199.832,199.751,199.807,2355,1
1755572400,199.807,199.866,199.528,199.533,7229,1
1755576000,199.533,199.773,199.27,199.392,7216,0
1755579600,199.392,199.525,199.36,199.518,4459,0
1755583200,199.519,199.658,199.431,199.577,4351,1
1755586800,199.577,199.621,199.494,199.549,4539,1
1755590400,199.549,199.591,199.313,199.316,4716,2
1755594000,199.314,199.478,199.249,199.473,6428,1
1755597600,199.468,199.714,199.443,199.707,7072,0
1755601200,199.707,199.781,199.578,199.638,6251,0
1755604800,199.636,199.765,199.604,199.742,5956,1
1755608400,199.745,199.753,199.644,199.74,5622,0
1755612000,199.74,199.803,199.632,199.721,5592,1
1755615600,199.719,199.858,199.571,199.646,7989,0
1755619200,199.648,199.688,199.454,199.489,9177,0
1755622800,199.482,199.596,199.384,199.468,8070,0
1755626400,199.469,199.505,199.287,199.325,7951,0
1755630000,199.325,199.327,199.081,199.133,5736,0
1755633600,199.133,199.16,198.884,198.935,4039,1
1755637200,198.936,198.961,198.816,198.923,4833,0
1755640800,198.921,199.09,198.827,199.084,3912,0
1755644400,199.085,199.247,199.036,199.036,3004,2
1755648000,199.033,199.123,199.007,199.016,542,85
1755651600,199.016,199.17,199.016,199.13,1501,7
1755655200,199.13,199.255,199.127,199.219,5197,5
1755658800,199.22,199.24,198.83,198.924,6224,0
1755662400,198.923,199.024,198.678,198.723,7254,0
1755666000,198.722,198.781,198.625,198.745,5416,3
1755669600,198.749,198.827,198.684,198.753,3988,4
1755673200,198.755,198.895,198.734,198.85,3200,2
1755676800,198.849,198.901,198.745,198.834,3701,1
1755680400,198.835,199.041,198.655,198.801,8917,0
1755684000,198.8,199.431,198.762,199.424,9139,0
1755687600,199.424,199.449,199.117,199.251,6750,0
1755691200,199.252,199.268,199.036,199.111,5041,0
1755694800,199.107,199.111,198.919,198.974,4537,0
1755698400,198.975,198.979,198.745,198.762,4387,0
1755702000,198.762,198.841,198.621,198.657,7944,0
1755705600,198.656,198.775,198.216,198.333,9417,0
1755709200,198.332,198.458,197.858,198.046,12281,0
1755712800,198.046,198.229,197.897,197.959,8799,1
1755716400,197.958,198.147,197.958,198.023,6815,1
1755720000,198.023,198.104,197.931,198.019,5578,2
1755723600,198.007,198.178,197.996,198.105,6268,0
1755727200,198.106,198.267,198.069,198.236,4531,2
1755730800,198.236,198.381,198.19,198.275,2750,0
1755734400,198.275,198.275,198.05,198.139,582,37
1755738000,198.159,198.269,198.117,198.226,1343,9
1755741600,198.226,198.441,198.157,198.333,4002,4
1755745200,198.322,198.44,198.196,198.314,7384,1
1755748800,198.313,198.444,198.258,198.393,7673,0
1755752400,198.392,198.424,198.138,198.17,6232,0
1755756000,198.173,198.328,198.124,198.308,4653,0
1755759600,198.308,198.322,198.189,198.235,3786,1
1755763200,198.24,198.4,198.209,198.319,4883,0
1755766800,198.318,198.486,198.193,198.382,7340,0
1755770400,198.382,198.576,198.3,198.558,8361,0
1755774000,198.559,198.807,198.472,198.716,7661,1
1755777600,198.716,199.096,198.669,198.968,7034,0
1755781200,198.967,199.181,198.92,199.176,6598,0
1755784800,199.176,199.227,198.969,198.998,7287,0
1755788400,198.998,199.002,198.617,198.65,9477,1
1755792000,198.651,198.844,198.412,198.412,11935,0
1755795600,198.419,199.006,198.407,198.897,12368,0
1755799200,198.897,199.072,198.868,198.988,11788,0
1755802800,198.988,199.038,198.854,198.961,7217,0
1755806400,198.961,199.061,198.829,198.992,5960,0
1755810000,198.993,199.047,198.922,199.037,5066,2
1755813600,199.037,199.103,198.982,198.993,3540,2
1755817200,198.992,199.022,198.938,198.957,2371,1
1755820800,198.957,198.968,198.747,198.904,868,49
1755824400,198.904,199.046,198.902,199.007,1392,3
1755828000,199.006,199.138,198.96,199.077,2723,4
1755831600,199.075,199.263,198.914,199.234,7141,1
1755835200,199.233,199.324,199.094,199.195,7638,2
1755838800,199.195,199.216,199.093,199.122,5535,2
1755842400,199.119,199.275,199.086,199.225,5620,3
1755846000,199.226,199.302,199.162,199.204,5121,0
1755849600,199.203,199.229,199.02,199.096,5573,2
1755853200,199.096,199.123,198.852,199.015,7246,0
1755856800,199.015,199.218,198.953,199.196,6714,0
1755860400,199.196,199.383,199.169,199.353,5897,0
1755864000,199.356,199.496,199.309,199.413,5844,0
1755867600,199.414,199.474,199.3,199.304,5053,2
1755871200,199.302,199.515,199.3,199.472,6397,0
1755874800,199.475,199.534,199.36,199.439,7791,0
1755878400,199.439,199.516,199.338,199.452,8548,0
1755882000,199.447,199.454,198.345,198.59,21604,0
1755885600,198.589,198.643,198.407,198.568,13762,0
1755889200,198.569,198.612,198.32,198.405,9925,0
1755892800,198.404,198.531,198.386,198.484,7292,0
1755896400,198.484,198.645,198.445,198.616,6607,2
1755900000,198.62,198.684,198.559,198.645,4730,1
1755903600,198.64,198.766,198.616,198.626,3640,3
1756080000,198.471,198.597,198.409,198.427,1267,98
1756083600,198.425,198.772,198.423,198.77,1978,2
1756087200,198.77,199.012,198.759,198.933,3109,0
1756090800,198.931,199.152,198.846,198.934,7437,0
1756094400,198.934,198.951,198.767,198.89,5848,4
1756098000,198.89,199.067,198.869,199.033,3933,2
1756101600,199.031,199.094,198.976,199.073,4407,3
1756105200,199.072,199.092,198.912,198.934,4205,3
1756108800,198.935,199.075,198.932,199.014,4403,0
1756112400,199.014,199.112,198.874,198.955,6501,0
1756116000,198.955,199.032,198.822,198.958,5960,0
1756119600,198.956,198.994,198.864,198.881,5109,0
1756123200,198.88,198.883,198.741,198.843,4536,0
1756126800,198.843,198.921,198.773,198.902,5249,0
1756130400,198.901,199.172,198.879,199.166,5569,2
1756134000,199.166,199.189,198.973,199.031,6185,0
1756137600,199.031,199.295,198.989,198.996,8648,0
1756141200,198.996,199.188,198.945,199.142,8661,0
1756144800,199.142,199.22,198.941,199.117,9257,0
1756148400,199.117,199.138,198.979,198.995,6684,0
1756152000,198.995,199.007,198.871,198.903,6406,1
1756155600,198.903,199.029,198.875,198.954,7258,0
1756159200,198.955,198.991,198.806,198.873,5894,0
1756162800,198.873,198.886,198.692,198.824,4114,1
1756166400,198.825,198.825,198.464,198.701,1322,56
1756170000,198.674,198.836,198.674,198.781,1253,11
1756173600,198.781,198.903,198.752,198.876,3029,2
1756177200,198.874,198.89,198.268,198.315,14699,0
1756180800,198.315,198.545,198.31,198.459,8836,2
1756184400,198.461,198.722,198.441,198.63,6559,2
1756188000,198.63,198.821,198.615,198.804,7103,3
1756191600,198.804,198.885,198.746,198.847,5595,5
1756195200,198.847,198.973,198.805,198.897,4991,5
1756198800,198.894,198.977,198.699,198.894,8046,2
1756202400,198.89,198.985,198.55,198.725,10512,1
1756206000,198.725,198.806,198.607,198.682,8272,0
1756209600,198.682,198.921,198.628,198.889,6462,0
1756213200,198.89,198.969,198.791,198.931,6576,1
1756216800,198.931,199.015,198.799,198.896,7423,0
1756220400,198.896,198.92,198.719,198.868,8871,0
1756224000,198.867,199.015,198.809,198.896,10244,0
1756227600,198.893,199.054,198.806,198.808,11904,0
1756231200,198.808,198.869,198.552,198.608,9012,0
1756234800,198.607,198.619,198.377,198.534,6802,0
1756238400,198.53,198.607,198.492,198.568,5636,1
1756242000,198.569,198.737,198.545,198.659,6187,1
1756245600,198.659,198.752,198.601,198.716,4793,0
1756249200,198.717,198.736,198.633,198.677,2961,3
1756252800,198.677,198.677,198.448,198.608,2276,90
1756256400,198.608,198.799,198.567,198.745,1084,0
1756260000,198.745,198.801,198.648,198.742,2449,4
1756263600,198.757,198.879,198.648,198.814,5972,2
1756267200,198.814,198.898,198.745,198.814,7705,0
1756270800,198.814,198.903,198.811,198.866,5554,2
1756274400,198.866,198.995,198.854,198.943,5145,3
1756278000,198.943,199.027,198.923,198.96,5681,0
1756281600,198.96,198.996,198.87,198.899,6052,3
1756285200,198.897,198.937,198.756,198.877,6482,0
1756288800,198.877,198.928,198.736,198.78,7437,1
1756292400,198.78,198.895,198.671,198.871,7691,0
1756296000,198.873,198.978,198.783,198.977,6683,0
1756299600,198.977,198.995,198.796,198.812,6883,1
1756303200,198.811,199.007,198.784,198.961,6671,1
1756306800,198.963,199.06,198.901,199.024,8768,0
1756310400,199.024,199.186,198.896,199.127,9940,0
1756314000,199.126,199.149,198.927,199.025,10160,0
1756317600,199.025,199.044,198.909,198.957,9393,0
1756321200,198.957,199.101,198.853,198.879,8123,0
1756324800,198.879,198.984,198.811,198.948,7105,0
1756328400,198.948,199.032,198.907,198.958,6204,1
1756332000,198.964,199.095,198.963,199.056,4927,3
1756335600,199.048,199.084,198.851,198.851,5058,0
1756339200,198.851,198.932,198.727,198.902,801,45
1756342800,198.903,198.932,198.711,198.824,1885,4
1756346400,198.819,198.965,198.769,198.957,3854,2
1756350000,198.957,199.108,198.884,198.918,7444,1
1756353600,198.918,199.067,198.825,198.967,6517,0
1756357200,198.97,199.139,198.936,199.016,5152,1
1756360800,199.015,199.057,198.676,198.696,4387,2
1756364400,198.695,198.833,198.681,198.727,4199,0
1756368000,198.727,198.779,198.577,198.678,4945,2
1756371600,198.681,198.971,198.551,198.917,7527,0
1756375200,198.918,198.967,198.614,198.66,9065,0
1756378800,198.66,198.777,198.597,198.686,8128,2
1756382400,198.686,198.714,198.604,198.66,6801,1
1756386000,198.665,198.812,198.633,198.664,7004,0
1756389600,198.662,198.687,198.464,198.565,6619,1
1756393200,198.565,198.696,198.474,198.633,11637,0
1756396800,198.632,198.731,198.53,198.664,11811,0
1756400400,198.664,198.816,198.507,198.586,11275,0
1756404000,198.585,198.731,198.561,198.655,8603,0
1756407600,198.654,198.697,198.521,198.568,6982,0
1756411200,198.572,198.584,198.398,198.498,6383,0
1756414800,198.499,198.545,198.416,198.439,4985,0
1756418400,198.439,198.534,198.425,198.515,3998,1
1756422000,198.515,198.572,198.511,198.535,4083,0
1756425600,198.535,198.535,198.229,198.46,522,17
1756429200,198.46,198.661,198.46,198.588,1813,4
1756432800,198.588,198.59,198.326,198.342,3259,4
1756436400,198.341,198.509,198.287,198.339,7319,1
1756440000,198.333,198.538,198.307,198.426,8453,1
1756443600,198.426,198.46,198.268,198.332,6738,2
1756447200,198.332,198.422,198.303,198.411,5090,3
1756450800,198.411,198.457,198.323,198.363,4852,2
1756454400,198.361,198.462,198.311,198.462,5140,0
1756458000,198.463,198.559,198.368,198.524,7345,0
1756461600,198.523,198.606,198.269,198.327,7318,0
1756465200,198.328,198.334,197.983,198.05,7411,0
1756468800,198.051,198.157,197.957,197.986,7097,1
1756472400,197.986,198.245,197.945,198.161,6465,0
1756476000,198.157,198.165,198.036,198.096,6853,0
1756479600,198.096,198.331,198.035,198.294,9194,0
1756483200,198.293,198.307,198.063,198.125,10376,0
1756486800,198.121,198.411,197.987,198.354,13895,0
1756490400,198.355,198.517,198.297,198.429,11807,1
1756494000,198.431,198.511,198.357,198.447,7117,3
1756497600,198.447,198.531,198.346,198.467,5466,0
1756501200,198.467,198.629,198.451,198.617,4449,0
1756504800,198.616,198.657,198.505,198.62,4040,2
1756508400,198.619,198.658,198.415,198.415,3139,1
1756684800,198.226,198.492,198.152,198.459,574,102
1756688400,198.446,198.7,198.446,198.665,1113,4
1756692000,198.665,198.738,198.616,198.655,3615,4
1756695600,198.656,199.06,198.656,199.032,6559,1
1756699200,199.032,199.073,198.954,199.014,6693,0
1756702800,199.018,199.045,198.67,198.699,7447,3
1756706400,198.698,198.778,198.615,198.64,6263,0
1756710000,198.644,198.803,198.623,198.775,4888,1
1756713600,198.775,198.797,198.663,198.698,5418,0
1756717200,198.693,198.834,198.646,198.826,7335,2
1756720800,198.827,199.048,198.814,198.986,8193,0
1756724400,198.988,199.113,198.913,198.948,6992,0
1756728000,198.948,199.06,198.866,199.031,6843,1
1756731600,199.031,199.073,198.923,198.978,5788,2
1756735200,198.977,199.114,198.974,199.015,6503,2
1756738800,199.014,199.23,199.013,199.207,6353,0
1756742400,199.206,199.364,199.2,199.333,6372,0
1756746000,199.333,199.551,199.325,199.538,7127,0
1756749600,199.535,199.563,199.402,199.426,5685,0
1756753200,199.426,199.45,199.374,199.384,2900,2
1756756800,199.388,199.393,199.348,199.368,2105,0
1756760400,199.369,199.401,199.352,199.394,1692,3
1756764000,199.394,199.414,199.354,199.411,1745,4
1756767600,199.407,199.421,199.313,199.331,2081,3
1756771200,199.331,199.412,199.128,199.297,1675,35
1756774800,199.297,199.42,199.26,199.335,1377,2
1756778400,199.337,199.347,199.212,199.251,3175,2
1756782000,199.253,199.501,199.25,199.409,7490,2
1756785600,199.41,199.772,199.321,199.712,8409,0
1756789200,199.713,199.822,199.661,199.773,7594,0
1756792800,199.774,199.83,199.641,199.778,5339,5
1756796400,199.778,200.009,199.758,199.829,4968,1
1756800000,199.829,200.008,199.826,199.995,5984,0
1756803600,199.992,200.263,199.99,200.211,8177,0
1756807200,200.21,200.268,199.105,199.236,16109,0
1756810800,199.238,199.299,198.798,199.105,13711,0
1756814400,199.101,199.135,198.892,199.061,10590,0
1756818000,199.061,199.12,198.724,198.809,10155,0
1756821600,198.808,198.97,198.63,198.906,9911,0
1756825200,198.904,199.005,198.575,198.701,13365,0
1756828800,198.701,198.844,198.516,198.672,12354,0
1756832400,198.694,198.784,198.317,198.384,14730,0
1756836000,198.384,198.511,198.318,198.475,11079,0
1756839600,198.474,198.604,198.432,198.604,7753,1
1756843200,198.604,198.715,198.448,198.593,5625,3
1756846800,198.593,198.673,198.472,198.646,6222,1
1756850400,198.647,198.683,198.559,198.654,5015,2
1756854000,198.653,198.737,198.614,198.656,4333,0
1756857600,198.568,198.675,198.396,198.673,416,62
1756861200,198.673,198.89,198.651,198.788,1360,4
1756864800,198.788,198.872,198.73,198.812,2708,5
1756868400,198.82,198.979,198.669,198.97,5653,4
1756872000,198.968,199.06,198.898,199.017,5179,3
1756875600,199.017,199.033,198.888,198.93,4330,4
1756879200,198.929,199.016,198.925,198.964,2960,6
1756882800,198.963,199.002,198.612,198.647,3628,4
1756886400,198.647,198.731,198.479,198.558,3577,2
1756890000,198.565,198.951,198.516,198.793,5779,2
1756893600,198.792,198.97,198.586,198.798,10969,0
1756897200,198.802,199.239,198.792,199.207,9568,2
1756900800,199.209,199.372,199.071,199.178,8305,0
1756904400,199.178,199.321,199.056,199.306,6983,2
1756908000,199.306,199.353,199.189,199.316,8199,0
1756911600,199.318,199.664,199.297,199.656,9888,0
1756915200,199.659,199.722,199.366,199.405,11838,0
1756918800,199.41,199.41,198.993,199.043,13311,0
1756922400,199.042,199.179,198.968,198.981,8953,0
1756926000,198.981,199.055,198.898,198.972,5945,1
1756929600,198.975,199.08,198.923,198.978,5610,0
1756933200,198.986,199.014,198.881,198.894,5858,0
1756936800,198.894,199.072,198.874,199.066,4564,0
1756940400,199.067,199.163,199.039,199.078,3745,0
1756944000,199.078,199.078,198.913,198.968,1659,53
1756947600,198.968,199.113,198.958,198.968,1270,9
1756951200,198.971,198.986,198.853,198.887,3395,3
1756954800,198.887,199.127,198.803,198.978,7682,2
1756958400,198.978,199.017,198.771,198.886,7801,1
1756962000,198.887,199.023,198.879,198.956,7478,3
1756965600,198.956,199.074,198.937,199.058,4816,5
1756969200,199.058,199.099,198.924,199.039,4092,5
1756972800,199.039,199.1,198.945,199.035,5048,4
1756976400,199.049,199.21,198.997,199.105,6321,0
1756980000,199.105,199.257,199.014,199.208,8661,2
1756983600,199.21,199.488,199.21,199.408,6701,1
1756987200,199.407,199.436,199.262,199.34,5465,3
1756990800,199.342,199.487,199.269,199.38,5213,0
1756994400,199.382,199.424,199.172,199.275,5876,2
1756998000,199.275,199.5,199.079,199.498,10973,0
1757001600,199.498,199.631,199.366,199.431,10023,0
1757005200,199.417,199.722,199.333,199.713,11810,0
1757008800,199.713,199.821,199.675,199.736,7378,0
1757012400,199.734,199.748,199.451,199.471,6389,0
1757016000,199.471,199.584,199.443,199.511,4729,2
1757019600,199.511,199.596,199.44,199.462,4883,1
1757023200,199.462,199.519,199.425,199.499,3935,0
1757026800,199.5,199.559,199.448,199.467,3207,3
1757030400,199.467,199.467,199.222,199.346,457,15
1757034000,199.346,199.507,199.346,199.456,1233,8
1757037600,199.455,199.538,199.385,199.536,3366,2
1757041200,199.538,199.561,199.23,199.28,7728,0
1757044800,199.28,199.372,199.232,199.275,6537,0
1757048400,199.275,199.368,199.221,199.343,4110,3
1757052000,199.343,199.378,199.253,199.349,3424,5
1757055600,199.349,199.409,199.328,199.356,3551,4
1757059200,199.356,199.507,199.297,199.474,3893,1
1757062800,199.473,199.695,199.428,199.457,7073,0
1757066400,199.458,199.594,199.364,199.546,6181,2
1757070000,199.547,199.616,199.464,199.573,4608,0
1757073600,199.572,199.755,199.508,199.75,4280,3
1757077200,199.75,199.79,199.659,199.671,4682,0
1757080800,199.673,199.773,199.502,199.503,5623,1
1757084400,199.507,199.644,198.968,199.146,17232,0
1757088000,199.138,199.328,199.066,199.238,16352,0
1757091600,199.238,199.308,198.67,198.852,14515,0
1757095200,198.852,198.944,198.704,198.837,10519,0
1757098800,198.839,199.039,198.768,199.019,7639,0
1757102400,199.019,199.088,198.969,199.008,7319,0
1757106000,199.008,199.167,198.983,199.152,6120,0
1757109600,199.15,199.182,199.071,199.124,5412,0
1757113200,199.135,199.197,198.987,199.027,5096,1
1757289600,199.904,200.127,199.632,199.653,1083,103
1757293200,199.661,200.216,199.596,200.186,4262,0
1757296800,200.185,200.271,199.947,200.1,6460,0
1757300400,200.102,200.342,200.07,200.201,9048,0
1757304000,200.204,200.253,199.977,200.006,7361,1
1757307600,200.006,200.016,199.842,199.963,5508,1
1757311200,199.963,200.04,199.889,200.002,3824,5
1757314800,200.0,200.004,199.881,199.972,3165,2
1757318400,199.971,200.002,199.821,199.936,3905,3
1757322000,199.934,200.007,199.782,199.835,8227,0
1757325600,199.836,199.836,199.399,199.4,8728,1
1757329200,199.395,199.595,199.356,199.559,7239,1
1757332800,199.557,199.633,199.496,199.598,5855,4
1757336400,199.598,200.01,199.554,199.979,5930,1
1757340000,199.98,200.051,199.819,199.933,7002,2
1757343600,199.936,200.075,199.927,200.03,9037,1
1757347200,200.029,200.13,199.899,200.026,10913,1
1757350800,200.026,200.147,199.913,199.98,10726,1
1757354400,199.979,199.986,199.837,199.929,8913,1
1757358000,199.928,199.949,199.839,199.927,7086,1
1757361600,199.93,199.996,199.839,199.841,6168,3
1757365200,199.842,199.932,199.808,199.851,6092,4
1757368800,199.851,199.853,199.667,199.756,4621,0
1757372400,199.756,199.852,199.614,199.614,3303,0
1757376000,199.616,199.794,199.611,199.793,783,80
1757379600,199.796,199.82,199.698,199.714,1221,4
1757383200,199.714,199.772,199.577,199.73,3853,5
1757386800,199.729,199.795,199.559,199.773,7711,2
1757390400,199.772,199.812,199.681,199.754,6392,2
1757394000,199.754,199.86,199.742,199.834,3722,4
1757397600,199.835,199.869,199.796,199.818,3549,4
1757401200,199.82,199.832,199.655,199.705,3704,0
1757404800,199.705,199.716,199.396,199.425,3995,0
1757408400,199.422,199.571,199.392,199.49,7426,0
1757412000,199.492,199.785,199.461,199.683,7389,0
1757415600,199.681,199.779,198.879,199.004,11212,0
1757419200,198.996,199.035,198.789,198.831,7970,1
1757422800,198.831,198.946,198.812,198.868,6177,0
1757426400,198.869,199.042,198.811,198.93,6338,1
1757430000,198.931,199.151,198.876,199.142,8901,1
1757433600,199.142,199.19,199.031,199.082,10143,0
1757437200,199.073,199.172,198.87,199.165,15278,0
1757440800,199.164,199.332,199.118,199.226,9055,0
1757444400,199.227,199.424,199.159,199.318,6539,1
1757448000,199.32,199.462,199.278,199.311,6447,0
1757451600,199.311,199.372,199.272,199.322,5282,1
1757455200,199.32,199.38,199.304,199.333,4361,2
1757458800,199.336,199.443,199.174,199.174,3804,4
1757462400,199.176,199.356,199.102,199.293,1740,95
1757466000,199.279,199.41,199.279,199.363,1290,9
1757469600,199.365,199.387,199.263,199.276,2803,5
1757473200,199.276,199.422,199.243,199.352,6934,2
1757476800,199.351,199.453,199.271,199.296,7529,1
1757480400,199.296,199.354,199.27,199.318,5575,1
1757484000,199.318,199.471,199.318,199.464,4315,0
1757487600,199.47,199.575,199.462,199.507,5357,0
1757491200,199.507,199.612,199.414,199.544,5221,3
1757494800,199.545,199.667,199.5,199.587,9033,2
1757498400,199.592,199.636,199.398,199.616,9328,2
1757502000,199.617,199.637,199.445,199.549,8116,0
1757505600,199.55,199.709,199.532,199.646,6776,0
1757509200,199.645,199.68,199.526,199.658,7081,1
1757512800,199.654,199.702,199.563,199.636,6746,0
1757516400,199.642,199.699,199.282,199.617,12683,0
1757520000,199.625,199.805,199.484,199.718,12977,0
1757523600,199.714,199.8,199.635,199.731,11484,1
1757527200,199.733,199.799,199.582,199.635,8082,0
1757530800,199.633,199.69,199.437,199.485,6378,2
1757534400,199.485,199.495,199.302,199.405,6119,0
1757538000,199.404,199.448,199.365,199.4,5240,0
1757541600,199.398,199.463,199.358,199.459,5477,2
1757545200,199.457,199.528,199.302,199.302,2654,4
1757548800,199.304,199.439,199.258,199.307,826,31
1757552400,199.307,199.513,199.307,199.473,1193,6
1757556000,199.472,199.489,199.381,199.414,2408,1
1757559600,199.414,199.511,199.374,199.476,6087,5
1757563200,199.477,199.518,199.329,199.413,5514,4
1757566800,199.413,199.486,199.38,199.449,4017,0
1757570400,199.452,199.497,199.433,199.455,3748,6
1757574000,199.455,199.477,199.376,199.43,3832,7
1757577600,199.431,199.507,199.354,199.473,4064,5
1757581200,199.474,199.783,199.473,199.672,8073,2
1757584800,199.676,199.778,199.526,199.73,8189,1
1757588400,199.731,199.87,199.731,199.811,6119,2
1757592000,199.811,199.862,199.69,199.781,5795,3
1757595600,199.781,199.983,199.687,199.976,5189,3
1757599200,199.975,200.058,199.849,199.869,5911,3
1757602800,199.869,200.086,199.576,199.819,15926,0
1757606400,199.819,199.92,199.678,199.706,15553,0
1757610000,199.714,199.745,199.368,199.548,12276,1
1757613600,199.548,199.774,199.547,199.648,8986,1
1757617200,199.648,199.708,199.564,199.667,7092,0
1757620800,199.665,199.899,199.661,199.879,6633,0
1757624400,199.88,199.964,199.834,199.852,5421,1
1757628000,199.853,199.867,199.75,199.818,5022,3
1757631600,199.817,199.875,199.668,199.694,4781,3
1757635200,199.694,199.789,199.681,199.762,253,58
1757638800,199.764,199.889,199.743,199.856,1141,8
1757642400,199.856,199.901,199.802,199.849,2927,4
1757646000,199.845,199.949,199.757,199.839,7988,3
1757649600,199.836,199.893,199.715,199.853,6368,3
1757653200,199.85,199.958,199.822,199.877,4890,3
1757656800,199.876,199.937,199.838,199.867,4006,1
1757660400,199.868,199.988,199.854,199.96,4617,2
1757664000,199.962,199.999,199.754,199.767,4597,0
1757667600,199.768,199.892,199.652,199.835,7278,0
1757671200,199.835,200.049,199.816,200.011,8680,0
1757674800,200.01,200.241,199.961,200.158,10882,0
1757678400,200.157,200.411,200.12,200.395,8363,0
1757682000,200.394,200.482,200.254,200.304,6831,1
1757685600,200.303,200.411,200.197,200.309,6931,0
1757689200,200.308,200.344,200.194,200.235,9462,1
1757692800,200.235,200.255,200.07,200.07,10266,0
1757696400,200.13,200.34,200.07,200.216,10672,1
1757700000,200.216,200.361,200.195,200.275,8182,0
1757703600,200.274,200.344,200.212,200.261,5760,2
1757707200,200.259,200.308,200.074,200.086,5068,3
1757710800,200.087,200.148,200.052,200.134,4852,1
1757714400,200.134,200.205,200.082,200.13,4016,4
1757718000,200.133,200.268,200.039,200.08,3799,4
1757894400,199.917,200.099,199.821,200.008,1046,280
1757898000,200.257,200.323,199.913,200.239,1074,3
1757901600,200.243,200.257,200.106,200.135,2795,0
1757905200,200.136,200.146,199.98,200.008,3775,3
1757908800,200.008,200.121,199.984,200.094,4746,3
1757912400,200.092,200.116,200.01,200.023,3763,4
1757916000,200.023,200.072,199.975,199.975,2882,7
1757919600,199.975,200.022,199.923,199.977,2987,3
1757923200,199.977,200.078,199.936,200.064,3544,1
1757926800,200.074,200.165,200.021,200.079,6411,0
1757930400,200.075,200.374,200.071,200.284,8790,1
1757934000,200.287,200.447,200.177,200.204,7363,0
1757937600,200.204,200.389,200.153,200.299,6483,0
1757941200,200.298,200.613,200.271,200.553,6682,0
1757944800,200.558,200.743,200.52,200.706,6430,0
1757948400,200.71,200.736,200.45,200.496,7885,0
1757952000,200.495,200.526,200.305,200.334,8310,0
1757955600,200.334,200.431,200.22,200.333,8346,0
1757959200,200.333,200.411,200.235,200.391,6943,2
1757962800,200.393,200.449,200.328,200.356,6164,2
1757966400,200.354,200.449,200.321,200.394,5275,0
1757970000,200.394,200.443,200.312,200.434,4986,3
1757973600,200.426,200.6,200.423,200.582,4042,1
1757977200,200.584,200.601,200.339,200.348,3926,2
1757980800,200.348,200.395,200.185,200.392,841,63
1757984400,200.394,200.511,200.381,200.511,1301,8
1757988000,200.511,200.532,200.415,200.477,2491,3
1757991600,200.477,200.573,200.457,200.542,6048,1
1757995200,200.542,200.644,200.356,200.443,6288,2
1757998800,200.443,200.443,200.244,200.302,5873,2
1758002400,200.3,200.381,200.272,200.307,5744,1
1758006000,200.306,200.32,200.115,200.165,5453,3
1758009600,200.167,200.26,200.087,200.216,5387,0
1758013200,200.221,200.274,200.091,200.215,8581,1
1758016800,200.215,200.234,200.071,200.18,9002,1
1758020400,200.18,200.42,200.16,200.309,8736,2
1758024000,200.306,200.507,200.283,200.477,8804,1
1758027600,200.474,200.55,200.365,200.393,7301,3
1758031200,200.391,200.571,200.326,200.486,8411,2
1758034800,200.486,200.714,200.407,200.653,11699,0
1758038400,200.648,200.706,200.369,200.439,11237,0
1758042000,200.429,200.459,200.097,200.101,12323,0
1758045600,200.101,200.115,199.941,200.094,9348,0
1758049200,200.093,200.095,199.874,199.887,6855,0
1758052800,199.886,199.993,199.784,199.923,6071,2
1758056400,199.923,199.956,199.853,199.894,6156,2
1758060000,199.895,199.982,199.87,199.98,5415,2
1758063600,199.982,200.003,199.801,199.801,4499,0
1758067200,199.801,199.897,199.722,199.784,1095,76
1758070800,199.811,200.012,199.783,199.955,1621,8
1758074400,199.953,199.962,199.766,199.889,3274,3
1758078000,199.888,199.984,199.698,199.947,7266,3
1758081600,199.95,199.972,199.809,199.864,6996,0
1758085200,199.865,199.968,199.861,199.917,4937,4
1758088800,199.917,199.941,199.849,199.912,3616,4
1758092400,199.91,199.925,199.776,199.791,3080,4
1758096000,199.792,199.989,199.737,199.936,4493,3
1758099600,199.96,200.041,199.774,199.827,6416,2
1758103200,199.824,199.989,199.754,199.976,7342,0
1758106800,199.975,199.997,199.746,199.76,6517,2
1758110400,199.761,199.835,199.645,199.704,6218,0
1758114000,199.704,199.716,199.497,199.577,6421,0
1758117600,199.577,199.733,199.477,199.707,5862,0
1758121200,199.707,199.929,199.674,199.868,7128,2
1758124800,199.869,199.936,199.678,199.936,8659,0
1758128400,199.941,199.968,199.782,199.889,8211,1
1758132000,199.889,199.992,199.856,199.907,6673,1
1758135600,199.909,199.967,199.873,199.901,6337,0
1758139200,199.903,199.992,199.799,199.808,6395,0
1758142800,199.808,200.169,199.585,200.095,23808,0
1758146400,200.096,200.264,200.026,200.165,16766,0
1758150000,200.174,200.355,200.129,200.135,7329,1
1758153600,200.135,200.247,200.099,200.235,1295,84
1758157200,200.238,200.333,200.059,200.138,2420,1
1758160800,200.139,200.25,200.043,200.192,4787,4
1758164400,200.191,200.295,200.133,200.192,8202,0
1758168000,200.193,200.309,200.152,200.213,8261,2
1758171600,200.21,200.325,200.168,200.193,5127,5
1758175200,200.193,200.311,200.156,200.292,4810,5
1758178800,200.292,200.343,200.246,200.297,5458,4
1758182400,200.296,200.368,200.264,200.354,6002,1
1758186000,200.355,200.539,200.317,200.403,9390,0
1758189600,200.407,200.614,200.357,200.559,10327,0
1758193200,200.559,201.266,200.533,201.089,9672,0
1758196800,201.09,201.132,200.918,200.958,8633,0
1758200400,200.958,201.075,200.934,200.992,6791,1
1758204000,200.989,201.203,200.621,200.763,9686,0
1758207600,200.761,200.94,200.697,200.917,11388,1
1758211200,200.909,201.053,200.442,200.632,14571,0
1758214800,200.631,200.918,200.57,200.586,14005,1
1758218400,200.583,200.648,200.422,200.539,11324,0
1758222000,200.536,200.559,200.352,200.394,8565,0
1758225600,200.394,200.522,200.364,200.442,6573,0
1758229200,200.442,200.486,200.313,200.42,5113,0
1758232800,200.412,200.469,200.387,200.454,4977,3
1758236400,200.454,200.596,200.442,200.449,4598,1
1758240000,200.449,200.554,200.267,200.554,810,73
1758243600,200.549,200.579,200.468,200.492,2590,7
1758247200,200.492,200.608,200.486,200.565,2336,4
1758250800,200.563,200.597,200.4,200.534,6299,2
1758254400,200.535,200.58,200.397,200.452,6847,3
1758258000,200.45,200.482,200.262,200.394,6098,4
1758261600,200.394,200.451,199.807,200.043,9649,0
1758265200,200.045,200.049,199.525,199.809,11296,0
1758268800,199.809,199.884,199.705,199.791,7904,0
1758272400,199.794,199.924,199.361,199.71,12921,0
1758276000,199.71,199.753,199.451,199.573,11288,0
1758279600,199.573,199.734,199.461,199.59,9298,1
1758283200,199.588,199.819,199.47,199.81,7668,0
1758286800,199.81,199.841,199.642,199.673,5547,0
1758290400,199.679,199.77,199.559,199.688,7742,2
1758294000,199.685,199.685,199.472,199.548,9947,2
1758297600,199.547,199.664,199.379,199.418,11423,0
1758301200,199.424,199.552,199.327,199.383,10609,0
1758304800,199.381,199.43,199.245,199.316,9476,1
1758308400,199.318,199.361,199.208,199.342,6226,0
1758312000,199.342,199.419,199.283,199.367,4563,1
1758315600,199.367,199.372,199.263,199.293,4301,1
1758319200,199.294,199.346,199.235,199.311,3432,0
1758322800,199.311,199.388,199.171,199.171,4773,5
1758499200,199.09,199.179,199.017,199.154,2620,115
1758502800,199.125,199.37,199.076,199.361,1876,2
1758506400,199.361,199.441,199.339,199.387,2952,0
1758510000,199.389,199.55,199.388,199.528,6541,1
1758513600,199.526,199.659,199.503,199.56,7080,3
1758517200,199.56,199.733,199.532,199.663,5341,4
1758520800,199.663,199.758,199.65,199.693,4480,2
1758524400,199.69,199.699,199.556,199.598,3983,3
1758528000,199.598,199.742,199.542,199.716,4012,0
1758531600,199.719,199.765,199.475,199.533,7088,2
1758535200,199.535,199.657,199.371,199.634,9082,2
1758538800,199.633,199.72,199.519,199.544,8447,2
1758542400,199.544,199.681,199.474,199.67,6757,1
1758546000,199.668,199.709,199.557,199.598,6728,1
1758549600,199.596,199.635,199.432,199.559,6275,1
1758553200,199.563,199.781,199.394,199.707,8979,1
1758556800,199.705,199.791,199.575,199.656,9996,0
1758560400,199.656,199.759,199.543,199.55,9045,0
1758564000,199.552,199.655,199.506,199.616,7806,1
1758567600,199.616,199.76,199.52,199.572,6488,2
1758571200,199.572,199.628,199.548,199.619,4421,0
1758574800,199.619,199.727,199.599,199.679,5541,2
1758578400,199.679,199.687,199.619,199.68,3959,2
1758582000,199.678,199.728,199.469,199.469,3396,4
1758585600,199.469,199.622,199.4,199.617,888,56
1758589200,199.622,199.678,199.528,199.599,996,9
1758592800,199.599,199.702,199.591,199.643,2967,4
1758596400,199.642,199.661,199.584,199.648,4955,3
1758600000,199.648,199.677,199.592,199.622,5197,4
1758603600,199.622,199.672,199.551,199.658,5524,5
1758607200,199.658,199.718,199.627,199.705,4565,4
1758610800,199.705,199.71,199.587,199.638,3880,4
1758614400,199.642,199.684,199.608,199.64,3553,3
1758618000,199.64,199.698,199.546,199.643,7160,2
1758621600,199.654,199.781,199.539,199.733,10313,0
1758625200,199.737,199.815,199.19,199.263,9426,0
1758628800,199.263,199.367,199.146,199.347,7528,0
1758632400,199.345,199.594,199.33,199.574,6829,2
1758636000,199.573,199.721,199.554,199.695,6675,2
1758639600,199.69,199.964,199.663,199.859,8306,2
1758643200,199.859,199.938,199.607,199.613,11067,0
1758646800,199.613,199.859,199.541,199.832,11087,0
1758650400,199.831,199.901,199.74,199.822,8259,2
1758654000,199.822,199.861,199.66,199.792,8181,2
1758657600,199.792,199.803,199.447,199.484,8610,0
1758661200,199.482,199.523,199.353,199.48,7076,0
1758664800,199.479,199.676,199.463,199.669,6104,1
1758668400,199.663,199.736,199.493,199.493,4292,4
1758672000,199.523,199.6,199.368,199.525,1039,92
1758675600,199.465,199.655,199.465,199.637,1892,13
1758679200,199.637,199.701,199.581,199.612,3487,5
1758682800,199.61,199.787,199.455,199.714,7506,1
1758686400,199.71,199.733,199.597,199.631,7591,3
1758690000,199.631,199.697,199.618,199.647,5793,3
1758693600,199.647,199.742,199.633,199.727,4230,4
1758697200,199.727,199.887,199.713,199.795,4180,2
1758700800,199.795,199.84,199.694,199.726,4671,0
1758704400,199.728,199.888,199.727,199.852,7529,3
1758708000,199.853,199.877,199.608,199.624,8090,2
1758711600,199.624,199.915,199.553,199.911,7804,0
1758715200,199.911,199.993,199.78,199.838,6711,2
1758718800,199.839,199.978,199.792,199.807,6066,1
1758722400,199.81,199.914,199.771,199.843,6957,1
1758726000,199.844,200.017,199.788,199.892,9606,0
1758729600,199.892,199.917,199.704,199.822,10540,0
1758733200,199.814,200.058,199.735,200.032,11345,0
1758736800,200.033,200.143,199.958,199.98,8950,0
1758740400,199.977,200.041,199.906,199.978,6465,2
1758744000,199.978,200.113,199.967,200.107,4622,0
1758747600,200.107,200.232,200.016,200.169,5442,1
1758751200,200.169,200.222,200.115,200.158,4391,2
1758754800,200.158,200.252,200.086,200.086,2697,5
1758758400,200.086,200.193,199.955,199.989,1153,83
1758762000,199.985,200.205,199.985,200.157,1096,0
1758765600,200.157,200.197,200.075,200.095,3358,5
1758769200,200.102,200.114,199.877,199.929,8139,2
1758772800,199.931,200.207,199.915,200.131,6947,3
1758776400,200.131,200.206,200.03,200.196,6091,1
1758780000,200.196,200.212,200.094,200.132,4123,1
1758783600,200.132,200.173,200.061,200.061,3856,2
1758787200,200.061,200.222,200.054,200.207,4540,3
1758790800,200.207,200.349,200.164,200.328,7487,1
1758794400,200.33,200.33,199.932,199.977,8630,2
1758798000,199.976,200.12,199.919,200.105,8234,1
1758801600,200.105,200.154,200.059,200.124,6471,1
1758805200,200.124,200.155,200.022,200.08,5937,0
1758808800,200.081,200.161,199.717,199.766,7025,0
1758812400,199.767,199.889,199.57,199.737,13691,0
1758816000,199.737,199.826,199.637,199.792,14645,0
1758819600,199.793,199.937,199.716,199.725,13149,0
1758823200,199.727,200.023,199.683,199.938,10149,2
1758826800,199.941,200.027,199.777,199.839,7376,0
1758830400,199.838,199.89,199.711,199.761,7837,2
1758834000,199.764,199.874,199.635,199.858,7317,1
1758837600,199.857,199.872,199.732,199.745,5068,2
1758841200,199.745,199.91,199.741,199.76,3307,2
1758844800,199.76,199.89,199.667,199.705,1628,91
1758848400,199.741,199.905,199.723,199.794,1248,4
1758852000,199.794,199.929,199.755,199.855,3736,0
1758855600,199.855,199.88,199.701,199.755,6899,1
1758859200,199.755,199.924,199.7,199.89,5942,4
1758862800,199.889,199.954,199.865,199.873,4665,4
1758866400,199.873,199.928,199.865,199.91,3424,2
1758870000,199.91,199.916,199.834,199.841,3690,2
1758873600,199.841,199.939,199.807,199.916,4131,0
1758877200,199.917,200.121,199.906,200.084,7208,0
1758880800,200.084,200.207,199.998,200.08,7947,0
1758884400,200.08,200.151,200.02,200.142,6758,0
1758888000,200.142,200.162,199.98,200.003,6634,1
1758891600,200.0,200.133,199.98,200.042,6186,0
1758895200,200.043,200.079,199.933,199.967,6377,2
1758898800,199.97,200.219,199.943,200.152,11527,0
1758902400,200.152,200.444,200.121,200.41,12295,0
1758906000,200.412,200.512,200.294,200.362,12338,0
1758909600,200.361,200.442,200.314,200.379,9066,0
1758913200,200.379,200.502,200.356,200.37,6368,2
1758916800,200.371,200.462,200.351,200.425,5114,1
1758920400,200.427,200.47,200.357,200.387,4750,3
1758924000,200.389,200.478,200.357,200.449,4370,4
1758927600,200.447,200.468,200.163,200.334,2836,3
1759104000,200.156,200.307,200.061,200.177,907,86
1759107600,200.177,200.416,200.175,200.351,1498,3
1759111200,200.35,200.369,200.261,200.329,2932,3
1759114800,200.328,200.328,200.17,200.248,6958,4
1759118400,200.249,200.289,200.024,200.181,6829,1
1759122000,200.179,200.193,200.005,200.015,6140,3
1759125600,200.014,200.072,199.983,200.047,4361,4
1759129200,200.047,200.189,199.988,200.151,3827,3
1759132800,200.15,200.205,199.927,199.984,6051,2
1759136400,199.986,200.058,199.855,199.989,7239,2
1759140000,199.989,200.024,199.727,199.778,8113,1
1759143600,199.778,199.793,199.536,199.553,7982,2
1759147200,199.552,199.728,199.5,199.588,6970,1
1759150800,199.587,199.668,199.539,199.646,6025,1
1759154400,199.645,199.868,199.623,199.865,6509,0
1759158000,199.863,199.978,199.826,199.895,9855,1
1759161600,199.892,199.995,199.604,199.692,10388,0
1759165200,199.68,199.698,199.336,199.456,10275,0
1759168800,199.454,199.597,199.409,199.559,9136,2
1759172400,199.558,199.628,199.514,199.555,5666,3
1759176000,199.555,199.619,199.444,199.468,5595,2
1759179600,199.468,199.741,199.452,199.734,4527,4
1759183200,199.734,199.742,199.601,199.692,4170,2
1759186800,199.693,199.746,199.373,199.416,2863,3
1759190400,199.425,199.559,199.417,199.447,1257,61
1759194000,199.515,199.657,199.436,199.615,1143,6
1759197600,199.615,199.684,199.531,199.667,2747,7
1759201200,199.672,199.768,199.536,199.751,6990,0
1759204800,199.753,199.768,199.61,199.662,6612,4
1759208400,199.661,199.761,199.587,199.739,4174,4
1759212000,199.74,199.743,199.533,199.533,4154,2
1759215600,199.533,199.575,199.347,199.426,5198,2
1759219200,199.428,199.505,199.165,199.2,6749,3
1759222800,199.2,199.306,199.003,199.013,9014,0
1759226400,199.013,199.129,198.847,199.088,9799,1
1759230000,199.085,199.139,198.79,198.797,9859,1
1759233600,198.796,198.981,198.752,198.932,7813,2
1759237200,198.93,198.974,198.801,198.914,6388,0
1759240800,198.912,199.016,198.776,198.829,6262,1
1759244400,198.827,199.056,198.774,198.891,8205,1
1759248000,198.891,198.946,198.578,198.805,10546,0
1759251600,198.796,199.003,198.593,198.811,14474,0
1759255200,198.811,198.988,198.739,198.909,11541,1
1759258800,198.909,198.919,198.734,198.84,7713,0
1759262400,198.84,198.922,198.756,198.786,6792,0
1759266000,198.787,198.871,198.74,198.863,6182,3
1759269600,198.864,198.908,198.794,198.862,5703,4
1759273200,198.868,198.907,198.64,198.64,3782,4
1759276800,198.639,198.795,198.58,198.731,1149,78
1759280400,198.714,198.883,198.714,198.849,1789,0
1759284000,198.849,198.986,198.791,198.972,3902,3
1759287600,198.971,199.219,198.949,199.066,7537,1
1759291200,199.065,199.102,198.857,198.871,5533,2
1759294800,198.871,198.907,198.785,198.813,4955,3
1759298400,198.816,198.867,198.745,198.824,5060,5
1759302000,198.824,198.922,198.633,198.652,5879,2
1759305600,198.657,198.744,198.48,198.48,6525,4
1759309200,198.476,198.507,198.235,198.258,9509,1
1759312800,198.257,198.268,198.026,198.136,12046,0
1759316400,198.138,198.218,198.012,198.167,9516,0
1759320000,198.175,198.245,198.111,198.202,8241,2
1759323600,198.201,198.24,198.089,198.132,8331,0
1759327200,198.133,198.324,198.101,198.163,7516,2
1759330800,198.163,198.53,197.908,198.354,16569,0
1759334400,198.352,198.425,198.226,198.268,13332,1
1759338000,198.268,198.507,198.181,198.364,16460,1
1759341600,198.363,198.378,198.212,198.235,12136,0
1759345200,198.234,198.348,198.201,198.284,7849,2
1759348800,198.283,198.347,198.221,198.274,5696,1
1759352400,198.273,198.399,198.229,198.36,6499,2
1759356000,198.358,198.393,198.268,198.286,4707,1
1759359600,198.286,198.294,198.137,198.137,4177,4
1759363200,198.137,198.208,198.085,198.208,634,96
1759366800,198.208,198.233,198.148,198.153,1046,6
1759370400,198.153,198.29,198.145,198.273,2060,5
1759374000,198.275,198.446,198.219,198.256,6579,3
1759377600,198.258,198.329,198.142,198.185,6559,3
1759381200,198.186,198.41,198.155,198.388,4494,4
1759384800,198.387,198.404,198.193,198.237,3896,4
1759388400,198.239,198.353,198.218,198.316,4252,1
1759392000,198.316,198.402,198.255,198.308,4412,3
1759395600,198.309,198.579,198.087,198.498,9112,2
1759399200,198.5,198.61,198.426,198.477,9181,2
1759402800,198.481,198.493,198.122,198.245,8771,0
1759406400,198.245,198.255,197.905,197.917,7569,1
1759410000,197.918,197.976,197.666,197.673,6818,2
1759413600,197.667,197.879,197.601,197.826,6803,0
1759417200,197.826,198.262,197.793,198.157,8720,0
1759420800,198.155,198.183,197.696,197.732,11436,0
1759424400,197.727,197.797,197.486,197.724,12622,0
1759428000,197.723,197.861,197.617,197.755,9984,0
1759431600,197.753,197.876,197.718,197.774,6889,0
1759435200,197.773,197.85,197.756,197.777,5054,1
1759438800,197.777,197.955,197.766,197.949,4257,0
1759442400,197.949,197.964,197.855,197.933,3541,2
1759446000,197.932,197.973,197.738,197.738,3196,0
1759449600,197.738,197.912,197.678,197.761,319,65
1759453200,197.761,198.037,197.74,197.838,1128,2
1759456800,197.839,197.883,197.739,197.868,2430,5
1759460400,197.868,198.121,197.862,198.11,5843,2
1759464000,198.112,198.42,197.965,198.327,8024,3
1759467600,198.327,198.462,198.312,198.431,4813,2
1759471200,198.432,198.557,198.408,198.48,4473,0
1759474800,198.48,198.541,198.437,198.466,3438,3
1759478400,198.467,198.536,198.261,198.502,5499,0
1759482000,198.502,198.523,198.279,198.294,7262,4
1759485600,198.294,198.469,198.286,198.42,7277,1
1759489200,198.419,198.472,198.259,198.263,7287,1
1759492800,198.26,198.295,198.118,198.267,5668,2
1759496400,198.257,198.258,198.162,198.184,4503,3
1759500000,198.184,198.242,198.006,198.07,6359,2
1759503600,198.06,198.195,198.009,198.19,8024,3
1759507200,198.191,198.423,198.138,198.281,10307,0
1759510800,198.278,198.664,198.032,198.634,14371,0
1759514400,198.631,198.685,198.547,198.589,9513,2
1759518000,198.586,198.834,198.586,198.796,6482,2
1759521600,198.796,198.8,198.624,198.703,6231,4
1759525200,198.705,198.847,198.62,198.826,5732,3
1759528800,198.826,198.864,198.792,198.813,4040,4
1759532400,198.811,198.858,198.647,198.665,3356,5
1759708800,200.878,200.878,200.391,200.405,1531,106
1759712400,200.432,200.699,200.22,200.617,6128,2
1759716000,200.617,201.01,200.465,200.914,11183,1
1759719600,200.91,201.307,200.773,201.2,12913,2
1759723200,201.2,201.488,201.07,201.438,9697,0
1759726800,201.439,201.691,201.422,201.645,6679,1
1759730400,201.645,201.919,201.607,201.857,6760,2
1759734000,201.857,202.164,201.622,202.126,8831,0
1759737600,202.127,202.242,201.951,201.998,7518,0
1759741200,202.0,202.034,201.642,201.664,11147,2
1759744800,201.665,202.138,201.514,201.685,13685,0
1759748400,201.688,202.089,201.554,202.029,11455,0
1759752000,202.03,202.123,201.821,202.057,8248,1
1759755600,202.058,202.081,201.71,201.714,7747,0
1759759200,201.714,201.926,201.669,201.868,8682,1
1759762800,201.868,201.877,201.239,201.267,14402,0
1759766400,201.265,201.841,201.246,201.827,11926,0
1759770000,201.83,202.201,201.744,202.139,12015,0
1759773600,202.14,202.255,202.105,202.156,9485,1
1759777200,202.154,202.35,202.061,202.342,6493,1
1759780800,202.342,202.564,202.309,202.537,4886,1
1759784400,202.535,202.669,202.485,202.639,4083,3
1759788000,202.639,202.699,202.563,202.657,4262,4
1759791600,202.656,202.82,202.635,202.755,2873,3
1759795200,202.726,202.726,202.474,202.518,654,52
1759798800,202.518,202.741,202.516,202.649,2826,0
1759802400,202.643,202.784,202.582,202.748,3690,5
1759806000,202.748,203.056,202.731,202.891,7860,2
1759809600,202.891,202.936,202.658,202.787,5936,3
1759813200,202.788,202.854,202.618,202.85,4878,4
1759816800,202.85,202.857,202.627,202.629,4615,0
1759820400,202.628,202.658,202.522,202.599,4419,4
1759824000,202.601,202.647,202.458,202.561,5719,0
1759827600,202.562,202.701,202.45,202.629,8404,2
1759831200,202.629,202.666,202.275,202.387,8912,0
1759834800,202.388,202.674,202.281,202.619,7308,1
1759838400,202.62,202.684,202.527,202.67,6418,3
1759842000,202.671,202.674,202.406,202.421,5973,0
1759845600,202.421,202.489,202.11,202.219,6769,0
1759849200,202.219,202.361,202.144,202.326,9292,0
1759852800,202.326,202.531,202.204,202.52,9984,0
1759856400,202.52,203.069,202.497,203.051,11405,0
1759860000,203.051,203.29,202.919,203.18,11275,0
1759863600,203.18,203.506,203.144,203.421,8992,0
1759867200,203.421,203.719,203.413,203.645,7226,0
1759870800,203.646,204.064,203.619,203.9,7587,0
1759874400,203.9,203.908,203.752,203.877,5544,1
1759878000,203.877,204.041,203.841,203.841,3473,3
1759881600,203.841,203.972,203.823,203.904,975,53
1759885200,203.904,203.961,203.743,203.811,1312,8
1759888800,203.82,204.142,203.782,204.062,5345,1
1759892400,204.063,204.393,204.063,204.323,8833,1
1759896000,204.326,204.471,204.212,204.441,9780,5
1759899600,204.447,204.469,204.105,204.281,7268,2
1759903200,204.281,204.334,204.184,204.22,5146,4
1759906800,204.22,204.243,203.975,204.068,4931,1
1759910400,204.067,204.099,203.902,204.088,5080,3
1759914000,204.089,204.207,203.915,204.089,10554,0
1759917600,204.089,204.669,204.069,204.668,10673,0
1759921200,204.67,204.839,204.461,204.805,9240,1
1759924800,204.805,205.123,204.778,205.027,8876,0
1759928400,205.027,205.321,204.779,204.847,6949,0
1759932000,204.843,204.99,204.613,204.717,7159,0
1759935600,204.717,204.864,204.569,204.652,9381,0
1759939200,204.652,204.885,204.555,204.837,10951,0
1759942800,204.836,205.095,204.628,204.685,10158,0
1759946400,204.686,204.784,204.475,204.476,8431,0
1759950000,204.476,204.51,204.309,204.496,6396,2
1759953600,204.496,204.556,204.443,204.548,5040,4
1759957200,204.543,204.59,204.345,204.478,7991,4
1759960800,204.473,204.632,204.435,204.621,5249,5
1759964400,204.622,204.687,204.575,204.646,3473,6
1759968000,204.649,204.649,204.318,204.57,935,46
1759971600,204.57,204.626,204.422,204.48,1966,12
1759975200,204.48,204.645,204.367,204.628,5002,1
1759978800,204.628,204.772,204.393,204.772,7690,2
1759982400,204.77,204.875,204.389,204.519,9723,2
1759986000,204.519,204.656,204.504,204.545,6095,2
1759989600,204.546,204.614,204.52,204.59,4934,3
1759993200,204.589,204.704,204.48,204.495,3740,4
1759996800,204.497,204.662,204.494,204.611,4473,2
1760000400,204.621,204.854,204.428,204.44,11423,2
1760004000,204.438,204.564,204.347,204.382,11005,0
1760007600,204.38,204.483,204.109,204.163,8922,0
1760011200,204.163,204.361,203.901,204.224,10567,0
1760014800,204.221,204.367,204.086,204.098,6946,0
1760018400,204.098,204.399,203.983,204.362,6457,0
1760022000,204.36,204.519,204.248,204.442,9441,0
1760025600,204.443,204.568,203.712,204.358,14988,0
1760029200,204.358,204.399,203.828,204.037,13006,0
1760032800,204.042,204.079,203.572,203.696,12130,0
1760036400,203.695,203.741,203.376,203.395,8990,0
1760040000,203.399,203.56,203.309,203.531,8955,1
1760043600,203.532,203.554,203.396,203.441,6418,0
1760047200,203.441,203.619,203.368,203.526,6367,2
1760050800,203.521,203.678,203.45,203.45,3190,0
1760054400,203.45,203.668,203.113,203.604,776,51
1760058000,203.604,203.646,203.504,203.528,1218,5
1760061600,203.528,203.749,203.492,203.567,5731,2
1760065200,203.567,203.711,203.484,203.497,8479,3
1760068800,203.497,203.588,203.372,203.544,7508,4
1760072400,203.544,203.617,203.464,203.497,5335,6
1760076000,203.498,203.539,203.189,203.224,5303,5
1760079600,203.225,203.397,203.18,203.293,4909,3
1760083200,203.293,203.413,203.212,203.366,6255,3
1760086800,203.366,203.501,202.654,202.812,11563,0
1760090400,202.811,203.353,202.763,203.333,11882,0
1760094000,203.334,203.444,203.034,203.143,10086,2
1760097600,203.139,203.206,202.989,203.071,8023,4
1760101200,203.075,203.081,202.527,202.535,7677,0
1760104800,202.535,202.747,202.49,202.572,8386,0
1760108400,202.572,202.695,202.495,202.583,8920,1
1760112000,202.585,202.688,202.535,202.673,10017,0
1760115600,202.673,202.986,202.61,202.812,12230,0
1760119200,202.808,203.066,202.207,202.726,21961,0
1760122800,202.726,203.116,202.651,202.692,15810,0
1760126400,202.692,202.766,202.388,202.662,10957,1
1760130000,202.662,202.707,202.441,202.484,8983,4
1760133600,202.484,202.58,202.303,202.38,7769,0
1760137200,202.371,202.484,201.749,201.795,5978,5
1760313600,202.616,202.696,202.31,202.365,1092,132
1760317200,202.365,203.087,202.365,202.709,5238,4
1760320800,202.705,202.816,202.508,202.788,7736,4
1760324400,202.788,202.834,202.636,202.718,10174,0
1760328000,202.726,202.946,202.718,202.928,9842,6
1760331600,202.929,202.963,202.858,202.861,6407,7
1760335200,202.86,202.929,202.824,202.875,5831,7
1760338800,202.875,202.942,202.804,202.897,5181,5
1760342400,202.897,202.901,202.696,202.723,6237,4
1760346000,202.723,202.967,202.626,202.819,10813,0
1760349600,202.819,203.242,202.739,203.086,11921,0
1760353200,203.086,203.154,202.832,203.009,10072,1
1760356800,203.009,203.093,202.912,202.95,7153,0
1760360400,202.949,203.03,202.864,202.94,7010,3
1760364000,202.94,203.093,202.735,202.77,10778,0
1760367600,202.77,202.963,202.727,202.955,9732,4
1760371200,202.955,203.047,202.767,202.91,10977,3
1760374800,202.914,203.137,202.858,203.059,11994,3
1760378400,203.059,203.091,202.928,202.936,8136,2
1760382000,202.937,203.018,202.905,202.991,6598,5
1760385600,202.991,203.043,202.936,202.999,5394,1
1760389200,202.998,203.129,202.992,203.058,5360,4
1760392800,203.058,203.103,203.028,203.056,4422,4
1760396400,203.056,203.108,203.018,203.02,3682,6
1760400000,203.02,203.02,202.746,202.93,981,43
1760403600,202.93,203.091,202.876,203.083,1480,10
1760407200,203.082,203.26,203.013,203.258,4197,8
1760410800,203.258,203.49,203.188,203.329,8989,1
1760414400,203.329,203.515,203.236,203.428,8331,0
1760418000,203.428,203.458,203.302,203.329,5839,6
1760421600,203.329,203.362,202.963,203.041,5554,4
1760425200,203.044,203.052,202.614,202.76,10315,0
1760428800,202.76,202.781,202.365,202.387,10470,3
1760432400,202.384,202.384,201.627,201.715,13327,0
1760436000,201.715,201.737,201.331,201.448,14200,0
1760439600,201.448,201.881,201.417,201.881,10607,0
1760443200,201.88,202.02,201.68,201.814,8760,2
1760446800,201.814,201.814,201.465,201.548,10034,3
1760450400,201.548,201.885,201.504,201.806,9048,1
1760454000,201.806,201.832,201.334,201.634,12072,4
1760457600,201.633,202.084,201.627,201.879,15675,1
1760461200,201.882,202.197,201.864,201.885,13955,2
1760464800,201.884,202.178,201.794,202.136,12851,0
1760468400,202.135,202.227,202.01,202.075,11503,3
1760472000,202.076,202.287,202.021,202.216,8114,6
1760475600,202.216,202.334,202.158,202.257,6362,4
1760479200,202.257,202.288,202.001,202.126,7992,3
1760482800,202.127,202.228,202.061,202.107,3913,7
1760486400,202.221,202.221,201.928,202.012,251,114
1760490000,202.012,202.276,201.998,202.188,1890,10
1760493600,202.186,202.25,202.083,202.092,3579,2
1760497200,202.093,202.298,201.921,202.011,8936,5
1760500800,202.0,202.047,201.786,201.832,8052,0
1760504400,201.838,201.867,201.622,201.649,7927,1
1760508000,201.649,201.808,201.589,201.785,5541,4
1760511600,201.784,201.894,201.75,201.891,5054,6
1760515200,201.891,202.005,201.789,201.89,6173,3
1760518800,201.889,201.932,201.677,201.821,9624,0
1760522400,201.82,201.981,201.668,201.91,10472,0
1760526000,201.911,202.117,201.749,201.808,10082,0
1760529600,201.808,202.213,201.784,202.052,8613,3
1760533200,202.05,202.297,202.014,202.291,6857,4
1760536800,202.292,202.317,202.17,202.277,7260,0
1760540400,202.276,202.51,202.249,202.368,11899,3
1760544000,202.369,202.437,202.076,202.112,13620,0
1760547600,202.112,202.394,202.045,202.347,10354,0
1760551200,202.347,202.594,202.268,202.538,11826,0
1760554800,202.541,202.643,202.413,202.452,8969,2
1760558400,202.451,202.458,202.19,202.431,10668,3
1760562000,202.433,202.545,202.333,202.523,6460,5
1760565600,202.523,202.581,202.426,202.581,5469,5
1760569200,202.576,202.716,202.419,202.428,4355,1
1760572800,202.425,202.502,202.167,202.259,416,76
1760576400,202.273,202.493,202.118,202.278,2232,11
1760580000,202.278,202.405,202.221,202.368,4411,5
1760583600,202.378,202.469,201.98,202.275,11415,1
1760587200,202.275,202.428,202.23,202.339,10038,4
1760590800,202.339,202.512,202.29,202.504,6203,5
1760594400,202.505,202.575,202.448,202.494,5792,5
1760598000,202.495,202.68,202.457,202.603,5080,0
1760601600,202.603,202.803,202.588,202.671,7541,0
1760605200,202.662,202.892,202.596,202.769,9985,1
1760608800,202.768,203.112,202.598,203.064,11612,1
1760612400,203.065,203.239,202.964,203.239,9437,1
1760616000,203.242,203.431,203.231,203.274,8166,0
1760619600,203.272,203.368,203.066,203.088,7167,3
1760623200,203.088,203.352,203.024,203.273,8737,2
1760626800,203.275,203.3,202.84,203.188,11001,0
1760630400,203.192,203.36,202.782,202.784,13959,1
1760634000,202.785,202.788,202.446,202.541,14492,2
1760637600,202.539,202.643,202.269,202.353,12624,2
1760641200,202.352,202.497,201.711,201.931,15462,0
1760644800,201.933,202.237,201.86,202.017,14772,3
1760648400,202.016,202.053,201.752,201.97,12276,3
1760652000,201.964,202.095,201.825,202.04,9837,0
1760655600,202.039,202.143,201.985,202.066,4298,5
1760659200,202.002,202.078,201.889,201.987,723,104
1760662800,201.929,202.145,201.9,201.9,2607,12
1760666400,201.9,201.947,201.708,201.853,5787,0
1760670000,201.853,202.011,201.72,202.01,9981,3
1760673600,202.01,202.133,201.976,201.999,9872,5
1760677200,201.999,202.048,201.763,201.901,8003,5
1760680800,201.901,201.911,201.602,201.739,5851,4
1760684400,201.739,201.923,201.699,201.731,5765,6
1760688000,201.73,201.79,201.62,201.691,8140,4
1760691600,201.692,201.824,201.32,201.329,12479,3
1760695200,201.329,201.362,200.678,201.079,17306,0
1760698800,201.082,201.135,200.818,201.06,13443,0
1760702400,201.06,201.329,200.946,201.088,9989,3
1760706000,201.09,201.487,201.035,201.416,11306,0
1760709600,201.416,201.983,201.367,201.837,14346,0
1760713200,201.835,202.107,201.642,201.695,14128,2
1760716800,201.695,201.799,201.415,201.539,15510,0
1760720400,201.539,201.867,201.407,201.445,16942,0
1760724000,201.445,201.799,201.301,201.784,13105,0
1760727600,201.783,202.015,201.737,201.799,9970,1
1760731200,201.799,201.945,201.711,201.896,7969,0
1760734800,201.893,202.234,201.883,202.174,7377,1
1760738400,202.175,202.211,202.086,202.206,4938,7
1760742000,202.207,202.233,202.097,202.114,4107,11
1760918400,201.941,202.045,201.678,201.887,1042,165
1760922000,201.887,202.598,201.863,202.518,2936,6
1760925600,202.54,202.677,202.478,202.607,5049,5
1760929200,202.606,202.766,202.423,202.73,8276,1
1760932800,202.729,203.106,202.695,202.786,7327,3
1760936400,202.786,202.872,202.671,202.696,4999,3
1760940000,202.691,202.725,202.46,202.57,4614,0
1760943600,202.57,202.627,202.267,202.338,5461,3
1760947200,202.338,202.504,202.26,202.476,6124,1
1760950800,202.479,202.479,202.095,202.17,9831,2
1760954400,202.17,202.421,202.096,202.235,10421,1
1760958000,202.234,202.443,202.176,202.195,9484,2
1760961600,202.193,202.449,201.826,202.402,10676,0
1760965200,202.402,202.508,202.082,202.11,8369,0
1760968800,202.11,202.207,202.012,202.118,8185,1
1760972400,202.121,202.33,202.046,202.284,10874,4
1760976000,202.289,202.312,202.075,202.092,11685,0
1760979600,202.092,202.145,201.888,202.036,10600,2
1760983200,202.033,202.144,201.944,202.087,8924,2
1760986800,202.087,202.17,201.947,202.139,6595,5
1760990400,202.142,202.201,202.068,202.073,5265,4
1760994000,202.072,202.13,202.043,202.059,5299,0
1760997600,202.058,202.086,202.013,202.027,3656,5
1761001200,202.027,202.133,202.01,202.061,3072,6
1761004800,202.039,202.051,201.857,201.968,1076,84
1761008400,201.984,202.12,201.961,202.035,1480,9
1761012000,202.035,202.168,202.016,202.16,3629,9
1761015600,202.159,202.185,201.816,202.094,9265,0
1761019200,202.087,202.346,201.905,202.316,8506,0
1761022800,202.318,202.422,202.284,202.393,7350,2
1761026400,202.393,202.396,202.237,202.29,6340,6
1761030000,202.29,202.525,202.051,202.321,7264,0
1761033600,202.32,202.704,202.06,202.645,11007,0
1761037200,202.647,202.824,202.475,202.535,10161,4
1761040800,202.535,202.54,202.237,202.437,11584,1
1761044400,202.444,202.921,202.228,202.85,12577,0
1761048000,202.85,203.229,202.836,203.169,8775,4
1761051600,203.169,203.341,203.075,203.319,9403,1
1761055200,203.32,203.439,203.156,203.372,9564,0
1761058800,203.375,203.526,203.284,203.511,12218,2
1761062400,203.511,203.524,202.776,202.78,15435,0
1761066000,202.785,203.113,202.575,203.088,14496,2
1761069600,203.089,203.292,203.054,203.14,10545,0
1761073200,203.141,203.286,203.043,203.075,10100,0
1761076800,203.076,203.17,202.97,203.152,9195,3
1761080400,203.152,203.186,203.109,203.143,5609,5
1761084000,203.143,203.202,203.122,203.136,4892,5
1761087600,203.139,203.156,202.997,203.119,2447,4
1761091200,203.119,203.119,202.944,203.044,365,59
1761094800,203.044,203.123,202.976,203.11,2406,11
1761098400,203.104,203.131,202.967,202.984,3118,6
1761102000,202.985,202.999,202.737,202.74,10507,4
1761105600,202.74,202.904,202.636,202.895,7991,5
1761109200,202.895,203.011,202.758,202.826,5434,5
1761112800,202.823,203.046,202.821,203.01,4201,5
1761116400,203.01,203.13,202.99,203.037,4207,4
1761120000,203.037,203.253,203.023,203.232,5049,3
1761123600,203.232,203.255,202.239,202.336,12334,1
1761127200,202.336,202.422,202.083,202.264,11267,0
1761130800,202.263,202.341,201.983,202.056,11329,0
1761134400,202.057,202.234,202.015,202.199,8194,2
1761138000,202.202,202.202,201.919,202.11,7861,2
1761141600,202.11,202.363,202.035,202.297,9946,4
1761145200,202.298,202.555,202.199,202.423,11268,3
1761148800,202.423,202.785,202.329,202.752,12663,1
1761152400,202.751,202.929,202.721,202.834,12476,0
1761156000,202.835,203.051,202.785,202.948,11804,0
1761159600,202.948,203.005,202.579,202.921,11666,0
1761163200,202.922,202.959,202.527,202.6,9645,2
1761166800,202.6,202.875,202.592,202.841,8383,0
1761170400,202.841,203.026,202.789,202.992,6425,4
1761174000,202.992,203.047,202.923,202.942,2975,4
1761177600,202.837,202.881,202.751,202.832,534,76
1761181200,202.832,202.927,202.8,202.878,2106,6
1761184800,202.878,202.932,202.833,202.906,4525,7
1761188400,202.906,203.162,202.872,203.05,8649,4
1761192000,203.052,203.388,203.015,203.307,7604,5
1761195600,203.307,203.385,203.256,203.332,4526,2
1761199200,203.332,203.381,203.221,203.287,3896,0
1761202800,203.286,203.376,203.268,203.3,4119,3
1761206400,203.3,203.394,203.196,203.378,4497,4
1761210000,203.378,203.769,203.348,203.766,8421,0
1761213600,203.765,203.773,203.431,203.592,9410,4
1761217200,203.592,203.739,203.546,203.721,7891,5
1761220800,203.722,203.785,203.632,203.663,6963,3
1761224400,203.663,203.773,203.642,203.746,6918,4
1761228000,203.747,203.791,203.585,203.6,6596,2
1761231600,203.6,203.624,203.451,203.529,9630,5
1761235200,203.529,203.674,203.423,203.481,11560,1
1761238800,203.486,203.566,203.28,203.308,11920,0
1761242400,203.309,203.492,203.21,203.438,9146,0
1761246000,203.441,203.545,203.296,203.301,6546,1
1761249600,203.299,203.448,203.208,203.236,5862,0
1761253200,203.235,203.335,203.204,203.221,5611,3
1761256800,203.221,203.28,203.202,203.268,4297,4
1761260400,203.27,203.361,203.115,203.115,2681,7
1761264000,203.115,203.329,203.098,203.252,2757,53
1761267600,203.256,203.372,203.236,203.339,1639,14
1761271200,203.341,203.42,203.321,203.381,2788,9
1761274800,203.378,203.495,203.264,203.479,7339,0
1761278400,203.481,203.701,203.477,203.701,7971,0
1761282000,203.7,203.723,203.505,203.624,7151,5
1761285600,203.625,203.683,203.504,203.574,5748,1
1761289200,203.574,203.685,203.559,203.663,4929,5
1761292800,203.663,203.791,203.549,203.722,5436,0
1761296400,203.722,203.941,203.718,203.877,8900,4
1761300000,203.876,203.883,203.491,203.5,10268,4
1761303600,203.501,203.823,203.419,203.729,9122,1
1761307200,203.73,203.782,203.601,203.766,7620,4
1761310800,203.764,203.807,203.66,203.726,5916,2
1761314400,203.726,203.738,203.441,203.494,7312,3
1761318000,203.494,203.754,203.238,203.754,14120,0
1761321600,203.757,203.985,203.75,203.828,14041,3
1761325200,203.828,203.859,203.083,203.188,13209,0
1761328800,203.188,203.304,203.107,203.19,10692,0
1761332400,203.191,203.208,203.114,203.202,5964,3
1761336000,203.201,203.311,203.197,203.274,4741,4
1761339600,203.274,203.396,203.255,203.371,4849,4
1761343200,203.371,203.442,203.298,203.439,3257,5
1761346800,203.441,203.515,203.38,203.405,3313,7
1761523200,203.464,203.871,203.431,203.851,1374,80
1761526800,203.872,203.986,203.739,203.933,4239,6
1761530400,203.933,204.055,203.851,203.911,4883,7
1761534000,203.91,203.966,203.678,203.707,8006,0
1761537600,203.708,203.849,203.565,203.69,7537,4
1761541200,203.692,203.849,203.675,203.815,5452,6
1761544800,203.815,203.88,203.794,203.879,4506,8
1761548400,203.878,203.931,203.788,203.916,5398,5
1761552000,203.916,204.077,203.916,203.971,5634,6
1761555600,203.966,204.044,203.759,203.816,7016,1
1761559200,203.817,203.838,203.556,203.746,8346,2
1761562800,203.745,203.786,203.537,203.65,9884,2
1761566400,203.651,203.849,203.541,203.847,8146,0
1761570000,203.847,203.944,203.817,203.866,6978,3
1761573600,203.865,203.877,203.637,203.734,8595,0
1761577200,203.732,204.054,203.645,204.007,8708,0
1761580800,204.007,204.241,203.961,204.163,10401,0
1761584400,204.162,204.223,203.959,203.963,10728,0
1761588000,203.964,204.12,203.849,204.046,9459,3
1761591600,204.046,204.074,203.936,204.016,6612,5
1761595200,204.017,204.16,203.993,204.081,6110,6
1761598800,204.081,204.099,203.738,203.824,5849,4
1761602400,203.825,203.905,203.776,203.895,4941,5
1761606000,203.895,203.956,203.835,203.861,2802,6
1761609600,203.844,203.866,203.72,203.72,613,51
1761613200,203.72,203.82,203.706,203.747,1432,10
1761616800,203.754,203.819,203.667,203.698,2587,5
1761620400,203.699,203.71,203.478,203.577,7162,4
1761624000,203.58,203.59,203.378,203.483,9170,4
1761627600,203.481,203.581,203.425,203.512,6391,3
1761631200,203.512,203.572,203.248,203.374,6529,2
1761634800,203.375,203.494,202.953,203.0,8085,1
1761638400,203.0,203.099,202.846,202.985,8330,3
1761642000,202.99,203.174,202.902,202.98,8222,0
1761645600,202.98,203.319,202.861,202.899,10870,2
1761649200,202.898,202.898,202.045,202.207,12463,2
1761652800,202.205,202.392,202.118,202.307,8906,1
1761656400,202.307,202.389,202.239,202.356,8231,3
1761660000,202.355,202.404,202.235,202.321,7964,0
1761663600,202.331,202.444,202.04,202.091,10757,2
1761667200,202.094,202.223,201.708,201.745,11664,0
1761670800,201.742,201.879,201.668,201.783,11743,1
1761674400,201.784,202.015,201.664,201.999,10083,0
1761678000,202.0,202.266,201.987,202.15,9871,0
1761681600,202.15,202.167,201.955,202.039,6737,3
1761685200,202.039,202.068,201.948,201.984,6000,5
1761688800,201.985,202.002,201.757,201.821,5119,2
1761692400,201.82,201.946,201.804,201.827,3208,7
1761696000,201.827,201.889,201.71,201.793,329,58
1761699600,201.735,201.967,201.712,201.949,1672,8
1761703200,201.951,201.968,201.459,201.477,3517,6
1761706800,201.479,201.648,201.13,201.246,10907,0
1761710400,201.246,201.514,201.148,201.471,9353,0
1761714000,201.471,201.717,201.467,201.58,6755,2
1761717600,201.581,201.582,201.369,201.505,6205,4
1761721200,201.505,201.57,201.392,201.513,5494,3
1761724800,201.515,201.954,201.476,201.655,7505,1
1761728400,201.655,201.752,201.211,201.232,7340,2
1761732000,201.231,201.328,200.987,201.148,9403,0
1761735600,201.148,201.301,201.107,201.211,8825,1
1761739200,201.218,201.389,201.135,201.248,8974,4
1761742800,201.252,201.397,201.191,201.235,6870,3
1761746400,201.235,201.425,201.191,201.227,7862,0
1761750000,201.225,201.284,200.904,201.009,8793,3
1761753600,201.01,201.052,200.567,200.732,10813,1
1761757200,200.732,201.13,200.711,201.104,11280,2
1761760800,201.103,201.346,201.024,201.149,10768,3
1761764400,201.144,201.46,201.143,201.257,9100,2
1761768000,201.248,201.425,201.172,201.309,7224,4
1761771600,201.329,201.559,200.989,201.128,18324,0
1761775200,201.133,201.625,201.047,201.625,15196,0
1761778800,201.625,201.658,201.404,201.497,7893,2
1761782400,201.497,201.497,201.136,201.405,693,41
1761786000,201.406,201.533,201.38,201.455,2240,10
1761789600,201.456,201.538,201.378,201.509,3528,7
1761793200,201.509,201.703,201.354,201.532,8977,0
1761796800,201.529,201.582,201.289,201.447,8310,1
1761800400,201.447,201.452,201.122,201.146,6644,3
1761804000,201.146,202.106,200.983,201.945,10160,1
1761807600,201.945,202.088,201.547,201.901,13506,0
1761811200,201.909,202.166,201.738,202.164,8141,5
1761814800,202.164,202.652,201.913,202.436,10812,1
1761818400,202.438,202.629,202.329,202.453,11603,2
1761822000,202.473,203.118,202.473,203.056,10020,0
1761825600,203.057,203.148,202.625,202.81,9209,0
1761829200,202.81,202.928,202.752,202.857,7451,0
1761832800,202.857,203.195,202.817,203.097,8437,1
1761836400,203.096,203.261,202.579,202.693,10818,2
1761840000,202.705,203.04,202.519,202.873,13337,0
1761843600,202.872,203.154,202.773,202.998,14587,0
1761847200,202.998,203.093,202.602,202.675,9897,2
1761850800,202.675,202.776,202.506,202.721,8376,0
1761854400,202.721,202.825,202.543,202.685,7061,3
1761858000,202.685,202.756,202.541,202.572,6515,4
1761861600,202.572,202.584,202.441,202.52,6161,4
1761865200,202.512,202.738,202.486,202.574,3052,0
1761868800,202.539,202.684,202.466,202.6,787,72
1761872400,202.6,202.728,202.537,202.697,1345,12
1761876000,202.697,202.746,202.448,202.516,3214,0
1761879600,202.516,202.692,202.441,202.51,6539,2
1761883200,202.509,202.558,202.18,202.336,7169,5
1761886800,202.336,202.41,202.261,202.401,5949,2
1761890400,202.395,202.611,202.38,202.585,4575,2
1761894000,202.585,202.609,202.463,202.528,4222,7
1761897600,202.527,202.565,202.311,202.391,5274,3
1761901200,202.388,202.765,202.377,202.653,6099,3
1761904800,202.653,202.877,202.511,202.839,8873,2
1761908400,202.839,202.921,202.68,202.69,8440,4
1761912000,202.69,202.768,202.468,202.585,6923,0
1761915600,202.595,202.626,202.345,202.382,6036,2
1761919200,202.382,202.483,202.184,202.312,7141,3
1761922800,202.308,202.34,201.855,202.016,9892,0
1761926400,202.018,202.147,201.924,202.047,10910,1
1761930000,202.05,202.132,201.844,202.043,10866,0
1761933600,202.043,202.426,201.955,202.386,11385,1
1761937200,202.387,202.467,202.282,202.322,9711,2
1761940800,202.322,202.449,202.289,202.345,6768,5
1761944400,202.345,202.479,202.302,202.46,5552,4
1761948000,202.46,202.547,202.417,202.44,4283,8
1761951600,202.437,202.577,202.427,202.517,3646,8
1762128000,202.191,202.43,202.185,202.404,750,61
1762131600,202.402,202.623,202.332,202.517,6810,0
1762135200,202.518,202.548,202.426,202.508,5387,4
1762138800,202.508,202.511,202.398,202.427,4676,4
1762142400,202.429,202.468,202.387,202.439,4692,7
1762146000,202.439,202.454,202.375,202.427,4716,7
1762149600,202.427,202.481,202.403,202.47,4155,2
1762153200,202.469,202.582,202.467,202.542,4513,2
1762156800,202.542,202.761,202.54,202.689,5043,5
1762160400,202.69,202.783,202.465,202.466,7227,5
1762164000,202.465,202.511,202.103,202.246,8164,0
1762167600,202.246,202.445,202.201,202.343,6379,3
1762171200,202.344,202.526,202.26,202.42,6567,3
1762174800,202.419,202.538,202.294,202.364,5513,0
1762178400,202.37,202.663,202.35,202.595,5426,0
1762182000,202.592,202.616,202.42,202.474,7273,0
1762185600,202.474,202.494,201.948,201.948,6938,0
1762189200,201.878,202.642,201.873,202.576,10368,0
1762192800,202.576,202.684,202.511,202.644,7589,0
1762196400,202.645,202.803,202.58,202.631,6492,5
1762200000,202.631,202.67,202.522,202.55,5255,0
1762203600,202.55,202.695,202.514,202.57,5758,2
1762207200,202.571,202.632,202.55,202.595,4215,5
1762210800,202.592,202.653,202.539,202.57,3183,7
1762214400,202.57,202.642,202.529,202.588,892,53
1762218000,202.55,202.614,202.522,202.544,2777,8
1762221600,202.545,202.624,202.364,202.559,6544,0
1762225200,202.558,202.676,202.501,202.548,6718,0
1762228800,202.548,202.563,202.229,202.229,4609,1
1762232400,202.229,202.419,202.209,202.276,3461,0
1762236000,202.275,202.28,201.984,202.178,4982,3
1762239600,202.18,202.195,201.683,201.714,6020,2
1762243200,201.714,201.77,201.442,201.589,7867,0
1762246800,201.589,201.6,201.292,201.518,8272,1
1762250400,201.519,201.537,200.985,201.146,11573,0
1762254000,201.153,201.239,200.378,200.486,8945,0
1762257600,200.488,200.835,200.315,200.749,6786,0
1762261200,200.751,200.796,200.479,200.539,6954,0
1762264800,200.539,200.662,200.402,200.596,6430,2
1762268400,200.594,200.612,200.248,200.287,7473,2
1762272000,200.283,200.419,200.007,200.254,8596,0
1762275600,200.254,200.371,200.058,200.103,11050,0
1762279200,200.102,200.337,200.025,200.283,9251,0
1762282800,200.277,200.317,200.053,200.106,6031,4
1762286400,200.105,200.105,199.939,199.986,3862,3
1762290000,199.985,200.084,199.872,199.948,5232,0
1762293600,199.949,200.145,199.912,199.997,5119,4
1762297200,199.997,200.092,199.938,199.938,3764,3
1762300800,199.925,200.176,199.925,200.139,1300,53
1762304400,200.143,200.146,199.913,199.924,2457,8
1762308000,199.923,200.178,199.479,199.506,8691,0
1762311600,199.506,199.542,199.063,199.347,10869,2
1762315200,199.359,199.604,199.257,199.548,7600,2
1762318800,199.55,199.914,199.548,199.868,6158,0
1762322400,199.868,199.933,199.751,199.919,4727,5
1762326000,199.919,200.078,199.841,199.91,4686,4
1762329600,199.903,200.277,199.827,200.195,5403,0
1762333200,200.194,200.202,199.865,200.041,6710,3
1762336800,200.043,200.44,199.989,200.224,8356,0
1762340400,200.224,200.409,200.134,200.398,7177,0
1762344000,200.403,200.464,200.085,200.096,7617,1
1762347600,200.096,200.244,199.983,200.244,5992,2
1762351200,200.246,200.55,200.198,200.46,7368,0
1762354800,200.46,200.728,200.432,200.563,9316,0
1762358400,200.565,200.699,200.51,200.699,9639,0
1762362000,200.723,201.235,200.675,201.231,13641,0
1762365600,201.232,201.238,201.02,201.102,8341,0
1762369200,201.106,201.106,200.867,200.893,4473,1
1762372800,200.893,201.07,200.826,201.059,4160,3
1762376400,201.056,201.08,200.964,201.06,4722,0
1762380000,201.069,201.145,201.058,201.131,2776,2
1762383600,201.131,201.173,201.021,201.021,3386,7
1762387200,201.02,201.096,200.993,201.039,628,50
1762390800,201.039,201.117,200.951,201.115,1402,6
1762394400,201.115,201.166,200.822,200.974,5261,0
1762398000,200.973,201.099,200.858,201.002,6961,3
1762401600,201.002,201.11,200.892,201.043,5223,2
1762405200,201.045,201.119,200.964,201.005,4988,2
1762408800,201.008,201.168,200.993,201.099,3962,7
1762412400,201.101,201.157,200.888,200.977,4616,4
1762416000,200.968,201.09,200.94,201.013,4753,2
1762419600,201.014,201.196,200.902,200.99,7567,2
1762423200,200.998,200.998,200.773,200.918,8352,0
1762426800,200.918,201.145,200.909,201.067,7060,1
1762430400,201.067,201.203,201.037,201.075,6274,0
1762434000,201.077,201.2,201.026,201.149,5159,0
1762437600,201.149,201.287,200.649,201.222,9656,0
1762441200,201.224,201.378,201.051,201.207,8771,0
1762444800,201.209,201.239,200.698,200.71,10204,0
1762448400,200.71,201.01,200.397,200.517,13193,0
1762452000,200.518,200.695,200.467,200.476,10329,0
1762455600,200.478,200.865,200.299,200.787,7933,0
1762459200,200.787,201.17,200.747,201.098,8233,1
1762462800,201.098,201.2,201.005,201.104,7585,1
1762466400,201.104,201.181,200.947,201.021,6575,2
1762470000,201.018,201.118,200.979,200.989,4261,5
1762473600,200.919,201.048,200.834,200.967,2584,63
1762477200,200.97,201.025,200.818,200.981,3075,6
1762480800,200.966,201.249,200.84,201.119,8917,0
1762484400,201.12,201.24,200.913,200.983,8471,3
1762488000,200.984,201.014,200.801,200.942,4449,0
1762491600,200.942,200.984,200.714,200.791,5556,5
1762495200,200.791,200.911,200.702,200.836,5458,2
1762498800,200.837,201.198,200.833,201.185,4523,5
1762502400,201.188,201.36,201.188,201.3,5994,4
1762506000,201.3,201.37,201.233,201.322,7037,1
1762509600,201.318,201.385,200.965,201.149,8565,1
1762513200,201.15,201.176,200.974,201.038,6919,0
1762516800,201.035,201.128,200.841,201.033,6490,4
1762520400,201.033,201.046,200.712,200.911,7288,0
1762524000,200.914,201.043,200.647,200.79,7208,0
1762527600,200.794,201.392,200.735,201.368,9262,0
1762531200,201.368,201.627,201.13,201.598,11891,0
1762534800,201.598,201.797,201.279,201.393,14791,0
1762538400,201.4,201.601,201.38,201.464,11147,0
1762542000,201.465,201.672,201.4,201.634,8811,1
1762545600,201.634,201.819,201.583,201.807,7313,1
1762549200,201.805,202.075,201.755,202.047,9097,2
1762552800,202.046,202.091,201.863,201.961,7069,0
1762556400,201.958,202.006,201.804,201.835,4137,2
1762732800,202.045,202.281,201.645,202.138,939,58
1762736400,202.114,202.309,202.045,202.142,5206,0
1762740000,202.139,202.271,201.775,202.237,10727,0
1762743600,202.235,202.371,202.194,202.302,9915,6
1762747200,202.301,202.359,202.221,202.341,7054,9
1762750800,202.342,202.455,202.327,202.374,7313,0
1762754400,202.373,202.413,202.271,202.384,6763,5
1762758000,202.386,202.61,202.365,202.505,7129,5
1762761600,202.506,202.612,202.376,202.408,7303,0
1762765200,202.418,202.741,202.413,202.674,9040,4
1762768800,202.68,203.124,202.575,203.101,10457,2
1762772400,203.101,203.203,203.027,203.075,9449,2
1762776000,203.076,203.082,202.82,202.874,7369,0
1762779600,202.875,203.093,202.815,203.073,7288,3
1762783200,203.073,203.199,203.064,203.143,7154,5
1762786800,203.141,203.233,202.889,202.969,8252,2
1762790400,202.968,202.973,202.674,202.859,9709,0
1762794000,202.86,202.942,202.505,202.506,11845,0
1762797600,202.507,202.655,202.464,202.593,10702,1
1762801200,202.594,202.932,202.568,202.886,7638,3
1762804800,202.891,202.987,202.849,202.955,6315,1
1762808400,202.955,203.073,202.93,203.037,5748,4
1762812000,203.038,203.105,203.007,203.031,5054,5
1762815600,203.031,203.102,202.936,202.936,3500,7
1762819200,202.849,203.001,202.785,202.895,1612,58
1762822800,202.895,203.069,202.893,203.041,2055,8
1762826400,203.041,203.175,202.998,203.148,7583,3
1762830000,203.151,203.276,203.127,203.159,8519,0
1762833600,203.159,203.275,203.089,203.195,6573,6
1762837200,203.193,203.196,203.081,203.135,7333,5
1762840800,203.133,203.227,203.112,203.147,5579,6
1762844400,203.148,203.148,202.92,202.92,6570,5
1762848000,202.921,203.138,202.805,202.837,6381,5
1762851600,202.83,202.847,202.322,202.384,9887,0
1762855200,202.384,202.667,202.382,202.592,9363,0
1762858800,202.592,202.673,202.481,202.618,8035,1
1762862400,202.615,202.68,202.516,202.651,7325,0
1762866000,202.653,202.852,202.573,202.814,6981,0
1762869600,202.815,202.854,202.614,202.645,7065,1
1762873200,202.643,202.721,202.449,202.538,12250,0
1762876800,202.538,202.996,202.491,202.976,10405,1
1762880400,202.976,203.043,202.676,202.823,12215,0
1762884000,202.825,202.931,202.748,202.861,9870,4
1762887600,202.861,203.047,202.814,202.977,7545,5
1762891200,202.977,203.057,202.943,203.038,6478,1
1762894800,203.038,203.058,202.898,202.927,6659,4
1762898400,202.927,202.982,202.837,202.84,5131,6
1762902000,202.841,202.871,202.669,202.676,3380,7
1762905600,202.637,202.7,202.543,202.608,1037,63
1762909200,202.596,202.738,202.576,202.636,2699,6
1762912800,202.64,202.801,202.601,202.763,6582,4
1762916400,202.763,202.857,202.712,202.746,7191,5
1762920000,202.763,202.919,202.75,202.784,4590,1
1762923600,202.783,202.82,202.678,202.801,4387,0
1762927200,202.801,203.178,202.777,203.166,5781,3
1762930800,203.171,203.261,203.045,203.072,4938,4
1762934400,203.185,203.2,203.126,203.147,609,29
1762938000,203.148,203.299,203.109,203.262,6306,4
1762941600,203.26,203.564,202.982,202.993,9881,0
1762945200,202.995,203.314,202.948,203.091,9602,0
1762948800,203.092,203.28,203.01,203.261,7845,1
1762952400,203.26,203.403,203.126,203.371,7341,1
1762956000,203.367,203.409,202.847,203.064,8631,0
1762959600,203.063,203.112,202.951,203.048,9768,0
1762963200,203.048,203.067,202.768,202.858,10348,0
1762966800,202.859,203.222,202.845,203.178,10162,0
1762970400,203.18,203.26,203.034,203.05,8669,0
1762974000,203.05,203.149,202.94,203.123,6321,0
1762977600,203.123,203.269,203.103,203.252,5703,4
1762981200,203.252,203.267,203.043,203.137,5166,3
1762984800,203.131,203.212,203.121,203.212,5141,5
1762988400,203.213,203.322,203.169,203.169,3539,4
1762992000,203.193,203.238,203.067,203.122,896,49
1762995600,203.108,203.199,203.053,203.094,3258,8
1762999200,203.094,203.265,203.048,203.243,8860,0
1763002800,203.243,203.324,203.025,203.066,9517,3
1763006400,203.056,203.079,202.964,202.982,7458,2
1763010000,202.982,203.134,202.967,203.102,6209,6
1763013600,203.102,203.199,202.998,203.172,6611,4
1763017200,203.172,203.31,203.167,203.255,7464,4
1763020800,203.251,203.308,203.207,203.241,7264,0
1763024400,203.234,203.452,202.965,203.304,9635,0
1763028000,203.309,203.539,203.023,203.461,10397,0
1763031600,203.46,203.496,203.035,203.29,11291,0
1763035200,203.29,203.521,203.264,203.472,8407,3
1763038800,203.469,203.589,203.367,203.447,8590,2
1763042400,203.448,203.823,203.409,203.779,9030,1
1763046000,203.78,203.805,203.579,203.65,10064,1
1763049600,203.652,203.8,203.377,203.506,12056,0
1763053200,203.503,203.695,203.365,203.517,13154,0
1763056800,203.515,204.005,203.44,203.988,12662,0
1763060400,203.987,204.068,203.738,203.874,11289,0
1763064000,203.875,203.94,203.658,203.778,9792,3
1763067600,203.779,203.841,203.645,203.748,9335,0
1763071200,203.742,203.858,203.714,203.761,8337,3
1763074800,203.761,203.862,203.721,203.721,3908,2
1763078400,203.721,203.942,203.382,203.394,1680,35
1763082000,203.403,203.591,203.115,203.384,4998,7
1763085600,203.385,203.543,203.152,203.27,8591,2
1763089200,203.27,203.339,203.028,203.124,7933,3
1763092800,203.124,203.256,203.063,203.085,6627,0
1763096400,203.085,203.206,203.005,203.15,6858,5
1763100000,203.15,203.166,202.97,202.972,5848,0
1763103600,202.972,203.129,202.931,203.111,7764,1
1763107200,203.109,203.323,203.041,203.205,8223,2
1763110800,203.203,203.429,202.866,203.35,10970,1
1763114400,203.349,203.956,202.636,203.49,13942,0
1763118000,203.494,203.817,203.323,203.486,8215,0
1763121600,203.486,203.583,203.294,203.361,7035,0
1763125200,203.361,203.366,203.0,203.187,8094,0
1763128800,203.193,203.208,202.697,202.712,12427,0
1763132400,202.71,202.899,202.339,202.889,13712,0
1763136000,202.89,203.145,202.723,203.091,14436,0
1763139600,203.092,203.114,202.664,202.906,15878,0
1763143200,202.913,203.502,202.811,203.428,11984,0
1763146800,203.427,203.602,203.377,203.522,10295,0
1763150400,203.517,203.574,203.27,203.434,9417,0
1763154000,203.43,203.502,203.326,203.47,9007,4
1763157600,203.471,203.513,203.384,203.484,5080,4
1763161200,203.483,203.609,203.467,203.487,2792,6
1763337600,203.238,203.49,203.218,203.437,1114,62
1763341200,203.435,203.51,203.355,203.422,4062,3
1763344800,203.422,203.458,203.129,203.438,8199,2
1763348400,203.438,203.527,203.342,203.351,8018,3
1763352000,203.35,203.468,203.321,203.442,5721,7
1763355600,203.442,203.531,203.298,203.367,3466,7
1763359200,203.367,203.391,203.274,203.354,3453,7
1763362800,203.351,203.411,203.282,203.305,5366,4
1763366400,203.303,203.412,203.289,203.383,6377,3
1763370000,203.382,203.851,203.379,203.806,7242,1
1763373600,203.812,203.902,203.614,203.676,9364,0
1763377200,203.676,203.827,203.573,203.721,7490,0
1763380800,203.721,203.846,203.618,203.678,7301,0
1763384400,203.678,204.029,203.617,204.022,7613,1
1763388000,204.021,204.209,203.963,204.082,6478,0
1763391600,204.082,204.249,204.01,204.033,7875,1
1763395200,204.032,204.148,203.964,204.096,9374,0
1763398800,204.098,204.516,204.073,204.504,11053,0
1763402400,204.505,204.521,204.208,204.521,8031,0
1763406000,204.523,204.524,204.325,204.34,6579,0
1763409600,204.341,204.367,204.149,204.163,7507,1
1763413200,204.163,204.218,204.017,204.088,7535,0
1763416800,204.087,204.226,204.035,204.191,6767,2
1763420400,204.194,204.261,204.153,204.153,3004,3
1763424000,204.153,204.212,204.07,204.128,1066,18
1763427600,204.114,204.278,204.087,204.27,3004,8
1763431200,204.271,204.3,204.045,204.138,8217,4
1763434800,204.138,204.241,204.074,204.101,9158,3
1763438400,204.101,204.2,204.068,204.12,7295,7
1763442000,204.119,204.123,204.014,204.036,8009,4
1763445600,204.037,204.089,203.691,204.088,11049,4
1763449200,204.088,204.152,204.002,204.098,8198,2
1763452800,204.098,204.161,203.835,204.043,10070,0
1763456400,204.05,204.079,203.772,203.822,12794,1
1763460000,203.822,204.299,203.804,204.082,12834,0
1763463600,204.085,204.271,204.002,204.168,10067,1
1763467200,204.172,204.353,204.052,204.345,8606,0
1763470800,204.343,204.356,204.185,204.241,7784,0
1763474400,204.241,204.271,204.072,204.105,10183,0
1763478000,204.11,204.222,203.893,204.114,11722,0
1763481600,204.112,204.48,204.066,204.245,12891,0
1763485200,204.245,204.342,203.984,204.092,15004,0
1763488800,204.091,204.409,204.046,204.404,13072,1
1763492400,204.404,204.597,204.343,204.591,9409,0
1763496000,204.591,204.743,204.561,204.642,8857,2
1763499600,204.642,204.671,204.542,204.589,6738,0
1763503200,204.589,204.592,204.444,204.461,7146,0
1763506800,204.46,204.51,204.341,204.341,4653,5
1763510400,204.341,204.489,204.291,204.447,912,41
1763514000,204.427,204.548,204.39,204.473,2758,9
1763517600,204.472,204.497,204.221,204.301,8101,0
1763521200,204.3,204.353,204.166,204.205,8885,1
1763524800,204.205,204.245,204.058,204.087,7959,6
1763528400,204.087,204.118,203.979,204.055,7188,0
1763532000,204.055,204.213,204.055,204.09,6738,5
1763535600,204.09,204.252,204.06,204.25,7320,1
1763539200,204.251,204.489,204.205,204.44,6372,2
1763542800,204.438,204.506,204.205,204.38,9341,0
1763546400,204.384,204.474,204.191,204.255,8824,0
1763550000,204.255,204.742,204.187,204.714,8950,0
1763553600,204.713,204.895,204.497,204.757,10527,0
1763557200,204.756,204.955,204.741,204.919,9061,0
1763560800,204.916,205.016,204.868,204.962,8108,5
1763564400,204.962,205.043,204.77,205.025,8357,0
1763568000,205.024,205.323,204.941,205.316,11336,0
1763571600,205.32,205.365,204.654,204.704,12912,0
1763575200,204.705,204.881,204.58,204.803,11839,0
1763578800,204.802,204.895,204.717,204.848,10759,0
1763582400,204.848,205.06,204.834,204.86,8841,5
1763586000,204.859,204.935,204.735,204.849,9663,3
1763589600,204.85,204.955,204.795,204.824,7722,2
1763593200,204.825,205.286,204.806,205.191,6124,0
1763596800,205.191,205.191,204.994,205.089,672,51
1763600400,205.089,205.165,204.978,205.035,3931,4
1763604000,205.034,205.159,204.799,205.051,8768,0
1763607600,205.051,205.388,204.961,205.371,7910,1
1763611200,205.371,205.401,205.217,205.328,6617,3
1763614800,205.334,205.429,205.176,205.374,5883,4
1763618400,205.374,205.571,205.25,205.538,5286,3
1763622000,205.536,205.717,205.514,205.655,5134,2
1763625600,205.655,206.041,205.617,206.039,6762,4
1763629200,206.037,206.037,205.646,205.784,9145,0
1763632800,205.784,205.878,205.296,205.316,9339,0
1763636400,205.316,205.58,205.316,205.573,8039,0
1763640000,205.573,205.835,205.546,205.741,7115,0
1763643600,205.741,205.822,205.614,205.782,6581,2
1763647200,205.782,206.018,205.763,205.904,7203,0
1763650800,205.904,206.459,205.667,206.348,14514,0
1763654400,206.348,206.857,206.321,206.664,15403,0
1763658000,206.662,206.812,206.441,206.473,12470,0
1763661600,206.474,206.486,205.835,205.86,15249,0
1763665200,205.86,206.058,205.645,205.838,16443,0
1763668800,205.839,206.201,205.79,205.882,12172,3
1763672400,205.881,206.175,205.83,206.168,7454,1
1763676000,206.168,206.214,205.92,205.946,8430,5
1763679600,205.946,205.958,205.801,205.832,4484,7
1763683200,205.787,205.878,205.717,205.77,829,60
1763686800,205.746,205.938,205.578,205.908,5366,1
1763690400,205.909,206.015,205.751,205.838,9770,3
1763694000,205.841,206.045,205.728,206.02,10412,2
1763697600,206.022,206.052,205.795,205.809,9086,1
1763701200,205.809,206.0,205.789,205.85,6958,1
1763704800,205.849,205.877,205.602,205.869,8880,3
1763708400,205.869,205.954,205.748,205.794,8179,3
1763712000,205.795,205.854,205.626,205.741,9519,2
1763715600,205.742,205.742,204.863,205.019,11167,0
1763719200,205.025,205.618,204.818,205.527,12805,0
1763722800,205.527,205.553,204.709,204.746,10708,0
1763726400,204.748,204.836,204.378,204.83,12622,0
1763730000,204.83,204.992,204.489,204.612,10449,0
1763733600,204.612,205.205,204.501,205.166,14815,0
1763737200,205.179,205.275,205.045,205.173,11596,0
1763740800,205.172,205.324,204.933,205.134,14022,0
1763744400,205.121,205.153,204.287,204.823,19067,0
1763748000,204.822,205.112,204.609,205.071,15074,0
1763751600,205.08,205.229,205.009,205.076,10501,0
1763755200,205.076,205.192,204.875,205.056,10679,0
1763758800,205.056,205.102,204.8,204.826,9157,0
1763762400,204.829,204.966,204.82,204.948,5307,5
1763766000,204.946,205.044,204.703,204.782,4844,0
1763942400,204.762,205.109,204.549,204.957,1278,96
1763946000,204.954,205.219,204.923,205.195,3359,6
1763949600,205.198,205.228,205.072,205.143,6928,4
1763953200,205.145,205.187,205.036,205.124,9311,5
1763956800,205.122,205.235,205.111,205.192,9485,5
1763960400,205.192,205.204,205.096,205.163,6093,3
1763964000,205.161,205.2,205.07,205.099,5994,4
1763967600,205.098,205.193,205.063,205.156,8017,2
1763971200,205.161,205.339,205.142,205.296,6888,3
1763974800,205.299,205.394,205.212,205.296,8118,4
1763978400,205.295,205.513,205.181,205.462,10463,0
1763982000,205.463,205.473,205.114,205.178,9627,1
1763985600,205.178,205.339,205.134,205.193,8634,0
1763989200,205.194,205.41,205.144,205.312,7675,0
1763992800,205.314,205.677,205.283,205.656,8836,0
1763996400,205.656,205.91,205.621,205.643,8893,0
1764000000,205.645,205.686,205.45,205.606,11564,0
1764003600,205.606,205.753,205.21,205.368,12839,0
1764007200,205.375,205.633,205.363,205.515,7914,1
1764010800,205.514,205.572,205.364,205.525,7343,0
1764014400,205.525,205.654,205.491,205.636,6394,3
1764018000,205.638,205.675,205.431,205.466,6213,4
1764021600,205.464,205.599,205.464,205.585,5637,2
1764025200,205.583,205.658,205.536,205.536,3572,7
1764028800,205.456,205.628,205.419,205.604,1350,46
1764032400,205.607,205.704,205.577,205.635,3152,7
1764036000,205.631,205.689,205.355,205.382,7372,0
1764039600,205.382,205.519,205.308,205.332,8236,3
1764043200,205.332,205.466,205.295,205.439,6830,0
1764046800,205.437,205.447,205.334,205.372,6560,6
1764050400,205.374,205.435,205.342,205.38,4639,7
1764054000,205.378,205.462,205.241,205.346,5914,2
1764057600,205.345,205.427,205.265,205.309,6132,3
1764061200,205.32,205.56,205.316,205.507,8609,1
1764064800,205.507,205.607,205.118,205.154,10264,1
1764068400,205.154,205.299,204.998,205.297,9872,0
1764072000,205.297,205.344,205.191,205.276,8109,0
1764075600,205.278,205.375,205.081,205.123,7564,0
1764079200,205.123,205.561,205.026,205.294,10376,0
1764082800,205.294,205.5,205.21,205.386,12374,0
1764086400,205.386,205.884,205.347,205.651,12658,0
1764090000,205.652,205.796,205.508,205.746,13654,0
1764093600,205.747,205.929,205.683,205.883,9547,0
1764097200,205.882,205.952,205.625,205.797,11541,0
1764100800,205.795,205.989,205.79,205.891,8627,3
1764104400,205.891,205.952,205.806,205.873,5779,1
1764108000,205.872,205.954,205.398,205.453,8531,0
1764111600,205.452,205.563,205.312,205.326,4392,4
1764115200,205.247,205.504,205.198,205.434,790,58
1764118800,205.434,205.614,205.352,205.524,3188,7
1764122400,205.523,205.784,205.499,205.765,7622,3
1764126000,205.766,205.973,205.392,205.511,11751,0
1764129600,205.511,205.618,205.335,205.517,9679,4
1764133200,205.516,205.731,205.458,205.699,7000,0
1764136800,205.701,205.914,205.7,205.768,5925,3
1764140400,205.77,205.977,205.764,205.936,6782,0
1764144000,205.937,206.097,205.904,206.015,7577,0
1764147600,206.015,206.127,205.916,206.1,9791,2
1764151200,206.1,206.251,206.004,206.093,10604,0
1764154800,206.093,206.148,205.954,206.112,8892,0
1764158400,206.112,206.117,205.795,205.949,8139,0
1764162000,205.949,206.448,205.841,206.115,10104,0
1764165600,206.106,206.365,205.502,206.297,12115,0
1764169200,206.297,206.844,206.223,206.677,13461,0
1764172800,206.68,206.81,206.522,206.701,11573,0
1764176400,206.696,207.066,206.648,206.869,12503,0
1764180000,206.869,207.064,206.766,206.828,9164,0
1764183600,206.827,206.923,206.772,206.861,6725,0
1764187200,206.861,207.074,206.781,207.065,6489,1
1764190800,207.059,207.108,206.999,207.06,4643,0
1764194400,207.061,207.134,207.021,207.072,4527,0
1764198000,207.071,207.209,207.053,207.13,3463,4
1764201600,207.13,207.13,206.933,207.049,915,58
1764205200,207.049,207.115,206.904,206.908,3246,7
1764208800,206.906,206.926,206.511,206.718,6802,2
1764212400,206.718,206.99,206.429,206.873,9313,0
1764216000,206.873,207.052,206.763,206.874,7151,0
1764219600,206.874,206.932,206.766,206.891,5789,5
1764223200,206.891,206.996,206.76,206.812,5189,0
1764226800,206.812,206.86,206.647,206.816,7209,1
1764230400,206.82,206.996,206.741,206.771,7118,0
1764234000,206.77,206.893,206.664,206.669,6517,0
1764237600,206.67,206.769,206.514,206.703,7765,0
1764241200,206.703,206.73,206.497,206.601,7215,1
1764244800,206.601,206.734,206.548,206.668,5726,1
1764248400,206.668,206.833,206.621,206.792,5973,1
1764252000,206.794,206.959,206.724,206.935,5981,1
1764255600,206.933,207.07,206.842,206.942,7176,2
1764259200,206.944,206.968,206.846,206.879,5998,1
1764262800,206.878,207.153,206.851,207.119,6277,2
1764266400,207.119,207.193,206.922,206.963,3987,0
1764270000,206.971,207.026,206.868,206.947,3221,4
1764273600,206.947,206.994,206.91,206.936,2098,5
1764277200,206.936,206.972,206.931,206.941,2058,4
1764280800,206.941,206.944,206.862,206.913,3722,4
1764284400,206.913,206.954,206.877,206.878,1891,3
1764288000,206.878,206.914,206.758,206.82,733,75
1764291600,206.786,206.955,206.751,206.924,2223,10
1764295200,206.924,207.203,206.825,207.072,9671,0
1764298800,207.072,207.111,206.886,206.927,8430,1
1764302400,206.927,206.957,206.614,206.846,12838,0
1764306000,206.837,206.958,206.568,206.845,6983,14
1764309600,206.845,206.886,206.71,206.817,13755,12
1764313200,206.817,206.987,206.766,206.884,14198,4
1764316800,206.894,206.947,206.667,206.679,13692,0
1764320400,206.677,206.743,206.469,206.517,15919,0
1764324000,206.52,206.601,206.379,206.425,16128,0
1764327600,206.425,206.699,206.331,206.465,16818,1
1764331200,206.466,206.568,206.358,206.389,13788,5
1764334800,206.379,206.442,206.149,206.211,14927,7
1764338400,206.212,206.393,206.186,206.341,16944,0
1764342000,206.341,206.476,206.259,206.344,16604,0
1764345600,206.344,206.806,206.315,206.715,11518,0
1764349200,206.715,206.835,206.35,206.758,13951,0
1764352800,206.758,206.887,206.655,206.71,10511,0
1764356400,206.71,206.799,206.627,206.77,8818,1
1764360000,206.771,206.794,206.606,206.683,8599,0
1764363600,206.683,206.792,206.641,206.791,6532,2
1764367200,206.791,206.806,206.699,206.77,3931,6
1764370800,206.768,206.817,206.515,206.549,5796,11
1764547200,206.274,206.538,206.205,206.472,2560,63
1764550800,206.442,206.757,206.361,206.406,5838,4
1764554400,206.406,206.423,206.114,206.236,10412,0
1764558000,206.236,206.388,205.891,206.027,12325,0
1764561600,206.027,206.044,205.574,205.686,8805,0
1764565200,205.685,205.756,205.572,205.683,6455,6
1764568800,205.682,205.83,205.606,205.739,6542,1
1764572400,205.74,205.821,205.59,205.709,7929,4
1764576000,205.709,205.818,205.557,205.587,7688,1
1764579600,205.586,205.678,205.339,205.389,9523,1
1764583200,205.41,205.592,205.238,205.407,12017,0
1764586800,205.409,205.588,205.389,205.486,10136,0
1764590400,205.488,205.489,205.238,205.368,9306,2
1764594000,205.369,205.47,205.207,205.26,8599,1
1764597600,205.26,205.436,205.243,205.36,10122,0
1764601200,205.359,205.465,205.257,205.411,12436,2
1764604800,205.411,205.501,205.197,205.371,12799,0
1764608400,205.366,205.568,205.252,205.531,13278,0
1764612000,205.531,205.626,205.319,205.393,11089,0
1764615600,205.394,205.509,205.387,205.444,8563,0
1764619200,205.444,205.526,205.372,205.485,7238,4
1764622800,205.483,205.489,205.374,205.424,6561,2
1764626400,205.427,205.469,205.372,205.39,4568,3
1764630000,205.389,205.475,205.345,205.377,2954,4
1764633600,205.36,205.452,205.299,205.334,588,35
1764637200,205.334,205.497,205.323,205.473,2625,9
1764640800,205.474,205.599,205.382,205.539,6462,4
1764644400,205.539,205.699,205.538,205.616,6175,6
1764648000,205.616,205.774,205.549,205.715,4026,4
1764651600,205.715,205.759,205.594,205.694,5241,5
1764655200,205.695,205.769,205.65,205.689,4279,6
1764658800,205.689,205.761,205.662,205.681,4939,3
1764662400,205.677,205.867,205.672,205.804,6286,4
1764666000,205.803,205.953,205.718,205.844,6973,1
1764669600,205.844,206.127,205.789,206.092,9492,2
1764673200,206.087,206.253,205.991,206.033,8267,0
1764676800,206.032,206.037,205.678,205.894,8316,0
1764680400,205.894,205.901,205.727,205.795,6795,3
1764684000,205.795,206.096,205.755,206.072,7939,1
1764687600,206.072,206.115,205.927,205.989,7751,0
1764691200,205.988,206.174,205.947,206.022,10638,0
1764694800,206.022,206.194,205.762,205.763,12317,0
1764698400,205.763,205.86,205.477,205.558,10447,0
1764702000,205.557,205.874,205.544,205.75,7542,0
1764705600,205.75,205.898,205.682,205.873,6570,0
1764709200,205.873,205.942,205.81,205.934,5680,2
1764712800,205.934,205.941,205.829,205.88,5153,2
1764716400,205.88,206.003,205.821,205.821,2922,4
1764720000,205.821,205.936,205.613,205.788,736,55
1764723600,205.784,206.007,205.771,205.912,2402,7
1764727200,205.913,205.994,205.784,205.962,5965,2
1764730800,205.962,206.009,205.796,205.88,6956,5
1764734400,205.88,206.069,205.872,205.996,5582,3
1764738000,205.996,206.03,205.886,205.913,5174,7
1764741600,205.913,206.02,205.91,205.964,5116,5
1764745200,205.964,206.104,205.937,206.084,5441,7
1764748800,206.084,206.086,205.906,206.063,6918,4
1764752400,206.064,206.202,206.013,206.169,8125,1
1764756000,206.174,206.477,206.099,206.406,8965,0
1764759600,206.406,206.687,206.296,206.64,9324,1
1764763200,206.639,206.742,206.504,206.59,8396,2
1764766800,206.592,206.674,206.439,206.646,7116,0
1764770400,206.646,206.724,206.59,206.69,6990,0
1764774000,206.69,206.891,206.653,206.788,11290,0
1764777600,206.788,206.934,206.451,206.868,13830,0
1764781200,206.845,207.074,206.782,206.918,14782,0
1764784800,206.917,207.03,206.727,206.867,10454,0
1764788400,206.868,207.081,206.81,206.978,7253,0
1764792000,206.978,207.139,206.912,207.059,6766,0
1764795600,207.057,207.142,207.025,207.136,4491,2
1764799200,207.136,207.251,207.1,207.203,3587,4
1764802800,207.203,207.337,207.2,207.255,2358,4
1764806400,207.255,207.255,207.066,207.173,585,71
1764810000,207.173,207.253,206.968,207.032,1884,8
1764813600,207.03,207.098,206.874,206.921,5185,3
1764817200,206.921,207.24,206.892,207.113,5744,3
1764820800,207.113,207.278,207.103,207.264,4622,7
1764824400,207.262,207.325,207.139,207.164,4214,5
1764828000,207.16,207.262,207.086,207.254,2778,9
1764831600,207.254,207.352,206.984,207.037,5539,0
1764835200,207.034,207.282,206.998,207.126,4580,5
1764838800,207.126,207.211,206.95,207.037,6001,3
1764842400,207.038,207.057,206.556,206.792,9459,0
1764846000,206.792,206.858,206.574,206.609,6877,0
1764849600,206.609,206.738,206.466,206.5,5766,0
1764853200,206.5,206.576,206.345,206.45,6344,0
1764856800,206.45,206.537,206.365,206.463,8214,0
1764860400,206.463,206.638,206.364,206.539,11311,0
1764864000,206.539,206.941,206.494,206.916,12686,0
1764867600,206.916,207.019,206.71,206.787,11387,0
1764871200,206.787,206.871,206.618,206.836,9310,1
1764874800,206.836,206.849,206.69,206.734,6498,0
1764878400,206.734,206.839,206.665,206.798,6045,1
1764882000,206.798,206.843,206.69,206.791,6678,1
1764885600,206.79,206.799,206.69,206.731,7252,1
1764889200,206.731,206.767,206.614,206.614,3025,7
1764892800,206.614,206.654,206.468,206.562,3437,38
1764896400,206.601,206.734,206.6,206.667,2463,4
1764900000,206.667,206.804,206.541,206.567,6243,7
1764903600,206.567,206.746,206.518,206.682,6386,5
1764907200,206.683,206.769,206.662,206.715,5553,5
1764910800,206.715,206.782,206.674,206.726,3708,2
1764914400,206.728,206.76,206.444,206.602,6114,0
1764918000,206.602,206.607,206.23,206.311,6058,4
1764921600,206.311,206.436,206.217,206.328,6528,1
1764925200,206.329,206.497,206.188,206.472,9617,0
1764928800,206.472,206.793,206.389,206.73,9643,0
1764932400,206.73,206.856,206.689,206.743,6868,4
1764936000,206.744,206.963,206.727,206.915,7524,0
1764939600,206.914,206.975,206.817,206.963,6332,1
1764943200,206.963,207.131,206.945,207.131,8112,1
1764946800,207.131,207.25,207.052,207.197,9556,0
1764950400,207.197,207.29,207.069,207.136,10527,1
1764954000,207.137,207.291,207.106,207.144,10813,0
1764957600,207.143,207.163,206.872,206.889,10866,0
1764961200,206.887,207.013,206.839,207.006,7392,0
1764964800,207.006,207.122,206.991,207.046,5801,4
1764968400,207.047,207.099,206.988,207.06,5523,0
1764972000,207.059,207.092,206.96,207.062,3698,5
1764975600,207.062,207.132,207.016,207.086,3088,5
1765152000,206.732,206.886,206.64,206.85,1024,95
1765155600,206.849,207.039,206.81,206.962,5225,7
1765159200,206.957,206.972,206.744,206.76,6338,5
1765162800,206.76,206.848,206.595,206.595,6717,0
1765166400,206.596,206.793,206.584,206.791,5671,5
1765170000,206.793,206.871,206.754,206.863,4508,8
1765173600,206.863,206.917,206.827,206.874,4818,6
1765177200,206.874,207.099,206.872,206.989,5220,5
1765180800,206.99,207.098,206.877,206.943,7249,4
1765184400,206.943,207.018,206.865,207.013,7530,1
1765188000,207.012,207.136,206.942,207.098,8242,2
1765191600,207.096,207.183,206.996,207.044,7713,2
1765195200,207.043,207.191,207.043,207.115,6337,3
1765198800,207.115,207.231,207.056,207.203,7164,0
1765202400,207.204,207.313,207.138,207.2,6711,0
1765206000,207.193,207.326,207.166,207.307,8731,0
1765209600,207.309,207.668,207.225,207.66,12038,0
1765213200,207.667,207.698,207.434,207.47,11355,0
1765216800,207.47,207.72,207.412,207.629,9218,0
1765220400,207.631,207.647,207.42,207.513,7506,3
1765224000,207.511,207.588,207.484,207.527,5878,0
1765227600,207.524,207.784,207.51,207.772,6174,3
1765231200,207.764,207.792,207.718,207.782,3683,2
1765234800,207.784,207.803,207.493,207.493,2579,4
1765238400,207.517,207.711,207.513,207.67,1203,44
1765242000,207.667,207.797,207.616,207.697,2223,9
1765245600,207.699,207.841,207.592,207.827,6443,2
1765249200,207.827,207.843,207.659,207.719,7237,4
1765252800,207.72,207.784,207.649,207.743,5774,3
1765256400,207.743,207.782,207.663,207.682,5602,4
1765260000,207.682,207.896,207.669,207.863,5811,3
1765263600,207.862,208.069,207.847,208.008,6882,2
1765267200,208.008,208.098,207.915,207.971,7505,4
1765270800,207.971,208.22,207.938,208.183,7110,2
1765274400,208.183,208.712,208.173,208.611,8993,1
1765278000,208.611,208.611,208.204,208.33,9553,3
1765281600,208.326,208.432,208.048,208.151,8356,0
1765285200,208.153,208.219,208.022,208.182,7702,4
1765288800,208.183,208.267,208.116,208.261,8026,0
1765292400,208.26,208.383,208.144,208.156,9951,0
1765296000,208.154,208.33,208.141,208.266,11955,0
1765299600,208.264,208.622,208.182,208.58,12822,0
1765303200,208.578,208.943,208.563,208.897,9181,3
1765306800,208.897,208.932,208.62,208.66,7054,0
1765310400,208.66,208.715,208.553,208.688,6054,3
1765314000,208.688,208.722,208.581,208.614,6147,2
1765317600,208.612,208.704,208.612,208.681,4303,4
1765321200,208.683,208.77,208.436,208.436,3759,5
1765324800,208.454,208.664,208.22,208.568,1053,34
1765328400,208.565,208.695,208.563,208.591,2306,8
1765332000,208.59,208.721,208.465,208.485,6189,0
1765335600,208.484,208.504,208.361,208.396,5735,4
1765339200,208.395,208.446,208.301,208.336,5246,5
1765342800,208.338,208.388,208.23,208.303,4665,6
1765346400,208.304,208.438,208.303,208.393,3924,7
1765350000,208.392,208.554,208.347,208.527,5167,1
1765353600,208.527,208.639,208.521,208.589,5383,3
1765357200,208.588,208.779,208.561,208.724,6382,4
1765360800,208.719,208.742,208.586,208.664,8456,3
1765364400,208.664,208.869,208.619,208.77,7640,2
1765368000,208.77,208.782,208.602,208.711,7861,0
1765371600,208.711,208.75,208.499,208.583,7160,1
1765375200,208.583,208.687,208.551,208.646,6757,1
1765378800,208.646,208.712,208.474,208.685,8555,0
1765382400,208.686,208.769,208.521,208.607,9439,2
1765386000,208.603,208.617,208.345,208.436,9391,2
1765389600,208.44,208.596,208.332,208.519,8290,2
1765393200,208.518,208.617,208.469,208.596,6706,0
1765396800,208.596,208.667,208.52,208.585,6954,0
1765400400,208.564,208.878,208.398,208.842,15553,0
1765404000,208.839,208.863,208.545,208.714,12525,0
1765407600,208.714,208.884,208.572,208.572,5026,4
1765411200,208.572,208.736,208.458,208.693,981,62
1765414800,208.71,208.805,208.368,208.524,3838,5
1765418400,208.523,208.553,208.304,208.426,7854,0
1765422000,208.419,208.476,208.251,208.373,7013,2
1765425600,208.372,208.398,208.022,208.276,7553,2
1765429200,208.274,208.295,208.066,208.115,7647,3
1765432800,208.115,208.355,208.021,208.346,6466,6
1765436400,208.347,208.551,208.342,208.526,5893,3
1765440000,208.523,208.635,208.463,208.512,6412,4
1765443600,208.512,208.649,208.469,208.611,8152,0
1765447200,208.61,208.63,208.324,208.364,9292,0
1765450800,208.362,208.454,208.202,208.414,9062,3
1765454400,208.414,208.597,208.321,208.518,7815,4
1765458000,208.525,208.588,208.386,208.495,7639,2
1765461600,208.494,208.516,208.223,208.312,8409,3
1765465200,208.316,208.37,208.096,208.19,11606,0
1765468800,208.19,208.228,207.923,207.945,10896,0
1765472400,207.943,208.472,207.899,208.453,11645,0
1765476000,208.449,208.473,208.282,208.29,10416,0
1765479600,208.289,208.463,208.205,208.346,8094,0
1765483200,208.345,208.485,208.313,208.386,6522,4
1765486800,208.387,208.473,208.286,208.343,6416,4
1765490400,208.343,208.396,208.271,208.394,6672,1
1765494000,208.393,208.433,208.214,208.214,3614,5
1765497600,208.214,208.316,208.116,208.267,1126,45
1765501200,208.265,208.365,208.172,208.243,2808,3
1765504800,208.238,208.573,208.219,208.524,9144,0
1765508400,208.525,208.592,208.375,208.467,6735,0
1765512000,208.467,208.556,208.455,208.464,5774,5
1765515600,208.464,208.544,208.421,208.507,4221,1
1765519200,208.507,208.593,208.5,208.517,4092,3
1765522800,208.516,208.623,208.51,208.623,4576,2
1765526400,208.623,208.721,208.446,208.446,5976,4
1765530000,208.393,208.444,208.222,208.323,7071,0
1765533600,208.321,208.535,208.251,208.487,8636,3
1765537200,208.491,208.664,208.384,208.622,7660,4
1765540800,208.627,208.671,208.482,208.55,5550,2
1765544400,208.548,208.615,208.479,208.531,5121,0
1765548000,208.531,208.711,208.373,208.667,7217,0
1765551600,208.668,208.746,208.502,208.624,7975,0
1765555200,208.62,208.665,208.419,208.484,10296,0
1765558800,208.486,208.545,208.149,208.177,12737,0
1765562400,208.177,208.205,207.877,207.984,12986,0
1765566000,207.983,208.36,207.969,208.323,8607,4
1765569600,208.316,208.402,208.136,208.136,7234,3
1765573200,208.136,208.382,208.127,208.37,5966,5
1765576800,208.373,208.43,208.272,208.35,5958,0
1765580400,208.35,208.369,208.25,208.329,2519,5
1765756800,208.354,208.423,208.156,208.251,1888,78
1765760400,208.259,208.379,208.205,208.353,3169,0
1765764000,208.354,208.445,208.277,208.364,5173,1
1765767600,208.364,208.364,208.092,208.11,5297,0
1765771200,208.108,208.143,207.729,207.778,7149,3
1765774800,207.779,207.787,207.558,207.589,4847,4
1765778400,207.589,207.589,207.313,207.384,4258,2
1765782000,207.384,207.384,207.155,207.185,4831,3
1765785600,207.185,207.359,207.089,207.298,6068,6
1765789200,207.298,207.494,207.288,207.483,7801,1
1765792800,207.481,207.535,207.318,207.454,7921,3
1765796400,207.448,207.493,207.333,207.46,7254,2
1765800000,207.461,207.566,207.414,207.501,6007,3
1765803600,207.5,207.571,207.296,207.336,5079,2
1765807200,207.337,207.653,207.32,207.65,6164,0
1765810800,207.648,207.734,207.519,207.721,7021,4
1765814400,207.716,207.739,207.468,207.53,10131,0
1765818000,207.527,207.829,207.359,207.817,12481,0
1765821600,207.819,207.886,207.694,207.769,10106,1
1765825200,207.769,207.799,207.559,207.607,6100,1
1765828800,207.606,207.696,207.559,207.647,5352,2
1765832400,207.646,207.681,207.538,207.593,4350,5
1765836000,207.593,207.648,207.569,207.626,3901,5
1765839600,207.627,207.65,207.434,207.434,3113,6
1765843200,207.434,207.604,207.337,207.555,1933,54
1765846800,207.528,207.585,207.369,207.417,2905,13
1765850400,207.417,207.432,207.075,207.234,9737,2
1765854000,207.235,207.32,206.986,207.014,9860,2
1765857600,207.013,207.108,206.895,206.924,8572,6
1765861200,206.924,207.062,206.841,207.017,8166,4
1765864800,207.017,207.051,206.904,206.953,5866,3
1765868400,206.954,206.96,206.77,206.897,7094,5
1765872000,206.894,207.007,206.847,206.974,5100,3
1765875600,206.974,207.202,206.967,207.156,7302,1
1765879200,207.157,207.431,207.139,207.404,9628,2
1765882800,207.394,207.733,207.362,207.633,8235,0
1765886400,207.633,207.939,207.518,207.88,7493,0
1765890000,207.88,207.938,207.743,207.922,6246,3
1765893600,207.922,207.959,207.664,207.736,7394,2
1765897200,207.739,207.929,207.619,207.711,15205,0
1765900800,207.711,207.998,207.623,207.826,13126,0
1765904400,207.83,207.861,207.191,207.639,14661,1
1765908000,207.64,207.935,207.636,207.857,11975,0
1765911600,207.855,207.959,207.625,207.635,9459,1
1765915200,207.635,207.743,207.536,207.743,7781,0
1765918800,207.744,207.745,207.514,207.65,8826,0
1765922400,207.654,207.881,207.589,207.813,7260,3
1765926000,207.813,207.84,207.519,207.519,3817,3
1765929600,207.519,207.738,207.497,207.64,1723,43
1765933200,207.648,207.825,207.645,207.782,2301,5
1765936800,207.782,207.876,207.434,207.459,7124,2
1765940400,207.464,207.662,207.405,207.639,8022,4
1765944000,207.64,207.865,207.639,207.842,7032,4
1765947600,207.843,207.859,207.662,207.697,4837,3
1765951200,207.697,207.839,207.656,207.796,5793,4
1765954800,207.798,207.799,207.543,207.642,6937,0
1765958400,207.642,207.988,207.632,207.816,6572,0
1765962000,207.815,207.827,207.087,207.173,11437,1
1765965600,207.176,207.256,207.054,207.243,9152,1
1765969200,207.241,207.35,207.196,207.256,8506,3
1765972800,207.256,207.313,207.141,207.307,7324,6
1765976400,207.307,207.341,207.23,207.298,6984,5
1765980000,207.297,207.509,207.267,207.489,7121,3
1765983600,207.489,207.664,207.45,207.603,10461,1
1765987200,207.603,207.809,207.578,207.77,11022,0
1765990800,207.772,208.261,207.682,208.213,13106,0
1765994400,208.212,208.381,208.147,208.331,11800,0
1765998000,208.33,208.374,208.174,208.21,7955,2
1766001600,208.21,208.29,208.152,208.184,8367,5
1766005200,208.184,208.264,208.136,208.201,7185,3
1766008800,208.201,208.404,208.164,208.301,6018,3
1766012400,208.301,208.344,208.001,208.001,3352,2
1766016000,208.001,208.19,208.001,208.135,1606,49
1766019600,208.14,208.184,207.919,207.939,2774,8
1766023200,207.939,208.011,207.861,207.967,6531,2
1766026800,207.963,208.198,207.921,208.178,7191,2
1766030400,208.185,208.258,208.109,208.258,5451,4
1766034000,208.258,208.269,208.104,208.167,5061,6
1766037600,208.166,208.209,208.094,208.191,4402,5
1766041200,208.193,208.411,208.176,208.306,5180,6
1766044800,208.306,208.416,208.251,208.39,5635,2
1766048400,208.389,208.553,208.282,208.406,7575,1
1766052000,208.408,208.456,208.125,208.209,7923,3
1766055600,208.208,208.211,207.967,208.135,7987,0
1766059200,208.136,208.168,208.077,208.106,6229,5
1766062800,208.107,208.147,207.978,208.025,6253,1
1766066400,208.025,208.739,207.869,208.722,10645,0
1766070000,208.725,208.989,208.471,208.92,14966,0
1766073600,208.915,209.01,208.34,208.595,15732,0
1766077200,208.596,208.614,208.301,208.318,13523,0
1766080800,208.321,208.437,208.138,208.197,10890,1
1766084400,208.195,208.3,208.094,208.257,10192,4
1766088000,208.257,208.371,208.154,208.251,7106,5
1766091600,208.255,208.316,208.134,208.171,8026,5
1766095200,208.171,208.278,208.169,208.173,5652,5
1766098800,208.176,208.251,207.916,207.916,3384,6
1766102400,207.916,208.127,207.861,208.07,345,95
1766106000,208.07,208.301,208.068,208.213,3022,5
1766109600,208.213,208.503,208.206,208.468,6843,1
1766113200,208.468,208.498,208.332,208.409,6697,3
1766116800,208.409,208.517,208.35,208.486,6109,1
1766120400,208.488,208.848,208.206,208.515,9161,3
1766124000,208.515,208.705,208.36,208.693,7751,2
1766127600,208.694,208.717,208.486,208.647,6775,2
1766131200,208.649,209.178,208.527,208.789,8885,2
1766134800,208.783,209.49,208.713,209.49,11036,0
1766138400,209.489,209.921,209.463,209.879,10975,0
1766142000,209.884,210.385,209.768,210.366,9601,0
1766145600,210.371,210.596,210.273,210.503,8601,2
1766149200,210.503,210.519,210.289,210.378,8358,2
1766152800,210.384,210.42,210.204,210.277,7831,4
1766156400,210.278,210.395,210.161,210.376,11047,0
1766160000,210.376,210.514,210.023,210.45,13428,0
1766163600,210.449,210.571,210.25,210.406,12831,1
1766167200,210.406,210.645,210.344,210.595,9681,2
1766170800,210.595,210.796,210.565,210.608,8008,1
1766174400,210.609,210.868,210.589,210.858,7387,2
1766178000,210.86,210.97,210.794,210.933,7441,3
1766181600,210.931,210.964,210.856,210.893,5660,4
1766185200,210.892,211.038,210.866,210.896,3545,8
1766361600,210.935,210.935,210.527,210.604,2711,85
1766365200,210.592,210.987,210.571,210.863,5928,0
1766368800,210.863,211.019,210.779,210.957,10349,0
1766372400,210.957,211.016,210.631,210.705,11372,0
1766376000,210.706,210.842,210.622,210.825,4927,5
1766379600,210.824,210.922,210.673,210.709,5368,6
1766383200,210.709,210.805,210.706,210.777,3788,7
1766386800,210.776,210.881,210.742,210.816,4595,6
1766390400,210.817,210.862,210.682,210.746,5025,5
1766394000,210.746,211.367,210.723,211.249,6390,0
1766397600,211.25,211.424,211.105,211.424,7212,1
1766401200,211.42,211.459,211.188,211.373,6534,3
1766404800,211.373,211.53,211.343,211.456,5948,0
1766408400,211.459,211.555,211.379,211.537,5440,0
1766412000,211.537,211.589,211.353,211.438,6925,0
1766415600,211.438,211.438,210.85,211.22,10338,0
1766419200,211.22,211.256,211.047,211.192,10473,0
1766422800,211.193,211.302,211.113,211.191,10331,0
1766426400,211.188,211.289,211.026,211.167,8767,0
1766430000,211.166,211.325,211.135,211.278,6724,0
1766433600,211.278,211.338,211.206,211.277,5506,0
1766437200,211.277,211.342,211.137,211.157,5551,5
1766440800,211.16,211.294,211.16,211.266,4280,5
1766444400,211.268,211.407,211.251,211.371,2725,6
1766448000,211.371,211.371,210.822,211.325,1885,53
1766451600,211.252,211.38,211.142,211.278,2939,5
1766455200,211.278,211.301,210.918,210.933,5323,7
1766458800,210.927,210.966,210.781,210.801,6252,6
1766462400,210.799,210.883,210.66,210.745,4285,5
1766466000,210.744,210.762,210.624,210.626,5625,7
1766469600,210.626,210.626,210.331,210.345,5390,5
1766473200,210.342,210.487,210.285,210.382,4930,4
1766476800,210.382,210.522,210.334,210.396,5433,4
1766480400,210.399,210.689,210.367,210.67,7000,2
1766484000,210.668,210.81,210.585,210.638,7854,0
1766487600,210.638,210.66,210.3,210.586,9635,1
1766491200,210.585,210.68,210.434,210.678,7684,1
1766494800,210.677,210.712,210.516,210.562,5262,2
1766498400,210.562,210.66,210.493,210.61,6233,4
1766502000,210.61,211.031,210.565,210.915,10018,0
1766505600,210.915,211.151,210.799,210.845,10507,4
1766509200,210.826,210.882,210.573,210.813,10716,0
1766512800,210.815,210.816,210.706,210.757,6611,2
1766516400,210.757,210.762,210.507,210.524,4988,5
1766520000,210.524,210.719,210.523,210.686,4943,8
1766523600,210.686,210.782,210.668,210.757,5385,7
1766527200,210.757,210.945,210.732,210.932,4178,6
1766530800,210.932,211.213,210.93,211.011,2928,6
1766534400,211.042,211.072,210.681,210.822,543,63
1766538000,210.812,211.105,210.808,210.956,3319,5
1766541600,210.95,211.026,210.727,210.74,7148,0
1766545200,210.74,210.926,210.465,210.508,7679,5
1766548800,210.482,210.598,210.432,210.597,5628,6
1766552400,210.598,210.766,210.57,210.748,5811,6
1766556000,210.749,210.792,210.498,210.517,5070,7
1766559600,210.516,210.607,210.403,210.542,4370,8
1766563200,210.54,210.573,210.394,210.485,5141,8
1766566800,210.484,210.585,210.416,210.451,5860,6
1766570400,210.453,210.604,210.394,210.529,6186,7
1766574000,210.528,210.697,210.44,210.635,3608,10
1766577600,210.636,210.746,210.579,210.691,3353,8
1766581200,210.691,210.694,210.584,210.644,4097,6
1766584800,210.643,210.643,210.528,210.632,4544,7
1766588400,210.632,210.688,210.563,210.6,5245,3
1766592000,210.6,210.688,210.044,210.124,7571,4
1766595600,210.113,210.484,210.042,210.372,7278,7
1766599200,210.373,210.474,210.281,210.322,5326,0
1766602800,210.321,210.558,210.318,210.432,3021,10
1766606400,210.432,210.549,210.39,210.482,6054,10
1766610000,210.482,210.489,210.257,210.34,5244,14
1766613600,210.342,210.444,210.283,210.431,4115,30
1766617200,210.431,210.446,210.185,210.348,3563,11
1766707200,210.755,210.829,210.537,210.628,1062,142
1766710800,210.554,210.897,210.249,210.865,8784,10
1766714400,210.87,211.415,210.862,211.304,8159,3
1766718000,211.304,211.357,211.135,211.176,7786,9
1766721600,211.176,211.246,211.072,211.16,7056,9
1766725200,211.16,211.172,210.742,210.755,5458,9
1766728800,210.754,210.916,210.682,210.816,5656,2
1766732400,210.816,210.838,210.687,210.785,6094,7
1766736000,210.785,210.899,210.623,210.805,5887,8
1766739600,210.807,210.904,210.642,210.828,7714,5
1766743200,210.829,211.011,210.753,210.96,7754,8
1766746800,210.971,211.065,210.922,210.985,4998,9
1766750400,210.985,211.05,210.92,210.951,4250,11
1766754000,210.947,211.049,210.941,211.049,5363,9
1766757600,211.049,211.119,211.037,211.104,5025,6
1766761200,211.104,211.382,211.026,211.298,7890,6
1766764800,211.297,211.5,211.222,211.447,8070,7
1766768400,211.447,211.492,211.255,211.276,7517,6
1766772000,211.277,211.279,211.146,211.258,9271,1
1766775600,211.257,211.336,211.16,211.285,9429,5
1766779200,211.284,211.321,211.161,211.26,8825,8
1766782800,211.26,211.3,211.223,211.278,5420,5
1766786400,211.278,211.37,211.236,211.312,3847,8
1766790000,211.313,211.414,211.12,211.12,3700,13
1766966400,210.995,211.213,210.906,210.978,762,153
1766970000,210.961,211.258,210.947,211.199,3808,8
1766973600,211.202,211.203,210.709,211.089,6633,5
1766977200,211.089,211.2,210.995,211.158,4503,4
1766980800,211.158,211.344,211.146,211.283,3860,9
1766984400,211.281,211.285,211.16,211.212,4369,7
1766988000,211.212,211.258,210.956,211.009,4297,9
1766991600,211.009,211.014,210.811,210.875,4922,8
1766995200,210.881,210.894,210.736,210.797,5010,10
1766998800,210.8,210.807,210.462,210.475,6343,9
1767002400,210.476,210.871,210.431,210.748,6221,8
1767006000,210.748,210.926,210.673,210.884,6167,0
1767009600,210.882,211.099,210.852,211.004,5875,4
1767013200,211.001,211.173,210.903,210.967,5163,7
1767016800,210.967,210.988,210.604,210.772,7554,5
1767020400,210.773,210.847,210.683,210.808,8899,5
1767024000,210.808,210.857,210.574,210.804,9463,6
1767027600,210.806,210.88,210.472,210.515,12818,4
1767031200,210.515,210.678,210.453,210.638,9353,0
1767034800,210.638,210.667,210.55,210.618,6840,0
1767038400,210.617,210.786,210.612,210.748,5594,7
1767042000,210.748,210.841,210.715,210.747,5100,4
1767045600,210.749,210.772,210.702,210.758,4360,6
1767049200,210.762,210.896,210.741,210.741,2344,10
1767052800,210.741,210.762,210.557,210.637,337,57
1767056400,210.614,210.888,210.614,210.722,2752,13
1767060000,210.722,211.069,210.634,210.985,4931,8
1767063600,210.984,211.057,210.924,211.029,4354,6
1767067200,211.029,211.088,210.957,211.046,3670,8
1767070800,211.046,211.084,210.996,211.034,2346,12
1767074400,211.038,211.08,210.818,210.865,2623,8
1767078000,210.867,210.984,210.788,210.882,3798,8
1767081600,210.883,210.954,210.816,210.889,4217,9
1767085200,210.889,210.889,210.565,210.658,5400,7
1767088800,210.66,210.768,210.535,210.708,6769,7
1767092400,210.708,210.786,210.62,210.715,5449,4
1767096000,210.714,210.763,210.637,210.727,5894,0
1767099600,210.727,210.759,210.497,210.517,6486,3
1767103200,210.517,210.686,210.425,210.477,7201,2
1767106800,210.477,210.773,210.462,210.669,9480,2
1767110400,210.669,210.719,210.494,210.594,9350,1
1767114000,210.594,210.769,210.449,210.625,10896,2
1767117600,210.625,210.687,210.457,210.582,7872,4
1767121200,210.575,210.724,210.546,210.573,5542,3
1767124800,210.573,210.691,210.548,210.633,4438,6
1767128400,210.626,210.747,210.621,210.727,4263,6
1767132000,210.727,210.736,210.623,210.655,3843,7
1767135600,210.657,210.689,210.572,210.572,2555,5
1767139200,210.572,210.572,210.326,210.517,1144,48
1767142800,210.491,210.673,210.421,210.606,1965,11
1767146400,210.597,210.641,210.491,210.557,4989,9
1767150000,210.559,210.609,210.511,210.57,5630,5
1767153600,210.574,210.683,210.568,210.644,5797,4
1767157200,210.644,210.704,210.612,210.697,4011,9
1767160800,210.697,210.791,210.693,210.771,4188,10
1767164400,210.771,210.834,210.733,210.779,4561,7
1767168000,210.778,210.797,210.711,210.756,5268,8
1767171600,210.751,210.779,210.68,210.682,5086,6
1767175200,210.684,210.828,210.256,210.293,6867,4
1767178800,210.294,210.565,210.257,210.467,6575,3
1767182400,210.468,210.536,210.378,210.512,5775,0
1767186000,210.516,210.797,210.513,210.72,4993,0
1767189600,210.72,210.932,210.577,210.891,6878,3
1767193200,210.891,211.092,210.856,210.974,9457,4
1767196800,210.974,211.081,210.784,210.808,9876,5
1767200400,210.809,210.882,210.344,210.827,10442,0
1767204000,210.823,211.022,210.705,210.849,8977,0
1767207600,210.849,210.964,210.707,210.96,5346,5
1767211200,210.96,211.01,210.955,210.998,212,9
1767344400,211.38,211.42,211.065,211.2,7263,5
1767348000,211.2,211.391,211.031,211.053,9215,2
1767351600,211.054,211.155,210.973,211.12,7412,6
1767355200,211.122,211.155,210.876,210.947,6625,0
1767358800,210.947,210.974,210.748,210.907,6029,6
1767362400,210.906,211.059,210.877,211.011,6788,0
1767366000,211.004,211.203,210.915,211.153,8646,0
1767369600,211.153,211.224,211.025,211.19,8871,2
1767373200,211.191,211.438,211.03,211.343,11528,0
1767376800,211.343,211.405,211.208,211.225,10536,1
1767380400,211.225,211.256,211.032,211.053,7724,3
1767384000,211.052,211.143,210.995,211.038,7041,3
1767387600,211.038,211.118,211.003,211.043,6697,7
1767391200,211.043,211.105,211.024,211.098,5167,7
1767394800,211.098,211.173,210.919,210.919,2446,9
1767571200,210.725,210.952,210.662,210.735,957,103
1767574800,210.735,211.013,210.735,210.968,4444,6
1767578400,210.968,211.333,210.912,211.251,7986,0
1767582000,211.251,211.275,210.998,211.024,8940,5
1767585600,211.023,211.11,210.913,211.064,7555,2
1767589200,211.064,211.167,210.859,210.937,6923,7
1767592800,210.94,211.167,210.937,211.156,5049,2
1767596400,211.156,211.166,210.997,211.06,5278,5
1767600000,211.061,211.123,210.918,210.976,5588,3
1767603600,210.971,210.975,210.711,210.723,7371,5
1767607200,210.723,210.765,210.515,210.555,10078,2
1767610800,210.556,210.963,210.509,210.948,8136,0
1767614400,210.945,210.989,210.77,210.834,8539,1
1767618000,210.835,210.944,210.708,210.801,7924,3
1767621600,210.801,210.924,210.712,210.779,8525,0
1767625200,210.78,211.013,210.704,210.972,11113,0
1767628800,210.969,211.222,210.881,211.177,11860,0
1767632400,211.184,211.507,211.061,211.421,12333,1
1767636000,211.421,211.496,211.323,211.428,10778,0
1767639600,211.428,211.587,211.405,211.55,7879,1
1767643200,211.553,211.586,211.428,211.465,5809,5
1767646800,211.465,211.601,211.339,211.583,7005,4
1767650400,211.583,211.737,211.535,211.727,4717,4
1767654000,211.726,211.836,211.67,211.67,3031,8
1767657600,211.67,211.896,211.504,211.892,760,69
1767661200,211.892,211.989,211.836,211.927,2615,10
1767664800,211.927,212.148,211.838,211.879,7810,5
1767668400,211.879,212.084,211.865,211.927,8118,6
1767672000,211.925,211.959,211.809,211.898,7084,2
1767675600,211.895,212.037,211.857,211.999,5910,7
1767679200,212.0,212.045,211.863,211.985,5587,3
1767682800,211.985,211.994,211.85,211.952,6660,5
1767686400,211.952,212.081,211.934,211.956,7494,5
1767690000,211.963,212.01,211.78,211.827,7907,0
1767693600,211.824,211.977,211.774,211.869,9710,1
1767697200,211.868,211.891,211.665,211.665,9090,0
1767700800,211.665,211.775,211.528,211.71,8037,4
1767704400,211.71,211.761,211.483,211.525,7268,1
1767708000,211.526,211.535,211.369,211.449,7868,1
1767711600,211.449,211.503,211.308,211.471,10620,1
1767715200,211.47,211.638,211.415,211.54,11069,3
1767718800,211.538,211.622,211.375,211.495,12287,1
1767722400,211.49,211.548,211.419,211.465,9630,5
1767726000,211.465,211.721,211.452,211.688,6689,2
1767729600,211.688,211.741,211.563,211.565,5514,5
1767733200,211.565,211.578,211.422,211.453,5429,4
1767736800,211.452,211.484,211.391,211.452,4289,6
1767740400,211.45,211.54,211.321,211.321,3078,7
1767744000,211.321,211.469,211.293,211.418,662,63
1767747600,211.418,211.566,211.412,211.485,1872,9
1767751200,211.484,211.673,211.388,211.493,7352,3
1767754800,211.492,211.722,211.406,211.656,7332,6
1767758400,211.656,211.748,211.619,211.625,5455,6
1767762000,211.625,211.654,211.525,211.579,5500,7
1767765600,211.577,211.579,211.381,211.403,5968,6
1767769200,211.403,211.407,211.196,211.245,5241,7
1767772800,211.245,211.355,211.124,211.269,5829,4
1767776400,211.267,211.31,211.053,211.134,6998,3
1767780000,211.132,211.314,211.021,211.246,7979,3
1767783600,211.249,211.305,211.065,211.132,6679,1
1767787200,211.134,211.304,211.12,211.277,6665,3
1767790800,211.276,211.42,211.26,211.296,6084,5
1767794400,211.3,211.3,211.113,211.156,6967,3
1767798000,211.154,211.172,210.972,211.072,9825,0
1767801600,211.073,211.251,210.976,211.167,10968,0
1767805200,211.133,211.345,211.072,211.213,14251,0
1767808800,211.214,211.278,211.069,211.138,9136,4
1767812400,211.137,211.142,210.932,211.011,6422,3
1767816000,211.011,211.083,210.954,211.053,6125,5
1767819600,211.056,211.077,210.962,211.038,5549,6
1767823200,211.038,211.093,211.023,211.055,5012,6
1767826800,211.057,211.081,210.932,210.933,2585,5
1767830400,210.933,210.973,210.8,210.832,326,54
1767834000,210.84,210.947,210.812,210.888,1966,9
1767837600,210.888,211.021,210.858,211.003,5185,0
1767841200,211.002,211.154,210.928,211.131,5759,6
1767844800,211.132,211.142,211.034,211.043,5686,7
1767848400,211.042,211.046,210.864,210.991,5386,3
1767852000,210.989,211.001,210.861,210.907,3847,6
1767855600,210.91,210.912,210.776,210.843,5394,5
1767859200,210.843,210.844,210.57,210.751,6754,5
1767862800,210.751,210.805,210.379,210.381,7266,0
1767866400,210.381,210.623,210.302,210.586,8974,3
1767870000,210.586,210.649,210.525,210.631,6932,3
1767873600,210.631,210.74,210.608,210.689,6626,2
1767877200,210.686,210.826,210.671,210.751,6360,3
1767880800,210.753,210.807,210.585,210.603,6261,3
1767884400,210.602,210.702,210.509,210.692,8858,1
1767888000,210.697,210.949,210.647,210.893,11696,2
1767891600,210.894,211.047,210.79,210.835,11285,0
1767895200,210.838,210.886,210.711,210.711,8698,0
1767898800,210.71,210.724,210.563,210.671,6761,4
1767902400,210.671,210.711,210.566,210.59,6472,5
1767906000,210.59,210.829,210.546,210.817,4948,5
1767909600,210.816,210.936,210.798,210.885,4751,1
1767913200,210.885,210.948,210.619,210.619,3626,6
1767916800,210.619,210.808,210.351,210.675,314,63
1767920400,210.665,210.847,210.643,210.763,2072,12
1767924000,210.764,210.965,210.76,210.891,5172,5
1767927600,210.891,211.042,210.873,211.03,6471,7
1767931200,211.029,211.189,211.015,211.129,6454,6
1767934800,211.129,211.276,211.11,211.275,5181,7
1767938400,211.275,211.301,211.205,211.217,4455,6
1767942000,211.218,211.378,211.218,211.354,5461,4
1767945600,211.354,211.405,211.285,211.353,6282,6
1767949200,211.352,211.508,211.249,211.481,7070,4
1767952800,211.483,211.603,211.369,211.487,8940,4
1767956400,211.49,211.54,211.398,211.488,6785,1
1767960000,211.489,211.533,211.312,211.377,6315,4
1767963600,211.376,211.417,211.292,211.356,6089,1
1767967200,211.356,211.555,211.306,211.548,7384,5
1767970800,211.549,211.736,211.274,211.586,14436,0
1767974400,211.585,212.003,211.486,211.814,16671,0
1767978000,211.814,212.033,211.72,211.825,14338,2
1767981600,211.826,212.062,211.799,211.987,9958,3
1767985200,211.987,211.987,211.729,211.834,7014,4
1767988800,211.833,211.849,211.656,211.695,6824,5
1767992400,211.694,211.705,211.628,211.666,6149,4
1767996000,211.666,211.727,211.629,211.661,3546,6
1767999600,211.661,211.717,211.57,211.59,2769,7
1768176000,211.695,211.809,211.66,211.669,716,80
1768179600,211.653,211.863,211.617,211.788,2638,4
1768183200,211.79,211.893,211.668,211.693,8248,1
1768186800,211.705,211.853,211.641,211.806,9033,5
1768190400,211.805,212.164,211.786,212.137,6047,4
1768194000,212.123,212.241,212.075,212.198,5279,7
1768197600,212.2,212.296,212.163,212.231,4386,3
1768201200,212.23,212.368,212.184,212.254,5311,5
1768204800,212.255,212.381,212.202,212.336,5006,1
1768208400,212.325,212.387,212.09,212.189,7605,0
1768212000,212.189,212.324,212.124,212.317,9210,2
1768215600,212.306,212.475,212.271,212.417,7666,3
1768219200,212.417,212.639,212.384,212.637,6694,2
1768222800,212.633,212.675,212.43,212.516,6238,4
1768226400,212.51,212.678,212.501,212.558,8012,1
1768230000,212.558,212.795,212.532,212.793,9274,3
1768233600,212.794,212.837,212.658,212.79,10591,2
1768237200,212.79,212.889,212.683,212.875,9451,0
1768240800,212.874,213.008,212.815,212.936,8092,2
1768244400,212.934,212.995,212.746,212.845,6674,1
1768248000,212.845,212.85,212.732,212.829,4858,2
1768251600,212.829,212.959,212.803,212.951,3539,4
1768255200,212.949,212.998,212.924,212.97,4103,3
1768258800,212.97,213.006,212.747,212.747,2790,5
1768262400,212.771,212.849,212.646,212.703,1468,88
1768266000,212.71,212.965,212.656,212.726,4102,0
1768269600,212.726,213.18,212.716,213.136,6317,0
1768273200,213.134,213.492,213.133,213.49,7115,5
1768276800,213.495,213.804,213.343,213.767,6316,6
1768280400,213.767,213.94,213.748,213.92,4734,7
1768284000,213.922,214.057,213.735,213.85,6466,5
1768287600,213.85,213.981,213.835,213.918,6045,1
1768291200,213.917,214.075,213.854,213.887,6739,4
1768294800,213.888,214.065,213.843,214.043,7522,2
1768298400,214.041,214.292,213.961,214.185,8493,1
1768302000,214.185,214.286,214.118,214.192,7654,1
1768305600,214.191,214.266,213.927,213.927,6369,2
1768309200,213.927,214.106,213.897,214.015,5213,2
1768312800,214.015,214.048,213.858,213.882,5976,1
1768316400,213.882,214.102,213.716,214.097,12531,5
1768320000,214.1,214.139,213.808,213.881,12439,0
1768323600,213.882,213.968,213.532,213.624,12305,2
1768327200,213.624,213.824,213.581,213.702,10080,4
1768330800,213.702,213.764,213.494,213.623,6739,5
1768334400,213.623,213.76,213.491,213.745,6264,5
1768338000,213.745,213.799,213.655,213.765,6220,5
1768341600,213.765,213.782,213.686,213.709,4478,5
1768345200,213.707,213.718,213.401,213.401,2406,5
1768348800,213.401,213.663,213.401,213.577,1192,45
1768352400,213.577,213.752,213.539,213.731,2059,8
1768356000,213.731,213.783,213.578,213.747,6100,4
1768359600,213.747,214.002,213.745,213.87,6344,5
1768363200,213.87,213.99,213.839,213.906,5958,5
1768366800,213.905,214.006,213.823,213.992,5289,6
1768370400,213.992,214.035,213.953,213.965,3922,2
1768374000,213.967,214.108,213.939,214.07,4261,6
1768377600,214.07,214.089,213.9,214.001,5177,5
1768381200,214.003,214.065,213.849,213.913,6351,3
1768384800,213.916,213.943,213.554,213.754,10893,1
1768388400,213.759,213.764,213.452,213.636,8835,1
1768392000,213.636,213.65,213.321,213.488,8359,0
1768395600,213.488,213.583,213.282,213.452,6981,0
1768399200,213.453,213.459,212.832,213.282,9587,1
1768402800,213.281,213.374,213.152,213.226,9661,2
1768406400,213.227,213.331,212.859,212.881,13455,0
1768410000,212.892,213.116,212.721,212.771,12943,0
1768413600,212.77,212.864,212.563,212.587,9827,0
1768417200,212.587,212.695,212.549,212.623,7956,6
1768420800,212.625,212.767,212.585,212.765,6817,6
1768424400,212.765,212.889,212.699,212.883,6108,5
1768428000,212.882,213.061,212.84,213.026,7676,6
1768431600,213.026,213.093,212.837,212.837,3890,6
1768435200,212.837,212.953,212.515,212.575,2103,51
1768438800,212.575,212.943,212.514,212.914,2867,6
1768442400,212.918,213.034,212.794,212.851,6929,4
1768446000,212.847,212.871,212.57,212.747,9061,7
1768449600,212.748,212.957,212.665,212.94,6644,3
1768453200,212.938,213.021,212.825,212.843,6082,7
1768456800,212.842,212.969,212.786,212.889,4563,6
1768460400,212.889,212.916,212.69,212.72,4848,5
1768464000,212.723,213.004,212.713,213.004,7357,3
1768467600,213.02,213.19,212.838,213.038,8561,0
1768471200,213.04,213.308,212.946,213.27,8762,0
1768474800,213.27,213.286,212.797,212.82,8719,0
1768478400,212.824,212.843,212.594,212.664,6924,1
1768482000,212.667,212.783,212.656,212.767,6157,3
1768485600,212.766,212.799,212.533,212.57,6828,0
1768489200,212.573,212.592,212.316,212.399,11567,0
1768492800,212.397,212.471,212.205,212.249,11520,1
1768496400,212.249,212.304,211.995,212.213,11144,1
1768500000,212.213,212.246,212.118,212.146,9307,1
1768503600,212.146,212.247,212.093,212.198,7204,0
1768507200,212.198,212.275,212.195,212.244,5094,3
1768510800,212.242,212.251,212.16,212.197,5987,6
1768514400,212.197,212.2,212.115,212.185,5099,3
1768518000,212.181,212.303,212.063,212.063,2923,3
1768521600,212.063,212.209,212.034,212.131,1168,109
1768525200,212.134,212.279,212.11,212.204,3340,8
1768528800,212.202,212.257,212.118,212.224,5716,3
1768532400,212.216,212.253,212.045,212.19,6274,0
1768536000,212.195,212.226,211.482,211.87,8651,0
1768539600,211.875,211.881,211.658,211.715,5449,0
1768543200,211.715,211.935,211.705,211.913,4794,5
1768546800,211.915,211.96,211.826,211.953,4686,4
1768550400,211.953,211.996,211.836,211.916,4854,5
1768554000,211.916,211.95,211.691,211.792,7696,3
1768557600,211.795,211.922,211.644,211.884,8051,0
1768561200,211.883,211.975,211.771,211.931,7066,3
1768564800,211.932,212.071,211.887,211.975,6883,2
1768568400,211.975,212.011,211.923,211.962,6357,5
1768572000,211.964,212.064,211.85,211.925,8275,0
1768575600,211.923,211.939,211.627,211.797,8944,2
1768579200,211.797,211.898,211.512,211.56,9284,4
1768582800,211.558,211.654,211.377,211.452,14653,0
1768586400,211.451,211.633,211.393,211.457,10267,2
1768590000,211.458,211.632,211.458,211.56,6752,4
1768593600,211.56,211.708,211.548,211.634,6712,6
1768597200,211.634,211.71,211.561,211.58,5058,4
1768600800,211.579,211.606,211.498,211.512,3264,7
1768604400,211.512,211.583,211.425,211.436,2863,9
1768780800,210.64,210.85,210.609,210.74,1013,23
1768784400,210.767,211.253,210.649,211.147,7794,0
1768788000,211.149,211.325,211.003,211.024,11760,4
1768791600,211.029,211.234,210.892,211.165,10397,5
1768795200,211.165,211.388,211.161,211.321,8555,3
1768798800,211.322,211.43,211.274,211.371,8216,0
1768802400,211.372,211.451,211.324,211.406,7740,7
1768806000,211.406,211.612,211.34,211.501,8255,6
1768809600,211.501,211.579,211.44,211.447,7254,4
1768813200,211.447,211.66,211.422,211.646,10411,0
1768816800,211.647,211.904,211.607,211.896,9686,3
1768820400,211.895,212.042,211.578,211.713,10780,0
1768824000,211.715,211.824,211.655,211.717,7986,0
1768827600,211.717,211.952,211.674,211.905,6640,0
1768831200,211.905,211.908,211.769,211.836,7555,3
1768834800,211.836,211.891,211.782,211.829,7205,0
1768838400,211.832,211.945,211.747,211.907,7304,3
1768842000,211.906,212.198,211.884,212.142,8239,2
1768845600,212.14,212.389,212.105,212.258,6733,1
1768849200,212.251,212.299,212.203,212.256,3896,5
1768852800,212.255,212.293,212.222,212.235,3055,4
1768856400,212.236,212.319,212.235,212.235,1919,4
1768860000,212.235,212.336,212.235,212.331,1809,6
1768863600,212.331,212.347,212.148,212.148,1520,6
1768867200,212.148,212.281,211.969,212.1,370,81
1768870800,212.1,212.321,212.057,212.237,2640,3
1768874400,212.239,212.342,211.902,211.923,6828,2
1768878000,211.925,212.272,211.846,212.026,8148,4
1768881600,212.026,212.206,211.984,212.135,5449,4
1768885200,212.135,212.265,212.037,212.236,5641,6
1768888800,212.236,212.435,212.201,212.404,5870,4
1768892400,212.404,212.548,212.393,212.512,6592,3
1768896000,212.507,212.887,212.485,212.815,8118,0
1768899600,212.819,213.491,212.744,213.396,11016,0
1768903200,213.396,213.442,212.703,212.706,14871,0
1768906800,212.704,212.735,212.374,212.54,13429,3
1768910400,212.537,212.912,212.511,212.727,11131,2
1768914000,212.728,212.77,212.325,212.379,10002,3
1768917600,212.378,212.394,212.143,212.255,11036,1
1768921200,212.256,212.433,212.179,212.332,13555,0
1768924800,212.331,212.685,212.103,212.683,15700,1
1768928400,212.681,212.853,212.505,212.516,13177,3
1768932000,212.516,212.709,212.476,212.669,11882,0
1768935600,212.67,212.747,212.524,212.548,9822,2
1768939200,212.548,212.639,212.417,212.466,7876,3
1768942800,212.469,212.561,212.434,212.542,8093,2
1768946400,212.542,212.58,212.475,212.527,9083,5
1768950000,212.529,212.596,212.466,212.466,4312,6
1768953600,212.466,212.645,212.38,212.544,1273,93
1768957200,212.532,212.632,212.429,212.56,3079,4
1768960800,212.572,212.644,212.481,212.539,7881,1
1768964400,212.537,212.585,212.395,212.484,10342,0
1768968000,212.484,212.624,212.296,212.298,6988,3
1768971600,212.297,212.474,212.29,212.473,7654,4
1768975200,212.475,212.48,212.267,212.363,5980,1
1768978800,212.362,212.602,212.351,212.584,6291,2
1768982400,212.585,212.625,212.451,212.486,6990,2
1768986000,212.482,212.547,212.218,212.291,9445,0
1768989600,212.291,212.328,212.137,212.156,10457,1
1768993200,212.155,212.193,211.873,211.885,9166,0
1768996800,211.885,212.023,211.799,211.864,8508,1
1769000400,211.864,211.962,211.741,211.758,8891,0
1769004000,211.759,211.874,211.587,211.833,10493,0
1769007600,211.833,212.243,211.735,212.224,11334,0
1769011200,212.227,212.751,212.075,212.68,15684,0
1769014800,212.678,212.764,212.368,212.437,13975,0
1769018400,212.437,212.627,212.334,212.384,12721,0
1769022000,212.382,212.463,212.218,212.349,12009,0
1769025600,212.349,212.41,212.252,212.349,7688,0
1769029200,212.348,212.653,212.287,212.634,12243,0
1769032800,212.634,212.656,212.531,212.612,10048,5
1769036400,212.612,212.657,212.402,212.412,3559,4
1769040000,212.374,212.572,212.32,212.56,938,68
1769043600,212.522,212.656,212.5,212.612,3292,8
1769047200,212.616,212.66,212.375,212.503,6798,4
1769050800,212.503,212.692,212.477,212.665,6921,6
1769054400,212.665,212.776,212.601,212.742,5786,7
1769058000,212.742,212.996,212.724,212.979,5191,8
1769061600,212.978,213.208,212.966,213.081,4740,4
1769065200,213.081,213.151,212.992,213.132,5049,3
1769068800,213.134,213.26,213.079,213.173,6290,4
1769072400,213.173,213.432,213.172,213.259,7874,2
1769076000,213.258,213.325,212.912,213.035,9312,2
1769079600,213.035,213.373,213.014,213.347,9191,1
1769083200,213.349,213.427,213.279,213.319,7459,1
1769086800,213.318,213.407,212.672,212.84,11438,0
1769090400,212.84,213.238,212.78,213.221,10640,0
1769094000,213.219,213.277,212.84,213.019,12321,2
1769097600,213.019,213.342,212.979,213.277,12234,0
1769101200,213.275,213.631,213.246,213.474,12270,0
1769104800,213.477,213.661,213.45,213.614,10523,1
1769108400,213.612,213.616,213.414,213.589,10527,0
1769112000,213.589,213.764,213.57,213.695,7161,3
1769115600,213.695,213.78,213.628,213.701,7167,3
1769119200,213.701,213.85,213.661,213.844,4944,3
1769122800,213.844,213.958,213.723,213.723,3647,6
1769126400,213.704,213.84,213.52,213.813,1245,75
1769130000,213.813,214.008,213.804,213.943,2809,3
1769133600,213.945,214.024,213.86,213.944,7156,3
1769137200,213.944,214.155,213.935,214.127,7735,6
1769140800,214.128,214.157,213.884,213.992,6838,0
1769144400,213.984,214.17,213.878,213.999,6590,0
1769148000,213.998,214.072,213.941,213.987,4968,0
1769151600,213.987,214.118,213.916,214.115,5580,2
1769155200,214.115,214.351,213.949,214.214,9677,1
1769158800,214.214,214.849,212.468,213.699,12770,0
1769162400,213.705,213.734,213.351,213.5,13518,1
1769166000,213.499,213.86,213.207,213.777,12861,1
1769169600,213.778,214.108,213.719,213.983,9635,2
1769173200,213.985,214.173,213.736,213.766,10295,0
1769176800,213.767,214.108,213.751,213.96,8070,0
1769180400,213.96,214.084,213.915,214.051,8737,0
1769184000,214.051,214.258,213.997,214.226,9781,0
1769187600,214.214,214.562,214.191,214.466,9709,0
1769191200,214.468,214.621,213.947,214.102,13559,0
1769194800,214.105,214.146,212.652,212.774,17423,0
1769198400,212.775,212.924,212.288,212.466,13418,0
1769202000,212.466,212.622,212.085,212.374,11283,0
1769205600,212.375,212.514,212.286,212.475,8578,4
1769209200,212.475,212.553,212.301,212.36,6853,9
1769385600,211.2,211.945,210.811,211.274,1892,45
1769389200,211.271,212.055,211.209,211.991,7478,10
1769392800,211.993,212.072,211.235,211.618,13533,0
1769396400,211.617,211.646,210.883,210.953,13866,5
1769400000,210.952,211.013,210.485,210.497,13019,7
1769403600,210.494,210.833,210.43,210.641,9052,5
1769407200,210.632,210.669,210.204,210.4,9324,2
1769410800,210.4,210.621,210.314,210.609,8724,1
1769414400,210.61,210.904,210.512,210.641,10261,1
1769418000,210.647,210.778,210.102,210.493,12552,0
1769421600,210.493,210.693,209.633,210.284,15714,0
1769425200,210.285,210.577,209.873,210.094,14706,0
1769428800,210.094,210.353,209.858,209.925,11531,0
1769432400,209.924,210.239,209.608,210.099,11496,0
1769436000,210.096,210.502,210.096,210.434,10906,0
1769439600,210.435,210.579,210.355,210.466,11104,0
1769443200,210.467,210.585,210.386,210.487,12033,0
1769446800,210.487,210.835,210.402,210.832,12878,0
1769450400,210.843,211.07,210.717,210.774,12030,0
1769454000,210.77,211.016,210.748,210.755,9740,1
1769457600,210.756,211.072,210.717,211.026,8531,0
1769461200,211.026,211.076,210.749,210.761,9407,0
1769464800,210.761,210.868,210.554,210.793,9055,0
1769468400,210.795,210.994,210.776,210.776,4640,4
1769472000,210.776,210.915,210.65,210.78,576,119
1769475600,210.781,211.162,210.769,211.12,2921,0
1769479200,211.116,211.192,210.771,210.958,7412,3
1769482800,210.958,211.147,210.922,211.14,8111,1
1769486400,211.139,211.273,211.065,211.267,6898,5
1769490000,211.265,211.412,211.184,211.286,6290,3
1769493600,211.286,211.453,211.261,211.395,7051,3
1769497200,211.396,211.448,211.256,211.331,6088,1
1769500800,211.33,211.59,211.324,211.429,7094,0
1769504400,211.428,211.759,211.361,211.579,9618,0
1769508000,211.586,211.666,211.461,211.554,11300,0
1769511600,211.555,211.577,209.761,210.609,10971,0
1769515200,210.608,210.997,210.385,210.673,13191,0
1769518800,210.673,210.819,210.47,210.773,9786,0
1769522400,210.773,210.823,210.476,210.646,14110,0
1769526000,210.646,210.751,210.257,210.487,15177,0
1769529600,210.48,211.15,210.367,211.0,15837,0
1769533200,210.998,211.064,210.656,210.73,16734,0
1769536800,210.73,211.001,210.591,210.89,12806,0
1769540400,210.889,210.94,210.265,210.624,12012,0
1769544000,210.624,210.64,210.396,210.459,10049,0
1769547600,210.459,210.6,210.459,210.488,8862,1
1769551200,210.487,210.946,210.071,210.836,13148,0
1769554800,210.835,210.948,210.616,210.755,11302,0
1769558400,210.676,210.862,210.531,210.804,890,102
1769562000,210.798,210.983,210.698,210.845,5021,0
1769565600,210.845,211.031,210.609,210.897,10272,0
1769569200,210.897,211.218,210.858,211.121,10891,0
1769572800,211.123,211.169,210.949,210.97,7630,0
1769576400,210.97,210.989,210.673,210.752,6926,3
1769580000,210.749,210.864,210.519,210.558,5860,0
1769583600,210.556,210.749,210.407,210.705,10081,2
1769587200,210.715,210.844,210.689,210.749,10280,1
1769590800,210.749,210.761,210.547,210.671,12375,2
1769594400,210.671,210.688,210.376,210.435,13299,0
1769598000,210.437,210.559,210.312,210.545,10808,1
1769601600,210.542,210.559,210.237,210.435,10193,0
1769605200,210.434,210.441,210.114,210.13,9851,1
1769608800,210.13,210.449,210.062,210.443,11314,0
1769612400,210.443,210.531,210.228,210.474,9845,0
1769616000,210.474,210.789,210.462,210.69,13332,0
1769619600,210.691,211.688,210.682,211.618,20685,0
1769623200,211.622,211.894,211.584,211.731,14399,0
1769626800,211.73,211.837,211.594,211.705,9473,0
1769630400,211.705,211.956,211.693,211.901,10841,0
1769634000,211.897,212.026,211.655,211.712,15201,0
1769637600,211.713,211.798,211.571,211.645,11920,0
1769641200,211.645,211.889,211.581,211.717,5656,4
1769644800,211.714,211.748,211.437,211.638,3408,99
1769648400,211.639,211.841,211.418,211.663,5687,3
1769652000,211.663,211.717,211.332,211.582,11366,0
1769655600,211.583,211.71,211.403,211.544,10555,3
1769659200,211.544,211.627,211.326,211.483,9715,0
1769662800,211.482,211.599,211.434,211.536,8549,4
1769666400,211.536,211.833,211.523,211.705,7917,0
1769670000,211.703,211.846,211.658,211.74,7912,2
1769673600,211.741,211.84,211.603,211.784,10378,3
1769677200,211.786,212.127,211.75,212.049,10460,2
1769680800,212.049,212.165,211.834,211.897,12073,0
1769684400,211.897,211.939,211.585,211.624,11187,0
1769688000,211.624,211.718,211.42,211.471,9920,1
1769691600,211.473,211.794,211.453,211.686,9774,0
1769695200,211.686,211.708,211.541,211.655,9818,1
1769698800,211.655,211.815,211.62,211.688,12019,0
1769702400,211.688,211.912,211.542,211.645,14117,0
1769706000,211.644,211.681,210.045,210.32,23932,0
1769709600,210.319,210.933,210.291,210.868,19161,0
1769713200,210.867,211.131,210.865,210.977,15730,0
1769716800,210.974,211.273,210.946,211.131,13758,2
1769720400,211.128,211.276,211.091,211.139,10501,2
1769724000,211.139,211.383,211.138,211.37,8994,1
1769727600,211.37,211.513,211.317,211.317,6608,3
1769731200,211.317,211.346,210.905,211.207,1635,62
1769734800,211.207,211.516,211.123,211.453,4388,7
1769738400,211.452,211.637,211.417,211.482,9633,0
1769742000,211.481,211.681,211.396,211.578,12697,0
1769745600,211.578,211.798,211.3,211.665,14898,0
1769749200,211.665,211.791,211.525,211.73,8244,3
1769752800,211.731,211.907,211.601,211.684,6392,2
1769756400,211.686,211.883,211.621,211.726,7788,1
1769760000,211.726,211.747,211.505,211.629,12348,0
1769763600,211.628,211.893,211.584,211.78,11878,0
1769767200,211.78,211.959,211.603,211.89,12779,0
1769770800,211.89,211.994,211.605,211.877,14717,0
1769774400,211.874,212.04,211.779,211.947,13740,1
1769778000,211.948,212.117,211.839,212.001,12097,1
1769781600,212.0,212.106,211.933,211.983,13131,0
1769785200,211.982,212.17,211.855,212.166,15196,0
1769788800,212.166,212.461,212.035,212.217,15927,0
1769792400,212.219,212.469,211.587,211.589,19670,0
1769796000,211.587,211.879,211.536,211.855,17012,0
1769799600,211.852,211.888,211.605,211.726,15699,0
1769803200,211.729,211.773,211.496,211.696,17288,2
1769806800,211.696,211.844,211.633,211.682,14334,1
1769810400,211.683,211.81,211.623,211.761,13237,2
1769814000,211.762,211.859,211.701,211.782,7949,1
1769990400,211.96,212.663,211.862,212.334,1780,84
1769994000,212.535,212.663,212.195,212.282,9915,2
1769997600,212.282,212.678,212.05,212.668,14636,0
1770001200,212.668,212.679,212.26,212.295,15386,2
1770004800,212.296,212.364,212.059,212.266,13293,4
1770008400,212.267,212.316,212.015,212.068,11001,0
1770012000,212.068,212.072,211.781,211.852,9620,3
1770015600,211.852,211.948,211.587,211.767,11743,2
1770019200,211.767,211.878,211.287,211.414,15334,1
1770022800,211.414,211.966,211.393,211.902,13480,0
1770026400,211.897,212.264,211.821,212.185,13632,0
1770030000,212.187,212.245,211.973,212.178,12597,0
1770033600,212.179,212.342,212.031,212.048,11500,0
1770037200,212.05,212.218,211.988,212.015,11325,0
1770040800,212.015,212.183,212.0,212.082,12051,0
1770044400,212.082,212.104,211.903,211.905,13703,1
1770048000,211.905,212.397,211.788,212.243,15385,0
1770051600,212.238,212.488,212.108,212.144,17601,0
1770055200,212.145,212.404,212.038,212.318,14868,0
1770058800,212.316,212.448,212.283,212.421,12041,1
1770062400,212.421,212.653,212.409,212.478,9851,0
1770066000,212.477,212.652,212.473,212.573,7847,1
1770069600,212.572,212.629,212.52,212.617,8155,1
1770073200,212.616,212.686,212.547,212.633,4451,1
1770076800,212.633,212.661,212.444,212.53,1323,65
1770080400,212.53,212.655,212.487,212.571,2969,5
1770084000,212.569,212.798,212.545,212.68,7686,2
1770087600,212.68,212.859,212.621,212.775,7705,0
1770091200,212.775,212.775,212.543,212.659,7056,0
1770094800,212.659,212.778,212.558,212.76,7477,3
1770098400,212.76,212.844,212.65,212.721,6738,2
1770102000,212.719,212.828,212.669,212.774,5587,5
1770105600,212.774,212.981,212.722,212.816,8236,1
1770109200,212.816,212.985,212.728,212.859,10281,0
1770112800,212.854,212.916,212.754,212.858,10314,0
1770116400,212.858,213.135,212.741,213.029,11849,1
1770120000,213.03,213.069,212.916,212.919,7552,0
1770123600,212.919,213.049,212.853,212.879,8453,0
1770127200,212.879,213.319,212.876,213.264,9828,0
1770130800,213.269,213.325,213.063,213.09,10680,1
1770134400,213.094,213.263,212.985,213.041,14268,1
1770138000,213.042,213.438,212.989,213.373,14159,3
1770141600,213.371,213.462,213.261,213.311,12569,0
1770145200,213.31,213.329,213.141,213.27,12285,2
1770148800,213.27,213.324,212.886,212.89,11114,2
1770152400,212.889,213.252,212.854,213.22,8707,2
1770156000,213.22,213.353,213.182,213.288,6772,4
1770159600,213.288,213.434,213.235,213.235,3834,4
1770163200,213.235,213.412,213.103,213.239,515,53
1770166800,213.26,213.471,213.229,213.401,1917,2
1770170400,213.408,213.665,213.36,213.655,7368,2
1770174000,213.655,214.063,213.652,214.004,7928,2
1770177600,214.007,214.115,213.996,214.079,5703,1
1770181200,214.08,214.251,214.072,214.218,5499,0
1770184800,214.22,214.355,214.183,214.347,4257,2
1770188400,214.347,214.452,214.295,214.364,5279,1
1770192000,214.364,214.526,214.332,214.409,7437,2
1770195600,214.409,214.594,214.396,214.545,7354,2
1770199200,214.545,214.851,214.48,214.811,10069,0
1770202800,214.816,214.826,214.544,214.735,10044,0
1770206400,214.735,214.982,214.656,214.975,7273,0
1770210000,214.976,215.002,214.815,214.982,8808,0
1770213600,214.982,215.005,214.866,214.885,8964,0
1770217200,214.883,214.952,214.565,214.579,11748,0
1770220800,214.582,214.637,214.131,214.131,14805,0
1770224400,214.124,214.324,213.99,214.052,17218,0
1770228000,214.053,214.075,213.679,213.897,14116,0
1770231600,213.899,214.039,213.744,213.796,13714,0
1770235200,213.796,214.071,213.723,214.006,10511,0
1770238800,214.006,214.263,213.903,214.262,10118,1
1770242400,214.261,214.322,214.167,214.21,8596,1
1770246000,214.21,214.292,214.042,214.042,4759,3
1770249600,214.004,214.159,213.827,214.077,1217,65
1770253200,214.034,214.154,213.987,214.106,3489,2
1770256800,214.11,214.234,213.921,214.038,6443,2
1770260400,214.038,214.213,214.034,214.085,7175,3
1770264000,214.085,214.119,213.685,213.691,11718,2
1770267600,213.692,213.76,213.473,213.629,9761,0
1770271200,213.63,213.755,213.629,213.664,5369,4
1770274800,213.662,213.8,213.63,213.799,4993,6
1770278400,213.799,213.892,213.523,213.805,9321,0
1770282000,213.806,214.175,213.798,213.974,10259,1
1770285600,213.971,214.193,213.577,213.577,13185,0
1770289200,213.578,213.621,213.197,213.427,12977,0
1770292800,213.413,213.725,213.346,213.649,8058,0
1770296400,213.648,213.954,213.579,213.913,9743,0
1770300000,213.914,213.916,212.931,213.157,17918,0
1770303600,213.157,213.206,212.592,212.735,17407,0
1770307200,212.735,212.911,212.332,212.369,18318,0
1770310800,212.364,212.605,211.78,212.162,19369,0
1770314400,212.163,212.686,212.017,212.611,13966,0
1770318000,212.611,212.708,212.406,212.487,11579,3
1770321600,212.488,212.569,212.336,212.412,7981,3
1770325200,212.41,212.59,212.385,212.581,6048,3
1770328800,212.575,212.7,212.511,212.612,7215,1
1770332400,212.612,212.667,212.187,212.187,4387,3
1770336000,212.265,212.578,212.224,212.477,1078,56
1770339600,212.469,212.538,211.922,212.01,4841,4
1770343200,212.01,212.082,211.6,211.945,11114,0
1770346800,211.941,212.154,211.762,212.112,10917,2
1770350400,212.112,212.44,212.103,212.303,7826,7
1770354000,212.303,212.369,212.219,212.318,6265,2
1770357600,212.318,212.433,212.283,212.399,6566,3
1770361200,212.401,212.718,212.351,212.708,6274,1
1770364800,212.706,213.01,212.698,212.785,7257,2
1770368400,212.785,212.882,212.531,212.84,8559,1
1770372000,212.835,212.999,212.685,212.998,10577,2
1770375600,212.997,213.288,212.997,213.225,10122,0
1770379200,213.231,213.301,212.998,213.089,6681,2
1770382800,213.094,213.481,213.086,213.32,8377,0
1770386400,213.32,213.605,213.318,213.454,8032,1
1770390000,213.454,213.543,213.119,213.246,9237,2
1770393600,213.245,213.5,213.166,213.473,12244,0
1770397200,213.467,213.68,213.462,213.523,13866,0
1770400800,213.522,213.878,213.505,213.721,10552,0
1770404400,213.721,213.911,213.699,213.873,7439,2
1770408000,213.875,213.946,213.819,213.852,6539,0
1770411600,213.852,213.982,213.85,213.909,4741,3
1770415200,213.912,213.988,213.85,213.953,5308,4
1770418800,213.952,214.051,213.936,213.952,4291,8
1770595200,214.076,214.19,213.325,214.173,516,70
1770598800,214.173,214.413,213.768,213.961,6915,0
1770602400,213.961,214.038,213.354,213.526,15109,0
1770606000,213.531,213.544,212.596,213.045,14013,0
1770609600,213.045,213.508,213.016,213.358,8235,0
1770613200,213.357,213.482,213.283,213.339,6455,1
1770616800,213.338,213.401,213.084,213.169,5342,0
1770620400,213.168,213.287,213.065,213.184,5796,3
1770624000,213.183,213.184,212.822,213.073,10544,0
1770627600,213.076,213.09,212.558,213.035,10054,0
1770631200,213.034,213.203,212.903,212.99,12156,0
1770634800,212.989,213.131,212.819,213.038,10810,0
1770638400,213.038,213.318,212.984,213.226,12224,2
1770642000,213.226,213.448,213.065,213.367,12502,0
1770645600,213.369,213.713,213.266,213.625,11513,0
1770649200,213.625,213.631,212.828,212.865,14038,0
1770652800,212.865,212.871,212.124,212.354,17004,0
1770656400,212.354,213.255,212.353,213.21,13728,0
1770660000,213.209,213.388,213.201,213.325,9637,0
1770663600,213.325,213.374,213.176,213.22,7117,2
1770667200,213.219,213.459,213.168,213.426,7489,1
1770670800,213.426,213.437,213.195,213.288,6008,1
1770674400,213.289,213.503,213.275,213.491,5580,3
1770678000,213.487,213.574,213.176,213.199,4348,0
1770681600,213.199,213.518,213.004,213.428,1553,84
1770685200,213.428,213.669,213.392,213.615,2247,1
1770688800,213.615,213.724,213.369,213.39,5826,0
1770692400,213.39,213.402,213.075,213.114,8106,2
1770696000,213.115,213.259,212.696,212.745,6154,0
1770699600,212.745,212.775,212.405,212.557,5223,4
1770703200,212.556,212.566,212.307,212.418,4311,0
1770706800,212.418,212.445,212.167,212.417,4031,3
1770710400,212.408,212.518,212.319,212.447,5203,3
1770714000,212.449,212.741,212.331,212.72,6470,0
1770717600,212.72,212.789,212.513,212.623,8384,0
1770721200,212.622,212.688,212.174,212.247,8446,0
1770724800,212.247,212.261,211.891,211.997,7823,0
1770728400,211.997,212.172,211.942,212.144,6351,2
1770732000,212.144,212.509,212.051,212.407,10435,0
1770735600,212.414,212.447,211.648,211.766,12759,1
1770739200,211.765,211.766,210.94,211.128,13479,1
1770742800,211.125,211.125,210.616,210.859,13892,0
1770746400,210.858,210.884,210.543,210.823,11588,0
1770750000,210.823,210.839,210.616,210.796,8698,0
1770753600,210.796,210.853,210.74,210.78,7051,0
1770757200,210.781,210.88,210.68,210.731,7489,3
1770760800,210.731,210.764,210.52,210.56,5338,4
1770764400,210.562,210.633,210.406,210.406,2717,2
1770768000,210.406,210.629,210.406,210.522,1242,62
1770771600,210.522,210.662,210.52,210.629,1855,6
1770775200,210.629,210.64,210.06,210.11,6780,0
1770778800,210.11,210.179,209.939,210.094,8320,0
1770782400,210.095,210.102,209.799,209.814,6774,0
1770786000,209.815,209.975,209.786,209.847,5036,0
1770789600,209.847,209.872,209.399,209.43,4683,0
1770793200,209.43,209.502,209.138,209.166,4863,2
1770796800,209.167,209.363,208.983,209.297,7092,1
1770800400,209.297,209.553,209.266,209.342,7078,1
1770804000,209.343,209.737,209.291,209.7,9005,0
1770807600,209.7,210.009,209.676,209.811,7215,0
1770811200,209.811,210.182,209.72,210.13,7303,0
1770814800,210.128,210.233,210.069,210.127,6532,0
1770818400,210.127,210.232,210.058,210.15,9180,0
1770822000,210.151,210.504,208.592,209.884,16946,0
1770825600,209.883,210.114,209.38,209.559,18969,0
1770829200,209.559,209.56,209.188,209.439,17244,0
1770832800,209.438,209.484,208.74,208.752,13097,0
1770836400,208.749,208.881,208.444,208.72,12829,0
1770840000,208.72,208.741,208.177,208.352,9189,1
1770843600,208.352,208.514,208.295,208.497,7567,0
1770847200,208.498,208.795,208.495,208.718,6603,1
1770850800,208.718,208.911,208.631,208.637,4084,3
1770854400,208.648,208.778,208.464,208.577,892,71
1770858000,208.577,208.818,208.57,208.755,3186,7
1770861600,208.755,209.003,208.586,208.636,8472,1
1770865200,208.636,208.787,208.345,208.523,8976,1
1770868800,208.524,208.527,207.919,207.92,7794,0
1770872400,207.92,208.015,207.631,207.952,9428,0
1770876000,207.953,208.276,207.778,208.262,7624,0
1770879600,208.262,208.624,208.238,208.535,5960,1
1770883200,208.535,208.948,208.378,208.687,10712,0
1770886800,208.685,208.72,208.386,208.64,9037,0
1770890400,208.64,208.655,208.389,208.514,9895,0
1770894000,208.514,208.834,208.48,208.719,9795,0
1770897600,208.719,208.835,208.591,208.818,8002,0
1770901200,208.822,209.307,208.772,209.245,6496,0
1770904800,209.246,209.541,209.193,209.475,9130,0
1770908400,209.475,209.552,209.142,209.192,10551,0
1770912000,209.19,209.276,208.935,209.027,14284,0
1770915600,209.027,209.127,208.343,208.454,14890,0
1770919200,208.458,208.5,207.559,208.0,20482,0
1770922800,208.005,208.271,207.87,208.154,15748,2
1770926400,208.154,208.297,207.907,208.243,11670,0
1770930000,208.242,208.392,208.177,208.306,8995,0
1770933600,208.307,208.336,207.975,208.002,7984,3
1770937200,208.001,208.137,207.872,207.879,3939,0
1770940800,207.879,208.097,207.848,208.001,940,67
1770944400,208.001,208.172,207.919,208.098,3435,5
1770948000,208.096,208.307,207.991,208.162,8660,2
1770951600,208.163,208.781,208.086,208.711,8955,0
1770955200,208.71,208.758,208.462,208.6,5774,3
1770958800,208.6,208.609,208.161,208.201,6088,5
1770962400,208.201,208.615,208.108,208.607,4514,1
1770966000,208.607,208.649,208.344,208.571,7436,1
1770969600,208.571,208.69,208.307,208.665,8476,0
1770973200,208.664,208.969,208.571,208.856,9744,0
1770976800,208.857,209.328,208.836,209.238,11336,0
1770980400,209.239,209.319,209.077,209.089,8589,1
1770984000,209.089,209.236,208.914,208.916,7804,0
1770987600,208.917,208.931,208.49,208.614,9791,0
1770991200,208.614,208.683,208.496,208.516,9662,3
1770994800,208.515,208.736,208.456,208.719,13907,0
1770998400,208.718,208.786,208.048,208.513,18298,0
1771002000,208.515,208.974,208.262,208.431,17503,0
1771005600,208.429,208.554,208.256,208.397,13924,0
1771009200,208.397,208.66,208.259,208.584,9715,0
1771012800,208.584,208.689,208.504,208.643,7599,0
1771016400,208.643,208.698,208.401,208.481,7386,0
1771020000,208.481,208.623,208.334,208.511,7121,2
1771023600,208.511,208.545,208.365,208.504,4407,1
1771200000,208.26,208.301,208.082,208.265,2502,80
1771203600,208.265,208.579,208.261,208.533,3619,5
1771207200,208.533,208.868,208.49,208.838,5674,5
1771210800,208.836,208.893,208.684,208.75,5891,0
1771214400,208.747,208.864,208.71,208.758,4966,3
1771218000,208.757,208.826,208.705,208.807,3315,3
1771221600,208.807,209.012,208.711,208.998,4203,5
1771225200,208.998,209.007,208.878,208.946,3398,7
1771228800,208.946,209.008,208.88,208.924,3517,5
1771232400,208.924,209.289,208.911,209.244,5607,1
1771236000,209.243,209.449,209.132,209.303,8856,2
1771239600,209.302,209.641,209.302,209.558,7680,2
1771243200,209.559,209.681,209.502,209.57,5361,1
1771246800,209.57,209.587,209.245,209.27,5014,4
1771250400,209.271,209.34,209.187,209.233,4437,3
1771254000,209.23,209.25,208.964,209.021,6288,2
1771257600,209.021,209.134,208.97,209.126,6095,3
1771261200,209.126,209.215,209.01,209.209,5330,0
1771264800,209.209,209.269,209.108,209.186,4157,1
1771268400,209.187,209.266,209.132,209.133,3145,6
1771272000,209.133,209.244,209.127,209.21,1597,7
1771275600,209.209,209.26,209.19,209.225,1491,9
1771279200,209.225,209.231,209.173,209.229,1481,8
1771282800,209.228,209.242,208.931,209.011,1659,8
1771286400,209.011,209.223,209.0,209.204,607,115
1771290000,209.207,209.489,209.129,209.234,3446,10
1771293600,209.233,209.295,208.622,208.636,8635,4
1771297200,208.638,208.901,208.501,208.524,8018,3
1771300800,208.524,208.67,208.408,208.469,4788,3
1771304400,208.469,208.521,208.262,208.518,5192,3
1771308000,208.518,208.519,208.237,208.384,5832,7
1771311600,208.384,208.404,208.039,208.126,7978,3
1771315200,208.127,208.236,208.003,208.007,6427,1
1771318800,208.014,208.019,207.345,207.618,9492,0
1771322400,207.619,207.907,207.485,207.501,10424,0
1771326000,207.504,207.911,207.476,207.808,7878,0
1771329600,207.808,208.214,207.776,207.992,7659,0
1771333200,207.992,208.033,207.689,207.709,8012,0
1771336800,207.713,207.81,207.359,207.378,7914,0
1771340400,207.376,207.551,207.231,207.275,12021,1
1771344000,207.273,207.679,207.27,207.474,14739,0
1771347600,207.475,207.875,207.413,207.669,15001,0
1771351200,207.669,207.922,207.669,207.899,11839,2
1771354800,207.899,207.936,207.77,207.901,9190,1
1771358400,207.901,207.983,207.751,207.933,7286,0
1771362000,207.933,208.006,207.804,207.837,5620,0
1771365600,207.839,207.89,207.77,207.888,4747,0
1771369200,207.889,207.996,207.761,207.789,3042,1
1771372800,207.791,207.835,207.625,207.666,370,128
1771376400,207.662,207.998,207.661,207.676,2591,0
1771380000,207.676,207.921,207.621,207.787,7432,0
1771383600,207.787,208.045,207.764,208.044,6039,2
1771387200,208.044,208.314,208.013,208.084,5269,1
1771390800,208.086,208.195,208.032,208.178,4939,4
1771394400,208.178,208.194,208.093,208.18,4700,1
1771398000,208.182,208.236,208.063,208.072,3320,0
1771401600,208.071,208.131,207.979,208.049,5646,0
1771405200,208.047,208.45,208.018,208.4,7083,0
1771408800,208.399,208.572,208.287,208.528,8086,0
1771412400,208.525,208.728,208.525,208.677,6536,0
1771416000,208.677,208.831,208.642,208.662,5195,0
1771419600,208.662,208.676,208.533,208.646,4564,1
1771423200,208.647,208.798,208.489,208.601,7145,0
1771426800,208.6,208.725,208.503,208.612,8974,2
1771430400,208.613,209.114,208.553,208.977,14778,0
1771434000,208.977,209.212,208.832,208.989,11966,0
1771437600,208.989,209.194,208.952,209.029,7308,0
1771441200,209.029,209.087,208.894,208.961,6846,0
1771444800,208.961,209.113,208.952,209.104,7915,1
1771448400,209.094,209.123,208.558,208.876,9907,0
1771452000,208.876,209.01,208.862,208.992,5750,3
1771455600,208.992,209.039,208.735,208.769,2609,3
1771459200,208.769,208.895,208.713,208.873,827,78
1771462800,208.873,208.913,208.744,208.757,2398,5
1771466400,208.76,208.89,208.639,208.744,6422,0
1771470000,208.744,209.152,208.732,209.127,4748,0
1771473600,209.127,209.21,208.85,209.165,5432,5
1771477200,209.165,209.455,209.104,209.281,5499,0
1771480800,209.283,209.441,209.144,209.152,5078,5
1771484400,209.152,209.464,209.144,209.464,4159,1
1771488000,209.464,209.475,209.233,209.34,6045,3
1771491600,209.339,209.536,209.319,209.374,5862,0
1771495200,209.375,209.468,208.967,209.094,8176,0
1771498800,209.093,209.319,208.877,209.053,7487,1
1771502400,209.047,209.089,208.612,208.674,7071,0
1771506000,208.674,208.699,208.2,208.217,7229,2
1771509600,208.216,208.429,208.082,208.41,7188,0
1771513200,208.408,208.65,208.278,208.62,9856,0
1771516800,208.62,208.723,208.464,208.689,13197,0
1771520400,208.685,208.89,208.535,208.536,13864,0
1771524000,208.536,208.553,208.273,208.351,10002,0
1771527600,208.351,208.554,208.272,208.532,7383,1
1771531200,208.537,208.578,208.448,208.455,5706,2
1771534800,208.455,208.642,208.445,208.608,5375,1
1771538400,208.609,208.735,208.577,208.723,4214,5
1771542000,208.722,208.843,208.61,208.628,4369,3
1771545600,208.628,208.657,208.435,208.654,457,51
1771549200,208.654,208.95,208.602,208.888,3034,8
1771552800,208.889,208.912,208.548,208.747,5382,5
1771556400,208.758,208.891,208.583,208.614,7230,1
1771560000,208.613,208.649,208.383,208.598,5965,6
1771563600,208.597,208.674,208.489,208.548,3814,6
1771567200,208.546,208.627,208.505,208.585,3880,4
1771570800,208.585,208.824,208.547,208.798,4465,1
1771574400,208.798,208.864,208.621,208.64,5827,0
1771578000,208.607,209.088,208.548,209.075,7637,0
1771581600,209.074,209.289,208.849,209.252,9437,0
1771585200,209.254,209.5,209.226,209.266,7138,0
1771588800,209.268,209.372,209.073,209.108,6785,0
1771592400,209.104,209.181,208.957,209.088,6107,1
1771596000,209.09,209.3,209.045,209.171,7260,0
1771599600,209.176,209.611,209.144,209.602,9588,0
1771603200,209.603,209.639,209.319,209.393,9989,0
1771606800,209.402,209.665,209.014,209.058,20257,0
1771610400,209.058,209.225,208.968,209.207,12969,1
1771614000,209.21,209.271,209.057,209.079,10687,0
1771617600,209.079,209.22,208.966,209.196,12792,0
1771621200,209.196,209.264,209.084,209.198,6492,4
1771624800,209.197,209.215,209.047,209.17,5008,2
1771628400,209.167,209.187,208.948,208.948,4019,1
1771804800,208.878,209.067,208.724,208.978,528,103
1771808400,208.975,209.075,208.757,208.86,6220,2
1771812000,208.859,208.869,208.384,208.396,9599,2
1771815600,208.396,208.526,208.214,208.484,8375,5
1771819200,208.482,208.661,208.361,208.547,7401,5
1771822800,208.553,208.671,208.502,208.514,4795,4
1771826400,208.516,208.768,208.447,208.734,4943,0
1771830000,208.735,208.816,208.692,208.8,4776,4
1771833600,208.798,208.995,208.701,208.985,5296,3
1771837200,208.985,209.139,208.909,208.947,7804,0
1771840800,208.943,209.148,208.919,209.111,9549,0
1771844400,209.109,209.2,208.994,209.118,6994,2
1771848000,209.117,209.224,209.084,209.087,6557,1
1771851600,209.084,209.163,208.928,209.001,6135,2
1771855200,209.012,209.047,208.803,208.906,7808,0
1771858800,208.907,208.949,208.679,208.831,9693,2
1771862400,208.834,209.109,208.774,208.957,11015,0
1771866000,208.959,208.983,208.32,208.39,13178,0
1771869600,208.392,208.541,208.24,208.412,11597,2
1771873200,208.411,208.421,208.135,208.359,9052,0
1771876800,208.359,208.736,208.352,208.526,6809,0
1771880400,208.53,208.627,208.5,208.567,5771,3
1771884000,208.561,208.734,208.561,208.732,5039,3
1771887600,208.728,208.857,208.597,208.597,3357,0
1771891200,208.597,208.614,208.451,208.53,4541,48
1771894800,208.569,208.753,208.491,208.719,3248,0
1771898400,208.728,208.986,208.693,208.98,5550,3
1771902000,208.979,209.144,208.914,209.065,7785,3
1771905600,209.063,209.239,208.936,209.104,5164,4
1771909200,209.105,209.241,209.076,209.221,5100,5
1771912800,209.222,209.366,209.178,209.311,5257,2
1771916400,209.311,209.392,209.254,209.297,5106,0
1771920000,209.297,209.327,209.017,209.02,6028,3
1771923600,209.021,210.463,208.977,210.394,12435,0
1771927200,210.394,210.727,210.231,210.289,11060,0
1771930800,210.288,210.454,210.156,210.399,7950,0
1771934400,210.399,210.477,210.247,210.35,4703,0
1771938000,210.345,210.351,209.989,210.224,5791,0
1771941600,210.223,210.373,210.119,210.261,8016,2
1771945200,210.26,210.465,210.149,210.455,9092,0
1771948800,210.456,210.587,210.311,210.529,11750,0
1771952400,210.54,210.845,210.437,210.704,12418,0
1771956000,210.704,210.768,210.524,210.602,9431,0
1771959600,210.602,210.627,210.413,210.551,6917,2
1771963200,210.552,210.554,210.401,210.411,4887,2
1771966800,210.411,210.449,210.322,210.328,4802,3
1771970400,210.327,210.414,210.279,210.397,4256,4
1771974000,210.398,210.435,210.123,210.123,2998,2
1771977600,210.141,210.351,210.094,210.158,607,78
1771981200,210.158,210.422,210.134,210.404,1495,3
1771984800,210.404,210.507,210.199,210.206,5885,2
1771988400,210.207,210.398,210.167,210.339,5614,0
1771992000,210.339,210.404,210.07,210.162,7838,2
1771995600,210.161,210.789,209.998,210.559,8862,1
1771999200,210.556,210.838,210.481,210.498,4548,0
1772002800,210.498,210.609,210.367,210.388,4559,3
1772006400,210.388,210.678,210.312,210.608,5043,4
1772010000,210.608,210.932,210.528,210.903,7002,0
1772013600,210.903,211.264,210.853,211.26,8940,1
1772017200,211.274,211.703,211.249,211.628,9740,0
1772020800,211.628,211.85,211.601,211.814,6787,0
1772024400,211.815,211.825,211.505,211.751,6101,1
1772028000,211.751,211.922,211.583,211.878,6904,0
1772031600,211.878,212.027,211.637,211.661,7627,0
1772035200,211.661,211.811,211.47,211.755,9416,0
1772038800,211.758,211.758,211.471,211.624,10885,1
1772042400,211.624,211.869,211.609,211.796,7601,0
1772046000,211.799,212.022,211.79,211.909,5769,3
1772049600,211.911,212.042,211.841,211.953,4325,3
1772053200,211.953,212.116,211.906,211.985,3761,5
1772056800,211.985,212.048,211.903,212.039,3798,4
1772060400,212.038,212.087,211.922,211.922,3157,4
1772064000,211.922,211.993,211.693,211.835,1515,46
1772067600,211.822,211.942,211.66,211.725,4284,8
1772071200,211.725,211.784,211.53,211.578,6424,0
1772074800,211.578,211.707,211.459,211.511,7376,0
1772078400,211.511,211.551,211.379,211.508,6300,3
1772082000,211.508,211.517,211.327,211.388,4742,3
1772085600,211.388,211.559,211.34,211.368,4938,3
1772089200,211.368,211.469,211.164,211.461,5047,3
1772092800,211.452,211.558,211.405,211.437,4822,0
1772096400,211.456,211.627,211.324,211.39,7681,0
1772100000,211.388,211.39,210.871,210.968,9938,1
1772103600,210.968,211.168,210.83,211.119,6937,1
1772107200,211.123,211.192,211.042,211.094,5839,1
1772110800,211.094,211.287,211.082,211.16,6181,0
1772114400,211.16,211.505,211.128,211.454,6612,1
1772118000,211.454,211.564,211.283,211.388,9620,0
1772121600,211.385,211.551,211.119,211.208,12011,0
1772125200,211.207,211.37,210.629,210.877,15860,0
1772128800,210.877,211.094,210.781,210.815,10931,0
1772132400,210.817,210.9,210.301,210.359,10691,0
1772136000,210.359,210.574,210.264,210.57,10446,0
1772139600,210.574,210.687,210.538,210.576,6453,2
1772143200,210.575,210.643,210.53,210.643,5156,3
1772146800,210.643,210.665,210.408,210.451,3359,4
1772150400,210.451,210.451,210.27,210.409,901,56
1772154000,210.409,210.418,210.219,210.269,2735,3
1772157600,210.27,210.378,209.977,210.226,7936,3
1772161200,210.23,210.301,210.054,210.206,8927,0
1772164800,210.206,210.271,210.037,210.059,4936,2
1772168400,210.059,210.233,210.055,210.161,5651,0
1772172000,210.162,210.248,209.941,209.98,5298,2
1772175600,209.979,210.213,209.936,210.209,5036,3
1772179200,210.209,210.228,209.928,209.964,6382,1
1772182800,209.96,210.573,209.958,210.518,7975,0
1772186400,210.523,210.806,210.461,210.724,8878,0
1772190000,210.721,210.83,210.445,210.453,7524,0
1772193600,210.453,210.486,210.15,210.186,7175,0
1772197200,210.186,210.194,209.947,209.951,5956,1
1772200800,209.949,210.149,209.93,209.994,6262,2
1772204400,209.991,210.224,209.804,209.961,12062,1
1772208000,209.964,210.192,209.952,210.058,12114,0
1772211600,210.056,210.156,209.815,209.815,13776,0
1772215200,209.815,210.105,209.797,209.964,10475,0
1772218800,209.965,210.066,209.929,210.046,8454,1
1772222400,210.045,210.207,210.029,210.189,6229,1
1772226000,210.187,210.326,210.107,210.323,5188,4
1772229600,210.323,210.489,210.302,210.482,6444,0
1772233200,210.486,210.51,210.259,210.31,4863,0
1772409600,209.148,209.644,208.995,209.403,1247,19
1772413200,209.403,210.067,209.394,209.968,8734,0
1772416800,209.966,210.166,209.786,210.076,15285,1
1772420400,210.076,210.462,210.073,210.119,15872,1
1772424000,210.119,210.254,210.044,210.119,10175,1
1772427600,210.119,210.268,210.079,210.212,9009,0
1772431200,210.209,210.402,210.149,210.341,8706,2
1772434800,210.342,210.533,210.309,210.392,9841,0
1772438400,210.393,210.42,209.837,209.938,14122,0
1772442000,209.936,210.061,209.506,209.753,15231,0
1772445600,209.755,209.939,209.35,209.562,16647,0
1772449200,209.562,209.968,209.489,209.956,13496,0
1772452800,209.956,210.41,209.898,210.364,10344,0
1772456400,210.363,210.622,210.27,210.521,8659,0
1772460000,210.513,210.881,210.503,210.819,11491,0
1772463600,210.815,211.058,210.724,210.798,14546,0
1772467200,210.797,211.365,210.659,211.229,15096,0
1772470800,211.237,211.378,210.763,210.914,17346,0
1772474400,210.914,210.914,210.507,210.877,14623,0
1772478000,210.878,211.152,210.812,211.106,10743,0
1772481600,211.105,211.113,210.907,210.971,7833,0
1772485200,210.971,211.109,210.933,211.027,8435,4
1772488800,211.029,211.033,210.759,210.869,14260,1
1772492400,210.869,211.057,210.814,210.888,4962,0
1772496000,210.888,210.991,210.691,210.926,410,68
1772499600,210.925,210.985,210.776,210.863,3094,7
1772503200,210.867,211.211,210.743,211.209,6659,3
1772506800,211.21,211.356,210.905,210.912,9746,1
1772510400,210.911,210.949,210.694,210.788,8916,3
1772514000,210.791,210.871,210.664,210.745,5653,0
1772517600,210.744,210.768,210.641,210.652,7114,3
1772521200,210.653,210.755,210.301,210.327,8456,2
1772524800,210.326,210.378,210.009,210.068,11113,0
1772528400,210.074,210.083,209.765,209.916,11982,0
1772532000,209.922,210.041,209.523,209.551,15299,0
1772535600,209.552,209.748,209.449,209.666,15425,0
1772539200,209.663,209.919,209.637,209.687,14528,0
1772542800,209.688,209.908,209.424,209.603,15837,0
1772546400,209.602,210.117,209.553,210.009,14519,0
1772550000,210.009,210.092,209.757,209.89,14945,0
1772553600,209.89,210.17,209.504,209.514,18685,0
1772557200,209.513,210.055,209.219,209.956,22437,0
1772560800,209.957,210.211,209.906,210.171,20070,1
1772564400,210.171,210.383,209.942,210.283,16649,0
1772568000,210.284,210.529,210.253,210.518,12854,0
1772571600,210.518,210.619,210.387,210.567,14603,0
1772575200,210.57,210.673,210.479,210.657,11660,0
1772578800,210.658,210.74,210.543,210.543,5616,0
1772582400,210.543,210.543,210.106,210.341,1452,63
1772586000,210.341,210.69,210.31,210.632,3740,2
1772589600,210.638,210.673,209.968,209.996,10418,2
1772593200,209.995,210.192,209.791,209.992,11798,4
1772596800,209.992,210.172,209.936,210.077,10509,3
1772600400,210.077,210.115,209.865,209.96,6770,3
1772604000,209.961,209.971,209.483,209.501,8090,3
1772607600,209.501,209.909,209.487,209.839,8177,2
1772611200,209.854,210.035,209.729,209.905,7996,3
1772614800,209.904,210.45,209.803,210.355,9133,0
1772618400,210.351,210.379,209.95,209.953,12199,1
1772622000,209.952,210.328,209.846,210.025,11199,0
1772625600,210.023,210.448,209.998,210.423,14015,0
1772629200,210.423,210.562,210.144,210.328,10619,0
1772632800,210.328,210.34,209.972,210.038,10628,0
1772636400,210.042,210.303,210.008,210.184,12110,0
1772640000,210.186,210.483,210.076,210.112,14703,0
1772643600,210.11,210.392,209.959,209.981,16124,1
1772647200,209.981,210.056,209.719,209.787,11799,0
1772650800,209.787,209.817,209.484,209.733,8249,1
1772654400,209.735,209.841,209.679,209.821,6666,3
1772658000,209.821,209.991,209.753,209.981,7175,3
1772661600,209.98,210.156,209.933,210.122,5695,4
1772665200,210.121,210.146,209.941,209.941,4294,4
1772668800,209.941,210.063,209.797,209.91,1990,48
1772672400,209.896,210.003,209.818,209.862,3287,7
1772676000,209.863,209.864,209.519,209.555,7289,0
1772679600,209.555,209.705,209.362,209.545,11517,3
1772683200,209.545,209.755,209.459,209.745,9876,0
1772686800,209.745,209.77,209.336,209.441,11564,4
1772690400,209.439,209.558,209.378,209.532,8069,2
1772694000,209.532,209.613,209.274,209.285,8959,2
1772697600,209.285,209.401,209.181,209.365,10925,0
1772701200,209.373,209.812,209.373,209.805,10971,0
1772704800,209.807,209.816,209.36,209.586,12745,0
1772708400,209.586,209.919,209.541,209.876,16849,0
1772712000,209.878,210.014,209.709,209.987,10249,0
1772715600,209.988,210.259,209.959,210.198,9648,0
1772719200,210.2,210.466,210.164,210.45,10238,0
1772722800,210.447,210.565,210.338,210.541,11711,0
1772726400,210.534,210.619,210.171,210.256,13996,0
1772730000,210.259,210.274,209.887,209.993,15984,0
1772733600,209.991,210.024,209.785,209.875,15814,0
1772737200,209.875,210.309,209.855,210.194,15041,0
1772740800,210.192,210.476,210.121,210.274,14658,0
1772744400,210.275,210.314,210.181,210.206,10523,2
1772748000,210.204,210.465,210.199,210.439,13669,2
1772751600,210.444,210.481,210.352,210.406,4673,0
1772755200,210.406,210.406,210.094,210.15,596,83
1772758800,210.15,210.501,210.14,210.441,3697,8
1772762400,210.442,210.515,210.257,210.365,6012,0
1772766000,210.363,210.564,210.347,210.472,8015,3
1772769600,210.469,210.596,210.469,210.506,4092,1
1772773200,210.506,210.594,210.467,210.59,3856,6
1772776800,210.591,210.73,210.571,210.684,3949,2
1772780400,210.687,210.897,210.676,210.815,5996,1
1772784000,210.817,210.988,210.74,210.85,7168,6
1772787600,210.853,210.899,210.583,210.615,6789,3
1772791200,210.615,210.787,210.519,210.7,7153,2
1772794800,210.7,210.715,210.26,210.324,11645,0
1772798400,210.326,210.632,210.303,210.619,8984,0
1772802000,210.619,210.649,210.359,210.366,10666,0
1772805600,210.366,210.709,210.311,210.558,10093,0
1772809200,210.558,210.882,210.496,210.575,18278,0
1772812800,210.576,210.807,210.283,210.336,19376,0
1772816400,210.335,210.896,210.317,210.519,18489,1
1772820000,210.519,211.238,210.519,211.202,14506,2
1772823600,211.201,211.354,211.14,211.245,14012,2
1772827200,211.245,211.4,211.118,211.258,12879,0
1772830800,211.256,211.367,211.23,211.337,8727,2
1772834400,211.344,211.487,211.306,211.455,8883,5
1772838000,211.452,211.681,211.338,211.636,6405,1
1773014400,210.676,211.014,210.676,210.869,1010,79
1773018000,210.889,211.077,210.752,210.831,8361,25
1773021600,210.831,210.878,210.601,210.759,12032,8
1773025200,210.749,211.049,210.656,211.001,12406,3
1773028800,211.015,211.02,210.737,210.839,14285,0
1773032400,210.839,211.2,210.839,211.151,11700,0
1773036000,211.151,211.302,211.085,211.206,9276,3
1773039600,211.208,211.386,211.03,211.058,9024,2
1773043200,211.058,211.363,210.991,211.165,15053,0
1773046800,211.165,211.352,211.062,211.152,14233,0
1773050400,211.153,211.489,211.087,211.456,13012,0
1773054000,211.455,211.485,211.029,211.279,17554,0
1773057600,211.278,211.503,211.13,211.335,17713,0
1773061200,211.335,211.482,211.229,211.457,15382,0
1773064800,211.457,211.575,211.4,211.517,13857,1
1773068400,211.516,211.782,211.454,211.73,12260,1
1773072000,211.732,211.827,211.594,211.723,16579,0
1773075600,211.724,211.935,211.49,211.875,18740,0
1773079200,211.876,212.046,211.613,211.714,13812,0
1773082800,211.713,211.959,211.711,211.76,12652,0
1773086400,211.76,211.983,211.732,211.937,8288,2
1773090000,211.936,212.075,211.935,212.013,7864,0
1773093600,212.011,212.174,211.841,211.987,16953,0
1773097200,211.987,212.097,211.764,211.764,7536,0
1773100800,211.764,211.987,211.685,211.819,1270,68
1773104400,211.787,212.058,211.777,211.97,5010,17
1773108000,211.97,212.026,211.881,211.927,5788,4
1773111600,211.927,212.016,211.701,211.726,11479,0
1773115200,211.722,211.822,211.586,211.705,11274,3
1773118800,211.706,211.811,211.669,211.806,8926,3
1773122400,211.806,211.928,211.766,211.826,8820,4
1773126000,211.826,211.873,211.738,211.806,6567,1
1773129600,211.807,211.896,211.678,211.802,6600,0
1773133200,211.802,212.01,211.732,211.901,7863,2
1773136800,211.901,212.087,211.819,211.993,12019,0
1773140400,211.993,212.26,211.957,212.249,12473,1
1773144000,212.256,212.297,212.093,212.17,9304,0
1773147600,212.17,212.29,212.132,212.203,11299,0
1773151200,212.203,212.339,212.135,212.143,12382,0
1773154800,212.143,212.273,212.066,212.117,14428,0
1773158400,212.115,212.399,212.059,212.258,14071,0
1773162000,212.259,212.386,212.17,212.362,14203,0
1773165600,212.363,212.412,212.093,212.093,11903,1
1773169200,212.094,212.203,212.011,212.131,10055,0
1773172800,212.132,212.227,212.082,212.167,12333,0
1773176400,212.167,212.234,211.984,211.993,16725,0
1773180000,211.995,212.174,211.978,212.052,11880,0
1773183600,212.054,212.097,211.991,212.058,4802,2
1773187200,212.058,212.17,211.953,212.092,2276,24
1773190800,212.092,212.157,212.039,212.147,1979,0
1773194400,212.146,212.216,212.092,212.166,3802,5
1773198000,212.168,212.523,212.125,212.458,8252,3
1773201600,212.458,212.85,212.458,212.808,7528,4
1773205200,212.813,212.884,212.758,212.843,6036,4
1773208800,212.843,212.863,212.738,212.804,5238,5
1773212400,212.803,212.889,212.707,212.716,5455,3
1773216000,212.717,212.783,212.633,212.711,6511,2
1773219600,212.711,212.711,212.362,212.486,7980,3
1773223200,212.477,212.65,212.395,212.572,10160,0
1773226800,212.571,212.687,212.427,212.68,12648,0
1773230400,212.686,212.713,212.391,212.602,11766,0
1773234000,212.602,212.885,212.558,212.827,9263,0
1773237600,212.826,212.97,212.721,212.828,9305,0
1773241200,212.827,212.908,212.449,212.523,14574,1
1773244800,212.523,212.752,212.476,212.655,14502,0
1773248400,212.653,213.07,212.627,213.01,15799,0
1773252000,213.01,213.053,212.745,212.793,12282,2
1773255600,212.793,213.036,212.757,212.996,10787,0
1773259200,212.995,213.193,212.969,213.014,10495,0
1773262800,213.012,213.216,212.994,213.203,8372,3
1773266400,213.204,213.303,213.162,213.281,5878,2
1773270000,213.281,213.286,213.162,213.165,3656,3
1773273600,213.165,213.165,212.854,212.933,634,34
1773277200,212.905,213.077,212.858,212.866,3269,7
1773280800,212.866,213.008,212.813,212.89,5504,0
1773284400,212.883,213.028,212.737,212.749,8141,3
1773288000,212.749,212.806,212.647,212.686,6188,1
1773291600,212.686,212.778,212.61,212.667,4976,5
1773295200,212.667,212.676,212.564,212.642,3582,6
1773298800,212.642,212.7,212.618,212.629,3682,4
1773302400,212.629,212.712,212.557,212.705,5810,2
1773306000,212.704,212.746,212.569,212.625,5518,4
1773309600,212.627,212.766,212.552,212.669,7262,2
1773313200,212.669,212.682,212.486,212.566,8232,2
1773316800,212.566,212.683,212.516,212.621,8391,2
1773320400,212.623,212.632,212.46,212.56,7770,2
1773324000,212.559,212.682,212.53,212.606,6372,0
1773327600,212.608,212.65,212.433,212.566,9143,0
1773331200,212.566,212.738,212.523,212.555,14350,0
1773334800,212.555,212.697,212.504,212.611,13762,0
1773338400,212.611,212.641,212.405,212.516,14541,3
1773342000,212.514,212.694,212.44,212.51,12944,1
1773345600,212.509,212.784,212.506,212.781,10193,3
1773349200,212.782,212.869,212.663,212.68,7688,2
1773352800,212.68,212.764,212.633,212.723,8001,3
1773356400,212.723,212.762,212.592,212.608,6355,4
1773360000,212.608,212.74,212.36,212.626,1693,41
1773363600,212.66,212.731,212.547,212.617,5544,10
1773367200,212.617,212.706,212.554,212.609,4132,4
1773370800,212.61,212.699,212.427,212.599,7598,0
1773374400,212.601,212.72,212.59,212.717,6700,5
1773378000,212.717,212.813,212.631,212.674,7660,1
1773381600,212.673,212.712,212.593,212.679,6163,7
1773385200,212.679,212.873,212.566,212.643,6160,5
1773388800,212.643,212.643,212.404,212.555,5194,1
1773392400,212.555,212.564,212.213,212.29,9393,4
1773396000,212.289,212.296,211.645,211.725,11373,0
1773399600,211.724,211.724,211.283,211.284,13225,0
1773403200,211.289,211.613,211.256,211.504,11191,1
1773406800,211.503,211.616,211.311,211.366,9948,2
1773410400,211.367,211.464,211.131,211.132,11149,0
1773414000,211.132,211.522,211.095,211.454,12405,0
1773417600,211.454,211.528,211.25,211.285,13101,0
1773421200,211.283,211.44,211.128,211.246,14895,1
1773424800,211.245,211.358,211.141,211.207,14478,0
1773428400,211.206,211.386,211.18,211.386,13264,2
1773432000,211.386,211.515,211.336,211.37,11227,1
1773435600,211.369,211.476,211.313,211.409,9331,2
1773439200,211.41,211.41,211.175,211.204,9161,2
1773442800,211.204,211.249,211.025,211.032,5477,0
1773619200,210.897,211.301,210.897,211.257,789,3
1773622800,211.265,211.357,211.131,211.195,3860,0
1773626400,211.194,211.394,211.12,211.358,5388,4
1773630000,211.36,211.42,211.172,211.282,7237,0
1773633600,211.282,211.396,211.232,211.379,6480,3
1773637200,211.38,211.565,211.348,211.506,4709,4
1773640800,211.511,211.574,211.474,211.513,3444,2
1773644400,211.513,211.579,211.425,211.435,3439,3
1773648000,211.435,211.483,211.133,211.135,4493,4
1773651600,211.135,211.203,210.946,211.06,5233,4
1773655200,211.069,211.075,210.804,210.954,9056,2
1773658800,210.954,211.176,210.904,211.167,10162,1
1773662400,211.169,211.219,211.016,211.059,9574,4
1773666000,211.06,211.349,211.041,211.325,8711,0
1773669600,211.325,211.362,211.23,211.312,8046,0
1773673200,211.313,211.364,211.202,211.289,9317,2
1773676800,211.287,211.573,211.274,211.505,10484,0
1773680400,211.504,211.665,211.385,211.613,10291,0
1773684000,211.613,211.93,211.613,211.891,9856,1
1773687600,211.892,211.941,211.717,211.872,11255,3
1773691200,211.872,212.001,211.85,211.863,10083,1
1773694800,211.861,211.984,211.854,211.933,9503,2
1773698400,211.934,212.116,211.931,212.09,8944,0
1773702000,212.087,212.1,211.801,211.805,4686,2
1773705600,211.806,211.905,211.712,211.87,1011,36
1773709200,211.87,211.897,211.794,211.837,2115,10
1773712800,211.837,211.93,211.803,211.846,2669,6
1773716400,211.846,211.943,211.802,211.928,5320,0
1773720000,211.925,212.119,211.882,212.076,6967,3
1773723600,212.076,212.14,212.035,212.045,4059,5
1773727200,212.047,212.114,211.941,211.968,4186,3
1773730800,211.966,212.021,211.903,211.959,3526,1
1773734400,211.959,212.031,211.829,211.847,5476,4
1773738000,211.847,211.882,211.631,211.783,7526,0
1773741600,211.784,211.998,211.732,211.86,7000,0
1773745200,211.862,212.083,211.647,212.066,9171,0
1773748800,212.066,212.234,212.046,212.202,6534,2
1773752400,212.202,212.267,211.98,212.012,6581,0
1773756000,212.012,212.109,211.822,211.876,6976,3
1773759600,211.881,212.083,211.838,212.026,8446,0
1773763200,212.028,212.171,211.964,212.043,12628,0
1773766800,212.043,212.247,212.019,212.143,7981,3
1773770400,212.141,212.267,212.094,212.189,9983,0
1773774000,212.188,212.219,212.018,212.144,9698,1
1773777600,212.144,212.378,212.144,212.365,6530,2
1773781200,212.366,212.437,212.326,212.424,5237,5
1773784800,212.424,212.483,212.356,212.379,4163,5
1773788400,212.378,212.42,212.328,212.335,3063,4
1773792000,212.335,212.423,212.131,212.423,721,33
1773795600,212.397,212.415,212.294,212.367,2613,1
1773799200,212.366,212.381,212.224,212.258,3237,7
1773802800,212.26,212.49,212.132,212.379,11124,0
1773806400,212.378,212.44,212.29,212.333,5598,5
1773810000,212.333,212.348,212.147,212.191,5161,5
1773813600,212.192,212.326,212.178,212.309,2934,3
1773817200,212.309,212.332,212.169,212.229,4721,2
1773820800,212.228,212.265,212.102,212.21,4961,4
1773824400,212.21,212.223,212.041,212.155,6269,4
1773828000,212.156,212.282,211.952,212.019,6650,2
1773831600,212.026,212.246,212.001,212.201,7540,0
1773835200,212.2,212.346,212.189,212.303,6566,1
1773838800,212.303,212.424,212.252,212.364,5075,3
1773842400,212.365,212.492,212.312,212.383,9939,0
1773846000,212.387,212.446,212.214,212.293,15013,0
1773849600,212.294,212.537,212.275,212.537,15320,1
1773853200,212.536,212.634,212.191,212.443,14258,0
1773856800,212.442,212.568,212.332,212.467,11078,2
1773860400,212.467,212.663,212.442,212.656,9612,1
1773864000,212.656,212.727,212.546,212.636,8708,2
1773867600,212.623,212.663,212.26,212.268,13435,0
1773871200,212.268,212.327,212.119,212.198,10907,0
1773874800,212.198,212.231,211.895,211.897,7044,0
1773878400,211.897,212.052,211.788,212.012,538,17
1773882000,212.008,212.014,211.791,211.839,2867,9
1773885600,211.84,211.988,211.827,211.978,4000,3
1773889200,211.983,212.27,211.963,212.27,6903,1
1773892800,212.27,212.35,212.066,212.08,4603,1
1773896400,212.08,212.245,211.985,212.142,6412,0
1773900000,212.144,212.214,212.003,212.013,2730,0
1773903600,212.009,212.01,211.825,211.897,2693,0
1773907200,211.897,211.982,211.815,211.834,3741,3
1773910800,211.844,211.997,211.76,211.844,7780,2
1773914400,211.846,211.872,211.156,211.2,12719,0
1773918000,211.199,211.296,210.846,210.968,12415,1
1773921600,210.968,211.523,210.966,211.432,16277,0
1773925200,211.427,211.458,211.241,211.298,11466,0
1773928800,211.299,211.445,211.151,211.435,10030,2
1773932400,211.435,211.697,211.276,211.328,17150,0
1773936000,211.328,211.416,210.797,211.23,21138,0
1773939600,211.226,211.645,211.093,211.645,20327,0
1773943200,211.646,211.904,211.231,211.324,16654,0
1773946800,211.322,211.465,211.172,211.295,16106,1
1773950400,211.293,211.615,211.285,211.522,11103,2
1773954000,211.521,211.645,211.473,211.609,10237,3
1773957600,211.614,212.154,211.61,211.726,19521,0
1773961200,211.726,211.878,211.67,211.78,4657,2
1773964800,211.78,211.986,211.53,211.861,609,42
1773968400,211.848,211.993,211.828,211.952,2353,9
1773972000,211.954,212.066,211.937,212.009,3406,5
1773975600,212.01,212.069,211.805,211.905,5023,0
1773979200,211.905,212.14,211.812,212.11,6941,5
1773982800,212.11,212.351,212.11,212.309,4541,4
1773986400,212.31,212.333,212.214,212.299,3952,6
1773990000,212.299,212.339,212.264,212.269,3514,7
1773993600,212.269,212.349,212.258,212.292,3945,6
1773997200,212.291,212.395,212.277,212.318,4629,5
1774000800,212.323,212.687,212.278,212.538,7828,0
1774004400,212.536,212.77,212.534,212.644,9415,3
1774008000,212.644,212.692,212.504,212.555,9505,0
1774011600,212.551,212.574,212.269,212.342,11004,0
1774015200,212.343,212.475,212.231,212.405,7813,3
1774018800,212.407,212.618,212.289,212.355,10930,1
1774022400,212.354,212.433,212.182,212.307,15468,0
1774026000,212.305,212.342,211.758,211.765,16425,0
1774029600,211.765,212.235,211.755,211.834,15586,1
1774033200,211.834,212.236,211.822,212.191,12222,1
1774036800,212.191,212.417,212.182,212.347,11471,2
1774040400,212.349,212.607,212.342,212.355,11198,0
1774044000,212.355,212.514,212.218,212.405,10640,0
1774047600,212.403,212.501,212.35,212.352,6730,3
1774224000,211.946,212.217,211.747,211.905,556,0
1774227600,211.897,212.294,211.874,212.236,4907,10
1774231200,212.236,212.287,212.097,212.216,8032,0
1774234800,212.213,212.451,212.019,212.451,11161,3
1774238400,212.451,212.741,212.415,212.633,11140,1
1774242000,212.631,212.696,212.419,212.478,8647,0
1774245600,212.477,212.582,212.258,212.312,6250,1
1774249200,212.311,212.414,212.249,212.379,4321,0
1774252800,212.379,212.423,212.219,212.246,6610,3
1774256400,212.246,212.271,211.92,211.935,11445,1
1774260000,211.935,212.232,211.856,212.084,12627,0
1774263600,212.083,212.603,212.072,212.186,15530,0
1774267200,212.195,212.268,211.661,211.701,13522,0
1774270800,211.7,211.812,211.576,211.699,13285,0
1774274400,211.7,213.007,211.614,212.269,25874,0
1774278000,212.27,212.882,212.175,212.866,22176,0
1774281600,212.864,212.911,212.432,212.568,21428,0
1774285200,212.568,213.305,212.428,212.979,20661,0
1774288800,212.979,213.093,212.411,212.416,20157,0
1774292400,212.415,212.785,212.374,212.65,19003,0
1774296000,212.65,212.78,212.557,212.693,14311,2
1774299600,212.693,212.743,212.493,212.675,13611,1
1774303200,212.675,212.8,212.627,212.775,9866,0
1774306800,212.77,212.833,212.649,212.686,3992,0
1774310400,212.586,212.836,212.562,212.757,592,52
1774314000,212.751,212.751,212.618,212.677,1433,8
1774317600,212.677,212.788,212.605,212.774,4750,6
1774321200,212.772,212.809,212.354,212.499,10347,1
1774324800,212.501,212.528,212.286,212.413,9523,4
1774328400,212.415,212.655,212.384,212.622,6691,5
1774332000,212.624,212.712,212.526,212.672,4192,7
1774335600,212.672,212.692,212.52,212.635,5167,0
1774339200,212.635,212.656,212.461,212.539,5886,6
1774342800,212.54,212.765,212.535,212.714,7113,2
1774346400,212.714,212.979,212.71,212.867,11091,4
1774350000,212.866,212.871,212.251,212.438,12332,0
1774353600,212.438,212.624,212.381,212.602,10900,5
1774357200,212.602,212.757,212.584,212.732,8220,0
1774360800,212.727,212.843,212.559,212.694,9979,0
1774364400,212.694,212.804,212.564,212.698,11888,1
1774368000,212.698,212.701,212.404,212.433,15300,0
1774371600,212.432,212.871,212.408,212.673,15700,2
1774375200,212.672,212.717,212.483,212.625,14020,2
1774378800,212.626,212.728,212.559,212.676,9706,4
1774382400,212.677,212.804,212.48,212.799,14664,0
1774386000,212.802,212.831,212.639,212.755,10973,2
1774389600,212.755,212.815,212.686,212.765,8930,3
1774393200,212.766,212.928,212.65,212.802,10425,3
1774396800,212.715,212.841,212.563,212.82,3107,47
1774400400,212.82,212.928,212.763,212.915,4926,8
1774404000,212.915,212.985,212.879,212.904,5231,5
1774407600,212.904,213.189,212.867,213.039,9323,0
1774411200,213.043,213.115,212.897,212.91,8503,5
1774414800,212.91,212.951,212.799,212.841,7606,4
1774418400,212.841,212.872,212.753,212.776,5090,5
1774422000,212.775,212.93,212.737,212.765,5292,2
1774425600,212.765,212.822,212.634,212.652,5525,3
1774429200,212.651,212.884,212.633,212.798,7943,5
1774432800,212.801,213.126,212.755,213.092,9397,0
1774436400,213.094,213.208,212.841,212.875,12858,0
1774440000,212.873,212.968,212.771,212.853,8908,0
1774443600,212.855,213.121,212.852,213.072,7413,0
1774447200,213.071,213.172,213.05,213.097,7933,0
1774450800,213.094,213.212,212.911,212.988,13331,0
1774454400,212.99,213.049,212.761,212.804,12563,1
1774458000,212.806,212.949,212.646,212.884,14555,0
1774461600,212.883,213.001,212.668,212.877,13487,1
1774465200,212.874,213.078,212.751,213.051,11279,1
1774468800,213.051,213.197,213.01,213.151,8153,0
1774472400,213.151,213.18,213.004,213.077,7693,2
1774476000,213.076,213.162,213.051,213.139,6626,3
1774479600,213.14,213.155,213.035,213.105,3084,3
1774483200,213.105,213.144,212.908,212.989,1538,38
1774486800,212.995,213.075,212.985,212.985,4391,11
1774490400,212.986,213.039,212.943,212.993,3784,4
1774494000,212.993,213.08,212.907,213.033,5326,6
1774497600,213.032,213.113,212.992,213.093,4540,2
1774501200,213.095,213.108,212.927,212.98,3384,7
1774504800,212.981,213.121,212.923,213.103,3802,5
1774508400,213.103,213.113,213.022,213.087,2841,6
1774512000,213.085,213.098,212.952,212.994,5006,3
1774515600,212.994,213.097,212.892,212.911,5954,1
1774519200,212.912,212.998,212.737,212.923,6426,0
1774522800,212.923,212.937,212.698,212.932,8110,0
1774526400,212.93,213.017,212.816,212.981,8521,0
1774530000,212.98,213.082,212.912,212.974,7494,0
1774533600,212.975,213.019,212.757,212.76,8503,2
1774537200,212.76,212.861,212.711,212.8,9380,0
1774540800,212.8,213.158,212.799,213.048,12884,2
1774544400,213.046,213.306,213.012,213.18,13857,0
1774548000,213.178,213.268,212.974,213.148,11198,1
1774551600,213.147,213.184,212.926,212.942,9488,4
1774555200,212.941,213.095,212.775,212.778,7501,0
1774558800,212.778,212.926,212.759,212.911,6666,4
1774562400,212.911,212.94,212.774,212.781,6055,1
1774566000,212.781,213.046,212.733,212.957,9335,0
1774569600,212.957,213.023,212.712,212.908,1311,49
1774573200,212.937,213.009,212.904,212.937,2998,12
1774576800,212.937,212.988,212.889,212.984,3477,5
1774580400,212.984,212.991,212.59,212.75,9310,3
1774584000,212.75,212.899,212.684,212.789,5302,3
1774587600,212.794,212.901,212.791,212.833,4207,4
1774591200,212.833,212.941,212.761,212.933,4387,2
1774594800,212.935,212.989,212.846,212.979,3815,5
1774598400,212.979,213.025,212.902,212.932,5567,2
1774602000,212.934,213.047,212.901,213.025,6265,4
1774605600,213.023,213.098,212.935,212.943,8517,0
1774609200,212.937,212.976,212.717,212.807,10042,0
1774612800,212.799,212.87,212.627,212.727,8647,0
1774616400,212.727,212.807,212.673,212.719,7896,0
1774620000,212.719,212.725,212.331,212.337,7342,1
1774623600,212.337,212.37,212.227,212.341,9298,1
1774627200,212.341,212.691,212.298,212.608,11408,0
1774630800,212.603,212.928,212.591,212.847,12548,0
1774634400,212.844,212.972,212.567,212.876,14145,0
1774638000,212.874,213.006,212.574,212.615,12080,0
1774641600,212.616,212.785,212.59,212.724,9318,0
1774645200,212.725,212.799,212.647,212.655,8096,2
1774648800,212.654,212.661,212.533,212.542,7027,0
1774652400,212.544,212.708,212.399,212.399,5189,0
1774828800,212.309,212.648,212.287,212.468,468,85
1774832400,212.468,212.582,212.292,212.338,5061,10
1774836000,212.339,212.418,212.086,212.113,6168,2
1774839600,212.114,212.135,211.87,211.87,10117,0
1774843200,211.872,211.988,211.847,211.906,7321,6
1774846800,211.906,211.944,211.752,211.92,6169,4
1774850400,211.92,212.074,211.866,212.061,5652,3
1774854000,212.054,212.057,211.907,212.011,4495,6
1774857600,212.011,212.08,211.955,212.005,5785,4
1774861200,212.004,212.107,211.925,211.998,7932,3
1774864800,211.999,211.999,211.446,211.631,9172,1
1774868400,211.627,211.649,211.28,211.338,7845,0
1774872000,211.338,211.379,211.168,211.237,7361,1
1774875600,211.242,211.32,211.079,211.139,6039,2
1774879200,211.141,211.293,211.05,211.056,8653,1
1774882800,211.055,211.074,210.791,210.816,9080,0
1774886400,210.817,210.883,210.257,210.313,12058,1
1774890000,210.312,210.64,210.242,210.554,13094,0
1774893600,210.554,210.576,210.284,210.35,11179,1
1774897200,210.35,210.377,210.199,210.311,7981,1
1774900800,210.311,210.458,210.288,210.397,8555,1
1774904400,210.398,210.534,210.326,210.464,6718,2
1774908000,210.465,210.567,210.375,210.557,6750,2
1774911600,210.557,210.602,210.456,210.551,5276,2
1774915200,210.551,210.61,210.337,210.603,1596,50
1774918800,210.599,210.63,210.547,210.605,2973,11
1774922400,210.604,210.619,210.461,210.548,3251,2
1774926000,210.544,211.058,210.425,211.047,10932,0
1774929600,211.047,211.216,210.948,211.025,9666,1
1774933200,211.025,211.036,210.793,210.821,5802,3
1774936800,210.818,210.889,210.769,210.832,4449,5
1774940400,210.832,210.855,210.643,210.65,3249,6
1774944000,210.648,210.833,210.407,210.718,6021,4
1774947600,210.711,210.931,210.626,210.92,7977,0
1774951200,210.921,210.955,210.708,210.813,8347,0
1774954800,210.813,210.959,210.72,210.832,7502,2
1774958400,210.83,211.024,210.717,210.959,6360,2
1774962000,210.959,211.002,210.828,210.836,6809,0
1774965600,210.845,211.005,210.719,210.983,12912,0
1774969200,210.979,211.204,210.945,210.946,12567,0
1774972800,210.947,211.036,210.786,210.967,12487,0
1774976400,210.965,211.05,209.628,209.816,17136,0
1774980000,209.814,210.096,209.68,209.733,15125,0
1774983600,209.731,210.199,209.7,210.063,16717,0
1774987200,210.066,210.42,210.05,210.293,15987,0
1774990800,210.291,210.411,210.131,210.16,9206,2
1774994400,210.163,210.268,210.015,210.062,9683,0
1774998000,210.062,210.09,209.862,209.883,6764,0
1775001600,209.883,210.014,209.728,209.78,1149,27
1775005200,209.78,209.975,209.78,209.94,2835,3
1775008800,209.941,209.997,209.828,209.951,3412,0
1775012400,209.942,210.333,209.889,210.258,5408,4
1775016000,210.258,210.327,209.957,209.981,8950,5
1775019600,209.981,210.111,209.971,210.078,5264,6
1775023200,210.077,210.165,209.87,210.153,3958,4
1775026800,210.153,210.314,210.142,210.202,3776,4
1775030400,210.202,210.481,210.194,210.278,6047,3
1775034000,210.277,210.52,210.208,210.299,11374,0
1775037600,210.299,210.57,210.167,210.553,13076,0
1775041200,210.551,210.773,210.496,210.663,11054,0
1775044800,210.661,210.936,210.578,210.901,8773,1
1775048400,210.901,211.152,210.768,210.783,7702,0
1775052000,210.783,211.003,210.744,210.866,6778,2
1775055600,210.866,210.953,210.69,210.86,10895,0
1775059200,210.859,211.184,210.762,211.118,14585,0
1775062800,211.118,211.299,210.903,211.253,15125,2
1775066400,211.253,211.4,211.101,211.369,10389,0
1775070000,211.369,211.426,211.227,211.419,7913,3
1775073600,211.418,211.438,211.201,211.287,7699,0
1775077200,211.287,211.294,211.047,211.205,8802,1
1775080800,211.205,211.343,211.15,211.257,6777,0
1775084400,211.259,211.305,211.151,211.156,5434,3
1775088000,211.156,211.235,210.886,211.122,2429,27
1775091600,211.106,211.197,210.978,211.001,2407,0
1775095200,211.005,211.099,210.979,211.085,4819,4
1775098800,211.085,211.262,210.981,211.182,7285,4
1775102400,211.184,211.272,210.868,211.094,18253,1
1775106000,211.094,211.174,210.955,211.129,8079,5
1775109600,211.129,211.152,210.842,210.885,6056,6
1775113200,210.885,210.932,210.837,210.867,5882,5
1775116800,210.867,210.901,210.627,210.666,6105,4
1775120400,210.645,210.747,210.342,210.731,9261,1
1775124000,210.732,211.069,210.687,210.872,11355,2
1775127600,210.876,210.944,210.671,210.759,8634,4
1775131200,210.759,210.799,210.612,210.623,6881,0
1775134800,210.621,210.628,210.469,210.525,7453,2
1775138400,210.525,210.809,210.523,210.796,7449,3
1775142000,210.802,210.962,210.762,210.907,10151,3
1775145600,210.907,210.918,210.689,210.777,12933,2
1775149200,210.777,211.023,210.579,211.013,17189,0
1775152800,211.014,211.045,210.755,210.906,13658,0
1775156400,210.907,211.05,210.775,211.016,9202,4
1775160000,211.018,211.208,210.976,211.021,6904,4
1775163600,211.021,211.157,211.019,211.052,5804,3
1775167200,211.053,211.121,210.987,211.086,7439,3
1775170800,211.09,211.092,210.885,210.885,3114,6
1775174400,210.89,210.986,210.778,210.892,495,115
1775178000,210.892,211.019,210.875,210.974,885,10
1775181600,210.975,211.027,210.955,210.984,2327,8
1775185200,210.986,211.204,210.918,211.2,3563,2
1775188800,211.2,211.213,211.083,211.149,1943,6
1775192400,211.148,211.191,211.097,211.177,2491,4
1775196000,211.177,211.213,211.079,211.096,1248,8
1775199600,211.096,211.134,211.008,211.107,1895,8
1775203200,211.107,211.265,211.044,211.256,3250,6
1775206800,211.256,211.272,211.181,211.237,2481,5
1775210400,211.241,211.302,211.2,211.249,2270,7
1775214000,211.258,211.289,211.173,211.269,2717,0
1775217600,211.269,211.277,211.175,211.201,2017,7
1775221200,211.201,211.22,211.128,211.181,2188,6
1775224800,211.175,211.222,211.135,211.166,3855,7
1775228400,211.165,211.183,210.616,210.873,5478,4
1775232000,210.875,210.973,210.705,210.814,2843,3
1775235600,210.815,210.822,210.683,210.691,2074,8
1775239200,210.691,210.856,210.61,210.726,4887,0
1775242800,210.725,210.731,210.614,210.658,1363,12
1775246400,210.65,210.7,210.607,210.641,1585,7
1775250000,210.641,210.651,210.526,210.584,1087,18
1775253600,210.581,210.6,210.547,210.569,965,12
1775257200,210.569,210.769,210.312,210.396,1918,0
1775433600,210.434,210.736,210.338,210.465,347,52
1775437200,210.448,210.692,210.313,210.622,5283,10
1775440800,210.624,210.749,210.551,210.678,5495,7
1775444400,210.677,210.838,210.666,210.818,5456,4
1775448000,210.807,210.812,210.597,210.679,4800,3
1775451600,210.679,210.893,210.65,210.79,6263,6
1775455200,210.79,210.844,210.699,210.812,4027,6
1775458800,210.812,210.839,210.754,210.829,3270,6
1775462400,210.829,210.944,210.82,210.887,3452,4
1775466000,210.888,211.062,210.821,210.987,5249,0
1775469600,210.987,211.389,210.904,211.235,6991,4
1775473200,211.235,211.321,211.147,211.171,6032,0
1775476800,211.171,211.287,211.153,211.169,5116,1
1775480400,211.169,211.291,211.159,211.188,4545,0
1775484000,211.191,211.291,211.129,211.203,5628,4
1775487600,211.204,211.252,211.103,211.139,5246,5
1775491200,211.139,211.458,211.121,211.452,7100,2
1775494800,211.449,211.542,211.291,211.421,12393,4
1775498400,211.42,211.446,211.239,211.348,8759,1
1775502000,211.348,211.402,211.292,211.323,5172,3
1775505600,211.325,211.395,211.203,211.321,6233,6
1775509200,211.321,211.407,211.266,211.379,6286,6
1775512800,211.379,211.41,211.312,211.342,3745,6
1775516400,211.342,211.384,211.315,211.315,2705,6
1775520000,211.315,211.491,211.189,211.333,1116,8
1775523600,211.333,211.351,211.246,211.302,3331,11
1775527200,211.302,211.342,211.272,211.33,2242,8
1775530800,211.33,211.497,211.311,211.472,5045,2
1775534400,211.467,211.517,211.328,211.357,6737,5
1775538000,211.357,211.377,211.23,211.307,4624,5
1775541600,211.307,211.396,211.296,211.378,2786,6
1775545200,211.378,211.413,211.318,211.372,4310,5
1775548800,211.374,211.427,211.249,211.383,5571,5
1775552400,211.392,211.685,211.334,211.651,8213,2
1775556000,211.653,211.674,211.414,211.554,7645,3
1775559600,211.554,211.879,211.52,211.849,12017,0
1775563200,211.849,211.852,211.728,211.763,7361,0
1775566800,211.764,211.791,211.46,211.602,11521,0
1775570400,211.601,211.717,211.563,211.711,8623,0
1775574000,211.711,211.869,211.646,211.714,9574,0
1775577600,211.715,211.839,211.565,211.716,11750,0
1775581200,211.716,211.989,211.674,211.883,13083,1
1775584800,211.888,211.949,211.692,211.696,12931,0
1775588400,211.696,211.879,211.678,211.879,9416,1
1775592000,211.879,211.945,211.854,211.912,8563,0
1775595600,211.912,211.935,211.864,211.927,6174,2
1775599200,211.927,212.122,211.898,212.043,10809,0
1775602800,212.044,212.304,212.02,212.027,6936,0
1775606400,212.037,212.271,211.86,212.168,507,71
1775610000,212.192,212.573,212.147,212.516,9834,0
1775613600,212.516,212.79,212.388,212.698,14833,0
1775617200,212.698,212.702,212.235,212.444,15990,0
1775620800,212.445,212.65,212.317,212.333,11382,0
1775624400,212.33,212.452,212.2,212.312,7821,5
1775628000,212.312,212.334,212.14,212.296,6884,4
1775631600,212.296,212.536,212.269,212.444,6119,3
1775635200,212.444,212.767,212.415,212.616,8133,1
1775638800,212.614,212.66,212.301,212.459,13080,2
1775642400,212.466,212.536,212.32,212.392,11795,0
1775646000,212.391,212.675,212.273,212.656,10891,0
1775649600,212.656,212.803,212.54,212.767,8719,2
1775653200,212.77,212.982,212.757,212.952,6735,0
1775656800,212.952,213.151,212.933,213.103,10522,1
1775660400,213.105,213.132,212.883,212.895,13574,0
1775664000,212.888,213.0,212.718,212.843,15555,1
1775667600,212.841,212.989,212.671,212.865,15316,0
1775671200,212.865,212.928,212.698,212.851,13401,0
1775674800,212.85,212.857,212.627,212.671,9005,0
1775678400,212.672,212.697,212.551,212.642,8736,0
1775682000,212.633,212.676,212.448,212.486,10947,0
1775685600,212.486,212.605,212.429,212.547,8301,1
1775689200,212.548,212.583,212.306,212.323,4825,0
1775692800,212.323,212.575,212.248,212.425,988,58
1775696400,212.356,212.476,212.338,212.444,2162,10
1775700000,212.444,212.546,212.431,212.474,3433,6
1775703600,212.474,212.734,212.425,212.722,5878,1
1775707200,212.718,212.731,212.615,212.689,6386,5
1775710800,212.689,212.768,212.611,212.612,4896,5
1775714400,212.612,212.679,212.567,212.65,3822,4
1775718000,212.65,212.756,212.605,212.689,3810,5
1775721600,212.694,212.747,212.654,212.705,4145,6
1775725200,212.708,212.754,212.636,212.688,6852,0
1775728800,212.701,212.918,212.665,212.909,8258,0
1775732400,212.908,213.152,212.813,213.12,7184,2
1775736000,213.12,213.225,213.071,213.091,6365,3
1775739600,213.092,213.225,213.077,213.126,5195,1
1775743200,213.121,213.396,213.094,213.374,5975,2
1775746800,213.375,213.395,213.281,213.315,8725,0
1775750400,213.315,213.514,213.241,213.505,8896,1
1775754000,213.504,213.615,213.434,213.548,12667,1
1775757600,213.549,213.788,213.485,213.553,14709,0
1775761200,213.553,213.553,213.382,213.451,8767,0
1775764800,213.451,213.605,213.447,213.559,7501,1
1775768400,213.559,213.608,213.467,213.596,8818,3
1775772000,213.595,213.848,213.58,213.749,6764,4
1775775600,213.749,213.785,213.501,213.501,4068,0
1775779200,213.417,213.606,213.412,213.485,783,88
1775782800,213.485,213.639,213.485,213.607,2374,10
1775786400,213.607,213.705,213.577,213.645,3601,5
1775790000,213.647,213.751,213.626,213.707,5650,2
1775793600,213.712,213.741,213.557,213.557,4888,3
1775797200,213.556,213.675,213.545,213.66,3431,4
1775800800,213.661,213.682,213.62,213.638,3103,5
1775804400,213.638,213.707,213.628,213.648,3050,4
1775808000,213.648,213.707,213.614,213.706,3346,3
1775811600,213.716,213.779,213.666,213.701,6092,0
1775815200,213.703,213.848,213.685,213.707,5632,3
1775818800,213.71,213.826,213.688,213.816,6168,4
1775822400,213.82,214.073,213.739,213.989,7796,0
1775826000,213.989,214.078,213.905,213.915,6028,4
1775829600,213.915,214.028,213.896,214.003,5048,1
1775833200,214.005,214.206,213.987,214.195,9088,3
1775836800,214.194,214.411,214.172,214.278,10696,0
1775840400,214.275,214.461,214.14,214.205,12237,1
1775844000,214.205,214.393,214.103,214.285,10051,0
1775847600,214.284,214.399,214.249,214.312,6165,3
1775851200,214.312,214.435,214.301,214.377,4456,2
1775854800,214.376,214.546,214.347,214.539,6935,3
1775858400,214.539,214.576,214.5,214.549,4110,3
1775862000,214.549,214.578,214.063,214.076,3078,6
1776038400,213.611,213.934,213.506,213.89,693,132
1776042000,213.882,214.111,213.81,214.049,5498,4
1776045600,214.049,214.071,213.761,213.871,3693,10
1776049200,213.874,214.168,213.81,214.036,5772,7
1776052800,214.033,214.131,213.995,214.026,4525,5
1776056400,214.026,214.115,213.975,214.077,2694,6
1776060000,214.08,214.106,214.027,214.041,2701,6
1776063600,214.041,214.16,214.019,214.108,2245,6
1776067200,214.108,214.132,214.022,214.062,2679,6
1776070800,214.061,214.186,214.002,214.149,5925,2
1776074400,214.148,214.429,214.132,214.378,5506,5
1776078000,214.377,214.462,214.311,214.455,6139,4
1776081600,214.455,214.535,214.418,214.505,5017,5
1776085200,214.504,214.544,214.385,214.537,4190,5
1776088800,214.537,214.692,214.436,214.488,6894,0
1776092400,214.488,214.66,214.444,214.63,8906,3
1776096000,214.628,214.878,214.614,214.631,11269,2
1776099600,214.633,214.866,214.561,214.791,11405,2
1776103200,214.796,214.985,214.737,214.982,8915,1
1776106800,214.982,215.028,214.907,214.941,11955,4
1776110400,214.941,215.05,214.88,215.022,6908,1
1776114000,215.023,215.232,214.93,215.212,7661,1
1776117600,215.212,215.262,215.105,215.246,5679,0
1776121200,215.247,215.368,215.245,215.324,4521,5
1776124800,215.324,215.324,215.061,215.121,968,56
1776128400,215.121,215.363,215.121,215.316,1324,10
1776132000,215.316,215.327,215.148,215.192,3071,4
1776135600,215.194,215.254,215.05,215.104,6214,4
1776139200,215.104,215.161,214.907,215.024,5553,3
1776142800,215.024,215.075,214.932,214.979,4086,0
1776146400,214.977,215.04,214.917,215.036,3640,3
1776150000,215.036,215.073,214.95,214.992,2828,0
1776153600,214.991,215.123,214.921,215.092,4290,3
1776157200,215.092,215.324,215.092,215.218,8181,0
1776160800,215.217,215.288,215.154,215.248,10268,0
1776164400,215.247,215.377,215.2,215.338,7539,0
1776168000,215.338,215.479,215.096,215.29,7067,0
1776171600,215.289,215.405,215.176,215.359,8986,0
1776175200,215.36,215.543,215.347,215.481,7871,0
1776178800,215.481,215.691,215.456,215.64,9371,0
1776182400,215.64,215.783,215.527,215.773,10556,2
1776186000,215.773,215.779,215.464,215.688,10563,1
1776189600,215.687,215.714,215.438,215.504,10294,1
1776193200,215.506,215.523,215.434,215.5,5948,3
1776196800,215.5,215.538,215.384,215.406,4977,3
1776200400,215.406,215.439,215.335,215.402,4939,3
1776204000,215.404,215.53,215.39,215.465,4041,2
1776207600,215.464,215.525,215.39,215.395,2288,1
1776211200,215.395,215.442,215.322,215.406,1577,65
1776214800,215.406,215.509,215.357,215.507,2095,0
1776218400,215.507,215.637,215.505,215.566,4941,1
1776222000,215.568,215.603,215.469,215.564,6629,2
1776225600,215.564,215.736,215.563,215.629,6431,5
1776229200,215.63,215.714,215.569,215.649,4894,4
1776232800,215.649,215.715,215.605,215.67,3476,1
1776236400,215.669,215.716,215.64,215.699,2971,5
1776240000,215.702,215.784,215.585,215.633,4792,2
1776243600,215.638,215.687,215.513,215.625,6490,2
1776247200,215.624,215.697,215.472,215.504,7736,0
1776250800,215.504,215.506,215.188,215.365,7761,0
1776254400,215.364,215.427,215.247,215.414,8569,1
1776258000,215.413,215.483,215.296,215.369,8287,0
1776261600,215.369,215.575,215.313,215.55,6722,3
1776265200,215.544,215.68,215.534,215.667,8895,2
1776268800,215.667,215.751,215.572,215.595,10508,2
1776272400,215.596,215.825,215.559,215.72,10507,2
1776276000,215.719,215.797,215.662,215.752,9856,0
1776279600,215.752,215.826,215.478,215.653,8696,0
1776283200,215.648,215.903,215.639,215.896,5419,3
1776286800,215.895,215.902,215.804,215.86,7021,3
1776290400,215.86,215.876,215.72,215.735,5451,4
1776294000,215.734,215.737,215.531,215.531,3227,0
1776297600,215.515,215.662,215.307,215.515,993,46
1776301200,215.506,215.549,215.467,215.54,1304,11
1776304800,215.54,215.585,215.479,215.556,1465,7
1776308400,215.553,215.572,215.41,215.455,3736,3
1776312000,215.455,215.463,215.363,215.408,5687,4
1776315600,215.407,215.569,215.348,215.357,4901,5
1776319200,215.355,215.5,215.114,215.496,6760,1
1776322800,215.498,215.554,215.448,215.475,3314,5
1776326400,215.475,215.567,215.362,215.564,4333,6
1776330000,215.58,215.717,215.498,215.573,8166,0
1776333600,215.577,215.631,215.381,215.397,9145,1
1776337200,215.397,215.562,215.387,215.426,9739,1
1776340800,215.426,215.466,215.259,215.315,6522,2
1776344400,215.314,215.397,215.24,215.374,6417,1
1776348000,215.374,215.417,215.289,215.337,6816,3
1776351600,215.336,215.557,215.259,215.542,7960,0
1776355200,215.542,215.647,215.403,215.605,9438,1
1776358800,215.607,215.623,215.162,215.351,12169,0
1776362400,215.351,215.453,215.287,215.355,9825,1
1776366000,215.352,215.41,215.303,215.347,7823,1
1776369600,215.347,215.46,215.337,215.391,5984,3
1776373200,215.39,215.464,215.342,215.435,7187,2
1776376800,215.436,215.456,215.277,215.35,5083,2
1776380400,215.348,215.362,215.215,215.215,2196,1
1776384000,215.2,215.314,215.104,215.207,724,112
1776387600,215.207,215.345,215.179,215.301,1230,11
1776391200,215.3,215.356,215.285,215.331,2198,6
1776394800,215.335,215.479,215.25,215.424,4845,3
1776398400,215.424,215.494,215.328,215.398,4371,4
1776402000,215.398,215.497,215.393,215.462,2957,8
1776405600,215.461,215.593,215.431,215.577,2442,6
1776409200,215.576,215.657,215.535,215.638,2591,2
1776412800,215.638,215.686,215.567,215.599,3366,6
1776416400,215.599,215.599,215.245,215.276,6259,0
1776420000,215.275,215.501,215.243,215.421,7561,4
1776423600,215.422,215.437,215.245,215.33,6059,2
1776427200,215.329,215.453,215.145,215.202,5428,0
1776430800,215.202,215.309,215.184,215.24,4395,2
1776434400,215.241,215.457,215.196,215.348,5497,2
1776438000,215.349,215.388,215.147,215.178,13124,0
1776441600,215.176,215.197,214.639,214.717,18679,0
1776445200,214.718,214.738,214.001,214.193,14954,0
1776448800,214.193,214.432,214.102,214.295,13232,0
1776452400,214.295,214.349,214.099,214.199,8519,2
1776456000,214.198,214.383,214.197,214.337,9386,3
1776459600,214.338,214.472,214.312,214.443,7769,4
1776463200,214.442,214.485,214.332,214.36,6464,0
1776466800,214.358,214.456,214.271,214.271,3462,5
1776643200,213.99,214.263,213.981,214.247,290,52
1776646800,214.247,214.477,214.185,214.46,4177,10
1776650400,214.46,214.62,214.419,214.578,5636,4
1776654000,214.577,214.721,214.42,214.579,7972,2
1776657600,214.585,214.597,214.416,214.427,5516,4
1776661200,214.427,214.546,214.424,214.518,4238,3
1776664800,214.518,214.599,214.462,214.584,3502,2
1776668400,214.584,214.652,214.531,214.59,2877,3
1776672000,214.59,214.616,214.425,214.446,5000,5
1776675600,214.437,214.613,214.321,214.565,10048,1
1776679200,214.565,214.755,214.498,214.648,11288,1
1776682800,214.654,214.691,214.539,214.584,8959,2
1776686400,214.582,214.87,214.51,214.838,8079,1
1776690000,214.836,214.858,214.705,214.801,6260,3
1776693600,214.802,214.874,214.724,214.734,8474,2
1776697200,214.734,214.769,214.647,214.74,8223,3
1776700800,214.746,214.81,214.537,214.675,12110,1
1776704400,214.674,214.753,214.58,214.642,11837,0
1776708000,214.644,214.859,214.592,214.838,12332,0
1776711600,214.836,214.914,214.749,214.785,8122,0
1776715200,214.785,214.879,214.776,214.878,6513,2
1776718800,214.879,215.06,214.833,215.034,7194,0
1776722400,215.034,215.066,214.934,214.948,5199,0
1776726000,214.951,215.096,214.89,214.89,4177,1
1776729600,214.804,214.954,214.718,214.825,410,28
1776733200,214.825,214.963,214.822,214.955,5793,5
1776736800,214.955,214.978,214.916,214.934,2020,1
1776740400,214.934,215.032,214.91,214.968,5654,2
1776744000,214.968,215.027,214.942,214.972,4878,1
1776747600,214.972,215.025,214.886,214.923,3534,4
1776751200,214.925,214.929,214.857,214.911,3311,3
1776754800,214.911,214.922,214.816,214.832,2587,3
1776758400,214.834,214.908,214.778,214.796,4066,2
1776762000,214.795,214.967,214.706,214.709,6188,0
1776765600,214.706,214.903,214.706,214.786,8335,1
1776769200,214.791,215.0,214.596,214.94,10184,0
1776772800,214.94,215.007,214.868,214.96,6811,0
1776776400,214.96,215.094,214.946,215.079,5395,1
1776780000,215.077,215.229,214.993,215.007,7294,0
1776783600,215.007,215.185,214.987,215.124,8881,1
1776787200,215.124,215.181,215.055,215.17,8953,1
1776790800,215.17,215.407,215.123,215.302,11295,1
1776794400,215.302,215.417,215.208,215.353,11620,0
1776798000,215.353,215.399,215.225,215.244,8180,1
1776801600,215.241,215.304,215.071,215.168,12389,1
1776805200,215.167,215.222,215.029,215.206,8936,0
1776808800,215.204,215.239,215.069,215.183,10858,0
1776812400,215.183,215.316,215.136,215.178,6707,0
1776816000,215.052,215.233,214.976,215.181,483,77
1776819600,215.181,215.268,215.129,215.253,2439,3
1776823200,215.253,215.362,215.234,215.305,3228,0
1776826800,215.305,215.364,215.161,215.195,8104,0
1776830400,215.194,215.225,215.116,215.166,5305,1
1776834000,215.168,215.248,215.159,215.222,4046,3
1776837600,215.222,215.358,215.205,215.289,3954,2
1776841200,215.289,215.316,215.199,215.226,3687,2
1776844800,215.226,215.355,215.209,215.334,5938,1
1776848400,215.338,215.351,215.098,215.099,6917,1
1776852000,215.101,215.409,215.085,215.371,8192,1
1776855600,215.372,215.602,215.352,215.592,7409,0
1776859200,215.59,215.659,215.415,215.436,6002,0
1776862800,215.434,215.436,215.272,215.295,6023,1
1776866400,215.294,215.296,214.984,215.029,7873,0
1776870000,215.03,215.065,214.921,215.04,8320,1
1776873600,215.041,215.257,215.002,215.176,11199,0
1776877200,215.177,215.258,215.126,215.167,10083,0
1776880800,215.168,215.391,215.105,215.375,9893,0
1776884400,215.374,215.424,215.262,215.405,6709,1
1776888000,215.405,215.537,215.4,215.421,6076,1
1776891600,215.421,215.452,215.372,215.386,5923,1
1776895200,215.385,215.454,215.352,215.441,5303,1
1776898800,215.441,215.465,215.263,215.263,4173,0
1776902400,215.263,215.332,215.166,215.258,550,38
1776906000,215.258,215.346,215.221,215.315,978,5
1776909600,215.315,215.335,215.262,215.303,2502,1
1776913200,215.307,215.359,215.149,215.229,11552,0
1776916800,215.228,215.272,215.147,215.156,6073,2
1776920400,215.157,215.288,215.14,215.164,6570,2
1776924000,215.164,215.177,215.068,215.152,4818,3
1776927600,215.152,215.267,215.12,215.233,3904,1
1776931200,215.233,215.284,215.217,215.266,4028,3
1776934800,215.267,215.466,215.184,215.402,5800,1
1776938400,215.413,215.509,215.23,215.285,8109,0
1776942000,215.285,215.686,215.259,215.656,8256,0
1776945600,215.653,215.733,215.484,215.637,8374,1
1776949200,215.637,215.693,215.355,215.364,8483,1
1776952800,215.364,215.578,215.35,215.483,9800,1
1776956400,215.483,215.487,215.128,215.129,11761,0
1776960000,215.128,215.459,215.086,215.391,10650,0
1776963600,215.391,215.538,215.306,215.35,11400,1
1776967200,215.348,215.354,215.117,215.139,10317,0
1776970800,215.139,215.156,215.044,215.135,8581,1
1776974400,215.135,215.163,214.944,215.045,16052,0
1776978000,215.045,215.085,215.017,215.077,10341,3
1776981600,215.076,215.097,215.037,215.071,6906,1
1776985200,215.071,215.124,215.027,215.034,4748,1
1776988800,215.034,215.102,214.807,214.979,655,68
1776992400,214.996,215.101,214.996,215.081,1095,4
1776996000,215.081,215.17,215.047,215.122,2296,1
1776999600,215.123,215.216,215.083,215.207,7450,0
1777003200,215.207,215.235,215.15,215.229,5434,1
1777006800,215.231,215.252,215.032,215.054,4624,2
1777010400,215.054,215.108,215.029,215.075,4300,1
1777014000,215.075,215.106,215.005,215.106,3667,2
1777017600,215.106,215.16,215.074,215.141,4612,1
1777021200,215.142,215.192,214.953,215.001,7449,1
1777024800,214.999,215.219,214.942,215.177,5516,0
1777028400,215.181,215.333,215.109,215.245,8863,0
1777032000,215.245,215.407,215.22,215.376,7750,2
1777035600,215.376,215.482,215.317,215.404,7078,1
1777039200,215.402,215.431,215.097,215.145,13214,0
1777042800,215.147,215.424,215.085,215.416,10258,0
1777046400,215.417,215.425,215.24,215.406,11535,1
1777050000,215.402,215.448,215.246,215.346,13058,0
1777053600,215.348,215.458,215.265,215.372,12170,0
1777057200,215.37,215.496,215.319,215.465,8453,2
1777060800,215.465,215.551,215.419,215.519,6915,1
1777064400,215.519,215.683,215.509,215.674,4886,1
1777068000,215.675,215.741,215.651,215.733,5201,2
1777071600,215.733,215.777,215.438,215.438,3744,1
1777248000,215.398,215.54,215.38,215.481,173,105
1777251600,215.481,215.689,215.481,215.622,1859,7
1777255200,215.622,215.693,215.595,215.647,2701,2
1777258800,215.647,215.663,215.537,215.637,5137,0
1777262400,215.637,215.702,215.57,215.633,7219,1
1777266000,215.633,215.688,215.596,215.664,3474,1
1777269600,215.664,215.738,215.644,215.661,3976,0
1777273200,215.661,215.661,215.569,215.614,3278,1
1777276800,215.614,215.758,215.582,215.731,4451,3
1777280400,215.731,215.751,215.556,215.575,7132,1
1777284000,215.571,215.707,215.52,215.666,8712,1
1777287600,215.669,215.745,215.588,215.71,8387,1
1777291200,215.71,215.797,215.638,215.755,6336,1
1777294800,215.755,215.856,215.729,215.81,5749,1
1777298400,215.81,215.844,215.71,215.838,6521,1
1777302000,215.836,216.054,215.724,215.724,8780,0
1777305600,215.727,215.814,215.541,215.71,10123,0
1777309200,215.712,215.894,215.68,215.823,10457,0
1777312800,215.823,215.872,215.754,215.866,8767,1
1777316400,215.866,215.966,215.825,215.857,5493,0
1777320000,215.857,215.865,215.751,215.784,5663,2
1777323600,215.784,215.818,215.709,215.768,4661,1
1777327200,215.768,215.784,215.711,215.718,4201,1
1777330800,215.718,215.756,215.702,215.743,2897,1
1777334400,215.743,215.797,215.626,215.773,305,34
1777338000,215.773,215.813,215.712,215.773,1843,3
1777341600,215.773,215.83,215.712,215.742,2117,3
1777345200,215.742,215.823,215.675,215.795,5798,2
1777348800,215.792,215.815,215.694,215.764,6598,1
1777352400,215.774,215.785,215.664,215.698,5640,2
1777356000,215.698,215.745,215.166,215.255,6758,1
1777359600,215.255,215.257,215.13,215.239,4611,1
1777363200,215.239,215.28,215.132,215.2,5276,1
1777366800,215.198,215.244,214.946,215.196,8859,0
1777370400,215.196,215.577,215.108,215.522,9538,1
1777374000,215.522,215.678,215.366,215.375,10152,0
1777377600,215.373,215.413,215.187,215.272,8011,0
1777381200,215.272,215.364,215.22,215.25,6566,1
1777384800,215.25,215.373,215.102,215.165,9697,0
1777388400,215.165,215.294,215.04,215.155,10459,0
1777392000,215.155,215.368,215.112,215.266,12219,0
1777395600,215.266,215.585,215.21,215.585,12800,1
1777399200,215.583,215.628,215.518,215.56,10233,2
1777402800,215.56,215.647,215.484,215.633,8484,1
1777406400,215.635,215.689,215.593,215.663,6503,0
1777410000,215.663,215.766,215.651,215.758,5023,1
1777413600,215.758,215.811,215.713,215.797,5274,1
1777417200,215.797,215.822,215.74,215.74,2501,1
1777420800,215.626,215.735,215.506,215.623,370,86
1777424400,215.623,215.805,215.623,215.756,801,5
1777428000,215.756,215.807,215.741,215.781,1636,1
1777431600,215.781,215.838,215.736,215.786,4509,3
1777435200,215.781,215.84,215.716,215.747,7784,2
1777438800,215.747,215.806,215.654,215.682,4527,1
1777442400,215.682,215.729,215.657,215.662,3037,1
1777446000,215.662,215.749,215.659,215.715,2682,1
1777449600,215.712,215.745,215.616,215.678,4828,2
1777453200,215.678,215.707,215.487,215.539,5747,1
1777456800,215.539,215.653,215.504,215.636,6848,1
1777460400,215.636,215.729,215.531,215.695,7647,1
1777464000,215.694,215.854,215.64,215.832,6711,0
1777467600,215.832,215.905,215.778,215.858,5631,1
1777471200,215.856,215.963,215.794,215.874,7345,0
1777474800,215.87,216.007,215.849,215.973,7583,0
1777478400,215.971,216.081,215.799,215.896,12255,0
1777482000,215.895,216.187,215.797,216.161,11840,0
1777485600,216.163,216.279,216.063,216.141,11380,0
1777489200,216.14,216.262,216.091,216.114,9428,1
1777492800,216.114,216.228,216.056,216.06,8714,1
1777496400,216.057,216.162,215.888,216.026,13128,0
1777500000,216.026,216.185,215.989,216.137,8937,1
1777503600,216.137,216.24,215.935,216.006,5718,1
1777507200,216.011,216.177,215.921,216.056,912,16
1777510800,216.056,216.188,216.026,216.122,2132,5
1777514400,216.122,216.133,216.013,216.081,3150,2
1777518000,216.081,216.205,215.978,216.148,7317,0
1777521600,216.148,216.149,215.995,216.01,7822,1
1777525200,216.011,216.103,215.989,216.056,5996,1
1777528800,216.056,216.186,216.052,216.178,5336,1
1777532400,216.179,216.186,216.006,216.092,7732,1
1777536000,216.092,216.231,216.086,216.229,7051,2
1777539600,216.229,216.465,216.153,216.393,9976,1
1777543200,216.393,216.6,215.583,215.964,10568,1
1777546800,215.965,216.076,215.02,215.196,15042,0
1777550400,215.196,215.278,214.886,215.152,13831,0
1777554000,215.152,215.157,212.302,212.621,18204,0
1777557600,212.618,212.845,210.439,211.369,19393,0
1777561200,211.369,212.152,211.213,211.909,13962,0
1777564800,211.906,212.156,211.111,212.091,14054,0
1777568400,212.09,212.98,211.932,212.804,17519,0
1777572000,212.802,213.075,212.678,212.718,14505,0
1777575600,212.718,212.808,212.534,212.595,8958,1
1777579200,212.595,212.752,212.491,212.519,9196,1
1777582800,212.519,212.797,212.492,212.746,7650,0
1777586400,212.746,213.027,212.74,212.988,8452,1
1777590000,212.988,213.093,212.958,212.987,4803,1
1777593600,212.987,213.069,212.806,212.991,513,58
1777597200,212.991,213.215,212.969,213.115,1365,1
1777600800,213.118,213.608,213.105,213.536,3434,1
1777604400,213.536,213.955,213.516,213.685,8679,0
1777608000,213.685,213.927,213.603,213.89,7046,0
1777611600,213.89,214.001,213.805,213.938,4710,1
1777615200,213.938,214.039,213.647,213.807,4863,1
1777618800,213.807,213.859,213.684,213.806,4893,0
1777622400,213.806,213.843,213.681,213.723,4785,0
1777626000,213.723,213.774,211.798,212.275,10691,0
1777629600,212.275,213.166,212.16,213.081,12348,0
1777633200,213.081,213.15,212.69,212.927,7012,0
1777636800,212.93,213.121,212.805,212.833,6086,1
1777640400,212.833,213.073,212.827,213.056,4907,0
1777644000,213.056,213.265,213.056,213.261,5686,1
1777647600,213.261,213.478,213.199,213.431,10547,0
1777651200,213.431,213.53,213.024,213.402,10614,0
1777654800,213.388,213.656,213.335,213.387,13918,0
1777658400,213.387,213.624,213.387,213.488,9700,0
1777662000,213.488,213.538,213.365,213.418,8867,0
1777665600,213.418,213.432,213.278,213.322,6473,1
1777669200,213.322,213.387,213.127,213.261,7780,1
1777672800,213.261,213.303,213.181,213.182,3902,1
1777676400,213.183,213.227,213.044,213.186,4552,1
1777852800,213.158,213.187,213.031,213.137,239,40
1777856400,213.137,213.187,213.017,213.135,1530,0
1777860000,213.135,213.141,213.009,213.085,2225,0
1777863600,213.084,213.211,213.075,213.174,4685,0
1777867200,213.175,213.356,212.783,213.323,6845,0
1777870800,213.323,213.561,213.316,213.457,5579,1
1777874400,213.457,213.619,211.761,212.396,8291,0
1777878000,212.396,213.032,212.308,212.962,6006,1
1777881600,212.961,213.115,212.731,213.1,6231,0
1777885200,213.1,213.24,213.013,213.109,7959,0
1777888800,213.11,213.134,212.739,212.845,6515,1
1777892400,212.848,212.891,212.775,212.836,5372,1
1777896000,212.836,212.939,212.792,212.831,5649,2
1777899600,212.83,212.904,212.556,212.817,12665,0
1777903200,212.817,212.845,212.707,212.831,7305,2
1777906800,212.831,213.063,212.795,213.035,8581,2
1777910400,213.035,213.035,212.845,212.917,11361,2
1777914000,212.917,213.112,212.864,212.91,10305,0
1777917600,212.91,212.93,212.655,212.733,11834,0
1777921200,212.733,212.794,212.534,212.609,9423,0
1777924800,212.609,212.837,212.607,212.771,6832,1
1777928400,212.771,212.811,211.901,212.161,5823,0
1777932000,212.182,212.7,212.182,212.656,7576,0
1777935600,212.656,212.797,212.637,212.73,4001,1
1777939200,212.73,212.75,212.5,212.622,990,42
1777942800,212.653,212.764,212.619,212.698,1236,1
1777946400,212.698,212.729,212.664,212.725,2355,2
1777950000,212.725,212.769,212.614,212.621,5248,1
1777953600,212.62,212.692,212.581,212.638,5119,1
1777957200,212.638,212.723,212.617,212.652,3054,4
1777960800,212.652,212.689,212.624,212.642,1998,2
1777964400,212.642,212.746,212.58,212.58,3583,1
1777968000,212.58,212.659,212.552,212.625,5836,1
1777971600,212.619,212.823,212.555,212.74,7350,2
1777975200,212.741,212.886,212.732,212.861,8095,1
1777978800,212.861,213.091,212.852,212.987,6644,2
1777982400,212.987,213.657,212.811,213.3,9141,0
1777986000,213.299,213.527,213.271,213.499,6324,1
1777989600,213.499,213.629,213.429,213.597,6766,0
1777993200,213.597,213.71,213.443,213.679,8618,0
1777996800,213.679,213.886,213.661,213.809,9360,0
1778000400,213.809,213.987,213.782,213.879,11910,0
1778004000,213.879,214.073,213.818,214.031,10584,0
1778007600,214.031,214.053,213.885,213.896,6383,0
1778011200,213.896,213.954,213.852,213.897,5936,1
1778014800,213.897,213.981,213.873,213.901,3699,2
1778018400,213.901,213.925,213.779,213.814,4639,1
1778022000,213.814,213.827,213.687,213.687,3632,2
1778025600,213.687,213.852,213.586,213.785,738,53
1778029200,213.785,213.882,213.681,213.826,2703,5
1778032800,213.826,214.021,213.773,213.931,5048,1
1778036400,213.931,213.966,213.862,213.927,7596,1
1778040000,213.926,214.067,213.917,214.057,7443,1
1778043600,214.055,214.149,214.029,214.123,5436,2
1778047200,214.123,214.229,213.993,214.018,5838,0
1778050800,214.017,214.071,210.753,211.898,14265,0
1778054400,211.898,212.47,211.665,212.374,9087,0
1778058000,212.375,212.531,212.345,212.511,8883,0
1778061600,212.511,212.723,211.724,211.889,10777,0
1778065200,211.887,212.622,211.844,212.532,12184,0
1778068800,212.532,212.648,212.428,212.461,11417,0
1778072400,212.461,212.571,212.251,212.4,11898,0
1778076000,212.401,212.77,212.326,212.637,13077,0
1778079600,212.637,212.767,212.563,212.723,10946,0
1778083200,212.723,212.745,212.363,212.436,12194,0
1778086800,212.436,212.644,212.388,212.601,12675,1
1778090400,212.601,212.755,212.544,212.684,11318,0
1778094000,212.68,212.728,212.424,212.481,8691,2
1778097600,212.483,212.718,212.468,212.699,5823,1
1778101200,212.7,212.707,212.563,212.614,6610,1
1778104800,212.615,212.655,212.561,212.623,7047,1
1778108400,212.623,212.652,212.484,212.527,4322,0
1778112000,212.527,212.527,212.285,212.321,1035,54
1778115600,212.321,212.562,212.291,212.537,2514,3
1778119200,212.537,212.734,212.471,212.73,2721,1
1778122800,212.73,212.742,212.427,212.474,9997,1
1778126400,212.474,212.541,212.286,212.53,8630,1
1778130000,212.53,212.687,212.476,212.673,5535,1
1778133600,212.673,212.674,212.555,212.616,4746,1
1778137200,212.616,212.652,212.546,212.607,3939,2
1778140800,212.607,212.654,212.555,212.585,4511,0
1778144400,212.586,212.622,212.427,212.553,8860,1
1778148000,212.552,212.844,212.398,212.839,11427,1
1778151600,212.84,212.955,212.707,212.947,8384,1
1778155200,212.947,213.048,212.925,212.964,6580,1
1778158800,212.963,213.117,212.939,213.01,6482,1
1778162400,213.01,213.059,212.824,212.986,7863,1
1778166000,212.984,213.047,212.882,212.911,8734,1
1778169600,212.91,213.084,212.885,212.916,10547,1
1778173200,212.919,213.034,212.863,212.974,10251,0
1778176800,212.974,213.083,212.924,212.94,9605,1
1778180400,212.94,213.022,212.858,212.931,8841,1
1778184000,212.931,212.969,212.737,212.805,9435,0
1778187600,212.802,212.944,212.715,212.86,7658,1
1778191200,212.86,212.884,212.747,212.755,6521,0
1778194800,212.754,212.835,212.51,212.51,5694,0
1778198400,212.51,212.702,212.326,212.492,620,26
1778202000,212.492,212.655,212.478,212.539,2073,1
1778205600,212.539,212.634,212.534,212.61,1615,5
1778209200,212.611,212.746,212.564,212.708,5835,1
1778212800,212.708,212.759,212.655,212.735,4624,1
1778216400,212.735,212.814,212.665,212.679,5203,1
1778220000,212.679,212.695,212.56,212.584,4539,1
1778223600,212.584,212.854,212.538,212.763,4985,2
1778227200,212.763,212.919,212.758,212.888,4621,1
1778230800,212.888,213.065,212.852,213.064,7364,1
1778234400,213.064,213.073,212.946,213.004,6827,1
1778238000,213.004,213.328,212.98,213.325,7901,1
1778241600,213.325,213.39,213.285,213.316,6223,1
1778245200,213.316,213.396,213.225,213.251,5471,2
1778248800,213.251,213.38,213.22,213.38,6151,0
1778252400,213.38,213.39,213.185,213.245,10257,1
1778256000,213.245,213.289,213.11,213.268,10665,0
1778259600,213.266,213.442,213.186,213.406,9396,1
1778263200,213.406,213.469,213.298,213.404,8803,0
1778266800,213.407,213.487,213.339,213.377,3937,1
1778270400,213.377,213.435,213.324,213.404,4126,1
1778274000,213.405,213.495,213.387,213.444,5461,2
1778277600,213.443,213.604,213.442,213.589,3903,0
1778281200,213.591,213.7,213.517,213.517,3039,3
1778457600,212.031,212.666,212.031,212.6,1285,53
1778461200,212.6,213.216,212.592,213.211,2114,5
1778464800,213.211,213.292,213.177,213.241,2407,3
1778468400,213.24,213.492,213.229,213.417,5998,2
1778472000,213.417,213.536,213.38,213.536,6004,1
1778475600,213.536,213.647,213.501,213.563,4031,3
1778479200,213.562,213.605,213.532,213.562,3530,2
1778482800,213.562,213.573,213.356,213.389,2515,1
1778486400,213.391,213.46,213.384,213.446,3496,2
1778490000,213.451,213.554,213.326,213.497,7399,1
1778493600,213.501,213.701,213.498,213.68,5554,0
1778497200,213.679,213.805,213.615,213.76,7144,1
1778500800,213.76,213.829,213.67,213.699,4556,1
1778504400,213.699,213.715,213.47,213.532,6707,0
1778508000,213.532,213.865,213.519,213.793,6499,0
1778511600,213.792,213.869,213.692,213.851,6964,1
1778515200,213.85,214.03,213.847,213.934,8157,0
1778518800,213.935,214.134,213.871,214.132,8485,1
1778522400,214.131,214.376,214.12,214.36,7378,0
1778526000,214.36,214.418,214.289,214.377,5413,0
1778529600,214.377,214.419,214.318,214.34,5174,0
1778533200,214.34,214.355,214.225,214.249,4556,1
1778536800,214.249,214.288,214.118,214.128,3381,1
1778540400,214.128,214.146,213.842,213.875,2876,0
1778544000,213.875,213.951,213.701,213.779,240,37
1778547600,213.779,213.928,213.746,213.892,1535,9
1778551200,213.892,213.956,213.873,213.907,2413,1
1778554800,213.907,214.012,213.876,213.992,5743,0
1778558400,213.993,214.1,213.953,214.048,7115,1
1778562000,214.048,214.199,214.04,214.173,3706,2
1778565600,214.175,214.183,214.054,214.083,2143,3
1778569200,214.083,214.149,214.038,214.069,2945,1
1778572800,214.069,214.138,212.787,213.524,5465,0
1778576400,213.522,213.63,213.262,213.354,9925,0
1778580000,213.354,213.418,212.849,212.916,9316,0
1778583600,212.916,213.304,212.743,213.258,9630,1
1778587200,213.258,213.476,213.175,213.321,7064,0
1778590800,213.321,213.487,213.208,213.226,6176,0
1778594400,213.227,213.349,213.102,213.23,7057,0
1778598000,213.236,213.357,213.0,213.279,9817,0
1778601600,213.281,213.322,212.96,212.992,11407,0
1778605200,212.992,213.344,212.985,213.17,10315,2
1778608800,213.169,213.356,212.941,213.324,9129,2
1778612400,213.324,213.397,213.184,213.242,6120,1
1778616000,213.243,213.334,213.17,213.247,4460,2
1778619600,213.247,213.298,213.133,213.25,6214,1
1778623200,213.251,213.435,213.239,213.431,5275,1
1778626800,213.431,213.436,213.363,213.372,2921,3
1778630400,213.372,213.372,213.146,213.277,428,76
1778634000,213.277,213.416,213.251,213.388,874,5
1778637600,213.392,213.432,213.344,213.409,1691,4
1778641200,213.409,213.522,213.351,213.483,4860,1
1778644800,213.483,213.518,213.319,213.477,5116,0
1778648400,213.477,213.521,213.41,213.436,3161,1
1778652000,213.434,213.464,213.336,213.46,3136,1
1778655600,213.46,213.484,213.411,213.455,2181,4
1778659200,213.455,213.686,213.448,213.637,5135,1
1778662800,213.637,213.698,213.352,213.432,6044,1
1778666400,213.431,213.508,213.305,213.399,7101,1
1778670000,213.397,213.547,213.328,213.42,5994,0
1778673600,213.42,213.445,213.243,213.36,6598,1
1778677200,213.36,213.386,212.966,213.159,8210,0
1778680800,213.161,213.223,213.006,213.04,5973,1
1778684400,213.04,213.155,212.88,212.935,8560,0
1778688000,212.935,213.262,212.934,213.213,8506,2
1778691600,213.214,213.378,213.177,213.325,8585,0
1778695200,213.325,213.476,213.294,213.376,7710,1
1778698800,213.376,213.447,213.294,213.343,6671,1
1778702400,213.342,213.396,213.313,213.385,5032,1
1778706000,213.385,213.446,213.359,213.441,6967,1
1778709600,213.441,213.506,213.426,213.482,4914,1
1778713200,213.481,213.561,213.452,213.459,3785,2
1778716800,213.459,213.459,213.114,213.364,587,7
1778720400,213.364,213.533,213.364,213.471,1320,1
1778724000,213.47,213.528,213.403,213.525,2140,2
1778727600,213.525,213.576,213.485,213.566,4480,3
1778731200,213.566,213.626,213.516,213.53,5010,2
1778734800,213.529,213.617,213.524,213.564,4134,2
1778738400,213.564,213.704,213.56,213.676,4694,2
1778742000,213.676,213.684,213.13,213.563,4820,1
1778745600,213.567,213.591,213.402,213.422,5478,1
1778749200,213.416,213.597,213.408,213.518,7313,0
1778752800,213.518,213.529,213.267,213.275,6562,1
1778756400,213.274,213.474,213.259,213.474,6167,0
1778760000,213.475,213.499,213.334,213.359,5408,1
1778763600,213.36,213.468,213.336,213.394,5628,1
1778767200,213.394,213.474,213.19,213.264,6130,0
1778770800,213.264,213.483,213.208,213.38,7804,1
1778774400,213.379,213.416,212.45,213.174,11089,0
1778778000,213.174,213.353,213.089,213.254,10366,0
1778781600,213.251,213.297,213.046,213.063,7437,1
1778785200,213.063,213.08,212.486,212.622,9738,0
1778788800,212.622,212.655,212.133,212.141,5769,1
1778792400,212.141,212.143,211.877,212.053,5996,1
1778796000,212.053,212.219,212.05,212.195,6339,1
1778799600,212.191,212.279,212.15,212.237,3924,1
1778803200,212.237,212.255,212.043,212.198,483,38
1778806800,212.179,212.261,212.169,212.208,1579,6
1778810400,212.206,212.227,212.046,212.081,2765,1
1778814000,212.081,212.099,211.902,212.033,7638,1
1778817600,212.035,212.045,211.774,211.898,7417,0
1778821200,211.899,212.044,211.859,212.031,5202,2
1778824800,212.031,212.044,211.948,211.99,5219,1
1778828400,211.99,211.99,211.803,211.829,4017,1
1778832000,211.829,211.834,211.594,211.622,7540,0
1778835600,211.618,211.896,211.478,211.517,11693,1
1778839200,211.517,211.807,211.502,211.751,9375,0
1778842800,211.752,211.772,211.434,211.61,10087,1
1778846400,211.611,211.628,211.289,211.582,10556,1
1778850000,211.585,212.061,211.585,211.928,9863,1
1778853600,211.928,212.057,211.828,211.846,7411,0
1778857200,211.843,211.848,211.527,211.749,9508,0
1778860800,211.749,211.889,211.663,211.688,11413,1
1778864400,211.703,211.945,211.625,211.626,11941,0
1778868000,211.627,211.7,211.328,211.551,11338,0
1778871600,211.551,211.618,211.375,211.547,7830,1
1778875200,211.554,211.621,211.467,211.554,6184,2
1778878800,211.555,211.583,211.401,211.422,7089,1
1778882400,211.422,211.49,211.397,211.458,6066,2
1778886000,211.459,211.553,211.392,211.494,4249,5
1779062400,211.259,211.456,211.157,211.291,354,131
1779066000,211.291,211.552,211.254,211.442,1859,7
1779069600,211.442,211.547,211.413,211.42,3026,2
1779073200,211.42,211.556,211.378,211.517,5456,2
1779076800,211.517,211.572,211.388,211.56,5977,3
1779080400,211.56,211.584,211.456,211.487,4458,1
1779084000,211.484,211.739,211.482,211.724,4959,2
1779087600,211.724,211.811,211.507,211.691,3758,0
1779091200,211.694,211.794,211.664,211.77,4800,1
1779094800,211.768,212.236,211.736,212.211,6496,1
1779098400,212.213,212.244,212.05,212.196,6831,1
1779102000,212.195,212.555,212.143,212.462,6371,2
1779105600,212.461,212.486,212.296,212.367,5170,1
1779109200,212.369,212.45,212.115,212.124,4775,1
1779112800,212.122,212.465,212.119,212.461,6590,2
1779116400,212.459,212.711,212.448,212.567,7684,1
1779120000,212.567,212.642,212.417,212.575,7560,3
1779123600,212.576,212.861,212.563,212.75,7963,1
1779127200,212.749,213.229,212.662,213.119,7835,1
1779130800,213.116,213.545,213.083,213.434,6677,1
1779134400,213.434,213.496,213.294,213.296,4790,1
1779138000,213.296,213.322,213.169,213.194,4450,2
1779141600,213.196,213.418,213.167,213.378,7011,4
1779145200,213.38,213.447,213.304,213.307,4111,1
1779148800,213.307,213.309,213.067,213.16,300,85
1779152400,213.16,213.385,213.136,213.369,1232,5
1779156000,213.369,213.406,213.337,213.384,1681,1
1779159600,213.384,213.473,213.332,213.38,3798,1
1779163200,213.38,213.388,213.224,213.303,4991,3
1779166800,213.305,213.306,213.19,213.265,3607,2
1779170400,213.266,213.283,213.211,213.211,3203,4
1779174000,213.212,213.232,213.126,213.146,3180,4
1779177600,213.146,213.367,213.043,213.338,4427,2
1779181200,213.341,213.341,213.085,213.151,4906,0
1779184800,213.149,213.228,213.032,213.149,6401,1
1779188400,213.149,213.172,212.995,213.129,5649,1
1779192000,213.13,213.316,213.066,213.309,5250,3
1779195600,213.309,213.412,213.185,213.295,5693,1
1779199200,213.296,213.355,213.245,213.288,5742,1
1779202800,213.282,213.507,212.852,213.267,6903,0
1779206400,213.254,213.296,212.972,213.156,9015,0
1779210000,213.154,213.19,212.896,213.032,9358,1
1779213600,213.033,213.252,212.952,213.194,7355,0
1779217200,213.194,213.202,212.64,212.807,7819,0
1779220800,212.807,213.022,212.805,213.007,4614,2
1779224400,213.007,213.175,213.007,213.075,4945,2
1779228000,213.087,213.174,213.08,213.135,3912,2
1779231600,213.134,213.207,213.047,213.062,3075,4
1779235200,212.985,213.16,212.941,213.09,696,60
1779238800,213.09,213.15,213.076,213.107,1269,2
1779242400,213.109,213.129,213.046,213.048,2747,2
1779246000,213.044,213.134,212.859,212.883,6326,4
1779249600,212.883,212.943,212.779,212.895,5501,1
1779253200,212.899,212.935,212.755,212.806,5073,1
1779256800,212.806,212.938,212.766,212.879,3707,1
1779260400,212.876,212.959,212.831,212.882,3324,1
1779264000,212.882,212.956,212.822,212.885,4485,3
1779267600,212.87,213.004,212.618,212.813,6507,0
1779271200,212.814,212.984,212.749,212.911,6238,1
1779274800,212.911,212.997,212.784,212.826,6436,0
1779278400,212.826,212.955,212.821,212.871,4907,2
1779282000,212.871,213.025,212.835,213.001,5245,3
1779285600,213.005,213.171,212.989,213.1,4783,1
1779289200,213.101,213.17,213.023,213.04,5213,1
1779292800,213.039,213.212,213.002,213.082,6593,1
1779296400,213.081,213.462,213.003,213.405,10403,0
1779300000,213.403,213.577,213.275,213.499,9538,1
1779303600,213.502,213.597,213.461,213.499,6892,2
1779307200,213.501,213.618,213.486,213.511,6470,0
1779310800,213.51,213.578,213.481,213.519,5759,1
1779314400,213.511,213.584,213.454,213.464,4397,2
1779318000,213.462,213.554,213.446,213.465,3568,1
1779321600,213.465,213.491,213.328,213.417,651,62
1779325200,213.418,213.515,213.401,213.433,1230,4
1779328800,213.433,213.48,213.424,213.447,1442,3
1779332400,213.447,213.513,213.384,213.467,3935,2
1779336000,213.467,213.563,213.413,213.446,3921,0
1779339600,213.448,213.478,213.288,213.431,3340,2
1779343200,213.43,213.484,213.402,213.439,2754,3
1779346800,213.438,213.57,213.428,213.552,2444,2
1779350400,213.552,213.607,213.509,213.594,3707,3
1779354000,213.594,213.699,213.585,213.686,5421,1
1779357600,213.687,213.766,213.371,213.564,6738,0
1779361200,213.564,213.821,213.501,213.593,7233,0
1779364800,213.59,213.723,213.562,213.694,4736,2
1779368400,213.691,213.778,213.453,213.614,6971,2
1779372000,213.614,213.764,213.56,213.613,5513,2
1779375600,213.611,213.66,213.464,213.491,6802,1
1779379200,213.489,213.582,213.316,213.42,8407,0
1779382800,213.424,213.491,213.315,213.458,7860,2
1779386400,213.456,213.499,213.282,213.368,8119,3
1779390000,213.364,213.395,213.306,213.378,5756,3
1779393600,213.38,213.64,213.363,213.59,9062,2
1779397200,213.586,213.707,213.495,213.579,6499,2
1779400800,213.574,213.634,213.49,213.522,5964,1
1779404400,213.523,213.604,213.477,213.477,2886,1
1779408000,213.482,213.518,213.245,213.382,667,61
1779411600,213.382,213.562,213.37,213.56,1101,16
1779415200,213.56,213.598,213.531,213.584,1359,3
1779418800,213.589,213.628,213.504,213.57,4093,0
1779422400,213.567,213.621,213.538,213.573,3069,2
1779426000,213.573,213.593,213.479,213.516,3093,5
1779429600,213.516,213.523,213.464,213.507,2502,3
1779433200,213.507,213.626,213.489,213.615,2637,3
1779436800,213.615,213.657,213.525,213.576,2749,1
1779440400,213.582,213.591,213.464,213.572,4704,1
1779444000,213.569,213.625,213.443,213.61,4256,3
1779447600,213.61,213.73,213.539,213.576,5019,1
1779451200,213.576,213.642,213.492,213.613,4772,1
1779454800,213.613,213.681,213.537,213.576,4122,2
1779458400,213.576,213.612,213.52,213.56,4221,2
1779462000,213.56,213.734,213.491,213.726,6251,2
1779465600,213.726,214.041,213.707,213.766,7613,0
1779469200,213.749,213.792,213.552,213.723,8048,2
1779472800,213.724,213.987,213.666,213.894,5667,1
1779476400,213.892,214.013,213.875,213.978,4697,2
1779480000,213.978,214.011,213.925,213.995,4912,2
1779483600,213.999,214.013,213.95,213.986,3017,0
1779487200,213.976,213.976,213.848,213.9,2537,2
1779490800,213.9,213.931,213.75,213.758,2272,3
1779667200,213.585,213.756,213.471,213.726,333,135
1779670800,213.726,214.229,213.726,214.228,1995,0
1779674400,214.228,214.301,214.211,214.287,2089,4
1779678000,214.285,214.292,214.153,214.174,3444,3
1779681600,214.173,214.216,214.101,214.161,3750,1
1779685200,214.161,214.181,214.062,214.075,1981,3
1779688800,214.076,214.126,214.047,214.095,1752,3
1779692400,214.097,214.229,214.083,214.194,1882,1
1779696000,214.195,214.288,214.191,214.265,2704,2
1779699600,214.264,214.33,214.188,214.299,3240,3
1779703200,214.299,214.373,214.226,214.366,4251,3
1779706800,214.365,214.437,214.291,214.431,3955,4
1779710400,214.431,214.479,214.41,214.433,2530,3
1779714000,214.433,214.463,214.391,214.433,2192,2
1779717600,214.433,214.604,214.383,214.532,3376,2
1779721200,214.537,214.608,214.515,214.526,4329,3
1779724800,214.526,214.583,214.44,214.441,3551,2
1779728400,214.44,214.569,214.417,214.549,3725,3
1779732000,214.549,214.593,214.503,214.537,3436,3
1779735600,214.539,214.589,214.506,214.571,2146,3
1779739200,214.57,214.618,214.561,214.596,1510,2
1779742800,214.596,214.632,214.581,214.627,1511,7
1779746400,214.628,214.677,214.605,214.656,1056,2
1779750000,214.656,214.671,214.492,214.492,1563,6
1779753600,214.446,214.592,214.307,214.502,450,91
1779757200,214.54,214.63,214.527,214.596,784,5
1779760800,214.596,214.627,214.503,214.52,1456,3
1779764400,214.517,214.545,214.424,214.517,3733,3
1779768000,214.517,214.544,214.336,214.398,4347,3
1779771600,214.396,214.429,214.345,214.367,2323,1
1779775200,214.367,214.407,214.339,214.385,1873,4
1779778800,214.385,214.391,214.315,214.347,1697,3
1779782400,214.347,214.357,214.267,214.285,2876,1
1779786000,214.287,214.474,214.264,214.422,4737,0
1779789600,214.425,214.522,214.319,214.513,5948,1
1779793200,214.515,214.639,214.489,214.534,4708,1
1779796800,214.534,214.634,214.477,214.603,4552,1
1779800400,214.603,214.66,214.52,214.603,4823,3
1779804000,214.603,214.676,214.406,214.416,4949,1
1779807600,214.416,214.539,214.384,214.429,4523,0
1779811200,214.429,214.494,214.36,214.436,6714,1
1779814800,214.443,214.506,214.268,214.279,6313,1
1779818400,214.279,214.313,214.076,214.114,7217,1
1779822000,214.114,214.224,214.081,214.127,4829,1
1779825600,214.127,214.224,214.106,214.198,4049,1
1779829200,214.198,214.221,214.154,214.22,3687,3
1779832800,214.218,214.268,214.178,214.257,3829,2
1779836400,214.26,214.321,214.18,214.183,2429,1
1779840000,214.113,214.249,214.025,214.16,486,54
1779843600,214.16,214.242,214.16,214.212,1242,5
1779847200,214.214,214.291,214.199,214.266,1622,1
1779850800,214.266,214.355,214.192,214.317,4741,1
1779854400,214.319,214.322,214.165,214.208,4770,3
1779858000,214.205,214.263,214.184,214.197,4091,1
1779861600,214.197,214.253,214.174,214.202,2810,3
1779865200,214.202,214.261,214.196,214.245,2948,1
1779868800,214.242,214.354,214.234,214.312,3048,3
1779872400,214.312,214.372,214.248,214.366,4623,3
1779876000,214.366,214.416,214.191,214.223,4347,3
1779879600,214.223,214.403,214.192,214.326,4976,1
1779883200,214.325,214.366,214.234,214.259,4113,2
1779886800,214.258,214.268,214.143,214.223,3631,1
1779890400,214.23,214.252,214.136,214.191,4163,1
1779894000,214.19,214.37,214.128,214.251,7658,0
1779897600,214.255,214.385,214.242,214.319,7511,1
1779901200,214.325,214.48,214.002,214.038,8623,0
1779904800,214.039,214.159,214.02,214.156,7073,0
1779908400,214.154,214.225,214.078,214.216,4613,2
1779912000,214.216,214.243,214.075,214.186,4273,2
1779915600,214.185,214.242,214.135,214.208,3850,1
1779919200,214.212,214.279,214.2,214.269,2903,1
1779922800,214.267,214.283,214.161,214.161,2404,2
1779926400,213.978,214.108,213.826,214.108,366,56
1779930000,214.093,214.213,214.093,214.175,1273,4
1779933600,214.175,214.198,214.053,214.076,1675,3
1779937200,214.076,214.118,213.977,214.02,3944,1
1779940800,214.02,214.028,213.805,213.82,4087,1
1779944400,213.82,213.88,213.812,213.83,3310,4
1779948000,213.83,213.841,213.379,213.384,4652,2
1779951600,213.384,213.497,213.324,213.47,5405,1
1779955200,213.47,213.722,213.42,213.68,4455,1
1779958800,213.676,213.821,213.66,213.776,5132,1
1779962400,213.776,213.884,213.727,213.74,5872,1
1779966000,213.739,213.775,213.619,213.699,4384,1
1779969600,213.698,213.748,213.53,213.547,4961,2
1779973200,213.547,213.553,213.421,213.512,5584,2
1779976800,213.512,213.829,213.502,213.783,4674,2
1779980400,213.778,213.892,213.708,213.883,6462,1
1779984000,213.886,214.012,213.804,213.86,6122,1
1779987600,213.862,214.123,213.816,213.883,9418,1
1779991200,213.884,214.045,213.872,214.017,6194,1
1779994800,214.018,214.123,213.954,214.019,5748,1
1779998400,214.018,214.068,213.981,214.051,3579,1
1780002000,214.05,214.068,213.999,214.045,3773,2
1780005600,214.04,214.067,213.989,214.019,3213,3
1780009200,214.016,214.092,214.004,214.081,2607,4
1780012800,213.977,214.039,213.899,214.028,412,55
1780016400,214.028,214.119,214.007,214.071,961,0
1780020000,214.071,214.132,214.056,214.124,1385,2
1780023600,214.125,214.18,214.096,214.102,3465,2
1780027200,214.098,214.214,214.083,214.114,3593,3
1780030800,214.114,214.146,214.064,214.086,2767,4
1780034400,214.09,214.096,214.019,214.058,2977,1
1780038000,214.058,214.114,214.037,214.07,2295,2
1780041600,214.075,214.129,214.038,214.092,2295,1
1780045200,214.092,214.166,213.977,214.012,4555,0
1780048800,214.005,214.029,213.754,213.825,5314,1
1780052400,213.819,213.821,213.593,213.639,5153,3
1780056000,213.639,213.738,213.593,213.738,4998,1
1780059600,213.738,213.738,213.584,213.728,4606,1
1780063200,213.724,213.869,213.671,213.855,5260,1
1780066800,213.856,213.954,213.782,213.95,5196,0
1780070400,213.948,214.17,213.9,214.078,5988,1
1780074000,214.086,214.59,213.995,214.545,8113,0
1780077600,214.542,214.632,214.444,214.556,8608,0
1780081200,214.556,214.565,214.355,214.395,5602,1
1780084800,214.399,214.438,214.296,214.327,4441,0
1780088400,214.327,214.416,214.317,214.374,4366,1
1780092000,214.375,214.539,214.356,214.484,3468,1
1780095600,214.486,214.494,214.246,214.281,3938,3
1780272000,214.314,214.498,214.313,214.361,718,91
1780275600,214.364,214.393,214.301,214.362,2080,0
1780279200,214.362,214.429,214.344,214.354,3427,0
1780282800,214.349,214.496,214.331,214.487,5136,0
1780286400,214.486,214.57,214.472,214.564,3487,4
1780290000,214.564,214.606,214.529,214.568,1973,2
1780293600,214.568,214.608,214.483,214.495,2854,2
1780297200,214.495,214.6,214.485,214.583,2047,2
1780300800,214.583,214.74,214.577,214.679,2575,3
1780304400,214.69,214.876,214.639,214.784,4895,1
1780308000,214.781,214.786,214.583,214.65,4819,1
1780311600,214.65,214.826,214.639,214.793,3983,0
1780315200,214.788,214.856,214.605,214.623,4262,1
1780318800,214.623,214.705,214.573,214.672,3734,3
1780322400,214.673,214.759,214.636,214.757,3063,0
1780326000,214.757,214.795,214.692,214.717,4670,0
1780329600,214.716,214.733,214.211,214.266,8813,0
1780333200,214.255,214.639,214.159,214.614,7936,2
1780336800,214.615,214.741,214.484,214.717,5919,0
1780340400,214.717,214.84,214.634,214.832,5028,0
1780344000,214.833,214.977,214.761,214.939,5696,0
1780347600,214.938,215.002,214.904,214.989,3749,2
1780351200,214.986,214.986,214.864,214.929,3196,2
1780354800,214.929,214.946,214.779,214.779,2734,4
1780358400,214.779,214.861,214.673,214.75,2354,55
1780362000,214.75,214.871,214.75,214.871,1345,8
1780365600,214.872,214.893,214.817,214.877,1771,4
1780369200,214.876,214.958,214.789,214.805,3303,0
1780372800,214.804,214.915,214.797,214.833,4348,2
1780376400,214.833,214.881,214.816,214.873,2104,0
1780380000,214.873,214.961,214.873,214.95,1945,0
1780383600,214.95,215.063,214.935,215.053,1955,3
1780387200,215.053,215.099,215.024,215.024,2211,1
1780390800,215.027,215.319,215.027,215.251,5954,1
1780394400,215.25,215.27,215.104,215.135,5074,0
1780398000,215.135,215.16,215.012,215.062,4637,2
1780401600,215.064,215.176,215.027,215.169,3654,2
1780405200,215.171,215.22,215.109,215.117,3608,2
1780408800,215.116,215.277,215.074,215.236,4121,2
1780412400,215.236,215.312,215.186,215.255,4569,3
1780416000,215.254,215.358,215.23,215.271,6461,1
1780419600,215.261,215.437,215.193,215.369,6060,2
1780423200,215.368,215.525,215.367,215.499,5711,0
1780426800,215.5,215.521,215.322,215.329,3803,1
1780430400,215.333,215.355,215.268,215.293,4008,3
1780434000,215.295,215.397,215.224,215.373,4129,1
1780437600,215.373,215.437,215.367,215.4,2662,2
1780441200,215.4,215.445,215.293,215.293,2346,3
1780444800,215.293,215.325,215.199,215.267,605,58
1780448400,215.255,215.367,215.255,215.324,1225,3
1780452000,215.324,215.353,215.19,215.211,2697,2
1780455600,215.216,215.378,215.2,215.367,3184,3
1780459200,215.367,215.371,215.271,215.285,3458,2
1780462800,215.29,215.322,215.2,215.234,2781,1
1780466400,215.235,215.286,215.216,215.253,1798,1
1780470000,215.253,215.255,215.182,215.21,1772,1
1780473600,215.21,215.247,215.09,215.092,3176,2
1780477200,215.093,215.178,214.915,215.168,4917,1
1780480800,215.168,215.186,214.713,214.895,6057,0
1780484400,214.895,214.914,214.565,214.812,5443,0
1780488000,214.812,214.984,214.811,214.882,3799,0
1780491600,214.882,214.985,214.861,214.909,4665,0
1780495200,214.907,215.03,214.905,214.981,3758,0
1780498800,214.981,214.997,214.717,214.801,5401,0
1780502400,214.801,214.861,214.699,214.76,7003,0
1780506000,214.715,214.93,214.711,214.917,7561,1
1780509600,214.917,215.011,214.795,214.911,6339,1
1780513200,214.911,214.923,214.67,214.744,5904,1
1780516800,214.744,214.791,214.687,214.718,3460,0
1780520400,214.717,214.735,214.66,214.701,3276,2
1780524000,214.701,214.821,214.692,214.812,2853,3
1780527600,214.814,214.837,214.725,214.725,2433,4
1780531200,214.73,214.772,214.537,214.671,1063,60
1780534800,214.671,214.752,214.613,214.65,1777,3
1780538400,214.651,214.759,214.623,214.756,2489,4
1780542000,214.752,214.799,214.652,214.685,4574,2
1780545600,214.685,214.7,214.634,214.678,4942,3
1780549200,214.678,214.694,214.613,214.676,3448,3
1780552800,214.676,214.742,214.616,214.727,3046,2
1780556400,214.727,214.766,214.349,214.718,3037,2
1780560000,214.718,214.738,214.617,214.692,2941,4
1780563600,214.687,214.767,214.649,214.715,4813,1
1780567200,214.716,214.728,214.464,214.617,4942,1
1780570800,214.617,214.764,214.617,214.71,4510,2
1780574400,214.708,214.879,214.707,214.797,5151,2
1780578000,214.794,214.935,214.777,214.922,4811,2
1780581600,214.923,215.14,214.91,215.032,5815,0
1780585200,215.024,215.156,215.023,215.114,5514,0
1780588800,215.108,215.135,214.976,215.104,6562,1
1780592400,215.105,215.121,214.923,215.076,6348,2
1780596000,215.078,215.104,214.873,214.987,5630,1
1780599600,214.988,215.024,214.904,214.918,4159,2
1780603200,214.92,214.955,214.809,214.823,3034,2
1780606800,214.82,214.858,214.792,214.83,2811,3
1780610400,214.83,214.842,214.768,214.797,2935,0
1780614000,214.799,214.831,214.774,214.798,2152,5
1780617600,214.642,214.865,214.57,214.694,1855,62
1780621200,214.696,214.805,214.692,214.772,924,4
1780624800,214.777,214.796,214.738,214.753,1235,1
1780628400,214.741,214.752,214.665,214.72,4602,1
1780632000,214.716,214.74,214.585,214.726,4132,3
1780635600,214.728,214.801,214.718,214.747,2717,4
1780639200,214.748,214.81,214.733,214.77,3184,3
1780642800,214.767,214.847,214.757,214.813,2919,4
1780646400,214.813,214.82,214.745,214.757,2800,5
1780650000,214.757,214.904,214.731,214.88,4522,0
1780653600,214.881,215.086,214.86,215.056,4375,1
1780657200,215.051,215.23,215.035,215.212,4150,1
1780660800,215.212,215.398,215.174,215.352,4379,2
1780664400,215.352,215.605,215.34,215.466,4128,2
1780668000,215.463,215.477,215.263,215.28,4642,0
1780671600,215.28,215.316,214.753,214.757,7927,1
1780675200,214.759,214.835,214.269,214.572,10294,0
1780678800,214.569,214.656,214.367,214.539,8593,0
1780682400,214.539,214.544,214.022,214.085,7320,0
1780686000,214.085,214.088,213.86,214.063,6738,1
1780689600,214.06,214.085,213.832,213.891,4640,2
1780693200,213.892,213.9,213.525,213.602,6210,1
1780696800,213.603,213.718,213.522,213.649,4653,3
1780700400,213.649,213.883,213.582,213.839,3363,4
1780876800,213.473,213.569,213.225,213.39,241,177
1780880400,213.39,213.719,213.39,213.614,2790,7
1780884000,213.618,213.816,213.595,213.807,2442,2
1780887600,213.795,214.017,213.738,214.013,4200,0
1780891200,214.013,214.046,213.556,213.829,5735,1
1780894800,213.829,213.974,213.712,213.929,4004,2
1780898400,213.929,213.951,213.856,213.906,2508,3
1780902000,213.906,213.953,213.85,213.888,2620,4
1780905600,213.889,213.982,213.562,213.595,5193,0
1780909200,213.592,213.725,213.485,213.512,5973,1
1780912800,213.511,213.854,213.48,213.543,6324,1
1780916400,213.543,213.616,212.952,213.172,7631,0
1780920000,213.172,213.284,212.932,213.238,7265,1
1780923600,213.239,213.485,213.182,213.466,6085,1
1780927200,213.466,213.823,213.438,213.713,7100,0
1780930800,213.713,213.807,213.473,213.552,6280,2
1780934400,213.552,213.775,213.504,213.666,8002,0
1780938000,213.666,213.786,213.56,213.59,8308,0
1780941600,213.594,213.728,213.543,213.703,6709,1
1780945200,213.703,213.744,213.622,213.704,4908,0
1780948800,213.704,213.765,213.666,213.739,5282,3
1780952400,213.741,213.845,213.741,213.764,4156,2
1780956000,213.764,213.806,213.709,213.738,3716,4
1780959600,213.738,213.759,213.599,213.606,3053,1
1780963200,213.606,213.708,213.506,213.603,910,51
1780966800,213.571,213.681,213.571,213.68,1615,2
1780970400,213.68,213.704,213.569,213.576,1389,1
1780974000,213.575,213.709,213.493,213.695,5002,0
1780977600,213.694,213.873,213.67,213.871,3972,3
1780981200,213.871,213.896,213.831,213.871,2415,1
1780984800,213.87,213.926,213.828,213.925,2287,4
1780988400,213.925,214.058,213.891,214.021,2688,1
1780992000,214.021,214.04,213.925,213.984,4517,1
1780995600,213.988,214.119,213.918,214.031,5174,1
1780999200,214.035,214.202,213.978,214.141,5612,0
1781002800,214.141,214.366,214.116,214.314,5458,1
1781006400,214.314,214.469,214.3,214.454,4309,1
1781010000,214.454,214.577,214.416,214.548,4251,3
1781013600,214.548,214.71,214.54,214.653,4068,1
1781017200,214.653,214.733,214.62,214.71,4519,1
1781020800,214.713,214.785,214.597,214.63,6488,2
1781024400,214.629,214.757,214.496,214.683,8626,0
1781028000,214.683,214.794,214.358,214.495,8397,0
1781031600,214.495,214.575,214.322,214.478,8908,0
1781035200,214.483,214.623,214.464,214.602,7544,3
1781038800,214.604,214.746,214.581,214.682,5868,3
1781042400,214.682,214.696,214.583,214.622,5571,2
1781046000,214.621,214.663,214.445,214.445,3451,4
1781049600,214.347,214.547,214.285,214.335,1107,39
1781053200,214.335,214.53,214.335,214.484,1602,5
1781056800,214.484,214.539,214.414,214.467,2515,2
1781060400,214.469,214.584,214.419,214.569,5174,5
1781064000,214.569,214.577,214.377,214.498,4886,0
1781067600,214.499,214.592,214.455,214.556,4004,4
1781071200,214.555,214.721,214.551,214.696,3050,1
1781074800,214.696,214.702,214.55,214.607,3192,3
1781078400,214.605,214.759,214.561,214.724,4467,4
1781082000,214.736,214.837,214.638,214.646,5098,1
1781085600,214.639,214.78,214.596,214.772,5431,1
1781089200,214.773,214.81,214.661,214.744,5487,2
1781092800,214.745,214.991,214.647,214.948,5208,1
1781096400,214.951,215.013,214.866,214.87,4354,1
1781100000,214.875,214.92,214.691,214.717,7944,1
1781103600,214.725,215.031,214.695,214.811,8058,2
1781107200,214.807,215.233,214.799,215.068,8314,1
1781110800,215.068,215.169,214.941,215.071,8676,1
1781114400,215.071,215.123,214.647,214.867,8274,1
1781118000,214.867,214.991,214.809,214.879,6180,2
1781121600,214.88,214.945,214.771,214.937,5742,0
1781125200,214.941,214.987,214.688,214.731,6591,1
1781128800,214.731,214.745,214.636,214.67,4962,2
1781132400,214.671,214.677,214.604,214.605,2815,3
1781136000,214.566,214.721,214.492,214.59,3235,0
1781139600,214.575,214.575,214.391,214.42,1773,3
1781143200,214.42,214.544,214.326,214.493,4340,2
1781146800,214.494,214.631,214.476,214.617,5789,2
1781150400,214.616,214.866,214.616,214.821,4361,1
1781154000,214.821,214.843,214.7,214.753,3391,2
1781157600,214.753,214.78,214.709,214.74,2922,4
1781161200,214.74,214.858,214.722,214.81,3312,4
1781164800,214.81,214.864,214.792,214.82,3131,2
1781168400,214.827,214.863,214.741,214.783,4598,1
1781172000,214.783,214.943,214.754,214.791,5124,1
1781175600,214.789,214.807,214.489,214.523,5213,2
1781179200,214.527,214.606,214.454,214.553,4249,2
1781182800,214.549,214.557,214.367,214.451,4275,2
1781186400,214.45,214.574,214.45,214.556,4424,1
1781190000,214.556,214.59,214.227,214.491,7910,1
1781193600,214.491,214.498,214.162,214.301,8381,0
1781197200,214.301,214.319,213.882,213.915,7706,1
1781200800,213.916,214.172,213.87,214.043,7060,1
1781204400,214.043,214.073,213.967,214.035,5356,3
1781208000,214.033,214.612,213.92,214.382,9358,0
1781211600,214.382,214.481,214.363,214.462,8198,0
1781215200,214.463,214.547,214.312,214.376,7709,2
1781218800,214.378,214.618,214.375,214.53,3987,1
1781222400,214.53,214.682,214.36,214.428,690,59
1781226000,214.46,214.812,214.441,214.794,2493,2
1781229600,214.795,214.832,214.699,214.805,3509,3
1781233200,214.804,214.853,214.715,214.759,5877,3
1781236800,214.76,214.812,214.615,214.799,5497,0
1781240400,214.793,214.929,214.789,214.893,4625,4
1781244000,214.891,214.974,214.865,214.94,4675,2
1781247600,214.939,215.0,214.902,214.921,3552,1
1781251200,214.918,214.945,214.776,214.795,5161,2
1781254800,214.793,214.969,214.783,214.925,6014,2
1781258400,214.928,214.948,214.629,214.743,6260,0
1781262000,214.739,214.842,214.63,214.736,8109,2
1781265600,214.736,214.83,214.645,214.81,6193,2
1781269200,214.81,214.84,214.688,214.697,6248,2
1781272800,214.697,214.853,214.697,214.776,5016,1
1781276400,214.776,214.79,214.564,214.634,6361,0
1781280000,214.634,214.893,214.599,214.766,8642,0
1781283600,214.764,214.98,214.695,214.94,8866,0
1781287200,214.939,215.019,214.822,214.937,8192,1
1781290800,214.933,214.976,214.826,214.951,6538,0
1781294400,214.953,215.012,214.906,214.933,4988,0
1781298000,214.933,215.008,214.891,214.964,4646,1
1781301600,214.964,214.99,214.829,214.849,4453,3
1781305200,214.848,214.865,214.676,214.68,3183,0
1781481600,214.561,214.676,214.326,214.554,649,52
1781485200,214.562,215.154,214.522,215.149,4679,4
1781488800,215.149,215.165,215.039,215.137,3148,1
1781492400,215.138,215.323,215.12,215.247,5772,0
1781496000,215.245,215.361,215.205,215.281,4520,3
1781499600,215.278,215.311,215.17,215.215,3473,2
1781503200,215.215,215.227,215.154,215.158,3438,2
1781506800,215.158,215.277,215.156,215.267,3157,3
1781510400,215.267,215.371,215.257,215.346,3882,2
1781514000,215.346,215.361,215.169,215.243,4692,2
1781517600,215.247,215.281,214.984,215.068,5919,1
1781521200,215.067,215.109,214.887,214.946,4912,1
1781524800,214.945,215.085,214.944,214.992,4478,3
1781528400,214.995,215.08,214.946,214.965,4126,0
1781532000,214.965,215.063,214.962,215.021,4651,1
1781535600,215.019,215.067,214.907,215.06,5832,1
1781539200,215.061,215.179,215.012,215.04,6104,3
1781542800,215.04,215.247,214.968,215.223,6714,0
1781546400,215.223,215.228,215.026,215.069,5415,0
1781550000,215.07,215.193,215.055,215.157,3808,2
1781553600,215.159,215.226,215.138,215.214,3821,1
1781557200,215.214,215.243,215.076,215.117,4070,1
1781560800,215.116,215.128,215.031,215.055,4147,1
1781564400,215.053,215.092,214.957,215.039,3678,1
1781568000,215.041,215.117,214.906,214.964,2479,38
1781571600,214.964,215.086,214.96,215.016,1237,4
1781575200,215.016,215.04,214.958,214.972,1693,4
1781578800,214.972,214.972,214.811,214.883,3732,3
1781582400,214.883,214.942,214.691,214.714,4487,1
1781586000,214.714,214.72,214.6,214.655,3101,2
1781589600,214.655,214.796,214.525,214.728,4070,1
1781593200,214.729,214.775,214.649,214.693,4062,2
1781596800,214.693,214.785,214.668,214.67,3825,2
1781600400,214.67,214.777,214.589,214.771,5676,0
1781604000,214.77,215.044,214.732,214.974,5687,0
1781607600,214.975,215.216,214.941,215.214,4583,1
1781611200,215.214,215.264,215.062,215.103,4411,0
1781614800,215.101,215.289,215.083,215.279,4156,2
1781618400,215.278,215.284,215.044,215.122,4391,0
1781622000,215.122,215.122,214.983,215.088,5525,1
1781625600,215.092,215.163,215.024,215.096,6577,1
1781629200,215.096,215.384,215.05,215.375,7094,1
1781632800,215.376,215.559,215.306,215.521,6558,1
1781636400,215.531,215.539,215.395,215.397,4857,0
1781640000,215.397,215.449,215.372,215.447,3628,2
1781643600,215.446,215.487,215.39,215.436,3161,2
1781647200,215.436,215.467,215.389,215.405,4006,2
1781650800,215.405,215.465,215.35,215.351,2256,0
1781654400,215.351,215.413,215.261,215.389,827,63
1781658000,215.387,215.432,215.355,215.384,1477,4
1781661600,215.382,215.432,215.37,215.37,1529,3
1781665200,215.37,215.436,215.326,215.359,6377,3
1781668800,215.359,215.397,215.287,215.293,3343,1
1781672400,215.293,215.333,215.252,215.253,2921,1
1781676000,215.252,215.312,215.234,215.264,2280,4
1781679600,215.263,215.287,215.231,215.25,2224,3
1781683200,215.25,215.314,215.221,215.286,2870,2
1781686800,215.278,215.353,214.912,214.97,4418,1
1781690400,214.968,215.065,214.929,214.984,4512,1
1781694000,214.985,214.987,214.77,214.948,5055,2
1781697600,214.947,214.97,214.853,214.922,3740,1
1781701200,214.925,214.954,214.831,214.909,3732,3
1781704800,214.91,214.947,214.785,214.891,4637,2
1781708400,214.892,214.993,214.877,214.97,4681,2
1781712000,214.967,215.038,214.759,214.759,5608,0
1781715600,214.759,214.829,214.604,214.726,6811,0
1781719200,214.726,214.733,214.593,214.632,5677,1
1781722800,214.631,214.64,214.513,214.607,3993,1
1781726400,214.607,214.742,214.581,214.675,4458,2
1781730000,214.623,214.623,214.002,214.051,11703,0
1781733600,214.05,214.063,213.216,213.53,12007,0
1781737200,213.529,213.684,213.429,213.504,5231,0
1781740800,213.504,213.658,213.242,213.414,727,38
1781744400,213.414,213.563,213.356,213.535,2034,7
1781748000,213.535,213.619,213.518,213.614,2658,2
1781751600,213.616,213.896,213.598,213.832,5856,1
1781755200,213.832,213.982,213.803,213.808,4838,1
1781758800,213.808,213.853,213.751,213.762,3809,2
1781762400,213.762,213.859,213.761,213.846,3228,2
1781766000,213.845,213.885,213.795,213.816,3941,3
1781769600,213.818,213.835,213.646,213.646,3711,1
1781773200,213.639,214.059,213.634,213.842,6291,1
1781776800,213.839,213.89,213.481,213.539,6278,0
1781780400,213.539,213.547,212.835,212.947,6898,1
1781784000,212.965,212.971,212.591,212.885,6997,0
1781787600,212.885,212.966,212.754,212.869,6421,0
1781791200,212.867,212.949,212.498,212.6,7269,0
1781794800,212.598,213.108,212.587,212.886,7271,0
1781798400,212.886,213.078,212.794,212.985,8714,1
1781802000,212.985,213.176,212.88,213.163,8349,0
1781805600,213.169,213.435,212.979,213.417,8239,1
1781809200,213.421,213.432,213.154,213.427,7425,0
1781812800,213.429,213.511,213.239,213.244,5854,2
1781816400,213.245,213.487,213.196,213.463,5409,2
1781820000,213.463,213.571,212.414,213.075,7913,0
1781823600,213.093,213.161,212.972,212.972,3675,2
1781827200,212.972,213.227,212.972,213.122,623,5
1781830800,213.122,213.179,212.846,212.966,2497,0
1781834400,212.966,213.04,212.917,212.933,2466,1
1781838000,212.932,213.003,212.687,212.801,5614,0
1781841600,212.801,212.818,212.665,212.702,4514,1
1781845200,212.698,212.864,212.657,212.841,3742,1
1781848800,212.841,212.862,212.655,212.766,4287,3
1781852400,212.766,212.812,212.49,212.528,4868,1
1781856000,212.528,212.97,212.46,212.853,5448,0
1781859600,212.839,212.988,212.713,212.854,5694,1
1781863200,212.855,212.998,212.801,212.866,5480,2
1781866800,212.869,213.433,212.849,213.417,5634,1
1781870400,213.422,213.51,213.367,213.416,5066,1
1781874000,213.418,213.45,213.29,213.447,4430,0
1781877600,213.448,213.526,213.276,213.328,4519,1
1781881200,213.328,213.413,213.274,213.308,5239,2
1781884800,213.308,213.322,213.149,213.245,5561,0
1781888400,213.237,213.442,213.121,213.221,5754,1
1781892000,213.222,213.336,213.15,213.242,4724,1
1781895600,213.242,213.425,213.214,213.417,2826,1
1781899200,213.422,213.558,213.358,213.377,3667,0
1781902800,213.377,213.469,213.346,213.404,2467,0
1781906400,213.404,213.461,213.351,213.438,3453,0
1781910000,213.438,213.514,213.219,213.313,4748,0
1782086400,212.622,212.988,212.533,212.837,495,23
1782090000,212.85,213.248,212.85,213.235,1788,0
1782093600,213.243,213.272,213.16,213.217,2537,4
1782097200,213.217,213.542,213.206,213.527,4309,2
1782100800,213.531,213.697,213.482,213.541,5147,1
1782104400,213.541,213.669,213.502,213.626,3922,1
1782108000,213.624,213.696,213.447,213.493,3513,1
1782111600,213.493,213.547,213.428,213.515,3658,0
1782115200,213.516,213.711,213.516,213.586,4185,1
1782118800,213.586,213.631,213.426,213.581,6048,1
1782122400,213.579,213.725,213.353,213.402,5484,1
1782126000,213.402,213.688,213.252,213.628,6445,1
1782129600,213.63,214.042,213.624,213.956,6106,0
1782133200,213.96,214.231,213.947,214.077,5738,0
1782136800,214.077,214.192,214.005,214.103,5579,0
1782140400,214.103,214.675,214.101,214.531,6847,0
1782144000,214.533,214.64,214.314,214.329,8239,0
1782147600,214.331,214.525,213.588,213.955,10265,0
1782151200,213.955,214.013,213.702,213.95,8501,0
1782154800,213.95,214.091,213.893,213.967,6310,1
1782158400,213.969,213.995,213.881,213.893,4640,1
1782162000,213.894,213.928,213.751,213.773,4455,2
1782165600,213.777,214.158,213.777,214.084,4888,1
1782169200,214.083,214.142,213.941,213.941,2776,2
1782172800,213.941,214.113,213.883,214.018,736,23
1782176400,214.018,214.161,213.993,214.061,1406,2
1782180000,214.061,214.081,214.003,214.032,1580,3
1782183600,214.032,214.094,213.9,214.011,5838,0
1782187200,214.009,214.031,213.893,213.993,4492,1
1782190800,213.996,214.039,213.954,213.956,4426,1
1782194400,213.956,214.049,213.853,214.035,4047,2
1782198000,214.037,214.057,213.892,213.918,3845,3
1782201600,213.919,214.1,213.889,214.07,5011,0
1782205200,214.07,214.21,213.876,213.924,6640,1
1782208800,213.919,214.031,213.488,213.558,8481,0
1782212400,213.557,213.599,213.278,213.419,7841,0
1782216000,213.419,213.555,213.242,213.511,6171,0
1782219600,213.511,213.55,213.262,213.434,5561,0
1782223200,213.434,213.569,213.41,213.427,5712,0
1782226800,213.426,213.565,213.358,213.442,6452,0
1782230400,213.444,213.536,213.267,213.429,8011,1
1782234000,213.427,213.444,213.167,213.247,7820,1
1782237600,213.247,213.28,212.979,213.076,6725,0
1782241200,213.082,213.209,213.054,213.094,4647,1
1782244800,213.089,213.138,213.028,213.052,4208,2
1782248400,213.052,213.087,212.99,213.085,3422,1
1782252000,213.085,213.233,213.07,213.203,3716,1
1782255600,213.202,213.339,213.202,213.275,2160,2
1782259200,213.275,213.304,212.965,213.242,574,22
1782262800,213.235,213.31,213.229,213.266,2173,2
1782266400,213.266,213.343,213.209,213.303,2274,1
1782270000,213.304,213.358,213.185,213.325,6544,1
1782273600,213.326,213.327,213.134,213.288,5098,2
1782277200,213.288,213.315,213.092,213.093,3957,1
1782280800,213.093,213.279,213.051,213.227,4687,2
1782284400,213.226,213.231,213.088,213.142,4278,1
1782288000,213.142,213.264,213.134,213.245,4015,1
1782291600,213.243,213.501,213.182,213.238,5595,0
1782295200,213.239,213.4,213.118,213.245,6730,1
1782298800,213.247,213.447,213.046,213.396,6518,1
1782302400,213.395,213.437,213.101,213.103,5606,1
1782306000,213.101,213.103,212.707,212.713,5573,0
1782309600,212.713,212.917,212.615,212.776,6397,1
1782313200,212.776,212.856,212.556,212.71,7120,1
1782316800,212.708,212.94,212.579,212.896,8494,1
1782320400,212.895,212.932,212.538,212.707,7370,0
1782324000,212.708,213.037,212.703,212.843,7015,0
1782327600,212.842,213.1,212.805,213.043,5685,0
1782331200,213.043,213.058,212.826,212.88,4642,2
1782334800,212.879,213.058,212.874,212.906,5507,3
1782338400,212.908,213.0,212.882,212.966,5550,1
1782342000,212.969,213.1,212.952,212.994,4074,1
1782345600,212.994,213.05,212.832,212.934,1010,50
1782349200,212.955,212.996,212.933,212.971,1322,0
1782352800,212.971,212.994,212.946,212.955,1661,0
1782356400,212.959,212.96,212.808,212.863,4611,1
1782360000,212.863,213.143,212.861,212.991,5783,1
1782363600,212.993,213.106,212.966,213.1,4708,3
1782367200,213.1,213.224,213.096,213.186,3747,1
1782370800,213.186,213.247,213.141,213.239,3547,3
1782374400,213.237,213.276,213.133,213.22,4152,0
1782378000,213.21,213.279,213.099,213.251,6056,0
1782381600,213.248,213.364,213.202,213.349,5893,1
1782385200,213.34,213.513,213.284,213.421,5858,0
1782388800,213.419,213.541,213.327,213.353,4694,1
1782392400,213.355,213.355,213.086,213.169,4429,0
1782396000,213.169,213.184,212.837,212.938,4762,0
1782399600,212.938,213.345,212.932,213.243,7633,1
1782403200,213.243,213.518,213.204,213.321,8674,0
1782406800,213.33,213.636,213.322,213.433,9342,0
1782410400,213.432,213.651,213.424,213.647,8647,1
1782414000,213.648,213.726,213.548,213.624,5992,1
1782417600,213.628,213.631,213.543,213.579,5378,0
1782421200,213.58,213.626,213.515,213.528,5499,2
1782424800,213.529,213.626,213.489,213.557,4994,0
1782428400,213.557,213.579,213.416,213.423,4103,1
1782432000,213.423,213.533,213.343,213.444,1596,34
1782435600,213.444,213.48,213.388,213.438,1507,3
1782439200,213.438,213.438,213.334,213.373,2595,2
1782442800,213.373,213.522,213.363,213.502,5608,2
1782446400,213.502,213.601,213.381,213.432,5273,1
1782450000,213.431,213.454,213.227,213.271,5012,1
1782453600,213.271,213.358,213.212,213.341,4769,2
1782457200,213.35,213.394,213.232,213.365,5055,0
1782460800,213.365,213.421,213.3,213.315,5364,1
1782464400,213.321,213.5,213.278,213.417,6801,0
1782468000,213.417,213.534,213.284,213.424,6226,1
1782471600,213.423,213.646,213.327,213.559,6737,1
1782475200,213.557,213.708,213.415,213.628,6118,1
1782478800,213.628,213.715,213.555,213.692,5373,1
1782482400,213.692,213.751,213.583,213.664,6044,1
1782486000,213.664,213.72,213.439,213.555,6966,0
1782489600,213.557,213.762,213.482,213.75,8441,1
1782493200,213.743,213.814,213.43,213.437,7441,0
1782496800,213.436,213.771,213.432,213.744,6905,0
1782500400,213.744,213.744,213.569,213.611,5532,1
1782504000,213.611,213.655,213.493,213.538,4532,0
1782507600,213.543,213.609,213.471,213.484,4425,2
1782511200,213.484,213.532,213.415,213.494,4350,1
1782514800,213.505,213.58,213.395,213.419,3526,0
1782691200,213.451,213.608,213.392,213.535,300,65
1782694800,213.535,213.652,213.386,213.477,1923,3
1782698400,213.477,213.549,213.438,213.509,2355,3
1782702000,213.509,213.53,213.401,213.504,5924,2
1782705600,213.501,213.607,213.464,213.532,4717,2
1782709200,213.532,213.679,213.515,213.598,4381,2
1782712800,213.598,213.652,213.537,213.541,2790,3
1782716400,213.536,213.593,213.512,213.574,3474,2
1782720000,213.575,213.752,213.571,213.74,3805,1
1782723600,213.743,214.009,213.714,213.974,5146,1
1782727200,213.978,214.017,213.792,213.819,5487,1
1782730800,213.818,213.869,213.681,213.755,4844,1
1782734400,213.755,213.987,213.741,213.978,5182,1
1782738000,213.979,214.069,213.833,214.017,4884,1
1782741600,214.016,214.171,214.013,214.133,5108,1
1782745200,214.133,214.324,214.111,214.239,5696,1
1782748800,214.239,214.493,214.238,214.37,6883,1
1782752400,214.373,214.503,214.185,214.47,8555,0
1782756000,214.472,214.615,214.433,214.611,6469,0
1782759600,214.611,214.69,214.585,214.642,4805,0
1782763200,214.642,214.686,214.589,214.678,4233,1
1782766800,214.678,214.758,214.67,214.732,3758,1
1782770400,214.731,214.755,214.683,214.741,3692,2
1782774000,214.742,214.771,214.679,214.68,2236,3
1782777600,214.56,214.658,214.365,214.617,464,35
1782781200,214.617,214.743,214.617,214.712,962,3
1782784800,214.712,214.719,214.594,214.6,1401,2
1782788400,214.59,215.038,214.508,214.748,5852,0
1782792000,214.746,214.824,214.624,214.666,7536,1
1782795600,214.665,214.693,214.57,214.627,4938,2
1782799200,214.626,214.702,214.447,214.61,4381,1
1782802800,214.61,214.674,214.563,214.57,3462,0
1782806400,214.572,214.699,214.527,214.651,4427,2
1782810000,214.635,214.916,214.626,214.785,7168,0
1782813600,214.785,214.865,214.688,214.734,5676,0
1782817200,214.721,214.848,214.643,214.747,6683,1
1782820800,214.754,214.87,214.743,214.812,6167,1
1782824400,214.809,214.914,214.766,214.837,5172,2
1782828000,214.837,214.855,214.617,214.818,6228,1
1782831600,214.819,214.819,214.189,214.619,7335,0
1782835200,214.624,214.827,214.594,214.805,6776,0
1782838800,214.805,215.757,214.687,215.698,9350,1
1782842400,215.696,215.772,215.537,215.577,7653,0
1782846000,215.577,215.613,215.451,215.519,4786,0
1782849600,215.521,215.571,215.47,215.514,3803,2
1782853200,215.514,215.66,215.501,215.541,4491,1
1782856800,215.542,215.679,215.483,215.647,4645,2
1782860400,215.647,215.675,215.533,215.533,3442,1
1782864000,215.533,215.594,215.38,215.492,779,0
1782867600,215.515,215.63,215.513,215.573,1098,3
1782871200,215.573,215.579,215.454,215.487,1546,1
1782874800,215.487,215.588,215.445,215.483,4806,1
1782878400,215.484,215.499,215.263,215.356,5937,2
1782882000,215.356,215.492,215.309,215.416,4794,3
1782885600,215.413,215.51,215.402,215.465,4300,1
1782889200,215.47,215.482,215.227,215.473,4917,0
1782892800,215.467,215.542,215.405,215.45,4641,2
1782896400,215.45,215.524,215.327,215.432,5666,1
1782900000,215.432,215.469,215.201,215.447,6270,1
1782903600,215.445,215.549,215.383,215.474,5252,1
1782907200,215.472,215.648,215.429,215.567,5620,1
1782910800,215.568,215.659,215.506,215.601,4839,1
1782914400,215.602,215.613,215.434,215.445,5403,1
1782918000,215.444,215.538,215.362,215.363,7051,0
1782921600,215.362,215.574,215.11,215.41,10502,0
1782925200,215.41,215.772,215.389,215.623,10012,0
1782928800,215.623,215.692,215.494,215.65,8425,0
1782932400,215.65,215.849,215.644,215.761,6402,1
1782936000,215.761,215.864,215.732,215.803,4919,0
1782939600,215.804,215.838,215.739,215.798,4430,1
1782943200,215.799,215.872,215.785,215.864,4614,1
1782946800,215.863,215.938,215.758,215.817,3079,2
1782950400,215.815,215.914,215.67,215.723,547,0
1782954000,215.723,215.86,215.723,215.849,955,9
1782957600,215.849,215.904,215.809,215.835,1390,2
1782961200,215.835,215.893,215.773,215.851,5131,1
1782964800,215.85,215.986,215.807,215.915,4539,2
1782968400,215.915,216.069,215.904,215.92,3325,2
1782972000,215.919,215.953,215.808,215.852,2745,3
1782975600,215.853,215.876,215.776,215.862,3616,2
1782979200,215.862,215.862,215.735,215.761,4009,1
1782982800,215.757,215.788,214.631,215.309,7592,0
1782986400,215.309,215.465,214.999,215.293,10028,0
1782990000,215.294,215.384,214.943,215.082,10501,0
1782993600,215.082,215.317,214.949,215.05,8535,0
1782997200,215.053,215.284,215.046,215.135,5802,1
1783000800,215.133,215.177,214.907,214.93,5637,1
1783004400,214.927,215.219,214.612,215.202,11063,0
1783008000,215.203,215.363,215.079,215.158,10726,0
1783011600,215.156,215.408,215.121,215.398,9791,0
1783015200,215.402,215.413,214.963,215.002,8841,1
1783018800,215.0,215.083,214.95,214.96,7673,0
1783022400,214.96,214.998,214.867,214.877,6520,0
1783026000,214.877,215.01,214.867,214.964,5966,1
1783029600,214.963,215.079,214.949,215.028,5041,1
1783033200,215.027,215.088,214.915,214.915,3342,0
1783036800,214.84,215.069,214.789,215.015,698,27
1783040400,215.015,215.214,214.971,215.189,1420,5
1783044000,215.191,215.362,215.166,215.349,2506,2
1783047600,215.347,215.402,215.13,215.152,6780,0
1783051200,215.15,215.373,215.03,215.345,7503,0
1783054800,215.345,215.451,215.272,215.344,5429,1
1783058400,215.34,215.358,215.302,215.345,4351,3
1783062000,215.346,215.429,215.3,215.344,3970,3
1783065600,215.346,215.449,215.311,215.399,5229,1
1783069200,215.399,215.4,214.713,215.049,7033,0
1783072800,215.049,215.172,214.841,215.017,6309,1
1783076400,215.016,215.151,214.957,215.146,4591,1
1783080000,215.143,215.199,215.009,215.117,3987,1
1783083600,215.117,215.236,215.112,215.149,3667,1
1783087200,215.148,215.267,215.14,215.223,4216,1
1783090800,215.223,215.275,215.19,215.255,4593,1
1783094400,215.255,215.323,215.211,215.263,5169,2
1783098000,215.263,215.43,215.223,215.427,5214,1
1783101600,215.427,215.465,215.338,215.447,4122,0
1783105200,215.446,215.498,215.398,215.478,2761,3
1783108800,215.477,215.519,215.387,215.445,6192,1
1783112400,215.444,215.519,215.429,215.502,5091,1
1783116000,215.501,215.528,215.454,215.464,7604,3
1783119600,215.464,215.51,215.332,215.373,6540,0
1783296000,215.182,215.381,215.134,215.357,703,83
1783299600,215.357,215.591,215.3,215.465,1618,4
1783303200,215.465,215.602,215.464,215.585,2252,5
1783306800,215.58,215.775,215.576,215.691,7215,1
1783310400,215.69,215.867,215.675,215.847,6582,2
1783314000,215.846,215.911,215.837,215.9,4625,1
1783317600,215.902,215.948,215.849,215.93,3927,2
1783321200,215.93,216.073,215.908,216.072,3284,3
1783324800,216.073,216.161,215.958,216.147,4553,1
1783328400,216.143,216.388,216.123,216.349,7437,0
1783332000,216.349,216.502,216.267,216.459,7006,1
1783335600,216.461,216.542,216.281,216.397,5698,0
1783339200,216.399,216.503,216.32,216.465,5211,1
1783342800,216.464,216.631,216.459,216.529,5684,2
1783346400,216.529,216.662,216.453,216.622,4865,1
1783350000,216.622,216.749,216.56,216.677,5738,2
1783353600,216.677,216.835,216.598,216.649,6475,1
1783357200,216.632,216.89,216.621,216.845,6686,1
1783360800,216.845,216.948,216.744,216.934,5732,2
1783364400,216.936,217.065,216.895,217.03,4402,1
1783368000,217.03,217.066,216.981,217.018,4028,2
1783371600,217.018,217.157,216.984,217.049,4119,1
1783375200,217.05,217.125,216.979,217.019,4138,1
1783378800,217.022,217.052,216.992,217.047,2694,0
1783382400,217.022,217.13,216.808,217.013,1060,38
1783386000,217.013,217.121,216.995,217.111,1380,1
1783389600,217.111,217.141,217.069,217.109,2092,1
1783393200,217.109,217.214,217.044,217.062,5477,1
1783396800,217.061,217.101,216.643,216.855,6438,0
1783400400,216.856,216.88,216.773,216.825,4493,1
1783404000,216.825,216.862,216.724,216.745,4432,2
1783407600,216.744,216.782,216.529,216.625,4147,1
1783411200,216.628,216.662,216.526,216.653,5268,1
1783414800,216.655,216.836,216.565,216.794,4946,1
1783418400,216.794,216.827,216.376,216.662,6543,0
1783422000,216.661,216.834,216.61,216.806,6496,1
1783425600,216.806,216.83,216.676,216.676,5046,0
1783429200,216.676,216.766,216.514,216.748,4778,1
1783432800,216.749,216.817,216.684,216.774,5405,0
1783436400,216.774,216.802,216.561,216.624,6200,2
1783440000,216.625,216.683,216.444,216.459,6808,1
1783443600,216.46,216.727,216.426,216.623,7778,1
1783447200,216.625,216.652,216.478,216.483,5885,0
1783450800,216.483,216.54,216.421,216.522,4411,1
1783454400,216.522,216.537,216.459,216.513,3503,1
1783458000,216.517,216.534,216.377,216.392,4653,3
1783461600,216.392,216.569,216.38,216.552,5533,0
1783465200,216.551,216.582,216.488,216.544,2846,1
1783468800,216.544,216.641,216.106,216.54,767,26
1783472400,216.54,216.565,216.435,216.549,1417,2
1783476000,216.549,216.732,216.548,216.692,2193,1
1783479600,216.691,216.799,216.595,216.774,5744,0
1783483200,216.774,216.828,216.705,216.734,5409,1
1783486800,216.746,216.868,216.706,216.771,4706,1
1783490400,216.771,216.824,216.753,216.8,4105,1
1783494000,216.8,216.866,216.766,216.814,3378,1
1783497600,216.814,216.874,216.692,216.768,5024,2
1783501200,216.768,216.86,216.612,216.79,6895,1
1783504800,216.79,216.883,216.714,216.812,6082,1
1783508400,216.813,216.968,216.68,216.752,8954,1
1783512000,216.75,216.793,216.513,216.755,8366,1
1783515600,216.753,216.943,216.721,216.835,5976,1
1783519200,216.835,216.867,216.652,216.754,6658,0
1783522800,216.755,216.985,216.728,216.818,6745,0
1783526400,216.817,217.417,216.803,217.328,8421,0
1783530000,217.329,217.449,217.271,217.441,8297,0
1783533600,217.441,217.483,217.26,217.332,8278,1
1783537200,217.332,217.573,217.316,217.549,7105,0
1783540800,217.549,217.83,217.527,217.712,6326,0
1783544400,217.707,217.816,217.693,217.709,5432,3
1783548000,217.709,217.805,217.709,217.752,5160,1
1783551600,217.752,217.79,217.65,217.659,3875,0
1783555200,217.583,217.745,217.511,217.67,984,65
1783558800,217.67,217.733,217.626,217.689,722,7
1783562400,217.688,217.725,217.637,217.699,1752,3
1783566000,217.698,217.707,217.561,217.633,5493,2
1783569600,217.633,217.691,217.575,217.623,5447,2
1783573200,217.624,217.708,217.609,217.612,4535,2
1783576800,217.612,217.666,217.572,217.614,4288,1
1783580400,217.613,217.644,217.541,217.638,3221,1
1783584000,217.64,217.701,217.617,217.647,4884,3
1783587600,217.647,217.931,217.645,217.886,6228,1
1783591200,217.888,218.011,217.743,217.786,5528,1
1783594800,217.785,217.873,217.733,217.81,5548,1
1783598400,217.811,217.882,217.768,217.819,4912,1
1783602000,217.82,217.825,217.642,217.656,4139,1
1783605600,217.659,217.662,217.492,217.525,4752,2
1783609200,217.526,217.601,217.353,217.421,5898,0
1783612800,217.421,217.579,217.41,217.553,6114,1
1783616400,217.556,217.673,217.418,217.424,7411,0
1783620000,217.425,217.592,217.406,217.58,6245,1
1783623600,217.579,217.662,217.528,217.659,4753,2
1783627200,217.659,217.726,217.624,217.724,3954,1
1783630800,217.725,217.811,217.722,217.781,3772,1
1783634400,217.781,217.82,217.678,217.718,3356,2
1783638000,217.718,217.772,217.702,217.712,2871,1
1783641600,217.712,217.791,217.515,217.679,1090,22
1783645200,217.679,217.774,217.679,217.747,929,10
1783648800,217.747,217.79,217.735,217.787,1050,2
1783652400,217.787,217.801,217.318,217.515,5665,0
1783656000,217.516,217.542,217.096,217.288,8765,1
1783659600,217.288,217.3,216.939,217.126,7916,1
1783663200,217.124,217.167,216.938,217.066,5476,1
1783666800,217.069,217.186,217.045,217.077,4386,2
1783670400,217.077,217.089,216.862,216.959,5496,0
1783674000,216.958,217.015,216.841,216.946,6292,0
1783677600,216.948,217.201,216.933,217.017,6649,1
1783681200,217.017,217.02,216.709,216.817,6784,0
1783684800,216.816,217.078,216.793,217.006,5571,1
1783688400,217.008,217.336,216.965,217.296,5804,0
1783692000,217.295,217.377,217.177,217.297,5999,0
1783695600,217.295,217.32,217.063,217.145,6692,0
1783699200,217.145,217.153,216.854,216.862,7036,2
1783702800,216.862,217.041,216.751,217.003,7794,0
1783706400,217.001,217.023,216.457,216.502,8218,1
1783710000,216.498,216.673,216.482,216.598,6920,2
1783713600,216.597,216.625,216.494,216.606,5166,2
1783717200,216.605,216.672,216.589,216.632,4906,0
1783720800,216.632,216.698,216.606,216.698,3194,3
1783724400,216.699,216.737,216.621,216.67,3837,0
1783900800,216.33,216.564,216.33,216.516,621,27
1783904400,216.516,216.757,216.501,216.711,3463,5
1783908000,216.712,216.77,216.638,216.703,3153,1
1783911600,216.703,216.827,216.666,216.816,7963,1
1783915200,216.828,216.852,216.672,216.776,7534,0
1783918800,216.775,216.847,216.747,216.803,5624,1
1783922400,216.802,216.843,216.762,216.818,5747,3
1783926000,216.818,216.826,216.755,216.81,4906,2
1783929600,216.81,217.184,216.75,217.106,7143,2
1783933200,217.107,217.306,216.995,217.047,7715,0
1783936800,217.047,217.178,216.652,217.106,8521,0
1783940400,217.104,217.312,217.086,217.095,7374,2
1783944000,217.096,217.116,216.842,216.927,6402,0
1783947600,216.928,217.15,216.905,217.149,6129,1
1783951200,217.15,217.191,217.021,217.132,6504,0
1783954800,217.132,217.253,217.037,217.212,7484,1
1783958400,217.212,217.233,217.114,217.139,7357,1
1783962000,217.135,217.212,216.936,217.197,8415,0
1783965600,217.198,217.22,217.093,217.192,7391,1
1783969200,217.191,217.266,216.986,217.084,7863,1
1783972800,217.085,217.118,216.998,217.024,6292,1
1783976400,217.024,217.033,216.907,216.914,6113,2
1783980000,216.914,216.941,216.879,216.926,4511,1
1783983600,216.926,216.933,216.77,216.787,2941,1
1783987200,216.698,216.879,216.61,216.784,704,88
1783990800,216.784,216.907,216.783,216.838,1162,5
1783994400,216.838,216.841,216.767,216.827,2181,3
1783998000,216.828,216.878,216.671,216.805,8213,0
1784001600,216.805,216.914,216.756,216.869,6285,1
1784005200,216.869,216.921,216.807,216.812,5180,4
1784008800,216.81,216.874,216.777,216.824,5946,0
1784012400,216.824,216.873,216.792,216.841,4558,3
1784016000,216.84,216.963,216.819,216.862,5181,1
1784019600,216.861,216.913,216.789,216.832,6426,1
1784023200,216.831,216.942,216.751,216.848,6779,1
1784026800,216.846,217.033,216.717,217.033,6369,0
1784030400,217.033,217.08,216.936,216.989,6662,1
1784034000,216.99,217.045,216.94,216.975,5331,1
1784037600,216.98,217.131,216.859,217.088,6361,2
1784041200,217.087,217.39,216.903,217.108,9925,0
1784044800,217.108,217.279,216.935,217.234,10445,1
1784048400,217.234,217.298,217.017,217.12,9522,0
1784052000,217.119,217.153,216.917,216.989,9055,1
1784055600,216.991,217.109,216.936,217.052,6100,0
1784059200,217.052,217.09,216.869,216.965,5524,0
1784062800,216.963,217.084,216.96,217.044,4946,2
1784066400,217.045,217.181,217.004,217.169,5879,2
1784070000,217.167,217.29,217.15,217.206,2393,1
1784073600,217.114,217.206,216.85,217.1,351,83
1784077200,217.1,217.298,217.1,217.242,1825,0
1784080800,217.241,217.281,217.208,217.279,2577,2
1784084400,217.282,217.331,217.22,217.261,5021,2
1784088000,217.261,217.279,217.104,217.24,6359,1
1784091600,217.24,217.334,217.198,217.319,3911,2
1784095200,217.315,217.354,217.285,217.325,3939,4
1784098800,217.325,217.445,217.298,217.4,3405,3
1784102400,217.4,217.592,217.367,217.518,4615,0
1784106000,217.529,217.653,217.45,217.6,5913,1
1784109600,217.598,217.694,217.455,217.471,6332,1
1784113200,217.471,217.544,217.352,217.417,5672,0
1784116800,217.419,217.455,217.331,217.406,5477,1
1784120400,217.409,217.583,217.31,217.504,4792,0
1784124000,217.51,217.78,217.46,217.702,5213,1
1784127600,217.702,217.802,217.632,217.757,7340,0
1784131200,217.759,218.094,217.743,218.022,7196,1
1784134800,218.023,218.636,217.952,218.539,8290,0
1784138400,218.537,218.828,218.488,218.802,7197,0
1784142000,218.801,219.386,218.797,219.344,6953,0
1784145600,219.343,219.492,219.303,219.449,6886,1
1784149200,219.448,219.513,219.344,219.345,5942,1
1784152800,219.345,219.582,219.345,219.567,6117,1
1784156400,219.569,219.608,219.542,219.583,2730,3
1784160000,219.582,219.582,219.308,219.502,503,12
1784163600,219.491,219.548,219.439,219.477,1354,8
1784167200,219.476,219.5,219.413,219.422,2114,1
1784170800,219.423,219.52,219.243,219.376,5593,1
1784174400,219.375,219.388,219.202,219.278,5478,2
1784178000,219.278,219.352,219.206,219.336,4305,2
1784181600,219.336,219.421,219.31,219.349,3753,2
1784185200,219.349,219.421,219.335,219.356,3326,1
1784188800,219.357,219.521,219.357,219.394,4578,0
1784192400,219.368,219.539,219.368,219.509,6224,1
1784196000,219.512,219.523,219.27,219.347,6856,0
1784199600,219.347,219.349,219.186,219.232,6012,0
1784203200,219.234,219.264,219.005,219.052,5328,1
1784206800,219.053,219.102,218.936,218.963,4570,1
1784210400,218.963,219.028,218.852,219.014,5877,1
1784214000,219.025,219.182,218.992,219.058,7630,0
1784217600,219.058,219.385,219.058,219.267,7808,1
1784221200,219.266,219.401,219.088,219.101,7947,1
1784224800,219.103,219.15,218.967,218.995,6601,1
1784228400,218.994,219.002,218.785,218.788,4534,0
1784232000,218.789,218.825,218.716,218.761,3795,1
1784235600,218.765,218.767,218.672,218.742,5107,2
1784239200,218.745,218.836,218.723,218.832,3676,1
1784242800,218.828,218.873,218.785,218.852,2389,3
1784246400,218.852,218.852,218.648,218.788,184,29
1784250000,218.788,218.793,218.726,218.757,1121,2
1784253600,218.756,218.854,218.742,218.851,2343,1
1784257200,218.848,218.902,218.724,218.892,5618,2
1784260800,218.9,218.941,218.742,218.775,4572,1
1784264400,218.777,218.784,218.569,218.603,4159,2
1784268000,218.605,218.701,218.603,218.664,3565,5
1784271600,218.667,218.684,218.561,218.594,3774,2
1784275200,218.594,218.677,218.57,218.637,4455,3
1784278800,218.637,218.82,218.437,218.633,7070,0
1784282400,218.633,218.692,218.373,218.388,7142,1
1784286000,218.393,218.534,218.26,218.302,7423,1
1784289600,218.296,218.37,218.237,218.26,6003,1
1784293200,218.26,218.263,218.033,218.077,5845,1
1784296800,218.081,218.258,217.992,218.186,5801,2
1784300400,218.185,218.219,218.03,218.141,5969,1
1784304000,218.141,218.437,218.095,218.377,7936,1
1784307600,218.374,218.452,218.278,218.353,7315,1
1784311200,218.355,218.46,218.323,218.382,6529,2
1784314800,218.387,218.649,218.326,218.561,6013,1
1784318400,218.559,218.626,218.518,218.543,4643,0
1784322000,218.543,218.58,218.511,218.553,5086,2
1784325600,218.552,218.63,218.516,218.543,3779,2
1784329200,218.544,218.567,218.399,218.399,3477,0
1784505600,218.366,218.465,218.201,218.309,374,129
1784509200,218.289,218.517,218.235,218.474,1954,3
1784512800,218.474,218.524,218.446,218.505,2182,3
1784516400,218.515,218.54,218.326,218.354,4363,1
1784520000,218.355,218.451,218.331,218.436,5816,1
1784523600,218.436,218.567,218.421,218.531,4027,1
1784527200,218.531,218.573,218.49,218.555,3643,2
1784530800,218.555,218.647,218.552,218.609,2804,3
1784534400,218.609,218.671,218.569,218.653,3894,2
1784538000,218.654,218.688,218.533,218.576,5069,2
1784541600,218.578,218.834,218.562,218.801,6994,2
1784545200,218.801,218.816,218.646,218.702,4891,2
1784548800,218.703,218.716,218.539,218.662,5359,1
1784552400,218.66,218.795,218.606,218.724,4908,1
1784556000,218.725,218.794,218.548,218.56,6406,0
1784559600,218.558,218.62,218.408,218.516,6320,1
1784563200,218.515,218.587,218.361,218.565,5941,0
1784566800,218.567,218.682,218.351,218.415,7160,2
1784570400,218.415,218.417,218.05,218.136,6153,0
1784574000,218.132,218.176,218.037,218.116,4841,1
1784577600,218.115,218.236,218.059,218.208,4447,1
1784581200,218.207,218.337,218.207,218.337,4648,3
1784584800,218.335,218.36,218.268,218.341,4832,3
1784588400,218.343,218.361,218.228,218.243,2380,2
1784592000,218.177,218.23,218.102,218.12,199,54
1784595600,218.134,218.179,218.105,218.177,1415,5
1784599200,218.178,218.241,218.169,218.236,1610,3
1784602800,218.235,218.334,218.189,218.301,5171,2
1784606400,218.301,218.353,218.228,218.324,5303,2
1784610000,218.324,218.393,218.235,218.244,4305,1
1784613600,218.246,218.343,218.224,218.326,4082,3
1784617200,218.321,218.398,218.304,218.384,3405,2
1784620800,218.384,218.487,218.382,218.445,4282,1
1784624400,218.437,218.66,218.437,218.565,5883,1
1784628000,218.566,218.7,218.464,218.54,6119,0
1784631600,218.541,218.726,218.453,218.472,5371,2
1784635200,218.473,218.507,218.395,218.42,4137,1
1784638800,218.421,218.509,218.216,218.246,4832,1
1784642400,218.246,218.333,218.105,218.144,5068,1
1784646000,218.139,218.156,217.764,217.867,7380,0
1784649600,217.87,218.017,217.52,217.939,8146,0
1784653200,217.941,218.267,217.884,217.974,8120,0
1784656800,217.975,218.058,217.904,218.0,6460,0
1784660400,217.999,218.165,217.94,218.142,4662,1
1784664000,218.142,218.23,218.103,218.205,3691,3
1784667600,218.205,218.392,218.138,218.359,4576,0
1784671200,218.36,218.428,218.339,218.371,3859,2
1784674800,218.362,218.398,218.244,218.244,2551,0
1784678400,218.172,218.28,218.12,218.235,1229,52
1784682000,218.25,218.3,218.243,218.269,1297,1
1784685600,218.269,218.338,218.266,218.317,1381,2
1784689200,218.317,218.381,218.224,218.357,5774,1
1784692800,218.359,218.403,218.333,218.346,4659,4
1784696400,218.346,218.392,218.305,218.336,4225,2
1784700000,218.336,218.395,218.314,218.352,3514,4
1784703600,218.355,218.394,218.331,218.39,2818,3
1784707200,218.383,218.414,218.205,218.236,4213,1
1784710800,218.181,218.387,218.065,218.206,6287,0
1784714400,218.216,218.399,217.868,218.051,6769,0
1784718000,218.053,218.207,217.916,217.931,6548,1
1784721600,217.931,217.992,217.835,217.96,6477,1
1784725200,217.959,218.065,217.899,217.937,4792,3
1784728800,217.936,217.992,217.879,217.984,5389,0
1784732400,217.984,218.042,217.833,217.891,6410,1
1784736000,217.889,218.294,217.888,218.278,7477,1
1784739600,218.278,218.353,218.104,218.149,7276,0
1784743200,218.149,218.223,218.088,218.135,6075,0
1784746800,218.135,218.137,217.999,218.128,4322,1
1784750400,218.128,218.197,218.105,218.159,3169,1
1784754000,218.16,218.196,218.112,218.161,3707,3
1784757600,218.162,218.193,218.132,218.187,4548,1
1784761200,218.186,218.239,218.179,218.191,3052,2
1784764800,218.191,218.235,217.973,218.131,357,14
1784768400,218.131,218.159,218.03,218.087,1412,3
1784772000,218.087,218.156,218.07,218.125,1664,4
1784775600,218.124,218.219,218.119,218.188,3923,2
1784779200,218.182,218.235,218.143,218.201,6906,3
1784782800,218.198,218.348,218.198,218.339,4179,3
1784786400,218.339,218.364,218.258,218.287,4169,3
1784790000,218.287,218.378,218.27,218.297,3854,5
1784793600,218.296,218.351,218.26,218.333,4107,4
1784797200,218.331,218.418,218.144,218.19,5898,1
1784800800,218.19,218.489,218.148,218.407,7033,0
1784804400,218.41,218.514,218.321,218.357,6214,1
1784808000,218.355,218.501,218.344,218.462,5722,2
1784811600,218.46,218.477,218.287,218.39,5772,2
1784815200,218.389,218.398,218.033,218.346,7677,0
1784818800,218.345,218.406,218.154,218.384,8117,0
1784822400,218.384,218.627,218.291,218.532,9027,0
1784826000,218.532,218.554,218.262,218.339,9064,0
1784829600,218.338,218.37,217.963,218.027,8653,1
1784833200,218.038,218.231,218.027,218.198,5319,1
1784836800,218.198,218.199,218.114,218.129,5884,1
1784840400,218.131,218.163,218.077,218.128,5158,2
1784844000,218.128,218.184,218.068,218.163,3980,3
1784847600,218.163,218.216,218.128,218.139,2203,0
1784851200,218.011,218.192,218.011,218.087,723,44
1784854800,218.087,218.178,218.086,218.177,1012,1
1784858400,218.177,218.182,218.088,218.102,1662,4
1784862000,218.102,218.298,218.091,218.275,6040,1
1784865600,218.264,218.329,218.146,218.159,5867,2
1784869200,218.159,218.177,218.049,218.052,4511,1
1784872800,218.052,218.14,218.038,218.089,3906,1
1784876400,218.088,218.12,218.014,218.057,3723,2
1784880000,218.06,218.146,218.042,218.047,4042,0
1784883600,218.044,218.243,218.004,218.23,5823,1
1784887200,218.231,218.438,218.133,218.389,6555,0
1784890800,218.392,218.41,218.099,218.107,6375,1
1784894400,218.107,218.143,217.981,218.014,5799,0
1784898000,218.009,218.263,217.966,218.203,5069,1
1784901600,218.202,218.273,218.118,218.236,5402,1
1784905200,218.238,218.289,218.006,218.087,6392,0
1784908800,218.087,218.322,218.05,218.243,7024,1
1784912400,218.246,218.342,218.169,218.227,7714,0
1784916000,218.226,218.469,218.207,218.418,7058,0
1784919600,218.419,218.475,218.31,218.359,4680,1
1784923200,218.361,218.379,218.245,218.277,3587,1
1784926800,218.28,218.366,218.272,218.323,3456,2
1784930400,218.323,218.342,218.251,218.273,3697,1
1784934000,218.272,218.325,218.178,218.198,2306,0
1785110400,217.956,218.185,217.936,218.185,357,162
1785114000,218.185,218.485,218.037,218.415,3023,4
1785117600,218.414,218.472,218.396,218.442,2198,2
1785121200,218.444,218.519,218.355,218.462,7299,1
1785124800,218.461,218.509,218.394,218.46,5861,3
1785128400,218.46,218.496,218.401,218.452,4322,3
1785132000,218.454,218.473,218.39,218.417,3474,2
1785135600,218.42,218.443,218.372,218.387,3096,1
1785139200,218.389,218.488,218.38,218.437,3493,1
1785142800,218.436,218.501,218.287,218.288,5443,0
1785146400,218.287,218.296,217.974,218.054,7432,0
1785150000,218.052,218.134,217.99,218.099,5128,1
1785153600,218.099,218.155,217.997,218.008,5669,1
1785157200,218.006,218.097,217.854,217.88,5515,1
1785160800,217.879,217.932,217.769,217.88,5870,0
1785164400,217.88,217.981,217.783,217.931,5735,1
1785168000,217.931,218.043,217.857,217.96,7613,1
1785171600,217.96,218.04,217.753,217.773,7111,0
1785175200,217.774,217.818,217.703,217.766,6528,1
1785178800,217.766,217.843,217.691,217.707,5492,2
1785182400,217.709,217.72,217.472,217.61,4659,0
1785186000,217.612,217.645,217.566,217.634,4142,1
1785189600,217.633,217.664,217.61,217.634,2635,1
1785193200,217.635,217.648,217.56,217.571,2159,3
1785196800,217.571,217.681,217.443,217.574,782,55
1785200400,217.607,217.651,217.564,217.591,1032,1
1785204000,217.591,217.653,217.556,217.652,1500,3
1785207600,217.652,217.715,217.635,217.668,4456,0
1785211200,217.668,217.734,217.649,217.674,3665,1
1785214800,217.684,217.753,217.664,217.707,3284,2
1785218400,217.707,217.82,217.685,217.772,5056,2
1785222000,217.772,217.773,217.661,217.687,3260,2
1785225600,217.688,217.714,217.546,217.571,3944,1
1785229200,217.571,217.731,217.525,217.709,5786,1
1785232800,217.713,217.868,217.659,217.698,5134,1
1785236400,217.699,217.937,217.698,217.927,5493,1
1785240000,217.928,217.938,217.615,217.63,4482,0
1785243600,217.619,217.741,217.54,217.7,4831,1
1785247200,217.7,217.737,217.606,217.69,5421,1
1785250800,217.688,217.946,217.673,217.921,5439,0
1785254400,217.921,217.992,217.847,217.904,5928,1
1785258000,217.902,217.935,217.708,217.798,6556,1
1785261600,217.798,217.88,217.707,217.804,7759,1
1785265200,217.804,217.859,217.76,217.796,5394,1
1785268800,217.798,217.865,217.717,217.721,3791,1
1785272400,217.721,217.753,217.642,217.752,3248,2
1785276000,217.75,217.819,217.726,217.728,3188,2
1785279600,217.728,217.774,217.685,217.69,2558,1
1785283200,217.661,217.778,217.545,217.65,1023,10
1785286800,217.677,217.746,217.655,217.665,1909,0
1785290400,217.665,217.725,217.609,217.725,2339,2
1785294000,217.725,217.757,217.544,217.604,6073,1
1785297600,217.604,217.638,217.511,217.563,5739,1
1785301200,217.562,217.685,217.54,217.647,4493,1
1785304800,217.646,217.683,217.51,217.54,5047,2
1785308400,217.536,217.539,217.16,217.316,5732,0
1785312000,217.316,217.434,217.25,217.427,5666,0
1785315600,217.428,217.537,217.353,217.447,6009,1
1785319200,217.447,217.744,217.421,217.729,6212,1
1785322800,217.729,217.745,217.588,217.662,5182,0
1785326400,217.661,217.669,217.448,217.549,5251,2
1785330000,217.551,217.6,217.48,217.519,4431,1
1785333600,217.516,217.63,217.503,217.526,5022,1
1785337200,217.526,217.625,217.436,217.587,6045,1
1785340800,217.587,217.704,217.491,217.69,6279,1
1785344400,217.692,217.909,217.619,217.753,6671,0
1785348000,217.753,217.791,217.634,217.708,5922,0
1785351600,217.708,217.797,217.647,217.797,4933,1
1785355200,217.796,217.973,217.777,217.842,5542,0
1785358800,217.845,218.326,217.562,218.272,11343,0
1785362400,218.274,218.558,218.198,218.226,10609,0
1785366000,218.227,218.494,218.214,218.432,5161,0
1785369600,218.449,218.449,217.992,218.29,1373,71
1785373200,218.29,218.488,218.29,218.434,2304,4
1785376800,218.434,218.441,218.265,218.283,3165,3
1785380400,218.285,218.368,218.146,218.343,7608,1
1785384000,218.345,218.361,218.275,218.31,5659,1
1785387600,218.31,218.326,218.221,218.235,4327,1
1785391200,218.236,218.267,218.171,218.196,3973,1
1785394800,218.196,218.238,218.164,218.164,3061,2
1785398400,218.166,218.37,218.164,218.306,4360,0
1785402000,218.309,218.363,218.135,218.33,5696,1
1785405600,218.329,218.457,218.283,218.385,6948,0
1785409200,218.387,218.624,218.379,218.568,6839,1
1785412800,218.567,218.683,218.476,218.516,6422,1
1785416400,218.516,218.522,217.373,218.004,9793,0
1785420000,217.997,218.22,217.795,218.076,7850,1
1785423600,218.076,218.177,217.727,217.889,9008,0
1785427200,217.889,217.904,214.498,214.512,12007,0
1785430800,214.508,214.788,212.329,213.835,14722,0
1785434400,213.833,214.642,213.445,214.629,10203,0
1785438000,214.627,214.898,214.592,214.854,7822,1
1785441600,214.856,215.138,213.453,214.198,8379,0
1785445200,214.199,214.3,213.998,214.124,6844,0
1785448800,214.124,214.775,214.124,214.634,5764,1
1785452400,214.637,214.928,214.608,214.812,4886,0
1785456000,214.812,214.917,214.603,214.894,348,33
1785459600,214.888,215.152,214.697,215.009,3083,1
1785463200,215.004,215.655,214.919,215.617,5268,0
1785466800,215.619,216.232,215.594,216.055,9075,1
1785470400,216.056,216.216,215.841,216.201,7504,0
1785474000,216.2,216.2,215.819,215.894,6152,1
1785477600,215.899,216.316,215.837,216.041,6735,0
1785481200,216.041,216.177,215.98,216.045,6185,1
1785484800,216.045,216.09,215.871,215.89,6147,1
1785488400,215.879,215.944,215.251,215.61,9843,0
1785492000,215.609,216.079,215.506,215.51,8697,0
1785495600,215.51,215.73,213.434,213.9,10031,0
1785499200,213.886,215.286,213.478,215.195,9963,0
1785502800,215.196,215.292,215.016,215.095,5904,0
1785506400,215.093,215.181,214.916,214.972,5981,0
1785510000,214.972,215.388,214.95,215.228,6110,1
1785513600,215.228,215.301,213.54,213.849,10860,0
1785517200,213.837,214.639,213.073,214.277,11301,0
1785520800,214.276,214.569,213.863,214.36,9533,0
1785524400,214.364,214.585,214.308,214.582,5256,1
1785528000,214.582,214.857,213.261,213.719,8950,0
1785531600,213.718,214.438,213.523,214.23,7243,0
1785535200,214.235,214.631,214.235,214.517,4636,0
1785538800,214.509,214.521,211.958,212.106,9858,0
1785715200,211.928,212.553,211.908,212.437,529,50
1785718800,212.437,212.571,211.933,212.298,4795,2
1785722400,212.298,212.983,211.994,212.595,6639,0
1785726000,212.596,212.898,209.563,210.57,11404,0
1785729600,210.569,210.872,209.664,210.669,9039,0
1785733200,210.669,211.016,210.499,210.783,5987,0
1785736800,210.783,210.938,210.499,210.794,5025,1
1785740400,210.794,210.867,210.649,210.781,4759,1
1785744000,210.781,210.84,210.68,210.761,4362,1
1785747600,210.761,211.145,210.671,211.022,6619,0
1785751200,211.027,211.094,210.756,211.035,7680,0
1785754800,211.037,211.232,210.757,211.213,6306,0
1785758400,211.215,211.432,211.037,211.281,6008,0
1785762000,211.282,211.327,210.913,211.077,6289,0
1785765600,211.075,211.313,210.852,210.989,5899,0
1785769200,210.989,211.193,210.87,211.146,6508,0
1785772800,211.147,211.181,210.285,210.474,9296,0
1785776400,210.397,210.718,210.212,210.375,8742,0
1785780000,210.376,210.896,210.347,210.866,7461,2
1785783600,210.867,210.893,210.319,210.626,5692,0
1785787200,210.63,210.755,210.61,210.709,4741,1
1785790800,210.709,210.765,210.439,210.563,6891,0
1785794400,210.574,210.83,210.548,210.801,4787,1
1785798000,210.801,211.192,210.742,211.081,3933,0
1785801600,210.997,211.098,210.879,211.064,510,42
1785805200,211.064,211.408,211.064,211.327,1933,0
1785808800,211.327,211.666,211.215,211.523,3102,0
1785812400,211.523,211.536,211.15,211.43,7508,1
1785816000,211.428,211.637,211.375,211.634,6311,2
1785819600,211.637,211.85,211.618,211.765,5535,1
1785823200,211.764,211.78,211.47,211.668,5084,1
1785826800,211.667,211.679,211.413,211.517,3809,3
1785830400,211.517,211.726,211.446,211.726,4036,1
1785834000,211.721,211.842,211.585,211.739,5371,1
1785837600,211.741,212.07,211.725,212.039,6006,0
1785841200,212.04,212.128,211.891,212.118,6254,1
1785844800,212.118,212.313,212.101,212.256,5112,2
1785848400,212.257,212.331,212.095,212.154,5937,1
1785852000,212.153,212.185,211.644,211.731,7293,0
1785855600,211.731,211.891,211.509,211.759,6667,1
1785859200,211.763,211.8,211.439,211.663,8361,1
1785862800,211.662,211.969,211.623,211.866,7313,0
1785866400,211.865,211.923,211.691,211.818,6566,0
1785870000,211.819,211.966,211.776,211.877,4412,2
1785873600,211.88,211.926,211.84,211.873,4232,0
1785877200,211.873,212.087,211.864,212.058,5405,1
1785880800,212.067,212.275,212.063,212.2,5318,0
1785884400,212.198,212.229,212.125,212.147,4232,0
1785888000,212.147,212.279,211.919,212.113,962,28
1785891600,212.098,212.212,212.074,212.167,2104,4
1785895200,212.164,212.242,212.07,212.117,2239,2
1785898800,212.118,212.182,211.815,211.924,5829,0
1785902400,211.925,211.99,211.852,211.957,5602,1
1785906000,211.957,212.052,211.699,211.826,6615,0
1785909600,211.825,211.96,211.788,211.822,6373,1
1785913200,211.822,212.142,211.783,212.116,4217,2
1785916800,212.121,212.159,212.075,212.116,4820,1
1785920400,212.116,212.32,212.027,212.263,5908,1
1785924000,212.264,212.409,212.068,212.409,6531,0
1785927600,212.41,212.559,212.325,212.371,5539,0
1785931200,212.368,212.483,212.325,212.44,5701,0
1785934800,212.442,212.531,212.36,212.378,5270,1
1785938400,212.378,212.425,212.268,212.376,7221,0
1785942000,212.377,212.423,212.215,212.32,6593,1
1785945600,212.323,212.362,211.994,212.111,8420,0
1785949200,212.108,212.372,212.056,212.282,9058,0
1785952800,212.282,212.294,212.136,212.241,7090,1
1785956400,212.241,212.338,212.185,212.324,5445,1
1785960000,212.324,212.418,212.254,212.401,3653,1
1785963600,212.4,212.416,212.332,212.367,4952,1
1785967200,212.366,212.404,212.325,212.352,2983,1
1785970800,212.353,212.495,212.35,212.442,2635,2
1785974400,212.288,212.436,212.245,212.34,355,30
1785978000,212.34,212.39,212.293,212.333,2110,0
1785981600,212.333,212.344,212.228,212.284,1510,1
1785985200,212.281,212.493,212.281,212.407,5841,1
1785988800,212.407,212.453,212.286,212.349,5387,1
1785992400,212.348,212.39,212.311,212.338,4429,3
1785996000,212.337,212.38,212.265,212.31,3811,2
1785999600,212.31,212.334,212.28,212.318,2894,4
1786003200,212.318,212.391,212.275,212.376,3060,2
1786006800,212.377,212.463,212.363,212.431,5033,2
1786010400,212.431,212.499,212.277,212.476,5455,1
1786014000,212.476,212.567,212.449,212.514,5781,2
1786017600,212.514,212.545,212.373,212.435,4657,1
1786021200,212.435,212.539,212.373,212.519,4639,1
1786024800,212.519,212.648,212.503,212.609,5910,0
1786028400,212.609,212.738,212.516,212.682,5818,0
1786032000,212.682,212.806,212.629,212.76,6552,1
1786035600,212.759,213.17,212.758,213.036,8309,0
1786039200,213.036,213.225,213.026,213.171,7566,1
1786042800,213.172,213.3,212.885,213.286,5117,0
1786046400,213.286,213.29,213.105,213.146,4086,1
1786050000,213.145,213.182,213.005,213.059,3836,3
1786053600,213.059,213.167,213.04,213.125,4060,1
1786057200,213.125,213.204,213.096,213.126,2267,1
1786060800,213.07,213.19,212.976,213.161,787,39
1786064400,213.161,213.205,213.116,213.155,1380,6
1786068000,213.155,213.164,213.082,213.147,1692,1
1786071600,213.147,213.263,213.142,213.212,5000,0
1786075200,213.219,213.236,212.86,212.998,5556,1
1786078800,212.998,213.06,212.98,213.04,3224,3
1786082400,213.039,213.129,213.027,213.097,2871,4
1786086000,213.097,213.139,213.062,213.071,3367,3
1786089600,213.071,213.101,212.985,212.998,2918,0
1786093200,212.998,213.068,212.956,213.051,4792,1
1786096800,213.053,213.109,212.946,213.022,5358,2
1786100400,213.022,213.093,212.899,212.9,4937,0
1786104000,212.901,212.947,212.799,212.859,4721,1
1786107600,212.859,212.888,212.642,212.723,5014,1
1786111200,212.723,212.948,212.722,212.945,4803,2
1786114800,212.945,213.02,211.464,212.468,9996,0
1786118400,212.47,212.805,212.319,212.781,9358,0
1786122000,212.783,213.057,212.709,213.023,9212,0
1786125600,213.024,213.057,212.511,212.625,9347,1
1786129200,212.625,212.628,212.372,212.496,7424,0
1786132800,212.495,212.546,212.417,212.532,4866,3
1786136400,212.533,212.709,212.51,212.667,5116,1
1786140000,212.666,212.764,212.564,212.668,6248,3
1786143600,212.669,212.962,212.639,212.842,4999,0
