time,open,high,low,close,tick_volume,spread
1689778800,0.62454,0.62541,0.62451,0.62502,3743,14
1689782400,0.62502,0.62589,0.62469,0.62497,4267,14
1689786000,0.62495,0.62523,0.62304,0.62399,4860,14
1689789600,0.62399,0.6245,0.62341,0.62408,3762,14
1689793200,0.62408,0.62514,0.62389,0.625,2431,14
1689796800,0.62502,0.62545,0.62482,0.6253,2347,14
1689800400,0.6253,0.62585,0.62486,0.6256,1685,15
1689804000,0.62564,0.62612,0.62552,0.62605,1264,14
1689807600,0.62605,0.62638,0.62588,0.62626,812,14
1689811200,0.62622,0.62642,0.6249,0.62609,540,17
1689814800,0.62616,0.62628,0.62543,0.62583,1607,15
1689818400,0.62583,0.6265,0.62572,0.62615,898,15
1689822000,0.62615,0.62691,0.62604,0.62666,2104,14
1689825600,0.62666,0.6304,0.62656,0.62963,4473,14
1689829200,0.62969,0.6307,0.62918,0.63053,3340,14
1689832800,0.63055,0.63063,0.62943,0.63039,2452,14
1689836400,0.6304,0.63064,0.63001,0.63028,1438,16
1689840000,0.63026,0.63046,0.6293,0.62961,2395,16
1689843600,0.62962,0.6297,0.62781,0.62819,2865,14
1689847200,0.62819,0.6287,0.62709,0.62748,3529,14
1689850800,0.62748,0.62906,0.62737,0.62845,3035,14
1689854400,0.62845,0.62912,0.62816,0.62878,2009,14
1689858000,0.62878,0.62993,0.62839,0.6284,2327,14
1689861600,0.62835,0.62837,0.62738,0.62738,3085,14
1689865200,0.62739,0.62739,0.62462,0.62543,5043,14
1689868800,0.62544,0.62579,0.62447,0.62547,5110,14
1689872400,0.62556,0.6258,0.62189,0.62308,5588,14
1689876000,0.62308,0.62328,0.62168,0.62222,3115,14
1689879600,0.62222,0.62245,0.62124,0.62172,2383,14
1689883200,0.62173,0.62312,0.62173,0.62265,1905,14
1689886800,0.62265,0.6228,0.62221,0.62239,1323,14
1689890400,0.62243,0.62288,0.62218,0.62283,1197,14
1689894000,0.62283,0.6234,0.62275,0.62337,544,14
1689897600,0.6227,0.62318,0.62255,0.6229,181,34
1689901200,0.6229,0.62404,0.62284,0.62314,760,14
1689904800,0.62312,0.62352,0.62275,0.62297,1046,15
1689908400,0.62299,0.62299,0.6221,0.62244,2496,14
1689912000,0.62244,0.62271,0.62145,0.62206,3439,15
1689915600,0.62206,0.62268,0.62173,0.62255,2551,14
1689919200,0.62256,0.62301,0.62228,0.62244,1572,15
1689922800,0.62244,0.62254,0.62186,0.62226,1312,14
1689926400,0.62226,0.62261,0.62166,0.62231,2258,14
1689930000,0.62229,0.62375,0.62213,0.62311,2783,14
1689933600,0.62311,0.62338,0.62046,0.6207,4392,15
1689937200,0.62067,0.62074,0.6188,0.61901,3933,14
1689940800,0.61901,0.61973,0.6189,0.61969,3357,14
1689944400,0.61969,0.62001,0.61903,0.61926,2412,14
1689948000,0.61926,0.61945,0.61839,0.61839,2293,14
1689951600,0.61841,0.61916,0.61819,0.61859,3349,14
1689955200,0.61858,0.61946,0.6175,0.6179,3632,14
1689958800,0.6179,0.61836,0.61685,0.61735,3486,14
1689962400,0.61735,0.61802,0.61713,0.6175,2720,14
1689966000,0.6175,0.61794,0.61729,0.6178,963,16
1689969600,0.6178,0.61804,0.61756,0.61756,1424,14
1689973200,0.61756,0.61782,0.61699,0.61718,1071,16
1689976800,0.61718,0.61718,0.61647,0.61691,834,15
1689980400,0.61691,0.61693,0.61633,0.61663,690,14
1690156800,0.61652,0.61718,0.61648,0.61694,257,36
1690160400,0.61709,0.6173,0.61654,0.61668,1285,15
1690164000,0.61666,0.61689,0.6163,0.61661,854,15
1690167600,0.61661,0.61757,0.61642,0.61724,2076,15
1690171200,0.61723,0.61743,0.61574,0.61601,3066,14
1690174800,0.61601,0.6173,0.61554,0.61687,2280,14
1690178400,0.61688,0.6172,0.61618,0.61682,1783,14
1690182000,0.61682,0.61702,0.61646,0.61693,1085,14
1690185600,0.61692,0.61752,0.61668,0.61751,1806,16
1690189200,0.61752,0.61842,0.61715,0.61818,2912,15
1690192800,0.61818,0.61963,0.61815,0.61957,4457,14
1690196400,0.61956,0.61988,0.61883,0.61909,3650,14
1690200000,0.6191,0.62049,0.61899,0.61978,2756,14
1690203600,0.61978,0.6201,0.6195,0.61988,2125,14
1690207200,0.61988,0.62145,0.61964,0.62024,1946,14
1690210800,0.62022,0.62033,0.61901,0.62002,3035,14
1690214400,0.62001,0.62076,0.61872,0.61972,4646,14
1690218000,0.61972,0.62065,0.619,0.62049,5191,14
1690221600,0.6205,0.62094,0.61983,0.62071,2634,15
1690225200,0.62074,0.62082,0.61989,0.62029,2231,14
1690228800,0.62029,0.62067,0.61989,0.62003,1811,15
1690232400,0.62003,0.62011,0.61937,0.61997,1608,14
1690236000,0.61997,0.62033,0.61953,0.61957,1240,14
1690239600,0.61955,0.62038,0.61916,0.62033,529,14
1690243200,0.62033,0.62084,0.61816,0.62035,341,23
1690246800,0.62039,0.62067,0.62032,0.62036,825,14
1690250400,0.62035,0.62055,0.61975,0.6198,855,16
1690254000,0.61981,0.61999,0.61889,0.6193,1772,14
1690257600,0.61929,0.62153,0.61924,0.62131,3159,14
1690261200,0.62131,0.62217,0.62062,0.62184,2488,14
1690264800,0.62184,0.622,0.62101,0.62139,1687,14
1690268400,0.62138,0.62159,0.62067,0.62077,1183,16
1690272000,0.62075,0.62172,0.62062,0.62149,1884,15
1690275600,0.6215,0.62181,0.62102,0.62132,2533,14
1690279200,0.6213,0.62174,0.62028,0.62083,3094,14
1690282800,0.62083,0.62184,0.62043,0.62176,3615,15
1690286400,0.62175,0.62181,0.62005,0.62035,2194,14
1690290000,0.62035,0.62061,0.62018,0.62043,1798,15
1690293600,0.62043,0.62075,0.61949,0.62063,2374,14
1690297200,0.62063,0.62292,0.62054,0.62247,2493,14
1690300800,0.62247,0.62257,0.62059,0.62093,3075,14
1690304400,0.62093,0.622,0.62019,0.62145,3745,14
1690308000,0.62146,0.6225,0.62126,0.62221,2398,14
1690311600,0.62221,0.62254,0.62151,0.62159,1654,14
1690315200,0.62159,0.62215,0.62144,0.62194,1530,15
1690318800,0.62194,0.62264,0.62183,0.62253,1110,15
1690322400,0.62253,0.62285,0.62187,0.62189,1194,14
1690326000,0.62189,0.62246,0.62186,0.62207,1149,14
1690329600,0.62205,0.62225,0.62026,0.62221,251,29
1690333200,0.62221,0.62229,0.62174,0.62176,1598,16
1690336800,0.62176,0.62204,0.62133,0.62144,823,15
1690340400,0.62144,0.62206,0.621,0.62132,2004,14
1690344000,0.62132,0.62146,0.61815,0.62007,4021,14
1690347600,0.62007,0.62101,0.61976,0.62098,2257,14
1690351200,0.62098,0.62129,0.62071,0.62116,1695,15
1690354800,0.62117,0.62177,0.62109,0.62148,1049,15
1690358400,0.62148,0.62237,0.62135,0.62197,1637,14
1690362000,0.62194,0.6232,0.62178,0.6225,2519,15
1690365600,0.62249,0.62256,0.62149,0.62199,3345,14
1690369200,0.62199,0.62227,0.62177,0.6219,2315,14
1690372800,0.62191,0.62221,0.62098,0.62213,1744,15
1690376400,0.62213,0.62256,0.62139,0.62192,1792,14
1690380000,0.62192,0.62203,0.62084,0.62089,1510,14
1690383600,0.62089,0.62095,0.6203,0.62053,2242,14
1690387200,0.62054,0.62106,0.62007,0.62084,3107,14
1690390800,0.62084,0.62163,0.62024,0.62087,3796,14
1690394400,0.62087,0.62168,0.62054,0.62074,2328,14
1690398000,0.62074,0.62102,0.62017,0.62028,1330,14
1690401600,0.62028,0.62028,0.61952,0.6196,1658,14
1690405200,0.6196,0.62338,0.61921,0.62324,9090,14
1690408800,0.6232,0.62336,0.62079,0.62249,6201,14
1690412400,0.62249,0.62252,0.62077,0.62083,1031,14
1690416000,0.62083,0.62122,0.62075,0.62082,1301,17
1690419600,0.6209,0.62141,0.6206,0.62089,1003,15
1690423200,0.62089,0.62134,0.62048,0.62106,875,16
1690426800,0.62106,0.62293,0.62082,0.62284,1750,14
1690430400,0.62284,0.62445,0.62277,0.62429,2719,14
1690434000,0.62429,0.62726,0.62429,0.62522,3044,14
1690437600,0.62522,0.62586,0.625,0.62566,1246,15
1690441200,0.62566,0.62634,0.62546,0.62546,1679,15
1690444800,0.62546,0.62552,0.62399,0.62425,2486,14
1690448400,0.62422,0.6251,0.62359,0.62462,2931,14
1690452000,0.62465,0.62582,0.62444,0.62543,3773,14
1690455600,0.62543,0.62566,0.62488,0.62539,2314,14
1690459200,0.62541,0.62614,0.62428,0.6245,2342,14
1690462800,0.62449,0.62509,0.62396,0.62462,1939,15
1690466400,0.62462,0.62577,0.62392,0.62566,2256,15
1690470000,0.62566,0.62568,0.62301,0.62369,6110,14
1690473600,0.62369,0.62381,0.62088,0.62144,6040,14
1690477200,0.62142,0.62158,0.619,0.61958,5104,14
1690480800,0.61958,0.62091,0.61944,0.62066,3207,14
1690484400,0.62064,0.62101,0.61999,0.62027,2036,14
1690488000,0.62029,0.62152,0.61983,0.62002,5798,14
1690491600,0.62002,0.62022,0.61749,0.61779,3047,14
1690495200,0.61776,0.61792,0.61739,0.61763,1997,14
1690498800,0.61762,0.61824,0.61748,0.6182,816,15
1690502400,0.61811,0.61847,0.61778,0.61817,229,34
1690506000,0.61817,0.61893,0.61817,0.61889,824,14
1690509600,0.61889,0.61923,0.61855,0.61869,1137,14
1690513200,0.61868,0.61881,0.61726,0.61728,1904,15
1690516800,0.61728,0.61816,0.61662,0.6171,3587,14
1690520400,0.6171,0.61756,0.61597,0.61748,2646,14
1690524000,0.61748,0.61801,0.61483,0.61567,5634,14
1690527600,0.61568,0.61622,0.61475,0.6151,4718,14
1690531200,0.6151,0.61681,0.61497,0.61667,3719,14
1690534800,0.61666,0.61676,0.61461,0.61491,4334,14
1690538400,0.61491,0.61528,0.61221,0.61241,5619,14
1690542000,0.61241,0.61354,0.61201,0.61317,4156,14
1690545600,0.61317,0.61531,0.61316,0.61486,3189,15
1690549200,0.61486,0.61545,0.61422,0.6154,2207,15
1690552800,0.61539,0.61725,0.61507,0.61636,2358,14
1690556400,0.61631,0.61802,0.61555,0.61578,5019,14
1690560000,0.61573,0.61585,0.61417,0.61478,4841,14
1690563600,0.61478,0.61698,0.61478,0.61677,4446,14
1690567200,0.61676,0.61681,0.61588,0.61653,3415,14
1690570800,0.61653,0.61708,0.61628,0.61629,2057,14
1690574400,0.61627,0.61642,0.61495,0.61552,1436,14
1690578000,0.61552,0.61599,0.61518,0.61526,1061,15
1690581600,0.61526,0.61587,0.61491,0.61583,1260,16
1690585200,0.61583,0.61584,0.61501,0.61549,874,15
1690761600,0.61507,0.61543,0.61417,0.61531,189,73
1690765200,0.61546,0.61638,0.6154,0.61573,1426,14
1690768800,0.61575,0.61639,0.61538,0.61576,1767,14
1690772400,0.61575,0.61643,0.61544,0.61636,2296,15
1690776000,0.61635,0.61827,0.61615,0.61707,3158,14
1690779600,0.61707,0.61806,0.61661,0.61789,3013,14
1690783200,0.61789,0.61866,0.61753,0.61847,2175,14
1690786800,0.61849,0.6191,0.61824,0.61891,1924,14
1690790400,0.61891,0.61967,0.61871,0.6195,2060,14
1690794000,0.61944,0.62044,0.61909,0.61933,2496,14
1690797600,0.61934,0.61986,0.61855,0.61895,3240,14
1690801200,0.61898,0.61925,0.61834,0.61919,2751,14
1690804800,0.61919,0.61981,0.61861,0.61952,1922,14
1690808400,0.61953,0.62036,0.61911,0.62009,2047,14
1690812000,0.6201,0.62054,0.61984,0.62026,2120,15
1690815600,0.62026,0.62079,0.61984,0.62002,3019,14
1690819200,0.62003,0.62135,0.61919,0.62116,3880,14
1690822800,0.6212,0.62247,0.62101,0.62216,3449,14
1690826400,0.62216,0.62222,0.62134,0.6217,2601,14
1690830000,0.6217,0.62221,0.62166,0.62199,1085,14
1690833600,0.62199,0.6221,0.62173,0.62194,739,14
1690837200,0.62194,0.62208,0.62126,0.62142,1007,14
1690840800,0.62144,0.62158,0.62064,0.62104,1145,14
1690844400,0.62104,0.62109,0.62069,0.62074,436,14
1690848000,0.62074,0.62085,0.61813,0.62053,848,21
1690851600,0.62053,0.62098,0.62053,0.6208,471,17
1690855200,0.6208,0.62088,0.62022,0.62023,529,16
1690858800,0.62023,0.62163,0.62023,0.6206,1520,15
1690862400,0.6206,0.62078,0.61913,0.62,2356,14
1690866000,0.62,0.62051,0.61877,0.61907,2303,14
1690869600,0.61907,0.61949,0.61902,0.61921,2051,15
1690873200,0.6192,0.61985,0.61788,0.61917,2807,15
1690876800,0.61917,0.61966,0.61855,0.61923,2355,14
1690880400,0.6192,0.61921,0.61811,0.61846,2006,14
1690884000,0.61846,0.6186,0.61648,0.61661,2911,14
1690887600,0.6166,0.61692,0.61524,0.61583,2117,14
1690891200,0.61583,0.61656,0.61559,0.61604,2255,14
1690894800,0.61604,0.61659,0.61559,0.61639,2219,14
1690898400,0.61639,0.6164,0.61508,0.61517,1745,15
1690902000,0.61516,0.61535,0.61359,0.61385,2907,14
1690905600,0.61387,0.61539,0.61377,0.6149,2896,14
1690909200,0.61505,0.61658,0.6141,0.61497,5192,14
1690912800,0.61498,0.61519,0.61347,0.61399,2413,14
1690916400,0.61398,0.61406,0.61304,0.61342,1155,14
1690920000,0.61342,0.61359,0.61303,0.61331,916,14
1690923600,0.6133,0.61414,0.6133,0.61408,1143,14
1690927200,0.61405,0.61471,0.61405,0.6145,893,14
1690930800,0.6145,0.61503,0.61441,0.61475,838,14
1690934400,0.61475,0.61644,0.61396,0.61532,1154,19
1690938000,0.61572,0.61684,0.61376,0.61408,2149,14
1690941600,0.61407,0.61447,0.61359,0.61384,1639,14
1690945200,0.61387,0.61387,0.61242,0.61306,2388,15
1690948800,0.61306,0.61389,0.61279,0.61301,2652,15
1690952400,0.61301,0.61306,0.61175,0.61202,2513,14
1690956000,0.61202,0.61203,0.61008,0.61078,2196,14
1690959600,0.61079,0.61089,0.61,0.61032,1642,15
1690963200,0.61032,0.6112,0.61021,0.61056,2318,14
1690966800,0.61056,0.61092,0.60926,0.61033,2691,14
1690970400,0.61032,0.6109,0.60955,0.61062,3347,14
1690974000,0.61063,0.61135,0.60988,0.61118,2818,14
1690977600,0.61115,0.61193,0.61097,0.61181,2040,15
1690981200,0.61183,0.61221,0.61092,0.6115,1936,14
1690984800,0.61149,0.61209,0.61051,0.61067,2084,15
1690988400,0.61066,0.61149,0.60903,0.60923,4697,14
1690992000,0.60922,0.60976,0.60872,0.60906,3715,14
1690995600,0.60906,0.60915,0.60675,0.60777,4053,14
1690999200,0.60777,0.60883,0.60742,0.6081,3170,14
1691002800,0.6081,0.60882,0.60797,0.60876,1451,14
1691006400,0.60876,0.60922,0.6085,0.60857,1455,14
1691010000,0.60857,0.60884,0.60805,0.60851,935,14
1691013600,0.60852,0.60886,0.60752,0.60803,1237,14
1691017200,0.60804,0.60806,0.60766,0.60786,857,14
1691020800,0.60782,0.60794,0.60674,0.60775,371,23
1691024400,0.6078,0.60845,0.60762,0.60842,1499,14
1691028000,0.60842,0.60868,0.6082,0.60847,999,15
1691031600,0.60847,0.6085,0.6073,0.60807,1664,15
1691035200,0.60806,0.60904,0.60779,0.60809,3365,14
1691038800,0.60809,0.60813,0.60646,0.60671,3153,14
1691042400,0.60671,0.60749,0.60641,0.60743,1930,15
1691046000,0.60742,0.60783,0.60681,0.60687,2346,15
1691049600,0.60685,0.60798,0.6066,0.60792,3650,14
1691053200,0.6079,0.6079,0.60667,0.60671,3920,14
1691056800,0.60671,0.60768,0.6064,0.6073,4235,14
1691060400,0.6073,0.60753,0.60605,0.6067,4072,14
1691064000,0.60673,0.60812,0.60673,0.60782,2079,14
1691067600,0.60781,0.60785,0.6069,0.60739,2091,15
1691071200,0.60739,0.60878,0.60672,0.60798,4183,14
1691074800,0.60795,0.60924,0.60701,0.60768,5724,14
1691078400,0.60767,0.60781,0.60609,0.6062,4783,14
1691082000,0.60667,0.60798,0.60596,0.60715,4876,14
1691085600,0.60715,0.60906,0.60715,0.60835,3525,14
1691089200,0.60835,0.60967,0.60822,0.60887,1701,14
1691092800,0.60887,0.60891,0.60752,0.60754,1231,14
1691096400,0.60752,0.60788,0.60703,0.60705,1152,14
1691100000,0.60707,0.60718,0.60637,0.60661,996,14
1691103600,0.60654,0.60777,0.60654,0.60768,1088,15
1691107200,0.60765,0.60772,0.60758,0.60769,149,19
1691110800,0.60769,0.60804,0.6075,0.60788,1168,17
1691114400,0.60789,0.60823,0.60764,0.60808,1028,17
1691118000,0.60808,0.60927,0.60778,0.60922,1977,15
1691121600,0.60922,0.61022,0.60882,0.60981,3196,15
1691125200,0.60981,0.61015,0.60851,0.60884,3511,15
1691128800,0.60884,0.60969,0.60869,0.6089,2718,15
1691132400,0.6089,0.6094,0.60883,0.60887,1760,14
1691136000,0.60887,0.60964,0.60844,0.60886,2636,15
1691139600,0.60882,0.6092,0.60811,0.60825,3068,14
1691143200,0.60821,0.60922,0.60792,0.60895,3262,15
1691146800,0.60895,0.60928,0.60768,0.6077,2470,14
1691150400,0.6077,0.60838,0.6074,0.60758,2197,14
1691154000,0.60761,0.60762,0.60691,0.60715,2067,15
1691157600,0.60717,0.60762,0.60692,0.6073,2228,14
1691161200,0.6073,0.61087,0.60686,0.61001,6541,14
1691164800,0.60999,0.61301,0.60989,0.61122,6882,14
1691168400,0.61122,0.61236,0.61015,0.61127,5038,14
1691172000,0.61126,0.61324,0.6107,0.61252,2782,14
1691175600,0.61252,0.61298,0.61215,0.6127,1579,14
1691179200,0.61269,0.6128,0.61153,0.61153,1320,14
1691182800,0.61154,0.61155,0.60922,0.60944,2645,14
1691186400,0.60943,0.60978,0.60886,0.60903,1652,14
1691190000,0.60902,0.60984,0.60877,0.60919,818,14
1691366400,0.60857,0.60962,0.60845,0.60946,783,49
1691370000,0.60946,0.61,0.60935,0.60967,1122,14
1691373600,0.60968,0.6099,0.60933,0.60983,1430,17
1691377200,0.60983,0.61077,0.60945,0.61074,2241,15
1691380800,0.61074,0.6109,0.60969,0.61083,2842,14
1691384400,0.61085,0.61121,0.61042,0.61105,2128,15
1691388000,0.61105,0.61129,0.61013,0.61013,1353,16
1691391600,0.61013,0.61035,0.60976,0.61012,1307,15
1691395200,0.61012,0.61019,0.60911,0.60937,1833,14
1691398800,0.60933,0.60989,0.60879,0.60959,2301,14
1691402400,0.60959,0.61108,0.60943,0.6108,2792,14
1691406000,0.6108,0.61082,0.60856,0.6091,2031,14
1691409600,0.6091,0.60969,0.60909,0.6094,1942,15
1691413200,0.60939,0.60966,0.60841,0.60875,1812,14
1691416800,0.60874,0.61052,0.60873,0.61032,1993,15
1691420400,0.61032,0.61104,0.60985,0.61099,2389,14
1691424000,0.61102,0.61161,0.60906,0.60917,3342,14
1691427600,0.60913,0.61044,0.60859,0.60988,3261,14
1691431200,0.60982,0.61001,0.60926,0.60934,2406,14
1691434800,0.60933,0.61007,0.60907,0.61004,2279,15
1691438400,0.61003,0.61046,0.60966,0.61045,2062,15
1691442000,0.61047,0.61077,0.61009,0.61042,1840,15
1691445600,0.61043,0.61081,0.61024,0.61038,904,15
1691449200,0.61037,0.61067,0.61011,0.61047,591,16
1691452800,0.61047,0.61086,0.60992,0.61012,639,19
1691456400,0.61012,0.61047,0.61012,0.6103,635,17
1691460000,0.6103,0.61091,0.6102,0.61056,715,15
1691463600,0.61056,0.6107,0.60991,0.61032,1885,15
1691467200,0.61032,0.61034,0.60731,0.60747,3771,14
1691470800,0.60747,0.60863,0.60703,0.60851,3112,14
1691474400,0.60849,0.60904,0.60773,0.60776,2234,16
1691478000,0.60774,0.60795,0.6074,0.6078,1313,15
1691481600,0.60782,0.60824,0.60648,0.60669,1957,14
1691485200,0.60663,0.60715,0.6059,0.6062,3092,14
1691488800,0.6062,0.6068,0.60576,0.60591,3081,15
1691492400,0.60596,0.60643,0.60517,0.60641,2146,14
1691496000,0.60641,0.60653,0.60477,0.60506,2168,14
1691499600,0.60506,0.6052,0.60395,0.60407,1437,15
1691503200,0.60408,0.60487,0.60373,0.60386,2215,14
1691506800,0.60386,0.60484,0.60373,0.60436,3130,14
1691510400,0.60434,0.60504,0.60352,0.60384,4872,14
1691514000,0.60384,0.60489,0.60337,0.60452,4710,14
1691517600,0.60453,0.60507,0.60407,0.60451,2495,15
1691521200,0.60451,0.60544,0.60447,0.60478,1848,16
1691524800,0.60479,0.60621,0.60473,0.60592,1767,14
1691528400,0.60592,0.60612,0.60554,0.60607,1434,15
1691532000,0.60607,0.60674,0.60605,0.60638,1140,14
1691535600,0.60637,0.60654,0.60592,0.60649,550,14
1691539200,0.60495,0.60632,0.60472,0.60626,348,22
1691542800,0.60626,0.60634,0.60581,0.60583,1408,16
1691546400,0.60583,0.60602,0.6054,0.60565,1339,17
1691550000,0.60565,0.60604,0.6049,0.60494,1562,15
1691553600,0.60494,0.60623,0.60481,0.60547,2856,14
1691557200,0.60547,0.60716,0.60502,0.60704,2508,14
1691560800,0.60705,0.6088,0.60702,0.60742,2365,14
1691564400,0.60742,0.60766,0.60699,0.60723,1490,16
1691568000,0.60723,0.60771,0.60706,0.60754,1593,16
1691571600,0.6075,0.60939,0.60724,0.60892,2434,14
1691575200,0.6089,0.60904,0.60781,0.60858,2561,14
1691578800,0.60858,0.6088,0.60747,0.60783,2614,15
1691582400,0.60783,0.60793,0.60661,0.60685,1750,14
1691586000,0.60685,0.60723,0.60627,0.60637,1387,15
1691589600,0.60636,0.60673,0.60564,0.60597,1654,14
1691593200,0.60596,0.60621,0.60501,0.60553,3067,14
1691596800,0.60553,0.60623,0.60526,0.60599,2866,15
1691600400,0.606,0.60702,0.60475,0.60495,3328,14
1691604000,0.60495,0.6053,0.60437,0.60464,2843,14
1691607600,0.60464,0.60549,0.60458,0.60519,1698,15
1691611200,0.60519,0.60637,0.60519,0.60581,1595,14
1691614800,0.60581,0.60623,0.60568,0.60592,1561,14
1691618400,0.60598,0.60636,0.60521,0.60524,1269,14
1691622000,0.60524,0.60546,0.60499,0.60501,513,14
1691625600,0.60487,0.60528,0.60407,0.60523,339,18
1691629200,0.6052,0.60535,0.60493,0.6053,414,17
1691632800,0.60527,0.60617,0.60526,0.60601,614,15
1691636400,0.60594,0.60602,0.60519,0.6055,1728,14
1691640000,0.60549,0.60638,0.60493,0.60599,2203,15
1691643600,0.60599,0.60685,0.60573,0.60612,1805,14
1691647200,0.60612,0.60677,0.60568,0.60634,1294,16
1691650800,0.60634,0.60662,0.60567,0.6057,1448,16
1691654400,0.6057,0.60627,0.60545,0.60621,1580,15
1691658000,0.60612,0.60735,0.60599,0.60711,2312,14
1691661600,0.60713,0.60809,0.60644,0.60657,2841,14
1691665200,0.60657,0.60731,0.60636,0.60682,1866,15
1691668800,0.60682,0.60683,0.606,0.60666,1005,15
1691672400,0.60666,0.6074,0.60649,0.60731,947,14
1691676000,0.60732,0.60767,0.60697,0.60744,1502,15
1691679600,0.60744,0.61174,0.60708,0.60932,6318,14
1691683200,0.60931,0.60966,0.60699,0.60869,6464,14
1691686800,0.60868,0.60905,0.60596,0.60648,4977,14
1691690400,0.60647,0.60654,0.60553,0.60593,3813,14
1691694000,0.60593,0.60612,0.60507,0.60541,2708,14
1691697600,0.60541,0.60549,0.60258,0.60273,3496,14
1691701200,0.60273,0.60407,0.60265,0.60383,2929,14
1691704800,0.60377,0.60401,0.60305,0.60317,2120,14
1691708400,0.60317,0.60328,0.60194,0.602,951,14
1691712000,0.602,0.60248,0.60192,0.60204,490,14
1691715600,0.60222,0.60231,0.60138,0.6015,779,14
1691719200,0.60151,0.60163,0.60106,0.60106,1192,15
1691722800,0.60106,0.60164,0.60071,0.60148,1792,14
1691726400,0.6015,0.60227,0.60123,0.60137,2811,14
1691730000,0.60137,0.60141,0.60059,0.60079,1920,14
1691733600,0.60079,0.60145,0.60062,0.6012,1803,16
1691737200,0.6012,0.6013,0.60034,0.60046,1078,17
1691740800,0.60046,0.60102,0.60014,0.60073,2183,14
1691744400,0.60067,0.60194,0.60057,0.60084,2650,14
1691748000,0.6008,0.60177,0.60056,0.60097,2951,14
1691751600,0.60096,0.60134,0.60024,0.60102,2863,15
1691755200,0.60102,0.60147,0.60014,0.60019,1780,14
1691758800,0.60019,0.6008,0.60009,0.6003,1695,14
1691762400,0.6003,0.60135,0.60022,0.60109,1860,14
1691766000,0.60109,0.60141,0.59835,0.59855,4548,14
1691769600,0.59855,0.59951,0.59797,0.59873,4549,14
1691773200,0.59861,0.60113,0.59861,0.60035,5916,14
1691776800,0.60035,0.60063,0.59741,0.59795,2869,14
1691780400,0.59798,0.59886,0.59776,0.59789,1744,14
1691784000,0.59789,0.59883,0.59771,0.59793,1598,15
1691787600,0.59796,0.59844,0.59793,0.59843,1450,14
1691791200,0.59843,0.59852,0.59802,0.59826,1210,14
1691794800,0.59824,0.59848,0.59812,0.59832,809,15
1691971200,0.59812,0.59848,0.59812,0.59839,498,48
1691974800,0.5986,0.59917,0.59852,0.59876,755,14
1691978400,0.59876,0.59909,0.59823,0.59824,844,15
1691982000,0.59824,0.59855,0.59706,0.59718,2226,14
1691985600,0.59718,0.59729,0.59593,0.59634,3560,14
1691989200,0.59634,0.5964,0.59531,0.59571,2871,14
1691992800,0.59571,0.59604,0.59542,0.59579,1787,14
1691996400,0.59579,0.59632,0.59561,0.59605,1026,14
1692000000,0.59607,0.59664,0.59591,0.5964,2013,15
1692003600,0.5964,0.59705,0.59581,0.59691,2568,14
1692007200,0.59689,0.59889,0.59631,0.5987,3508,14
1692010800,0.59868,0.59893,0.59774,0.59795,2670,14
1692014400,0.59795,0.59844,0.59765,0.59812,1518,14
1692018000,0.59813,0.59891,0.59779,0.59847,1779,14
1692021600,0.59845,0.59879,0.59802,0.59812,1891,14
1692025200,0.5981,0.5981,0.59588,0.59638,3018,14
1692028800,0.59637,0.59654,0.59429,0.595,3509,14
1692032400,0.59501,0.59792,0.5948,0.59781,4815,14
1692036000,0.59785,0.59857,0.59738,0.59825,2193,14
1692039600,0.59825,0.59888,0.59786,0.59812,1960,14
1692043200,0.59812,0.59832,0.5974,0.59753,1262,14
1692046800,0.59753,0.5977,0.59648,0.59659,1520,15
1692050400,0.59659,0.59777,0.59651,0.59748,980,14
1692054000,0.59748,0.59758,0.59712,0.59738,1162,15
1692057600,0.59689,0.59772,0.59567,0.59742,713,27
1692061200,0.59751,0.59771,0.59705,0.59748,855,15
1692064800,0.59748,0.59765,0.59717,0.59726,795,17
1692068400,0.59726,0.59768,0.59656,0.59691,1655,14
1692072000,0.59695,0.59826,0.59588,0.59773,3899,14
1692075600,0.59772,0.59812,0.59676,0.59775,2623,14
1692079200,0.59774,0.59925,0.59762,0.59862,1602,15
1692082800,0.59863,0.59867,0.59801,0.59824,1203,14
1692086400,0.59824,0.59884,0.59776,0.59832,2421,14
1692090000,0.59832,0.5996,0.59761,0.59795,3484,15
1692093600,0.59792,0.59828,0.59613,0.59617,3643,14
1692097200,0.59616,0.59686,0.59532,0.59654,3056,15
1692100800,0.59654,0.59743,0.59577,0.597,3081,14
1692104400,0.59701,0.59712,0.59631,0.59694,2924,14
1692108000,0.59692,0.59742,0.59622,0.59674,2443,14
1692111600,0.59674,0.59826,0.59553,0.59692,5520,14
1692115200,0.59693,0.59873,0.59657,0.59747,6452,14
1692118800,0.59747,0.59842,0.59653,0.5983,5239,14
1692122400,0.5983,0.59857,0.59719,0.5975,2898,14
1692126000,0.5975,0.59769,0.59613,0.59653,2081,14
1692129600,0.59653,0.59668,0.59602,0.5962,2081,14
1692133200,0.5962,0.5966,0.5958,0.596,1587,14
1692136800,0.596,0.59619,0.59479,0.59533,1713,14
1692140400,0.59529,0.59541,0.5948,0.59504,728,14
1692144000,0.59502,0.59519,0.59487,0.59517,315,15
1692147600,0.59528,0.59528,0.59464,0.59497,1103,14
1692151200,0.59497,0.59578,0.59496,0.59558,862,14
1692154800,0.59559,0.59561,0.59378,0.59391,1993,14
1692158400,0.59391,0.59429,0.59306,0.59411,3749,14
1692162000,0.5941,0.59638,0.5941,0.59588,3813,14
1692165600,0.59588,0.59668,0.5958,0.59599,1980,14
1692169200,0.59599,0.59667,0.59576,0.59665,1361,16
1692172800,0.59664,0.59731,0.5962,0.59681,2182,14
1692176400,0.59684,0.59845,0.59634,0.59772,3168,14
1692180000,0.59772,0.59924,0.59736,0.59904,2569,14
1692183600,0.59904,0.5991,0.59811,0.59859,1627,14
1692187200,0.59858,0.59867,0.59696,0.59749,1574,14
1692190800,0.5975,0.59753,0.59626,0.59667,1378,14
1692194400,0.59664,0.59703,0.59637,0.59666,1525,14
1692198000,0.59665,0.59714,0.59461,0.59461,2712,14
1692201600,0.59462,0.59717,0.59457,0.59579,4395,14
1692205200,0.59576,0.59619,0.59468,0.59555,4207,14
1692208800,0.59554,0.5959,0.59453,0.5947,2761,14
1692212400,0.59468,0.59494,0.59412,0.59422,1736,15
1692216000,0.59422,0.59444,0.59362,0.59408,1693,14
1692219600,0.59408,0.59536,0.59323,0.59343,4206,14
1692223200,0.59341,0.5937,0.59258,0.59346,3120,14
1692226800,0.59343,0.59378,0.59325,0.59366,1022,14
1692230400,0.59307,0.59382,0.59271,0.59365,867,32
1692234000,0.59372,0.59387,0.59357,0.59374,641,17
1692237600,0.59374,0.59376,0.59296,0.59305,1292,15
1692241200,0.59304,0.59315,0.59145,0.59158,2715,14
1692244800,0.59158,0.59238,0.59022,0.59133,4160,14
1692248400,0.59135,0.59181,0.59059,0.59104,2811,14
1692252000,0.59102,0.59166,0.59048,0.5907,2030,14
1692255600,0.5907,0.59182,0.59069,0.59175,1281,15
1692259200,0.59177,0.5918,0.59077,0.59126,2127,14
1692262800,0.59126,0.59284,0.59104,0.5928,2692,14
1692266400,0.59278,0.59327,0.59199,0.59243,2685,14
1692270000,0.59243,0.59355,0.59223,0.59276,2288,15
1692273600,0.59275,0.59399,0.59235,0.59394,2392,14
1692277200,0.59394,0.59541,0.59394,0.59496,2462,14
1692280800,0.59496,0.59567,0.59471,0.59537,2047,14
1692284400,0.59536,0.59633,0.59411,0.59532,3719,14
1692288000,0.59531,0.59621,0.59381,0.59392,4237,14
1692291600,0.5939,0.5944,0.59301,0.5938,3808,14
1692295200,0.59381,0.59407,0.59283,0.5931,3321,14
1692298800,0.59311,0.59415,0.5927,0.59358,2093,14
1692302400,0.59359,0.59364,0.59197,0.59237,1743,14
1692306000,0.59237,0.59242,0.59181,0.59223,2341,14
1692309600,0.59222,0.59289,0.59217,0.59247,2824,14
1692313200,0.59247,0.5928,0.59228,0.59243,1033,14
1692316800,0.59137,0.59255,0.59114,0.59214,492,24
1692320400,0.59178,0.59263,0.59174,0.59238,1895,14
1692324000,0.59238,0.59274,0.59223,0.59245,991,15
1692327600,0.59245,0.59372,0.59225,0.59313,2265,14
1692331200,0.59319,0.59439,0.59272,0.59398,3717,15
1692334800,0.59398,0.59432,0.59305,0.59348,2363,14
1692338400,0.59347,0.59348,0.59242,0.59275,2138,14
1692342000,0.59277,0.59291,0.5919,0.59223,1516,14
1692345600,0.59223,0.59297,0.59178,0.59289,2215,14
1692349200,0.59298,0.59362,0.59258,0.59278,3046,15
1692352800,0.59275,0.5936,0.59262,0.59272,2713,14
1692356400,0.59275,0.59364,0.59194,0.59224,2023,14
1692360000,0.59224,0.59265,0.59134,0.59264,2037,14
1692363600,0.59264,0.59344,0.59235,0.59237,1569,14
1692367200,0.59237,0.59239,0.59147,0.59182,1875,14
1692370800,0.59181,0.59217,0.59085,0.59157,2700,14
1692374400,0.59157,0.59377,0.59129,0.59313,3651,14
1692378000,0.59313,0.59369,0.59282,0.59343,3334,14
1692381600,0.59342,0.59413,0.59317,0.5939,2040,14
1692385200,0.5939,0.59411,0.59348,0.59409,2178,14
1692388800,0.59409,0.59462,0.59303,0.59383,2332,15
1692392400,0.59384,0.59389,0.5928,0.59281,1549,14
1692396000,0.59281,0.59326,0.59253,0.59259,1574,14
1692399600,0.59255,0.59272,0.59183,0.59211,903,14
1692576000,0.59272,0.59277,0.59203,0.59233,695,46
1692579600,0.59233,0.5931,0.59224,0.59252,899,14
1692583200,0.59251,0.59263,0.59208,0.59258,865,14
1692586800,0.59257,0.5933,0.59219,0.59225,1950,14
1692590400,0.59224,0.59224,0.59067,0.59097,3980,14
1692594000,0.59097,0.59218,0.59057,0.59181,2669,14
1692597600,0.59179,0.59183,0.59115,0.59132,1337,16
1692601200,0.59132,0.59203,0.59116,0.59169,918,16
1692604800,0.59169,0.5925,0.59098,0.59105,2418,14
1692608400,0.59106,0.59174,0.59044,0.59133,2036,14
1692612000,0.59133,0.59236,0.59114,0.59142,3425,14
1692615600,0.59142,0.59159,0.59049,0.59115,2514,14
1692619200,0.59115,0.59262,0.59113,0.59193,2003,14
1692622800,0.59193,0.59224,0.59088,0.59117,1511,14
1692626400,0.59115,0.59281,0.59102,0.59242,1823,14
1692630000,0.59242,0.5927,0.59156,0.5919,2347,14
1692633600,0.59189,0.59229,0.5905,0.59108,3839,14
1692637200,0.59108,0.59125,0.58984,0.59013,3360,15
1692640800,0.59013,0.59026,0.58956,0.59021,2339,14
1692644400,0.5902,0.59175,0.5902,0.59162,1270,14
1692648000,0.59163,0.59229,0.59138,0.59172,1652,15
1692651600,0.59172,0.59286,0.59168,0.59266,1336,14
1692655200,0.59266,0.59301,0.59258,0.59267,1302,14
1692658800,0.59267,0.59276,0.59245,0.59265,357,14
1692662400,0.59157,0.59266,0.59146,0.59261,710,23
1692666000,0.59261,0.59288,0.59251,0.59265,468,15
1692669600,0.59265,0.59327,0.59263,0.59282,745,15
1692673200,0.59282,0.593,0.59236,0.59284,1431,14
1692676800,0.59284,0.59395,0.59225,0.59276,2812,14
1692680400,0.59276,0.59378,0.59252,0.59304,1798,14
1692684000,0.59304,0.59419,0.59284,0.59374,1547,15
1692687600,0.59374,0.59389,0.59307,0.59316,1142,15
1692691200,0.59317,0.59372,0.59286,0.59322,2150,16
1692694800,0.59323,0.59578,0.59307,0.59565,3095,14
1692698400,0.59565,0.59639,0.59514,0.59603,2382,14
1692702000,0.59603,0.59619,0.59516,0.59546,2025,15
1692705600,0.59544,0.59676,0.59493,0.59667,1930,14
1692709200,0.59666,0.59711,0.59567,0.59579,2178,14
1692712800,0.59579,0.59612,0.59529,0.59593,1463,14
1692716400,0.59593,0.59627,0.5939,0.59393,2836,14
1692720000,0.59394,0.5946,0.59229,0.5926,4433,14
1692723600,0.5926,0.59461,0.5925,0.59408,4366,14
1692727200,0.59408,0.59515,0.59395,0.59448,2082,14
1692730800,0.59448,0.59495,0.59428,0.59439,1810,14
1692734400,0.59439,0.59463,0.59403,0.59431,3174,14
1692738000,0.59432,0.59481,0.59417,0.59449,3401,15
1692741600,0.59448,0.59457,0.59376,0.59419,1078,14
1692745200,0.59417,0.59456,0.59417,0.59449,663,15
1692748800,0.59449,0.59457,0.59381,0.5943,168,14
1692752400,0.59432,0.59475,0.59372,0.59408,717,14
1692756000,0.59408,0.59444,0.5938,0.5939,604,15
1692759600,0.5939,0.59514,0.59369,0.59484,1221,14
1692763200,0.59484,0.59654,0.59467,0.59611,1992,15
1692766800,0.59611,0.59661,0.59554,0.59565,1892,15
1692770400,0.59565,0.59569,0.59459,0.59479,874,14
1692774000,0.59476,0.59496,0.59444,0.59478,1168,15
1692777600,0.59478,0.59548,0.59477,0.59519,1972,14
1692781200,0.59522,0.59546,0.5944,0.5945,2204,15
1692784800,0.5945,0.595,0.59329,0.59445,3900,14
1692788400,0.59444,0.59507,0.59407,0.5945,3644,14
1692792000,0.59451,0.59465,0.59294,0.59336,2298,14
1692795600,0.59335,0.5936,0.59274,0.59319,2203,15
1692799200,0.59319,0.59354,0.59281,0.59316,2435,15
1692802800,0.59316,0.59339,0.59262,0.593,2749,14
1692806400,0.593,0.59651,0.59297,0.59624,4992,14
1692810000,0.59625,0.59715,0.59581,0.59644,4101,14
1692813600,0.59644,0.5977,0.59642,0.59729,2640,14
1692817200,0.59729,0.59811,0.59706,0.59796,1751,14
1692820800,0.59794,0.59845,0.59764,0.598,1357,14
1692824400,0.598,0.59806,0.59696,0.59721,1506,14
1692828000,0.59719,0.59758,0.5969,0.59726,1387,14
1692831600,0.59726,0.59792,0.5971,0.59785,1038,14
1692835200,0.59785,0.59792,0.59668,0.59735,1191,25
1692838800,0.59735,0.59773,0.59727,0.59747,934,16
1692842400,0.59747,0.59753,0.59705,0.59731,742,15
1692846000,0.59735,0.59792,0.59679,0.59697,1885,14
1692849600,0.59696,0.59703,0.59588,0.596,3012,14
1692853200,0.596,0.59683,0.59593,0.59665,2556,15
1692856800,0.59665,0.59745,0.5964,0.59707,2111,14
1692860400,0.59706,0.5974,0.59655,0.59722,1268,15
1692864000,0.59723,0.5975,0.59651,0.59657,1593,15
1692867600,0.59656,0.59672,0.59574,0.59586,2561,14
1692871200,0.59586,0.59602,0.59478,0.59478,3106,14
1692874800,0.59478,0.59577,0.59474,0.59501,2236,14
1692878400,0.59501,0.59516,0.59375,0.59398,2174,14
1692882000,0.59398,0.59468,0.59394,0.59445,1423,15
1692885600,0.59445,0.59471,0.59336,0.59347,1832,15
1692889200,0.59347,0.59357,0.59208,0.59234,3403,14
1692892800,0.59234,0.59369,0.59195,0.59365,3745,14
1692896400,0.59369,0.59401,0.5924,0.59276,4978,14
1692900000,0.59275,0.59286,0.59178,0.5922,3106,15
1692903600,0.59219,0.59272,0.59212,0.59228,1448,14
1692907200,0.59229,0.59263,0.59186,0.59217,1777,14
1692910800,0.59218,0.59261,0.59201,0.59227,1124,15
1692914400,0.59227,0.59246,0.59183,0.59183,1640,14
1692918000,0.59184,0.59227,0.59153,0.59217,571,14
1692921600,0.59195,0.59249,0.59188,0.59224,877,14
1692925200,0.59231,0.59258,0.59216,0.59219,722,14
1692928800,0.59219,0.59232,0.59172,0.59182,1080,14
1692932400,0.59182,0.59222,0.59157,0.59212,1717,15
1692936000,0.59213,0.59238,0.59139,0.5917,2121,14
1692939600,0.5917,0.5919,0.59151,0.59168,1545,14
1692943200,0.59168,0.59189,0.59056,0.59066,1752,15
1692946800,0.59066,0.59096,0.59011,0.59012,1319,14
1692950400,0.59012,0.59118,0.59,0.59072,2061,14
1692954000,0.59074,0.59078,0.58936,0.59015,2477,14
1692957600,0.59014,0.59138,0.59011,0.59041,2297,14
1692961200,0.59041,0.59129,0.59005,0.59104,1689,16
1692964800,0.59104,0.59127,0.59054,0.59087,1980,15
1692968400,0.59086,0.5919,0.5908,0.5918,1519,16
1692972000,0.59184,0.59207,0.59149,0.59173,1443,15
1692975600,0.59171,0.59259,0.59159,0.59219,1723,15
1692979200,0.5922,0.59247,0.59093,0.59143,3198,14
1692982800,0.59149,0.59413,0.58852,0.58934,9344,14
1692986400,0.58935,0.59134,0.58906,0.58978,4914,14
1692990000,0.58978,0.59094,0.58978,0.59046,2343,15
1692993600,0.59047,0.59101,0.59018,0.59095,2031,15
1692997200,0.59095,0.59209,0.5909,0.59163,1831,15
1693000800,0.59162,0.59166,0.59082,0.591,1480,16
1693004400,0.59099,0.59104,0.5889,0.59021,928,14
1693180800,0.59013,0.59019,0.58927,0.59016,190,41
1693184400,0.59016,0.59094,0.59007,0.59058,734,14
1693188000,0.59058,0.59106,0.59034,0.59089,1532,15
1693191600,0.59088,0.59157,0.59082,0.59135,1570,14
1693195200,0.59134,0.59251,0.59134,0.59161,2746,14
1693198800,0.59161,0.59209,0.59141,0.59188,1629,14
1693202400,0.59188,0.592,0.59137,0.59154,1368,17
1693206000,0.59154,0.59186,0.59133,0.59158,1032,15
1693209600,0.59156,0.59228,0.59132,0.59183,2013,16
1693213200,0.5918,0.59234,0.59145,0.59156,2003,14
1693216800,0.59157,0.59171,0.58965,0.58973,2426,14
1693220400,0.58973,0.59024,0.58944,0.59012,1904,15
1693224000,0.59012,0.5903,0.58963,0.58977,1901,15
1693227600,0.58977,0.59038,0.58946,0.59012,2132,14
1693231200,0.59012,0.59089,0.5901,0.59063,1437,15
1693234800,0.59064,0.59142,0.59056,0.59114,1909,15
1693238400,0.59114,0.59139,0.59022,0.59113,3172,14
1693242000,0.59112,0.59115,0.59016,0.59051,3081,14
1693245600,0.5905,0.59118,0.59028,0.59092,2361,15
1693249200,0.59092,0.59142,0.59086,0.59112,1281,14
1693252800,0.59112,0.59122,0.59043,0.59062,1351,14
1693256400,0.59062,0.59094,0.59031,0.59086,1253,14
1693260000,0.59087,0.59156,0.5908,0.59129,1072,14
1693263600,0.59129,0.59134,0.59077,0.5909,642,14
1693267200,0.59097,0.59104,0.58997,0.59066,558,26
1693270800,0.59066,0.59129,0.59062,0.59091,761,14
1693274400,0.59091,0.59111,0.59057,0.59063,869,16
1693278000,0.59063,0.59125,0.59023,0.59037,1824,16
1693281600,0.59037,0.59163,0.59036,0.59121,2172,15
1693285200,0.59121,0.5921,0.59114,0.59203,1728,15
1693288800,0.59205,0.59286,0.59186,0.59236,1404,14
1693292400,0.59236,0.59241,0.59182,0.59204,722,14
1693296000,0.59204,0.59252,0.59166,0.59206,1348,14
1693299600,0.59207,0.593,0.59207,0.59238,1676,14
1693303200,0.59238,0.59346,0.59204,0.59205,2687,14
1693306800,0.59204,0.59254,0.59162,0.59172,1940,14
1693310400,0.59173,0.59299,0.59163,0.59285,1620,14
1693314000,0.59286,0.59307,0.59087,0.59092,1708,14
1693317600,0.5909,0.59122,0.58979,0.58989,2249,14
1693321200,0.58988,0.59015,0.58865,0.58908,2746,14
1693324800,0.58908,0.59004,0.58872,0.58984,3467,14
1693328400,0.58983,0.59447,0.58982,0.59341,6976,14
1693332000,0.59341,0.59559,0.59329,0.59454,3119,14
1693335600,0.59454,0.59488,0.59416,0.59475,2127,14
1693339200,0.59475,0.59582,0.59475,0.59564,2144,14
1693342800,0.59564,0.59662,0.59534,0.59659,1597,14
1693346400,0.5966,0.59768,0.59644,0.59734,1418,14
1693350000,0.59733,0.59745,0.59688,0.59706,710,15
1693353600,0.59707,0.59709,0.5963,0.59682,386,17
1693357200,0.59682,0.59729,0.59682,0.59727,617,16
1693360800,0.59727,0.59737,0.59653,0.59658,738,16
1693364400,0.59658,0.59686,0.59623,0.59678,1473,16
1693368000,0.59678,0.59678,0.59483,0.59518,2510,15
1693371600,0.59518,0.59549,0.59427,0.5947,2106,14
1693375200,0.59469,0.5952,0.59446,0.59515,1553,16
1693378800,0.59515,0.59543,0.59476,0.59508,1162,14
1693382400,0.59508,0.5959,0.59493,0.59515,2168,16
1693386000,0.5952,0.59598,0.59452,0.5948,2716,14
1693389600,0.5948,0.59494,0.59393,0.59493,2916,15
1693393200,0.5949,0.59496,0.5939,0.59437,2681,15
1693396800,0.59438,0.59586,0.59419,0.59516,2354,14
1693400400,0.59515,0.59592,0.59509,0.59578,1610,14
1693404000,0.59578,0.59621,0.59549,0.59566,1691,14
1693407600,0.59566,0.60002,0.59556,0.5996,4892,14
1693411200,0.59958,0.60059,0.59864,0.60028,4628,14
1693414800,0.60027,0.60044,0.59731,0.59779,4230,14
1693418400,0.59779,0.59858,0.59765,0.59802,2183,14
1693422000,0.59801,0.59801,0.59674,0.59694,1724,14
1693425600,0.59694,0.5976,0.59633,0.59648,1314,14
1693429200,0.59648,0.59708,0.59598,0.59699,1457,14
1693432800,0.59698,0.59726,0.59642,0.59657,1120,14
1693436400,0.59655,0.5968,0.59534,0.59548,492,14
1693440000,0.59555,0.59582,0.59401,0.59486,506,14
1693443600,0.59494,0.59535,0.59436,0.5953,1530,14
1693447200,0.59532,0.59577,0.59513,0.59527,932,14
1693450800,0.59526,0.59589,0.5951,0.59548,1672,14
1693454400,0.59548,0.59764,0.59548,0.59667,2578,14
1693458000,0.59667,0.59696,0.59621,0.59637,2002,16
1693461600,0.59637,0.59642,0.59575,0.5958,1378,14
1693465200,0.59579,0.59609,0.59565,0.59578,954,15
1693468800,0.59578,0.59595,0.59531,0.59569,1092,15
1693472400,0.5957,0.59598,0.59513,0.59513,1835,14
1693476000,0.59507,0.59632,0.59506,0.59601,3215,14
1693479600,0.59602,0.59603,0.59501,0.59501,2274,14
1693483200,0.595,0.59513,0.59436,0.59469,2395,15
1693486800,0.59471,0.59474,0.59393,0.59425,2025,15
1693490400,0.59425,0.59507,0.59391,0.59499,1799,15
1693494000,0.59498,0.59702,0.59497,0.59642,4354,14
1693497600,0.59642,0.5967,0.594,0.59462,4651,14
1693501200,0.59462,0.59545,0.59297,0.59534,4935,14
1693504800,0.59534,0.59552,0.59402,0.59452,3160,14
1693508400,0.59453,0.5952,0.59445,0.59493,1654,16
1693512000,0.59494,0.59578,0.59486,0.59567,1520,14
1693515600,0.59567,0.59653,0.59555,0.59563,1160,15
1693519200,0.59563,0.59639,0.59563,0.59614,1010,14
1693522800,0.59618,0.59662,0.59604,0.59654,564,14
1693526400,0.59538,0.59667,0.59514,0.59642,347,26
1693530000,0.59651,0.59682,0.59638,0.59647,840,14
1693533600,0.59647,0.59774,0.59646,0.59727,931,16
1693537200,0.59727,0.59748,0.59605,0.59611,2051,14
1693540800,0.5961,0.59872,0.59602,0.59755,2857,14
1693544400,0.59755,0.59761,0.59554,0.59574,1622,14
1693548000,0.59574,0.59583,0.59514,0.5955,1527,15
1693551600,0.59549,0.59647,0.59526,0.59633,807,15
1693555200,0.59633,0.59638,0.59547,0.59576,958,15
1693558800,0.59579,0.59602,0.59429,0.59534,2419,14
1693562400,0.59536,0.59685,0.59511,0.59654,2304,14
1693566000,0.59656,0.59661,0.59549,0.59575,1714,15
1693569600,0.59575,0.59653,0.59565,0.59593,1588,15
1693573200,0.59594,0.5966,0.59583,0.59634,1684,16
1693576800,0.59634,0.59717,0.59618,0.59689,1990,14
1693580400,0.59689,0.60143,0.59577,0.60005,5962,14
1693584000,0.60005,0.60027,0.59669,0.59747,7054,14
1693587600,0.59745,0.59779,0.59515,0.59547,7134,14
1693591200,0.59546,0.59554,0.59377,0.59377,3257,14
1693594800,0.59377,0.59423,0.59335,0.59402,1629,14
1693598400,0.59405,0.59452,0.59387,0.59406,964,14
1693602000,0.59406,0.59423,0.59376,0.59423,1046,16
1693605600,0.59421,0.59436,0.59379,0.59382,841,16
1693609200,0.59386,0.59426,0.59364,0.59378,708,16
1693785600,0.59431,0.59442,0.59327,0.59425,280,37
1693789200,0.59435,0.59437,0.59373,0.59388,856,15
1693792800,0.59388,0.59429,0.59374,0.59412,1216,16
1693796400,0.59412,0.59477,0.59369,0.59441,1660,15
1693800000,0.59441,0.59504,0.59396,0.59456,2465,14
1693803600,0.59456,0.5959,0.59456,0.59543,2472,14
1693807200,0.59543,0.59546,0.59466,0.59478,1411,15
1693810800,0.59478,0.59498,0.5944,0.59462,915,14
1693814400,0.59462,0.59534,0.59461,0.59506,1733,14
1693818000,0.59508,0.59603,0.59483,0.59555,1902,14
1693821600,0.59555,0.59568,0.5943,0.59455,2276,15
1693825200,0.59456,0.59483,0.59408,0.59425,2027,15
1693828800,0.59426,0.59454,0.59366,0.59454,1399,14
1693832400,0.59454,0.59487,0.59438,0.59463,879,14
1693836000,0.59463,0.595,0.59443,0.59453,757,15
1693839600,0.59453,0.59459,0.59385,0.594,930,14
1693843200,0.59402,0.5944,0.59371,0.59376,1394,14
1693846800,0.59374,0.59386,0.5931,0.59326,1199,14
1693850400,0.59326,0.5938,0.59319,0.59376,764,16
1693854000,0.59376,0.59383,0.59358,0.5938,692,15
1693857600,0.59379,0.59389,0.59377,0.59379,179,15
1693861200,0.59379,0.59388,0.59376,0.59378,377,17
1693864800,0.59375,0.59381,0.59365,0.59377,660,14
1693868400,0.59381,0.59395,0.59363,0.59375,347,14
1693872000,0.59375,0.59395,0.59287,0.59381,474,23
1693875600,0.59376,0.5942,0.59376,0.59384,602,17
1693879200,0.59383,0.59403,0.59352,0.59352,753,17
1693882800,0.59352,0.59377,0.59305,0.59358,1438,15
1693886400,0.59358,0.59368,0.59176,0.59225,2702,14
1693890000,0.59225,0.59244,0.59122,0.59179,2091,14
1693893600,0.59179,0.59196,0.59122,0.59175,1781,15
1693897200,0.59175,0.59221,0.5913,0.59158,1483,15
1693900800,0.59155,0.59175,0.59025,0.59025,1844,14
1693904400,0.59029,0.59029,0.58785,0.58855,3456,14
1693908000,0.58856,0.58883,0.58728,0.58815,3392,14
1693911600,0.58812,0.58812,0.58726,0.58755,2342,15
1693915200,0.58753,0.58809,0.58743,0.58777,1786,14
1693918800,0.58774,0.58792,0.58681,0.58686,1153,16
1693922400,0.58687,0.58692,0.58606,0.58645,1855,14
1693926000,0.58645,0.58837,0.58584,0.58821,3835,14
1693929600,0.58827,0.58894,0.58714,0.58752,5118,14
1693933200,0.58749,0.58824,0.5869,0.58762,4486,14
1693936800,0.58762,0.58841,0.58734,0.58811,2333,14
1693940400,0.58811,0.58849,0.58796,0.58833,1371,15
1693944000,0.58833,0.58845,0.58768,0.58782,1184,14
1693947600,0.58782,0.58819,0.58764,0.58813,946,14
1693951200,0.58812,0.58849,0.58781,0.58794,912,15
1693954800,0.58795,0.58834,0.5878,0.58829,562,14
1693958400,0.58812,0.58832,0.58739,0.58816,549,22
1693962000,0.58816,0.5887,0.58814,0.58828,644,14
1693965600,0.58828,0.5885,0.58811,0.58823,623,14
1693969200,0.58822,0.58832,0.5869,0.58704,2122,17
1693972800,0.58704,0.58723,0.58613,0.58614,3371,14
1693976400,0.58614,0.58872,0.58598,0.58864,1954,14
1693980000,0.58864,0.58865,0.58803,0.58833,1663,14
1693983600,0.58833,0.58883,0.58806,0.58879,1147,16
1693987200,0.58879,0.59026,0.58853,0.59026,2497,14
1693990800,0.59025,0.59031,0.58888,0.58902,2862,14
1693994400,0.589,0.58912,0.58798,0.58804,3512,16
1693998000,0.58804,0.58923,0.58747,0.58891,2041,15
1694001600,0.58891,0.58891,0.58818,0.58875,1724,14
1694005200,0.58874,0.58967,0.58874,0.58938,1406,16
1694008800,0.58938,0.58975,0.58865,0.58896,1631,15
1694012400,0.58896,0.58955,0.58838,0.58879,2130,14
1694016000,0.58879,0.58952,0.58812,0.58922,3743,14
1694019600,0.58818,0.58818,0.58587,0.58693,6462,14
1694023200,0.58693,0.58757,0.58666,0.58723,2478,14
1694026800,0.58723,0.58744,0.58655,0.58672,1291,15
1694030400,0.58672,0.58747,0.58659,0.58688,1234,14
1694034000,0.58688,0.58719,0.58632,0.58683,1319,15
1694037600,0.58683,0.58705,0.58655,0.58686,995,15
1694041200,0.58686,0.58721,0.58679,0.58721,672,16
1694044800,0.58714,0.5872,0.58651,0.58688,237,29
1694048400,0.58688,0.5873,0.58688,0.58715,527,17
1694052000,0.58715,0.58757,0.5869,0.58695,632,15
1694055600,0.58696,0.58697,0.58619,0.58656,1601,14
1694059200,0.58658,0.58724,0.58627,0.5869,2282,15
1694062800,0.5869,0.58704,0.58621,0.58651,1789,14
1694066400,0.58652,0.58728,0.58615,0.5871,1411,14
1694070000,0.5871,0.5873,0.58665,0.58694,920,15
1694073600,0.58694,0.58803,0.58684,0.58785,1420,15
1694077200,0.58788,0.58885,0.58784,0.5882,1890,14
1694080800,0.58821,0.58879,0.58783,0.5885,2605,14
1694084400,0.5885,0.58909,0.58804,0.58867,2353,14
1694088000,0.58867,0.58904,0.58815,0.58857,2167,14
1694091600,0.58857,0.58867,0.58804,0.58822,1904,15
1694095200,0.58819,0.58873,0.58797,0.58813,1653,14
1694098800,0.58813,0.58902,0.58697,0.58891,3403,14
1694102400,0.58887,0.58934,0.58718,0.58731,3562,14
1694106000,0.58734,0.58884,0.58691,0.58805,3307,14
1694109600,0.58807,0.58825,0.58745,0.58808,2337,14
1694113200,0.58808,0.58841,0.58786,0.58789,1383,16
1694116800,0.58789,0.58878,0.58772,0.58797,1304,15
1694120400,0.58796,0.58825,0.58761,0.58792,1199,15
1694124000,0.58789,0.5882,0.58766,0.58768,845,15
1694127600,0.58769,0.58805,0.58746,0.58746,640,14
1694131200,0.58746,0.58751,0.58698,0.58751,456,17
1694134800,0.58751,0.5877,0.58741,0.58752,517,17
1694138400,0.58749,0.58775,0.58729,0.58774,637,16
1694142000,0.58774,0.58999,0.58765,0.58897,2173,14
1694145600,0.58897,0.58949,0.58774,0.58903,2685,15
1694149200,0.58903,0.5902,0.58879,0.58941,1600,14
1694152800,0.58939,0.58955,0.58901,0.58943,890,16
1694156400,0.58943,0.58966,0.58908,0.58925,861,16
1694160000,0.58925,0.59059,0.58925,0.59046,1134,15
1694163600,0.59049,0.59134,0.59025,0.59025,1631,14
1694167200,0.59026,0.59058,0.58973,0.59005,2899,14
1694170800,0.59005,0.5905,0.58959,0.59042,2043,15
1694174400,0.59037,0.59105,0.58995,0.59089,1734,14
1694178000,0.59089,0.59113,0.59057,0.59095,1429,14
1694181600,0.59095,0.59114,0.59041,0.59051,1647,15
1694185200,0.59051,0.59156,0.59021,0.59049,2421,14
1694188800,0.59049,0.59113,0.58989,0.59112,3411,14
1694192400,0.59112,0.59168,0.59003,0.59003,2871,14
1694196000,0.59003,0.59008,0.58928,0.58953,2176,14
1694199600,0.58953,0.58969,0.58854,0.5888,1499,15
1694203200,0.58878,0.58922,0.58857,0.58912,970,16
1694206800,0.58913,0.58937,0.58817,0.58838,1033,14
1694210400,0.58838,0.58853,0.588,0.5882,818,14
1694214000,0.58821,0.58844,0.58816,0.58826,422,14
1694390400,0.58863,0.58934,0.58792,0.58902,284,50
1694394000,0.58902,0.58964,0.58877,0.58959,1954,14
1694397600,0.58958,0.59028,0.58919,0.58991,2422,14
1694401200,0.58991,0.59049,0.58955,0.59003,2044,15
1694404800,0.59002,0.59059,0.58967,0.59025,3365,16
1694408400,0.59026,0.59123,0.59018,0.59096,2226,16
1694412000,0.59096,0.59149,0.59076,0.59139,1664,15
1694415600,0.59139,0.59309,0.59123,0.59291,2622,14
1694419200,0.5929,0.59327,0.5926,0.59278,2908,14
1694422800,0.59278,0.59296,0.59226,0.59257,2559,15
1694426400,0.59255,0.593,0.59202,0.59206,2476,14
1694430000,0.59206,0.59238,0.59186,0.59223,1894,14
1694433600,0.59223,0.59248,0.59188,0.59202,1579,14
1694437200,0.59202,0.59209,0.59115,0.59143,1349,15
1694440800,0.59142,0.5918,0.59099,0.59162,1489,15
1694444400,0.59162,0.5927,0.59146,0.59213,2854,15
1694448000,0.59213,0.59343,0.59151,0.59211,3246,14
1694451600,0.5921,0.59294,0.59192,0.59209,3577,14
1694455200,0.59209,0.59218,0.59158,0.59177,1990,15
1694458800,0.59181,0.59263,0.59179,0.59203,1538,15
1694462400,0.59202,0.59208,0.59173,0.59187,1207,16
1694466000,0.59186,0.59199,0.59149,0.59156,1013,15
1694469600,0.59161,0.59195,0.59145,0.5919,889,15
1694473200,0.59189,0.59208,0.59179,0.59183,431,14
1694476800,0.59183,0.59216,0.59048,0.59184,418,14
1694480400,0.59184,0.59211,0.59175,0.59182,437,14
1694484000,0.5918,0.59188,0.59142,0.59143,529,16
1694487600,0.59143,0.59145,0.59074,0.59079,1667,15
1694491200,0.59079,0.59189,0.59052,0.59123,2651,14
1694494800,0.59124,0.59197,0.59098,0.59191,2090,14
1694498400,0.59191,0.59209,0.59157,0.59173,1411,15
1694502000,0.59172,0.59174,0.59089,0.59093,903,15
1694505600,0.59089,0.59111,0.59019,0.59035,1496,14
1694509200,0.59037,0.59147,0.59011,0.59137,1776,14
1694512800,0.59137,0.59155,0.59035,0.59085,3137,14
1694516400,0.59084,0.59179,0.59041,0.59042,2078,14
1694520000,0.59042,0.59077,0.58995,0.59053,1916,14
1694523600,0.59053,0.59077,0.58934,0.58975,1343,15
1694527200,0.58975,0.5906,0.58957,0.59045,1476,15
1694530800,0.59045,0.5906,0.58917,0.58959,2516,14
1694534400,0.58957,0.59018,0.58881,0.58976,4013,14
1694538000,0.58976,0.59024,0.58938,0.58974,3309,14
1694541600,0.58975,0.59042,0.58972,0.5902,1386,15
1694545200,0.59021,0.59063,0.58969,0.58986,925,14
1694548800,0.58986,0.59044,0.58982,0.58987,1215,14
1694552400,0.58987,0.59051,0.58969,0.59048,1357,14
1694556000,0.59047,0.59068,0.59016,0.59016,838,15
1694559600,0.59012,0.59052,0.58992,0.59022,748,14
1694563200,0.59022,0.59052,0.58895,0.59007,370,17
1694566800,0.59001,0.59073,0.58999,0.59064,469,15
1694570400,0.59066,0.5912,0.5905,0.59079,528,16
1694574000,0.59079,0.5913,0.59048,0.59078,1457,15
1694577600,0.5908,0.59125,0.58996,0.59019,2167,14
1694581200,0.59019,0.59063,0.58859,0.58903,1907,14
1694584800,0.58903,0.58987,0.58891,0.58932,1450,16
1694588400,0.58933,0.58979,0.5891,0.58967,1105,14
1694592000,0.58967,0.59009,0.58933,0.58975,1457,15
1694595600,0.58975,0.59009,0.589,0.58971,2549,16
1694599200,0.5897,0.5902,0.58921,0.59012,2992,15
1694602800,0.5901,0.59079,0.5899,0.59071,2182,15
1694606400,0.59071,0.59074,0.58983,0.59009,1797,14
1694610000,0.5901,0.59034,0.5897,0.59034,1581,16
1694613600,0.5903,0.59084,0.58992,0.59038,1432,15
1694617200,0.59039,0.59198,0.58791,0.59085,6182,14
1694620800,0.59086,0.59259,0.59019,0.59161,5738,14
1694624400,0.59163,0.59183,0.59052,0.59139,4399,14
1694628000,0.59139,0.5922,0.59113,0.59146,2276,14
1694631600,0.59145,0.5924,0.59142,0.59193,1754,14
1694635200,0.59193,0.59243,0.59167,0.59193,1481,16
1694638800,0.59193,0.59205,0.59074,0.5908,974,15
1694642400,0.59077,0.59119,0.59035,0.59115,1240,14
1694646000,0.59114,0.59179,0.59109,0.59174,523,16
1694649600,0.59121,0.59177,0.59021,0.59163,353,25
1694653200,0.59165,0.59203,0.59156,0.59197,496,16
1694656800,0.59198,0.59236,0.59184,0.59187,579,16
1694660400,0.59187,0.59363,0.59165,0.59347,1488,15
1694664000,0.59349,0.59439,0.59304,0.59313,2427,14
1694667600,0.59313,0.59318,0.59177,0.59254,1882,14
1694671200,0.59254,0.59314,0.59238,0.59298,1078,16
1694674800,0.59297,0.59317,0.59258,0.59282,1164,15
1694678400,0.59282,0.59381,0.59282,0.59329,1534,14
1694682000,0.59327,0.5936,0.59294,0.59349,1683,14
1694685600,0.59349,0.59355,0.59176,0.5919,2528,14
1694689200,0.5919,0.59235,0.59169,0.59225,1616,15
1694692800,0.59225,0.59245,0.59124,0.59181,1593,14
1694696400,0.5918,0.5929,0.5917,0.59258,1938,14
1694700000,0.59256,0.59299,0.59245,0.59274,1765,14
1694703600,0.59275,0.59333,0.59004,0.59176,6781,14
1694707200,0.59173,0.5934,0.59112,0.59154,6756,14
1694710800,0.59157,0.59241,0.59024,0.59157,4107,14
1694714400,0.59157,0.59227,0.591,0.59147,2388,14
1694718000,0.59147,0.59234,0.59143,0.59217,2037,14
1694721600,0.59217,0.59228,0.59061,0.59096,1658,15
1694725200,0.59093,0.59118,0.59071,0.59098,1315,15
1694728800,0.59095,0.5911,0.59057,0.59066,1270,15
1694732400,0.59065,0.59112,0.59065,0.59107,654,14
1694736000,0.59107,0.59111,0.59065,0.59098,495,16
1694739600,0.591,0.5912,0.59092,0.59093,518,14
1694743200,0.59092,0.59094,0.5902,0.5902,564,17
1694746800,0.59019,0.59171,0.5901,0.59113,1636,14
1694750400,0.59113,0.59167,0.59074,0.59157,2000,16
1694754000,0.59167,0.59268,0.59167,0.59254,2527,14
1694757600,0.59254,0.59296,0.59224,0.59286,1437,14
1694761200,0.59288,0.59353,0.59251,0.59342,920,16
1694764800,0.59342,0.5935,0.59283,0.59325,1701,14
1694768400,0.59325,0.59365,0.59298,0.59333,2156,15
1694772000,0.59334,0.59337,0.59187,0.59213,2767,14
1694775600,0.59211,0.59222,0.59121,0.59129,2136,14
1694779200,0.59128,0.59192,0.59092,0.59157,1947,14
1694782800,0.59157,0.59166,0.59121,0.59129,1350,14
1694786400,0.59129,0.59175,0.59097,0.59149,1461,14
1694790000,0.59149,0.59182,0.58998,0.59003,2701,15
1694793600,0.59003,0.59101,0.5895,0.5898,4008,14
1694797200,0.59053,0.5917,0.58976,0.59003,4630,14
1694800800,0.59002,0.59082,0.5896,0.59053,2779,14
1694804400,0.59054,0.5909,0.5902,0.59033,1425,15
1694808000,0.59033,0.59051,0.58987,0.5904,1221,15
1694811600,0.59039,0.59044,0.58964,0.58967,1121,15
1694815200,0.58967,0.58981,0.5894,0.58943,866,15
1694818800,0.58943,0.58986,0.58923,0.58969,604,16
1694995200,0.58924,0.59016,0.58924,0.59012,140,24
1694998800,0.59012,0.59013,0.58972,0.58975,584,14
1695002400,0.58974,0.59056,0.5896,0.59039,540,15
1695006000,0.59039,0.59137,0.59017,0.59135,1134,15
1695009600,0.59136,0.59184,0.59006,0.59068,2397,14
1695013200,0.59069,0.59164,0.59067,0.59094,1517,17
1695016800,0.59093,0.59122,0.59071,0.59077,1031,15
1695020400,0.59077,0.59153,0.59068,0.59134,507,17
1695024000,0.59134,0.59181,0.59109,0.59155,980,16
1695027600,0.59157,0.5919,0.59096,0.59119,1927,15
1695031200,0.59119,0.59144,0.59041,0.59045,1817,14
1695034800,0.59045,0.59081,0.58978,0.59072,1739,14
1695038400,0.5907,0.59109,0.59056,0.59078,1380,14
1695042000,0.59078,0.59099,0.59052,0.59072,1029,14
1695045600,0.59072,0.59089,0.59022,0.59035,1199,16
1695049200,0.59034,0.59071,0.58979,0.58993,1875,15
1695052800,0.58992,0.59076,0.58976,0.58993,3060,14
1695056400,0.58993,0.59124,0.58937,0.59059,2933,14
1695060000,0.59059,0.59204,0.5905,0.59168,1851,14
1695063600,0.5917,0.59197,0.5912,0.59149,1208,14
1695067200,0.5915,0.59182,0.59124,0.59129,1011,14
1695070800,0.59129,0.59142,0.59099,0.59102,700,15
1695074400,0.59103,0.59152,0.59095,0.59149,758,15
1695078000,0.59149,0.59174,0.59141,0.59165,483,14
1695081600,0.59021,0.59145,0.59007,0.59143,276,30
1695085200,0.59139,0.59205,0.59139,0.59194,547,16
1695088800,0.59194,0.59224,0.59192,0.592,386,14
1695092400,0.59241,0.59245,0.59161,0.59164,1147,15
1695096000,0.59165,0.5918,0.59107,0.59144,1831,14
1695099600,0.59144,0.59165,0.59122,0.59164,1126,15
1695103200,0.59164,0.5918,0.59156,0.59165,921,15
1695106800,0.59165,0.5922,0.59161,0.59208,686,15
1695110400,0.59208,0.59223,0.59133,0.59153,1198,15
1695114000,0.59149,0.59192,0.5912,0.59157,1522,14
1695117600,0.59157,0.59361,0.5915,0.59345,2486,14
1695121200,0.59345,0.59405,0.59314,0.59331,2208,15
1695124800,0.5933,0.59377,0.59288,0.59365,1646,14
1695128400,0.59369,0.59424,0.59342,0.59389,1411,14
1695132000,0.59389,0.59434,0.5938,0.59416,1428,15
1695135600,0.59418,0.59467,0.59363,0.59413,2727,14
1695139200,0.59415,0.59434,0.59277,0.59379,3522,14
1695142800,0.59379,0.59394,0.5932,0.59354,3393,14
1695146400,0.59353,0.59353,0.59256,0.59278,1643,14
1695150000,0.59278,0.59287,0.59237,0.59266,1141,15
1695153600,0.59264,0.59328,0.59261,0.59298,1501,14
1695157200,0.59298,0.59317,0.59264,0.59307,1488,14
1695160800,0.59307,0.59341,0.59289,0.59321,1429,14
1695164400,0.59321,0.59358,0.59309,0.5935,540,15
1695168000,0.5935,0.59358,0.59284,0.59354,353,21
1695171600,0.59352,0.59438,0.59348,0.59418,484,17
1695175200,0.5942,0.59528,0.5941,0.59487,702,14
1695178800,0.59488,0.59526,0.59373,0.59402,1925,14
1695182400,0.59403,0.59448,0.59373,0.59417,1931,15
1695186000,0.59417,0.5946,0.59381,0.5939,1061,15
1695189600,0.5939,0.5942,0.59317,0.59336,1237,15
1695193200,0.59335,0.59371,0.59324,0.59361,533,17
1695196800,0.59361,0.59405,0.59351,0.59377,1235,15
1695200400,0.59377,0.59428,0.59337,0.59359,2502,14
1695204000,0.59359,0.59409,0.59327,0.59375,2695,14
1695207600,0.59375,0.59435,0.59353,0.59425,1999,14
1695211200,0.59425,0.59471,0.59396,0.59469,1448,14
1695214800,0.59469,0.59645,0.59469,0.59616,1676,14
1695218400,0.59616,0.59666,0.59609,0.59642,1458,14
1695222000,0.59642,0.59674,0.59598,0.5961,1944,14
1695225600,0.5961,0.59745,0.596,0.59719,2872,14
1695229200,0.59719,0.59774,0.59666,0.59716,3062,14
1695232800,0.59716,0.59786,0.59698,0.59738,2094,14
1695236400,0.59737,0.59846,0.59731,0.59829,1433,14
1695240000,0.5983,0.5983,0.59717,0.59783,1461,14
1695243600,0.59783,0.59783,0.59388,0.59426,8781,14
1695247200,0.59425,0.59449,0.59243,0.59252,3594,14
1695250800,0.59251,0.59308,0.59198,0.5928,1137,14
1695254400,0.59243,0.59325,0.59207,0.59312,441,14
1695258000,0.59328,0.59506,0.5927,0.59386,1701,14
1695261600,0.59382,0.59382,0.59225,0.59231,1458,14
1695265200,0.59231,0.59273,0.59077,0.59107,2164,14
1695268800,0.59107,0.59197,0.59096,0.59162,2153,14
1695272400,0.59162,0.59187,0.59023,0.59039,1648,14
1695276000,0.59039,0.59098,0.59036,0.59098,930,15
1695279600,0.59098,0.59101,0.59019,0.59037,671,15
1695283200,0.59039,0.59077,0.59007,0.59017,1076,14
1695286800,0.59016,0.59119,0.59009,0.59102,1964,14
1695290400,0.59103,0.59191,0.59095,0.59172,2690,14
1695294000,0.59172,0.59196,0.59092,0.59121,2209,14
1695297600,0.59119,0.59244,0.591,0.59205,1776,14
1695301200,0.59205,0.59224,0.59167,0.5919,1513,14
1695304800,0.59184,0.59201,0.59061,0.59068,2910,14
1695308400,0.59065,0.5909,0.58949,0.59087,3859,14
1695312000,0.59087,0.59223,0.59047,0.59056,4118,14
1695315600,0.59056,0.59324,0.59045,0.59294,3979,14
1695319200,0.59291,0.5936,0.59261,0.59314,2748,14
1695322800,0.59314,0.59333,0.59263,0.59296,1653,15
1695326400,0.59295,0.5941,0.59293,0.59369,1647,14
1695330000,0.59369,0.59385,0.59327,0.59334,1302,15
1695333600,0.59333,0.59344,0.59285,0.59287,993,14
1695337200,0.59287,0.59305,0.59266,0.59303,661,14
1695340800,0.59302,0.59305,0.59265,0.59286,386,17
1695344400,0.59286,0.59377,0.59277,0.59326,672,16
1695348000,0.59328,0.59359,0.59299,0.59299,704,14
1695351600,0.59299,0.59329,0.59201,0.59254,1650,14
1695355200,0.59253,0.59301,0.59183,0.59248,2026,14
1695358800,0.59253,0.59368,0.59246,0.59278,1779,15
1695362400,0.59279,0.59363,0.59273,0.59327,1257,16
1695366000,0.59327,0.59374,0.59301,0.59357,1038,14
1695369600,0.59361,0.59396,0.59339,0.59367,1328,15
1695373200,0.59367,0.59412,0.5932,0.59369,2580,14
1695376800,0.59368,0.59547,0.59336,0.59519,3861,14
1695380400,0.59522,0.59568,0.59471,0.59539,2523,14
1695384000,0.59539,0.59615,0.59524,0.59551,2191,14
1695387600,0.59551,0.59683,0.5954,0.59622,1244,14
1695391200,0.59622,0.59748,0.59617,0.59703,1529,14
1695394800,0.59703,0.59807,0.59654,0.59793,2473,14
1695398400,0.59795,0.59861,0.59727,0.59821,3800,14
1695402000,0.59824,0.59879,0.59761,0.59792,3341,14
1695405600,0.5979,0.59797,0.59694,0.59721,2184,14
1695409200,0.59721,0.59762,0.59691,0.59709,1386,14
1695412800,0.59707,0.59734,0.59625,0.59648,1418,14
1695416400,0.59647,0.59656,0.59584,0.59621,1670,15
1695420000,0.59621,0.59677,0.59591,0.59595,1298,14
1695423600,0.59595,0.59603,0.59577,0.59592,471,16
1695600000,0.59541,0.596,0.59528,0.59574,275,41
1695603600,0.59566,0.59617,0.59551,0.59566,1352,15
1695607200,0.59565,0.59604,0.59541,0.59554,1176,15
1695610800,0.59554,0.59614,0.59535,0.59597,1383,16
1695614400,0.59597,0.59631,0.59498,0.59521,1137,16
1695618000,0.59519,0.59519,0.59466,0.59511,1138,15
1695621600,0.59511,0.5952,0.59456,0.59463,1194,15
1695625200,0.59463,0.59514,0.59443,0.59494,656,16
1695628800,0.5949,0.59493,0.59433,0.59437,819,15
1695632400,0.59437,0.5952,0.59422,0.59504,2240,14
1695636000,0.59502,0.59542,0.59473,0.59496,1881,14
1695639600,0.59495,0.59536,0.59447,0.59478,2396,15
1695643200,0.59478,0.59578,0.59457,0.59576,1630,14
1695646800,0.59576,0.59719,0.59576,0.59711,1378,14
1695650400,0.59714,0.59732,0.59593,0.59622,2011,14
1695654000,0.59622,0.59674,0.59614,0.5965,2366,15
1695657600,0.59649,0.59698,0.59564,0.59685,3033,14
1695661200,0.59685,0.59715,0.59517,0.59518,3761,14
1695664800,0.59518,0.59638,0.59512,0.59623,2525,15
1695668400,0.59623,0.59658,0.59599,0.59628,1410,16
1695672000,0.59629,0.5968,0.59609,0.59662,1148,15
1695675600,0.59662,0.59702,0.59618,0.59633,960,14
1695679200,0.59633,0.59648,0.59574,0.59646,1307,14
1695682800,0.59645,0.59679,0.59638,0.59661,440,15
1695686400,0.59539,0.59661,0.59539,0.59637,341,20
1695690000,0.59637,0.59673,0.59636,0.59638,367,19
1695693600,0.59638,0.59668,0.59638,0.59656,366,16
1695697200,0.59656,0.59689,0.59611,0.59641,1519,15
1695700800,0.59642,0.59718,0.59636,0.59693,2151,15
1695704400,0.59693,0.59727,0.59641,0.59643,1588,15
1695708000,0.59642,0.59659,0.59609,0.59626,1365,14
1695711600,0.59626,0.59639,0.59607,0.59627,796,15
1695715200,0.59627,0.59645,0.59547,0.59571,1524,14
1695718800,0.59571,0.59598,0.59446,0.59463,2479,14
1695722400,0.59463,0.59522,0.59352,0.5951,3149,14
1695726000,0.59514,0.59647,0.59508,0.59585,2452,15
1695729600,0.59586,0.59646,0.59548,0.59623,1958,15
1695733200,0.59622,0.59646,0.5956,0.59592,1697,14
1695736800,0.59592,0.59664,0.59534,0.59597,1503,14
1695740400,0.59598,0.59682,0.59567,0.59676,2970,15
1695744000,0.59676,0.59687,0.59571,0.5962,3212,14
1695747600,0.59628,0.59686,0.59576,0.5961,4169,14
1695751200,0.5961,0.59617,0.59482,0.59508,2642,14
1695754800,0.5951,0.59547,0.59467,0.59534,1749,14
1695758400,0.59534,0.59574,0.59486,0.59522,1648,15
1695762000,0.59524,0.59526,0.59432,0.59442,1386,15
1695765600,0.59442,0.5947,0.5941,0.59427,1285,15
1695769200,0.59427,0.5946,0.59427,0.59431,463,15
1695772800,0.59454,0.59454,0.59423,0.59434,230,21
1695776400,0.59434,0.59472,0.5943,0.59455,442,14
1695780000,0.59457,0.59469,0.59439,0.59465,601,16
1695783600,0.59465,0.59532,0.5942,0.59435,1474,14
1695787200,0.59434,0.59559,0.59416,0.59527,2635,15
1695790800,0.59528,0.59528,0.59299,0.59358,1952,14
1695794400,0.59357,0.59359,0.59254,0.59274,1545,16
1695798000,0.59274,0.59319,0.59219,0.5928,1250,14
1695801600,0.5928,0.59311,0.5922,0.5929,1972,15
1695805200,0.59291,0.59367,0.59257,0.59352,2085,15
1695808800,0.59352,0.59402,0.59315,0.59329,1939,16
1695812400,0.59329,0.59435,0.59308,0.59409,1830,14
1695816000,0.59409,0.59418,0.59302,0.59337,1993,14
1695819600,0.59337,0.59354,0.59267,0.59267,1367,15
1695823200,0.59267,0.59317,0.59197,0.59238,2193,15
1695826800,0.59237,0.59316,0.59199,0.59299,3765,14
1695830400,0.59299,0.59339,0.5924,0.59282,3515,14
1695834000,0.59286,0.59383,0.59213,0.5936,3666,14
1695837600,0.59357,0.59409,0.59238,0.59242,3009,14
1695841200,0.59242,0.59244,0.59165,0.59172,2188,14
1695844800,0.5917,0.59218,0.58989,0.59085,3147,15
1695848400,0.59085,0.59229,0.59027,0.59191,2319,14
1695852000,0.59191,0.59298,0.59148,0.59203,2507,15
1695855600,0.59203,0.59231,0.59187,0.5922,841,14
1695859200,0.5922,0.59239,0.59157,0.59209,437,15
1695862800,0.59212,0.59232,0.59154,0.59155,632,14
1695866400,0.59155,0.59184,0.59134,0.59145,1095,14
1695870000,0.59147,0.59292,0.59137,0.59285,1778,15
1695873600,0.59287,0.594,0.59266,0.59394,2215,15
1695877200,0.59396,0.594,0.59317,0.59322,1885,15
1695880800,0.59322,0.5945,0.59315,0.59419,893,16
1695884400,0.59419,0.59424,0.59331,0.59392,1376,15
1695888000,0.59392,0.5946,0.59391,0.59453,1706,14
1695891600,0.59457,0.59457,0.59351,0.59376,2181,16
1695895200,0.59379,0.59464,0.59363,0.5937,3124,14
1695898800,0.59371,0.59468,0.59332,0.59434,1813,14
1695902400,0.59434,0.5954,0.59379,0.59507,1707,14
1695906000,0.59506,0.59616,0.59472,0.596,1502,14
1695909600,0.596,0.59635,0.59499,0.59521,1373,14
1695913200,0.59523,0.59593,0.59344,0.59373,4739,14
1695916800,0.59371,0.59545,0.5936,0.59486,5669,14
1695920400,0.5948,0.5962,0.5948,0.59568,5249,14
1695924000,0.59568,0.59693,0.59507,0.59685,3520,14
1695927600,0.59687,0.59726,0.59624,0.59636,2760,14
1695931200,0.59637,0.59686,0.59588,0.59599,2649,15
1695934800,0.59602,0.59652,0.59573,0.59643,1614,14
1695938400,0.59643,0.59654,0.59557,0.59602,1371,14
1695942000,0.59602,0.59617,0.59574,0.59602,667,14
1695945600,0.59609,0.59623,0.59561,0.59609,245,19
1695949200,0.59608,0.59658,0.59599,0.59627,721,16
1695952800,0.59629,0.59655,0.5962,0.59629,648,14
1695956400,0.59628,0.59694,0.59617,0.59652,1386,14
1695960000,0.59652,0.59922,0.5964,0.59882,2036,14
1695963600,0.59882,0.60006,0.59877,0.59993,2010,14
1695967200,0.59995,0.6001,0.59928,0.59991,1266,14
1695970800,0.59991,0.60056,0.5997,0.60026,1061,15
1695974400,0.60025,0.60069,0.59991,0.59991,1244,14
1695978000,0.59993,0.60314,0.59988,0.60263,2314,14
1695981600,0.60264,0.60346,0.60239,0.60274,2685,14
1695985200,0.60274,0.60329,0.60237,0.60281,2057,14
1695988800,0.60281,0.60431,0.60243,0.60425,2109,14
1695992400,0.60424,0.6048,0.60402,0.60409,1842,14
1695996000,0.60409,0.60415,0.60231,0.6026,2007,14
1695999600,0.6026,0.60433,0.60212,0.60342,3932,14
1696003200,0.60343,0.60366,0.60165,0.60202,4317,14
1696006800,0.60202,0.60222,0.60014,0.60087,5412,14
1696010400,0.60088,0.60142,0.60033,0.60081,3898,14
1696014000,0.60081,0.60115,0.60016,0.60034,2587,15
1696017600,0.6003,0.6003,0.59899,0.59909,2502,14
1696021200,0.59909,0.60006,0.59871,0.60004,1983,14
1696024800,0.60004,0.60011,0.59905,0.59915,2284,14
1696028400,0.59914,0.59976,0.59902,0.59962,671,14
1696204800,0.59827,0.59944,0.59824,0.59938,226,34
1696208400,0.59938,0.59987,0.59863,0.59912,1247,14
1696212000,0.59912,0.59953,0.59896,0.59949,764,16
1696215600,0.59948,0.5999,0.59898,0.59902,1820,16
1696219200,0.59903,0.59957,0.59886,0.59943,1191,15
1696222800,0.59943,0.59957,0.59867,0.59882,912,14
1696226400,0.59882,0.59942,0.59874,0.59898,1046,14
1696230000,0.59898,0.59909,0.59869,0.59872,1069,15
1696233600,0.59872,0.59888,0.59767,0.59774,836,15
1696237200,0.59776,0.60012,0.59774,0.60007,2093,14
1696240800,0.60004,0.6007,0.5989,0.59913,2218,14
1696244400,0.59913,0.59942,0.59788,0.59802,2301,14
1696248000,0.598,0.59817,0.59679,0.59706,2392,14
1696251600,0.59703,0.59748,0.59691,0.59724,1966,15
1696255200,0.59727,0.59742,0.59672,0.59675,2390,14
1696258800,0.59675,0.59739,0.5965,0.59655,2981,15
1696262400,0.59653,0.597,0.59534,0.59561,3546,14
1696266000,0.59561,0.59661,0.59495,0.59531,5843,14
1696269600,0.59535,0.59647,0.59507,0.59553,4331,14
1696273200,0.59554,0.59564,0.59444,0.5945,2568,14
1696276800,0.5945,0.59524,0.59443,0.59507,1834,14
1696280400,0.59507,0.59562,0.59446,0.59447,1477,14
1696284000,0.59447,0.59489,0.59424,0.59465,1873,15
1696287600,0.59464,0.59472,0.59433,0.59452,656,14
1696291200,0.59431,0.59504,0.59431,0.59465,399,16
1696294800,0.59464,0.59535,0.59458,0.59462,1041,15
1696298400,0.59461,0.59466,0.59363,0.59397,945,14
1696302000,0.59397,0.59397,0.59332,0.59373,1671,14
1696305600,0.59373,0.5938,0.59213,0.59234,2060,14
1696309200,0.59236,0.59239,0.59147,0.59185,1682,14
1696312800,0.59187,0.59256,0.59163,0.5923,1576,16
1696316400,0.5923,0.59247,0.59063,0.59089,1751,14
1696320000,0.59083,0.59098,0.59027,0.59033,1632,14
1696323600,0.59036,0.59197,0.59034,0.59162,2114,14
1696327200,0.59162,0.59187,0.59033,0.59065,2745,14
1696330800,0.59065,0.59179,0.59063,0.59113,2115,14
1696334400,0.59113,0.59117,0.58962,0.59001,1514,14
1696338000,0.59,0.59029,0.58923,0.58944,1576,14
1696341600,0.58944,0.58989,0.58872,0.5897,2142,14
1696345200,0.5897,0.59033,0.58949,0.58967,2945,14
1696348800,0.58969,0.59165,0.58964,0.59124,4104,14
1696352400,0.59125,0.59125,0.58881,0.59036,8590,14
1696356000,0.59032,0.59038,0.58868,0.58911,4388,14
1696359600,0.58911,0.59071,0.5891,0.58995,3134,14
1696363200,0.58993,0.59064,0.58986,0.59008,2275,14
1696366800,0.59009,0.59098,0.58895,0.59071,2048,14
1696370400,0.59071,0.59093,0.59041,0.59067,1496,14
1696374000,0.59066,0.59097,0.59049,0.59079,662,14
1696377600,0.58908,0.59098,0.58908,0.59089,280,24
1696381200,0.59093,0.591,0.59014,0.59018,671,15
1696384800,0.59019,0.5913,0.59008,0.59119,890,14
1696388400,0.59119,0.592,0.59096,0.59198,1972,14
1696392000,0.59202,0.5921,0.58701,0.58813,3280,14
1696395600,0.58811,0.58881,0.58763,0.58855,1540,14
1696399200,0.58854,0.58884,0.58789,0.58822,893,15
1696402800,0.58821,0.59048,0.58821,0.59011,1283,14
1696406400,0.59011,0.59045,0.58906,0.58921,1631,14
1696410000,0.58928,0.58934,0.58801,0.58836,1931,14
1696413600,0.58836,0.58992,0.58799,0.5895,3271,14
1696417200,0.5895,0.59024,0.5892,0.59,2540,15
1696420800,0.59,0.59045,0.58933,0.58994,2095,14
1696424400,0.58994,0.59028,0.58919,0.58968,1705,14
1696428000,0.58969,0.59116,0.58964,0.58987,2578,16
1696431600,0.58986,0.59203,0.58979,0.59165,5432,14
1696435200,0.59166,0.59222,0.59038,0.59056,3991,14
1696438800,0.59056,0.59122,0.58872,0.58881,6201,14
1696442400,0.5888,0.59212,0.58854,0.59203,4011,14
1696446000,0.59204,0.59242,0.59151,0.59162,2382,14
1696449600,0.59158,0.59163,0.59049,0.5907,2327,14
1696453200,0.5907,0.59111,0.5904,0.59067,2090,15
1696456800,0.59069,0.59203,0.59051,0.59156,2319,14
1696460400,0.59156,0.59156,0.59108,0.5912,708,14
1696464000,0.5912,0.59139,0.59073,0.59099,295,20
1696467600,0.59093,0.59185,0.59093,0.59138,691,17
1696471200,0.5914,0.592,0.59137,0.59173,671,14
1696474800,0.59173,0.59321,0.59102,0.59315,2385,14
1696478400,0.59315,0.59453,0.59278,0.59447,3411,14
1696482000,0.59448,0.59466,0.59392,0.5943,1321,14
1696485600,0.59429,0.59497,0.59406,0.59465,1422,14
1696489200,0.59465,0.59498,0.59455,0.59483,1080,14
1696492800,0.59483,0.59487,0.59418,0.5943,1592,14
1696496400,0.59432,0.59447,0.59309,0.59318,2274,15
1696500000,0.59316,0.59328,0.59241,0.59297,3069,14
1696503600,0.59296,0.59349,0.59197,0.59225,2472,14
1696507200,0.59225,0.59333,0.59207,0.59306,2608,15
1696510800,0.59306,0.59435,0.59287,0.59431,2115,15
1696514400,0.59431,0.59443,0.59362,0.5942,1773,15
1696518000,0.5942,0.59435,0.59229,0.59389,4234,14
1696521600,0.59391,0.59547,0.59345,0.59489,4445,14
1696525200,0.59489,0.59516,0.59349,0.59438,5026,14
1696528800,0.59438,0.59499,0.59385,0.59437,4195,14
1696532400,0.59439,0.59597,0.59424,0.59571,3182,14
1696536000,0.5957,0.59619,0.59527,0.59608,3410,14
1696539600,0.59608,0.59663,0.59608,0.59648,2114,14
1696543200,0.59646,0.59669,0.59608,0.59644,1056,15
1696546800,0.59645,0.5966,0.59624,0.59641,449,14
1696550400,0.59641,0.59648,0.59607,0.59624,204,20
1696554000,0.59624,0.59694,0.59624,0.59643,495,14
1696557600,0.59643,0.59702,0.5964,0.59657,636,14
1696561200,0.59657,0.59694,0.59611,0.59645,1612,14
1696564800,0.59644,0.59692,0.59603,0.59623,1841,15
1696568400,0.59623,0.59692,0.59599,0.59667,1313,15
1696572000,0.59667,0.59677,0.59607,0.59614,1058,16
1696575600,0.59614,0.59619,0.5956,0.59569,857,16
1696579200,0.59569,0.59581,0.59524,0.59534,993,15
1696582800,0.59534,0.59574,0.59493,0.59526,1781,15
1696586400,0.59525,0.59662,0.59518,0.59644,2949,14
1696590000,0.59642,0.59669,0.59571,0.59619,2238,14
1696593600,0.59619,0.59648,0.59596,0.59604,1650,15
1696597200,0.59604,0.59698,0.59597,0.59623,1653,14
1696600800,0.59623,0.59668,0.59561,0.59634,1769,15
1696604400,0.59632,0.59668,0.59227,0.59328,6652,14
1696608000,0.5933,0.59509,0.59293,0.59395,6947,14
1696611600,0.59396,0.59667,0.59382,0.5954,6029,14
1696615200,0.5954,0.59993,0.59524,0.59927,5293,14
1696618800,0.59927,0.59944,0.59815,0.59819,3303,14
1696622400,0.59819,0.59926,0.59809,0.599,2598,15
1696626000,0.599,0.60029,0.59896,0.59991,1695,14
1696629600,0.59991,0.60006,0.59927,0.59938,1676,14
1696633200,0.59939,0.59944,0.59832,0.59858,569,14
1696809600,0.59565,0.59707,0.59565,0.59652,150,17
1696813200,0.5966,0.59756,0.59609,0.59648,2782,14
1696816800,0.59648,0.5972,0.59624,0.59709,1845,15
1696820400,0.5971,0.59847,0.59698,0.59846,2035,15
1696824000,0.59844,0.59854,0.59716,0.59806,2082,15
1696827600,0.59806,0.5988,0.59779,0.5979,1045,15
1696831200,0.59791,0.59793,0.5968,0.59692,1151,15
1696834800,0.59692,0.59714,0.59635,0.59647,781,14
1696838400,0.59647,0.5972,0.59634,0.59701,1145,14
1696842000,0.59702,0.5975,0.5961,0.59616,2473,14
1696845600,0.59617,0.59795,0.59596,0.59716,3359,14
1696849200,0.59717,0.59767,0.59687,0.59726,2007,14
1696852800,0.59727,0.5979,0.5972,0.5974,1837,15
1696856400,0.5974,0.59796,0.59734,0.59749,1796,14
1696860000,0.59753,0.59818,0.59749,0.59773,1814,15
1696863600,0.59772,0.59847,0.59735,0.59835,2752,14
1696867200,0.59835,0.60026,0.59832,0.59993,4164,14
1696870800,0.59993,0.60078,0.59943,0.59992,3702,14
1696874400,0.59991,0.60057,0.59956,0.60006,2168,14
1696878000,0.60006,0.60019,0.59958,0.59997,1920,14
1696881600,0.59999,0.60181,0.59985,0.60163,2185,14
1696885200,0.60163,0.60252,0.60163,0.60238,1494,14
1696888800,0.60238,0.60269,0.60215,0.60241,1341,14
1696892400,0.60246,0.60263,0.60201,0.6021,605,14
1696896000,0.6021,0.60217,0.60035,0.60184,250,17
1696899600,0.60184,0.60239,0.60184,0.6019,778,18
1696903200,0.6019,0.60323,0.60185,0.60301,869,15
1696906800,0.60299,0.60374,0.60265,0.60281,2146,14
1696910400,0.60282,0.60408,0.60274,0.60333,2359,14
1696914000,0.60333,0.60366,0.602,0.60201,1444,14
1696917600,0.60201,0.60228,0.60187,0.60206,1408,15
1696921200,0.60206,0.60207,0.60144,0.60153,1081,15
1696924800,0.60153,0.60203,0.60138,0.60163,1741,14
1696928400,0.60162,0.60204,0.60073,0.60099,3211,14
1696932000,0.60099,0.60124,0.60001,0.60023,3169,14
1696935600,0.60025,0.6024,0.59982,0.60203,4097,14
1696939200,0.60199,0.60227,0.601,0.60196,2634,14
1696942800,0.60196,0.60212,0.60116,0.60119,2174,14
1696946400,0.60118,0.60118,0.59979,0.60036,2360,14
1696950000,0.60036,0.60142,0.60018,0.60107,3503,14
1696953600,0.60106,0.60154,0.60041,0.60143,4088,14
1696957200,0.60143,0.6028,0.60143,0.6025,3986,14
1696960800,0.60251,0.60416,0.60237,0.60405,2818,14
1696964400,0.60404,0.60429,0.60348,0.60402,2170,14
1696968000,0.60401,0.60409,0.60269,0.603,2885,14
1696971600,0.603,0.60389,0.60291,0.6037,1645,14
1696975200,0.60373,0.60443,0.60348,0.60432,1339,14
1696978800,0.60435,0.60478,0.60428,0.60452,549,15
1696982400,0.60452,0.60453,0.6035,0.60452,271,14
1696986000,0.60451,0.60468,0.60394,0.604,479,16
1696989600,0.60401,0.60436,0.60392,0.60403,623,14
1696993200,0.60402,0.60547,0.60402,0.60473,1397,14
1696996800,0.60473,0.60489,0.60359,0.60425,1835,14
1697000400,0.60425,0.60432,0.60358,0.60364,1463,15
1697004000,0.60362,0.60364,0.60255,0.6027,1213,14
1697007600,0.6027,0.60297,0.60209,0.60244,1016,15
1697011200,0.60244,0.60283,0.60189,0.60214,1162,14
1697014800,0.60215,0.60291,0.60185,0.60236,2053,14
1697018400,0.60236,0.60363,0.60216,0.60225,3728,14
1697022000,0.60225,0.60261,0.60168,0.60218,3019,14
1697025600,0.60218,0.60261,0.6017,0.60224,2549,14
1697029200,0.60223,0.60258,0.60197,0.60223,2045,14
1697032800,0.60221,0.60264,0.6017,0.60175,2384,14
1697036400,0.60174,0.60258,0.60062,0.60251,4962,14
1697040000,0.60252,0.60303,0.60189,0.60278,4856,14
1697043600,0.60277,0.60321,0.60236,0.60277,4187,14
1697047200,0.60276,0.60294,0.60148,0.60204,3061,14
1697050800,0.60204,0.60211,0.60129,0.60187,2092,14
1697054400,0.60188,0.60202,0.60063,0.6008,1979,14
1697058000,0.60075,0.60197,0.60071,0.60146,2566,14
1697061600,0.60147,0.60208,0.60145,0.60193,1758,14
1697065200,0.60191,0.60219,0.60186,0.6019,1136,14
1697068800,0.6019,0.60208,0.60052,0.60183,207,14
1697072400,0.60182,0.60201,0.60155,0.60193,539,14
1697076000,0.60193,0.60204,0.60154,0.60181,549,16
1697079600,0.60181,0.60206,0.60134,0.6018,1648,14
1697083200,0.60179,0.60248,0.6015,0.60214,1573,14
1697086800,0.60214,0.60232,0.60062,0.60078,1223,15
1697090400,0.60078,0.60132,0.6006,0.60131,870,14
1697094000,0.60131,0.60174,0.60107,0.60157,847,14
1697097600,0.60158,0.6016,0.60095,0.60124,1298,15
1697101200,0.60122,0.60169,0.6005,0.6008,2218,14
1697104800,0.6008,0.60089,0.5995,0.59989,2262,14
1697108400,0.59988,0.60056,0.59956,0.60019,1994,15
1697112000,0.60021,0.60026,0.59953,0.60005,1602,14
1697115600,0.60005,0.60019,0.5994,0.59958,1427,15
1697119200,0.59958,0.60012,0.59927,0.59991,1708,15
1697122800,0.59991,0.59998,0.59723,0.59794,5160,14
1697126400,0.59793,0.59815,0.59498,0.59524,5050,14
1697130000,0.59524,0.59596,0.59422,0.59511,4199,14
1697133600,0.59511,0.59513,0.59372,0.59409,3033,14
1697137200,0.59409,0.59453,0.5933,0.59344,1989,14
1697140800,0.59344,0.59356,0.59269,0.59279,3363,14
1697144400,0.5928,0.59375,0.59244,0.59281,1803,14
1697148000,0.59284,0.59344,0.59267,0.59297,1634,14
1697151600,0.59297,0.59302,0.59244,0.59253,509,14
1697155200,0.59238,0.59283,0.59225,0.59267,382,15
1697158800,0.59284,0.59284,0.59207,0.59224,542,14
1697162400,0.59224,0.59235,0.59192,0.59193,903,14
1697166000,0.59193,0.59277,0.59193,0.59263,1643,15
1697169600,0.59262,0.59274,0.59182,0.59205,1588,15
1697173200,0.59205,0.59273,0.59173,0.59195,1415,15
1697176800,0.59195,0.5922,0.59161,0.59168,924,15
1697180400,0.59168,0.59192,0.59118,0.59137,1049,14
1697184000,0.59137,0.59204,0.59132,0.59204,1197,15
1697187600,0.59204,0.59215,0.59098,0.59131,1933,16
1697191200,0.59129,0.59222,0.59109,0.59213,2946,15
1697194800,0.59214,0.59252,0.59113,0.59141,2624,15
1697198400,0.59141,0.59144,0.59052,0.59093,2562,14
1697202000,0.59093,0.59136,0.58973,0.5904,2026,14
1697205600,0.5904,0.59109,0.59039,0.59067,2273,15
1697209200,0.59067,0.59199,0.59012,0.59179,3668,14
1697212800,0.5918,0.59204,0.59012,0.59053,4235,14
1697216400,0.59053,0.59069,0.58898,0.58935,5124,14
1697220000,0.58935,0.58943,0.5886,0.58896,3074,14
1697223600,0.58897,0.58945,0.58877,0.58909,2180,14
1697227200,0.58909,0.5896,0.58861,0.58936,2140,15
1697230800,0.58935,0.5896,0.58865,0.5889,1458,15
1697234400,0.5889,0.58935,0.58853,0.58883,1678,14
1697238000,0.58883,0.58883,0.58825,0.58825,684,15
1697414400,0.59072,0.59141,0.58999,0.59047,449,18
1697418000,0.59047,0.59073,0.58993,0.59015,1489,14
1697421600,0.59015,0.59059,0.58984,0.59057,1517,14
1697425200,0.59057,0.59102,0.59023,0.59036,1385,14
1697428800,0.59038,0.59186,0.59036,0.59169,1418,14
1697432400,0.59169,0.59279,0.59148,0.59188,1088,14
1697436000,0.59188,0.59224,0.59166,0.59223,779,16
1697439600,0.59221,0.59255,0.59213,0.59225,704,15
1697443200,0.59225,0.59249,0.59194,0.59227,960,16
1697446800,0.59227,0.59259,0.59172,0.59176,2235,14
1697450400,0.59176,0.59265,0.59143,0.59254,3338,14
1697454000,0.59254,0.59274,0.59177,0.59182,1930,14
1697457600,0.5918,0.59212,0.59151,0.59155,1746,14
1697461200,0.59155,0.59202,0.59139,0.5914,1521,15
1697464800,0.59139,0.59249,0.59125,0.59216,1954,14
1697468400,0.59216,0.59269,0.59175,0.59236,2950,15
1697472000,0.5924,0.59247,0.59098,0.59103,3378,14
1697475600,0.59103,0.59192,0.59055,0.59189,3499,14
1697479200,0.59188,0.59229,0.59175,0.59212,2409,15
1697482800,0.59212,0.5924,0.59199,0.59233,1469,14
1697486400,0.59233,0.59282,0.59211,0.59275,1529,14
1697490000,0.59272,0.59287,0.59247,0.59263,833,14
1697493600,0.59263,0.59265,0.59233,0.59254,1037,14
1697497200,0.59254,0.59285,0.59251,0.59261,694,14
1697500800,0.59261,0.59273,0.59056,0.59063,937,16
1697504400,0.59063,0.5911,0.58987,0.59002,1426,14
1697508000,0.59002,0.59032,0.58983,0.58995,1052,14
1697511600,0.58994,0.59116,0.58954,0.59062,1878,14
1697515200,0.59062,0.59062,0.58985,0.59025,1798,14
1697518800,0.59025,0.59069,0.58979,0.59062,1382,14
1697522400,0.59062,0.59133,0.58986,0.5901,1189,14
1697526000,0.5901,0.59041,0.59003,0.5901,838,15
1697529600,0.5901,0.59039,0.58967,0.58977,1238,15
1697533200,0.58977,0.59022,0.58935,0.58948,1788,14
1697536800,0.58948,0.59022,0.58939,0.58949,2338,14
1697540400,0.58942,0.58963,0.58794,0.58825,1989,14
1697544000,0.58825,0.58913,0.58818,0.5888,1700,14
1697547600,0.5888,0.58945,0.58815,0.5884,2258,14
1697551200,0.5884,0.59032,0.58829,0.58981,1685,14
1697554800,0.58981,0.58997,0.58702,0.5876,4517,14
1697558400,0.58761,0.58887,0.58709,0.58818,4660,14
1697562000,0.58818,0.59021,0.58817,0.58982,4368,14
1697565600,0.58981,0.59083,0.58949,0.59059,3564,14
1697569200,0.59058,0.5908,0.58985,0.58996,2861,14
1697572800,0.58995,0.58996,0.58867,0.58885,2210,14
1697576400,0.58884,0.58957,0.58882,0.58914,1509,14
1697580000,0.58915,0.59011,0.58914,0.58965,1603,14
1697583600,0.58965,0.58975,0.58933,0.58954,556,14
1697587200,0.58858,0.58955,0.58848,0.58953,360,21
1697590800,0.58953,0.58981,0.58924,0.58925,599,16
1697594400,0.58925,0.58956,0.58922,0.58938,909,16
1697598000,0.58936,0.58954,0.58791,0.58849,1476,15
1697601600,0.58849,0.58904,0.58831,0.58846,2315,14
1697605200,0.58847,0.59106,0.58847,0.59044,2970,14
1697608800,0.59044,0.59078,0.59013,0.59042,947,15
1697612400,0.59042,0.59082,0.59022,0.59049,1124,15
1697616000,0.59049,0.59166,0.59036,0.59129,1912,14
1697619600,0.59125,0.59188,0.59094,0.5911,2840,15
1697623200,0.5911,0.59138,0.59029,0.59038,2675,15
1697626800,0.59038,0.59044,0.58956,0.59013,1985,14
1697630400,0.59013,0.59058,0.58964,0.58999,2189,14
1697634000,0.59,0.59003,0.58859,0.58923,2086,14
1697637600,0.58923,0.58975,0.58881,0.58904,2512,14
1697641200,0.58904,0.58949,0.58768,0.58823,2855,14
1697644800,0.58828,0.58868,0.58764,0.58776,4017,14
1697648400,0.58777,0.58815,0.58586,0.58634,5099,14
1697652000,0.58633,0.58643,0.58538,0.58563,3860,14
1697655600,0.58563,0.58586,0.58502,0.58562,2704,14
1697659200,0.58562,0.58738,0.58549,0.58718,3898,14
1697662800,0.58719,0.58722,0.5857,0.58576,2438,14
1697666400,0.58578,0.58586,0.58535,0.58552,2082,14
1697670000,0.58554,0.58577,0.58527,0.58549,774,14
1697673600,0.58549,0.58568,0.58511,0.58557,253,15
1697677200,0.58562,0.58562,0.58496,0.58501,731,16
1697680800,0.58504,0.58534,0.58501,0.58527,939,16
1697684400,0.58527,0.58575,0.58412,0.58464,2579,14
1697688000,0.58464,0.58521,0.58346,0.58363,2506,14
1697691600,0.58362,0.58369,0.58315,0.58327,1480,14
1697695200,0.58327,0.58354,0.58255,0.58262,1018,14
1697698800,0.58259,0.58295,0.58237,0.58254,1084,15
1697702400,0.58254,0.58299,0.58196,0.58215,1364,14
1697706000,0.58215,0.58326,0.5821,0.58284,2260,14
1697709600,0.58283,0.58312,0.58172,0.58181,3529,14
1697713200,0.58179,0.58227,0.58169,0.58191,2931,15
1697716800,0.58191,0.58225,0.58148,0.58221,1978,15
1697720400,0.58221,0.58292,0.58211,0.58288,1729,14
1697724000,0.58288,0.58299,0.58231,0.58245,1964,15
1697727600,0.58245,0.58344,0.58227,0.58328,3836,14
1697731200,0.58328,0.58403,0.583,0.58369,4038,14
1697734800,0.5837,0.58386,0.58296,0.58327,4371,14
1697738400,0.58327,0.58434,0.58323,0.58376,3399,14
1697742000,0.58376,0.5866,0.58278,0.58576,8725,14
1697745600,0.58576,0.5864,0.58438,0.58538,5554,14
1697749200,0.58538,0.5863,0.58403,0.58433,3477,14
1697752800,0.58434,0.58551,0.58434,0.58547,2224,14
1697756400,0.58547,0.5855,0.5846,0.58483,799,14
1697760000,0.58455,0.58495,0.5843,0.58439,303,19
1697763600,0.58439,0.58455,0.58379,0.58379,725,15
1697767200,0.58379,0.58417,0.58369,0.58403,985,14
1697770800,0.58402,0.58402,0.58273,0.58308,1410,14
1697774400,0.58308,0.58317,0.58201,0.58276,1642,14
1697778000,0.58276,0.58385,0.58244,0.58378,1231,14
1697781600,0.58378,0.58383,0.583,0.58322,901,14
1697785200,0.58321,0.58321,0.58279,0.58293,702,14
1697788800,0.58293,0.58339,0.58256,0.58256,1124,15
1697792400,0.58256,0.58296,0.58193,0.5829,2549,14
1697796000,0.58289,0.58293,0.58196,0.58199,3165,14
1697799600,0.58199,0.58346,0.58163,0.5832,2968,14
1697803200,0.5832,0.58354,0.58245,0.58308,1946,15
1697806800,0.58308,0.58319,0.5826,0.58276,1393,14
1697810400,0.58276,0.58305,0.58259,0.5828,1525,15
1697814000,0.58279,0.58318,0.58179,0.58229,2977,14
1697817600,0.58227,0.58357,0.58217,0.58316,4190,14
1697821200,0.58314,0.58354,0.58214,0.58266,4055,14
1697824800,0.58266,0.58331,0.58218,0.58271,3020,14
1697828400,0.58271,0.58316,0.582,0.58297,2368,15
1697832000,0.58297,0.58349,0.58271,0.58292,2808,14
1697835600,0.58292,0.58297,0.5821,0.58225,2244,14
1697839200,0.58225,0.5824,0.58194,0.58216,2239,14
1697842800,0.58215,0.58274,0.58209,0.58271,756,14
1698019200,0.58147,0.58299,0.58147,0.58292,338,44
1698022800,0.58314,0.58314,0.58243,0.58283,870,16
1698026400,0.58283,0.58308,0.58268,0.58278,819,16
1698030000,0.58278,0.5829,0.58203,0.58217,1446,14
1698033600,0.58217,0.58292,0.58181,0.58281,1424,14
1698037200,0.5828,0.58291,0.58194,0.58194,968,16
1698040800,0.58194,0.58244,0.58194,0.58212,807,16
1698044400,0.58212,0.5823,0.5819,0.58209,692,15
1698048000,0.5821,0.58266,0.58208,0.58247,999,16
1698051600,0.58246,0.58329,0.58239,0.58257,1463,14
1698055200,0.58254,0.58266,0.58166,0.58191,2391,14
1698058800,0.5819,0.58256,0.58133,0.5815,1724,14
1698062400,0.58149,0.58208,0.58087,0.58093,1798,14
1698066000,0.58092,0.58146,0.58068,0.5814,1392,14
1698069600,0.5814,0.58222,0.58125,0.58192,1679,15
1698073200,0.58192,0.58289,0.58144,0.58186,2828,14
1698076800,0.58188,0.58267,0.58128,0.58259,3329,14
1698080400,0.58259,0.58407,0.58234,0.58331,3813,14
1698084000,0.58328,0.58443,0.58321,0.58411,2767,14
1698087600,0.58411,0.58509,0.58402,0.58509,2255,14
1698091200,0.58509,0.58569,0.58475,0.58521,1866,15
1698094800,0.58523,0.58549,0.58486,0.58526,1438,14
1698098400,0.58526,0.58531,0.58461,0.58473,2157,14
1698102000,0.58473,0.58494,0.58439,0.58447,714,14
1698105600,0.58368,0.58457,0.58368,0.58438,553,14
1698109200,0.58442,0.58515,0.58442,0.58476,628,14
1698112800,0.58474,0.58508,0.58474,0.58499,823,15
1698116400,0.58499,0.58538,0.58458,0.58527,1418,15
1698120000,0.58526,0.58587,0.58465,0.5849,1784,16
1698123600,0.58491,0.58645,0.5846,0.58594,1929,14
1698127200,0.58594,0.58602,0.58555,0.58576,1214,14
1698130800,0.58577,0.58582,0.58544,0.58557,864,16
1698134400,0.58557,0.58569,0.58493,0.58528,1235,16
1698138000,0.58527,0.58716,0.5852,0.58697,2415,15
1698141600,0.587,0.58719,0.58568,0.58579,3252,15
1698145200,0.58578,0.58623,0.58557,0.58571,2565,15
1698148800,0.5857,0.58581,0.58486,0.58494,1517,14
1698152400,0.58494,0.58542,0.5843,0.58431,1713,14
1698156000,0.58431,0.58532,0.58413,0.5849,1865,15
1698159600,0.58489,0.58501,0.58435,0.58478,2951,14
1698163200,0.58479,0.58483,0.58317,0.58411,4369,14
1698166800,0.58413,0.58475,0.58359,0.58399,4444,14
1698170400,0.58397,0.58397,0.58283,0.58317,3587,14
1698174000,0.58318,0.58351,0.58294,0.58326,2468,14
1698177600,0.58325,0.58429,0.58324,0.58402,1811,14
1698181200,0.58402,0.58436,0.5838,0.58411,1106,15
1698184800,0.58409,0.58444,0.58403,0.58428,1016,15
1698188400,0.58432,0.58449,0.58419,0.58429,858,14
1698192000,0.58434,0.58456,0.58326,0.58453,729,18
1698195600,0.58453,0.58453,0.58401,0.58421,696,15
1698199200,0.58421,0.58458,0.58395,0.58456,771,16
1698202800,0.58457,0.58597,0.58427,0.58587,2747,14
1698206400,0.58587,0.58691,0.58531,0.58557,2296,14
1698210000,0.58557,0.58592,0.5852,0.58529,1107,14
1698213600,0.58529,0.58548,0.58475,0.58509,1038,15
1698217200,0.58509,0.58542,0.58503,0.58537,640,15
1698220800,0.58537,0.58541,0.5845,0.58494,1463,14
1698224400,0.58493,0.58579,0.58456,0.58457,2112,14
1698228000,0.58454,0.5846,0.58396,0.5841,2792,14
1698231600,0.58408,0.58467,0.58377,0.58394,1814,15
1698235200,0.58394,0.58412,0.58208,0.58219,2201,14
1698238800,0.5822,0.58234,0.58165,0.58189,1224,14
1698242400,0.58189,0.58207,0.58157,0.58175,1318,15
1698246000,0.58175,0.58244,0.5817,0.58182,2666,14
1698249600,0.58182,0.58253,0.58092,0.58201,3311,14
1698253200,0.58194,0.5828,0.58104,0.58236,4853,14
1698256800,0.58237,0.58293,0.58181,0.5822,3702,14
1698260400,0.5822,0.58225,0.58126,0.58146,1946,15
1698264000,0.58145,0.58165,0.58041,0.58077,2967,14
1698267600,0.58079,0.58114,0.58018,0.5806,1670,14
1698271200,0.5806,0.58079,0.58025,0.58038,1295,15
1698274800,0.58038,0.58057,0.58,0.58014,824,15
1698278400,0.58014,0.58041,0.58,0.58003,233,18
1698282000,0.58004,0.58007,0.57853,0.57879,1716,14
1698285600,0.57879,0.57912,0.57857,0.57908,1380,14
1698289200,0.57907,0.57944,0.57788,0.57816,1964,16
1698292800,0.57816,0.57907,0.57795,0.57865,2284,15
1698296400,0.57863,0.57868,0.57743,0.57756,1881,14
1698300000,0.57755,0.57782,0.57725,0.57774,1187,14
1698303600,0.57774,0.57806,0.57754,0.57793,1047,16
1698307200,0.57793,0.57955,0.57792,0.57884,1622,14
1698310800,0.57883,0.57995,0.57847,0.57884,2648,14
1698314400,0.57884,0.58005,0.57871,0.57989,2574,15
1698318000,0.57989,0.58062,0.57985,0.58033,2043,15
1698321600,0.58033,0.58091,0.57989,0.58047,1785,14
1698325200,0.58047,0.58094,0.57988,0.57991,1614,15
1698328800,0.57991,0.57997,0.57924,0.57927,1516,14
1698332400,0.57927,0.58181,0.57885,0.58177,5157,14
1698336000,0.58181,0.58285,0.5808,0.58168,4957,14
1698339600,0.58168,0.5822,0.58059,0.58193,4219,14
1698343200,0.58194,0.58209,0.58058,0.58133,2922,14
1698346800,0.58133,0.58159,0.58074,0.58086,2414,15
1698350400,0.58087,0.58247,0.5808,0.58216,2798,14
1698354000,0.58216,0.58286,0.58199,0.58235,2024,14
1698357600,0.58235,0.58258,0.58129,0.58164,1762,14
1698361200,0.58164,0.58219,0.58151,0.58194,774,14
1698364800,0.58194,0.58198,0.58102,0.58178,282,24
1698368400,0.58178,0.58226,0.58178,0.58199,610,15
1698372000,0.582,0.5828,0.58199,0.58271,1432,15
1698375600,0.5827,0.58304,0.58224,0.58231,1560,14
1698379200,0.5823,0.58288,0.5817,0.58256,1486,14
1698382800,0.58256,0.58313,0.58255,0.58263,1309,15
1698386400,0.58264,0.58279,0.58202,0.58219,790,15
1698390000,0.58219,0.58237,0.58194,0.58228,811,14
1698393600,0.58227,0.58233,0.58179,0.58208,875,14
1698397200,0.58211,0.58252,0.58142,0.58143,1962,14
1698400800,0.58144,0.58185,0.58092,0.58182,2263,15
1698404400,0.58181,0.58266,0.58174,0.58253,1930,14
1698408000,0.58254,0.58316,0.58241,0.58311,1249,14
1698411600,0.58311,0.58322,0.58216,0.58218,1363,15
1698415200,0.58218,0.58222,0.58155,0.58177,1570,14
1698418800,0.58177,0.58354,0.58144,0.58286,3344,14
1698422400,0.58286,0.58433,0.58242,0.58242,4217,14
1698426000,0.58206,0.58384,0.58206,0.58256,4193,15
1698429600,0.58258,0.58287,0.58212,0.58228,3059,14
1698433200,0.58228,0.58252,0.58144,0.58153,2056,14
1698436800,0.58153,0.58159,0.58089,0.58105,3006,15
1698440400,0.58103,0.5815,0.58086,0.58106,2448,14
1698444000,0.58106,0.58117,0.58046,0.58096,2009,14
1698447600,0.58096,0.58111,0.58053,0.58093,1080,14
1698624000,0.58092,0.58102,0.5805,0.58084,352,22
1698627600,0.58083,0.58152,0.58054,0.58072,1357,14
1698631200,0.5807,0.58081,0.58037,0.58071,1209,14
1698634800,0.58071,0.58167,0.58046,0.58157,1351,14
1698638400,0.58157,0.58264,0.5815,0.58218,1134,15
1698642000,0.58217,0.58255,0.582,0.58251,1281,16
1698645600,0.58251,0.58268,0.5823,0.5823,819,14
1698649200,0.5823,0.58275,0.5822,0.58273,681,16
1698652800,0.58273,0.58276,0.58227,0.58236,1023,15
1698656400,0.58235,0.58328,0.58231,0.58316,1303,15
1698660000,0.58314,0.58334,0.58247,0.58253,1769,15
1698663600,0.58255,0.5827,0.58186,0.58224,1749,15
1698667200,0.58224,0.58365,0.58224,0.58345,1531,15
1698670800,0.58346,0.58376,0.58285,0.58294,1424,15
1698674400,0.58293,0.5837,0.58266,0.58334,1597,15
1698678000,0.58334,0.58337,0.58246,0.58332,2654,14
1698681600,0.58332,0.58371,0.58278,0.58336,2914,14
1698685200,0.58335,0.58413,0.58218,0.58319,4739,14
1698688800,0.58319,0.58431,0.58316,0.58337,3075,14
1698692400,0.58337,0.58364,0.58282,0.58305,2667,14
1698696000,0.58305,0.58355,0.58273,0.58336,1535,14
1698699600,0.58336,0.58408,0.58336,0.58402,1238,14
1698703200,0.58402,0.58441,0.58398,0.58419,1398,14
1698706800,0.58419,0.58433,0.58375,0.58427,452,15
1698710400,0.58429,0.58429,0.58381,0.58409,425,17
1698714000,0.5841,0.58427,0.58352,0.58354,702,15
1698717600,0.58353,0.58405,0.58353,0.58382,893,15
1698721200,0.58379,0.58398,0.58336,0.58367,1600,15
1698724800,0.58367,0.58451,0.58317,0.58358,2309,14
1698728400,0.58358,0.584,0.58305,0.58318,1554,14
1698732000,0.58317,0.58336,0.58246,0.58288,2232,14
1698735600,0.58288,0.58303,0.58219,0.58248,1518,15
1698739200,0.58248,0.583,0.58236,0.58278,1423,16
1698742800,0.58279,0.58346,0.58259,0.58331,1588,15
1698746400,0.58332,0.5847,0.58332,0.58422,2301,14
1698750000,0.58422,0.58524,0.5838,0.58521,2175,15
1698753600,0.58521,0.58566,0.58489,0.58505,2090,14
1698757200,0.58505,0.5851,0.58445,0.58509,1615,15
1698760800,0.58507,0.58522,0.58468,0.58476,1545,16
1698764400,0.58474,0.58518,0.58297,0.58298,3438,15
1698768000,0.58297,0.58301,0.58142,0.58205,3418,14
1698771600,0.58206,0.5826,0.58122,0.58189,4231,14
1698775200,0.58189,0.58219,0.58027,0.58153,3908,14
1698778800,0.58153,0.58164,0.58062,0.58093,2807,14
1698782400,0.58094,0.58186,0.58091,0.58172,2824,15
1698786000,0.58169,0.5822,0.58145,0.58216,1481,15
1698789600,0.58217,0.58255,0.58207,0.58252,1332,14
1698793200,0.58253,0.58253,0.58215,0.58243,669,16
1698796800,0.58238,0.58241,0.58019,0.58019,652,14
1698800400,0.58019,0.5811,0.5793,0.5807,1209,14
1698804000,0.58071,0.58109,0.58034,0.5806,1090,15
1698807600,0.5806,0.58105,0.57936,0.57989,1272,14
1698811200,0.57985,0.5801,0.57881,0.57905,2124,15
1698814800,0.57903,0.58007,0.57881,0.58001,1499,15
1698818400,0.58002,0.58079,0.57992,0.58043,1080,15
1698822000,0.58043,0.58078,0.58013,0.58053,1218,14
1698825600,0.58053,0.58078,0.58026,0.5806,1138,15
1698829200,0.58062,0.58164,0.58062,0.58153,1325,16
1698832800,0.58154,0.58218,0.58107,0.5813,1756,15
1698836400,0.58129,0.582,0.58124,0.58174,2071,15
1698840000,0.58174,0.5824,0.58129,0.58179,1983,14
1698843600,0.58178,0.58241,0.58152,0.58226,1551,15
1698847200,0.58227,0.58248,0.58179,0.58216,1394,15
1698850800,0.58215,0.58385,0.5821,0.58296,3854,14
1698854400,0.58296,0.58314,0.58139,0.58272,3894,14
1698858000,0.58285,0.58575,0.58285,0.5844,4959,14
1698861600,0.58442,0.5848,0.5828,0.58284,3151,14
1698865200,0.58285,0.58311,0.58209,0.5825,2326,14
1698868800,0.58249,0.58299,0.58203,0.58266,1843,15
1698872400,0.58284,0.58516,0.58203,0.58407,7919,14
1698876000,0.58407,0.58567,0.584,0.58493,4526,15
1698879600,0.58493,0.58495,0.58405,0.58449,662,15
1698883200,0.58434,0.58473,0.58389,0.58464,575,18
1698886800,0.58464,0.58638,0.5846,0.58627,809,16
1698890400,0.58626,0.58783,0.58605,0.58783,1606,14
1698894000,0.58783,0.5891,0.58745,0.5891,2020,14
1698897600,0.5891,0.58932,0.58864,0.58903,1760,15
1698901200,0.58902,0.58955,0.58868,0.58909,1362,16
1698904800,0.58908,0.58913,0.58865,0.58883,1400,15
1698908400,0.58883,0.58885,0.58808,0.58814,1844,15
1698912000,0.58814,0.58848,0.58796,0.58799,1450,14
1698915600,0.58797,0.58835,0.58753,0.58831,1500,15
1698919200,0.58826,0.58862,0.58767,0.58826,2012,15
1698922800,0.58827,0.58904,0.58725,0.5886,2367,14
1698926400,0.58862,0.59062,0.58859,0.5904,2268,14
1698930000,0.5904,0.5908,0.58966,0.59072,1672,14
1698933600,0.59074,0.59089,0.58943,0.58954,1506,14
1698937200,0.58954,0.59162,0.58948,0.59149,4205,14
1698940800,0.59149,0.59154,0.58954,0.58985,3567,14
1698944400,0.58988,0.58989,0.58824,0.58884,3313,14
1698948000,0.58884,0.589,0.58781,0.58838,2854,14
1698951600,0.58835,0.5885,0.58769,0.588,2115,14
1698955200,0.588,0.58936,0.58795,0.5893,1861,14
1698958800,0.5893,0.58958,0.58901,0.58947,1079,15
1698962400,0.58946,0.58965,0.5892,0.58964,870,15
1698966000,0.58961,0.58976,0.58928,0.58974,605,15
1698969600,0.58974,0.58986,0.58917,0.58976,287,22
1698973200,0.58985,0.58992,0.58935,0.58948,654,15
1698976800,0.58948,0.58958,0.5893,0.58946,589,15
1698980400,0.58947,0.58998,0.58841,0.58869,1050,14
1698984000,0.58869,0.58936,0.58835,0.58888,1626,16
1698987600,0.58893,0.58988,0.5889,0.58945,1492,15
1698991200,0.58944,0.58998,0.58918,0.58955,1085,16
1698994800,0.58955,0.58993,0.58935,0.58979,713,16
1698998400,0.58979,0.59048,0.58977,0.59038,1067,16
1699002000,0.59038,0.59074,0.59031,0.59063,1037,15
1699005600,0.59064,0.5913,0.59049,0.59075,1677,14
1699009200,0.59075,0.59094,0.59039,0.59082,1554,15
1699012800,0.59082,0.59237,0.59052,0.59179,1698,14
1699016400,0.59178,0.59215,0.59153,0.59206,1115,14
1699020000,0.59204,0.59229,0.59189,0.59221,1314,15
1699023600,0.59221,0.59827,0.59151,0.5971,4818,14
1699027200,0.5971,0.59875,0.5965,0.59803,5913,14
1699030800,0.59835,0.59916,0.59604,0.59775,5646,14
1699034400,0.59775,0.59928,0.59751,0.59882,3486,14
1699038000,0.59882,0.59989,0.59819,0.5995,2976,15
1699041600,0.5995,0.59999,0.59821,0.59916,2341,14
1699045200,0.59916,0.59956,0.59898,0.59948,1109,14
1699048800,0.59948,0.59948,0.59874,0.59895,1169,15
1699052400,0.59895,0.59987,0.59891,0.59966,812,16
1699228800,0.59888,0.59936,0.59832,0.59906,143,16
1699232400,0.59908,0.59956,0.59881,0.59946,771,16
1699236000,0.59946,0.59969,0.59862,0.59899,1577,14
1699239600,0.59897,0.59903,0.59825,0.5987,2187,14
1699243200,0.5987,0.59906,0.59846,0.59865,1872,14
1699246800,0.59865,0.59891,0.59853,0.59886,981,15
1699250400,0.59886,0.59957,0.59869,0.59906,1009,16
1699254000,0.59906,0.59972,0.59873,0.59965,1660,15
1699257600,0.59965,0.60004,0.59931,0.5998,1425,16
1699261200,0.59978,0.5998,0.59862,0.59869,1772,14
1699264800,0.5987,0.60009,0.59854,0.59942,2383,14
1699268400,0.59942,0.59983,0.59842,0.59848,1909,15
1699272000,0.5985,0.59883,0.59745,0.59754,1334,14
1699275600,0.59754,0.59825,0.59731,0.598,1159,14
1699279200,0.59798,0.5981,0.59688,0.59693,1359,15
1699282800,0.59695,0.59733,0.59659,0.59704,1993,14
1699286400,0.59707,0.59741,0.59686,0.59718,2602,14
1699290000,0.59718,0.5981,0.59669,0.59778,2651,14
1699293600,0.59778,0.59813,0.59729,0.59769,1654,14
1699297200,0.59769,0.59777,0.59723,0.59753,1037,15
1699300800,0.5975,0.5978,0.59717,0.59775,996,14
1699304400,0.59773,0.59783,0.59652,0.59668,1635,14
1699308000,0.59665,0.5968,0.59605,0.59628,1395,14
1699311600,0.59628,0.59636,0.59586,0.59629,631,14
1699315200,0.59598,0.59641,0.59584,0.59629,594,20
1699318800,0.59632,0.59642,0.59602,0.59603,384,16
1699322400,0.59603,0.59612,0.5953,0.59541,1230,15
1699326000,0.59536,0.5954,0.59462,0.59499,1754,14
1699329600,0.59499,0.59547,0.59467,0.59542,1538,15
1699333200,0.59543,0.59648,0.59464,0.59497,2614,14
1699336800,0.59497,0.59503,0.593,0.59325,1299,14
1699340400,0.59325,0.59338,0.59291,0.59323,1279,15
1699344000,0.59323,0.59334,0.59223,0.59235,1853,14
1699347600,0.59236,0.59246,0.59143,0.59175,1471,15
1699351200,0.59176,0.59288,0.59176,0.59254,2141,15
1699354800,0.59253,0.59254,0.59143,0.59175,1599,15
1699358400,0.59175,0.59257,0.59144,0.59226,1843,14
1699362000,0.59224,0.59242,0.59112,0.59159,1701,14
1699365600,0.59161,0.5921,0.59123,0.59136,1503,15
1699369200,0.59136,0.59209,0.5912,0.59194,2065,16
1699372800,0.59195,0.59214,0.59103,0.59214,2458,14
1699376400,0.59214,0.59333,0.59211,0.59273,2153,14
1699380000,0.59273,0.59337,0.59266,0.59288,1982,14
1699383600,0.59288,0.59289,0.59167,0.59205,1588,14
1699387200,0.59203,0.59382,0.59198,0.59376,1389,14
1699390800,0.59376,0.59414,0.59342,0.59356,1450,14
1699394400,0.59358,0.59368,0.59321,0.59336,887,15
1699398000,0.59337,0.59353,0.59323,0.59343,449,14
1699401600,0.59168,0.59362,0.59168,0.59346,311,17
1699405200,0.59344,0.59351,0.5932,0.59334,565,16
1699408800,0.59333,0.59355,0.5926,0.59271,1035,16
1699412400,0.59274,0.59311,0.59228,0.59274,1328,15
1699416000,0.59275,0.594,0.59243,0.59368,1987,15
1699419600,0.59368,0.59392,0.59327,0.59353,1477,14
1699423200,0.59353,0.59413,0.59335,0.59387,987,15
1699426800,0.59387,0.59403,0.59291,0.59313,1132,15
1699430400,0.59313,0.59353,0.5927,0.5932,1370,15
1699434000,0.59324,0.59384,0.59283,0.59369,2049,14
1699437600,0.5937,0.59393,0.5933,0.59339,1995,14
1699441200,0.59339,0.5934,0.59164,0.5921,2340,15
1699444800,0.59209,0.59261,0.59194,0.59249,1675,15
1699448400,0.59248,0.59335,0.59246,0.59307,1222,15
1699452000,0.59307,0.59308,0.59185,0.59211,1352,15
1699455600,0.59211,0.5927,0.59176,0.59242,2310,16
1699459200,0.59243,0.59317,0.59228,0.59272,2719,15
1699462800,0.59272,0.59274,0.591,0.59187,2998,15
1699466400,0.59187,0.59287,0.59184,0.59263,2158,15
1699470000,0.59263,0.59265,0.59159,0.59197,1815,15
1699473600,0.59197,0.59246,0.59149,0.59178,1614,14
1699477200,0.59178,0.59196,0.59076,0.59082,646,14
1699480800,0.59083,0.59136,0.59056,0.59096,1187,14
1699484400,0.59092,0.59135,0.59089,0.59102,566,14
1699488000,0.59102,0.59129,0.59058,0.59076,153,15
1699491600,0.59077,0.59115,0.59077,0.59113,402,15
1699495200,0.59116,0.59123,0.59063,0.59086,1027,15
1699498800,0.59085,0.59227,0.59074,0.59189,1437,14
1699502400,0.59189,0.59235,0.59175,0.59181,1294,15
1699506000,0.59181,0.59255,0.59167,0.59218,870,15
1699509600,0.59218,0.5929,0.59218,0.59266,720,16
1699513200,0.59265,0.5929,0.59233,0.59235,851,16
1699516800,0.59236,0.59354,0.59221,0.59343,1116,16
1699520400,0.59343,0.5936,0.59286,0.59302,1332,15
1699524000,0.59302,0.59314,0.59162,0.59286,1800,14
1699527600,0.59287,0.59353,0.59253,0.59313,1678,14
1699531200,0.59313,0.59357,0.59294,0.5931,1464,15
1699534800,0.5931,0.59315,0.59212,0.59272,1128,15
1699538400,0.59272,0.59295,0.59232,0.59277,1166,14
1699542000,0.59277,0.59372,0.59247,0.59347,2958,14
1699545600,0.5935,0.59531,0.59324,0.59506,3167,14
1699549200,0.59506,0.59539,0.59438,0.59491,2680,15
1699552800,0.59489,0.59495,0.59409,0.59438,1853,14
1699556400,0.59438,0.59473,0.59369,0.59384,1332,15
1699560000,0.59381,0.59391,0.59149,0.59263,3975,14
1699563600,0.59259,0.59262,0.58993,0.59032,4218,14
1699567200,0.59033,0.59102,0.58964,0.58981,2058,14
1699570800,0.58981,0.58994,0.58922,0.58932,557,14
1699574400,0.58932,0.58956,0.58912,0.58916,720,19
1699578000,0.58917,0.58925,0.58855,0.58875,786,16
1699581600,0.58875,0.58929,0.58853,0.58913,1435,15
1699585200,0.58913,0.58986,0.58898,0.58959,2024,15
1699588800,0.58959,0.58961,0.58888,0.58912,1288,15
1699592400,0.58912,0.58941,0.58898,0.58914,702,16
1699596000,0.58913,0.58958,0.58908,0.5895,797,14
1699599600,0.5895,0.58957,0.58908,0.5893,977,15
1699603200,0.58929,0.59036,0.58921,0.59003,1177,15
1699606800,0.59002,0.5901,0.58891,0.58967,1897,16
1699610400,0.58968,0.58991,0.58865,0.58871,1936,15
1699614000,0.58872,0.58926,0.58852,0.58903,1747,14
1699617600,0.58903,0.58948,0.58865,0.58943,1433,14
1699621200,0.58943,0.5895,0.58855,0.58905,1187,15
1699624800,0.58905,0.58973,0.58849,0.58957,1902,14
1699628400,0.58955,0.58993,0.58896,0.58981,1732,15
1699632000,0.58984,0.58988,0.58833,0.58857,2312,16
1699635600,0.58827,0.58895,0.58774,0.58847,4128,15
1699639200,0.5885,0.58904,0.58792,0.58811,2019,14
1699642800,0.58811,0.58892,0.58782,0.58871,1300,15
1699646400,0.58871,0.58911,0.58841,0.58894,1222,16
1699650000,0.58894,0.58938,0.58861,0.58873,1216,15
1699653600,0.58872,0.58906,0.58869,0.58888,1212,14
1699657200,0.58889,0.58912,0.58862,0.58875,456,15
1699833600,0.58797,0.58927,0.58752,0.58892,385,36
1699837200,0.58904,0.58979,0.58898,0.5893,756,16
1699840800,0.5893,0.58962,0.58872,0.58881,1070,15
1699844400,0.58881,0.58942,0.58866,0.58907,1418,14
1699848000,0.58907,0.58927,0.58875,0.58886,1047,15
1699851600,0.58886,0.58923,0.58868,0.58919,557,14
1699855200,0.58919,0.58948,0.58903,0.58909,441,16
1699858800,0.58906,0.58955,0.58903,0.58923,700,15
1699862400,0.58923,0.58957,0.58897,0.5895,820,16
1699866000,0.58946,0.58967,0.58912,0.58928,1543,14
1699869600,0.58927,0.58928,0.58808,0.58838,1543,14
1699873200,0.58839,0.58929,0.58818,0.58844,1575,15
1699876800,0.58844,0.58885,0.58826,0.58877,779,15
1699880400,0.58877,0.58879,0.58814,0.58828,876,16
1699884000,0.58828,0.58828,0.58758,0.58806,979,14
1699887600,0.58806,0.58834,0.58741,0.58762,1518,15
1699891200,0.58761,0.58778,0.58693,0.58716,2203,15
1699894800,0.58715,0.58837,0.58708,0.58832,2750,14
1699898400,0.58832,0.58917,0.58814,0.58887,1575,15
1699902000,0.58886,0.58931,0.58849,0.58854,1354,15
1699905600,0.58854,0.58904,0.58845,0.58882,891,14
1699909200,0.58882,0.58882,0.58826,0.58836,751,14
1699912800,0.58835,0.58839,0.5881,0.5881,724,14
1699916400,0.5881,0.58811,0.58755,0.5876,420,14
1699920000,0.5876,0.58775,0.58707,0.58742,547,15
1699923600,0.58743,0.58821,0.58743,0.58811,589,19
1699927200,0.58813,0.58829,0.5877,0.5879,667,15
1699930800,0.5879,0.58824,0.58756,0.58763,703,15
1699934400,0.58763,0.58804,0.58726,0.58763,1086,16
1699938000,0.58762,0.58766,0.58694,0.58721,852,14
1699941600,0.58721,0.58739,0.58687,0.58702,438,15
1699945200,0.58702,0.58705,0.58644,0.58655,747,14
1699948800,0.58655,0.58731,0.58654,0.58709,681,14
1699952400,0.58708,0.58741,0.5868,0.58697,1317,14
1699956000,0.58697,0.58729,0.5863,0.58666,1402,14
1699959600,0.58665,0.58786,0.58656,0.58773,1725,14
1699963200,0.58774,0.58775,0.58675,0.58706,1293,15
1699966800,0.58706,0.58719,0.58629,0.58649,832,15
1699970400,0.58649,0.58706,0.58634,0.58644,858,14
1699974000,0.58644,0.5948,0.58573,0.59399,5105,14
1699977600,0.59398,0.5973,0.59391,0.59713,5499,14
1699981200,0.5971,0.59758,0.5962,0.59731,3946,14
1699984800,0.59732,0.5987,0.5971,0.59837,2788,14
1699988400,0.59837,0.59902,0.59812,0.59895,2182,14
1699992000,0.59894,0.5997,0.5987,0.59959,1227,14
1699995600,0.59959,0.60098,0.59945,0.60097,790,14
1699999200,0.60097,0.60124,0.6006,0.60091,1080,16
1700002800,0.60089,0.60102,0.60067,0.60069,465,14
1700006400,0.60069,0.60069,0.59887,0.59992,718,21
1700010000,0.59992,0.60113,0.59992,0.60029,785,14
1700013600,0.60029,0.60046,0.59967,0.60032,1342,14
1700017200,0.60032,0.60077,0.59969,0.60056,1409,15
1700020800,0.6006,0.60212,0.60054,0.60206,1473,14
1700024400,0.60206,0.60235,0.60134,0.60235,1000,14
1700028000,0.60235,0.60276,0.60209,0.60243,641,14
1700031600,0.60245,0.60256,0.60196,0.60234,1213,14
1700035200,0.60234,0.60293,0.60205,0.60264,1015,15
1700038800,0.6027,0.60362,0.60171,0.60325,2086,14
1700042400,0.60332,0.60396,0.60322,0.60383,2700,15
1700046000,0.60383,0.60403,0.60307,0.60358,1840,14
1700049600,0.60358,0.60406,0.60329,0.60396,1349,14
1700053200,0.60396,0.60461,0.60359,0.60414,1383,14
1700056800,0.60414,0.60439,0.60308,0.60388,1814,14
1700060400,0.60389,0.60537,0.60119,0.60247,4804,14
1700064000,0.60247,0.60264,0.60028,0.60073,4075,14
1700067600,0.60073,0.60312,0.60071,0.60306,3989,14
1700071200,0.60306,0.60356,0.60238,0.60269,2730,14
1700074800,0.60269,0.60338,0.60229,0.60283,1843,14
1700078400,0.60278,0.60281,0.60186,0.60217,1122,14
1700082000,0.60217,0.60255,0.6018,0.60226,994,15
1700085600,0.60227,0.60243,0.60192,0.60214,971,14
1700089200,0.60214,0.60239,0.60203,0.60218,418,14
1700092800,0.60214,0.60235,0.60093,0.60206,819,22
1700096400,0.60205,0.6029,0.60203,0.60274,659,14
1700100000,0.60274,0.60284,0.60016,0.60055,1808,14
1700103600,0.60055,0.60076,0.59776,0.59886,2331,14
1700107200,0.59886,0.59894,0.59702,0.59752,2049,14
1700110800,0.59752,0.59819,0.5974,0.59792,1294,14
1700114400,0.59792,0.59822,0.59763,0.5982,754,16
1700118000,0.5982,0.59833,0.5977,0.59828,958,15
1700121600,0.59828,0.59875,0.59827,0.59865,968,14
1700125200,0.59866,0.59894,0.59757,0.59809,1587,15
1700128800,0.59805,0.59972,0.59761,0.59965,2769,14
1700132400,0.59965,0.60041,0.59945,0.59977,1601,14
1700136000,0.59977,0.59996,0.59879,0.59929,1546,14
1700139600,0.59927,0.59959,0.59882,0.59903,1420,14
1700143200,0.59903,0.59903,0.59709,0.5977,1957,14
1700146800,0.5977,0.60116,0.59769,0.60113,4017,14
1700150400,0.6011,0.60113,0.599,0.60021,3993,14
1700154000,0.6002,0.60097,0.59905,0.59951,4470,14
1700157600,0.59951,0.60002,0.59734,0.59757,3733,14
1700161200,0.59758,0.59857,0.59742,0.59849,1888,15
1700164800,0.5985,0.59897,0.59835,0.59879,1311,14
1700168400,0.59879,0.59881,0.59738,0.59756,1234,14
1700172000,0.59756,0.59775,0.59629,0.59653,1534,14
1700175600,0.59652,0.5971,0.59642,0.59699,641,14
1700179200,0.59684,0.59714,0.59648,0.59688,603,30
1700182800,0.59688,0.597,0.59632,0.59635,510,17
1700186400,0.59635,0.59669,0.59562,0.59632,1090,15
1700190000,0.59632,0.59677,0.59535,0.59551,1585,16
1700193600,0.59551,0.59609,0.59463,0.59568,1175,14
1700197200,0.59568,0.59608,0.59536,0.59583,889,15
1700200800,0.59583,0.59599,0.59563,0.59579,563,14
1700204400,0.59579,0.59596,0.59526,0.59593,865,15
1700208000,0.59593,0.59599,0.59544,0.59548,1004,15
1700211600,0.59548,0.59548,0.59395,0.59514,2052,14
1700215200,0.59516,0.59677,0.5949,0.59661,3075,14
1700218800,0.59661,0.59785,0.5965,0.59709,2726,15
1700222400,0.59709,0.59965,0.59701,0.59947,2504,14
1700226000,0.59945,0.59947,0.59803,0.5983,2050,14
1700229600,0.59831,0.59873,0.59746,0.59799,1747,14
1700233200,0.59799,0.59863,0.597,0.59729,2690,14
1700236800,0.59728,0.59811,0.59725,0.59747,471,15
1700244000,0.59784,0.59799,0.59642,0.5968,2188,15
1700247600,0.5968,0.59774,0.5968,0.59772,1353,16
1700251200,0.59771,0.59867,0.59764,0.59857,1012,15
1700254800,0.59859,0.59891,0.59818,0.59834,554,15
1700258400,0.59834,0.59876,0.5982,0.59863,626,15
1700262000,0.59863,0.59917,0.59861,0.59889,632,14
1700438400,0.59797,0.59927,0.59797,0.59914,444,23
1700442000,0.59924,0.60002,0.59912,0.59936,1322,14
1700445600,0.59935,0.60005,0.59878,0.59978,1539,14
1700449200,0.59978,0.60134,0.59976,0.60088,2602,15
1700452800,0.60088,0.60224,0.60063,0.60196,2325,15
1700456400,0.60196,0.60259,0.60164,0.60247,1662,15
1700460000,0.60248,0.60364,0.60248,0.6029,1599,15
1700463600,0.60289,0.60306,0.60239,0.60254,1473,14
1700467200,0.60254,0.60277,0.60213,0.60214,1104,16
1700470800,0.60215,0.60354,0.60198,0.60296,2188,14
1700474400,0.60298,0.60377,0.60255,0.60279,3056,15
1700478000,0.60279,0.60423,0.60277,0.60402,2452,15
1700481600,0.60402,0.60405,0.60268,0.60278,1909,14
1700485200,0.60278,0.603,0.60226,0.60245,1388,15
1700488800,0.60244,0.60253,0.60179,0.60229,1689,15
1700492400,0.60229,0.6028,0.60178,0.60192,1915,14
1700496000,0.60193,0.60238,0.6004,0.60105,2376,14
1700499600,0.60107,0.60202,0.60057,0.60175,2716,14
1700503200,0.60176,0.60281,0.6015,0.60269,2143,15
1700506800,0.60269,0.60337,0.60209,0.60225,1184,14
1700510400,0.60224,0.60368,0.60215,0.60297,2230,14
1700514000,0.60298,0.60324,0.60275,0.60316,1070,15
1700517600,0.60316,0.60388,0.60307,0.60388,980,15
1700521200,0.60387,0.60388,0.60347,0.60357,563,15
1700524800,0.60357,0.60366,0.60207,0.60318,261,19
1700528400,0.60318,0.60411,0.60318,0.60387,372,14
1700532000,0.60386,0.60474,0.60356,0.60434,1293,14
1700535600,0.60433,0.6057,0.60395,0.60542,3606,14
1700539200,0.60539,0.60695,0.60492,0.60663,2287,14
1700542800,0.60663,0.60734,0.60633,0.60724,1678,14
1700546400,0.60722,0.60738,0.60623,0.60644,1054,15
1700550000,0.60644,0.60683,0.6057,0.60591,1507,14
1700553600,0.60593,0.60611,0.60525,0.60552,1549,15
1700557200,0.60552,0.60718,0.60547,0.60655,2494,14
1700560800,0.60656,0.60852,0.60645,0.60737,2939,14
1700564400,0.60737,0.60758,0.60601,0.60603,1546,14
1700568000,0.60603,0.60702,0.60578,0.60673,1650,14
1700571600,0.6067,0.60715,0.60629,0.60669,1262,14
1700575200,0.60669,0.6077,0.60664,0.60732,1233,15
1700578800,0.60732,0.60819,0.60619,0.6064,2839,14
1700582400,0.6064,0.60835,0.6064,0.60785,3406,14
1700586000,0.60785,0.60814,0.60559,0.60574,4178,14
1700589600,0.60574,0.60656,0.60571,0.60593,2499,15
1700593200,0.60593,0.60604,0.60525,0.60525,1154,15
1700596800,0.60514,0.60527,0.60393,0.60414,1783,14
1700600400,0.60414,0.60487,0.60365,0.60487,2357,14
1700604000,0.60487,0.60514,0.60475,0.60497,1190,14
1700607600,0.60498,0.60512,0.60473,0.60482,847,15
1700611200,0.6047,0.60516,0.60333,0.60463,728,15
1700614800,0.60476,0.60528,0.60474,0.60527,505,15
1700618400,0.60527,0.60567,0.60503,0.60547,1164,15
1700622000,0.60547,0.60632,0.6047,0.60474,2328,15
1700625600,0.60474,0.60535,0.60434,0.60494,1577,14
1700629200,0.60494,0.6052,0.60454,0.60463,1046,14
1700632800,0.60463,0.60474,0.60396,0.60422,743,14
1700636400,0.60418,0.60431,0.60317,0.60323,1202,16
1700640000,0.60323,0.60339,0.60188,0.60231,1873,14
1700643600,0.60233,0.60318,0.60224,0.6029,1833,14
1700647200,0.6029,0.60359,0.60148,0.60175,2628,14
1700650800,0.60175,0.60323,0.60174,0.60275,2610,14
1700654400,0.60276,0.60345,0.60261,0.60345,2077,16
1700658000,0.60345,0.60425,0.60328,0.60364,2168,14
1700661600,0.60364,0.60431,0.60329,0.6035,2309,15
1700665200,0.60349,0.60408,0.6021,0.60241,4364,14
1700668800,0.60241,0.60262,0.60088,0.60135,4410,14
1700672400,0.60121,0.60131,0.59955,0.6008,4544,14
1700676000,0.60084,0.60146,0.60056,0.6011,2880,14
1700679600,0.6011,0.60198,0.60105,0.60165,1852,15
1700683200,0.60163,0.60214,0.6016,0.60197,1190,14
1700686800,0.60197,0.60236,0.60177,0.60215,1279,15
1700690400,0.60215,0.60219,0.6018,0.60202,1071,14
1700694000,0.602,0.6022,0.60192,0.60212,538,14
1700697600,0.60153,0.60228,0.60124,0.60185,802,23
1700701200,0.60185,0.60216,0.60182,0.60199,362,16
1700704800,0.60198,0.60291,0.60196,0.6029,1227,15
1700708400,0.6029,0.6041,0.60269,0.604,2184,15
1700712000,0.60398,0.60526,0.60395,0.60491,1732,14
1700715600,0.60491,0.60513,0.60422,0.60505,1099,15
1700719200,0.60506,0.60516,0.60466,0.60477,610,15
1700722800,0.60477,0.60586,0.60467,0.6058,806,16
1700726400,0.60579,0.60656,0.60578,0.60592,1683,15
1700730000,0.60592,0.60633,0.60535,0.60587,1687,14
1700733600,0.60587,0.60641,0.60525,0.60535,2298,14
1700737200,0.60535,0.6056,0.60464,0.60475,2092,14
1700740800,0.60475,0.60499,0.60425,0.60454,933,15
1700744400,0.60457,0.60513,0.60436,0.60487,829,15
1700748000,0.60484,0.60489,0.60394,0.60398,1038,14
1700751600,0.60398,0.60441,0.60343,0.60433,1447,16
1700755200,0.60433,0.60447,0.60362,0.60424,1596,14
1700758800,0.60424,0.60469,0.60379,0.60444,1551,15
1700762400,0.60445,0.60474,0.6041,0.60473,1033,14
1700766000,0.60473,0.60475,0.60441,0.60448,353,16
1700769600,0.60448,0.60448,0.60428,0.60439,248,17
1700773200,0.60439,0.60462,0.60439,0.60447,175,14
1700776800,0.60447,0.6046,0.60436,0.60452,168,14
1700780400,0.60452,0.60496,0.60444,0.60478,286,15
1700784000,0.60465,0.6048,0.60403,0.60476,162,22
1700787600,0.60489,0.60492,0.60459,0.60472,316,17
1700791200,0.60472,0.60548,0.60472,0.60539,948,16
1700794800,0.60539,0.60567,0.60484,0.60531,1605,17
1700798400,0.60531,0.60541,0.60466,0.60467,1234,16
1700802000,0.60464,0.60506,0.60436,0.60492,803,16
1700805600,0.60493,0.60536,0.6048,0.60532,608,15
1700809200,0.60534,0.60581,0.60532,0.60581,903,14
1700812800,0.60581,0.60581,0.60539,0.60553,763,15
1700816400,0.60558,0.60582,0.605,0.60543,1315,15
1700820000,0.60543,0.60598,0.60505,0.60595,1776,14
1700823600,0.60594,0.60625,0.60535,0.60537,1539,15
1700827200,0.60537,0.60637,0.60527,0.60626,1429,14
1700830800,0.60628,0.60664,0.60605,0.60637,1189,14
1700834400,0.60638,0.60772,0.60634,0.60677,1279,14
1700838000,0.60677,0.60702,0.60595,0.60677,2039,15
1700841600,0.60677,0.60785,0.60655,0.60774,2693,15
1700845200,0.60774,0.60861,0.60774,0.60841,2297,15
1700848800,0.60841,0.60853,0.60794,0.60798,1206,14
1700852400,0.60798,0.60822,0.60783,0.6082,675,15
1700856000,0.60819,0.6086,0.60788,0.60831,432,15
1700859600,0.60831,0.60889,0.60806,0.60833,726,21
1700863200,0.60833,0.6089,0.60805,0.60867,2175,15
1700866800,0.60867,0.60881,0.60785,0.6079,430,19
1701043200,0.6071,0.60827,0.60644,0.60797,388,30
1701046800,0.60797,0.60823,0.60755,0.60758,673,14
1701050400,0.60758,0.60791,0.60739,0.60759,1366,16
1701054000,0.60761,0.60913,0.60739,0.60859,2398,14
1701057600,0.60859,0.60867,0.6062,0.60658,1947,14
1701061200,0.60658,0.60674,0.606,0.60655,1462,15
1701064800,0.60655,0.60677,0.60607,0.60646,1170,14
1701068400,0.60647,0.60698,0.60633,0.60662,1058,15
1701072000,0.60663,0.60738,0.60659,0.60728,1184,16
1701075600,0.60728,0.60836,0.60724,0.608,1737,15
1701079200,0.60797,0.60895,0.60782,0.60885,2052,16
1701082800,0.60886,0.6089,0.60759,0.60768,1813,14
1701086400,0.60769,0.60943,0.6073,0.60941,1324,14
1701090000,0.60941,0.60968,0.60921,0.60949,1278,14
1701093600,0.60949,0.60987,0.60929,0.60974,1522,14
1701097200,0.6098,0.61028,0.60893,0.60913,2797,15
1701100800,0.60913,0.60937,0.60788,0.60812,2982,15
1701104400,0.60812,0.60929,0.60788,0.60897,4020,14
1701108000,0.60897,0.609,0.60806,0.60866,2454,14
1701111600,0.60865,0.60877,0.60815,0.60848,1243,14
1701115200,0.60849,0.60968,0.60831,0.6096,1523,14
1701118800,0.6096,0.61065,0.60957,0.61026,858,14
1701122400,0.61022,0.61026,0.6098,0.60986,659,16
1701126000,0.60986,0.60988,0.60964,0.60964,597,15
1701129600,0.60964,0.60984,0.60868,0.60912,695,16
1701133200,0.60913,0.61026,0.60913,0.61024,638,17
1701136800,0.61024,0.61049,0.6098,0.61029,1573,15
1701140400,0.61028,0.61104,0.60991,0.61062,2540,14
1701144000,0.61062,0.61133,0.61025,0.61055,1863,16
1701147600,0.61055,0.61069,0.60983,0.60995,1216,16
1701151200,0.60995,0.6103,0.6098,0.61016,784,16
1701154800,0.61016,0.61022,0.60954,0.60965,917,16
1701158400,0.60965,0.61039,0.60959,0.6101,1020,16
1701162000,0.61008,0.61013,0.6089,0.60906,1727,14
1701165600,0.60906,0.60954,0.60792,0.60853,2155,14
1701169200,0.60852,0.60939,0.60846,0.60919,1467,15
1701172800,0.60921,0.60977,0.60884,0.60915,1167,14
1701176400,0.60915,0.60968,0.60907,0.60913,887,14
1701180000,0.60913,0.61019,0.60884,0.60907,1570,14
1701183600,0.60908,0.61031,0.60859,0.6102,3102,14
1701187200,0.61021,0.61138,0.60995,0.61084,4107,14
1701190800,0.6108,0.61334,0.61056,0.61323,5612,14
1701194400,0.61323,0.61457,0.61272,0.61445,3910,14
1701198000,0.61445,0.61462,0.61289,0.61297,2659,14
1701201600,0.61297,0.61298,0.61176,0.61254,2272,14
1701205200,0.61254,0.61393,0.61254,0.61379,1751,14
1701208800,0.61379,0.61379,0.61245,0.61299,1759,14
1701212400,0.61299,0.6137,0.61291,0.61353,708,14
1701216000,0.61351,0.61372,0.61302,0.61334,580,17
1701219600,0.61334,0.61487,0.61334,0.61446,1269,14
1701223200,0.61445,0.61509,0.61334,0.6148,2135,14
1701226800,0.61482,0.62074,0.6148,0.61916,4439,14
1701230400,0.61916,0.61965,0.61862,0.61937,2501,14
1701234000,0.61937,0.61951,0.61825,0.61887,1534,15
1701237600,0.61883,0.61999,0.6186,0.61966,1168,15
1701241200,0.61966,0.62033,0.61874,0.61918,1679,15
1701244800,0.61918,0.61922,0.61802,0.6181,2304,14
1701248400,0.6181,0.6181,0.61577,0.61588,2843,14
1701252000,0.6159,0.61713,0.61577,0.61682,2889,14
1701255600,0.61682,0.6169,0.61444,0.6152,2583,14
1701259200,0.61519,0.61534,0.61439,0.61468,2100,14
1701262800,0.61468,0.61536,0.6144,0.61528,1583,14
1701266400,0.61528,0.61594,0.61494,0.61562,2017,14
1701270000,0.61562,0.61665,0.61444,0.61461,4677,14
1701273600,0.61462,0.61629,0.61411,0.61595,4103,14
1701277200,0.61595,0.61713,0.61389,0.61549,4776,14
1701280800,0.61549,0.61565,0.61371,0.6147,3017,15
1701284400,0.6147,0.6154,0.61446,0.6153,1502,14
1701288000,0.61528,0.61627,0.61485,0.61616,1569,14
1701291600,0.61616,0.61682,0.61546,0.61559,1640,14
1701295200,0.61559,0.6156,0.61482,0.6151,1374,15
1701298800,0.61511,0.61572,0.61506,0.61543,632,15
1701302400,0.61498,0.6158,0.61495,0.6155,1240,15
1701306000,0.6155,0.61594,0.61532,0.61532,600,14
1701309600,0.61532,0.617,0.61517,0.61695,1436,14
1701313200,0.61694,0.61732,0.61612,0.61663,2450,14
1701316800,0.61663,0.61815,0.61648,0.61794,2150,14
1701320400,0.61795,0.61799,0.61741,0.61778,940,17
1701324000,0.61778,0.61808,0.6176,0.61765,845,14
1701327600,0.61768,0.61772,0.61647,0.6167,1160,16
1701331200,0.6167,0.61777,0.61669,0.61745,1349,15
1701334800,0.61746,0.61768,0.61582,0.61732,2336,14
1701338400,0.61734,0.61769,0.61564,0.61608,2757,14
1701342000,0.61608,0.61654,0.6152,0.61531,2556,14
1701345600,0.61531,0.61545,0.61379,0.61456,1844,15
1701349200,0.61458,0.61483,0.61378,0.61397,1725,14
1701352800,0.61398,0.61525,0.61394,0.61471,1839,15
1701356400,0.61475,0.61677,0.61383,0.61428,4789,14
1701360000,0.61427,0.61505,0.61202,0.61369,5809,14
1701363600,0.6137,0.61765,0.61354,0.61748,5953,14
1701367200,0.61748,0.61804,0.61608,0.61631,4958,14
1701370800,0.61631,0.61666,0.6148,0.61526,2611,14
1701374400,0.61526,0.61621,0.6148,0.61521,1523,14
1701378000,0.61522,0.61608,0.61522,0.6159,944,14
1701381600,0.6159,0.61604,0.61502,0.61569,1061,14
1701385200,0.6157,0.61579,0.61526,0.61527,679,14
1701388800,0.61528,0.61546,0.61439,0.6151,356,23
1701392400,0.6151,0.61586,0.61503,0.61558,802,16
1701396000,0.61558,0.61719,0.61553,0.61714,1478,16
1701399600,0.61714,0.61916,0.61714,0.61894,2451,15
1701403200,0.61894,0.6191,0.61794,0.61796,1947,15
1701406800,0.61796,0.618,0.61594,0.61608,1515,14
1701410400,0.61608,0.61667,0.61596,0.61631,741,14
1701414000,0.61631,0.61666,0.61584,0.61645,1611,15
1701417600,0.61645,0.61658,0.61535,0.61537,1322,15
1701421200,0.61535,0.61573,0.61503,0.6153,1854,15
1701424800,0.61531,0.61725,0.6153,0.6171,2700,15
1701428400,0.61711,0.61848,0.61694,0.61805,2183,14
1701432000,0.61804,0.61812,0.61685,0.61718,1348,15
1701435600,0.61718,0.61752,0.61654,0.61694,1270,14
1701439200,0.61694,0.61737,0.61597,0.61617,1569,14
1701442800,0.61617,0.6172,0.61578,0.61583,3227,14
1701446400,0.61581,0.61645,0.6154,0.61542,4237,14
1701450000,0.61612,0.61807,0.61607,0.61759,6313,14
1701453600,0.61759,0.61989,0.61663,0.61944,6758,14
1701457200,0.61944,0.62022,0.61903,0.61993,3345,14
1701460800,0.61991,0.62039,0.61964,0.61998,2581,14
1701464400,0.61997,0.62029,0.61957,0.62005,1936,15
1701468000,0.62005,0.62045,0.61986,0.62026,1160,15
1701471600,0.62026,0.62092,0.62026,0.62081,2103,14
1701648000,0.61892,0.62043,0.6186,0.62006,598,26
1701651600,0.62006,0.62182,0.62006,0.62144,2836,15
1701655200,0.62144,0.62217,0.62096,0.6212,2194,14
1701658800,0.6212,0.62133,0.61955,0.62003,2528,14
1701662400,0.62003,0.62102,0.61993,0.62039,1944,14
1701666000,0.62039,0.62092,0.61941,0.61945,1809,14
1701669600,0.61945,0.61965,0.61918,0.6195,1192,15
1701673200,0.6195,0.61987,0.61916,0.61935,1134,14
1701676800,0.61935,0.61983,0.61802,0.61817,1413,14
1701680400,0.61819,0.61851,0.61736,0.61748,1965,14
1701684000,0.61748,0.61818,0.6173,0.61813,2594,14
1701687600,0.61813,0.61939,0.61801,0.61891,1967,14
1701691200,0.61892,0.61948,0.61819,0.61945,2180,14
1701694800,0.61945,0.61989,0.61899,0.61935,2172,14
1701698400,0.61934,0.61977,0.61893,0.61953,1731,14
1701702000,0.61951,0.61957,0.61831,0.61865,3171,14
1701705600,0.61864,0.61871,0.61623,0.61747,4431,14
1701709200,0.61759,0.61825,0.6157,0.61631,5529,14
1701712800,0.61632,0.6171,0.61599,0.61669,2831,14
1701716400,0.61669,0.61729,0.61655,0.61672,1997,14
1701720000,0.61671,0.61681,0.61504,0.61547,1757,14
1701723600,0.61547,0.61639,0.61547,0.61639,1220,15
1701727200,0.6164,0.61681,0.61632,0.61654,1338,14
1701730800,0.61654,0.61659,0.61618,0.61632,555,15
1701734400,0.61633,0.61642,0.61515,0.61603,438,20
1701738000,0.61603,0.61666,0.61596,0.61637,944,15
1701741600,0.61637,0.61733,0.61608,0.61693,1492,15
1701745200,0.61691,0.61725,0.61552,0.61633,2367,14
1701748800,0.61633,0.6166,0.61442,0.61452,1916,15
1701752400,0.61453,0.61544,0.61384,0.61442,2264,15
1701756000,0.61439,0.61537,0.61423,0.61513,1074,14
1701759600,0.61515,0.61563,0.61474,0.6153,1311,15
1701763200,0.6153,0.61567,0.61481,0.61523,1713,16
1701766800,0.61527,0.61574,0.61434,0.61461,2859,15
1701770400,0.6146,0.61613,0.6146,0.61561,2867,15
1701774000,0.6156,0.61579,0.61447,0.61486,2548,16
1701777600,0.61482,0.61501,0.61423,0.61472,1930,15
1701781200,0.61472,0.61531,0.61361,0.61404,2118,14
1701784800,0.61404,0.61433,0.61362,0.61369,2179,15
1701788400,0.61367,0.6141,0.61321,0.6137,3407,14
1701792000,0.6137,0.61382,0.61248,0.61289,4000,14
1701795600,0.61291,0.61556,0.61282,0.61424,7092,14
1701799200,0.61423,0.61454,0.61248,0.61299,4450,14
1701802800,0.61299,0.61415,0.61295,0.6136,2113,14
1701806400,0.61359,0.61374,0.61281,0.61328,1347,16
1701810000,0.61328,0.61345,0.61275,0.61277,1117,14
1701813600,0.61276,0.61314,0.61259,0.61268,1304,14
1701817200,0.61268,0.61294,0.61257,0.61279,580,14
1701820800,0.61278,0.61294,0.61268,0.61288,441,19
1701824400,0.61288,0.61363,0.61276,0.61323,580,16
1701828000,0.61323,0.61472,0.61323,0.61455,1756,14
1701831600,0.61456,0.61644,0.61454,0.61629,2130,14
1701835200,0.61629,0.6167,0.61594,0.6165,1454,15
1701838800,0.6165,0.61697,0.6164,0.61672,844,14
1701842400,0.61673,0.61692,0.6163,0.61639,769,14
1701846000,0.61639,0.61712,0.61601,0.6166,1717,16
1701849600,0.61659,0.61664,0.61569,0.6159,1277,14
1701853200,0.61593,0.61759,0.61577,0.61734,2484,14
1701856800,0.61734,0.61757,0.61514,0.61515,2894,14
1701860400,0.61518,0.61582,0.61432,0.6146,2101,14
1701864000,0.6146,0.61494,0.61424,0.61489,1540,15
1701867600,0.61488,0.61515,0.61403,0.61496,1398,14
1701871200,0.61496,0.61579,0.61482,0.61534,1807,14
1701874800,0.61533,0.61661,0.61515,0.61646,3853,15
1701878400,0.61646,0.6168,0.6157,0.6165,3373,14
1701882000,0.6165,0.6168,0.61562,0.61569,4046,14
1701885600,0.61568,0.61644,0.61508,0.61537,3076,14
1701889200,0.61537,0.61572,0.61508,0.6152,1718,14
1701892800,0.61326,0.61582,0.61294,0.61567,1193,14
1701896400,0.61567,0.61569,0.61421,0.61434,1001,15
1701900000,0.61434,0.61436,0.61331,0.61377,1449,14
1701903600,0.61377,0.61384,0.61345,0.6136,567,14
1701907200,0.6136,0.6139,0.61277,0.61377,429,18
1701910800,0.6138,0.61398,0.61367,0.61389,613,16
1701914400,0.61389,0.61447,0.61356,0.61388,1070,15
1701918000,0.61388,0.6142,0.61311,0.61341,1658,15
1701921600,0.61341,0.61381,0.6117,0.61185,1760,15
1701925200,0.61187,0.61216,0.61124,0.61153,1297,14
1701928800,0.61153,0.61241,0.61145,0.61204,1166,15
1701932400,0.61204,0.61229,0.61181,0.61211,2005,15
1701936000,0.61214,0.61334,0.61193,0.61276,2382,16
1701939600,0.61274,0.61424,0.61274,0.61361,3186,15
1701943200,0.61361,0.61416,0.61294,0.61324,2984,15
1701946800,0.61322,0.615,0.61293,0.61495,2560,14
1701950400,0.61495,0.61522,0.61416,0.61474,2383,14
1701954000,0.61474,0.61504,0.61377,0.61414,2035,14
1701957600,0.61414,0.61428,0.61307,0.61366,2024,15
1701961200,0.61367,0.61599,0.61264,0.61549,4909,14
1701964800,0.61549,0.61562,0.61412,0.61414,4337,14
1701968400,0.61412,0.61606,0.61396,0.6159,4859,14
1701972000,0.61591,0.61716,0.61591,0.61695,3177,14
1701975600,0.61695,0.61926,0.61607,0.61817,3558,14
1701979200,0.61807,0.61811,0.61718,0.61729,2325,14
1701982800,0.61729,0.61776,0.61699,0.61715,1431,14
1701986400,0.61715,0.61748,0.61696,0.61708,1000,14
1701990000,0.61708,0.6172,0.61664,0.61682,843,14
1701993600,0.61682,0.61713,0.61445,0.61626,925,15
1701997200,0.61632,0.61689,0.61592,0.61596,1070,15
1702000800,0.61598,0.61695,0.61594,0.6166,2874,15
1702004400,0.61658,0.61735,0.61604,0.61666,3724,14
1702008000,0.61667,0.61741,0.61634,0.61649,2171,14
1702011600,0.61649,0.61685,0.6156,0.61621,1749,15
1702015200,0.61621,0.6169,0.61596,0.61685,1745,14
1702018800,0.61685,0.61701,0.61598,0.61612,1607,14
1702022400,0.61609,0.61647,0.61569,0.61584,1824,14
1702026000,0.61587,0.61589,0.61502,0.61533,3260,14
1702029600,0.61533,0.6157,0.61455,0.61497,3265,14
1702033200,0.61497,0.61504,0.6142,0.61457,2762,14
1702036800,0.61457,0.61539,0.61453,0.61494,2278,14
1702040400,0.61494,0.61534,0.61447,0.61477,2092,14
1702044000,0.61477,0.61535,0.61421,0.61448,2523,14
1702047600,0.61449,0.61492,0.61107,0.6129,7091,14
1702051200,0.61291,0.61299,0.6103,0.61193,7578,14
1702054800,0.61201,0.61414,0.61197,0.61264,6284,14
1702058400,0.61265,0.61271,0.61142,0.61155,3541,14
1702062000,0.61157,0.61236,0.61088,0.61223,3016,15
1702065600,0.61224,0.61264,0.61216,0.61234,1524,15
1702069200,0.61233,0.61263,0.61221,0.61231,767,14
1702072800,0.61231,0.6124,0.61202,0.61202,853,16
1702076400,0.61206,0.61238,0.61177,0.61205,694,15
1702252800,0.61092,0.61197,0.6109,0.61147,299,42
1702256400,0.6119,0.61259,0.6119,0.61232,908,14
1702260000,0.6123,0.6131,0.61211,0.61219,1871,14
1702263600,0.6122,0.61238,0.61095,0.61112,3111,14
1702267200,0.61113,0.61179,0.61101,0.61179,1983,14
1702270800,0.61179,0.61197,0.6114,0.61145,1075,15
1702274400,0.61145,0.6115,0.61051,0.6108,1116,15
1702278000,0.61081,0.61137,0.61077,0.61132,967,15
1702281600,0.6113,0.61181,0.61115,0.61144,1732,15
1702285200,0.61145,0.61165,0.61042,0.61056,3144,14
1702288800,0.61056,0.61152,0.61042,0.61077,3436,14
1702292400,0.61078,0.61134,0.61052,0.61103,2273,14
1702296000,0.61104,0.61191,0.61101,0.6116,1731,14
1702299600,0.6116,0.61237,0.61129,0.61228,1950,14
1702303200,0.61228,0.61248,0.6113,0.61152,2046,14
1702306800,0.61152,0.61215,0.61066,0.61213,2874,14
1702310400,0.61215,0.61312,0.61182,0.61194,3755,14
1702314000,0.61192,0.61287,0.6114,0.61187,3339,14
1702317600,0.61186,0.61219,0.61123,0.61174,3215,14
1702321200,0.61174,0.61204,0.61119,0.61133,2760,14
1702324800,0.61133,0.6127,0.6112,0.61266,1855,14
1702328400,0.61267,0.6131,0.61228,0.61244,1282,14
1702332000,0.61246,0.61266,0.61235,0.61242,1023,14
1702335600,0.61241,0.61249,0.61201,0.61224,694,14
1702339200,0.61224,0.61224,0.61182,0.612,215,19
1702342800,0.612,0.61238,0.61175,0.61214,722,16
1702346400,0.61214,0.61305,0.61189,0.61266,1778,14
1702350000,0.61266,0.61365,0.61263,0.61337,2040,14
1702353600,0.61336,0.61402,0.61312,0.61319,1386,14
1702357200,0.61319,0.61479,0.61308,0.61441,1462,14
1702360800,0.61441,0.61491,0.61439,0.61461,846,14
1702364400,0.61462,0.61576,0.61462,0.61568,1162,14
1702368000,0.61568,0.61595,0.61516,0.61589,1177,14
1702371600,0.61593,0.61626,0.61521,0.61539,2217,14
1702375200,0.6154,0.6154,0.61418,0.61419,2737,14
1702378800,0.61415,0.61522,0.6139,0.61512,2144,14
1702382400,0.61512,0.61579,0.615,0.61508,1782,14
1702386000,0.61508,0.61565,0.61429,0.61468,1803,14
1702389600,0.61467,0.61497,0.6145,0.61468,1827,14
1702393200,0.61468,0.61686,0.61181,0.61206,6483,14
1702396800,0.6121,0.61367,0.61043,0.61132,6282,14
1702400400,0.61135,0.6127,0.61097,0.61265,4476,14
1702404000,0.61267,0.61336,0.6124,0.6128,2930,14
1702407600,0.61281,0.61296,0.61187,0.61205,2841,14
1702411200,0.61233,0.61308,0.612,0.61298,2339,14
1702414800,0.61297,0.61316,0.61238,0.61271,1196,14
1702418400,0.61271,0.61324,0.61265,0.61297,1074,14
1702422000,0.61296,0.61333,0.61291,0.61326,697,14
1702425600,0.61305,0.61329,0.61248,0.61298,1170,14
1702429200,0.61298,0.61362,0.61292,0.61357,676,16
1702432800,0.61359,0.61383,0.61301,0.61314,1081,14
1702436400,0.61313,0.61339,0.61137,0.61172,1885,14
1702440000,0.61172,0.6118,0.61062,0.61067,1699,14
1702443600,0.61067,0.6108,0.61004,0.61034,1297,14
1702447200,0.61033,0.61033,0.60927,0.60968,1359,14
1702450800,0.60968,0.61021,0.60954,0.60978,1386,14
1702454400,0.60978,0.61023,0.60891,0.60931,1611,14
1702458000,0.60931,0.60949,0.60867,0.60924,2157,14
1702461600,0.60924,0.60973,0.60852,0.60885,2594,14
1702465200,0.60884,0.60993,0.60833,0.60963,2332,14
1702468800,0.60962,0.60979,0.60897,0.60951,1905,14
1702472400,0.6095,0.60975,0.60912,0.60963,1514,14
1702476000,0.60966,0.60987,0.6093,0.60945,1381,14
1702479600,0.60946,0.61171,0.60922,0.61161,3586,14
1702483200,0.61161,0.61239,0.61104,0.61118,3861,14
1702486800,0.61117,0.61236,0.61095,0.61235,3120,14
1702490400,0.61236,0.61243,0.6117,0.61229,2174,14
1702494000,0.61229,0.61262,0.61189,0.61204,1707,14
1702497600,0.61204,0.61209,0.6108,0.6108,1542,14
1702501200,0.6108,0.62039,0.6108,0.62034,9163,14
1702504800,0.62035,0.6211,0.61924,0.62048,6241,14
1702508400,0.62048,0.62127,0.61715,0.61732,2574,14
1702512000,0.61732,0.61766,0.61637,0.61732,856,15
1702515600,0.61732,0.61969,0.61732,0.61906,1762,14
1702519200,0.61906,0.62152,0.61884,0.62142,3629,14
1702522800,0.62142,0.6223,0.62046,0.62153,4045,14
1702526400,0.62153,0.62441,0.62134,0.62385,3665,14
1702530000,0.62385,0.62488,0.62352,0.62379,3270,14
1702533600,0.62379,0.62413,0.62305,0.6233,2463,14
1702537200,0.62326,0.62389,0.62294,0.6238,2634,14
1702540800,0.6238,0.6243,0.6231,0.62359,2215,14
1702544400,0.62359,0.62385,0.62142,0.62157,3667,15
1702548000,0.62157,0.62211,0.61918,0.61921,5110,14
1702551600,0.61921,0.62188,0.61913,0.62169,4201,14
1702555200,0.62164,0.62167,0.62068,0.62119,3243,14
1702558800,0.62119,0.6219,0.62101,0.62121,2946,14
1702562400,0.62121,0.62175,0.62069,0.62089,3781,14
1702566000,0.62089,0.62094,0.61858,0.6205,7712,14
1702569600,0.62051,0.62172,0.6186,0.62093,6618,14
1702573200,0.62094,0.62164,0.61848,0.62042,6045,14
1702576800,0.62042,0.62218,0.62027,0.62188,4261,15
1702580400,0.62192,0.6228,0.62144,0.62208,2968,14
1702584000,0.62208,0.62209,0.61993,0.62033,2388,14
1702587600,0.62033,0.62102,0.62012,0.62055,2062,14
1702591200,0.62055,0.62123,0.62048,0.62107,1808,14
1702594800,0.62106,0.62114,0.62028,0.62046,925,14
1702598400,0.62003,0.62065,0.61944,0.62006,617,18
1702602000,0.62001,0.62126,0.62,0.62125,1282,14
1702605600,0.62126,0.62134,0.61948,0.62008,2147,14
1702609200,0.62008,0.62045,0.61961,0.61972,2230,15
1702612800,0.6197,0.62212,0.61968,0.62169,2423,14
1702616400,0.62169,0.62187,0.62104,0.62168,1521,14
1702620000,0.62168,0.62213,0.62138,0.62167,1538,14
1702623600,0.62168,0.6217,0.61989,0.61991,2278,14
1702627200,0.61991,0.61992,0.61928,0.61984,2220,14
1702630800,0.61977,0.62091,0.61925,0.62077,2950,14
1702634400,0.62077,0.62206,0.62073,0.6218,3895,14
1702638000,0.6218,0.6224,0.62145,0.62223,2747,14
1702641600,0.62223,0.62257,0.62169,0.62206,2030,14
1702645200,0.62207,0.62247,0.62179,0.62194,2023,14
1702648800,0.62194,0.62238,0.62121,0.62126,2135,14
1702652400,0.62126,0.62216,0.61772,0.61848,5376,14
1702656000,0.61848,0.62074,0.61841,0.62031,6616,14
1702659600,0.62036,0.62209,0.61999,0.62193,5067,14
1702663200,0.62193,0.62287,0.6213,0.62183,3413,14
1702666800,0.62183,0.62215,0.62103,0.62126,2066,15
1702670400,0.62125,0.62134,0.61997,0.62016,1867,14
1702674000,0.62014,0.62083,0.61992,0.62082,2226,15
1702677600,0.6208,0.62165,0.62077,0.62111,2561,15
1702681200,0.6211,0.62136,0.62048,0.62054,1218,14
1702857600,0.6189,0.6205,0.6189,0.61995,1024,46
1702861200,0.61995,0.62122,0.61995,0.62083,964,15
1702864800,0.62083,0.62226,0.62073,0.62224,2049,14
1702868400,0.62225,0.62317,0.62109,0.62214,2829,14
1702872000,0.62215,0.62306,0.62199,0.62294,1877,14
1702875600,0.62294,0.62417,0.62281,0.62376,1315,15
1702879200,0.62376,0.62399,0.6231,0.62356,888,14
1702882800,0.62356,0.62387,0.62319,0.62359,1267,14
1702886400,0.62361,0.62449,0.62337,0.62407,1359,15
1702890000,0.62407,0.62439,0.62345,0.62404,2288,14
1702893600,0.62403,0.62456,0.62352,0.62423,3479,14
1702897200,0.62421,0.62503,0.62403,0.62448,2455,14
1702900800,0.62448,0.62449,0.62259,0.62274,1933,14
1702904400,0.62275,0.62335,0.62245,0.62312,2124,14
1702908000,0.62312,0.62354,0.62276,0.62309,1807,14
1702911600,0.62309,0.62411,0.62298,0.62323,3164,14
1702915200,0.62324,0.62333,0.62205,0.62264,4154,14
1702918800,0.62264,0.62287,0.6202,0.6204,3952,14
1702922400,0.62041,0.62111,0.62025,0.62045,2738,14
1702926000,0.62044,0.62092,0.62013,0.62088,2057,14
1702929600,0.62088,0.62113,0.62048,0.62094,1683,15
1702933200,0.62094,0.62105,0.62026,0.62092,1375,14
1702936800,0.62092,0.62105,0.62059,0.62085,1167,14
1702940400,0.62085,0.62141,0.62083,0.62107,713,14
1702944000,0.62107,0.6213,0.62036,0.62094,488,15
1702947600,0.62094,0.62137,0.62088,0.62136,874,14
1702951200,0.62136,0.62212,0.62134,0.62184,1904,15
1702954800,0.62184,0.62241,0.62147,0.62177,2253,14
1702958400,0.62177,0.62263,0.62149,0.62241,2815,14
1702962000,0.6224,0.62362,0.62227,0.62269,2412,14
1702965600,0.62267,0.62314,0.62243,0.62292,1408,14
1702969200,0.6229,0.62334,0.62252,0.62284,1647,14
1702972800,0.62284,0.62321,0.62245,0.62247,2550,14
1702976400,0.62245,0.6232,0.62186,0.62202,3188,14
1702980000,0.62202,0.62375,0.62202,0.62337,2584,14
1702983600,0.62336,0.62382,0.62309,0.62382,1547,14
1702987200,0.62379,0.62392,0.62298,0.62319,1479,14
1702990800,0.6232,0.62357,0.6231,0.62343,1536,14
1702994400,0.62343,0.62458,0.62335,0.62439,1781,14
1702998000,0.62439,0.62535,0.62435,0.62502,2811,14
1703001600,0.62503,0.62636,0.62455,0.62618,3463,14
1703005200,0.62618,0.62701,0.6259,0.6267,4028,14
1703008800,0.62671,0.62719,0.62641,0.62673,2848,14
1703012400,0.62673,0.62686,0.62637,0.6266,2102,14
1703016000,0.6266,0.62718,0.62642,0.62666,1517,14
1703019600,0.62666,0.62694,0.62642,0.62656,1348,14
1703023200,0.62657,0.62661,0.62606,0.62654,1271,14
1703026800,0.62653,0.62713,0.62646,0.6271,500,14
1703030400,0.6271,0.6271,0.6263,0.62694,501,20
1703034000,0.62694,0.62715,0.62643,0.62649,1122,16
1703037600,0.62649,0.62677,0.62618,0.62625,1674,14
1703041200,0.62627,0.62666,0.62584,0.62639,2418,14
1703044800,0.62639,0.62651,0.6256,0.62619,1847,15
1703048400,0.62619,0.62771,0.62619,0.62759,1396,14
1703052000,0.6276,0.62808,0.62743,0.62789,1331,15
1703055600,0.62789,0.62806,0.62749,0.62772,1705,15
1703059200,0.62772,0.62779,0.62717,0.62735,1580,14
1703062800,0.62738,0.62862,0.62713,0.62817,3252,14
1703066400,0.62817,0.6294,0.62788,0.62851,3228,14
1703070000,0.62852,0.62887,0.62814,0.62875,2270,14
1703073600,0.62874,0.62897,0.62826,0.62838,1673,14
1703077200,0.62836,0.62931,0.62834,0.62887,1749,14
1703080800,0.62888,0.6289,0.62794,0.62821,1952,14
1703084400,0.62821,0.62931,0.62785,0.62925,2144,14
1703088000,0.62929,0.62944,0.62872,0.62927,3051,14
1703091600,0.62928,0.62978,0.62828,0.62894,4166,14
1703095200,0.62894,0.6291,0.62792,0.62806,2847,14
1703098800,0.62803,0.62843,0.62755,0.62824,2117,14
1703102400,0.62821,0.6287,0.62801,0.62839,2147,14
1703106000,0.62839,0.62857,0.62631,0.62671,2576,14
1703109600,0.62671,0.62671,0.62503,0.62505,4246,14
1703113200,0.62503,0.6256,0.62456,0.62457,1617,14
1703116800,0.62457,0.62495,0.62336,0.62465,394,15
1703120400,0.62466,0.62537,0.62466,0.62527,1071,15
1703124000,0.62527,0.62613,0.62518,0.62594,1229,15
1703127600,0.62592,0.62607,0.62528,0.62548,2051,14
1703131200,0.62547,0.62577,0.62427,0.62463,1774,14
1703134800,0.62463,0.62512,0.62457,0.62507,817,14
1703138400,0.62507,0.62507,0.62472,0.62479,825,14
1703142000,0.62479,0.6252,0.6247,0.62507,872,14
1703145600,0.62507,0.62519,0.62421,0.62423,1316,14
1703149200,0.62423,0.62458,0.6238,0.62441,2055,14
1703152800,0.62442,0.62494,0.62428,0.62464,2780,15
1703156400,0.62464,0.62551,0.62453,0.6251,1975,14
1703160000,0.62509,0.62533,0.62453,0.62509,1990,14
1703163600,0.62507,0.62641,0.625,0.62632,1905,14
1703167200,0.62632,0.62661,0.62549,0.6261,1676,14
1703170800,0.6261,0.62918,0.62531,0.62826,5146,14
1703174400,0.62829,0.629,0.6276,0.62824,5480,14
1703178000,0.62824,0.62844,0.62656,0.62819,5710,14
1703181600,0.62819,0.62944,0.62803,0.62822,4375,14
1703185200,0.62823,0.62833,0.62733,0.6276,3400,14
1703188800,0.62758,0.62813,0.62684,0.62739,3475,14
1703192400,0.62739,0.62863,0.62729,0.62853,2171,14
1703196000,0.62853,0.62919,0.62807,0.62913,1539,14
1703199600,0.62914,0.62952,0.62902,0.62931,789,14
1703203200,0.62931,0.62957,0.62746,0.62916,1003,22
1703206800,0.6292,0.6297,0.6291,0.62931,793,14
1703210400,0.62931,0.62976,0.62865,0.62915,1715,14
1703214000,0.62915,0.62956,0.62861,0.62869,2223,15
1703217600,0.62869,0.62894,0.62836,0.62856,1971,15
1703221200,0.62856,0.62887,0.62768,0.62797,1854,15
1703224800,0.62797,0.62857,0.62794,0.62853,1325,16
1703228400,0.62852,0.62852,0.62773,0.62786,1902,14
1703232000,0.62786,0.62829,0.62755,0.62782,1292,14
1703235600,0.62783,0.62839,0.62769,0.62811,2085,15
1703239200,0.62811,0.62852,0.62749,0.62801,3256,14
1703242800,0.628,0.62885,0.62799,0.62852,2528,14
1703246400,0.62853,0.62953,0.62852,0.6295,1886,15
1703250000,0.6295,0.63033,0.62936,0.6302,1917,14
1703253600,0.6302,0.63053,0.62928,0.62942,2319,14
1703257200,0.62943,0.6309,0.62846,0.63081,5285,15
1703260800,0.6308,0.63158,0.63041,0.63061,4521,14
1703264400,0.63061,0.63172,0.63034,0.63062,4128,14
1703268000,0.63065,0.63077,0.62886,0.62938,3384,14
1703271600,0.6294,0.62989,0.62876,0.62974,2943,15
1703275200,0.62975,0.62989,0.62942,0.62984,1297,14
1703278800,0.62984,0.62984,0.62857,0.62952,2356,14
1703282400,0.62952,0.62975,0.62906,0.6293,1792,14
1703286000,0.62929,0.62963,0.62926,0.62944,893,16
1703548800,0.62956,0.6298,0.62823,0.62872,143,88
1703552400,0.62879,0.63048,0.62879,0.63022,929,16
1703556000,0.63022,0.63159,0.63011,0.63118,1092,16
1703559600,0.63118,0.6318,0.63094,0.63172,1444,14
1703563200,0.63171,0.63211,0.63164,0.63206,1257,15
1703566800,0.63205,0.63222,0.63193,0.63218,851,14
1703570400,0.63218,0.63227,0.6319,0.63203,602,18
1703574000,0.63203,0.63249,0.63197,0.63239,1058,15
1703577600,0.63239,0.6324,0.63194,0.63196,964,14
1703581200,0.63195,0.63195,0.63082,0.63088,1414,14
1703584800,0.63087,0.63097,0.63013,0.63035,1263,14
1703588400,0.63034,0.63064,0.63016,0.63057,1012,16
1703592000,0.63057,0.63127,0.63056,0.63114,1104,16
1703595600,0.63114,0.63136,0.63079,0.63103,1282,16
1703599200,0.63102,0.63146,0.63082,0.63138,1047,14
1703602800,0.63138,0.63215,0.63137,0.63191,2318,14
1703606400,0.63192,0.63232,0.63125,0.63145,2562,14
1703610000,0.63144,0.63209,0.63129,0.63151,2345,15
1703613600,0.63152,0.63227,0.63146,0.63188,2156,14
1703617200,0.63188,0.63225,0.63162,0.63176,2062,14
1703620800,0.63176,0.63209,0.63164,0.63183,2704,14
1703624400,0.63185,0.63308,0.63183,0.63306,1488,14
1703628000,0.63305,0.63314,0.6327,0.63283,1507,14
1703631600,0.63283,0.63289,0.63248,0.63264,589,16
1703635200,0.63264,0.63269,0.63129,0.63267,468,20
1703638800,0.63267,0.63336,0.6326,0.63287,820,16
1703642400,0.63287,0.63311,0.63201,0.63226,1207,16
1703646000,0.63226,0.63283,0.63206,0.63278,1838,14
1703649600,0.63278,0.63331,0.63225,0.63322,1767,14
1703653200,0.63322,0.63335,0.63294,0.63299,1070,16
1703656800,0.63299,0.63358,0.63297,0.63354,903,15
1703660400,0.63354,0.63356,0.63306,0.63321,1035,15
1703664000,0.63321,0.63339,0.63293,0.63321,1090,15
1703667600,0.63321,0.63329,0.63253,0.63258,1765,16
1703671200,0.63259,0.63309,0.63153,0.63159,2479,15
1703674800,0.63159,0.63294,0.63155,0.63257,1678,16
1703678400,0.63257,0.63275,0.63169,0.63251,1405,15
1703682000,0.63251,0.6333,0.6324,0.63303,1336,14
1703685600,0.63303,0.63316,0.63257,0.6327,1633,15
1703689200,0.6327,0.63306,0.63212,0.63228,2111,14
1703692800,0.63226,0.63346,0.63211,0.6333,2888,14
1703696400,0.6333,0.63405,0.63311,0.63393,2821,14
1703700000,0.63388,0.63478,0.63359,0.63407,2820,14
1703703600,0.63407,0.63411,0.63358,0.63378,1716,14
1703707200,0.63376,0.63457,0.63363,0.63407,2107,14
1703710800,0.63407,0.63423,0.63313,0.63335,2156,14
1703714400,0.63337,0.63402,0.63336,0.6339,1601,14
1703718000,0.63389,0.63408,0.63337,0.63393,669,14
1703721600,0.63338,0.63394,0.63337,0.63376,240,22
1703725200,0.63376,0.6348,0.63376,0.6347,634,16
1703728800,0.6347,0.63582,0.63465,0.63563,1384,14
1703732400,0.63563,0.63654,0.63552,0.63651,1750,14
1703736000,0.63652,0.63685,0.63537,0.63559,1564,14
1703739600,0.63559,0.63613,0.63533,0.6357,1099,15
1703743200,0.63569,0.63569,0.63429,0.63448,986,15
1703746800,0.63448,0.63491,0.63421,0.63447,1417,15
1703750400,0.63447,0.63468,0.63388,0.6343,1388,15
1703754000,0.63428,0.63524,0.6341,0.63524,1858,14
1703757600,0.63527,0.63545,0.6332,0.63349,2558,14
1703761200,0.63349,0.63365,0.63258,0.6327,2570,14
1703764800,0.6327,0.63414,0.63267,0.63408,1883,14
1703768400,0.63409,0.63421,0.63346,0.63389,1734,15
1703772000,0.63389,0.63399,0.63309,0.63357,1585,14
1703775600,0.63359,0.63445,0.63283,0.6329,3433,15
1703779200,0.63289,0.63526,0.63289,0.6351,3329,14
1703782800,0.63511,0.63628,0.63483,0.63562,3856,14
1703786400,0.63562,0.63565,0.63409,0.63428,3326,14
1703790000,0.63428,0.63494,0.63396,0.63472,1988,14
1703793600,0.63472,0.63472,0.63315,0.63355,2128,14
1703797200,0.63356,0.63359,0.63234,0.633,1314,14
1703800800,0.633,0.63333,0.63282,0.63304,1128,14
1703804400,0.63304,0.63322,0.63283,0.63309,772,16
1703808000,0.63309,0.63337,0.63248,0.6331,461,18
1703811600,0.63311,0.63337,0.63288,0.63334,680,16
1703815200,0.63334,0.63416,0.63332,0.63384,1533,14
1703818800,0.63384,0.63481,0.63358,0.63463,2389,14
1703822400,0.63461,0.6349,0.63438,0.63453,1707,16
1703826000,0.63453,0.63469,0.63383,0.63464,1179,14
1703829600,0.63464,0.63519,0.63443,0.63509,1033,14
1703833200,0.63509,0.63543,0.63491,0.63529,1374,15
1703836800,0.63528,0.6358,0.63523,0.63544,1411,14
1703840400,0.63544,0.63577,0.63414,0.63419,1576,14
1703844000,0.63418,0.63461,0.63329,0.63333,2443,14
1703847600,0.63333,0.63351,0.63104,0.63107,2442,14
1703851200,0.63107,0.63144,0.63046,0.63134,2387,14
1703854800,0.63137,0.63213,0.63121,0.63187,2193,14
1703858400,0.63187,0.63207,0.63065,0.63089,2377,14
1703862000,0.63089,0.6313,0.63038,0.63056,2756,14
1703865600,0.63055,0.63325,0.63043,0.63314,3132,14
1703869200,0.63315,0.6346,0.63213,0.63299,4036,14
1703872800,0.63299,0.63397,0.63274,0.63368,4105,14
1703876400,0.6337,0.63447,0.63345,0.6342,2542,15
1703880000,0.63419,0.63421,0.6328,0.63288,2595,15
1703883600,0.63289,0.63297,0.63124,0.63198,1730,14
1703887200,0.63198,0.63243,0.63179,0.63218,1493,16
1703890800,0.63218,0.63222,0.63156,0.63183,865,16
1704153600,0.63137,0.63226,0.631,0.6316,261,33
1704157200,0.63166,0.63215,0.63122,0.63134,887,15
1704160800,0.63134,0.63185,0.63109,0.63133,1082,14
1704164400,0.63128,0.63199,0.63024,0.63034,2700,15
1704168000,0.63034,0.63059,0.62931,0.62956,1731,14
1704171600,0.62959,0.63025,0.62928,0.63006,1586,15
1704175200,0.63004,0.63052,0.62989,0.63027,1069,15
1704178800,0.63029,0.63156,0.63028,0.63151,1950,14
1704182400,0.63151,0.63162,0.63079,0.63094,1502,14
1704186000,0.63094,0.63119,0.62999,0.63015,2672,15
1704189600,0.63017,0.63127,0.62998,0.63044,3550,14
1704193200,0.63043,0.63148,0.63038,0.63098,2620,14
1704196800,0.63097,0.63126,0.63013,0.63076,2279,14
1704200400,0.63076,0.63079,0.62764,0.62803,2765,14
1704204000,0.62802,0.62824,0.62694,0.62711,3036,14
1704207600,0.62711,0.62757,0.6266,0.62685,3216,15
1704211200,0.62684,0.62774,0.62639,0.62774,4851,14
1704214800,0.62773,0.62819,0.62523,0.62607,5347,14
1704218400,0.62607,0.62718,0.62545,0.62598,3383,14
1704222000,0.62598,0.62633,0.62562,0.62578,2721,14
1704225600,0.62578,0.62597,0.62504,0.62524,1952,14
1704229200,0.62525,0.62556,0.62491,0.62502,1501,14
1704232800,0.62503,0.62534,0.62486,0.62498,1770,14
1704236400,0.62498,0.62507,0.62481,0.62504,735,14
1704240000,0.62504,0.62539,0.62495,0.62512,546,20
1704243600,0.62512,0.62522,0.62471,0.62504,1285,15
1704247200,0.62502,0.6257,0.62474,0.62546,1483,15
1704250800,0.62546,0.6257,0.62443,0.62546,2031,14
1704254400,0.62546,0.62571,0.62516,0.62547,1459,16
1704258000,0.62547,0.62665,0.62544,0.62664,1493,15
1704261600,0.62664,0.62696,0.62656,0.62673,1232,15
1704265200,0.62672,0.62738,0.62655,0.62692,1320,15
1704268800,0.62691,0.62752,0.62683,0.62738,1464,15
1704272400,0.62735,0.62735,0.62581,0.62602,2344,14
1704276000,0.62603,0.62655,0.62549,0.62597,3187,14
1704279600,0.62595,0.62619,0.62515,0.62539,2694,14
1704283200,0.62539,0.62576,0.62485,0.62525,1703,15
1704286800,0.62525,0.62543,0.62412,0.62415,1754,14
1704290400,0.62415,0.62487,0.62338,0.62345,2785,14
1704294000,0.62342,0.62411,0.62199,0.6222,3976,14
1704297600,0.6222,0.62381,0.62181,0.62355,5261,14
1704301200,0.62274,0.62525,0.62202,0.62261,7196,14
1704304800,0.62261,0.62387,0.62253,0.62324,4595,14
1704308400,0.62325,0.62357,0.62302,0.62333,2879,14
1704312000,0.62331,0.62421,0.62331,0.62355,2539,14
1704315600,0.62355,0.62519,0.6223,0.62421,6095,14
1704319200,0.62421,0.62456,0.6239,0.62441,3290,14
1704322800,0.62441,0.62464,0.62413,0.62463,832,14
1704326400,0.62464,0.62466,0.62324,0.62447,851,23
1704330000,0.62443,0.62511,0.62433,0.62507,1044,15
1704333600,0.62507,0.62509,0.62387,0.62395,1663,14
1704337200,0.62394,0.62435,0.62338,0.62409,2092,14
1704340800,0.6241,0.62504,0.62381,0.62495,1630,14
1704344400,0.62495,0.62676,0.62484,0.62641,1923,15
1704348000,0.62641,0.62684,0.62623,0.62641,1440,14
1704351600,0.62641,0.62677,0.62592,0.62609,1549,14
1704355200,0.62609,0.62736,0.62596,0.62735,1851,14
1704358800,0.62732,0.62844,0.62677,0.62688,3063,14
1704362400,0.62693,0.62768,0.62621,0.62695,4298,14
1704366000,0.62695,0.6271,0.6258,0.62607,3771,14
1704369600,0.62607,0.62641,0.6247,0.62533,2822,14
1704373200,0.62532,0.62572,0.62468,0.62474,2270,14
1704376800,0.62474,0.6252,0.62453,0.62462,2493,14
1704380400,0.6246,0.62486,0.6229,0.62339,4756,14
1704384000,0.62339,0.62349,0.6221,0.62259,4454,14
1704387600,0.62258,0.62393,0.62255,0.62302,5210,14
1704391200,0.62304,0.62382,0.6227,0.62303,4052,14
1704394800,0.62304,0.62318,0.62203,0.62248,3353,14
1704398400,0.62248,0.62279,0.62232,0.62247,1912,14
1704402000,0.62246,0.62303,0.62208,0.62278,1973,14
1704405600,0.62278,0.62314,0.62272,0.62304,1710,14
1704409200,0.62304,0.62352,0.62287,0.62344,846,14
1704412800,0.62344,0.62362,0.62228,0.6234,341,19
1704416400,0.62341,0.62341,0.62261,0.62297,917,16
1704420000,0.62297,0.62397,0.62285,0.62354,1687,15
1704423600,0.62354,0.6243,0.62325,0.62376,2518,14
1704427200,0.62376,0.62429,0.62333,0.62339,1832,15
1704430800,0.62339,0.62349,0.62247,0.62288,1601,14
1704434400,0.62288,0.62337,0.62262,0.62272,1749,15
1704438000,0.62273,0.6231,0.62227,0.62297,2146,14
1704441600,0.62297,0.62301,0.62175,0.62203,2247,14
1704445200,0.622,0.62343,0.62197,0.62239,2812,14
1704448800,0.62237,0.62309,0.62188,0.62221,3431,14
1704452400,0.62221,0.62311,0.6217,0.62176,3415,14
1704456000,0.62177,0.6221,0.6208,0.62123,2614,14
1704459600,0.62123,0.62181,0.62102,0.62142,2098,14
1704463200,0.62142,0.62198,0.62132,0.62175,2324,14
1704466800,0.62175,0.62204,0.61801,0.62157,7853,14
1704470400,0.6216,0.62359,0.62126,0.62295,8199,14
1704474000,0.62422,0.62767,0.62422,0.62677,8652,14
1704477600,0.62677,0.62709,0.62499,0.62516,5104,14
1704481200,0.62517,0.62517,0.62394,0.62454,4106,14
1704484800,0.62451,0.62535,0.62367,0.62524,2792,15
1704488400,0.62524,0.62571,0.62427,0.62448,2718,14
1704492000,0.62448,0.62469,0.62411,0.62441,2277,14
1704495600,0.62441,0.62443,0.62387,0.62423,758,14
1704672000,0.62265,0.62428,0.62246,0.62389,272,28
1704675600,0.62389,0.62481,0.62383,0.62469,1029,14
1704679200,0.62468,0.62533,0.62452,0.62529,1000,15
1704682800,0.62528,0.62601,0.62505,0.62524,2786,15
1704686400,0.62524,0.62524,0.62417,0.6243,1383,15
1704690000,0.62428,0.62452,0.62327,0.62343,1351,14
1704693600,0.62343,0.62387,0.62321,0.62332,1099,15
1704697200,0.62332,0.62367,0.623,0.62357,1333,14
1704700800,0.62357,0.62445,0.62351,0.62442,1416,14
1704704400,0.62441,0.62476,0.62336,0.62338,2349,14
1704708000,0.62338,0.62338,0.62181,0.62278,4131,14
1704711600,0.62279,0.62341,0.6219,0.62324,3074,14
1704715200,0.62324,0.62332,0.6224,0.62244,2172,14
1704718800,0.62241,0.62265,0.62147,0.62154,2335,14
1704722400,0.62154,0.62208,0.62116,0.62203,2032,14
1704726000,0.62204,0.62252,0.62126,0.62163,3955,14
1704729600,0.62163,0.62358,0.62147,0.62339,4803,14
1704733200,0.62339,0.62449,0.62304,0.62406,4064,14
1704736800,0.62406,0.62516,0.62396,0.62483,3925,14
1704740400,0.62481,0.62526,0.62424,0.62437,2349,14
1704744000,0.62436,0.62452,0.62353,0.62424,1665,14
1704747600,0.62424,0.62512,0.62408,0.62494,1428,14
1704751200,0.62494,0.62494,0.62416,0.62469,1653,14
1704754800,0.62468,0.62548,0.62462,0.62496,925,14
1704758400,0.62496,0.625,0.6242,0.62487,306,19
1704762000,0.62488,0.6251,0.62465,0.62496,989,15
1704765600,0.62494,0.62579,0.62463,0.62524,1806,14
1704769200,0.62523,0.62588,0.62498,0.62578,2591,14
1704772800,0.62577,0.62661,0.62577,0.62605,1542,14
1704776400,0.62606,0.6266,0.62574,0.62587,1559,14
1704780000,0.62587,0.62587,0.62442,0.62496,1105,14
1704783600,0.62496,0.625,0.62402,0.62406,1550,14
1704787200,0.62406,0.62428,0.62357,0.62369,1724,14
1704790800,0.62366,0.62474,0.62332,0.62459,2305,14
1704794400,0.6246,0.62496,0.62373,0.62488,3428,14
1704798000,0.6249,0.62573,0.62436,0.62469,2707,14
1704801600,0.6247,0.62513,0.62421,0.62428,2328,14
1704805200,0.62427,0.62435,0.62339,0.62372,1950,14
1704808800,0.62372,0.62445,0.62356,0.62428,2023,14
1704812400,0.62431,0.62477,0.62363,0.62463,3798,14
1704816000,0.62464,0.62489,0.62367,0.62387,4755,14
1704819600,0.62386,0.62418,0.62301,0.62332,4244,14
1704823200,0.62332,0.62402,0.62261,0.62392,2691,14
1704826800,0.62393,0.62395,0.62327,0.62344,2482,14
1704830400,0.62344,0.62398,0.62254,0.62328,2832,14
1704834000,0.62328,0.62372,0.62273,0.62372,1856,14
1704837600,0.62372,0.62421,0.62366,0.62379,1827,14
1704841200,0.6238,0.62402,0.62352,0.62375,603,14
1704844800,0.62374,0.62394,0.62235,0.62358,691,16
1704848400,0.62358,0.62389,0.62328,0.62368,755,15
1704852000,0.62369,0.62401,0.6232,0.62341,1908,14
1704855600,0.62341,0.62409,0.62322,0.62399,2761,14
1704859200,0.62399,0.62452,0.62362,0.62387,2272,14
1704862800,0.62384,0.62478,0.62382,0.62404,1853,14
1704866400,0.62402,0.62455,0.62388,0.62427,1132,14
1704870000,0.62425,0.62431,0.62391,0.62392,1343,14
1704873600,0.62392,0.62392,0.62308,0.62314,1785,14
1704877200,0.62316,0.6241,0.62292,0.62375,2833,14
1704880800,0.62375,0.62479,0.62348,0.62465,3158,14
1704884400,0.62466,0.62534,0.62443,0.62455,1940,14
1704888000,0.62455,0.62499,0.62405,0.62418,1830,14
1704891600,0.62418,0.62428,0.62343,0.62376,1765,14
1704895200,0.62375,0.62422,0.62308,0.62314,1805,14
1704898800,0.62314,0.62345,0.62235,0.6226,2989,14
1704902400,0.62261,0.62292,0.62205,0.62229,3356,14
1704906000,0.62229,0.62304,0.62197,0.62277,3514,14
1704909600,0.62279,0.62291,0.62168,0.62213,2612,14
1704913200,0.62214,0.6228,0.622,0.62267,1933,14
1704916800,0.62265,0.62294,0.62209,0.62281,2122,14
1704920400,0.62282,0.62298,0.62249,0.62267,1746,14
1704924000,0.62267,0.62287,0.62151,0.6221,2622,14
1704927600,0.62209,0.62279,0.62202,0.62252,639,14
1704931200,0.62181,0.6226,0.62177,0.62259,215,26
1704934800,0.62259,0.6229,0.62252,0.62276,621,16
1704938400,0.62276,0.62382,0.62267,0.62359,1215,14
1704942000,0.62359,0.62411,0.62355,0.62396,1786,14
1704945600,0.62396,0.62496,0.62375,0.62379,1732,14
1704949200,0.62381,0.62485,0.62378,0.62484,1243,14
1704952800,0.62484,0.62521,0.62474,0.62482,850,15
1704956400,0.62483,0.62534,0.6247,0.625,1562,14
1704960000,0.62501,0.62542,0.6246,0.62532,1726,14
1704963600,0.6253,0.62565,0.62477,0.62484,2021,14
1704967200,0.62483,0.62577,0.62459,0.62472,2402,14
1704970800,0.62472,0.62486,0.62396,0.6246,2362,14
1704974400,0.62458,0.62487,0.62413,0.62482,2542,14
1704978000,0.62482,0.62539,0.6248,0.62517,1859,14
1704981600,0.62517,0.62554,0.62457,0.62509,1664,14
1704985200,0.62509,0.62556,0.62,0.62071,7376,14
1704988800,0.62075,0.62364,0.6202,0.62166,7774,14
1704992400,0.62163,0.62218,0.61949,0.62121,8021,14
1704996000,0.62121,0.62162,0.61992,0.62074,5820,14
1704999600,0.62074,0.62152,0.62073,0.62122,4417,14
1705003200,0.62122,0.62224,0.62063,0.62217,3010,14
1705006800,0.62219,0.6236,0.62219,0.62332,3096,14
1705010400,0.62332,0.62342,0.62236,0.6231,3021,14
1705014000,0.6231,0.62359,0.62307,0.62318,1026,14
1705017600,0.62318,0.62339,0.62254,0.62285,384,16
1705021200,0.62284,0.62419,0.62281,0.62417,1258,15
1705024800,0.62421,0.62446,0.62349,0.62382,2073,14
1705028400,0.6238,0.62532,0.6236,0.62516,2826,14
1705032000,0.62516,0.62578,0.62483,0.62519,2246,14
1705035600,0.62519,0.62571,0.62485,0.62492,1569,14
1705039200,0.62492,0.62494,0.62393,0.62435,1049,14
1705042800,0.62435,0.62457,0.62374,0.62389,1296,14
1705046400,0.62389,0.62451,0.62387,0.62416,1733,14
1705050000,0.62416,0.62427,0.62332,0.62405,2831,14
1705053600,0.62405,0.62511,0.62402,0.62487,2902,14
1705057200,0.62487,0.62517,0.6241,0.62421,2667,14
1705060800,0.62421,0.62441,0.62397,0.62418,2195,14
1705064400,0.62419,0.62441,0.62293,0.62372,2049,14
1705068000,0.62373,0.62396,0.62306,0.62331,1968,14
1705071600,0.6233,0.62666,0.62305,0.6255,5807,14
1705075200,0.6255,0.6275,0.62501,0.62699,5787,14
1705078800,0.62698,0.62772,0.62512,0.62534,4611,14
1705082400,0.62534,0.62598,0.62435,0.62458,3902,14
1705086000,0.62455,0.62469,0.62394,0.62424,2734,14
1705089600,0.62424,0.62469,0.62414,0.62444,1809,14
1705093200,0.62444,0.6248,0.62424,0.62452,1663,14
1705096800,0.62452,0.62469,0.6241,0.62424,1514,14
1705100400,0.62424,0.62427,0.62385,0.62393,887,14
1705276800,0.62352,0.62378,0.62352,0.62357,693,29
1705280400,0.62359,0.62382,0.6226,0.62305,1408,14
1705284000,0.62308,0.62323,0.62227,0.62296,1940,14
1705287600,0.62295,0.62351,0.62241,0.62327,3162,15
1705291200,0.62329,0.62411,0.62317,0.62397,2227,14
1705294800,0.62399,0.62413,0.62344,0.62344,1410,14
1705298400,0.62344,0.62344,0.62266,0.623,1081,14
1705302000,0.62299,0.623,0.62251,0.62253,1357,15
1705305600,0.62253,0.62268,0.62228,0.62252,1246,14
1705309200,0.62253,0.62253,0.62064,0.62074,2346,14
1705312800,0.62074,0.62107,0.61967,0.62,2641,14
1705316400,0.62,0.62028,0.61832,0.61862,2647,14
1705320000,0.61862,0.61945,0.61823,0.61938,2451,14
1705323600,0.61938,0.61974,0.61929,0.61946,1609,14
1705327200,0.61946,0.61978,0.61885,0.61902,1838,14
1705330800,0.61902,0.61939,0.61865,0.6193,1868,14
1705334400,0.61932,0.61948,0.61869,0.61911,2014,14
1705338000,0.61911,0.61983,0.61875,0.61967,1810,14
1705341600,0.61965,0.61993,0.61929,0.61987,1271,14
1705345200,0.61988,0.62028,0.61982,0.62014,602,14
1705348800,0.62015,0.6202,0.6197,0.61974,256,14
1705352400,0.61974,0.61974,0.61939,0.61942,245,14
1705356000,0.61942,0.61948,0.61926,0.61936,258,14
1705359600,0.61934,0.62003,0.61933,0.61983,289,14
1705363200,0.61983,0.62015,0.61869,0.61969,194,16
1705366800,0.61969,0.61983,0.61863,0.6189,1170,14
1705370400,0.6189,0.61897,0.61662,0.61662,2370,14
1705374000,0.61662,0.61799,0.61591,0.61767,4009,14
1705377600,0.61767,0.61771,0.61639,0.61682,2581,14
1705381200,0.61682,0.61729,0.61618,0.61644,2299,14
1705384800,0.61644,0.61658,0.61594,0.61639,1359,14
1705388400,0.61639,0.61672,0.61609,0.61646,2210,14
1705392000,0.61647,0.61728,0.61635,0.61683,1974,14
1705395600,0.61683,0.61726,0.61595,0.61652,2668,14
1705399200,0.6165,0.61791,0.61569,0.61599,4028,14
1705402800,0.61596,0.6164,0.61548,0.61588,2951,14
1705406400,0.61588,0.61602,0.61513,0.61541,2841,14
1705410000,0.61541,0.61562,0.61481,0.61545,1961,14
1705413600,0.61545,0.61576,0.61481,0.61573,2397,14
1705417200,0.61573,0.6169,0.61497,0.61521,5135,14
1705420800,0.6152,0.6161,0.6146,0.61499,5474,14
1705424400,0.61499,0.61577,0.61465,0.61532,4658,14
1705428000,0.61532,0.61576,0.61348,0.61461,6900,14
1705431600,0.6146,0.61474,0.61309,0.61321,3876,14
1705435200,0.61321,0.61366,0.61258,0.6129,2176,14
1705438800,0.6129,0.61375,0.61271,0.61364,1731,14
1705442400,0.61364,0.61384,0.61335,0.61349,1525,14
1705446000,0.6135,0.61382,0.6135,0.61374,769,14
1705449600,0.61374,0.61383,0.61343,0.61374,317,15
1705453200,0.61374,0.61403,0.61349,0.61398,809,14
1705456800,0.61398,0.61408,0.61335,0.6137,1845,14
1705460400,0.6137,0.61486,0.61329,0.61471,2144,14
1705464000,0.61469,0.6151,0.61404,0.61414,1799,14
1705467600,0.61414,0.61427,0.61287,0.61303,2442,14
1705471200,0.61301,0.61329,0.61282,0.61318,1588,14
1705474800,0.61318,0.61322,0.61218,0.61234,2489,14
1705478400,0.61232,0.61244,0.61127,0.61226,2920,14
1705482000,0.61229,0.61247,0.61134,0.61188,4423,14
1705485600,0.61186,0.61226,0.61103,0.61104,4015,14
1705489200,0.61101,0.61189,0.61061,0.61175,2327,14
1705492800,0.61173,0.61255,0.61135,0.61162,2894,14
1705496400,0.61164,0.61206,0.61153,0.61195,1868,14
1705500000,0.61196,0.61258,0.61162,0.61181,2511,14
1705503600,0.61176,0.61183,0.61001,0.61036,5157,14
1705507200,0.61037,0.6104,0.60897,0.60903,4363,14
1705510800,0.60903,0.61039,0.60877,0.60935,5367,14
1705514400,0.60935,0.61022,0.6093,0.61004,3328,14
1705518000,0.61007,0.6105,0.60956,0.61041,2956,14
1705521600,0.61041,0.61044,0.60943,0.60994,2979,14
1705525200,0.60994,0.61081,0.60993,0.61024,2826,14
1705528800,0.61023,0.61113,0.61014,0.61106,2461,14
1705532400,0.61106,0.61158,0.61086,0.61155,694,14
1705536000,0.61164,0.61164,0.6102,0.61124,525,20
1705539600,0.61124,0.61142,0.61107,0.61129,636,15
1705543200,0.61128,0.6122,0.61032,0.6122,2262,14
1705546800,0.61219,0.61334,0.61215,0.61308,2942,14
1705550400,0.61306,0.61351,0.6119,0.61204,2235,14
1705554000,0.61205,0.61268,0.61152,0.61216,1744,14
1705557600,0.61215,0.61216,0.61171,0.61195,1145,14
1705561200,0.61195,0.612,0.61121,0.61165,2165,14
1705564800,0.61165,0.61253,0.61162,0.61235,2451,14
1705568400,0.61231,0.61231,0.61121,0.61158,2463,14
1705572000,0.61157,0.6119,0.61064,0.61177,3069,14
1705575600,0.61176,0.61248,0.61138,0.61201,2798,14
1705579200,0.61202,0.61238,0.61186,0.61225,1999,14
1705582800,0.61225,0.61264,0.61183,0.6121,1887,14
1705586400,0.6121,0.61268,0.61116,0.61119,2187,14
1705590000,0.61119,0.61128,0.60859,0.60952,4319,14
1705593600,0.60954,0.61086,0.60948,0.61053,5354,14
1705597200,0.61054,0.61149,0.61001,0.61018,5072,14
1705600800,0.61018,0.61096,0.60997,0.61042,3661,14
1705604400,0.61042,0.61049,0.60948,0.60992,3540,14
1705608000,0.60956,0.61088,0.60956,0.61074,2767,14
1705611600,0.61075,0.61108,0.61007,0.61009,2037,14
1705615200,0.61008,0.61107,0.61008,0.61102,1743,14
1705618800,0.61101,0.61173,0.61093,0.61139,508,14
1705622400,0.61139,0.61151,0.60991,0.6115,412,21
1705626000,0.61154,0.612,0.61142,0.61189,897,15
1705629600,0.6119,0.61256,0.61179,0.61206,1952,15
1705633200,0.61206,0.61214,0.61085,0.6113,2576,14
1705636800,0.6113,0.61135,0.61054,0.61094,2178,14
1705640400,0.61094,0.61095,0.61033,0.61039,1624,14
1705644000,0.61039,0.61049,0.60976,0.60979,896,14
1705647600,0.60978,0.60989,0.60906,0.60923,2057,14
1705651200,0.60923,0.60962,0.60888,0.60943,2363,14
1705654800,0.60944,0.61067,0.60923,0.61029,3133,15
1705658400,0.61028,0.61082,0.60985,0.61061,3035,15
1705662000,0.61062,0.6119,0.61044,0.61187,2429,14
1705665600,0.61187,0.61233,0.61129,0.61163,2522,14
1705669200,0.61164,0.61203,0.61143,0.6119,1487,14
1705672800,0.6119,0.61201,0.61124,0.61142,1587,14
1705676400,0.61143,0.61179,0.61047,0.61072,3279,14
1705680000,0.61072,0.6109,0.60956,0.6103,4214,14
1705683600,0.61063,0.61111,0.60896,0.60993,5487,14
1705687200,0.60993,0.6105,0.60952,0.61001,3625,14
1705690800,0.61002,0.61107,0.6097,0.61082,2692,14
1705694400,0.61082,0.61082,0.61023,0.61046,1216,15
1705698000,0.61047,0.6112,0.61043,0.61116,1806,14
1705701600,0.61117,0.61144,0.61093,0.61131,1394,14
1705705200,0.61129,0.61169,0.61127,0.61139,598,14
1705881600,0.61102,0.61162,0.61057,0.61105,215,50
1705885200,0.61105,0.61189,0.61102,0.61166,1308,15
1705888800,0.61166,0.61306,0.61123,0.61306,1965,15
1705892400,0.61304,0.6138,0.61232,0.61259,3134,15
1705896000,0.61259,0.61307,0.61207,0.61289,2900,14
1705899600,0.61289,0.61291,0.61215,0.61229,2027,14
1705903200,0.61228,0.61232,0.61122,0.61142,1427,14
1705906800,0.61142,0.61151,0.61076,0.6109,2243,14
1705910400,0.6109,0.61113,0.61037,0.61076,3069,14
1705914000,0.61073,0.61109,0.61006,0.61069,2671,14
1705917600,0.61069,0.61117,0.60996,0.61023,3022,14
1705921200,0.61022,0.61095,0.6099,0.61071,2187,14
1705924800,0.61071,0.61178,0.61049,0.61151,1575,14
1705928400,0.61151,0.61193,0.61138,0.61151,1700,14
1705932000,0.61151,0.61232,0.61138,0.61189,2138,14
1705935600,0.61189,0.61201,0.61095,0.61151,3141,14
1705939200,0.61149,0.61171,0.61077,0.61143,3518,14
1705942800,0.61143,0.61147,0.6103,0.61039,4147,14
1705946400,0.61039,0.61039,0.60957,0.60999,2667,14
1705950000,0.61002,0.61021,0.6094,0.60989,1609,14
1705953600,0.60989,0.60989,0.60825,0.60857,1688,14
1705957200,0.60857,0.60867,0.60792,0.60815,1535,14
1705960800,0.60817,0.60821,0.6073,0.60741,1615,14
1705964400,0.60743,0.60766,0.6071,0.60759,728,14
1705968000,0.60759,0.60767,0.6066,0.60733,656,18
1705971600,0.60734,0.60743,0.60645,0.60725,1298,14
1705975200,0.60725,0.60818,0.60721,0.60806,1458,14
1705978800,0.60807,0.60857,0.60731,0.60852,2597,14
1705982400,0.60851,0.60979,0.60796,0.60902,3776,14
1705986000,0.60903,0.60977,0.60846,0.60938,3490,14
1705989600,0.60938,0.61015,0.60916,0.60995,1321,14
1705993200,0.60999,0.6106,0.60977,0.61036,2135,14
1705996800,0.61036,0.61153,0.60991,0.6114,2815,14
1706000400,0.61137,0.61163,0.6099,0.6101,3542,14
1706004000,0.61009,0.61019,0.6091,0.60914,2508,14
1706007600,0.60914,0.60931,0.6085,0.60889,2267,14
1706011200,0.60886,0.60891,0.60789,0.60836,2043,14
1706014800,0.60836,0.60864,0.60766,0.60789,2055,14
1706018400,0.60788,0.60873,0.60776,0.60855,2074,14
1706022000,0.6086,0.60995,0.60859,0.60928,3045,14
1706025600,0.60927,0.60928,0.60784,0.60799,4009,14
1706029200,0.60799,0.60884,0.60694,0.60721,4341,14
1706032800,0.60723,0.60766,0.60663,0.60689,2902,14
1706036400,0.60689,0.60709,0.60611,0.60684,2297,14
1706040000,0.60684,0.60768,0.60666,0.60743,1868,14
1706043600,0.60744,0.60848,0.60738,0.60815,1686,14
1706047200,0.60816,0.60879,0.60773,0.60871,1564,14
1706050800,0.60873,0.61067,0.60852,0.61017,1447,14
1706054400,0.60946,0.6103,0.60915,0.60985,418,16
1706058000,0.60983,0.61027,0.6098,0.61016,816,15
1706061600,0.61016,0.61023,0.60945,0.60984,1715,15
1706065200,0.60984,0.6106,0.60944,0.61019,3047,14
1706068800,0.61019,0.61021,0.60881,0.60898,2238,14
1706072400,0.60898,0.60982,0.60879,0.6095,2037,15
1706076000,0.6095,0.61014,0.60938,0.61012,1472,14
1706079600,0.61012,0.61039,0.60939,0.61021,1892,14
1706083200,0.61021,0.61071,0.61,0.61057,2365,14
1706086800,0.61058,0.61166,0.61013,0.6111,2874,15
1706090400,0.61109,0.61269,0.61109,0.61262,3643,14
1706094000,0.61262,0.61412,0.61249,0.61337,2838,14
1706097600,0.61337,0.61365,0.61264,0.61301,1306,14
1706101200,0.61303,0.61324,0.61261,0.61289,1751,14
1706104800,0.61287,0.61314,0.61248,0.61256,2233,14
1706108400,0.61256,0.61461,0.6125,0.61441,4098,14
1706112000,0.6144,0.61481,0.61268,0.61311,5056,14
1706115600,0.61311,0.61366,0.61214,0.61277,5827,14
1706119200,0.61278,0.61298,0.61186,0.61247,4655,14
1706122800,0.61247,0.61318,0.6123,0.61304,2884,15
1706126400,0.61301,0.61309,0.61139,0.6117,3410,14
1706130000,0.6117,0.61172,0.61073,0.61119,2965,14
1706133600,0.6112,0.61175,0.61096,0.61145,2231,14
1706137200,0.61142,0.61147,0.61073,0.61095,671,14
1706140800,0.61095,0.611,0.61007,0.61069,528,21
1706144400,0.61069,0.6114,0.61047,0.61071,1121,15
1706148000,0.61072,0.61081,0.60991,0.61061,2039,14
1706151600,0.61061,0.61111,0.61015,0.61094,2843,14
1706155200,0.61096,0.61139,0.61044,0.6108,2198,15
1706158800,0.61084,0.61125,0.61083,0.61104,1309,14
1706162400,0.61104,0.61104,0.61042,0.61053,779,14
1706166000,0.61053,0.61089,0.61028,0.61052,1363,14
1706169600,0.61052,0.61132,0.61034,0.61107,1892,15
1706173200,0.61107,0.61168,0.61096,0.61142,2159,14
1706176800,0.61138,0.61194,0.61081,0.6118,3015,14
1706180400,0.61181,0.61247,0.61154,0.61232,3002,14
1706184000,0.61232,0.61289,0.61225,0.61255,1841,14
1706187600,0.61255,0.61267,0.6121,0.61237,1640,14
1706191200,0.61238,0.61244,0.61125,0.61137,2068,14
1706194800,0.61137,0.6132,0.61029,0.61306,6883,14
1706198400,0.61307,0.61312,0.61166,0.6127,6770,14
1706202000,0.61271,0.61307,0.61112,0.61142,5624,14
1706205600,0.61142,0.61186,0.61089,0.61117,3566,14
1706209200,0.61119,0.61171,0.61054,0.61138,3085,14
1706212800,0.61138,0.61219,0.61047,0.61054,3367,14
1706216400,0.61054,0.61123,0.61008,0.61105,1990,14
1706220000,0.61106,0.61133,0.61072,0.61104,1850,14
1706223600,0.61102,0.61114,0.61076,0.61095,620,14
1706227200,0.61095,0.61115,0.61061,0.61103,359,21
1706230800,0.61102,0.61106,0.61067,0.61069,731,16
1706234400,0.61069,0.6108,0.60996,0.61044,1632,14
1706238000,0.61046,0.61116,0.61034,0.61052,2546,14
1706241600,0.61051,0.61127,0.61038,0.61078,2077,14
1706245200,0.61078,0.61117,0.6105,0.61063,1006,15
1706248800,0.61064,0.61086,0.61033,0.61043,745,15
1706252400,0.61041,0.61099,0.61038,0.61068,1332,14
1706256000,0.61069,0.61069,0.60991,0.61005,2084,14
1706259600,0.61007,0.61028,0.60933,0.60954,2057,15
1706263200,0.60953,0.60993,0.60919,0.6098,2640,14
1706266800,0.60982,0.61052,0.60912,0.61019,2324,14
1706270400,0.61021,0.61099,0.6102,0.61085,1504,14
1706274000,0.61087,0.61143,0.61085,0.61102,1685,14
1706277600,0.61103,0.61128,0.61019,0.61028,1868,14
1706281200,0.61028,0.61199,0.60974,0.6113,5313,14
1706284800,0.61128,0.61161,0.61034,0.61084,4791,14
1706288400,0.61084,0.61084,0.60971,0.61045,3079,14
1706292000,0.61041,0.61047,0.60985,0.61016,2139,14
1706295600,0.61015,0.61031,0.60952,0.60972,2020,14
1706299200,0.60973,0.6099,0.60905,0.60922,725,14
1706302800,0.60922,0.60967,0.60914,0.60939,938,14
1706306400,0.60943,0.60955,0.609,0.60907,1078,16
1706310000,0.60907,0.60923,0.60888,0.60891,725,14
1706486400,0.60808,0.60917,0.60808,0.60882,190,24
1706490000,0.60886,0.60938,0.6085,0.60899,1410,14
1706493600,0.60899,0.60958,0.60868,0.60955,1458,14
1706497200,0.60955,0.6107,0.60953,0.61033,2187,14
1706500800,0.61031,0.61031,0.60949,0.60985,1599,14
1706504400,0.60985,0.61016,0.60934,0.60957,1242,14
1706508000,0.60958,0.61007,0.60953,0.60963,973,14
1706511600,0.60963,0.60981,0.60924,0.60967,1705,14
1706515200,0.60967,0.61014,0.60961,0.60996,1659,15
1706518800,0.60995,0.6116,0.60982,0.61106,2502,14
1706522400,0.61107,0.61157,0.61071,0.61142,2792,14
1706526000,0.61141,0.61169,0.61114,0.6114,2451,14
1706529600,0.6114,0.61176,0.61112,0.61164,1396,14
1706533200,0.61165,0.61212,0.61114,0.61121,1293,14
1706536800,0.6112,0.61202,0.61118,0.61126,1423,14
1706540400,0.61126,0.61155,0.61092,0.6112,2585,14
1706544000,0.6112,0.61136,0.61001,0.6105,2653,14
1706547600,0.6105,0.61119,0.60992,0.61087,3044,14
1706551200,0.61086,0.61112,0.61054,0.61088,2060,14
1706554800,0.61088,0.61114,0.61045,0.61047,1409,14
1706558400,0.61047,0.61059,0.61025,0.6105,979,14
1706562000,0.6105,0.61155,0.61035,0.61144,1092,14
1706565600,0.61149,0.61429,0.61149,0.61329,2653,14
1706569200,0.61329,0.61332,0.61256,0.6132,906,14
1706572800,0.6132,0.61324,0.61257,0.61319,475,23
1706576400,0.6132,0.61345,0.61307,0.61323,740,15
1706580000,0.61323,0.61437,0.61313,0.61412,1987,14
1706583600,0.6141,0.61411,0.61305,0.6134,2912,14
1706587200,0.61339,0.61369,0.61309,0.61345,2078,14
1706590800,0.61345,0.61394,0.61323,0.61374,1220,14
1706594400,0.61374,0.61446,0.61345,0.61364,1115,14
1706598000,0.61367,0.61487,0.61364,0.61404,1901,14
1706601600,0.61404,0.61418,0.61357,0.61384,2293,14
1706605200,0.61379,0.6147,0.61366,0.61455,2780,14
1706608800,0.61461,0.61465,0.61277,0.61316,2894,14
1706612400,0.61316,0.6136,0.61256,0.61326,2054,14
1706616000,0.61326,0.61338,0.61278,0.61282,1428,14
1706619600,0.61282,0.613,0.61237,0.61249,1608,14
1706623200,0.61249,0.61281,0.61207,0.61223,1811,14
1706626800,0.61227,0.61235,0.61141,0.61202,2604,14
1706630400,0.61202,0.61362,0.61202,0.61277,3000,14
1706634000,0.61278,0.61317,0.61047,0.61138,6190,14
1706637600,0.61138,0.61263,0.61107,0.61258,2758,14
1706641200,0.61258,0.61301,0.61198,0.61215,1852,14
1706644800,0.61215,0.61263,0.61189,0.61258,1587,14
1706648400,0.61258,0.6134,0.6125,0.61332,1277,14
1706652000,0.61332,0.61343,0.61296,0.61332,1343,14
1706655600,0.61332,0.61363,0.613,0.61344,1131,14
1706659200,0.6135,0.6135,0.61189,0.61319,281,22
1706662800,0.61319,0.6135,0.61298,0.61308,838,14
1706666400,0.61308,0.61348,0.61236,0.6132,2146,14
1706670000,0.61321,0.61327,0.61215,0.61227,3004,14
1706673600,0.61224,0.61224,0.61113,0.61161,2342,14
1706677200,0.6116,0.61192,0.61111,0.61133,1209,14
1706680800,0.61132,0.61183,0.61115,0.61167,1043,14
1706684400,0.61167,0.61167,0.61102,0.61123,1384,14
1706688000,0.61123,0.61134,0.61073,0.61099,1612,14
1706691600,0.61093,0.6123,0.6109,0.61222,1945,14
1706695200,0.61222,0.61301,0.61204,0.61266,2610,14
1706698800,0.61264,0.61351,0.61247,0.61248,2548,14
1706702400,0.61248,0.61252,0.6116,0.61163,1443,15
1706706000,0.61164,0.61237,0.61161,0.61173,1450,14
1706709600,0.61173,0.61233,0.61173,0.61207,1809,14
1706713200,0.61207,0.61413,0.61174,0.61389,4502,14
1706716800,0.61388,0.61728,0.61362,0.61661,4881,14
1706720400,0.6166,0.6172,0.61509,0.61549,5898,14
1706724000,0.61548,0.61564,0.61403,0.61438,4518,14
1706727600,0.61438,0.61449,0.61372,0.61392,2981,14
1706731200,0.61391,0.61437,0.61354,0.61421,2386,14
1706734800,0.6142,0.61642,0.61228,0.61466,10939,14
1706738400,0.61464,0.61473,0.61006,0.61123,9082,14
1706742000,0.61123,0.61194,0.61099,0.61164,2340,14
1706745600,0.611,0.6116,0.611,0.61143,346,14
1706749200,0.61141,0.61183,0.61102,0.61119,1241,14
1706752800,0.61119,0.61262,0.61095,0.61202,2720,15
1706756400,0.61201,0.61251,0.61153,0.61235,3232,15
1706760000,0.61235,0.61403,0.61231,0.61351,2646,14
1706763600,0.61351,0.61375,0.61304,0.6131,1819,14
1706767200,0.61311,0.61341,0.61204,0.61221,715,14
1706770800,0.61209,0.61209,0.61078,0.61086,1240,14
1706774400,0.61087,0.61111,0.61032,0.61048,2455,14
1706778000,0.61049,0.61057,0.60944,0.61011,3178,14
1706781600,0.6101,0.61018,0.60893,0.60924,3506,14
1706785200,0.60924,0.60974,0.60896,0.60924,2498,15
1706788800,0.60923,0.60954,0.60791,0.60837,2210,14
1706792400,0.60836,0.60903,0.60797,0.60882,2000,14
1706796000,0.60882,0.6093,0.60833,0.6091,2922,14
1706799600,0.60906,0.61045,0.60842,0.60921,4597,14
1706803200,0.60921,0.61088,0.60902,0.61074,3945,14
1706806800,0.61019,0.61179,0.60865,0.61159,6729,14
1706810400,0.61159,0.61356,0.61159,0.61316,5085,14
1706814000,0.61315,0.61393,0.61307,0.61339,4143,14
1706817600,0.61339,0.61382,0.61282,0.61363,3357,14
1706821200,0.61365,0.61408,0.61344,0.61349,2392,14
1706824800,0.61349,0.61388,0.61345,0.61385,1746,14
1706828400,0.61382,0.61434,0.61356,0.61423,1056,14
1706832000,0.6142,0.61427,0.61268,0.61414,368,22
1706835600,0.61417,0.61456,0.61417,0.61439,539,15
1706839200,0.61437,0.6151,0.61437,0.61445,1587,14
1706842800,0.61448,0.61497,0.61434,0.61489,2098,14
1706846400,0.61489,0.61568,0.61489,0.61563,1598,14
1706850000,0.61564,0.61568,0.61485,0.61515,1152,14
1706853600,0.61514,0.61531,0.61474,0.61505,896,14
1706857200,0.61505,0.61515,0.61475,0.61505,1688,14
1706860800,0.61505,0.61527,0.61462,0.61476,1963,14
1706864400,0.61477,0.6151,0.61452,0.61456,2257,14
1706868000,0.61456,0.61545,0.61438,0.61445,2383,14
1706871600,0.61445,0.61537,0.61441,0.61528,2050,14
1706875200,0.61528,0.61595,0.61524,0.61557,1710,14
1706878800,0.61557,0.61579,0.61541,0.61573,1456,14
1706882400,0.61574,0.61598,0.61543,0.61565,1579,15
1706886000,0.61563,0.61596,0.60903,0.60932,6415,14
1706889600,0.60932,0.6096,0.60829,0.60868,7224,14
1706893200,0.60869,0.60894,0.60618,0.60733,5648,14
1706896800,0.60734,0.60739,0.60602,0.60634,3280,14
1706900400,0.60635,0.60682,0.6058,0.60622,2182,14
1706904000,0.60622,0.6069,0.60597,0.60667,2038,14
1706907600,0.60666,0.60727,0.60641,0.60706,1797,14
1706911200,0.60706,0.60748,0.60692,0.60722,1471,14
1706914800,0.60719,0.60723,0.60624,0.60634,964,14
1707091200,0.60642,0.60667,0.60607,0.60613,321,35
1707094800,0.60613,0.60658,0.60491,0.60618,1927,14
1707098400,0.60616,0.60633,0.60472,0.60504,3769,14
1707102000,0.60504,0.60618,0.60471,0.60611,2841,14
1707105600,0.60611,0.60652,0.60593,0.60628,2141,14
1707109200,0.60628,0.60715,0.60595,0.60701,1772,14
1707112800,0.60699,0.60719,0.60676,0.60708,940,15
1707116400,0.60707,0.60763,0.60661,0.60741,1394,14
1707120000,0.60741,0.60777,0.60715,0.60755,1849,14
1707123600,0.60755,0.60811,0.60732,0.60757,2575,14
1707127200,0.60758,0.60781,0.60637,0.60673,1963,14
1707130800,0.60673,0.60762,0.60615,0.60625,1744,14
1707134400,0.60625,0.60651,0.60564,0.6062,1990,14
1707138000,0.60622,0.60679,0.60615,0.60631,1515,14
1707141600,0.60631,0.60632,0.60528,0.60528,1952,14
1707145200,0.60525,0.60556,0.60501,0.60527,2966,14
1707148800,0.60528,0.6057,0.605,0.60555,3161,14
1707152400,0.6051,0.6051,0.60375,0.6044,5471,14
1707156000,0.60439,0.60486,0.60414,0.60469,2212,14
1707159600,0.6047,0.60567,0.60466,0.60544,1915,14
1707163200,0.60544,0.60603,0.60532,0.60563,1473,14
1707166800,0.60563,0.6057,0.60507,0.60508,1116,14
1707170400,0.60507,0.60535,0.60473,0.60532,1265,14
1707174000,0.60532,0.6055,0.6052,0.60539,578,14
1707177600,0.60539,0.60552,0.60437,0.60536,564,21
1707181200,0.60529,0.60549,0.60508,0.60519,734,14
1707184800,0.60519,0.60565,0.6051,0.60548,1367,14
1707188400,0.60546,0.60658,0.60529,0.60651,2403,14
1707192000,0.60651,0.60679,0.60634,0.60636,1849,14
1707195600,0.60636,0.60679,0.60578,0.60615,1955,14
1707199200,0.60616,0.60747,0.60605,0.60708,1932,14
1707202800,0.60708,0.60763,0.60659,0.60691,1808,14
1707206400,0.60691,0.60724,0.60648,0.60709,1622,14
1707210000,0.60708,0.60759,0.60693,0.60695,1805,14
1707213600,0.60694,0.60698,0.60524,0.60542,2395,14
1707217200,0.60542,0.60595,0.60523,0.6053,2014,14
1707220800,0.6053,0.60561,0.60458,0.60487,1409,14
1707224400,0.60488,0.60517,0.60461,0.60516,1814,14
1707228000,0.60516,0.60586,0.60474,0.60585,1747,14
1707231600,0.60584,0.60646,0.60508,0.6052,2949,14
1707235200,0.60519,0.60628,0.60506,0.60593,3394,14
1707238800,0.60591,0.60706,0.60536,0.60645,4131,14
1707242400,0.60646,0.60731,0.60615,0.60707,3314,14
1707246000,0.60707,0.60799,0.60688,0.60773,2728,14
1707249600,0.60774,0.6081,0.60704,0.60791,1826,14
1707253200,0.60791,0.60798,0.60714,0.60749,1464,14
1707256800,0.60749,0.60814,0.60749,0.60808,911,14
1707260400,0.60806,0.60982,0.60772,0.6097,1322,14
1707264000,0.60967,0.6098,0.60886,0.60977,437,16
1707267600,0.60977,0.61058,0.6096,0.60982,1172,14
1707271200,0.6098,0.60999,0.60913,0.60947,1342,14
1707274800,0.60947,0.61103,0.60947,0.61083,2903,14
1707278400,0.61083,0.61101,0.61036,0.61063,2215,14
1707282000,0.61064,0.61108,0.61051,0.61051,1556,14
1707285600,0.61051,0.61051,0.60982,0.6099,1148,14
1707289200,0.6099,0.61034,0.60985,0.61014,1803,14
1707292800,0.61014,0.61048,0.60979,0.61031,2035,14
1707296400,0.61033,0.61134,0.61011,0.61043,2470,14
1707300000,0.61043,0.61064,0.60994,0.61003,2560,14
1707303600,0.61004,0.61072,0.60982,0.61034,2156,14
1707307200,0.61034,0.61053,0.60978,0.60994,1678,14
1707310800,0.60992,0.61166,0.60992,0.611,2036,14
1707314400,0.61099,0.61142,0.61055,0.61126,1871,14
1707318000,0.61129,0.61182,0.61095,0.61131,2633,14
1707321600,0.61131,0.61241,0.61102,0.61151,4376,14
1707325200,0.61151,0.61183,0.61027,0.61102,4818,14
1707328800,0.61102,0.6112,0.6105,0.61085,3013,14
1707332400,0.61086,0.61086,0.61031,0.61049,1942,14
1707336000,0.61046,0.61122,0.61022,0.61052,2244,14
1707339600,0.61052,0.61096,0.61016,0.61076,1302,14
1707343200,0.61076,0.61087,0.61051,0.61082,1021,14
1707346800,0.6108,0.61141,0.61059,0.61108,683,14
1707350400,0.61111,0.61117,0.61072,0.61108,475,17
1707354000,0.61108,0.61124,0.61055,0.6108,828,15
1707357600,0.61081,0.61165,0.6108,0.61131,1395,15
1707361200,0.6113,0.61192,0.61107,0.61171,2481,14
1707364800,0.61167,0.61228,0.61157,0.61166,1943,14
1707368400,0.61166,0.61181,0.61139,0.61145,1198,14
1707372000,0.61145,0.61166,0.61098,0.6111,1112,14
1707375600,0.61108,0.61129,0.61077,0.61099,1331,14
1707379200,0.61099,0.61133,0.61062,0.61114,1387,14
1707382800,0.61114,0.61141,0.61062,0.61096,1803,14
1707386400,0.61094,0.61109,0.60986,0.61045,2191,14
1707390000,0.61045,0.61099,0.61013,0.61076,1918,14
1707393600,0.61079,0.6109,0.60971,0.60984,1226,14
1707397200,0.60984,0.60985,0.60881,0.60912,1715,14
1707400800,0.60912,0.60927,0.60821,0.60873,2326,14
1707404400,0.60875,0.60927,0.60781,0.60828,4023,14
1707408000,0.60828,0.60899,0.60824,0.60872,3540,14
1707411600,0.60876,0.60907,0.60838,0.60871,3343,14
1707415200,0.60871,0.60904,0.60828,0.609,2030,14
1707418800,0.609,0.6094,0.60889,0.6092,1808,14
1707422400,0.60831,0.61005,0.60831,0.60922,2230,14
1707426000,0.60922,0.60939,0.60875,0.60908,1420,15
1707429600,0.60908,0.60947,0.60904,0.60921,1470,14
1707433200,0.60921,0.60961,0.60911,0.60955,501,14
1707436800,0.60936,0.60967,0.60818,0.60954,334,21
1707440400,0.60954,0.61123,0.60938,0.61121,985,14
1707444000,0.61123,0.61213,0.61057,0.61121,2104,14
1707447600,0.61121,0.61261,0.6112,0.61234,2444,14
1707451200,0.61235,0.61264,0.61201,0.61251,1459,14
1707454800,0.61251,0.61284,0.61217,0.61239,1402,14
1707458400,0.61241,0.61249,0.61178,0.61187,1245,14
1707462000,0.61186,0.61226,0.61159,0.61176,945,14
1707465600,0.61176,0.61259,0.61144,0.61251,1038,14
1707469200,0.61253,0.61339,0.61253,0.61285,2005,14
1707472800,0.61286,0.61408,0.61281,0.61379,2698,14
1707476400,0.61379,0.61496,0.61374,0.6142,2411,14
1707480000,0.61419,0.61419,0.61362,0.61392,1427,14
1707483600,0.61392,0.61413,0.61344,0.61383,1886,14
1707487200,0.61382,0.61424,0.61312,0.61323,1887,14
1707490800,0.61323,0.61578,0.61313,0.61419,5748,14
1707494400,0.61419,0.61495,0.61329,0.61428,5378,14
1707498000,0.61427,0.61457,0.61378,0.61429,3181,14
1707501600,0.61429,0.61449,0.61372,0.61382,1965,14
1707505200,0.61382,0.61427,0.6137,0.61427,1331,14
1707508800,0.61427,0.61477,0.61427,0.61474,655,14
1707512400,0.61474,0.61506,0.61464,0.61477,608,14
1707516000,0.61477,0.61503,0.61451,0.61502,604,14
1707519600,0.61501,0.61536,0.61348,0.61493,787,14
1707696000,0.61359,0.61482,0.61345,0.61413,719,30
1707699600,0.61408,0.6149,0.61345,0.61467,1690,14
1707703200,0.61468,0.61509,0.61449,0.61485,1727,14
1707706800,0.61486,0.61486,0.61335,0.61347,1419,14
1707710400,0.61347,0.61392,0.61332,0.61374,1033,15
1707714000,0.61374,0.61386,0.61234,0.61272,1116,14
1707717600,0.61272,0.61306,0.61265,0.61275,1010,14
1707721200,0.61275,0.61318,0.61263,0.61284,924,15
1707724800,0.61284,0.61308,0.61275,0.61302,1312,15
1707728400,0.613,0.6142,0.61296,0.61382,2566,14
1707732000,0.61382,0.61382,0.61206,0.61213,3337,14
1707735600,0.61213,0.61261,0.61194,0.61221,2431,14
1707739200,0.61221,0.61267,0.61198,0.61266,1883,14
1707742800,0.61267,0.61294,0.61225,0.61244,1877,14
1707746400,0.61246,0.6132,0.61221,0.61311,1723,14
1707750000,0.6131,0.61326,0.61215,0.61235,2638,14
1707753600,0.61235,0.61314,0.61219,0.61297,3045,14
1707757200,0.61297,0.61307,0.61226,0.61293,2782,14
1707760800,0.61293,0.61367,0.61276,0.61348,1860,14
1707764400,0.61349,0.61392,0.61349,0.61386,1567,14
1707768000,0.61385,0.61385,0.61329,0.61346,1501,14
1707771600,0.61345,0.61361,0.61264,0.61276,1498,14
1707775200,0.61276,0.61315,0.61275,0.6131,1265,14
1707778800,0.6131,0.61315,0.61263,0.61286,530,14
1707782400,0.61269,0.61299,0.61203,0.61294,369,14
1707786000,0.61291,0.61291,0.61259,0.61263,828,14
1707789600,0.61263,0.61284,0.61194,0.61265,1594,14
1707793200,0.61264,0.61277,0.61212,0.61253,1529,14
1707796800,0.61253,0.61259,0.61005,0.61009,2041,14
1707800400,0.61009,0.61017,0.60955,0.60969,1472,14
1707804000,0.60967,0.60998,0.60954,0.60976,1119,14
1707807600,0.60974,0.61065,0.60974,0.61034,1044,14
1707811200,0.61034,0.61096,0.61033,0.61069,1357,14
1707814800,0.6107,0.61106,0.61012,0.61066,2853,14
1707818400,0.61069,0.61094,0.61001,0.6103,2808,14
1707822000,0.6103,0.61041,0.60964,0.61016,2325,14
1707825600,0.61015,0.6108,0.61009,0.61075,2006,14
1707829200,0.61077,0.61137,0.61077,0.61119,1438,14
1707832800,0.61118,0.61188,0.6111,0.61157,2225,14
1707836400,0.61156,0.61216,0.60577,0.60605,6535,14
1707840000,0.60605,0.60735,0.6054,0.6056,6238,14
1707843600,0.60564,0.60679,0.60536,0.60606,4497,14
1707847200,0.60607,0.60651,0.60564,0.60588,3174,14
1707850800,0.60589,0.60594,0.60542,0.60562,2038,14
1707854400,0.60561,0.60577,0.60512,0.60519,1548,14
1707858000,0.60519,0.60541,0.6049,0.60495,1769,14
1707861600,0.60492,0.60586,0.60492,0.6058,1613,14
1707865200,0.60579,0.60625,0.60575,0.606,792,14
1707868800,0.60529,0.60613,0.60528,0.60609,514,18
1707872400,0.60622,0.60623,0.60548,0.60562,1016,14
1707876000,0.60562,0.60575,0.60507,0.60544,1915,14
1707879600,0.60543,0.60602,0.60514,0.60602,2508,14
1707883200,0.60602,0.60645,0.60595,0.60612,1760,14
1707886800,0.6061,0.60724,0.60585,0.60698,1557,14
1707890400,0.60697,0.60745,0.60692,0.60723,1295,14
1707894000,0.60724,0.60768,0.6072,0.60764,1310,14
1707897600,0.60764,0.60824,0.60763,0.6082,1405,14
1707901200,0.6082,0.60868,0.60721,0.60822,3293,14
1707904800,0.60822,0.60826,0.60693,0.60763,3454,14
1707908400,0.60764,0.60816,0.60747,0.60785,2543,14
1707912000,0.60785,0.60789,0.60728,0.60779,1871,14
1707915600,0.60779,0.60798,0.60729,0.60777,2178,14
1707919200,0.60777,0.60796,0.60747,0.6078,2007,14
1707922800,0.60781,0.60862,0.6072,0.60735,3016,14
1707926400,0.60736,0.60846,0.60719,0.60766,4034,14
1707930000,0.60766,0.60833,0.60738,0.60819,3835,14
1707933600,0.60819,0.60889,0.60806,0.60873,2923,14
1707937200,0.60873,0.60878,0.60826,0.6086,2217,14
1707940800,0.6086,0.60914,0.60846,0.60858,1583,14
1707944400,0.60858,0.60872,0.60825,0.60832,1363,14
1707948000,0.60833,0.60851,0.60821,0.60835,1224,14
1707951600,0.60834,0.60856,0.60814,0.60849,742,14
1707955200,0.60852,0.60852,0.60723,0.60819,332,18
1707958800,0.6082,0.60902,0.6082,0.60886,944,14
1707962400,0.60887,0.60936,0.60838,0.60888,2113,14
1707966000,0.60888,0.60908,0.60795,0.60824,2171,14
1707969600,0.60824,0.60887,0.60793,0.60869,1881,14
1707973200,0.60872,0.60888,0.60816,0.60821,1373,14
1707976800,0.60822,0.60836,0.60798,0.60818,1231,14
1707980400,0.60818,0.60849,0.60815,0.60824,1240,15
1707984000,0.60824,0.60873,0.60814,0.60859,1474,14
1707987600,0.60856,0.60918,0.60809,0.60862,2747,14
1707991200,0.60861,0.60893,0.60829,0.6085,2565,14
1707994800,0.60847,0.60877,0.60813,0.60852,1618,14
1707998400,0.60849,0.60926,0.60847,0.60915,1224,14
1708002000,0.60915,0.60979,0.60912,0.6094,1501,14
1708005600,0.6094,0.6099,0.60917,0.60969,1375,14
1708009200,0.60969,0.61222,0.60943,0.61154,5457,14
1708012800,0.61154,0.61251,0.61058,0.61209,5358,14
1708016400,0.61209,0.61265,0.61121,0.61126,4321,14
1708020000,0.61125,0.6113,0.61,0.61017,3144,14
1708023600,0.61017,0.61064,0.61016,0.6103,1644,14
1708027200,0.61027,0.61112,0.61024,0.61103,1444,14
1708030800,0.61103,0.61162,0.611,0.61117,1676,14
1708034400,0.61117,0.61118,0.6103,0.61051,1688,14
1708038000,0.61051,0.6107,0.61039,0.61054,905,14
1708041600,0.61054,0.61082,0.60934,0.6106,212,14
1708045200,0.61064,0.61142,0.61062,0.61098,743,14
1708048800,0.61098,0.61109,0.60925,0.6094,1692,14
1708052400,0.60941,0.60977,0.60881,0.60965,2565,14
1708056000,0.60964,0.60967,0.60901,0.60932,1951,14
1708059600,0.60932,0.60959,0.60907,0.60942,1167,14
1708063200,0.60942,0.60987,0.60922,0.60972,1264,14
1708066800,0.60972,0.60993,0.60939,0.60942,1361,14
1708070400,0.60941,0.60995,0.60937,0.60975,1554,14
1708074000,0.60973,0.61024,0.6092,0.61014,2467,14
1708077600,0.61014,0.61066,0.60936,0.61049,2523,14
1708081200,0.6105,0.611,0.61038,0.61082,2029,14
1708084800,0.61082,0.61118,0.61067,0.6111,1432,14
1708088400,0.61108,0.61138,0.61074,0.61075,1084,14
1708092000,0.61076,0.61128,0.61036,0.61041,1861,14
1708095600,0.61042,0.61081,0.60852,0.60962,5267,14
1708099200,0.60964,0.61008,0.60888,0.60994,4550,14
1708102800,0.60995,0.61166,0.60972,0.6114,4630,14
1708106400,0.61143,0.61198,0.61109,0.61157,2544,14
1708110000,0.61159,0.61271,0.61132,0.6127,1548,14
1708113600,0.6127,0.61329,0.61234,0.61318,1334,14
1708117200,0.61321,0.61349,0.61275,0.61277,1433,14
1708120800,0.61277,0.61278,0.61241,0.61242,1457,14
1708124400,0.61243,0.6127,0.61218,0.61237,933,14
1708300800,0.61117,0.61226,0.61117,0.61213,295,28
1708304400,0.61213,0.61351,0.61212,0.61337,1276,14
1708308000,0.61336,0.61417,0.61335,0.61377,2144,14
1708311600,0.61378,0.6144,0.61329,0.61333,3011,14
1708315200,0.61332,0.61358,0.61314,0.61345,1995,14
1708318800,0.61346,0.61404,0.61344,0.61369,1387,14
1708322400,0.61368,0.61403,0.61367,0.61396,1264,15
1708326000,0.61397,0.61411,0.61378,0.61395,1453,14
1708329600,0.61395,0.61488,0.61371,0.6147,1343,14
1708333200,0.61473,0.61513,0.61456,0.61483,1729,14
1708336800,0.61483,0.61514,0.61466,0.61473,2153,14
1708340400,0.61473,0.61492,0.61436,0.61445,1720,14
1708344000,0.61446,0.61447,0.61383,0.61404,1273,14
1708347600,0.61402,0.61435,0.61366,0.61371,1400,14
1708351200,0.61368,0.61399,0.61361,0.61383,1541,14
1708354800,0.61382,0.61478,0.61382,0.61462,1421,14
1708358400,0.61462,0.61463,0.61411,0.61435,1222,14
1708362000,0.61435,0.61454,0.61407,0.61415,1556,14
1708365600,0.61414,0.61433,0.61399,0.61423,822,14
1708369200,0.61424,0.6145,0.6142,0.61442,398,15
1708372800,0.61443,0.61462,0.61441,0.61447,198,14
1708376400,0.61447,0.61484,0.61445,0.61471,221,14
1708380000,0.61471,0.61491,0.61469,0.6149,167,14
1708383600,0.6149,0.61507,0.61476,0.61488,324,14
1708387200,0.61488,0.61489,0.61466,0.61468,324,15
1708390800,0.61468,0.61486,0.61401,0.61415,1020,14
1708394400,0.61415,0.61439,0.61348,0.61366,1779,14
1708398000,0.61366,0.61427,0.6131,0.61357,2740,14
1708401600,0.61356,0.61359,0.61283,0.61313,2091,14
1708405200,0.61313,0.6138,0.61311,0.61369,1498,14
1708408800,0.61367,0.61401,0.61364,0.61385,1383,14
1708412400,0.61385,0.61396,0.61345,0.61368,1339,14
1708416000,0.61368,0.61403,0.61345,0.6139,1434,14
1708419600,0.61388,0.61426,0.61356,0.61384,1897,14
1708423200,0.61384,0.61527,0.61378,0.61514,2286,14
1708426800,0.6151,0.61642,0.61503,0.61641,2117,14
1708430400,0.61638,0.61707,0.61596,0.61693,2465,14
1708434000,0.61693,0.61699,0.61634,0.61673,1971,14
1708437600,0.61676,0.61783,0.61668,0.61719,2439,14
1708441200,0.61721,0.61876,0.61702,0.61859,3882,14
1708444800,0.6186,0.61902,0.61786,0.61798,4320,14
1708448400,0.61795,0.61833,0.61697,0.61811,3994,14
1708452000,0.6181,0.61813,0.61724,0.61751,2547,14
1708455600,0.61752,0.61752,0.61692,0.61722,2087,14
1708459200,0.61718,0.6173,0.61675,0.61688,1721,14
1708462800,0.61687,0.6172,0.61644,0.61672,1778,14
1708466400,0.61671,0.61695,0.61659,0.61681,1478,14
1708470000,0.61682,0.61682,0.6162,0.61632,705,14
1708473600,0.61552,0.6165,0.61552,0.61612,342,19
1708477200,0.61612,0.61679,0.61607,0.61663,1150,14
1708480800,0.61665,0.61699,0.61643,0.61695,1639,14
1708484400,0.61696,0.61766,0.61645,0.61759,2451,14
1708488000,0.6176,0.61844,0.61758,0.61831,2435,14
1708491600,0.61831,0.61898,0.61828,0.61887,1683,14
1708495200,0.61887,0.6189,0.61848,0.6187,949,14
1708498800,0.61872,0.6197,0.61849,0.61901,1826,14
1708502400,0.61901,0.61919,0.61822,0.61854,1750,14
1708506000,0.61856,0.6193,0.61852,0.61888,1835,14
1708509600,0.61888,0.61934,0.61801,0.61812,2676,14
1708513200,0.61812,0.6188,0.61796,0.61827,2464,14
1708516800,0.61827,0.61891,0.61819,0.61873,1432,14
1708520400,0.61873,0.61883,0.61788,0.61821,1574,14
1708524000,0.61822,0.61835,0.61761,0.61767,1691,14
1708527600,0.61766,0.61851,0.61762,0.6181,2915,14
1708531200,0.61809,0.61852,0.6179,0.61814,3219,14
1708534800,0.61814,0.6183,0.61682,0.61686,3125,14
1708538400,0.61686,0.61749,0.61677,0.61724,2471,14
1708542000,0.61724,0.61726,0.61655,0.61679,1715,14
1708545600,0.61679,0.61716,0.61614,0.61691,1902,14
1708549200,0.61677,0.61794,0.61645,0.61759,3340,14
1708552800,0.61759,0.61795,0.61716,0.61793,1691,14
1708556400,0.61793,0.61809,0.61751,0.61795,1405,14
1708560000,0.61772,0.61782,0.6164,0.6177,404,14
1708563600,0.61771,0.61826,0.61769,0.61802,1154,15
1708567200,0.61802,0.61975,0.61783,0.61957,1727,14
1708570800,0.61957,0.6197,0.61856,0.61861,1842,14
1708574400,0.6186,0.61898,0.61761,0.61887,1920,14
1708578000,0.6189,0.61899,0.61835,0.6186,1203,14
1708581600,0.6186,0.61929,0.6184,0.61924,1152,14
1708585200,0.61924,0.61978,0.61917,0.61946,1538,14
1708588800,0.61946,0.62045,0.61944,0.62027,1656,14
1708592400,0.62029,0.62155,0.62014,0.62135,2968,14
1708596000,0.62136,0.62172,0.62071,0.621,3763,14
1708599600,0.621,0.62101,0.62011,0.62057,2940,14
1708603200,0.62054,0.62118,0.62033,0.62089,1855,14
1708606800,0.62091,0.62092,0.62027,0.62041,1970,14
1708610400,0.62042,0.62075,0.61966,0.61977,2061,14
1708614000,0.61977,0.6199,0.61818,0.61831,4417,14
1708617600,0.61831,0.61925,0.61773,0.61884,4459,14
1708621200,0.61886,0.61889,0.61777,0.61847,4896,14
1708624800,0.61847,0.61878,0.61819,0.61852,2858,14
1708628400,0.61851,0.61953,0.61826,0.61927,1902,14
1708632000,0.61925,0.6199,0.61884,0.61957,1385,14
1708635600,0.61958,0.61998,0.61949,0.61985,1289,15
1708639200,0.61984,0.62005,0.61954,0.61985,1534,14
1708642800,0.61985,0.62027,0.61909,0.61937,888,14
1708646400,0.61931,0.61939,0.61848,0.61919,242,14
1708650000,0.61919,0.61945,0.61911,0.61931,900,14
1708653600,0.61932,0.62017,0.61867,0.61904,2434,14
1708657200,0.61901,0.62014,0.61899,0.6196,2854,14
1708660800,0.61961,0.62006,0.61927,0.61993,1341,14
1708664400,0.61994,0.62031,0.61981,0.62022,1245,14
1708668000,0.62022,0.62031,0.62003,0.62016,667,14
1708671600,0.62016,0.6202,0.61966,0.61989,911,14
1708675200,0.61989,0.62043,0.61958,0.62022,1478,14
1708678800,0.62023,0.62048,0.61982,0.62006,2185,14
1708682400,0.62008,0.62047,0.61888,0.61899,2324,14
1708686000,0.619,0.61904,0.61799,0.61817,2058,14
1708689600,0.61817,0.61887,0.61816,0.61878,1743,14
1708693200,0.61878,0.61943,0.61859,0.61932,1655,14
1708696800,0.61932,0.62097,0.6193,0.62065,2094,14
1708700400,0.62065,0.62103,0.61986,0.62001,3500,14
1708704000,0.62,0.62018,0.61957,0.61975,2990,14
1708707600,0.61973,0.61973,0.61861,0.61904,3229,14
1708711200,0.61904,0.61967,0.61851,0.61953,2331,14
1708714800,0.61952,0.61986,0.6194,0.61957,1741,14
1708718400,0.61957,0.61983,0.61942,0.6196,981,14
1708722000,0.61959,0.61959,0.61922,0.61943,904,15
1708725600,0.61942,0.61955,0.6189,0.61954,1089,15
1708729200,0.61953,0.61972,0.61944,0.61961,1015,14
1708905600,0.61917,0.61955,0.61862,0.61922,298,21
1708909200,0.61922,0.61941,0.61836,0.6184,1172,14
1708912800,0.6184,0.61871,0.61635,0.61642,2321,14
1708916400,0.61641,0.6172,0.61621,0.61665,1988,14
1708920000,0.61665,0.61707,0.61659,0.61687,1832,14
1708923600,0.61687,0.61699,0.61662,0.6167,1336,14
1708927200,0.6167,0.61703,0.61647,0.61694,808,14
1708930800,0.61694,0.61703,0.61659,0.61661,1088,14
1708934400,0.61659,0.61726,0.6164,0.6167,1511,14
1708938000,0.6167,0.61703,0.61655,0.6167,2281,14
1708941600,0.6167,0.61702,0.61616,0.6167,2779,14
1708945200,0.6167,0.61695,0.61639,0.61694,1928,14
1708948800,0.61698,0.61772,0.61695,0.61735,1677,14
1708952400,0.61735,0.6181,0.61714,0.61766,1707,14
1708956000,0.6177,0.61815,0.61757,0.61764,2083,14
1708959600,0.61759,0.61843,0.61757,0.61814,2939,14
1708963200,0.61813,0.6182,0.6165,0.61671,2962,14
1708966800,0.6167,0.61732,0.61641,0.61719,2759,14
1708970400,0.61719,0.61737,0.61673,0.61735,1951,14
1708974000,0.61736,0.61739,0.61697,0.61718,1492,14
1708977600,0.61716,0.61733,0.61682,0.61711,1585,14
1708981200,0.6171,0.61727,0.61695,0.61707,1101,14
1708984800,0.61707,0.61769,0.61706,0.61712,1310,14
1708988400,0.61712,0.61731,0.61708,0.61718,683,14
1708992000,0.61718,0.61721,0.61669,0.61683,323,17
1708995600,0.61683,0.61712,0.61629,0.61657,1063,14
1708999200,0.61657,0.61659,0.61566,0.61592,1612,14
1709002800,0.61592,0.61613,0.61544,0.61601,1900,14
1709006400,0.61599,0.6162,0.61508,0.61539,1761,14
1709010000,0.6154,0.61601,0.61514,0.61598,1341,14
1709013600,0.61598,0.61658,0.61583,0.61608,1281,14
1709017200,0.61607,0.61649,0.61587,0.61627,1325,14
1709020800,0.61627,0.61685,0.61615,0.61659,1568,14
1709024400,0.6166,0.61731,0.61654,0.61708,2255,14
1709028000,0.61707,0.61746,0.61672,0.61682,2605,14
1709031600,0.61679,0.61702,0.61648,0.61657,2191,14
1709035200,0.61657,0.61664,0.61596,0.61634,2092,14
1709038800,0.61634,0.61648,0.61588,0.61645,1660,14
1709042400,0.61645,0.61746,0.61645,0.61681,1383,14
1709046000,0.6168,0.61694,0.61617,0.61661,3678,14
1709049600,0.61659,0.61684,0.61615,0.6166,2427,14
1709053200,0.61654,0.61704,0.61564,0.61698,3720,14
1709056800,0.61698,0.61753,0.61687,0.61706,2506,14
1709060400,0.61706,0.61708,0.61645,0.617,1991,14
1709064000,0.61699,0.61771,0.61686,0.61734,1926,14
1709067600,0.61734,0.61735,0.61677,0.61699,1077,14
1709071200,0.61699,0.6171,0.61666,0.6167,1056,14
1709074800,0.61669,0.61707,0.61668,0.61696,557,14
1709078400,0.61696,0.61709,0.61637,0.61702,269,17
1709082000,0.61709,0.61736,0.61682,0.61684,680,14
1709085600,0.61684,0.6177,0.61643,0.61695,1931,14
1709089200,0.61688,0.61698,0.61176,0.61221,3233,14
1709092800,0.6122,0.61232,0.611,0.61124,2361,14
1709096400,0.61124,0.61145,0.61017,0.61068,2050,14
1709100000,0.61066,0.61143,0.61041,0.61113,1587,14
1709103600,0.61113,0.61134,0.61045,0.6113,1585,14
1709107200,0.6113,0.61145,0.61,0.61033,1939,14
1709110800,0.61033,0.6112,0.60998,0.61078,2279,14
1709114400,0.61079,0.61088,0.60988,0.61026,2498,14
1709118000,0.61025,0.61043,0.60924,0.60925,2325,14
1709121600,0.60923,0.60994,0.60921,0.60985,2330,14
1709125200,0.60985,0.61026,0.60942,0.60985,1846,14
1709128800,0.60984,0.61001,0.60908,0.60914,1849,14
1709132400,0.6091,0.61023,0.60907,0.60946,3674,14
1709136000,0.60946,0.60977,0.60888,0.60895,3730,14
1709139600,0.60895,0.60941,0.60864,0.60876,2705,14
1709143200,0.60876,0.60896,0.60811,0.60896,2402,14
1709146800,0.60896,0.60931,0.60873,0.60899,1286,14
1709150400,0.60899,0.60943,0.60885,0.60927,1010,14
1709154000,0.60927,0.60966,0.60905,0.60915,1166,14
1709157600,0.60916,0.60992,0.6091,0.60971,1224,14
1709161200,0.6097,0.60977,0.60945,0.60973,730,14
1709164800,0.60973,0.60991,0.60947,0.60982,548,15
1709168400,0.60988,0.61003,0.6093,0.60957,631,14
1709172000,0.60955,0.60961,0.60887,0.60901,1444,14
1709175600,0.60901,0.61025,0.609,0.60965,1840,14
1709179200,0.60965,0.61055,0.60963,0.6105,1796,14
1709182800,0.6105,0.61071,0.61014,0.61047,1513,14
1709186400,0.61047,0.61089,0.6102,0.6103,1288,14
1709190000,0.6103,0.61059,0.60971,0.61017,1762,14
1709193600,0.61017,0.61033,0.60993,0.6101,1583,14
1709197200,0.6101,0.61029,0.60939,0.6096,2557,14
1709200800,0.6096,0.60977,0.60877,0.60957,2833,14
1709204400,0.60957,0.60963,0.60873,0.60882,2822,14
1709208000,0.60881,0.609,0.60807,0.60816,2091,14
1709211600,0.60815,0.60877,0.6079,0.6081,2258,14
1709215200,0.60809,0.60824,0.60769,0.60776,2243,14
1709218800,0.60776,0.60975,0.60761,0.60942,4916,14
1709222400,0.6094,0.61054,0.60909,0.61052,4677,14
1709226000,0.61057,0.61112,0.60856,0.60906,4900,14
1709229600,0.60906,0.60934,0.60843,0.60886,3621,14
1709233200,0.60886,0.60891,0.6077,0.60803,2057,14
1709236800,0.60801,0.60879,0.60798,0.60865,756,14
1709240400,0.60865,0.60877,0.60812,0.60815,1080,14
1709244000,0.60815,0.6089,0.60815,0.60871,1239,14
1709247600,0.60869,0.6087,0.60843,0.60851,400,14
1709251200,0.60717,0.6086,0.60717,0.60841,782,16
1709254800,0.60841,0.60876,0.60791,0.60864,1018,14
1709258400,0.60863,0.60879,0.60822,0.60863,1144,14
1709262000,0.60863,0.6095,0.60848,0.60938,1951,14
1709265600,0.60939,0.60945,0.60896,0.6091,1647,14
1709269200,0.60909,0.60964,0.60907,0.60953,1282,14
1709272800,0.60953,0.60959,0.60895,0.60908,562,14
1709276400,0.60909,0.6092,0.60889,0.60896,980,14
1709280000,0.60896,0.60935,0.60894,0.60929,936,14
1709283600,0.60929,0.60954,0.60852,0.60858,1445,14
1709287200,0.60857,0.60888,0.60808,0.60822,2574,14
1709290800,0.6082,0.60922,0.60816,0.60906,2940,14
1709294400,0.60903,0.60977,0.60898,0.60964,3163,14
1709298000,0.60964,0.60987,0.60913,0.60953,2326,14
1709301600,0.60953,0.60954,0.60862,0.60865,2344,14
1709305200,0.60867,0.60892,0.60816,0.60857,3825,14
1709308800,0.60857,0.60945,0.60781,0.60789,3861,14
1709312400,0.60881,0.61112,0.60863,0.61076,6000,14
1709316000,0.61076,0.61094,0.60998,0.61028,2744,14
1709319600,0.61028,0.61071,0.61021,0.61043,1703,14
1709323200,0.61044,0.61057,0.60981,0.61036,1135,14
1709326800,0.61038,0.61072,0.61038,0.61049,910,14
1709330400,0.61049,0.61078,0.61027,0.61072,870,15
1709334000,0.61072,0.61074,0.61027,0.61059,1321,14
1709510400,0.61062,0.61085,0.61029,0.61054,365,25
1709514000,0.61064,0.61081,0.61012,0.6102,1246,16
1709517600,0.61025,0.61106,0.61013,0.61059,1407,14
1709521200,0.61062,0.61067,0.60941,0.6096,2286,14
1709524800,0.6096,0.61022,0.60929,0.60999,1345,14
1709528400,0.60999,0.6101,0.60973,0.60984,1228,15
1709532000,0.60984,0.60992,0.60944,0.60961,620,14
1709535600,0.60961,0.60989,0.60946,0.60956,845,14
1709539200,0.60956,0.61013,0.60949,0.60994,1814,14
1709542800,0.60997,0.61033,0.60948,0.6103,2422,14
1709546400,0.6103,0.61031,0.609,0.60911,2683,14
1709550000,0.6091,0.61071,0.60909,0.61047,2149,14
1709553600,0.61047,0.61055,0.6101,0.61026,1776,14
1709557200,0.61026,0.61032,0.60984,0.61003,1516,14
1709560800,0.61003,0.61029,0.60969,0.60973,1678,14
1709564400,0.60973,0.60973,0.60873,0.60947,2816,14
1709568000,0.60948,0.61049,0.60911,0.61041,3251,14
1709571600,0.61039,0.61043,0.60959,0.6097,2317,14
1709575200,0.60968,0.61027,0.60957,0.60988,2466,14
1709578800,0.60989,0.60995,0.60944,0.60949,1850,14
1709582400,0.60949,0.6096,0.60911,0.60913,984,15
1709586000,0.60913,0.60945,0.60907,0.60934,702,14
1709589600,0.60934,0.60968,0.60934,0.60944,966,14
1709593200,0.60944,0.60947,0.60902,0.6092,648,14
1709596800,0.6091,0.60959,0.60909,0.60938,689,22
1709600400,0.60942,0.60971,0.60926,0.60945,825,14
1709604000,0.60944,0.60961,0.60907,0.60929,1285,14
1709607600,0.60928,0.60956,0.60891,0.60923,2007,14
1709611200,0.60923,0.60928,0.60826,0.60844,1774,14
1709614800,0.60844,0.60938,0.60843,0.60903,1172,14
1709618400,0.60903,0.60911,0.60847,0.60866,896,14
1709622000,0.60865,0.60887,0.60813,0.60817,1165,14
1709625600,0.60817,0.60832,0.60726,0.60744,1683,14
1709629200,0.60744,0.60779,0.60723,0.60757,1902,14
1709632800,0.60756,0.60779,0.60705,0.60713,2251,14
1709636400,0.60713,0.60798,0.60702,0.60739,2022,14
1709640000,0.60741,0.6084,0.60732,0.60816,1674,14
1709643600,0.60816,0.60831,0.60802,0.60802,1699,14
1709647200,0.60802,0.60803,0.6075,0.60757,1723,14
1709650800,0.60757,0.60858,0.60754,0.60833,2745,14
1709654400,0.60834,0.60883,0.60818,0.60851,3800,14
1709658000,0.60896,0.61091,0.60896,0.61012,5785,14
1709661600,0.61014,0.61017,0.6084,0.60881,3106,14
1709665200,0.60881,0.6093,0.60869,0.60901,1598,14
1709668800,0.60903,0.60917,0.60844,0.60861,1711,14
1709672400,0.60862,0.60874,0.60813,0.60841,1902,14
1709676000,0.60841,0.60855,0.60807,0.60851,1424,14
1709679600,0.60852,0.6086,0.60829,0.60851,969,14
1709683200,0.60851,0.60872,0.60822,0.60829,543,18
1709686800,0.60829,0.60904,0.60829,0.60862,928,15
1709690400,0.60862,0.60863,0.60714,0.60736,1912,14
1709694000,0.60735,0.60773,0.60682,0.60764,1920,14
1709697600,0.60765,0.60868,0.60759,0.60859,1834,14
1709701200,0.60858,0.60898,0.60843,0.60875,1180,14
1709704800,0.60877,0.6092,0.60865,0.609,939,15
1709708400,0.609,0.60966,0.60899,0.60931,933,14
1709712000,0.60931,0.60977,0.60908,0.60915,1410,14
1709715600,0.60919,0.60993,0.60918,0.60943,2880,14
1709719200,0.60941,0.60985,0.60925,0.60978,2630,14
1709722800,0.60979,0.61024,0.60958,0.6102,1991,14
1709726400,0.6102,0.6103,0.60958,0.60967,1702,14
1709730000,0.60967,0.61035,0.60964,0.61025,1402,14
1709733600,0.61023,0.6108,0.60996,0.60997,1964,14
1709737200,0.60996,0.61155,0.60991,0.61139,5024,14
1709740800,0.6114,0.61215,0.6112,0.61189,4196,14
1709744400,0.61163,0.61289,0.61128,0.6126,5280,14
1709748000,0.6126,0.61435,0.61231,0.61391,3553,14
1709751600,0.61389,0.61426,0.61304,0.61318,2887,14
1709755200,0.61319,0.61384,0.61303,0.61337,2399,14
1709758800,0.61337,0.61339,0.61261,0.61284,2803,14
1709762400,0.61284,0.61292,0.61253,0.61285,1913,14
1709766000,0.61285,0.61292,0.61274,0.61283,546,14
1709769600,0.61283,0.61288,0.61213,0.61276,527,17
1709773200,0.61278,0.61301,0.61246,0.61273,989,16
1709776800,0.61273,0.61335,0.61272,0.61323,2187,14
1709780400,0.61324,0.61367,0.61292,0.61314,3239,14
1709784000,0.61314,0.6137,0.61262,0.61366,1966,14
1709787600,0.61365,0.61433,0.6133,0.61408,1483,14
1709791200,0.61408,0.61494,0.61401,0.61473,1669,14
1709794800,0.6147,0.61486,0.61405,0.61409,1525,14
1709798400,0.61408,0.61463,0.61389,0.6145,2144,14
1709802000,0.61453,0.61505,0.61446,0.61491,2941,14
1709805600,0.61493,0.61562,0.6143,0.61548,3338,14
1709809200,0.61547,0.61566,0.6149,0.61543,2466,14
1709812800,0.61544,0.61622,0.61535,0.61618,2188,14
1709816400,0.61618,0.61622,0.61575,0.61577,1856,14
1709820000,0.61577,0.61624,0.61574,0.61603,2138,14
1709823600,0.61603,0.61725,0.61563,0.61647,5277,14
1709827200,0.61646,0.61677,0.61597,0.61647,5071,14
1709830800,0.61647,0.61699,0.61555,0.6166,4207,14
1709834400,0.61659,0.61754,0.61653,0.61703,3500,14
1709838000,0.61702,0.61714,0.6166,0.61704,2338,14
1709841600,0.61703,0.61742,0.61701,0.61708,1596,14
1709845200,0.61707,0.6174,0.61697,0.61738,1176,14
1709848800,0.61738,0.61743,0.61708,0.61728,1339,14
1709852400,0.61728,0.61739,0.61717,0.61731,469,14
1709856000,0.61728,0.61733,0.61714,0.61723,198,14
1709859600,0.6172,0.61776,0.61712,0.61774,884,14
1709863200,0.61774,0.61831,0.61754,0.61772,1534,14
1709866800,0.61772,0.61801,0.61608,0.61665,2113,14
1709870400,0.61663,0.61733,0.61635,0.61679,1897,14
1709874000,0.61679,0.61724,0.61646,0.61712,1601,14
1709877600,0.61712,0.61762,0.61712,0.61717,1281,14
1709881200,0.61716,0.61754,0.61703,0.61754,1394,14
1709884800,0.61754,0.6176,0.61706,0.61745,1302,14
1709888400,0.61745,0.61809,0.61701,0.61792,2844,14
1709892000,0.61793,0.61814,0.61736,0.61789,3142,14
1709895600,0.61786,0.6188,0.61774,0.61839,3323,14
1709899200,0.6184,0.61872,0.61822,0.61845,2691,14
1709902800,0.61847,0.61865,0.61816,0.6184,1890,14
1709906400,0.6184,0.61859,0.61808,0.61829,1909,14
1709910000,0.61828,0.62159,0.6172,0.61965,6772,14
1709913600,0.61966,0.62066,0.61941,0.62012,7102,14
1709917200,0.62013,0.62046,0.61846,0.61914,4576,14
1709920800,0.61914,0.6192,0.61727,0.6177,4021,14
1709924400,0.6177,0.61826,0.61734,0.61755,2015,14
1709928000,0.61755,0.61756,0.61693,0.61711,1950,14
1709931600,0.61711,0.61772,0.61679,0.61768,1537,15
1709935200,0.61769,0.61779,0.61709,0.61736,1806,14
1709938800,0.61736,0.61767,0.61736,0.61743,897,14
1710115200,0.61605,0.61753,0.61605,0.61743,269,38
1710118800,0.61744,0.61755,0.617,0.61702,750,14
1710122400,0.61702,0.61792,0.61702,0.61785,1572,14
1710126000,0.61785,0.61805,0.61733,0.61755,2316,14
1710129600,0.61753,0.61817,0.6174,0.61756,2581,15
1710133200,0.61756,0.61757,0.61674,0.61686,1911,14
1710136800,0.61685,0.61754,0.61671,0.61714,1533,14
1710140400,0.61714,0.61733,0.61689,0.61721,1071,14
1710144000,0.61721,0.61754,0.61717,0.61741,1480,14
1710147600,0.61741,0.61771,0.61725,0.61768,1566,14
1710151200,0.61767,0.61785,0.61661,0.61756,2418,14
1710154800,0.61754,0.61769,0.6166,0.61684,2570,14
1710158400,0.61684,0.61807,0.61682,0.61783,1736,14
1710162000,0.61783,0.61805,0.61765,0.61781,1349,14
1710165600,0.61779,0.61796,0.6175,0.61777,1126,14
1710169200,0.61774,0.61794,0.61672,0.61674,3225,14
1710172800,0.61674,0.61729,0.61615,0.61618,3138,14
1710176400,0.61618,0.61682,0.61594,0.61681,2579,14
1710180000,0.61681,0.61694,0.61619,0.61665,2930,14
1710183600,0.61665,0.61712,0.61646,0.61696,2368,14
1710187200,0.61699,0.61719,0.6163,0.6164,1888,14
1710190800,0.6164,0.61671,0.61619,0.61664,1124,14
1710194400,0.61664,0.61669,0.61644,0.61663,1073,14
1710198000,0.61663,0.61701,0.61659,0.61692,556,14
1710201600,0.61692,0.61701,0.616,0.61676,516,21
1710205200,0.6167,0.61693,0.61654,0.6166,628,15
1710208800,0.6166,0.61695,0.61653,0.6169,975,14
1710212400,0.6169,0.61719,0.61646,0.61659,1827,14
1710216000,0.61659,0.61715,0.61645,0.61688,2237,14
1710219600,0.61688,0.61732,0.61634,0.61719,2173,14
1710223200,0.61718,0.61752,0.61701,0.61732,1722,15
1710226800,0.61732,0.61732,0.61687,0.61701,1123,14
1710230400,0.61701,0.61741,0.61666,0.6168,1652,14
1710234000,0.61679,0.61705,0.61652,0.61695,2087,14
1710237600,0.61693,0.61714,0.61657,0.61696,2723,14
1710241200,0.61696,0.61696,0.61604,0.61625,2712,14
1710244800,0.61621,0.61654,0.61589,0.61619,1654,14
1710248400,0.61619,0.61645,0.61589,0.61639,1399,14
1710252000,0.61639,0.61661,0.61605,0.61627,1366,14
1710255600,0.61626,0.61838,0.61223,0.61616,7018,14
1710259200,0.61616,0.61616,0.61348,0.61451,7451,14
1710262800,0.61451,0.61474,0.61362,0.61426,4669,14
1710266400,0.61426,0.61481,0.61376,0.61475,3173,14
1710270000,0.61476,0.61477,0.61421,0.61452,1477,14
1710273600,0.61452,0.61474,0.61396,0.61444,2439,14
1710277200,0.61443,0.61514,0.61428,0.61509,925,14
1710280800,0.61508,0.6152,0.61491,0.61506,1008,14
1710284400,0.61505,0.61517,0.61492,0.61498,516,14
1710288000,0.61437,0.61499,0.61341,0.61484,727,21
1710291600,0.61484,0.615,0.61459,0.61475,713,15
1710295200,0.61475,0.61498,0.61471,0.6148,708,14
1710298800,0.6148,0.61506,0.61445,0.61465,1331,14
1710302400,0.61465,0.61493,0.61444,0.61472,1358,14
1710306000,0.61472,0.61591,0.61469,0.61578,1458,14
1710309600,0.61578,0.6164,0.61558,0.61614,1171,14
1710313200,0.61614,0.61633,0.61598,0.61609,1204,14
1710316800,0.61608,0.61663,0.61579,0.61658,1755,14
1710320400,0.61658,0.6169,0.61597,0.61622,1898,14
1710324000,0.61623,0.61662,0.61561,0.61646,1922,14
1710327600,0.61646,0.61681,0.61592,0.61598,2144,14
1710331200,0.61597,0.61601,0.61512,0.61515,2238,14
1710334800,0.61515,0.61526,0.61481,0.61515,1479,14
1710338400,0.61515,0.61572,0.61508,0.61556,1533,14
1710342000,0.61556,0.61574,0.61487,0.61535,2611,14
1710345600,0.61535,0.61592,0.61533,0.61563,3000,14
1710349200,0.61563,0.61626,0.61528,0.61594,2626,14
1710352800,0.61594,0.61631,0.61547,0.61557,2517,14
1710356400,0.61554,0.61603,0.61547,0.61593,1379,14
1710360000,0.61593,0.61675,0.61591,0.61645,2037,14
1710363600,0.61645,0.61658,0.61589,0.6159,990,14
1710367200,0.61587,0.61593,0.61537,0.6154,1289,14
1710370800,0.6154,0.61576,0.61534,0.61558,715,14
1710374400,0.61561,0.6157,0.61478,0.61563,681,24
1710378000,0.61571,0.61582,0.61545,0.61549,1124,16
1710381600,0.61547,0.61638,0.61545,0.61635,1072,14
1710385200,0.61636,0.61674,0.61601,0.61658,1674,14
1710388800,0.61657,0.61742,0.61657,0.61737,1699,14
1710392400,0.61736,0.61742,0.61603,0.61606,1306,14
1710396000,0.61605,0.61613,0.61556,0.61563,1318,14
1710399600,0.61565,0.61602,0.61531,0.61592,722,14
1710403200,0.61591,0.61606,0.61566,0.61569,1108,14
1710406800,0.61569,0.61612,0.61559,0.61578,1502,14
1710410400,0.61578,0.61624,0.61551,0.6161,2394,14
1710414000,0.61611,0.61637,0.6157,0.61588,2476,14
1710417600,0.61589,0.61674,0.61582,0.61673,1239,14
1710421200,0.61673,0.61709,0.61655,0.61683,2134,14
1710424800,0.61683,0.61725,0.61672,0.61697,1733,14
1710428400,0.61698,0.61726,0.61532,0.6158,5470,14
1710432000,0.61579,0.61614,0.61431,0.61487,6190,14
1710435600,0.61484,0.61494,0.61319,0.61338,4591,14
1710439200,0.61338,0.61353,0.61217,0.61304,4285,14
1710442800,0.61303,0.61381,0.61288,0.61344,2592,14
1710446400,0.61343,0.61357,0.61266,0.61301,2076,14
1710450000,0.61299,0.61326,0.61284,0.61301,1393,14
1710453600,0.61301,0.61308,0.61211,0.61308,1096,14
1710457200,0.61308,0.61326,0.6129,0.61294,532,14
1710460800,0.61294,0.61314,0.61269,0.61293,546,22
1710464400,0.61293,0.613,0.61224,0.61237,451,16
1710468000,0.61235,0.61261,0.61222,0.61229,928,14
1710471600,0.61229,0.61241,0.61052,0.61058,1779,14
1710475200,0.61058,0.61089,0.61021,0.61024,1678,14
1710478800,0.61025,0.61025,0.60947,0.60985,1288,14
1710482400,0.60985,0.61019,0.60951,0.61005,1180,14
1710486000,0.61005,0.61017,0.60974,0.61015,860,15
1710489600,0.61016,0.61026,0.60956,0.60984,1140,14
1710493200,0.60984,0.61041,0.6097,0.61027,1481,14
1710496800,0.61029,0.6106,0.60962,0.60963,2113,14
1710500400,0.60963,0.60978,0.60894,0.60909,2869,14
1710504000,0.60909,0.60966,0.60908,0.60959,1922,14
1710507600,0.60959,0.60975,0.60925,0.60952,1090,14
1710511200,0.60952,0.61018,0.60932,0.60986,1376,14
1710514800,0.60986,0.61026,0.60945,0.60977,2394,14
1710518400,0.60977,0.6103,0.6092,0.60927,3319,14
1710522000,0.6093,0.6103,0.60914,0.60926,4071,14
1710525600,0.60926,0.60935,0.60838,0.6088,2257,14
1710529200,0.6088,0.60901,0.60822,0.6083,1931,14
1710532800,0.6083,0.60849,0.60801,0.6083,1320,14
1710536400,0.60831,0.60888,0.60822,0.60874,1011,14
1710540000,0.60874,0.60885,0.60832,0.60838,818,14
1710543600,0.60837,0.60858,0.60808,0.60822,556,14
1710720000,0.60842,0.6086,0.60801,0.60848,241,33
1710723600,0.60848,0.60879,0.60833,0.60853,681,15
1710727200,0.60854,0.60865,0.60818,0.60861,965,15
1710730800,0.60862,0.60869,0.60811,0.6084,1451,14
1710734400,0.60841,0.60898,0.60794,0.60889,1836,14
1710738000,0.60895,0.60969,0.60892,0.6094,1621,14
1710741600,0.6094,0.60981,0.60924,0.60928,1062,14
1710745200,0.60928,0.60951,0.60916,0.60926,889,14
1710748800,0.60926,0.60936,0.60901,0.60924,1043,14
1710752400,0.60923,0.60931,0.60867,0.60885,1069,14
1710756000,0.60883,0.60954,0.60861,0.60948,1289,14
1710759600,0.60947,0.60992,0.60924,0.60982,1933,14
1710763200,0.6098,0.60995,0.60941,0.60953,1333,14
1710766800,0.60953,0.60953,0.60889,0.60905,1470,14
1710770400,0.60905,0.60954,0.60899,0.60934,1307,14
1710774000,0.60933,0.60953,0.60881,0.60898,2103,14
1710777600,0.60898,0.60939,0.60879,0.60888,2647,14
1710781200,0.60888,0.60926,0.60842,0.60862,2152,14
1710784800,0.60861,0.60876,0.6082,0.60837,1862,14
1710788400,0.60837,0.60837,0.60789,0.60797,1763,14
1710792000,0.60797,0.60818,0.60769,0.60792,1335,14
1710795600,0.60793,0.60814,0.60776,0.60784,934,14
1710799200,0.60782,0.60818,0.60782,0.60804,755,14
1710802800,0.60805,0.60846,0.60803,0.60843,683,14
1710806400,0.60844,0.60848,0.60806,0.60844,419,14
1710810000,0.60844,0.60857,0.60818,0.60826,706,14
1710813600,0.60827,0.60836,0.60803,0.60811,628,15
1710817200,0.60811,0.60815,0.60707,0.60736,1369,14
1710820800,0.60734,0.60741,0.60648,0.60676,2036,14
1710824400,0.60677,0.60794,0.60677,0.60744,1403,14
1710828000,0.60744,0.60819,0.60626,0.60692,4072,14
1710831600,0.60694,0.60731,0.60607,0.60614,2909,14
1710835200,0.60614,0.60617,0.60498,0.60512,2091,14
1710838800,0.60512,0.60552,0.60466,0.60484,2565,14
1710842400,0.60484,0.60532,0.60446,0.60524,2778,14
1710846000,0.60526,0.60529,0.60407,0.6047,2480,14
1710849600,0.6047,0.60481,0.60334,0.60376,2349,14
1710853200,0.60376,0.60451,0.60365,0.60438,1950,14
1710856800,0.60438,0.60524,0.60428,0.60514,1473,14
1710860400,0.60514,0.60521,0.60457,0.6051,2039,14
1710864000,0.6051,0.60547,0.60426,0.60449,2080,14
1710867600,0.60449,0.60559,0.60434,0.60558,2026,14
1710871200,0.60558,0.60558,0.60471,0.60472,1797,14
1710874800,0.60472,0.60527,0.6045,0.60518,1733,14
1710878400,0.60519,0.60562,0.60499,0.60529,1635,14
1710882000,0.60528,0.60541,0.6049,0.60493,866,14
1710885600,0.60492,0.60548,0.60487,0.60534,887,14
1710889200,0.60533,0.60535,0.60502,0.60509,497,14
1710892800,0.60509,0.60533,0.60356,0.60527,416,19
1710896400,0.60528,0.60547,0.60488,0.60516,1186,14
1710900000,0.60516,0.60524,0.60465,0.60467,829,14
1710903600,0.60464,0.60478,0.60366,0.60463,1469,14
1710907200,0.60462,0.60515,0.60444,0.60472,1631,14
1710910800,0.60472,0.60549,0.60462,0.60546,1212,14
1710914400,0.60547,0.6055,0.60502,0.60505,1314,14
1710918000,0.60505,0.60505,0.60387,0.60392,1235,14
1710921600,0.60392,0.6043,0.60385,0.60408,1341,14
1710925200,0.60408,0.60467,0.60397,0.60423,1591,14
1710928800,0.60424,0.60493,0.60418,0.60432,2303,14
1710932400,0.60432,0.60433,0.60328,0.60359,1870,14
1710936000,0.60358,0.60362,0.60239,0.60266,2021,14
1710939600,0.60265,0.60304,0.60248,0.60278,1371,14
1710943200,0.60277,0.60312,0.60277,0.60303,1170,14
1710946800,0.60303,0.60329,0.60273,0.60297,1708,14
1710950400,0.60297,0.60311,0.60262,0.60299,2242,14
1710954000,0.60301,0.60362,0.60293,0.60325,2225,14
1710957600,0.60325,0.60383,0.60324,0.60329,1476,14
1710961200,0.60328,0.60382,0.60328,0.60381,868,14
1710964800,0.60381,0.60422,0.60302,0.60302,1069,14
1710968400,0.60301,0.60791,0.60241,0.60761,9533,14
1710972000,0.60768,0.60844,0.60676,0.60827,4845,14
1710975600,0.60824,0.60827,0.60761,0.60796,1263,14
1710979200,0.60796,0.60796,0.60568,0.60642,705,14
1710982800,0.60647,0.60918,0.60647,0.60917,1719,14
1710986400,0.60917,0.60917,0.6086,0.60889,1221,14
1710990000,0.60889,0.60906,0.60798,0.60877,3431,14
1710993600,0.60879,0.60972,0.60871,0.60899,3247,14
1710997200,0.60899,0.60944,0.60862,0.60924,1521,14
1711000800,0.60923,0.61002,0.60907,0.60948,1188,14
1711004400,0.60948,0.60962,0.60921,0.60934,1144,14
1711008000,0.60933,0.60962,0.60909,0.60929,1406,14
1711011600,0.60929,0.60976,0.60916,0.60949,1648,14
1711015200,0.60949,0.6106,0.60939,0.60955,2526,14
1711018800,0.60955,0.60955,0.60822,0.6085,4080,14
1711022400,0.60853,0.60863,0.60796,0.60848,3002,14
1711026000,0.60848,0.60934,0.60845,0.60876,2228,14
1711029600,0.60876,0.60878,0.60749,0.6076,1936,14
1711033200,0.60761,0.6081,0.60712,0.60731,4221,14
1711036800,0.60731,0.60733,0.60567,0.60593,4084,14
1711040400,0.60584,0.60599,0.60485,0.6053,3967,14
1711044000,0.6053,0.60533,0.6043,0.60433,3183,14
1711047600,0.60432,0.60492,0.60422,0.60432,2190,14
1711051200,0.60432,0.60444,0.6038,0.60405,1529,14
1711054800,0.60406,0.60417,0.60389,0.60403,911,14
1711058400,0.60403,0.60417,0.60375,0.6041,714,14
1711062000,0.60411,0.60436,0.60401,0.6043,451,14
1711065600,0.60426,0.60449,0.60422,0.6043,432,19
1711069200,0.60427,0.60457,0.60424,0.60437,813,16
1711072800,0.60437,0.60461,0.60429,0.6045,786,15
1711076400,0.60449,0.60512,0.60445,0.60487,1347,14
1711080000,0.60487,0.605,0.60271,0.60282,2724,14
1711083600,0.60282,0.60314,0.60148,0.60166,3141,14
1711087200,0.60166,0.60181,0.60125,0.60135,1928,14
1711090800,0.60136,0.60136,0.601,0.6011,1606,14
1711094400,0.6011,0.60176,0.60106,0.60158,992,14
1711098000,0.60156,0.60175,0.60085,0.60096,1668,14
1711101600,0.60094,0.60146,0.60046,0.6007,2848,14
1711105200,0.60068,0.60101,0.60025,0.60082,2729,14
1711108800,0.60082,0.60119,0.6003,0.60048,2198,14
1711112400,0.60048,0.60052,0.60013,0.6003,1685,14
1711116000,0.60029,0.60063,0.59982,0.6001,1785,14
1711119600,0.6001,0.60142,0.60009,0.60097,2970,14
1711123200,0.60097,0.60143,0.60038,0.60135,2955,14
1711126800,0.60135,0.60158,0.60026,0.60032,2688,14
1711130400,0.6003,0.60046,0.59916,0.59953,2284,14
1711134000,0.59954,0.59987,0.59922,0.59947,1677,14
1711137600,0.59946,0.59977,0.59933,0.59958,1147,14
1711141200,0.59956,0.59962,0.59916,0.59918,533,14
1711144800,0.59918,0.59919,0.59885,0.59912,619,14
1711148400,0.59912,0.59936,0.59902,0.59918,1576,14
1711324800,0.59963,0.59993,0.59878,0.59931,329,27
1711328400,0.59931,0.59935,0.59849,0.59884,850,15
1711332000,0.59884,0.59942,0.59878,0.59889,1121,14
1711335600,0.59891,0.59951,0.59855,0.59923,1561,14
1711339200,0.59922,0.60061,0.59903,0.60031,3056,14
1711342800,0.60031,0.60121,0.60021,0.60099,1993,14
1711346400,0.60099,0.601,0.59948,0.5996,1706,14
1711350000,0.5996,0.59981,0.59948,0.59968,1009,14
1711353600,0.59969,0.59981,0.5994,0.59965,1078,14
1711357200,0.59965,0.59966,0.59913,0.59942,1348,14
1711360800,0.59943,0.59999,0.5988,0.59948,2185,14
1711364400,0.59947,0.60049,0.59933,0.60022,1995,14
1711368000,0.60023,0.60052,0.59981,0.60017,1662,14
1711371600,0.60016,0.60078,0.60014,0.60054,1518,14
1711375200,0.60053,0.60081,0.60032,0.6005,1525,14
1711378800,0.60049,0.60078,0.60009,0.60016,1908,14
1711382400,0.60014,0.60112,0.60005,0.60078,2220,14
1711386000,0.60081,0.60098,0.60028,0.6005,1747,14
1711389600,0.6005,0.6005,0.60001,0.60011,1076,14
1711393200,0.60009,0.60028,0.59998,0.60016,1121,14
1711396800,0.60017,0.60039,0.59994,0.60021,1117,14
1711400400,0.60021,0.60036,0.6,0.60004,554,14
1711404000,0.60007,0.60015,0.59993,0.60009,617,14
1711407600,0.60009,0.60037,0.60008,0.60025,318,14
1711411200,0.60025,0.60044,0.60019,0.60029,420,16
1711414800,0.60029,0.60033,0.59996,0.59998,534,14
1711418400,0.59998,0.60023,0.59995,0.59995,548,15
1711422000,0.59996,0.60064,0.59954,0.60059,1121,14
1711425600,0.60058,0.60132,0.60043,0.60073,2846,14
1711429200,0.60073,0.60132,0.60063,0.60081,1487,14
1711432800,0.60081,0.60102,0.60007,0.60031,1287,14
1711436400,0.60031,0.60061,0.60023,0.60047,802,14
1711440000,0.60045,0.6009,0.60027,0.60072,1246,14
1711443600,0.60071,0.60162,0.6007,0.60144,1306,14
1711447200,0.60143,0.60171,0.60111,0.60126,1984,14
1711450800,0.60125,0.6017,0.60096,0.60163,2201,14
1711454400,0.60163,0.60281,0.60158,0.60237,1690,14
1711458000,0.60237,0.603,0.60234,0.60267,1574,14
1711461600,0.60265,0.60293,0.6022,0.60224,1642,14
1711465200,0.60224,0.60234,0.60141,0.60172,2491,14
1711468800,0.60173,0.60199,0.60112,0.60184,2601,14
1711472400,0.60177,0.60195,0.60077,0.6009,2456,14
1711476000,0.60091,0.60121,0.60056,0.60087,1965,14
1711479600,0.60088,0.60105,0.60069,0.60069,1474,14
1711483200,0.60069,0.60114,0.6005,0.60051,1239,14
1711486800,0.6005,0.60077,0.60037,0.60047,784,14
1711490400,0.60047,0.6006,0.59995,0.59997,880,14
1711494000,0.59998,0.6004,0.59998,0.60037,387,14
1711497600,0.60035,0.60049,0.59951,0.60037,250,19
1711501200,0.60039,0.60044,0.60014,0.6002,650,14
1711504800,0.60021,0.6007,0.60012,0.60062,544,14
1711508400,0.60062,0.60067,0.59959,0.59984,1659,14
1711512000,0.59984,0.60002,0.59872,0.59927,2489,14
1711515600,0.59926,0.59936,0.59888,0.59898,1854,14
1711519200,0.59898,0.59944,0.59875,0.5992,1736,14
1711522800,0.5992,0.59992,0.59918,0.59987,1055,14
1711526400,0.59985,0.59993,0.5997,0.59972,1002,14
1711530000,0.59969,0.60027,0.59963,0.60009,1629,14
1711533600,0.60009,0.60061,0.59991,0.60037,1936,14
1711537200,0.60035,0.60047,0.59953,0.59972,1674,14
1711540800,0.59972,0.60098,0.59965,0.60008,3032,14
1711544400,0.60008,0.60067,0.59998,0.60047,1985,14
1711548000,0.60046,0.60089,0.59988,0.59995,1770,14
1711551600,0.59995,0.6,0.59936,0.59943,1965,14
1711555200,0.59943,0.6002,0.59926,0.60008,2058,14
1711558800,0.60008,0.60078,0.59974,0.60024,1869,14
1711562400,0.60024,0.60046,0.59984,0.59989,1752,14
1711566000,0.59988,0.60003,0.59952,0.59983,1402,14
1711569600,0.59982,0.60006,0.59953,0.59962,1371,14
1711573200,0.59962,0.59995,0.5996,0.59984,662,14
1711576800,0.59986,0.60018,0.5997,0.60008,700,14
1711580400,0.60008,0.60039,0.60008,0.60034,328,14
1711584000,0.60034,0.60037,0.60019,0.6003,272,21
1711587600,0.60028,0.60043,0.59885,0.59892,899,14
1711591200,0.59893,0.59934,0.59872,0.59915,934,14
1711594800,0.59915,0.59926,0.59797,0.59898,1909,14
1711598400,0.59896,0.59951,0.59843,0.599,2073,14
1711602000,0.599,0.60035,0.59898,0.59962,2227,14
1711605600,0.59962,0.59996,0.5988,0.5989,1416,14
1711609200,0.5989,0.59924,0.59875,0.59912,841,14
1711612800,0.59912,0.59964,0.5989,0.59923,1316,14
1711616400,0.59923,0.59927,0.59845,0.59893,1568,14
1711620000,0.59893,0.59898,0.59747,0.59749,2835,14
1711623600,0.5975,0.59762,0.59628,0.59631,2411,14
1711627200,0.59631,0.59631,0.59556,0.59578,1688,14
1711630800,0.59576,0.5966,0.59574,0.59641,1831,14
1711634400,0.59641,0.59676,0.59605,0.59606,1330,14
1711638000,0.59604,0.59728,0.59591,0.59723,3115,14
1711641600,0.59723,0.59799,0.59697,0.59784,2564,14
1711645200,0.59783,0.59837,0.5973,0.59796,2762,14
1711648800,0.59796,0.59832,0.59726,0.59805,2497,14
1711652400,0.59805,0.59869,0.5976,0.59806,1750,14
1711656000,0.59806,0.59837,0.59778,0.59784,1389,14
1711659600,0.59783,0.59805,0.59725,0.59746,828,14
1711663200,0.59745,0.5975,0.59722,0.59733,863,14
1711666800,0.59733,0.59734,0.59704,0.59717,719,15
1711670400,0.59715,0.59759,0.59673,0.5972,309,21
1711674000,0.59719,0.59755,0.59694,0.59731,445,19
1711677600,0.59731,0.59743,0.59716,0.59722,264,16
1711681200,0.59722,0.5978,0.59716,0.59745,473,14
1711684800,0.59745,0.59757,0.59688,0.59707,291,14
1711688400,0.59707,0.59728,0.59701,0.59724,250,16
1711692000,0.59724,0.59755,0.5971,0.59727,164,17
1711695600,0.59727,0.59741,0.59702,0.59707,146,18
1711699200,0.59707,0.59723,0.5968,0.59693,240,15
1711702800,0.59692,0.59694,0.59663,0.59675,205,18
1711706400,0.59675,0.59708,0.59666,0.59679,316,14
1711710000,0.59681,0.59707,0.59679,0.59707,248,15
1711713600,0.59709,0.59718,0.59707,0.59716,306,17
1711717200,0.59711,0.59783,0.59709,0.59775,383,14
1711720800,0.59775,0.59787,0.59756,0.5976,270,15
1711724400,0.5976,0.59878,0.59686,0.59819,509,14
1711728000,0.5982,0.59852,0.59791,0.59843,300,14
1711731600,0.59839,0.59868,0.59824,0.59829,196,14
1711735200,0.59829,0.59831,0.59812,0.59825,292,14
1711738800,0.59821,0.59824,0.59793,0.59795,272,19
1711742400,0.59796,0.59804,0.59787,0.59803,189,15
1711746000,0.59803,0.59812,0.59792,0.59803,155,16
1711749600,0.59803,0.5984,0.59755,0.59797,488,14
1711753200,0.59797,0.59841,0.59636,0.59654,464,14
1711929600,0.59701,0.59812,0.59682,0.59763,565,25
1711933200,0.59762,0.5989,0.59737,0.59811,1416,17
1711936800,0.59811,0.59869,0.59792,0.59853,902,14
1711940400,0.59853,0.59919,0.59853,0.5989,1727,14
1711944000,0.5989,0.5992,0.59828,0.59834,1877,14
1711947600,0.59832,0.59845,0.59807,0.59831,1212,15
1711951200,0.59832,0.59832,0.59765,0.59825,987,14
1711954800,0.59825,0.59837,0.59773,0.598,794,14
1711958400,0.59798,0.59802,0.59727,0.59767,892,14
1711962000,0.59763,0.59808,0.59736,0.59788,1276,14
1711965600,0.59788,0.59842,0.59777,0.59817,918,15
1711969200,0.59816,0.59832,0.59799,0.59819,764,14
1711972800,0.59819,0.59831,0.59795,0.59795,735,15
1711976400,0.59795,0.598,0.59747,0.59764,934,14
1711980000,0.59764,0.5977,0.59741,0.59743,898,14
1711983600,0.59743,0.59747,0.59635,0.59694,1872,14
1711987200,0.59694,0.59709,0.59605,0.5962,2343,14
1711990800,0.59546,0.59571,0.59466,0.59495,3461,14
1711994400,0.59495,0.59505,0.59389,0.59406,2064,14
1711998000,0.59407,0.59443,0.59387,0.59422,1103,14
1712001600,0.59422,0.59459,0.59417,0.59456,750,14
1712005200,0.59456,0.59465,0.59437,0.59456,725,14
1712008800,0.59456,0.59496,0.59455,0.59493,574,14
1712012400,0.59493,0.59526,0.59486,0.59525,470,14
1712016000,0.59524,0.59536,0.59433,0.59529,147,17
1712019600,0.5952,0.59536,0.59493,0.59495,480,16
1712023200,0.59495,0.59531,0.59474,0.59507,916,14
1712026800,0.59507,0.59522,0.59464,0.59489,1831,14
1712030400,0.59489,0.59542,0.59432,0.59525,2468,14
1712034000,0.59525,0.59533,0.59464,0.59509,1663,14
1712037600,0.5951,0.59522,0.59457,0.59458,1036,14
1712041200,0.59458,0.59471,0.59433,0.59455,792,14
1712044800,0.59455,0.59479,0.59426,0.5944,1210,14
1712048400,0.59437,0.59497,0.59428,0.59472,2486,14
1712052000,0.59473,0.59517,0.59448,0.59503,2336,14
1712055600,0.595,0.59569,0.59486,0.59548,2001,14
1712059200,0.59548,0.5959,0.59544,0.59577,1507,14
1712062800,0.59575,0.59585,0.59542,0.59572,1251,14
1712066400,0.59571,0.59597,0.59535,0.59587,1621,14
1712070000,0.59586,0.59597,0.59509,0.59545,2022,14
1712073600,0.59545,0.59635,0.59531,0.59607,3016,14
1712077200,0.59593,0.59725,0.59549,0.59615,4068,14
1712080800,0.59615,0.59654,0.59584,0.59647,2250,14
1712084400,0.59647,0.59662,0.59599,0.59612,1169,14
1712088000,0.59613,0.59662,0.59595,0.59654,877,14
1712091600,0.59654,0.5966,0.5961,0.59627,828,14
1712095200,0.59625,0.59691,0.59621,0.59686,715,14
1712098800,0.59686,0.59722,0.59681,0.59704,373,14
1712102400,0.597,0.59725,0.59655,0.59713,296,21
1712106000,0.59726,0.59738,0.59682,0.59694,598,16
1712109600,0.59696,0.59703,0.59672,0.59677,762,14
1712113200,0.59675,0.59687,0.59587,0.59588,1603,14
1712116800,0.59584,0.596,0.59518,0.59582,2071,14
1712120400,0.59582,0.59612,0.59565,0.5958,1535,14
1712124000,0.59581,0.59704,0.59581,0.59694,1105,14
1712127600,0.59694,0.59769,0.59682,0.59715,1076,14
1712131200,0.59715,0.59758,0.59701,0.59739,1311,14
1712134800,0.59739,0.59743,0.59683,0.5972,1751,14
1712138400,0.59722,0.59741,0.59654,0.59659,2054,14
1712142000,0.59659,0.59681,0.59592,0.59646,1836,14
1712145600,0.59644,0.5969,0.59623,0.59639,1524,14
1712149200,0.59639,0.59684,0.5961,0.59677,918,14
1712152800,0.59676,0.59709,0.5967,0.59691,1345,14
1712156400,0.5969,0.59729,0.59626,0.59661,3138,14
1712160000,0.59661,0.59705,0.59623,0.59642,3133,14
1712163600,0.59729,0.59904,0.59729,0.59868,4658,14
1712167200,0.5987,0.59982,0.59855,0.59972,2207,14
1712170800,0.59972,0.60071,0.59903,0.6003,3008,14
1712174400,0.6003,0.60103,0.59992,0.60075,1437,14
1712178000,0.60074,0.60093,0.60058,0.60093,734,14
1712181600,0.60093,0.601,0.60036,0.60057,898,14
1712185200,0.60057,0.6009,0.60053,0.6008,365,14
1712188800,0.60064,0.60084,0.60014,0.60069,328,18
1712192400,0.60056,0.60121,0.60056,0.60117,560,14
1712196000,0.60117,0.60153,0.60109,0.60134,934,14
1712199600,0.60134,0.60232,0.60114,0.60225,1418,14
1712203200,0.60225,0.6025,0.60194,0.6021,1216,14
1712206800,0.6021,0.60216,0.60177,0.60202,1010,14
1712210400,0.60202,0.60258,0.60201,0.6025,654,14
1712214000,0.6025,0.6029,0.60248,0.60265,812,14
1712217600,0.60265,0.60338,0.60265,0.60324,1128,14
1712221200,0.60326,0.60378,0.60317,0.60354,2155,14
1712224800,0.60354,0.6041,0.60316,0.60335,2100,14
1712228400,0.60335,0.60381,0.6033,0.60363,1645,14
1712232000,0.60364,0.60419,0.60347,0.60391,1193,14
1712235600,0.60392,0.60443,0.6039,0.60418,1032,14
1712239200,0.60418,0.60422,0.60327,0.60336,1394,14
1712242800,0.60338,0.60428,0.60246,0.60412,2813,14
1712246400,0.60412,0.60452,0.60362,0.60391,2608,14
1712250000,0.60392,0.60438,0.60349,0.60397,2742,14
1712253600,0.60397,0.60418,0.6039,0.60392,1203,14
1712257200,0.60392,0.60426,0.60388,0.60408,870,14
1712260800,0.60408,0.60458,0.60396,0.60427,826,14
1712264400,0.60425,0.60425,0.60304,0.60354,2290,14
1712268000,0.60355,0.60355,0.60188,0.60197,3416,14
1712271600,0.602,0.6025,0.60193,0.60241,428,14
1712275200,0.60239,0.60274,0.60198,0.60256,405,14
1712278800,0.60268,0.60277,0.60209,0.6021,903,15
1712282400,0.6021,0.60287,0.6021,0.60256,1242,14
1712286000,0.60257,0.60302,0.60218,0.60288,2748,14
1712289600,0.60286,0.60304,0.60123,0.60145,2782,14
1712293200,0.60145,0.60164,0.60061,0.60081,1769,14
1712296800,0.60081,0.60124,0.60064,0.60123,1137,14
1712300400,0.60123,0.60134,0.6006,0.6007,1067,14
1712304000,0.60072,0.60116,0.60066,0.60101,1205,14
1712307600,0.60098,0.60132,0.6005,0.60117,2104,14
1712311200,0.60115,0.60208,0.60115,0.60194,2236,14
1712314800,0.60191,0.60207,0.60124,0.60179,1714,14
1712318400,0.60178,0.60226,0.60162,0.60197,1292,14
1712322000,0.60195,0.60222,0.60182,0.60207,1243,14
1712325600,0.60207,0.6023,0.60183,0.60211,1184,14
1712329200,0.60211,0.60262,0.59874,0.59953,4822,14
1712332800,0.59954,0.59983,0.59847,0.59944,5124,14
1712336400,0.59944,0.60121,0.5991,0.60076,3980,14
1712340000,0.60077,0.60174,0.60053,0.60173,3033,14
1712343600,0.60175,0.6019,0.60125,0.60144,1616,14
1712347200,0.6014,0.60157,0.60103,0.60124,1403,14
1712350800,0.60124,0.60153,0.60108,0.60118,1095,14
1712354400,0.60119,0.60163,0.60095,0.60139,1295,14
1712358000,0.60139,0.60144,0.60102,0.60117,844,14
1712534400,0.60004,0.60091,0.59971,0.60071,279,31
1712538000,0.60054,0.6008,0.60028,0.60056,918,15
1712541600,0.60056,0.60104,0.60022,0.60029,1084,14
1712545200,0.60029,0.60072,0.59989,0.60043,1998,14
1712548800,0.60041,0.60097,0.60034,0.60091,3350,14
1712552400,0.60092,0.60176,0.60074,0.60153,2342,14
1712556000,0.6015,0.60161,0.60025,0.60071,1423,14
1712559600,0.60071,0.60119,0.60056,0.60118,669,14
1712563200,0.60123,0.60165,0.60115,0.6013,1503,14
1712566800,0.60132,0.60164,0.60093,0.60146,2347,14
1712570400,0.60149,0.60153,0.60102,0.60133,2213,14
1712574000,0.60132,0.60151,0.60081,0.60113,2334,14
1712577600,0.60113,0.6019,0.60097,0.60188,1721,14
1712581200,0.60188,0.60273,0.60176,0.6026,1425,14
1712584800,0.60261,0.60264,0.60183,0.6019,1553,14
1712588400,0.60187,0.60221,0.60141,0.60217,2085,14
1712592000,0.60217,0.60379,0.60217,0.60357,3196,14
1712595600,0.60356,0.60356,0.60251,0.60304,3182,14
1712599200,0.60306,0.60325,0.60276,0.60286,2226,14
1712602800,0.60287,0.60287,0.60254,0.60283,1584,14
1712606400,0.60283,0.60353,0.60278,0.60325,978,14
1712610000,0.60323,0.60346,0.603,0.60315,905,15
1712613600,0.60317,0.60342,0.60312,0.60316,750,14
1712617200,0.60316,0.60341,0.60305,0.60307,371,14
1712620800,0.60271,0.60322,0.60258,0.60302,387,16
1712624400,0.60298,0.60344,0.60298,0.60317,498,16
1712628000,0.60314,0.60362,0.60314,0.60334,698,14
1712631600,0.60334,0.6043,0.6033,0.60399,1280,14
1712635200,0.60399,0.60468,0.60383,0.60446,2361,14
1712638800,0.60446,0.60482,0.60392,0.60408,1305,14
1712642400,0.60405,0.60412,0.60334,0.60357,874,14
1712646000,0.60357,0.60439,0.60357,0.60413,704,14
1712649600,0.60413,0.60436,0.60386,0.60402,757,14
1712653200,0.60402,0.60417,0.60337,0.60343,1635,14
1712656800,0.60343,0.60366,0.60333,0.60366,1462,14
1712660400,0.60367,0.60423,0.60342,0.60419,917,14
1712664000,0.60419,0.60512,0.60411,0.6051,1391,14
1712667600,0.60508,0.6056,0.60501,0.60538,1271,14
1712671200,0.60539,0.60556,0.60511,0.60535,1340,14
1712674800,0.60535,0.60674,0.60516,0.60647,1974,14
1712678400,0.60648,0.60737,0.60628,0.60707,2932,14
1712682000,0.60707,0.6076,0.60524,0.60552,3607,14
1712685600,0.6055,0.60582,0.60506,0.60535,3250,14
1712689200,0.60535,0.60572,0.60521,0.60523,1499,14
1712692800,0.60523,0.60532,0.60488,0.60502,1690,14
1712696400,0.60502,0.60529,0.60485,0.60525,1194,14
1712700000,0.60521,0.60605,0.60491,0.60591,1463,14
1712703600,0.6059,0.60611,0.60583,0.60588,351,14
1712707200,0.60541,0.60581,0.60456,0.60577,1282,21
1712710800,0.60577,0.60624,0.60565,0.60623,455,14
1712714400,0.60621,0.60654,0.60611,0.60642,652,15
1712718000,0.60642,0.60677,0.60602,0.60609,1298,14
1712721600,0.60606,0.60628,0.6055,0.60559,2322,14
1712725200,0.6056,0.60765,0.60401,0.60701,2805,14
1712728800,0.60701,0.60751,0.60699,0.60732,1268,14
1712732400,0.60732,0.60757,0.60721,0.60726,839,14
1712736000,0.60723,0.60769,0.60668,0.6068,1452,14
1712739600,0.60685,0.60721,0.60662,0.60714,2043,14
1712743200,0.60714,0.60729,0.60651,0.60703,2185,14
1712746800,0.60705,0.60737,0.60666,0.60731,1646,14
1712750400,0.60731,0.60753,0.60715,0.60734,1068,14
1712754000,0.60731,0.60775,0.60722,0.6076,1018,14
1712757600,0.6076,0.60789,0.60744,0.60774,963,14
1712761200,0.60774,0.6082,0.60042,0.60151,6672,14
1712764800,0.60149,0.60158,0.59883,0.59936,7991,14
1712768400,0.59938,0.60011,0.59865,0.59887,6185,14
1712772000,0.59887,0.59904,0.5976,0.59768,3859,14
1712775600,0.59767,0.59775,0.59653,0.59737,2256,14
1712779200,0.59737,0.59862,0.59678,0.59792,4855,14
1712782800,0.59803,0.59829,0.59667,0.59676,4257,14
1712786400,0.59673,0.59772,0.59669,0.59758,2495,14
1712790000,0.59757,0.59757,0.59724,0.59737,630,14
1712793600,0.59743,0.59752,0.59711,0.59743,902,14
1712797200,0.59746,0.59788,0.59721,0.59779,501,14
1712800800,0.59779,0.5979,0.59726,0.59739,787,14
1712804400,0.59739,0.59771,0.59706,0.59741,2934,14
1712808000,0.59741,0.59826,0.59728,0.59802,3135,14
1712811600,0.59802,0.59831,0.59778,0.59808,1917,14
1712815200,0.59808,0.5984,0.59796,0.59812,1363,15
1712818800,0.5981,0.59855,0.59806,0.5985,1011,14
1712822400,0.5985,0.59896,0.59844,0.59859,1442,14
1712826000,0.59858,0.59858,0.59797,0.59846,2756,14
1712829600,0.59847,0.59893,0.59785,0.59882,3028,14
1712833200,0.59887,0.59916,0.59825,0.59862,2498,14
1712836800,0.5986,0.59893,0.59836,0.59884,2189,14
1712840400,0.59884,0.599,0.59855,0.59896,1934,14
1712844000,0.59896,0.59913,0.59848,0.59852,2141,14
1712847600,0.59851,0.60064,0.59654,0.60062,6589,14
1712851200,0.60063,0.6014,0.59935,0.59938,6257,14
1712854800,0.59937,0.59937,0.59697,0.59732,5250,14
1712858400,0.59731,0.59815,0.59686,0.59814,3579,14
1712862000,0.59817,0.59866,0.59762,0.59842,2873,14
1712865600,0.59841,0.59961,0.5982,0.59944,2889,14
1712869200,0.59944,0.60023,0.5994,0.59946,2192,14
1712872800,0.59946,0.60007,0.59938,0.5999,1116,14
1712876400,0.5999,0.5999,0.59945,0.59963,473,14
1712880000,0.59959,0.59992,0.59933,0.59966,174,17
1712883600,0.59967,0.60049,0.59963,0.60014,843,14
1712887200,0.60014,0.60028,0.59992,0.60003,681,14
1712890800,0.60003,0.60037,0.59949,0.60034,1988,14
1712894400,0.60035,0.60094,0.60016,0.60079,2697,14
1712898000,0.60079,0.60089,0.60035,0.60052,1545,14
1712901600,0.60049,0.60056,0.59949,0.59962,1282,14
1712905200,0.59962,0.59974,0.59931,0.59935,945,14
1712908800,0.59935,0.59955,0.599,0.59903,1334,14
1712912400,0.59901,0.59905,0.59733,0.59763,2988,14
1712916000,0.59763,0.59815,0.59688,0.59814,3465,14
1712919600,0.59813,0.59834,0.59736,0.59737,2281,14
1712923200,0.59736,0.59756,0.59651,0.59702,1917,14
1712926800,0.59702,0.59703,0.59558,0.59572,1785,14
1712930400,0.59572,0.59643,0.59563,0.59613,1791,14
1712934000,0.59614,0.59631,0.59478,0.59517,3624,14
1712937600,0.59519,0.59528,0.59404,0.59437,4527,14
1712941200,0.59427,0.59472,0.59348,0.59427,4797,14
1712944800,0.59425,0.59502,0.59397,0.59475,3190,14
1712948400,0.59474,0.59476,0.59364,0.59381,2629,14
1712952000,0.59381,0.59424,0.59345,0.59397,1794,14
1712955600,0.59395,0.59413,0.59341,0.59344,1921,14
1712959200,0.59343,0.59367,0.59334,0.59346,1162,14
1712962800,0.59345,0.59372,0.59295,0.59295,1121,14
1713139200,0.59329,0.59374,0.59308,0.59369,317,35
1713142800,0.59369,0.59462,0.59357,0.59432,1488,14
1713146400,0.59432,0.59489,0.59371,0.59433,1643,14
1713150000,0.59433,0.59462,0.59331,0.59341,2809,15
1713153600,0.59341,0.59406,0.59265,0.59387,3268,14
1713157200,0.59387,0.59452,0.59386,0.59426,2389,14
1713160800,0.59426,0.59527,0.59401,0.59506,1451,14
1713164400,0.59506,0.5951,0.59424,0.59467,1521,15
1713168000,0.59467,0.59509,0.59435,0.59493,1702,14
1713171600,0.59491,0.59512,0.59412,0.5942,2768,14
1713175200,0.5942,0.5942,0.59314,0.59378,2998,14
1713178800,0.59378,0.59441,0.59352,0.59395,2751,14
1713182400,0.59395,0.5946,0.59391,0.5943,1810,14
1713186000,0.59432,0.59455,0.59385,0.59409,1385,14
1713189600,0.5941,0.59452,0.59381,0.59405,1945,14
1713193200,0.59404,0.5941,0.59216,0.59345,4642,14
1713196800,0.59346,0.59404,0.59202,0.59225,4230,14
1713200400,0.59225,0.59227,0.59117,0.59172,5263,14
1713204000,0.59172,0.59275,0.59146,0.59246,3403,14
1713207600,0.59246,0.59275,0.59168,0.59179,2499,14
1713211200,0.59179,0.592,0.59064,0.59094,2921,14
1713214800,0.59093,0.59101,0.59047,0.59055,2113,14
1713218400,0.5906,0.59061,0.59019,0.59025,1534,14
1713222000,0.59026,0.5903,0.58979,0.59027,629,14
1713225600,0.59027,0.59041,0.59001,0.59019,269,20
1713229200,0.59022,0.59051,0.59014,0.59026,677,16
1713232800,0.59026,0.59052,0.59009,0.59015,948,14
1713236400,0.59014,0.59065,0.58899,0.58912,2370,14
1713240000,0.58913,0.58944,0.58802,0.58852,3791,14
1713243600,0.58852,0.5888,0.58727,0.5877,2672,15
1713247200,0.58769,0.58796,0.58732,0.58794,1434,14
1713250800,0.58794,0.58861,0.58772,0.58851,929,14
1713254400,0.58851,0.58951,0.58845,0.58909,1575,14
1713258000,0.58905,0.58925,0.58812,0.58872,3366,14
1713261600,0.58872,0.58916,0.58846,0.58873,2912,14
1713265200,0.58873,0.5892,0.58855,0.58872,2639,14
1713268800,0.58871,0.58952,0.58842,0.58863,2404,14
1713272400,0.58866,0.58869,0.58787,0.58827,2083,14
1713276000,0.58828,0.58949,0.5882,0.58932,1935,14
1713279600,0.58932,0.58933,0.58809,0.58849,3322,14
1713283200,0.58851,0.58852,0.58726,0.58741,4685,14
1713286800,0.58741,0.58877,0.58725,0.58802,4599,14
1713290400,0.58803,0.58891,0.58802,0.58847,3305,14
1713294000,0.58844,0.58871,0.58795,0.58858,2582,14
1713297600,0.58858,0.58862,0.58677,0.58836,4804,14
1713301200,0.58834,0.58949,0.58788,0.58887,5011,14
1713304800,0.58887,0.58892,0.58796,0.58834,2298,14
1713308400,0.58834,0.58839,0.58774,0.58794,832,14
1713312000,0.58794,0.58801,0.58691,0.58792,311,18
1713315600,0.58792,0.58994,0.58594,0.58915,1627,14
1713319200,0.58922,0.58957,0.58889,0.58907,1505,14
1713322800,0.58907,0.59,0.58906,0.58984,2117,14
1713326400,0.58985,0.5905,0.58928,0.5903,3276,14
1713330000,0.5903,0.5907,0.59003,0.59043,1688,14
1713333600,0.59044,0.59077,0.59034,0.59046,1268,14
1713337200,0.59046,0.59077,0.58994,0.59014,877,14
1713340800,0.59014,0.59015,0.58916,0.58958,1644,14
1713344400,0.58957,0.59166,0.58934,0.5916,3520,14
1713348000,0.5916,0.5916,0.5903,0.5903,2856,14
1713351600,0.5903,0.59135,0.59019,0.59076,2300,14
1713355200,0.59076,0.5909,0.59019,0.59076,2290,14
1713358800,0.59075,0.5913,0.59063,0.59076,1506,14
1713362400,0.59075,0.59129,0.59061,0.59073,1704,14
1713366000,0.59072,0.59094,0.59011,0.59037,2790,14
1713369600,0.59037,0.59124,0.59031,0.59095,3565,14
1713373200,0.59094,0.59096,0.58988,0.58996,3573,14
1713376800,0.58997,0.59071,0.58983,0.59002,3166,14
1713380400,0.59002,0.59025,0.58932,0.5899,3677,14
1713384000,0.5899,0.59163,0.58984,0.59149,3322,14
1713387600,0.59149,0.59244,0.59147,0.59154,2849,14
1713391200,0.59152,0.59162,0.59104,0.59153,1886,14
1713394800,0.59152,0.59181,0.59148,0.59156,466,14
1713398400,0.59156,0.59179,0.59057,0.59155,422,21
1713402000,0.59154,0.59181,0.59151,0.59165,534,14
1713405600,0.59165,0.59177,0.59113,0.59124,866,14
1713409200,0.59123,0.59134,0.59056,0.59127,1676,14
1713412800,0.59128,0.592,0.59109,0.59164,2936,14
1713416400,0.59165,0.59275,0.59148,0.59245,2405,14
1713420000,0.59244,0.59279,0.59211,0.5925,1592,14
1713423600,0.59251,0.59252,0.59192,0.59198,1051,14
1713427200,0.59199,0.59233,0.59148,0.59225,1611,14
1713430800,0.59225,0.59321,0.59205,0.59292,2406,14
1713434400,0.59291,0.59318,0.59209,0.59295,2542,14
1713438000,0.59295,0.59321,0.59266,0.59293,2071,14
1713441600,0.59294,0.59307,0.59238,0.59261,1596,14
1713445200,0.59261,0.59291,0.59229,0.59264,1514,14
1713448800,0.59264,0.59304,0.59236,0.59279,1566,14
1713452400,0.59279,0.59284,0.59176,0.59231,3859,14
1713456000,0.59232,0.59275,0.59093,0.59133,5324,14
1713459600,0.59133,0.59191,0.5909,0.59125,4259,14
1713463200,0.59125,0.5922,0.59108,0.59159,2813,14
1713466800,0.59158,0.59177,0.59073,0.59084,2487,14
1713470400,0.59083,0.59088,0.58982,0.59013,2186,14
1713474000,0.59013,0.5905,0.58986,0.59025,2231,14
1713477600,0.59026,0.59065,0.59012,0.59017,1339,14
1713481200,0.59016,0.59024,0.58984,0.59013,565,14
1713484800,0.59013,0.59042,0.58981,0.59013,377,21
1713488400,0.59023,0.59034,0.58996,0.58999,353,16
1713492000,0.58999,0.59026,0.5898,0.59012,763,14
1713495600,0.5901,0.59033,0.58932,0.58941,2315,14
1713499200,0.58942,0.5896,0.58594,0.58648,7413,14
1713502800,0.58649,0.58661,0.58513,0.58613,6264,14
1713506400,0.58613,0.58801,0.58596,0.58774,5275,14
1713510000,0.58775,0.58842,0.58771,0.58826,3249,15
1713513600,0.58825,0.58843,0.5877,0.58779,2313,14
1713517200,0.58779,0.58898,0.58757,0.58885,4040,14
1713520800,0.58887,0.5897,0.58887,0.58948,3590,14
1713524400,0.58949,0.58949,0.58873,0.589,2841,14
1713528000,0.58899,0.58975,0.58894,0.58931,2124,14
1713531600,0.58931,0.58931,0.58824,0.58851,2073,14
1713535200,0.58848,0.58862,0.58809,0.58845,2510,14
1713538800,0.58845,0.58997,0.5882,0.58937,3176,14
1713542400,0.58935,0.5901,0.58901,0.58939,4199,14
1713546000,0.58939,0.59056,0.5892,0.58963,4743,14
1713549600,0.58962,0.58996,0.58916,0.58926,2910,14
1713553200,0.58926,0.58951,0.58815,0.58907,2539,14
1713556800,0.58906,0.58932,0.58879,0.58907,2435,14
1713560400,0.58905,0.58905,0.58831,0.58854,2240,14
1713564000,0.58854,0.58875,0.58833,0.58854,1574,14
1713567600,0.58853,0.58878,0.5878,0.5878,554,15
1713744000,0.58756,0.58923,0.58756,0.58891,190,35
1713747600,0.58891,0.58936,0.58857,0.58918,1317,15
1713751200,0.58919,0.58998,0.58915,0.58986,980,14
1713754800,0.58985,0.59111,0.58971,0.59051,2100,15
1713758400,0.59049,0.59251,0.59049,0.59243,3261,14
1713762000,0.59243,0.59277,0.59168,0.59189,1692,14
1713765600,0.59188,0.59209,0.59087,0.59123,1311,14
1713769200,0.59123,0.59146,0.59105,0.59107,1031,14
1713772800,0.59107,0.59123,0.59058,0.59083,1631,14
1713776400,0.59081,0.59125,0.59056,0.59074,2395,14
1713780000,0.59072,0.59101,0.59019,0.59065,2773,14
1713783600,0.59065,0.59082,0.59029,0.59059,1695,14
1713787200,0.59058,0.59103,0.59049,0.59056,1814,14
1713790800,0.59056,0.59099,0.59052,0.59087,1650,14
1713794400,0.59086,0.59088,0.5903,0.59063,1744,14
1713798000,0.59063,0.59116,0.59054,0.59063,2138,14
1713801600,0.59063,0.59067,0.5894,0.58988,2814,14
1713805200,0.58988,0.59081,0.58978,0.59051,2553,14
1713808800,0.59051,0.59086,0.59018,0.59077,1944,14
1713812400,0.59077,0.59126,0.59074,0.59111,1750,14
1713816000,0.59111,0.59188,0.59108,0.59173,1508,14
1713819600,0.59171,0.5922,0.59159,0.59201,1065,14
1713823200,0.592,0.59206,0.59149,0.59177,960,14
1713826800,0.59177,0.59204,0.59154,0.59184,360,14
1713830400,0.59179,0.59182,0.59145,0.59171,224,21
1713834000,0.59177,0.59201,0.59177,0.59191,368,14
1713837600,0.59192,0.59209,0.59163,0.59205,536,14
1713841200,0.59205,0.5925,0.59161,0.59249,1489,14
1713844800,0.59246,0.59273,0.5916,0.59177,2482,14
1713848400,0.59176,0.59245,0.59175,0.59215,1747,14
1713852000,0.59215,0.5922,0.59157,0.59167,1029,14
1713855600,0.59167,0.59203,0.59153,0.59163,550,15
1713859200,0.59164,0.59164,0.59105,0.59125,1223,14
1713862800,0.59127,0.59149,0.59108,0.59114,1601,14
1713866400,0.59111,0.59186,0.59044,0.5908,2939,14
1713870000,0.59078,0.59137,0.59057,0.59062,2122,14
1713873600,0.59063,0.59063,0.59018,0.59047,1715,14
1713877200,0.59045,0.59094,0.59044,0.59084,1219,14
1713880800,0.59083,0.59155,0.59062,0.59126,1500,14
1713884400,0.59127,0.59152,0.59106,0.59148,1987,14
1713888000,0.59147,0.59391,0.59115,0.59387,3735,14
1713891600,0.59384,0.59474,0.59311,0.59326,5386,14
1713895200,0.59326,0.59361,0.59277,0.59325,2237,14
1713898800,0.59325,0.59408,0.59313,0.5938,1223,14
1713902400,0.59379,0.59423,0.59376,0.59399,1610,14
1713906000,0.59397,0.59415,0.5936,0.59365,1172,14
1713909600,0.59366,0.59377,0.59299,0.59302,1060,14
1713913200,0.59302,0.59322,0.59299,0.59313,434,14
1713916800,0.59313,0.59333,0.59251,0.59315,434,23
1713920400,0.59315,0.59346,0.59314,0.59338,558,15
1713924000,0.59338,0.59368,0.59319,0.59345,715,14
1713927600,0.59343,0.59423,0.59342,0.59414,1555,14
1713931200,0.59414,0.59509,0.59377,0.59413,2662,14
1713934800,0.59413,0.59514,0.594,0.59453,1861,14
1713938400,0.59453,0.59457,0.59403,0.5941,1217,14
1713942000,0.59409,0.59454,0.59392,0.59447,716,15
1713945600,0.59447,0.59464,0.59419,0.59443,1498,14
1713949200,0.59445,0.59469,0.59348,0.59363,1726,14
1713952800,0.59361,0.59373,0.59316,0.59358,2220,14
1713956400,0.59356,0.5938,0.59337,0.59365,1643,14
1713960000,0.59365,0.59412,0.59331,0.59336,1278,14
1713963600,0.59336,0.59381,0.59312,0.5932,1280,14
1713967200,0.59319,0.59338,0.59295,0.59334,1100,14
1713970800,0.59334,0.59346,0.59234,0.59271,3406,14
1713974400,0.59271,0.59377,0.59242,0.59321,3782,14
1713978000,0.59321,0.59347,0.59219,0.59268,3260,14
1713981600,0.59266,0.59284,0.59199,0.59211,2401,14
1713985200,0.59211,0.59273,0.59208,0.59273,1741,14
1713988800,0.59273,0.59346,0.59267,0.59336,1865,14
1713992400,0.59338,0.59339,0.5926,0.59291,1742,14
1713996000,0.5929,0.59385,0.59281,0.59368,1386,14
1713999600,0.59367,0.59367,0.59326,0.5935,514,14
1714003200,0.5935,0.5935,0.59237,0.59338,1255,26
1714006800,0.59338,0.59353,0.59319,0.59333,308,17
1714010400,0.59334,0.5935,0.59326,0.5935,387,16
1714014000,0.59352,0.59405,0.59351,0.59381,1461,16
1714017600,0.59381,0.59417,0.59311,0.59397,1964,14
1714021200,0.59396,0.59451,0.59387,0.59423,1595,14
1714024800,0.59423,0.59433,0.59342,0.59382,1271,15
1714028400,0.59382,0.59423,0.59379,0.59415,831,14
1714032000,0.59415,0.59447,0.59392,0.59424,841,14
1714035600,0.59425,0.59537,0.59394,0.59521,1483,14
1714039200,0.59521,0.59583,0.59474,0.59572,2063,14
1714042800,0.59571,0.59637,0.5957,0.59622,1344,14
1714046400,0.59622,0.59622,0.59556,0.59572,1362,14
1714050000,0.59572,0.59587,0.59543,0.59575,1388,14
1714053600,0.59575,0.59629,0.59564,0.59592,867,14
1714057200,0.59592,0.59671,0.59263,0.59286,5476,14
1714060800,0.59292,0.59344,0.5919,0.59254,6166,14
1714064400,0.59254,0.59414,0.59216,0.59347,4324,14
1714068000,0.59347,0.59415,0.59328,0.5939,2726,14
1714071600,0.5939,0.59455,0.59345,0.5944,1868,14
1714075200,0.5944,0.59496,0.59429,0.59486,1963,14
1714078800,0.59486,0.59486,0.59418,0.5944,1667,14
1714082400,0.59442,0.59518,0.59442,0.59471,1182,14
1714086000,0.5947,0.59509,0.59462,0.59472,636,14
1714089600,0.5943,0.59498,0.59335,0.59462,808,19
1714093200,0.59457,0.59537,0.59432,0.5953,544,15
1714096800,0.5953,0.59602,0.59527,0.5956,895,14
1714100400,0.5956,0.59632,0.5955,0.59623,1718,14
1714104000,0.59623,0.59673,0.59605,0.59654,1978,14
1714107600,0.5965,0.59667,0.59566,0.59604,1125,14
1714111200,0.59604,0.59617,0.59524,0.59557,2067,14
1714114800,0.59556,0.59563,0.59535,0.59553,1219,14
1714118400,0.59553,0.59652,0.59549,0.59625,1521,14
1714122000,0.59625,0.59688,0.59605,0.59629,2105,14
1714125600,0.5963,0.59638,0.59549,0.59586,2906,14
1714129200,0.59586,0.5968,0.5958,0.59605,4104,14
1714132800,0.59605,0.59611,0.59516,0.59551,1793,14
1714136400,0.59551,0.59556,0.59479,0.59482,1561,14
1714140000,0.59479,0.5952,0.59454,0.59488,1754,14
1714143600,0.59488,0.59626,0.59451,0.59531,5225,14
1714147200,0.59534,0.5958,0.59486,0.59552,4610,14
1714150800,0.59549,0.59588,0.59366,0.59369,4393,14
1714154400,0.5937,0.59408,0.59283,0.59364,2823,14
1714158000,0.59365,0.59412,0.59353,0.59402,1969,14
1714161600,0.59402,0.59425,0.594,0.59413,1168,14
1714165200,0.59413,0.59474,0.59412,0.59474,1000,14
1714168800,0.59474,0.59474,0.59404,0.59413,853,15
1714172400,0.59411,0.59428,0.59368,0.59383,911,16
1714348800,0.59322,0.59455,0.59322,0.59402,465,43
1714352400,0.59408,0.59462,0.59399,0.59426,474,14
1714356000,0.59426,0.5947,0.59425,0.59469,759,14
1714359600,0.59469,0.595,0.59413,0.59489,1563,15
1714363200,0.59489,0.59608,0.59472,0.59598,3581,14
1714366800,0.59599,0.59669,0.59578,0.59627,2198,14
1714370400,0.59627,0.59637,0.59586,0.59617,1240,14
1714374000,0.59617,0.59818,0.59607,0.59732,5165,14
1714377600,0.59732,0.59768,0.59706,0.5972,3417,14
1714381200,0.59721,0.59748,0.5959,0.59594,2655,14
1714384800,0.59595,0.59675,0.59572,0.59647,4670,14
1714388400,0.59645,0.59695,0.59587,0.59632,2591,14
1714392000,0.59632,0.59756,0.59617,0.59743,1930,14
1714395600,0.59743,0.59745,0.59694,0.59732,1309,14
1714399200,0.59732,0.59792,0.59721,0.59736,1371,14
1714402800,0.59736,0.59781,0.59642,0.59648,2251,14
1714406400,0.59648,0.59683,0.59593,0.5962,2841,14
1714410000,0.59619,0.59695,0.59589,0.59686,2574,14
1714413600,0.59686,0.59729,0.59679,0.5971,1932,14
1714417200,0.59711,0.59822,0.59709,0.59786,1726,14
1714420800,0.59787,0.59837,0.5978,0.59794,1097,14
1714424400,0.59794,0.5981,0.59754,0.59792,1498,14
1714428000,0.59789,0.59796,0.59717,0.59788,1636,14
1714431600,0.59788,0.598,0.59762,0.59762,477,14
1714435200,0.59762,0.5977,0.59649,0.59758,453,23
1714438800,0.59758,0.59787,0.59747,0.59767,501,14
1714442400,0.59766,0.59777,0.5969,0.59692,607,14
1714446000,0.5969,0.59724,0.59649,0.59676,1602,14
1714449600,0.59676,0.59722,0.59596,0.596,2324,14
1714453200,0.59601,0.59602,0.59552,0.59573,1665,14
1714456800,0.59573,0.59579,0.59462,0.59487,1423,14
1714460400,0.59487,0.59502,0.5947,0.59482,815,14
1714464000,0.59482,0.59485,0.59324,0.59347,1524,14
1714467600,0.59347,0.59388,0.59291,0.59382,2043,14
1714471200,0.59382,0.59399,0.5935,0.59384,1693,14
1714474800,0.59384,0.59426,0.59314,0.59422,1160,14
1714478400,0.59422,0.595,0.59419,0.59486,1763,14
1714482000,0.59486,0.59523,0.59467,0.59476,1342,14
1714485600,0.59476,0.59477,0.5943,0.59453,1125,14
1714489200,0.59451,0.59469,0.59148,0.59164,4311,14
1714492800,0.59165,0.59242,0.59068,0.59091,4036,14
1714496400,0.59091,0.59221,0.59078,0.59154,4681,14
1714500000,0.59154,0.59191,0.59065,0.59092,2843,14
1714503600,0.5909,0.59115,0.59012,0.59042,2183,14
1714507200,0.59041,0.59055,0.59,0.59024,1179,14
1714510800,0.59024,0.59044,0.58945,0.58964,1117,14
1714514400,0.58964,0.58994,0.58906,0.58915,1150,14
1714518000,0.58914,0.5893,0.5885,0.58865,745,14
1714521600,0.58851,0.58902,0.58804,0.58892,193,18
1714525200,0.58892,0.58892,0.58731,0.58763,1013,14
1714528800,0.58764,0.58838,0.58739,0.58767,926,14
1714532400,0.58766,0.58844,0.58762,0.58833,1156,14
1714536000,0.58833,0.58887,0.58828,0.58886,1078,14
1714539600,0.58885,0.58885,0.58847,0.58863,597,14
1714543200,0.58863,0.58868,0.58823,0.58844,547,14
1714546800,0.58844,0.58878,0.58839,0.58854,579,15
1714550400,0.58852,0.58908,0.58826,0.58883,655,14
1714554000,0.58884,0.58894,0.58811,0.58831,1130,14
1714557600,0.58832,0.58869,0.58805,0.58859,1353,14
1714561200,0.58857,0.58896,0.5883,0.58895,1144,14
1714564800,0.58895,0.58918,0.58868,0.58898,1415,14
1714568400,0.58898,0.58915,0.58863,0.58877,1089,14
1714572000,0.58877,0.58952,0.58865,0.58937,1062,14
1714575600,0.58937,0.59003,0.5893,0.58971,2577,14
1714579200,0.58971,0.59022,0.58926,0.58935,2277,14
1714582800,0.58968,0.5906,0.58943,0.59008,4377,14
1714586400,0.59008,0.59047,0.58988,0.59003,1835,14
1714590000,0.59003,0.59004,0.58962,0.58964,1417,14
1714593600,0.58964,0.5899,0.58822,0.58846,1206,14
1714597200,0.58846,0.59393,0.58815,0.59345,9520,14
1714600800,0.59349,0.59371,0.59069,0.59073,6296,14
1714604400,0.5907,0.5936,0.59068,0.5928,2828,14
1714608000,0.59199,0.59267,0.59138,0.59245,532,26
1714611600,0.59245,0.5934,0.59245,0.59277,1334,14
1714615200,0.59277,0.59308,0.59234,0.59279,1573,14
1714618800,0.59279,0.59302,0.5919,0.59199,2482,14
1714622400,0.59199,0.59252,0.59137,0.59236,1792,14
1714626000,0.59236,0.59305,0.59235,0.59281,2012,14
1714629600,0.5928,0.59291,0.59227,0.59247,1143,14
1714633200,0.59247,0.59283,0.59237,0.59261,1149,14
1714636800,0.59261,0.59336,0.59253,0.59319,1356,14
1714640400,0.59319,0.59379,0.59282,0.59345,2822,14
1714644000,0.59345,0.59468,0.59332,0.59378,3014,14
1714647600,0.59382,0.59411,0.59312,0.59334,2845,14
1714651200,0.59334,0.59401,0.59273,0.59297,1966,14
1714654800,0.59297,0.59298,0.59213,0.59228,2113,14
1714658400,0.59228,0.59291,0.59197,0.59288,2083,14
1714662000,0.59291,0.59404,0.59265,0.59282,3788,14
1714665600,0.59282,0.5932,0.59191,0.59221,4745,14
1714669200,0.59221,0.59301,0.59152,0.59274,4867,14
1714672800,0.59274,0.59421,0.59264,0.59403,3101,14
1714676400,0.59403,0.59514,0.5938,0.59487,1882,14
1714680000,0.59487,0.59562,0.59473,0.59537,2186,14
1714683600,0.59537,0.59672,0.59527,0.59665,1579,14
1714687200,0.59665,0.59665,0.59585,0.59605,1458,14
1714690800,0.59603,0.59622,0.59583,0.5961,648,14
1714694400,0.5961,0.5961,0.59468,0.59601,636,22
1714698000,0.59604,0.59651,0.59594,0.59627,857,16
1714701600,0.59624,0.59646,0.59609,0.5963,941,14
1714705200,0.5963,0.59692,0.59554,0.59686,1744,14
1714708800,0.59686,0.59779,0.59663,0.59738,2631,14
1714712400,0.59738,0.59738,0.59638,0.5965,1768,14
1714716000,0.5965,0.59688,0.59637,0.59685,1196,14
1714719600,0.59685,0.59695,0.59643,0.59671,696,14
1714723200,0.59671,0.59769,0.59669,0.5974,821,14
1714726800,0.5974,0.5974,0.59629,0.59641,1979,14
1714730400,0.5964,0.59743,0.59618,0.59715,2114,14
1714734000,0.59714,0.59805,0.59703,0.59798,1885,14
1714737600,0.59797,0.59815,0.59758,0.59786,1373,14
1714741200,0.59786,0.59811,0.59766,0.59811,1441,14
1714744800,0.59811,0.59862,0.59802,0.59839,1543,14
1714748400,0.59839,0.60439,0.59817,0.60368,6434,14
1714752000,0.60366,0.60408,0.60217,0.60261,6996,14
1714755600,0.60253,0.60465,0.60026,0.6013,8139,14
1714759200,0.6013,0.60248,0.60108,0.60179,3253,14
1714762800,0.60179,0.60203,0.60089,0.6011,1961,14
1714766400,0.60111,0.60142,0.60077,0.60128,1166,14
1714770000,0.60126,0.6016,0.60122,0.60152,1028,15
1714773600,0.60152,0.60182,0.60122,0.60127,1039,14
1714777200,0.60125,0.60125,0.60091,0.60093,473,15
1714953600,0.60111,0.60114,0.59986,0.60076,291,36
1714957200,0.60076,0.60132,0.60057,0.60104,755,14
1714960800,0.60103,0.60128,0.60057,0.60059,965,14
1714964400,0.60059,0.60068,0.59993,0.60043,1997,14
1714968000,0.60043,0.60108,0.60009,0.60077,2664,14
1714971600,0.60077,0.60114,0.60031,0.6005,1604,14
1714975200,0.6005,0.60063,0.59985,0.59999,1023,14
1714978800,0.59999,0.60003,0.59947,0.59987,770,14
1714982400,0.59987,0.60023,0.59968,0.60018,1227,14
1714986000,0.60017,0.60122,0.60013,0.60098,1554,14
1714989600,0.60098,0.60171,0.60096,0.6013,1601,14
1714993200,0.6013,0.60196,0.60093,0.6018,1495,14
1714996800,0.6018,0.6019,0.60153,0.60185,1066,14
1715000400,0.60185,0.60231,0.60172,0.60181,1345,14
1715004000,0.60181,0.6021,0.60173,0.6021,981,14
1715007600,0.6021,0.6031,0.60203,0.60264,1639,14
1715011200,0.60264,0.60273,0.60174,0.60185,2275,14
1715014800,0.60185,0.60215,0.601,0.60105,1650,14
1715018400,0.60104,0.60122,0.60076,0.60117,1325,14
1715022000,0.60116,0.60122,0.60067,0.60107,1199,14
1715025600,0.60107,0.60138,0.60103,0.60133,956,14
1715029200,0.60133,0.60145,0.60118,0.60126,597,14
1715032800,0.60127,0.60132,0.6007,0.60081,695,14
1715036400,0.60082,0.60108,0.60056,0.60056,294,14
1715040000,0.60025,0.60097,0.60005,0.60082,460,27
1715043600,0.60075,0.601,0.60057,0.60058,303,14
1715047200,0.60058,0.60095,0.60051,0.6008,637,14
1715050800,0.6008,0.60227,0.6008,0.60213,1899,14
1715054400,0.60211,0.6024,0.60092,0.60115,2309,14
1715058000,0.60115,0.60115,0.60045,0.60066,1845,14
1715061600,0.60066,0.60141,0.60065,0.60135,968,14
1715065200,0.60135,0.60159,0.60046,0.60089,1911,14
1715068800,0.60089,0.60138,0.60078,0.60095,1725,14
1715072400,0.6009,0.60096,0.59992,0.60044,2075,14
1715076000,0.60044,0.60095,0.60039,0.60071,2206,14
1715079600,0.6007,0.60091,0.60018,0.60087,1926,14
1715083200,0.60087,0.601,0.59997,0.60023,1550,14
1715086800,0.60022,0.60074,0.60009,0.60067,1243,14
1715090400,0.60068,0.60116,0.60064,0.60077,1459,14
1715094000,0.60077,0.60168,0.60061,0.60147,1759,14
1715097600,0.60147,0.60181,0.60117,0.60128,2415,14
1715101200,0.60128,0.602,0.60125,0.60174,1981,14
1715104800,0.60174,0.60186,0.60092,0.60092,1745,14
1715108400,0.60092,0.60132,0.6006,0.60067,1504,14
1715112000,0.60067,0.60079,0.59998,0.60001,1390,14
1715115600,0.6,0.6,0.59944,0.59975,1323,14
1715119200,0.59977,0.60024,0.59973,0.60018,792,14
1715122800,0.60018,0.60024,0.60005,0.60011,352,14
1715126400,0.60011,0.60022,0.59961,0.6001,285,17
1715130000,0.60018,0.6002,0.59975,0.59986,395,14
1715133600,0.59989,0.5999,0.59949,0.59956,595,14
1715137200,0.59955,0.60017,0.59914,0.59928,1671,14
1715140800,0.59928,0.59942,0.59843,0.5985,2232,14
1715144400,0.5985,0.59883,0.59826,0.59876,1441,15
1715148000,0.59875,0.59895,0.59854,0.5989,1067,14
1715151600,0.59891,0.59934,0.59868,0.59914,738,14
1715155200,0.59913,0.59926,0.59871,0.59881,874,14
1715158800,0.59886,0.59955,0.59879,0.59901,1473,14
1715162400,0.59901,0.59943,0.5987,0.59879,1768,14
1715166000,0.59879,0.59888,0.59807,0.59818,1308,14
1715169600,0.59819,0.59894,0.59803,0.59873,1379,14
1715173200,0.59873,0.59899,0.59858,0.59887,1086,14
1715176800,0.59887,0.59911,0.59852,0.5986,1109,14
1715180400,0.5986,0.59874,0.59829,0.59865,1514,14
1715184000,0.59866,0.59956,0.59865,0.59915,2112,14
1715187600,0.59915,0.5999,0.59908,0.59959,1820,14
1715191200,0.59959,0.60024,0.5992,0.60017,1597,14
1715194800,0.60017,0.60027,0.59973,0.59989,842,14
1715198400,0.59987,0.60015,0.59972,0.60002,1044,14
1715202000,0.60002,0.60016,0.59978,0.5998,667,14
1715205600,0.5998,0.59994,0.59958,0.59992,543,14
1715209200,0.59993,0.60036,0.59978,0.60029,353,14
1715212800,0.60029,0.60041,0.59967,0.60037,274,25
1715216400,0.60037,0.60068,0.60019,0.60057,361,14
1715220000,0.60058,0.60058,0.60016,0.60028,500,14
1715223600,0.60027,0.60032,0.59921,0.59932,1469,14
1715227200,0.59932,0.60079,0.59928,0.60048,1800,14
1715230800,0.60049,0.60052,0.60002,0.60024,1261,15
1715234400,0.60024,0.60073,0.60017,0.60054,1254,14
1715238000,0.60054,0.60078,0.60016,0.6002,739,14
1715241600,0.6002,0.60038,0.60007,0.60021,816,14
1715245200,0.60021,0.60021,0.59922,0.59939,1341,14
1715248800,0.59939,0.5998,0.5992,0.59974,1800,14
1715252400,0.59974,0.60002,0.59917,0.59949,1682,14
1715256000,0.5995,0.5999,0.59942,0.59977,1040,14
1715259600,0.59976,0.60044,0.5997,0.59987,1073,14
1715263200,0.59987,0.60031,0.59953,0.60002,2195,14
1715266800,0.60001,0.602,0.59997,0.60146,3626,14
1715270400,0.60146,0.60162,0.60045,0.60131,3586,14
1715274000,0.60129,0.60246,0.60128,0.60196,2528,14
1715277600,0.60196,0.60239,0.60153,0.60167,1711,14
1715281200,0.60166,0.6022,0.60165,0.60214,1303,14
1715284800,0.60214,0.60262,0.602,0.60243,1295,14
1715288400,0.60243,0.60329,0.60233,0.60324,917,14
1715292000,0.60322,0.60332,0.60306,0.60327,735,14
1715295600,0.60326,0.60344,0.6032,0.60336,397,14
1715299200,0.60264,0.60331,0.60262,0.60319,296,23
1715302800,0.60319,0.6039,0.60319,0.60378,568,14
1715306400,0.60375,0.60391,0.60341,0.60342,513,14
1715310000,0.60342,0.60358,0.60272,0.60282,1397,14
1715313600,0.60282,0.60321,0.60248,0.60248,1578,14
1715317200,0.60243,0.60243,0.60132,0.60162,1182,14
1715320800,0.60162,0.60212,0.60146,0.60204,472,14
1715324400,0.60204,0.60232,0.60204,0.60219,494,15
1715328000,0.60219,0.60266,0.60196,0.60239,920,14
1715331600,0.60236,0.60294,0.602,0.60242,1685,14
1715335200,0.60242,0.60253,0.60149,0.60186,2072,14
1715338800,0.60186,0.60226,0.60149,0.60155,2140,14
1715342400,0.60154,0.60203,0.60142,0.60189,1617,14
1715346000,0.60187,0.6019,0.60138,0.6016,1407,14
1715349600,0.6016,0.60167,0.60123,0.60127,1229,14
1715353200,0.60126,0.60212,0.60123,0.60159,2367,14
1715356800,0.60156,0.60338,0.60156,0.60325,2128,14
1715360400,0.60306,0.60326,0.60079,0.60127,3965,14
1715364000,0.60126,0.60175,0.60087,0.60171,2237,14
1715367600,0.60172,0.60204,0.60133,0.60187,1514,14
1715371200,0.60187,0.60203,0.60169,0.60187,900,14
1715374800,0.60187,0.60193,0.60155,0.60187,627,15
1715378400,0.60187,0.6022,0.6018,0.60206,467,15
1715382000,0.60205,0.6021,0.60171,0.60182,297,14
1715558400,0.60051,0.60158,0.60023,0.60113,485,46
1715562000,0.60099,0.60214,0.60099,0.60172,624,14
1715565600,0.60172,0.60219,0.60161,0.60163,668,14
1715569200,0.60163,0.60215,0.60133,0.60143,1288,14
1715572800,0.60144,0.60169,0.60065,0.60087,2177,14
1715576400,0.60087,0.60168,0.60081,0.60146,1721,14
1715580000,0.60148,0.60148,0.59994,0.60089,1245,14
1715583600,0.60089,0.60097,0.60045,0.60057,663,14
1715587200,0.60057,0.60111,0.60055,0.60066,979,14
1715590800,0.60066,0.60089,0.60044,0.60067,1960,14
1715594400,0.60067,0.60105,0.60056,0.60077,1590,14
1715598000,0.60076,0.60138,0.60051,0.60113,1206,14
1715601600,0.6011,0.60145,0.60085,0.60099,947,14
1715605200,0.60099,0.60105,0.60083,0.601,658,14
1715608800,0.601,0.6021,0.601,0.60193,989,14
1715612400,0.60193,0.60258,0.60193,0.60251,1541,14
1715616000,0.60252,0.60301,0.60227,0.60239,1764,14
1715619600,0.60239,0.60261,0.60175,0.60238,1508,14
1715623200,0.60239,0.6024,0.60131,0.60164,2105,14
1715626800,0.60163,0.60196,0.60153,0.60159,1189,14
1715630400,0.60159,0.60173,0.6011,0.60171,1207,14
1715634000,0.60171,0.60187,0.60151,0.60167,644,14
1715637600,0.60167,0.60167,0.6015,0.60159,459,14
1715641200,0.60157,0.60182,0.60147,0.60154,371,14
1715644800,0.60154,0.60156,0.6007,0.6014,608,27
1715648400,0.60139,0.60188,0.60139,0.60187,370,15
1715652000,0.60187,0.60248,0.60185,0.60221,545,14
1715655600,0.60221,0.60234,0.60121,0.60153,1228,14
1715659200,0.60153,0.60174,0.60099,0.60135,1411,14
1715662800,0.60135,0.60143,0.6009,0.60143,854,14
1715666400,0.60143,0.60169,0.60128,0.60152,785,14
1715670000,0.60152,0.60163,0.60132,0.60139,518,14
1715673600,0.60139,0.60171,0.60117,0.60166,761,14
1715677200,0.60166,0.60214,0.60144,0.60194,1133,14
1715680800,0.60194,0.6027,0.60191,0.60256,1230,14
1715684400,0.60257,0.60259,0.60186,0.60234,1476,14
1715688000,0.60231,0.60287,0.60223,0.60233,1359,14
1715691600,0.60233,0.6024,0.60185,0.602,944,14
1715695200,0.60199,0.60234,0.60176,0.60186,808,14
1715698800,0.60186,0.60265,0.59937,0.60215,4516,14
1715702400,0.60215,0.60361,0.60185,0.60356,3909,14
1715706000,0.60355,0.60371,0.60287,0.6036,2942,14
1715709600,0.6036,0.60371,0.6031,0.60327,1966,14
1715713200,0.60326,0.6034,0.60299,0.60335,1294,14
1715716800,0.60335,0.60344,0.60315,0.60332,689,14
1715720400,0.60332,0.60395,0.60327,0.6039,661,14
1715724000,0.60393,0.60419,0.60391,0.60393,525,14
1715727600,0.60392,0.60405,0.60376,0.60394,339,14
1715731200,0.60394,0.60394,0.60267,0.60375,394,25
1715734800,0.60374,0.60403,0.60374,0.60402,331,16
1715738400,0.60401,0.60423,0.60388,0.60413,435,15
1715742000,0.60413,0.60496,0.60409,0.60427,1205,14
1715745600,0.60428,0.60476,0.60421,0.6045,1152,15
1715749200,0.60452,0.60535,0.60438,0.60519,907,14
1715752800,0.60519,0.60601,0.60512,0.60563,784,14
1715756400,0.60563,0.60571,0.60545,0.60558,539,14
1715760000,0.60558,0.60635,0.60551,0.60606,817,14
1715763600,0.60606,0.6061,0.60559,0.60605,1062,14
1715767200,0.60605,0.60633,0.60565,0.6058,1383,14
1715770800,0.6058,0.60654,0.60576,0.60624,1237,14
1715774400,0.60623,0.60641,0.60587,0.60635,1100,14
1715778000,0.60636,0.60638,0.60562,0.60585,809,14
1715781600,0.60585,0.60636,0.6057,0.60617,1142,14
1715785200,0.60617,0.61007,0.60553,0.60829,5739,14
1715788800,0.60829,0.60868,0.60562,0.6061,4920,14
1715792400,0.6061,0.60901,0.60579,0.60878,3154,14
1715796000,0.60877,0.61072,0.60855,0.61006,2592,14
1715799600,0.61006,0.6115,0.60933,0.61145,1909,14
1715803200,0.61145,0.61238,0.61138,0.61232,1203,14
1715806800,0.61232,0.61232,0.61144,0.61203,961,14
1715810400,0.61205,0.6122,0.61163,0.61219,747,14
1715814000,0.6122,0.61227,0.61195,0.61208,426,15
1715817600,0.61208,0.61208,0.61075,0.61186,441,19
1715821200,0.61188,0.61247,0.61188,0.61235,622,16
1715824800,0.61236,0.61309,0.61215,0.6128,775,14
1715828400,0.6128,0.61397,0.61235,0.61377,1813,14
1715832000,0.61377,0.61377,0.61181,0.61227,2584,14
1715835600,0.61228,0.61275,0.61154,0.61255,2113,14
1715839200,0.61255,0.61301,0.61236,0.61267,1108,14
1715842800,0.61267,0.61267,0.6122,0.61228,895,14
1715846400,0.61228,0.61244,0.61177,0.61179,996,14
1715850000,0.61178,0.61188,0.6109,0.61117,1658,14
1715853600,0.61118,0.61172,0.61082,0.61122,1702,14
1715857200,0.61123,0.6116,0.61081,0.61119,1246,14
1715860800,0.61119,0.61132,0.61032,0.61103,1248,14
1715864400,0.61103,0.61123,0.61063,0.61084,837,14
1715868000,0.61084,0.61104,0.61029,0.61033,1113,14
1715871600,0.61033,0.61137,0.61,0.61032,3155,14
1715875200,0.61028,0.6106,0.60947,0.61007,2601,14
1715878800,0.61007,0.61156,0.60978,0.61148,2292,14
1715882400,0.61148,0.61216,0.61137,0.61207,1338,14
1715886000,0.61207,0.61207,0.61145,0.61185,1166,14
1715889600,0.61185,0.61205,0.61159,0.61192,986,14
1715893200,0.61193,0.61213,0.61162,0.61205,892,14
1715896800,0.61207,0.61213,0.61178,0.61182,612,14
1715900400,0.61183,0.61215,0.61171,0.6121,309,14
1715904000,0.61165,0.61207,0.61105,0.61197,251,20
1715907600,0.61197,0.6123,0.61191,0.61225,354,14
1715911200,0.61225,0.6126,0.6122,0.6123,662,14
1715914800,0.61231,0.61255,0.61154,0.61164,1581,14
1715918400,0.61165,0.61183,0.61068,0.61112,1836,14
1715922000,0.61113,0.61132,0.61045,0.61091,1126,14
1715925600,0.61091,0.61123,0.61084,0.61108,547,14
1715929200,0.61108,0.61112,0.61081,0.61107,616,14
1715932800,0.61107,0.61194,0.61102,0.61188,784,14
1715936400,0.61188,0.61223,0.61154,0.61179,879,14
1715940000,0.61179,0.61218,0.61115,0.61127,1172,14
1715943600,0.61127,0.61143,0.61021,0.61057,1435,14
1715947200,0.61057,0.6108,0.61031,0.61066,690,14
1715950800,0.61065,0.61067,0.61021,0.61042,572,14
1715954400,0.61042,0.61075,0.61002,0.61063,754,14
1715958000,0.61061,0.6112,0.61047,0.61112,1274,14
1715961600,0.61112,0.61193,0.61096,0.61182,2130,14
1715965200,0.61187,0.61341,0.6118,0.61315,2292,14
1715968800,0.61315,0.6134,0.61259,0.61286,1981,14
1715972400,0.61286,0.61328,0.61277,0.61319,1111,14
1715976000,0.61319,0.6136,0.61315,0.61334,969,14
1715979600,0.61334,0.6138,0.61318,0.6138,638,14
1715983200,0.6138,0.61387,0.61342,0.61348,456,14
1715986800,0.6135,0.61355,0.61323,0.61324,354,14
1716163200,0.61266,0.6132,0.6125,0.61316,179,37
1716166800,0.61316,0.61347,0.61312,0.61315,462,15
1716170400,0.61314,0.61367,0.61309,0.6134,666,15
1716174000,0.61342,0.61346,0.61266,0.61275,1820,14
1716177600,0.61274,0.61317,0.61246,0.61297,2273,14
1716181200,0.61297,0.61313,0.61206,0.61242,1133,14
1716184800,0.61242,0.61278,0.61219,0.61272,784,14
1716188400,0.61273,0.61326,0.6127,0.61294,682,14
1716192000,0.61295,0.61363,0.61287,0.61323,934,14
1716195600,0.61323,0.61344,0.61243,0.61243,1569,14
1716199200,0.61243,0.61275,0.61182,0.61208,1620,14
1716202800,0.61207,0.61216,0.61158,0.61183,1176,14
1716206400,0.61181,0.61218,0.61157,0.61213,936,14
1716210000,0.61212,0.61236,0.6116,0.6117,683,14
1716213600,0.6117,0.61189,0.61121,0.61123,1076,14
1716217200,0.61124,0.61128,0.60957,0.61005,2358,14
1716220800,0.61007,0.61138,0.61004,0.61128,2135,14
1716224400,0.61127,0.6118,0.61097,0.61131,2312,14
1716228000,0.61131,0.61153,0.61075,0.61106,1639,14
1716231600,0.61106,0.61138,0.61091,0.61117,709,14
1716235200,0.61116,0.61157,0.61093,0.6111,810,14
1716238800,0.6111,0.61114,0.61049,0.61077,718,14
1716242400,0.61079,0.6108,0.61051,0.61064,365,14
1716246000,0.61064,0.61066,0.61018,0.61018,484,14
1716249600,0.61018,0.61067,0.6098,0.61055,405,18
1716253200,0.61056,0.61068,0.61048,0.61063,263,15
1716256800,0.61064,0.61079,0.6105,0.61059,382,15
1716260400,0.6106,0.61096,0.61049,0.61069,1063,14
1716264000,0.61067,0.61077,0.60975,0.6098,2130,14
1716267600,0.6098,0.60981,0.60882,0.60944,2203,14
1716271200,0.60944,0.61004,0.6092,0.60959,1021,14
1716274800,0.6096,0.61008,0.60956,0.60997,674,14
1716278400,0.60997,0.61018,0.60975,0.60985,823,14
1716282000,0.60988,0.61039,0.60952,0.60965,1504,14
1716285600,0.60968,0.61076,0.6096,0.60989,1512,14
1716289200,0.60989,0.61039,0.60977,0.61022,1153,14
1716292800,0.61021,0.61068,0.60998,0.61017,1228,14
1716296400,0.61017,0.61047,0.60991,0.61007,900,14
1716300000,0.61007,0.61046,0.6097,0.61036,1037,14
1716303600,0.61037,0.61039,0.60943,0.6099,2261,14
1716307200,0.6099,0.61065,0.60865,0.60998,4743,14
1716310800,0.60999,0.61037,0.60983,0.61002,2773,14
1716314400,0.61002,0.61018,0.60929,0.60936,1799,14
1716318000,0.60935,0.60958,0.60901,0.6093,1336,14
1716321600,0.6093,0.60946,0.60896,0.60944,1048,14
1716325200,0.60944,0.60954,0.60913,0.60917,792,14
1716328800,0.60918,0.60962,0.60918,0.60959,573,14
1716332400,0.6096,0.6096,0.60902,0.60903,262,14
1716336000,0.60842,0.60946,0.60842,0.60932,656,26
1716339600,0.60937,0.60944,0.60926,0.6093,242,14
1716343200,0.6093,0.60955,0.60918,0.60918,392,14
1716346800,0.60915,0.61016,0.60915,0.60985,1102,14
1716350400,0.60985,0.61044,0.60954,0.6102,1633,14
1716354000,0.60991,0.61516,0.60991,0.61363,2877,14
1716357600,0.61363,0.61388,0.61198,0.6124,1439,14
1716361200,0.6124,0.61245,0.61134,0.61168,960,14
1716364800,0.61168,0.61278,0.61152,0.61276,932,14
1716368400,0.6128,0.61292,0.61147,0.61171,2024,14
1716372000,0.61171,0.61173,0.61091,0.61163,1692,14
1716375600,0.61163,0.61181,0.61108,0.61136,1359,14
1716379200,0.61136,0.61193,0.61084,0.61189,1287,14
1716382800,0.61189,0.61241,0.61188,0.612,1290,14
1716386400,0.61199,0.61208,0.61038,0.61074,1938,14
1716390000,0.61078,0.61137,0.61064,0.61118,2184,14
1716393600,0.61119,0.61212,0.61119,0.61179,2799,14
1716397200,0.61177,0.61189,0.61064,0.61074,2743,14
1716400800,0.61074,0.61118,0.61014,0.61037,1637,14
1716404400,0.61037,0.611,0.61031,0.61075,1611,14
1716408000,0.61074,0.61091,0.60976,0.60999,1728,14
1716411600,0.60989,0.60997,0.60823,0.6085,2844,14
1716415200,0.6085,0.6091,0.6082,0.6091,1243,14
1716418800,0.60909,0.60958,0.60904,0.60954,673,14
1716422400,0.60895,0.60936,0.60877,0.60928,170,23
1716426000,0.60929,0.61045,0.60927,0.61041,624,14
1716429600,0.61042,0.61044,0.60984,0.60988,521,14
1716433200,0.60986,0.61092,0.6098,0.61031,1206,14
1716436800,0.61031,0.6112,0.61013,0.61092,1959,14
1716440400,0.61092,0.61115,0.61014,0.61095,1386,14
1716444000,0.61097,0.61195,0.61079,0.6119,1065,14
1716447600,0.61189,0.61216,0.61181,0.61186,780,14
1716451200,0.61183,0.61198,0.61125,0.6114,1197,14
1716454800,0.61142,0.6119,0.61103,0.61115,2019,14
1716458400,0.61115,0.61138,0.61048,0.61082,2158,14
1716462000,0.6108,0.6115,0.61074,0.61143,1507,14
1716465600,0.61143,0.61292,0.6112,0.61281,1313,14
1716469200,0.61281,0.61302,0.61249,0.61264,1045,14
1716472800,0.61264,0.61301,0.61226,0.61279,1280,14
1716476400,0.61278,0.61311,0.61233,0.61267,2660,14
1716480000,0.61267,0.6133,0.61008,0.61086,4682,14
1716483600,0.61084,0.61209,0.61061,0.61127,5949,14
1716487200,0.61127,0.61159,0.61059,0.61127,2867,14
1716490800,0.61127,0.61157,0.61054,0.61064,1804,14
1716494400,0.61064,0.61064,0.60958,0.60977,2218,14
1716498000,0.60978,0.61007,0.60913,0.60938,2380,14
1716501600,0.60936,0.60984,0.60927,0.60973,1156,14
1716505200,0.60973,0.60992,0.60967,0.60979,349,14
1716508800,0.60963,0.60989,0.60935,0.60986,125,18
1716512400,0.60988,0.61,0.60972,0.60978,356,16
1716516000,0.60979,0.60994,0.60951,0.60951,467,14
1716519600,0.60951,0.60962,0.60891,0.60929,1729,14
1716523200,0.60928,0.61,0.60866,0.60939,2300,14
1716526800,0.60938,0.60938,0.60867,0.60915,1105,14
1716530400,0.60915,0.60952,0.60905,0.60938,694,14
1716534000,0.60938,0.60979,0.60926,0.6097,653,14
1716537600,0.60968,0.60974,0.60897,0.60955,966,14
1716541200,0.60959,0.60992,0.60908,0.60915,1791,14
1716544800,0.60915,0.61033,0.60915,0.61015,1735,14
1716548400,0.61015,0.61063,0.60988,0.61047,1332,14
1716552000,0.61047,0.61081,0.61025,0.6105,1145,14
1716555600,0.61049,0.61129,0.61042,0.611,1030,14
1716559200,0.61099,0.6111,0.6107,0.61087,1106,14
1716562800,0.61087,0.61134,0.61036,0.61098,2719,14
1716566400,0.61098,0.61125,0.61057,0.61057,2909,14
1716570000,0.61091,0.61188,0.61082,0.6117,2944,14
1716573600,0.61169,0.61229,0.61151,0.61178,1990,14
1716577200,0.61178,0.61257,0.61154,0.61176,1400,14
1716580800,0.61177,0.61253,0.61164,0.61248,863,14
1716584400,0.61249,0.61252,0.61201,0.61211,1035,14
1716588000,0.61212,0.61224,0.61186,0.61223,626,15
1716591600,0.61226,0.61242,0.61195,0.61197,401,14
1716768000,0.61062,0.61202,0.6104,0.61192,482,27
1716771600,0.61193,0.6126,0.61187,0.61244,510,14
1716775200,0.61244,0.61249,0.6119,0.61198,641,14
1716778800,0.61198,0.61233,0.61193,0.61217,841,14
1716782400,0.61217,0.61286,0.61216,0.61274,1220,14
1716786000,0.61274,0.61295,0.61254,0.61284,842,15
1716789600,0.6128,0.61305,0.61254,0.61285,786,14
1716793200,0.61285,0.61305,0.6127,0.61291,397,14
1716796800,0.61291,0.61292,0.61257,0.61285,927,14
1716800400,0.61287,0.61298,0.61241,0.61287,976,14
1716804000,0.61288,0.61335,0.61271,0.61291,890,14
1716807600,0.61293,0.6135,0.6126,0.61341,805,14
1716811200,0.61341,0.61399,0.61339,0.61398,695,14
1716814800,0.61398,0.61443,0.61396,0.61441,765,14
1716818400,0.61441,0.61453,0.61401,0.61413,641,14
1716822000,0.61413,0.61461,0.6136,0.61458,1644,14
1716825600,0.61458,0.61508,0.6145,0.61472,1648,14
1716829200,0.61473,0.61503,0.61441,0.61491,886,14
1716832800,0.61491,0.61523,0.61486,0.61517,623,14
1716836400,0.61516,0.61524,0.61472,0.61476,409,14
1716840000,0.61476,0.61498,0.61469,0.61493,240,14
1716843600,0.61493,0.61501,0.6148,0.61484,180,14
1716847200,0.61483,0.61529,0.61475,0.61521,151,14
1716850800,0.61521,0.61521,0.61419,0.61447,177,14
1716854400,0.61425,0.61495,0.61425,0.61492,211,23
1716858000,0.61499,0.61509,0.61488,0.61501,261,15
1716861600,0.61501,0.61524,0.615,0.61507,452,14
1716865200,0.61507,0.61591,0.61504,0.61557,1571,14
1716868800,0.61557,0.61636,0.61547,0.61606,2525,14
1716872400,0.61606,0.61629,0.6159,0.61616,1461,14
1716876000,0.61617,0.61646,0.61585,0.61611,997,14
1716879600,0.61611,0.6162,0.61576,0.61583,767,14
1716883200,0.61583,0.61603,0.61558,0.61569,896,14
1716886800,0.61572,0.61604,0.61563,0.61568,1337,14
1716890400,0.61568,0.61648,0.61566,0.61637,1647,14
1716894000,0.61637,0.61641,0.61553,0.61597,1519,14
1716897600,0.61597,0.61624,0.61573,0.61593,1344,14
1716901200,0.61592,0.61604,0.61556,0.61587,1006,14
1716904800,0.61586,0.6166,0.61586,0.61622,1244,14
1716908400,0.61622,0.61671,0.61604,0.61664,2085,14
1716912000,0.61661,0.61694,0.61522,0.61534,3288,14
1716915600,0.6154,0.61582,0.61465,0.61547,3318,14
1716919200,0.61549,0.61551,0.61485,0.61541,1947,14
1716922800,0.61538,0.61551,0.61485,0.615,1570,14
1716926400,0.615,0.61511,0.61395,0.61416,2113,14
1716930000,0.61416,0.61442,0.61365,0.614,2027,14
1716933600,0.614,0.61435,0.61397,0.61429,1127,14
1716937200,0.6143,0.61432,0.61395,0.61403,370,14
1716940800,0.61403,0.61435,0.61361,0.61399,400,18
1716944400,0.61406,0.61429,0.61376,0.6142,478,14
1716948000,0.61422,0.61434,0.61382,0.61393,779,14
1716951600,0.61391,0.61408,0.61324,0.61335,1561,14
1716955200,0.61335,0.61471,0.61312,0.61399,2766,14
1716958800,0.61398,0.61428,0.61292,0.61292,1662,14
1716962400,0.61292,0.61347,0.61283,0.61338,1252,14
1716966000,0.61338,0.61339,0.61273,0.61296,898,14
1716969600,0.61296,0.61312,0.61242,0.61278,1091,14
1716973200,0.61281,0.61377,0.61271,0.61351,2240,14
1716976800,0.6135,0.61445,0.6135,0.61383,2053,14
1716980400,0.61391,0.614,0.61347,0.61371,2354,14
1716984000,0.61371,0.61389,0.61351,0.61371,1381,14
1716987600,0.6137,0.6137,0.61273,0.61317,1336,14
1716991200,0.61316,0.61316,0.6121,0.61267,1683,14
1716994800,0.61268,0.61338,0.61246,0.61294,2654,14
1716998400,0.61296,0.61312,0.61201,0.6124,3390,14
1717002000,0.6124,0.61248,0.61162,0.61206,3188,14
1717005600,0.61206,0.61223,0.61132,0.61151,2748,14
1717009200,0.61151,0.61187,0.61107,0.61169,1764,14
1717012800,0.61169,0.61189,0.6111,0.6118,1941,14
1717016400,0.61179,0.6121,0.61137,0.61143,1100,14
1717020000,0.61141,0.61198,0.61141,0.61168,1074,14
1717023600,0.61168,0.6117,0.61135,0.61139,353,14
1717027200,0.61139,0.6115,0.61066,0.6115,188,15
1717030800,0.61159,0.61159,0.61109,0.61128,321,15
1717034400,0.61128,0.61133,0.61096,0.61119,784,14
1717038000,0.61119,0.61119,0.61023,0.61055,1973,14
1717041600,0.61055,0.61137,0.61046,0.61053,2244,14
1717045200,0.61053,0.61098,0.61021,0.61067,1765,14
1717048800,0.61067,0.61069,0.61017,0.61031,1389,14
1717052400,0.61031,0.61079,0.60997,0.61036,1283,14
1717056000,0.61037,0.61037,0.60892,0.60934,1687,14
1717059600,0.60934,0.60987,0.60878,0.60958,2671,14
1717063200,0.60956,0.6102,0.60939,0.61007,2476,14
1717066800,0.61007,0.61087,0.60957,0.61072,2331,14
1717070400,0.61072,0.61112,0.60976,0.61014,1984,14
1717074000,0.61014,0.61085,0.60978,0.61052,1406,14
1717077600,0.61052,0.61151,0.61025,0.61104,1452,14
1717081200,0.61103,0.61198,0.61042,0.61167,3588,14
1717084800,0.61167,0.61235,0.61136,0.61206,4312,14
1717088400,0.61212,0.61253,0.61181,0.61238,3575,14
1717092000,0.61237,0.61305,0.61202,0.61253,2212,14
1717095600,0.61254,0.61284,0.61241,0.61274,1448,14
1717099200,0.61274,0.61289,0.61233,0.61239,1013,14
1717102800,0.61237,0.6124,0.61203,0.61211,1096,14
1717106400,0.61211,0.61215,0.61114,0.61149,1195,14
1717110000,0.61148,0.61148,0.61119,0.61132,449,14
1717113600,0.61132,0.61171,0.61085,0.61138,289,15
1717117200,0.61141,0.61177,0.61124,0.61163,408,15
1717120800,0.61162,0.61164,0.61127,0.61145,470,14
1717124400,0.61145,0.61244,0.61135,0.61238,1951,14
1717128000,0.61238,0.61269,0.61182,0.61204,2894,14
1717131600,0.61203,0.61261,0.6117,0.61224,1896,14
1717135200,0.61224,0.61281,0.61203,0.61259,1977,14
1717138800,0.61259,0.61263,0.61194,0.61232,1365,14
1717142400,0.61232,0.6129,0.61227,0.61272,1392,14
1717146000,0.61277,0.61313,0.61265,0.61268,1904,14
1717149600,0.61265,0.61266,0.61152,0.61179,2003,14
1717153200,0.61178,0.61298,0.61175,0.61256,1910,14
1717156800,0.61254,0.61306,0.61213,0.61296,1767,14
1717160400,0.61296,0.61362,0.61279,0.61354,1538,14
1717164000,0.61353,0.6139,0.61306,0.61322,1538,14
1717167600,0.61322,0.61556,0.61287,0.61548,4032,14
1717171200,0.61548,0.61593,0.61483,0.61572,3885,14
1717174800,0.61571,0.61648,0.61423,0.61432,4502,14
1717178400,0.61431,0.61435,0.61328,0.61342,3157,14
1717182000,0.6134,0.61378,0.61287,0.61347,2095,14
1717185600,0.61347,0.61394,0.61338,0.61372,1571,14
1717189200,0.61372,0.61396,0.61346,0.61382,1344,14
1717192800,0.61382,0.61467,0.61372,0.61462,1433,14
1717196400,0.61461,0.61469,0.6142,0.61423,662,16
1717372800,0.61271,0.61407,0.61271,0.61392,1024,16
1717376400,0.61392,0.61472,0.61372,0.61455,566,14
1717380000,0.61455,0.61484,0.61449,0.61472,656,14
1717383600,0.61472,0.61551,0.61452,0.61533,1509,14
1717387200,0.61533,0.61581,0.61514,0.6156,1619,14
1717390800,0.61561,0.61569,0.61496,0.61512,1285,14
1717394400,0.61513,0.61516,0.61413,0.61432,1284,14
1717398000,0.61432,0.61477,0.61429,0.61465,876,14
1717401600,0.61465,0.61482,0.61411,0.6142,1395,14
1717405200,0.6142,0.61438,0.61327,0.6138,1945,14
1717408800,0.61377,0.61401,0.6134,0.61345,2028,14
1717412400,0.61342,0.61473,0.61338,0.61406,2100,14
1717416000,0.61406,0.61407,0.61337,0.61362,1905,14
1717419600,0.61362,0.61475,0.61354,0.6146,1745,14
1717423200,0.6146,0.61576,0.6146,0.61563,1995,14
1717426800,0.61563,0.61626,0.61539,0.61597,2435,14
1717430400,0.61598,0.61638,0.61571,0.6159,2693,14
1717434000,0.61652,0.61885,0.61652,0.6176,5373,14
1717437600,0.6176,0.61831,0.61752,0.61817,3360,14
1717441200,0.61817,0.6184,0.61745,0.61751,2465,14
1717444800,0.61751,0.61757,0.61681,0.61732,2240,14
1717448400,0.61732,0.6179,0.61722,0.61781,1774,14
1717452000,0.6178,0.61816,0.61765,0.61814,1136,14
1717455600,0.61815,0.61923,0.61815,0.61914,646,15
1717459200,0.61871,0.61913,0.61771,0.61892,203,23
1717462800,0.61892,0.61933,0.61889,0.61891,376,15
1717466400,0.61891,0.61935,0.61886,0.61914,534,14
1717470000,0.61914,0.61974,0.61879,0.61889,1777,14
1717473600,0.6189,0.61898,0.61792,0.61801,2233,14
1717477200,0.61802,0.61868,0.61782,0.61859,1736,14
1717480800,0.61859,0.61887,0.61841,0.61875,1142,14
1717484400,0.61873,0.61936,0.61869,0.61902,988,14
1717488000,0.61903,0.6192,0.61822,0.61829,1526,14
1717491600,0.61834,0.61858,0.61769,0.61815,2494,14
1717495200,0.61816,0.61858,0.61761,0.61805,3269,14
1717498800,0.61807,0.61809,0.61671,0.61698,3355,14
1717502400,0.61697,0.61703,0.61595,0.6162,2861,14
1717506000,0.61617,0.61625,0.61548,0.61604,2515,14
1717509600,0.61605,0.61673,0.61577,0.61637,2453,14
1717513200,0.61637,0.61735,0.61629,0.61711,3298,14
1717516800,0.61713,0.61738,0.61665,0.61671,3823,14
1717520400,0.61701,0.61807,0.61621,0.61758,6457,14
1717524000,0.61758,0.61796,0.61704,0.61714,3716,14
1717527600,0.61715,0.61758,0.61698,0.61724,2685,14
1717531200,0.61721,0.61805,0.61695,0.61774,2328,14
1717534800,0.61773,0.61813,0.6175,0.618,1881,14
1717538400,0.618,0.61802,0.61748,0.61776,1459,14
1717542000,0.61776,0.61791,0.61752,0.61757,430,14
1717545600,0.61754,0.61772,0.61701,0.6176,803,19
1717549200,0.61762,0.61775,0.61742,0.61764,332,15
1717552800,0.6176,0.61764,0.61719,0.61735,558,15
1717556400,0.61739,0.61839,0.61704,0.61802,1700,14
1717560000,0.61803,0.61879,0.61754,0.61874,2361,14
1717563600,0.61873,0.61907,0.6184,0.61878,1265,14
1717567200,0.61873,0.61877,0.61829,0.61846,1181,14
1717570800,0.61845,0.61871,0.61814,0.61867,895,14
1717574400,0.61867,0.61871,0.61753,0.61804,1495,14
1717578000,0.61804,0.61868,0.61758,0.61848,1871,14
1717581600,0.61847,0.6192,0.61831,0.61884,2524,14
1717585200,0.61884,0.61974,0.61834,0.61844,2041,14
1717588800,0.61844,0.61852,0.61799,0.61824,1679,14
1717592400,0.61824,0.61832,0.61764,0.61805,1667,14
1717596000,0.61804,0.61838,0.61753,0.61829,1316,14
1717599600,0.61829,0.61896,0.61812,0.61875,3292,14
1717603200,0.61874,0.61932,0.61842,0.61903,3854,14
1717606800,0.61709,0.61882,0.61692,0.61741,6109,14
1717610400,0.61741,0.61863,0.61729,0.61827,3406,14
1717614000,0.61826,0.61859,0.6177,0.61834,2149,14
1717617600,0.61833,0.61888,0.6181,0.61884,1355,14
1717621200,0.61884,0.61933,0.6187,0.6191,1214,14
1717624800,0.6191,0.61944,0.61895,0.61936,925,14
1717628400,0.61934,0.61935,0.61906,0.61916,590,14
1717632000,0.61784,0.61913,0.61784,0.61908,385,30
1717635600,0.61908,0.61953,0.61905,0.61945,382,15
1717639200,0.61945,0.61964,0.61933,0.61955,530,14
1717642800,0.61955,0.62057,0.61955,0.62049,1482,14
1717646400,0.62049,0.62142,0.62045,0.62086,2473,14
1717650000,0.62089,0.62089,0.62014,0.62029,1889,14
1717653600,0.62029,0.62042,0.6197,0.61996,1190,14
1717657200,0.61996,0.62001,0.61931,0.61946,764,14
1717660800,0.61946,0.61946,0.619,0.61901,1075,14
1717664400,0.61904,0.61951,0.61874,0.61949,1573,14
1717668000,0.61949,0.6196,0.61866,0.61874,1566,14
1717671600,0.61874,0.61875,0.61779,0.61854,1344,14
1717675200,0.61852,0.6187,0.6182,0.61861,1349,14
1717678800,0.61861,0.61876,0.61828,0.61845,1239,14
1717682400,0.61846,0.61854,0.61782,0.61785,1299,14
1717686000,0.61784,0.61922,0.61761,0.61791,4535,14
1717689600,0.6179,0.61934,0.61729,0.61882,4549,14
1717693200,0.61882,0.61904,0.61788,0.61846,3524,14
1717696800,0.61844,0.61976,0.61844,0.61938,2339,14
1717700400,0.6194,0.61954,0.61897,0.61952,1369,14
1717704000,0.61952,0.62044,0.61943,0.62025,1236,14
1717707600,0.62025,0.62041,0.61962,0.6203,1523,14
1717711200,0.6203,0.62044,0.61991,0.62002,1477,14
1717714800,0.62002,0.62018,0.61926,0.6197,372,14
1717718400,0.61929,0.61998,0.61929,0.61968,369,14
1717722000,0.61971,0.62012,0.61969,0.61986,302,15
1717725600,0.61989,0.62001,0.6194,0.61955,374,14
1717729200,0.61954,0.61973,0.61899,0.61943,1572,14
1717732800,0.61943,0.61955,0.61887,0.61916,1832,14
1717736400,0.61917,0.61957,0.61878,0.6194,826,14
1717740000,0.6194,0.62011,0.61927,0.61965,781,14
1717743600,0.61965,0.62026,0.6196,0.61976,964,14
1717747200,0.61978,0.61982,0.61922,0.61947,1202,14
1717750800,0.61951,0.61984,0.61915,0.61959,1842,14
1717754400,0.61959,0.62004,0.6192,0.61927,2312,14
1717758000,0.61926,0.61926,0.61874,0.61917,2371,14
1717761600,0.61916,0.61932,0.61876,0.61887,1772,14
1717765200,0.61887,0.61896,0.61849,0.61855,1296,14
1717768800,0.61855,0.61953,0.61848,0.61927,1645,14
1717772400,0.61926,0.61952,0.61356,0.6138,6207,14
1717776000,0.61379,0.6142,0.61183,0.61226,5722,14
1717779600,0.61228,0.61263,0.61139,0.61181,4643,14
1717783200,0.61181,0.61182,0.61047,0.611,2637,14
1717786800,0.61103,0.6115,0.61078,0.61113,2281,14
1717790400,0.61113,0.61132,0.61068,0.61115,1803,14
1717794000,0.61114,0.6113,0.61071,0.61097,1517,14
1717797600,0.61098,0.61103,0.61038,0.61041,1214,15
1717801200,0.61041,0.61068,0.61006,0.61012,533,15
1717977600,0.60979,0.61047,0.60979,0.61024,286,37
1717981200,0.61022,0.61043,0.60996,0.61033,856,14
1717984800,0.61033,0.61074,0.61027,0.61044,794,14
1717988400,0.61044,0.61069,0.60989,0.61013,1475,14
1717992000,0.61013,0.61056,0.60987,0.61047,1311,14
1717995600,0.61047,0.61071,0.61028,0.6106,768,14
1717999200,0.6106,0.61065,0.61016,0.61022,849,14
1718002800,0.61023,0.61071,0.61021,0.61069,1004,14
1718006400,0.6107,0.61079,0.61023,0.61072,1010,14
1718010000,0.61075,0.61095,0.61028,0.61068,2006,14
1718013600,0.6107,0.61111,0.61046,0.611,2571,14
1718017200,0.611,0.61141,0.61053,0.6106,1732,14
1718020800,0.6106,0.61117,0.61033,0.61058,1817,14
1718024400,0.61059,0.6108,0.61036,0.61041,1679,14
1718028000,0.61042,0.61109,0.61029,0.61093,1580,14
1718031600,0.61093,0.61163,0.61056,0.61061,2201,14
1718035200,0.61061,0.61089,0.61013,0.61083,2754,14
1718038800,0.61084,0.61162,0.61057,0.61118,2499,14
1718042400,0.61118,0.61234,0.61113,0.61232,1801,14
1718046000,0.61232,0.61245,0.61182,0.61198,1374,14
1718049600,0.61198,0.61238,0.61162,0.61223,1703,14
1718053200,0.61225,0.61237,0.61187,0.61211,1305,14
1718056800,0.61212,0.61262,0.6121,0.61248,626,14
1718060400,0.61246,0.61276,0.61238,0.61272,263,15
1718064000,0.61272,0.61274,0.61204,0.61264,144,23
1718067600,0.61264,0.61318,0.61264,0.61313,316,14
1718071200,0.61312,0.61312,0.61251,0.61277,691,14
1718074800,0.61277,0.61297,0.61249,0.61276,1666,14
1718078400,0.61276,0.61277,0.61171,0.61205,1971,14
1718082000,0.61205,0.61228,0.61175,0.61195,1396,14
1718085600,0.61195,0.6122,0.61171,0.61194,1150,14
1718089200,0.61195,0.61229,0.61184,0.61201,601,15
1718092800,0.61199,0.61241,0.61197,0.61226,813,14
1718096400,0.61226,0.61302,0.61207,0.61286,1553,14
1718100000,0.61286,0.61286,0.61215,0.61249,1631,14
1718103600,0.61249,0.61272,0.61203,0.61247,1550,14
1718107200,0.61246,0.61276,0.61227,0.61252,1844,14
1718110800,0.61252,0.61294,0.6124,0.61279,1818,14
1718114400,0.61279,0.61282,0.61169,0.61223,1975,14
1718118000,0.61223,0.61299,0.61198,0.61293,2557,14
1718121600,0.61293,0.61328,0.6118,0.61214,3083,14
1718125200,0.61214,0.6129,0.61179,0.61252,3047,14
1718128800,0.61252,0.61327,0.61224,0.61303,2044,14
1718132400,0.61304,0.61364,0.61293,0.61349,1442,14
1718136000,0.61349,0.61409,0.61336,0.61399,1738,14
1718139600,0.61399,0.61452,0.61386,0.6145,1129,14
1718143200,0.6145,0.61491,0.61443,0.61444,1051,14
1718146800,0.61445,0.61457,0.61427,0.6143,309,14
1718150400,0.6143,0.6143,0.61266,0.61406,523,22
1718154000,0.61405,0.61437,0.61405,0.61426,249,16
1718157600,0.61428,0.61467,0.61427,0.61445,330,15
1718161200,0.61445,0.61447,0.61339,0.61366,1177,14
1718164800,0.61366,0.61462,0.61351,0.61437,1833,14
1718168400,0.61437,0.61467,0.6141,0.61459,1270,14
1718172000,0.61459,0.61477,0.61433,0.61439,734,14
1718175600,0.61439,0.61446,0.61414,0.61416,476,14
1718179200,0.61416,0.61482,0.61406,0.61476,921,14
1718182800,0.61482,0.61485,0.6138,0.61383,1733,14
1718186400,0.61383,0.6146,0.61366,0.6145,1723,14
1718190000,0.61451,0.61465,0.61402,0.61421,1437,14
1718193600,0.61421,0.61463,0.6141,0.6144,1175,14
1718197200,0.61441,0.61454,0.61423,0.61442,910,14
1718200800,0.61442,0.61467,0.61408,0.61425,1423,14
1718204400,0.61425,0.62123,0.61396,0.62086,5639,14
1718208000,0.62086,0.62182,0.62039,0.6213,5626,14
1718211600,0.6213,0.62206,0.62017,0.62151,4518,14
1718215200,0.62151,0.62212,0.6213,0.62162,3401,14
1718218800,0.62162,0.62197,0.62128,0.62154,2126,14
1718222400,0.62153,0.6216,0.62078,0.62117,1746,14
1718226000,0.62106,0.62122,0.61817,0.61948,9446,14
1718229600,0.61949,0.61977,0.61739,0.61795,4352,14
1718233200,0.61797,0.61852,0.6178,0.61847,714,14
1718236800,0.61848,0.61876,0.61769,0.61848,195,21
1718240400,0.61848,0.61872,0.61811,0.61819,482,14
1718244000,0.61818,0.61859,0.61815,0.61854,644,14
1718247600,0.61853,0.61867,0.61782,0.61806,1303,14
1718251200,0.61806,0.61837,0.61688,0.61719,2045,14
1718254800,0.61719,0.61731,0.61686,0.61717,1418,14
1718258400,0.61718,0.61756,0.61711,0.61751,982,14
1718262000,0.61751,0.61772,0.61672,0.61676,637,14
1718265600,0.61675,0.61686,0.61644,0.61664,971,14
1718269200,0.61664,0.61699,0.61646,0.61656,1252,14
1718272800,0.61656,0.61776,0.61652,0.61734,1897,14
1718276400,0.61734,0.61784,0.61723,0.61782,1683,14
1718280000,0.61782,0.61813,0.61746,0.61771,1432,14
1718283600,0.61771,0.61793,0.61724,0.61729,1410,14
1718287200,0.6173,0.61739,0.61677,0.61679,1672,14
1718290800,0.61679,0.61981,0.61661,0.61796,5201,14
1718294400,0.61796,0.61837,0.61704,0.61719,4451,14
1718298000,0.61721,0.61741,0.61611,0.61689,3737,14
1718301600,0.6169,0.61748,0.61647,0.61707,3261,14
1718305200,0.61707,0.6171,0.61592,0.61623,2964,14
1718308800,0.61622,0.61691,0.61622,0.61679,2418,14
1718312400,0.61679,0.61737,0.61669,0.61712,1146,14
1718316000,0.6171,0.61721,0.61684,0.61693,1035,14
1718319600,0.61691,0.61698,0.61659,0.61667,542,14
1718323200,0.61668,0.61699,0.61656,0.61671,246,16
1718326800,0.61671,0.61671,0.6161,0.6161,556,14
1718330400,0.61611,0.61629,0.61578,0.61581,560,15
1718334000,0.61581,0.61596,0.61473,0.61475,1552,14
1718337600,0.61474,0.61565,0.61468,0.61557,1711,14
1718341200,0.61559,0.61589,0.61524,0.61569,1431,15
1718344800,0.6157,0.61616,0.61484,0.61512,2242,14
1718348400,0.61512,0.61547,0.61488,0.61499,1257,14
1718352000,0.61501,0.61531,0.61462,0.61463,1378,14
1718355600,0.61463,0.61477,0.61348,0.61379,3037,14
1718359200,0.61376,0.61413,0.61326,0.61407,3087,14
1718362800,0.61407,0.61428,0.61317,0.61335,3091,14
1718366400,0.61335,0.61345,0.61227,0.61296,3033,14
1718370000,0.61296,0.61366,0.61202,0.6133,2782,14
1718373600,0.61329,0.61393,0.61295,0.61348,2732,14
1718377200,0.61347,0.61379,0.61223,0.6129,4631,14
1718380800,0.6129,0.61311,0.61153,0.61185,4047,14
1718384400,0.61185,0.61316,0.61171,0.61309,4953,14
1718388000,0.61308,0.61407,0.61287,0.61391,2946,14
1718391600,0.61392,0.6142,0.61349,0.61404,2110,14
1718395200,0.61404,0.6142,0.61362,0.61372,1516,14
1718398800,0.61373,0.61377,0.61316,0.61369,1112,14
1718402400,0.61369,0.61406,0.61358,0.61406,610,14
1718406000,0.61405,0.61413,0.61385,0.61401,324,14
1718582400,0.61283,0.61379,0.61283,0.61364,395,41
1718586000,0.61364,0.61401,0.61342,0.61389,628,14
1718589600,0.61391,0.61393,0.61343,0.61355,743,16
1718593200,0.61355,0.6137,0.61299,0.613,1639,14
1718596800,0.613,0.61302,0.6124,0.61284,2057,15
1718600400,0.61285,0.61312,0.61257,0.6127,1498,14
1718604000,0.6127,0.61281,0.61247,0.61265,1003,15
1718607600,0.61265,0.61269,0.61231,0.61243,672,15
1718611200,0.61243,0.61246,0.61186,0.61197,1165,15
1718614800,0.61197,0.61197,0.61079,0.61118,2550,14
1718618400,0.61119,0.61213,0.61119,0.61154,2601,14
1718622000,0.61154,0.61217,0.61143,0.61204,2285,14
1718625600,0.61204,0.61238,0.61189,0.61222,1685,14
1718629200,0.61222,0.61232,0.6117,0.61228,1500,14
1718632800,0.6123,0.61238,0.611,0.61102,1658,14
1718636400,0.61102,0.6113,0.61037,0.61089,2396,14
1718640000,0.61088,0.61155,0.61088,0.6115,2609,15
1718643600,0.6115,0.6116,0.61082,0.61127,2455,15
1718647200,0.61127,0.61197,0.61115,0.61153,1616,16
1718650800,0.61152,0.61229,0.6114,0.61214,1655,17
1718654400,0.61213,0.61285,0.61213,0.61281,1345,18
1718658000,0.61281,0.61332,0.61281,0.61309,1367,17
1718661600,0.61309,0.61316,0.61265,0.61299,1056,17
1718665200,0.61298,0.61313,0.61285,0.61308,454,19
1718668800,0.6126,0.61291,0.61228,0.61274,349,15
1718672400,0.61273,0.6134,0.61273,0.61335,522,14
1718676000,0.61335,0.61352,0.61301,0.61337,864,18
1718679600,0.61337,0.61389,0.61312,0.61346,1470,18
1718683200,0.61347,0.6136,0.61237,0.61247,1650,17
1718686800,0.61247,0.61277,0.61234,0.6124,1448,18
1718690400,0.6124,0.61245,0.61175,0.61181,955,18
1718694000,0.61181,0.61198,0.61128,0.61154,1524,17
1718697600,0.61154,0.6121,0.61129,0.61194,1989,17
1718701200,0.61203,0.61232,0.61145,0.61208,2103,15
1718704800,0.61208,0.61231,0.60995,0.61002,2301,15
1718708400,0.61002,0.61052,0.60962,0.61045,1933,15
1718712000,0.61045,0.61096,0.61021,0.6104,2090,16
1718715600,0.6104,0.61074,0.61024,0.61033,1664,16
1718719200,0.61035,0.61042,0.60975,0.60988,1424,16
1718722800,0.60988,0.61178,0.60974,0.61135,3931,14
1718726400,0.61135,0.61291,0.61125,0.61279,3487,15
1718730000,0.61281,0.61391,0.61256,0.61275,3696,15
1718733600,0.61275,0.6138,0.61255,0.61361,2368,16
1718737200,0.6136,0.61463,0.61353,0.61432,1723,18
1718740800,0.61432,0.61472,0.61388,0.61399,2154,15
1718744400,0.61399,0.61451,0.6138,0.61444,1532,18
1718748000,0.61444,0.61451,0.61423,0.61447,1243,18
1718751600,0.61446,0.6146,0.61428,0.61432,466,18
1718755200,0.61432,0.61436,0.61383,0.61413,566,25
1718758800,0.61413,0.61449,0.61413,0.61431,420,15
1718762400,0.6143,0.61436,0.6139,0.61391,539,18
1718766000,0.61391,0.61409,0.61361,0.6138,958,18
1718769600,0.6138,0.614,0.61347,0.61392,1165,19
1718773200,0.61392,0.61394,0.61345,0.61351,993,18
1718776800,0.61351,0.6137,0.61325,0.61326,656,18
1718780400,0.61326,0.61329,0.61299,0.61309,620,18
1718784000,0.61309,0.61363,0.61288,0.61344,1020,18
1718787600,0.61344,0.61387,0.61304,0.61309,1754,16
1718791200,0.61309,0.61382,0.61309,0.61367,2070,16
1718794800,0.61367,0.61401,0.61345,0.61375,1347,17
1718798400,0.61375,0.61409,0.61339,0.61349,1175,16
1718802000,0.61349,0.61376,0.61332,0.61361,1216,17
1718805600,0.61361,0.61366,0.61327,0.61341,1154,17
1718809200,0.61341,0.61348,0.61292,0.61337,1470,16
1718812800,0.61337,0.61349,0.61308,0.61323,1437,16
1718816400,0.61323,0.6136,0.61313,0.61351,1247,17
1718820000,0.6135,0.61368,0.61313,0.61332,844,17
1718823600,0.61332,0.61339,0.613,0.61301,407,18
1718827200,0.613,0.613,0.61285,0.6129,298,18
1718830800,0.6129,0.61293,0.61273,0.61282,235,19
1718834400,0.61282,0.613,0.6128,0.61296,486,18
1718838000,0.61296,0.61319,0.61276,0.61301,320,18
1718841600,0.61343,0.61343,0.61225,0.61308,245,21
1718845200,0.61309,0.61468,0.61273,0.61418,793,17
1718848800,0.61418,0.61424,0.61367,0.61367,849,18
1718852400,0.61367,0.61375,0.61297,0.61308,1524,17
1718856000,0.61308,0.61365,0.61273,0.61341,1804,17
1718859600,0.61341,0.61346,0.61241,0.61288,1209,18
1718863200,0.61288,0.61344,0.61286,0.61331,923,17
1718866800,0.61331,0.61356,0.61314,0.61325,782,17
1718870400,0.61325,0.61334,0.6128,0.6131,961,18
1718874000,0.6131,0.61337,0.6129,0.61315,1560,16
1718877600,0.61315,0.61364,0.61294,0.61296,1935,16
1718881200,0.61295,0.613,0.61245,0.61256,1958,16
1718884800,0.61257,0.61295,0.61226,0.6127,1519,16
1718888400,0.6127,0.61303,0.61259,0.61261,1129,17
1718892000,0.61261,0.61311,0.61228,0.61236,2075,16
1718895600,0.61236,0.61353,0.61223,0.61245,3458,15
1718899200,0.61245,0.61277,0.61202,0.61247,3367,16
1718902800,0.61246,0.61314,0.612,0.61264,2873,17
1718906400,0.61264,0.61279,0.61181,0.61185,2327,17
1718910000,0.61184,0.61196,0.61107,0.61153,2107,17
1718913600,0.61154,0.6118,0.61137,0.61177,2019,18
1718917200,0.61177,0.61277,0.61177,0.61237,1645,18
1718920800,0.61237,0.61241,0.61193,0.61226,1407,17
1718924400,0.61226,0.61226,0.61178,0.61183,613,18
1718928000,0.61155,0.61196,0.61131,0.61192,411,28
1718931600,0.61218,0.61218,0.61162,0.61175,365,16
1718935200,0.61173,0.61235,0.61171,0.61211,573,14
1718938800,0.61212,0.61246,0.61146,0.61153,1259,18
1718942400,0.61153,0.61228,0.61152,0.61214,1586,18
1718946000,0.61216,0.61248,0.61195,0.61222,1200,18
1718949600,0.61222,0.61244,0.61203,0.61238,916,18
1718953200,0.61238,0.61252,0.61225,0.61249,613,18
1718956800,0.61249,0.61264,0.61223,0.61236,925,17
1718960400,0.61235,0.61257,0.61226,0.61257,1566,17
1718964000,0.61257,0.61258,0.61173,0.61197,2542,15
1718967600,0.61198,0.61294,0.61189,0.61269,2341,16
1718971200,0.61268,0.61288,0.61216,0.61247,1872,16
1718974800,0.61247,0.61269,0.61206,0.6124,1731,15
1718978400,0.6124,0.61308,0.6124,0.61307,1557,16
1718982000,0.61307,0.61335,0.6126,0.61288,2053,16
1718985600,0.61288,0.61295,0.61072,0.61177,3525,16
1718989200,0.61178,0.61208,0.61118,0.61137,3720,15
1718992800,0.61137,0.61169,0.61082,0.61167,2267,16
1718996400,0.61167,0.61196,0.61138,0.61176,1305,16
1719000000,0.61176,0.61185,0.61152,0.61175,1238,17
1719003600,0.61175,0.61224,0.61165,0.61219,1201,17
1719007200,0.61217,0.61221,0.61185,0.61192,917,18
1719010800,0.61192,0.61201,0.61162,0.61171,689,17
1719187200,0.61083,0.6114,0.61083,0.61118,292,32
1719190800,0.61103,0.61171,0.61103,0.61167,630,14
1719194400,0.61167,0.61177,0.61094,0.61099,654,14
1719198000,0.61099,0.61141,0.61085,0.61113,1205,18
1719201600,0.61113,0.61126,0.61037,0.61086,1965,17
1719205200,0.61086,0.61122,0.61062,0.61087,1049,17
1719208800,0.61087,0.61119,0.61084,0.61099,907,17
1719212400,0.61097,0.61119,0.6109,0.61112,669,18
1719216000,0.61112,0.61153,0.61112,0.61138,899,18
1719219600,0.61138,0.61159,0.61119,0.61148,1208,14
1719223200,0.61147,0.61214,0.61126,0.61211,1409,14
1719226800,0.6121,0.61281,0.61207,0.61271,1461,14
1719230400,0.61271,0.61289,0.61241,0.61252,1860,14
1719234000,0.61252,0.61277,0.61208,0.61235,2165,14
1719237600,0.61234,0.61245,0.6119,0.61196,1482,15
1719241200,0.61196,0.61209,0.61131,0.61207,1795,16
1719244800,0.61207,0.61346,0.61207,0.61337,2485,15
1719248400,0.61337,0.61395,0.61276,0.61281,2453,16
1719252000,0.61281,0.613,0.61221,0.61235,1630,16
1719255600,0.61235,0.61256,0.61222,0.6123,1053,16
1719259200,0.6123,0.61232,0.61178,0.61207,1173,16
1719262800,0.61207,0.61299,0.61201,0.61286,935,16
1719266400,0.61287,0.61289,0.61243,0.61247,937,18
1719270000,0.61247,0.61264,0.61232,0.61237,455,17
1719273600,0.61237,0.61246,0.61129,0.61208,533,19
1719277200,0.61193,0.61243,0.6118,0.61181,580,15
1719280800,0.61181,0.61192,0.61159,0.61184,552,15
1719284400,0.61184,0.61221,0.61183,0.61198,1246,18
1719288000,0.61198,0.61237,0.61191,0.61207,1673,17
1719291600,0.61207,0.61227,0.6119,0.61201,1083,18
1719295200,0.61201,0.6125,0.6119,0.61217,868,18
1719298800,0.61217,0.61227,0.61174,0.61218,714,18
1719302400,0.61218,0.61261,0.6121,0.61225,1038,17
1719306000,0.61228,0.61297,0.61219,0.61276,1217,16
1719309600,0.61276,0.61277,0.61219,0.61249,1907,16
1719313200,0.61249,0.61285,0.6124,0.61263,1524,16
1719316800,0.61259,0.61267,0.61208,0.61224,1216,15
1719320400,0.61224,0.61283,0.61212,0.61271,1234,16
1719324000,0.61271,0.61271,0.61157,0.61195,1278,16
1719327600,0.61192,0.61238,0.6115,0.61174,2058,16
1719331200,0.61174,0.61203,0.61087,0.61113,2507,16
1719334800,0.6112,0.61146,0.61086,0.61094,2860,15
1719338400,0.61094,0.61142,0.61073,0.61122,2070,16
1719342000,0.61122,0.61127,0.61068,0.61091,1308,18
1719345600,0.6109,0.61168,0.6108,0.61152,1320,18
1719349200,0.61152,0.61195,0.61151,0.61184,809,17
1719352800,0.61182,0.61221,0.6117,0.61198,778,18
1719356400,0.61196,0.61204,0.61176,0.61203,413,16
1719360000,0.61203,0.61203,0.61077,0.6118,296,21
1719363600,0.61174,0.61206,0.61173,0.61177,585,14
1719367200,0.61177,0.61186,0.61166,0.61166,472,18
1719370800,0.61166,0.61174,0.61119,0.61164,1350,17
1719374400,0.61165,0.61268,0.61113,0.61158,2536,18
1719378000,0.61158,0.61194,0.611,0.6111,1614,18
1719381600,0.6111,0.61173,0.61105,0.61128,985,18
1719385200,0.61127,0.61172,0.61114,0.61117,942,18
1719388800,0.61118,0.61186,0.61116,0.61178,1176,18
1719392400,0.6118,0.61197,0.61116,0.61121,1504,17
1719396000,0.61122,0.6114,0.61078,0.61121,1645,16
1719399600,0.61121,0.61128,0.61025,0.61033,1403,15
1719403200,0.61033,0.61089,0.61031,0.61035,1339,16
1719406800,0.61035,0.61038,0.60915,0.60935,1633,16
1719410400,0.60935,0.60954,0.60906,0.60946,1630,16
1719414000,0.60948,0.60974,0.60864,0.60873,2180,17
1719417600,0.60872,0.60919,0.60756,0.6081,3228,16
1719421200,0.60809,0.60897,0.60794,0.60852,3199,16
1719424800,0.60853,0.60857,0.60759,0.60766,2057,17
1719428400,0.60766,0.60808,0.60752,0.60784,1662,17
1719432000,0.60784,0.6084,0.6077,0.60834,1741,16
1719435600,0.60834,0.60835,0.60761,0.60765,1360,17
1719439200,0.60767,0.60834,0.60732,0.6083,712,18
1719442800,0.6083,0.60838,0.608,0.60814,535,15
1719446400,0.60721,0.60842,0.60707,0.60835,450,19
1719450000,0.60838,0.60864,0.60819,0.60822,640,14
1719453600,0.60823,0.60823,0.60774,0.60791,823,14
1719457200,0.60791,0.60795,0.60677,0.60694,1542,17
1719460800,0.60695,0.60781,0.60691,0.60774,1644,17
1719464400,0.60774,0.60806,0.60766,0.60783,1114,18
1719468000,0.60783,0.6085,0.6078,0.60837,854,18
1719471600,0.60838,0.60869,0.60816,0.60863,854,18
1719475200,0.60864,0.60905,0.60842,0.60883,1099,18
1719478800,0.60883,0.60961,0.60871,0.60938,1556,16
1719482400,0.6094,0.60957,0.60902,0.60911,2117,16
1719486000,0.6091,0.60961,0.60878,0.60949,1604,17
1719489600,0.6095,0.61027,0.6094,0.61015,1470,16
1719493200,0.61016,0.61038,0.6099,0.61015,1415,16
1719496800,0.61015,0.6102,0.60923,0.60936,1274,15
1719500400,0.60936,0.61077,0.60935,0.61056,3447,16
1719504000,0.61056,0.61059,0.60972,0.61003,2670,16
1719507600,0.61002,0.61051,0.60925,0.60929,2885,15
1719511200,0.60929,0.60941,0.60843,0.60867,2124,15
1719514800,0.60866,0.60894,0.60858,0.60882,1589,17
1719518400,0.60882,0.60892,0.60861,0.60864,1151,16
1719522000,0.60864,0.60864,0.60816,0.60839,1217,17
1719525600,0.60839,0.60854,0.60822,0.60825,794,17
1719529200,0.60826,0.60845,0.60811,0.60813,368,18
1719532800,0.60806,0.60843,0.60787,0.60813,221,28
1719536400,0.60835,0.60837,0.60792,0.60792,460,15
1719540000,0.60792,0.60837,0.60783,0.60828,766,19
1719543600,0.60831,0.60853,0.60725,0.60726,1688,18
1719547200,0.60727,0.60743,0.60599,0.60623,2622,18
1719550800,0.60623,0.60729,0.60599,0.60702,1787,16
1719554400,0.60702,0.60702,0.60634,0.60649,1110,18
1719558000,0.60648,0.60649,0.60566,0.60585,972,18
1719561600,0.60585,0.60622,0.60581,0.60606,1072,18
1719565200,0.60609,0.60678,0.60599,0.60646,1540,16
1719568800,0.60648,0.60683,0.60588,0.60671,1886,16
1719572400,0.60671,0.60716,0.6066,0.60695,1591,17
1719576000,0.60694,0.60803,0.60669,0.60792,1575,16
1719579600,0.60793,0.60833,0.60769,0.60831,1285,17
1719583200,0.60832,0.60839,0.60762,0.60778,1248,16
1719586800,0.60778,0.6095,0.60735,0.60911,3882,15
1719590400,0.60911,0.61002,0.60899,0.60901,3677,16
1719594000,0.60918,0.6097,0.60849,0.60935,4635,15
1719597600,0.60933,0.60962,0.60873,0.6092,3187,15
1719601200,0.6092,0.60955,0.60892,0.60945,2217,17
1719604800,0.60945,0.61041,0.60941,0.60962,1402,18
1719608400,0.60962,0.60993,0.60914,0.60936,1300,17
1719612000,0.60936,0.60936,0.60861,0.60902,1255,19
1719615600,0.60902,0.60912,0.60881,0.609,799,19
1719792000,0.60897,0.60943,0.60888,0.60897,278,35
1719795600,0.60896,0.60992,0.60893,0.60989,731,14
1719799200,0.60989,0.61027,0.60968,0.60975,884,17
1719802800,0.60975,0.61011,0.60932,0.60975,1929,18
1719806400,0.60975,0.61026,0.60947,0.60995,2009,18
1719810000,0.60995,0.61005,0.6097,0.60996,934,18
1719813600,0.60996,0.61005,0.60966,0.60984,946,17
1719817200,0.60984,0.60992,0.60951,0.60966,853,18
1719820800,0.60966,0.61005,0.60958,0.60967,1283,18
1719824400,0.60967,0.61053,0.60966,0.61013,1986,17
1719828000,0.61012,0.6104,0.60974,0.60984,2174,16
1719831600,0.60984,0.61066,0.60967,0.61034,1896,16
1719835200,0.61034,0.61034,0.60963,0.60977,1394,17
1719838800,0.60977,0.60977,0.60938,0.60942,1276,17
1719842400,0.60942,0.60967,0.60916,0.60951,1198,16
1719846000,0.6095,0.60951,0.6079,0.60856,2250,16
1719849600,0.60856,0.60948,0.6083,0.6091,2680,14
1719853200,0.6101,0.61028,0.60691,0.60693,4698,14
1719856800,0.60693,0.60703,0.60642,0.6069,2558,16
1719860400,0.6069,0.60749,0.60668,0.60715,1600,17
1719864000,0.60715,0.60749,0.60704,0.60718,994,18
1719867600,0.60719,0.6072,0.60658,0.60693,923,17
1719871200,0.60693,0.60745,0.60691,0.60741,880,18
1719874800,0.60741,0.60765,0.6074,0.60745,562,18
1719878400,0.60745,0.60758,0.60651,0.60748,380,26
1719882000,0.60751,0.60765,0.60662,0.60667,549,14
1719885600,0.60666,0.60672,0.60627,0.60633,839,18
1719889200,0.60633,0.60673,0.60551,0.60555,1490,18
1719892800,0.60555,0.60604,0.60491,0.60576,1712,18
1719896400,0.60576,0.60579,0.60489,0.60502,1488,17
1719900000,0.60503,0.60535,0.60467,0.60532,948,16
1719903600,0.60532,0.60556,0.6051,0.60532,885,17
1719907200,0.60532,0.60564,0.60508,0.60536,1266,17
1719910800,0.60536,0.60549,0.60494,0.60511,1718,17
1719914400,0.6051,0.60528,0.60467,0.60512,2082,16
1719918000,0.60513,0.60563,0.60501,0.60563,1623,16
1719921600,0.60563,0.60563,0.60522,0.6053,1397,16
1719925200,0.60531,0.60556,0.60519,0.60538,1192,16
1719928800,0.60538,0.6058,0.60502,0.60579,1310,17
1719932400,0.6058,0.60655,0.6058,0.60628,2084,17
1719936000,0.60627,0.60782,0.60624,0.60744,3233,16
1719939600,0.60744,0.60769,0.60617,0.60697,5158,15
1719943200,0.60697,0.60711,0.60659,0.60694,2430,15
1719946800,0.60694,0.60706,0.60672,0.60697,1297,17
1719950400,0.60697,0.60752,0.60691,0.60738,1111,18
1719954000,0.60739,0.60784,0.60731,0.60783,878,18
1719957600,0.60783,0.60816,0.60767,0.60811,685,17
1719961200,0.60809,0.6081,0.60769,0.60771,388,18
1719964800,0.60746,0.6077,0.60745,0.60758,137,17
1719968400,0.6076,0.60828,0.6076,0.60825,426,14
1719972000,0.60825,0.60829,0.60801,0.60805,560,18
1719975600,0.60805,0.60849,0.60789,0.60809,1270,17
1719979200,0.60809,0.60809,0.60753,0.60795,1694,18
1719982800,0.60795,0.60821,0.6075,0.60759,1151,18
1719986400,0.60756,0.60819,0.60756,0.60799,833,18
1719990000,0.60798,0.60815,0.60759,0.6076,620,18
1719993600,0.6076,0.60766,0.60707,0.60726,1153,18
1719997200,0.60725,0.60795,0.607,0.60786,1615,16
1720000800,0.60786,0.60839,0.6078,0.60804,1551,16
1720004400,0.60804,0.60809,0.60752,0.60757,1238,17
1720008000,0.60756,0.60759,0.60701,0.60712,1214,16
1720011600,0.60712,0.60755,0.60689,0.60705,1237,16
1720015200,0.60705,0.60719,0.60688,0.60712,1247,17
1720018800,0.60712,0.60822,0.60686,0.60791,2751,16
1720022400,0.60791,0.60957,0.60786,0.60923,2214,15
1720026000,0.61061,0.61279,0.60972,0.61152,5195,15
1720029600,0.61152,0.61166,0.61061,0.6111,2933,15
1720033200,0.61108,0.61154,0.61081,0.61108,1561,17
1720036800,0.61109,0.61109,0.61003,0.61003,886,18
1720040400,0.61,0.61041,0.60977,0.60983,915,16
1720044000,0.60983,0.61021,0.60978,0.61005,520,18
1720047600,0.61005,0.61026,0.60978,0.60982,370,20
1720051200,0.60958,0.61025,0.6095,0.61,251,24
1720054800,0.61023,0.6105,0.61002,0.61046,291,15
1720058400,0.61046,0.61067,0.61021,0.61065,530,15
1720062000,0.61065,0.61139,0.6105,0.61132,1293,17
1720065600,0.61132,0.61172,0.61076,0.61128,1713,18
1720069200,0.61127,0.61131,0.61068,0.6108,800,18
1720072800,0.6108,0.6109,0.61064,0.61079,719,18
1720076400,0.61079,0.61094,0.6106,0.61074,473,16
1720080000,0.61074,0.61125,0.6106,0.61117,718,17
1720083600,0.61117,0.61149,0.61099,0.61149,1256,15
1720087200,0.61149,0.61162,0.61091,0.61125,1531,16
1720090800,0.61125,0.61177,0.61113,0.61161,1287,16
1720094400,0.61161,0.61175,0.61126,0.61153,1025,16
1720098000,0.61153,0.61195,0.61149,0.61192,792,16
1720101600,0.61192,0.61219,0.61181,0.61186,753,16
1720105200,0.61186,0.61217,0.61151,0.61169,1002,15
1720108800,0.6117,0.61185,0.61146,0.61176,1189,16
1720112400,0.61177,0.61191,0.6114,0.61151,1238,17
1720116000,0.61151,0.6119,0.61144,0.6117,709,17
1720119600,0.6117,0.61188,0.61159,0.61188,407,18
1720123200,0.61187,0.61191,0.61165,0.61167,194,18
1720126800,0.61167,0.61168,0.61162,0.61162,91,19
1720130400,0.61161,0.61167,0.61159,0.61163,193,17
1720134000,0.61163,0.61168,0.61064,0.61118,390,14
1720137600,0.61116,0.61159,0.61088,0.61157,120,15
1720141200,0.61157,0.61162,0.61134,0.6115,300,14
1720144800,0.6115,0.61157,0.61116,0.61119,419,18
1720148400,0.61119,0.61198,0.61118,0.61163,1464,17
1720152000,0.61162,0.61212,0.61147,0.61208,1441,17
1720155600,0.61208,0.61208,0.61174,0.6118,947,18
1720159200,0.6118,0.61226,0.61177,0.61219,1069,18
1720162800,0.6122,0.61234,0.61186,0.61186,807,18
1720166400,0.61186,0.61194,0.61146,0.61189,887,17
1720170000,0.61187,0.61211,0.61137,0.61143,1464,15
1720173600,0.61143,0.61186,0.61128,0.61175,1641,16
1720177200,0.61175,0.61208,0.61164,0.61198,1289,16
1720180800,0.61197,0.61231,0.6118,0.61226,1054,16
1720184400,0.61224,0.61241,0.61209,0.61237,1044,17
1720188000,0.61237,0.61249,0.61197,0.61208,991,17
1720191600,0.61208,0.61409,0.6103,0.61282,5367,14
1720195200,0.61281,0.61381,0.6116,0.61215,5549,15
1720198800,0.61213,0.61333,0.61141,0.61311,4761,16
1720202400,0.61309,0.61393,0.61271,0.61366,2572,16
1720206000,0.61366,0.61385,0.61317,0.61336,1764,18
1720209600,0.61336,0.61393,0.61323,0.61383,1403,18
1720213200,0.61385,0.61448,0.61381,0.61448,1325,17
1720216800,0.61449,0.61478,0.61435,0.61472,1031,18
1720220400,0.61472,0.61473,0.61425,0.61442,435,19
1720396800,0.61344,0.61397,0.61341,0.61359,375,49
1720400400,0.61359,0.61467,0.61359,0.61396,910,17
1720404000,0.61395,0.61431,0.61385,0.61396,1003,18
1720407600,0.61396,0.61412,0.61347,0.61354,1669,16
1720411200,0.61355,0.61446,0.61337,0.61444,1825,17
1720414800,0.61444,0.61447,0.61418,0.61433,1340,18
1720418400,0.61433,0.61526,0.61415,0.61488,1206,18
1720422000,0.61488,0.6149,0.61449,0.61464,755,18
1720425600,0.61464,0.61468,0.61389,0.61406,1081,18
1720429200,0.61406,0.61432,0.61366,0.6137,1908,15
1720432800,0.61372,0.61425,0.6136,0.61401,1729,16
1720436400,0.61401,0.61418,0.6133,0.61333,1699,16
1720440000,0.61333,0.61367,0.61316,0.6135,1226,16
1720443600,0.6135,0.61362,0.61292,0.61308,1045,15
1720447200,0.61308,0.6136,0.61302,0.61346,1024,16
1720450800,0.61346,0.61406,0.61343,0.61397,1898,16
1720454400,0.61397,0.61416,0.61354,0.61389,2337,15
1720458000,0.61389,0.61411,0.61358,0.61369,2135,16
1720461600,0.61369,0.61371,0.61311,0.61317,1531,15
1720465200,0.61315,0.61334,0.61295,0.61323,962,18
1720468800,0.61323,0.61336,0.61302,0.61322,834,18
1720472400,0.61322,0.61322,0.61248,0.61266,716,17
1720476000,0.61265,0.61271,0.61224,0.61251,590,17
1720479600,0.61251,0.61262,0.61239,0.61241,267,17
1720483200,0.61241,0.61267,0.61183,0.61253,255,29
1720486800,0.61253,0.61266,0.6124,0.61266,342,15
1720490400,0.61266,0.61309,0.61262,0.61296,447,18
1720494000,0.61296,0.6132,0.61225,0.61229,1190,18
1720497600,0.61229,0.6128,0.61207,0.61219,1399,17
1720501200,0.61219,0.61219,0.61153,0.61164,1347,18
1720504800,0.61164,0.61209,0.61164,0.61192,869,18
1720508400,0.61192,0.61259,0.61192,0.61248,625,18
1720512000,0.61248,0.61269,0.61222,0.61239,759,16
1720515600,0.61239,0.61257,0.61193,0.6123,1308,16
1720519200,0.6123,0.61261,0.61187,0.61192,1498,16
1720522800,0.61193,0.61218,0.61137,0.61145,1109,16
1720526400,0.61145,0.61174,0.61134,0.61156,983,16
1720530000,0.61156,0.61201,0.61131,0.61189,994,15
1720533600,0.61189,0.61189,0.61138,0.61148,1357,15
1720537200,0.61148,0.61183,0.61128,0.61182,1716,15
1720540800,0.61182,0.61283,0.61172,0.61278,2067,15
1720544400,0.61278,0.61313,0.61156,0.61219,4278,15
1720548000,0.61219,0.61223,0.61114,0.61197,2592,15
1720551600,0.61196,0.6121,0.61176,0.61206,1305,18
1720555200,0.61206,0.61255,0.61203,0.61223,1323,15
1720558800,0.61223,0.61246,0.61206,0.6124,903,17
1720562400,0.61241,0.61259,0.61225,0.61252,657,18
1720566000,0.61253,0.61262,0.61236,0.61243,327,18
1720569600,0.61243,0.61246,0.61156,0.61238,316,20
1720573200,0.61255,0.6126,0.61238,0.61258,245,14
1720576800,0.61257,0.61276,0.61253,0.61258,364,16
1720580400,0.61259,0.61309,0.61237,0.61246,1169,17
1720584000,0.61245,0.61293,0.61243,0.61254,1293,17
1720587600,0.61237,0.6127,0.6074,0.60791,3911,17
1720591200,0.60791,0.60935,0.60778,0.60929,1411,17
1720594800,0.60931,0.60954,0.60889,0.60908,852,18
1720598400,0.60908,0.60939,0.60881,0.60882,1035,18
1720602000,0.6088,0.60926,0.60843,0.60909,1243,15
1720605600,0.60909,0.60929,0.60715,0.60733,1713,15
1720609200,0.60733,0.60737,0.60643,0.60697,1721,15
1720612800,0.60698,0.60727,0.6069,0.60699,1202,15
1720616400,0.60699,0.60722,0.60663,0.60707,1092,15
1720620000,0.60707,0.60778,0.60691,0.60769,1076,15
1720623600,0.60769,0.60817,0.60761,0.60784,1506,15
1720627200,0.60784,0.6084,0.60782,0.60826,2315,15
1720630800,0.60826,0.60883,0.60794,0.60796,2442,15
1720634400,0.60796,0.60838,0.60793,0.60805,1659,15
1720638000,0.60805,0.6083,0.608,0.60818,1098,16
1720641600,0.60818,0.6084,0.60762,0.60782,1129,17
1720645200,0.60782,0.60783,0.6074,0.60769,606,16
1720648800,0.60767,0.60818,0.60758,0.6081,774,15
1720652400,0.6081,0.60812,0.60788,0.60808,420,19
1720656000,0.60808,0.60813,0.60736,0.60791,228,23
1720659600,0.60791,0.60845,0.60785,0.60822,454,14
1720663200,0.60822,0.60883,0.60821,0.60865,750,18
1720666800,0.60865,0.60907,0.60861,0.60881,1187,18
1720670400,0.60882,0.60914,0.60814,0.60906,1218,17
1720674000,0.60906,0.60958,0.60901,0.60931,1045,17
1720677600,0.60931,0.60976,0.60919,0.6097,815,18
1720681200,0.6097,0.60975,0.60949,0.6095,410,18
1720684800,0.6095,0.60963,0.60934,0.60938,645,18
1720688400,0.60938,0.60952,0.60903,0.60911,1246,15
1720692000,0.60911,0.60923,0.60881,0.6091,1408,15
1720695600,0.60909,0.60934,0.60863,0.60915,1213,15
1720699200,0.60915,0.6092,0.60877,0.60905,995,15
1720702800,0.60905,0.60905,0.60836,0.60846,912,15
1720706400,0.60846,0.60863,0.60815,0.60861,929,15
1720710000,0.60861,0.61339,0.60817,0.61238,6122,15
1720713600,0.6124,0.61307,0.61042,0.61206,8218,15
1720717200,0.61206,0.61258,0.61032,0.61162,5575,15
1720720800,0.61163,0.61176,0.61057,0.61104,3830,15
1720724400,0.61104,0.61111,0.61002,0.61027,2477,17
1720728000,0.61027,0.61031,0.60905,0.60931,2200,16
1720731600,0.60931,0.60991,0.60925,0.60966,1452,17
1720735200,0.60965,0.60972,0.60925,0.60933,1032,17
1720738800,0.60929,0.60952,0.60924,0.60942,701,18
1720742400,0.60903,0.60967,0.60903,0.60944,535,22
1720746000,0.60944,0.60949,0.60856,0.60859,888,14
1720749600,0.60859,0.60953,0.60812,0.6094,2377,16
1720753200,0.6094,0.60941,0.60795,0.60804,2834,15
1720756800,0.60805,0.60866,0.60754,0.60855,1954,17
1720760400,0.60855,0.6095,0.6084,0.60932,1830,17
1720764000,0.60932,0.60986,0.60929,0.60975,1140,18
1720767600,0.60975,0.61022,0.60971,0.61003,922,18
1720771200,0.61003,0.61036,0.60979,0.61004,1363,16
1720774800,0.61004,0.61026,0.60941,0.60945,1711,15
1720778400,0.60945,0.61025,0.60935,0.61021,1548,15
1720782000,0.61021,0.61092,0.6102,0.6109,1424,15
1720785600,0.6109,0.61108,0.61048,0.61073,1266,15
1720789200,0.61073,0.6109,0.61045,0.61088,1132,15
1720792800,0.61088,0.61105,0.61071,0.61085,1136,15
1720796400,0.61085,0.61148,0.60911,0.61111,4981,15
1720800000,0.61113,0.61232,0.61113,0.6116,4840,15
1720803600,0.61163,0.61238,0.61152,0.61208,4469,15
1720807200,0.61208,0.61253,0.61198,0.6121,2319,15
1720810800,0.61208,0.61238,0.61163,0.61178,1422,16
1720814400,0.61178,0.61205,0.61138,0.61197,854,17
1720818000,0.61196,0.61219,0.61178,0.61209,778,17
1720821600,0.61209,0.61222,0.61156,0.61165,1026,16
1720825200,0.61165,0.6118,0.6115,0.61179,443,19
1721001600,0.61051,0.61101,0.61024,0.61077,440,36
1721005200,0.61101,0.61101,0.60919,0.60945,1477,14
1721008800,0.60945,0.60964,0.60924,0.60946,1168,17
1721012400,0.60946,0.60986,0.609,0.60963,1642,17
1721016000,0.60963,0.60984,0.60911,0.6094,1604,18
1721019600,0.6094,0.60964,0.609,0.60928,1372,18
1721023200,0.60928,0.60999,0.60928,0.60975,868,18
1721026800,0.60975,0.60993,0.60964,0.60986,514,18
1721030400,0.60986,0.61012,0.6098,0.60983,660,18
1721034000,0.60983,0.60986,0.60844,0.60917,1813,15
1721037600,0.60917,0.60936,0.60878,0.60919,2158,15
1721041200,0.60921,0.6099,0.60917,0.60988,1475,15
1721044800,0.60987,0.60998,0.60918,0.60931,1296,15
1721048400,0.6093,0.60957,0.6091,0.60927,1349,15
1721052000,0.60929,0.60953,0.60875,0.6089,1514,15
1721055600,0.60891,0.6092,0.60803,0.60868,2174,15
1721059200,0.60868,0.60973,0.60865,0.60957,2393,15
1721062800,0.60959,0.60968,0.6087,0.60924,2379,15
1721066400,0.60924,0.60956,0.60903,0.60915,1847,15
1721070000,0.60915,0.60985,0.60851,0.60888,2941,17
1721073600,0.60889,0.6089,0.60722,0.60749,2847,18
1721077200,0.60747,0.60792,0.60734,0.60782,1248,17
1721080800,0.60782,0.60787,0.60719,0.60772,1150,17
1721084400,0.60772,0.60775,0.6073,0.6073,393,19
1721088000,0.60712,0.60752,0.60708,0.60741,552,27
1721091600,0.60742,0.60742,0.60701,0.60724,457,14
1721095200,0.60725,0.60759,0.60718,0.60749,540,15
1721098800,0.60749,0.60756,0.60621,0.60634,1499,18
1721102400,0.60634,0.6066,0.60598,0.60617,1792,18
1721106000,0.60617,0.60625,0.6051,0.60555,1243,17
1721109600,0.60555,0.60592,0.60551,0.60575,875,18
1721113200,0.60575,0.6059,0.60526,0.60529,657,16
1721116800,0.60529,0.6053,0.60471,0.60502,1016,18
1721120400,0.60502,0.60581,0.60477,0.60564,1653,15
1721124000,0.60564,0.60604,0.60555,0.6059,1591,15
1721127600,0.6059,0.60606,0.60552,0.60574,1810,15
1721131200,0.60574,0.60673,0.60559,0.60661,1732,15
1721134800,0.60661,0.60683,0.60644,0.60651,1157,15
1721138400,0.60651,0.60696,0.60646,0.60679,1271,15
1721142000,0.60679,0.60728,0.6042,0.60477,3970,15
1721145600,0.60476,0.60482,0.60384,0.60462,3393,15
1721149200,0.60462,0.60481,0.60355,0.60411,2738,15
1721152800,0.60411,0.60444,0.60398,0.60423,2081,15
1721156400,0.60423,0.60435,0.60366,0.6039,1522,17
1721160000,0.6039,0.60448,0.60387,0.60442,1087,18
1721163600,0.6044,0.60476,0.60434,0.60474,877,16
1721167200,0.60471,0.60512,0.60456,0.6051,830,17
1721170800,0.60507,0.60517,0.60483,0.6049,428,18
1721174400,0.6049,0.60503,0.60429,0.60498,1811,17
1721178000,0.60494,0.60682,0.6028,0.60654,1362,16
1721181600,0.60654,0.607,0.6054,0.60695,1437,15
1721185200,0.60695,0.60788,0.60676,0.60749,1843,17
1721188800,0.60749,0.6081,0.60717,0.60789,1868,17
1721192400,0.60793,0.60801,0.60749,0.60755,1132,18
1721196000,0.60757,0.60757,0.60654,0.60665,999,18
1721199600,0.60665,0.60711,0.60652,0.60661,651,18
1721203200,0.60661,0.60689,0.6064,0.60653,1075,17
1721206800,0.6065,0.60745,0.60644,0.60714,2492,15
1721210400,0.60715,0.60821,0.60692,0.60757,3071,15
1721214000,0.60757,0.60916,0.60745,0.60902,3186,15
1721217600,0.60902,0.60953,0.60853,0.60948,2559,15
1721221200,0.60948,0.60967,0.60875,0.60889,1564,15
1721224800,0.60889,0.60927,0.60856,0.60861,1623,15
1721228400,0.60861,0.60861,0.60757,0.60845,2413,15
1721232000,0.60845,0.60885,0.60789,0.60855,3610,15
1721235600,0.60854,0.60855,0.60704,0.60727,4060,15
1721239200,0.60727,0.60732,0.60676,0.60698,2616,15
1721242800,0.60698,0.60716,0.60654,0.6071,2143,17
1721246400,0.60709,0.60724,0.60689,0.60715,1817,17
1721250000,0.60716,0.6078,0.60711,0.60735,1423,17
1721253600,0.60736,0.60777,0.60726,0.60768,1065,17
1721257200,0.60768,0.60818,0.60758,0.60814,525,18
1721260800,0.60737,0.60817,0.60672,0.60793,614,21
1721264400,0.60793,0.60812,0.60777,0.60789,727,15
1721268000,0.60789,0.6082,0.60757,0.60789,1323,18
1721271600,0.60789,0.60797,0.60717,0.60724,1914,18
1721275200,0.60724,0.60778,0.60633,0.60705,2861,17
1721278800,0.60705,0.60802,0.60674,0.608,1770,18
1721282400,0.60801,0.60809,0.60693,0.60701,1442,18
1721286000,0.60702,0.60715,0.60679,0.60704,1153,18
1721289600,0.60705,0.60778,0.60686,0.60735,1517,18
1721293200,0.60735,0.60754,0.60683,0.60707,2079,15
1721296800,0.60707,0.6075,0.60657,0.6072,2656,15
1721300400,0.60719,0.60767,0.60691,0.60699,1875,15
1721304000,0.607,0.60707,0.60662,0.60686,1313,15
1721307600,0.60686,0.60744,0.60678,0.60733,1189,15
1721311200,0.60733,0.60736,0.60676,0.6068,1138,15
1721314800,0.60679,0.60749,0.60671,0.60725,3085,15
1721318400,0.60725,0.60755,0.6068,0.60703,3593,15
1721322000,0.60703,0.6074,0.60659,0.60708,3138,15
1721325600,0.60708,0.6071,0.60622,0.60628,2997,15
1721329200,0.60627,0.60661,0.60601,0.60627,2011,16
1721332800,0.60627,0.60633,0.60562,0.60568,1363,18
1721336400,0.60568,0.6057,0.60446,0.60469,1727,18
1721340000,0.60469,0.60496,0.60426,0.60455,1734,18
1721343600,0.60456,0.60478,0.60426,0.60436,458,18
1721347200,0.60421,0.60473,0.60421,0.60437,497,35
1721350800,0.60466,0.6048,0.6042,0.60433,665,14
1721354400,0.60433,0.60444,0.60415,0.60416,657,18
1721358000,0.60416,0.60416,0.60327,0.6033,1963,18
1721361600,0.6033,0.60346,0.60244,0.60263,2208,16
1721365200,0.60264,0.60335,0.60259,0.60332,1559,18
1721368800,0.60332,0.60336,0.60263,0.60272,825,17
1721372400,0.60272,0.60286,0.6021,0.60217,708,18
1721376000,0.60217,0.60308,0.60208,0.60302,1245,18
1721379600,0.60299,0.60385,0.60272,0.60349,1749,15
1721383200,0.60348,0.60389,0.60246,0.60295,2839,15
1721386800,0.60295,0.60295,0.6024,0.60254,1999,15
1721390400,0.60254,0.60267,0.60204,0.60208,1419,15
1721394000,0.60208,0.60245,0.60167,0.6023,1464,15
1721397600,0.6023,0.60254,0.60208,0.60245,1403,15
1721401200,0.60245,0.60247,0.60183,0.60187,2154,15
1721404800,0.60187,0.60228,0.60148,0.60201,3024,15
1721408400,0.60202,0.60221,0.60163,0.6017,2903,15
1721412000,0.6017,0.60213,0.60122,0.60167,2087,15
1721415600,0.60167,0.60176,0.60109,0.60115,1437,16
1721419200,0.60115,0.60133,0.60087,0.60127,1809,17
1721422800,0.60126,0.60135,0.60054,0.60084,1540,16
1721426400,0.60084,0.601,0.60047,0.60067,1354,17
1721430000,0.60068,0.60086,0.60044,0.60086,473,20
1721606400,0.601,0.60134,0.60061,0.60094,1484,17
1721610000,0.60101,0.60258,0.60095,0.60246,715,14
1721613600,0.60246,0.60271,0.60226,0.60226,1271,17
1721617200,0.60226,0.60226,0.60112,0.60136,1424,18
1721620800,0.60136,0.60168,0.60049,0.60054,1634,18
1721624400,0.60054,0.60059,0.59981,0.60027,2012,17
1721628000,0.60028,0.60041,0.59968,0.59981,1019,18
1721631600,0.59981,0.5999,0.59914,0.59924,838,18
1721635200,0.59922,0.59948,0.59902,0.59926,1345,16
1721638800,0.59922,0.60022,0.59901,0.59979,2557,15
1721642400,0.59979,0.59992,0.59947,0.59971,2003,15
1721646000,0.59971,0.60023,0.59945,0.59996,1488,15
1721649600,0.59996,0.60036,0.5997,0.60022,1114,15
1721653200,0.60021,0.60028,0.59968,0.59988,1093,15
1721656800,0.59987,0.60003,0.59927,0.59935,1190,15
1721660400,0.59936,0.59936,0.59834,0.59854,2082,15
1721664000,0.59854,0.5986,0.59763,0.59781,2395,14
1721667600,0.59781,0.59782,0.59709,0.59775,2498,15
1721671200,0.59775,0.59803,0.5973,0.59749,1900,15
1721674800,0.59749,0.5976,0.59723,0.59731,1400,16
1721678400,0.59734,0.59787,0.59734,0.5978,1092,18
1721682000,0.59782,0.59783,0.59751,0.59756,723,18
1721685600,0.59756,0.59784,0.59734,0.59783,696,17
1721689200,0.59783,0.59784,0.59764,0.59779,612,17
1721692800,0.59723,0.59796,0.5972,0.59783,669,21
1721696400,0.59789,0.59797,0.59763,0.59777,378,14
1721700000,0.59779,0.5978,0.59743,0.59757,590,18
1721703600,0.59757,0.59794,0.5966,0.59669,1525,18
1721707200,0.59669,0.5976,0.59645,0.59697,1853,17
1721710800,0.59697,0.59702,0.59654,0.59683,1339,17
1721714400,0.59684,0.59735,0.59666,0.59681,1043,18
1721718000,0.59683,0.59692,0.59648,0.59649,710,18
1721721600,0.59649,0.5968,0.5964,0.59679,895,18
1721725200,0.59679,0.5968,0.59626,0.59633,1419,15
1721728800,0.59633,0.59671,0.59603,0.59626,1991,15
1721732400,0.59626,0.59645,0.59594,0.5963,1809,15
1721736000,0.5963,0.59647,0.59603,0.59638,1324,15
1721739600,0.59637,0.59649,0.59596,0.59642,1219,15
1721743200,0.59642,0.5966,0.59585,0.59617,1334,15
1721746800,0.59617,0.59647,0.59568,0.596,1578,15
1721750400,0.59598,0.59617,0.59535,0.59553,1906,15
1721754000,0.59552,0.59591,0.59508,0.59519,2313,15
1721757600,0.59519,0.59594,0.59518,0.59576,1424,15
1721761200,0.59576,0.59583,0.5951,0.59523,1282,17
1721764800,0.59523,0.59576,0.59509,0.5952,1666,18
1721768400,0.5952,0.59534,0.59497,0.59522,1056,15
1721772000,0.59524,0.59537,0.59508,0.59524,894,19
1721775600,0.59524,0.59552,0.59512,0.59551,455,18
1721779200,0.59491,0.59561,0.59491,0.59553,455,17
1721782800,0.59551,0.59553,0.59517,0.59541,658,16
1721786400,0.59541,0.59547,0.59506,0.59511,667,18
1721790000,0.59511,0.59516,0.5941,0.59438,1236,18
1721793600,0.59438,0.59468,0.59356,0.59358,1707,18
1721797200,0.59358,0.59366,0.5931,0.5933,1233,17
1721800800,0.5933,0.59334,0.59242,0.59285,1242,18
1721804400,0.59285,0.59288,0.59128,0.59173,1693,17
1721808000,0.59174,0.59269,0.59172,0.59264,1413,17
1721811600,0.59264,0.59309,0.59251,0.59266,2052,15
1721815200,0.59266,0.5935,0.59262,0.59293,2475,15
1721818800,0.59293,0.59299,0.59237,0.59253,1710,15
1721822400,0.59253,0.59325,0.59236,0.59316,1486,14
1721826000,0.59316,0.59341,0.59291,0.59315,1181,15
1721829600,0.59316,0.59407,0.59301,0.59396,1293,15
1721833200,0.59396,0.59472,0.59352,0.59463,1973,15
1721836800,0.59462,0.5949,0.59361,0.59369,3219,15
1721840400,0.59369,0.59486,0.59368,0.59456,3836,15
1721844000,0.59456,0.59487,0.5944,0.59446,2171,15
1721847600,0.59446,0.59446,0.59385,0.59427,1600,17
1721851200,0.59426,0.59451,0.59356,0.59358,1419,17
1721854800,0.59357,0.59359,0.59243,0.59243,1596,17
1721858400,0.59242,0.59312,0.59232,0.59251,1317,16
1721862000,0.59251,0.59291,0.59247,0.5929,563,16
1721865600,0.59223,0.59293,0.59205,0.59293,772,31
1721869200,0.59296,0.59311,0.59257,0.59268,664,14
1721872800,0.5927,0.59282,0.59238,0.59246,1007,18
1721876400,0.59246,0.59251,0.59135,0.5918,2428,17
1721880000,0.5918,0.5923,0.59151,0.59214,2301,18
1721883600,0.59214,0.59231,0.59169,0.59209,1895,18
1721887200,0.59209,0.5922,0.59153,0.59173,1652,18
1721890800,0.59173,0.59187,0.59121,0.59125,1195,18
1721894400,0.59125,0.59163,0.59123,0.59149,1522,18
1721898000,0.59149,0.59176,0.59102,0.59135,2048,15
1721901600,0.59135,0.5918,0.5904,0.59151,3242,15
1721905200,0.59151,0.59261,0.59094,0.59112,2973,15
1721908800,0.59112,0.59133,0.59055,0.59072,2274,15
1721912400,0.5907,0.59074,0.59004,0.59025,1967,15
1721916000,0.59025,0.59049,0.58943,0.58945,1829,15
1721919600,0.58945,0.59005,0.58754,0.58924,4651,15
1721923200,0.58924,0.59056,0.5889,0.59032,4829,15
1721926800,0.59032,0.5908,0.58968,0.59029,4462,15
1721930400,0.59028,0.59072,0.58965,0.59,2994,15
1721934000,0.58999,0.59048,0.58981,0.59042,2679,17
1721937600,0.59043,0.59076,0.58923,0.58943,2727,18
1721941200,0.58943,0.58947,0.58899,0.58899,1841,18
1721944800,0.58899,0.58952,0.58872,0.58885,1572,18
1721948400,0.58882,0.58883,0.58823,0.58854,613,18
1721952000,0.58854,0.58873,0.58823,0.58849,635,24
1721955600,0.58849,0.58872,0.58845,0.58846,512,14
1721959200,0.58846,0.58888,0.5884,0.58881,919,17
1721962800,0.58881,0.58912,0.58858,0.58863,1680,18
1721966400,0.58863,0.5894,0.58839,0.58916,1762,17
1721970000,0.58917,0.58928,0.58846,0.58861,1386,18
1721973600,0.58861,0.58867,0.58822,0.58851,1087,18
1721977200,0.58851,0.58912,0.58851,0.58881,665,18
1721980800,0.58881,0.58912,0.5888,0.58898,906,18
1721984400,0.58899,0.58942,0.5889,0.5893,1309,15
1721988000,0.58929,0.58999,0.58904,0.58991,1751,15
1721991600,0.58991,0.59037,0.58933,0.59019,1666,15
1721995200,0.59019,0.59019,0.58956,0.58961,1116,15
1721998800,0.58961,0.58967,0.58924,0.58956,952,15
1722002400,0.58956,0.58956,0.58908,0.58942,1036,15
1722006000,0.58942,0.5898,0.58816,0.58939,2928,15
1722009600,0.58939,0.59048,0.58937,0.58991,2829,15
1722013200,0.58978,0.59009,0.58869,0.58896,3431,15
1722016800,0.58896,0.58946,0.58875,0.5894,1745,15
1722020400,0.58938,0.58981,0.58926,0.58975,1347,17
1722024000,0.58974,0.58978,0.58894,0.5892,1570,18
1722027600,0.58919,0.5894,0.58872,0.58891,1250,18
1722031200,0.58889,0.58917,0.58869,0.58875,1239,18
1722034800,0.58872,0.58891,0.58859,0.58872,532,17
1722211200,0.58858,0.58916,0.58858,0.58901,325,22
1722214800,0.58901,0.58948,0.58857,0.58865,1291,16
1722218400,0.58864,0.58946,0.58853,0.58874,1077,16
1722222000,0.58873,0.58991,0.5886,0.58967,1744,18
1722225600,0.58967,0.58994,0.58932,0.58973,2023,18
1722229200,0.58973,0.58996,0.58945,0.58954,1473,17
1722232800,0.58954,0.58971,0.58939,0.5897,1145,18
1722236400,0.5897,0.58974,0.58838,0.58848,1115,17
1722240000,0.58848,0.58903,0.58829,0.58841,1084,16
1722243600,0.58841,0.58917,0.5884,0.589,1490,15
1722247200,0.589,0.58902,0.58774,0.58807,2041,15
1722250800,0.58808,0.58808,0.5874,0.58778,1781,15
1722254400,0.58778,0.58823,0.58761,0.58817,980,15
1722258000,0.58818,0.58857,0.58806,0.58815,993,15
1722261600,0.58814,0.58814,0.58716,0.58719,939,15
1722265200,0.58719,0.5874,0.58673,0.58674,1399,15
1722268800,0.58674,0.58701,0.58645,0.58666,1840,15
1722272400,0.58666,0.58678,0.5857,0.58653,2202,15
1722276000,0.58654,0.58721,0.58645,0.58691,1871,15
1722279600,0.58691,0.5876,0.58663,0.58735,1427,17
1722283200,0.58735,0.58765,0.58706,0.58749,1252,18
1722286800,0.58748,0.58756,0.58717,0.58743,964,16
1722290400,0.58748,0.58787,0.58743,0.58755,943,19
1722294000,0.58753,0.58756,0.58735,0.58748,259,19
1722297600,0.58748,0.58767,0.58653,0.58762,292,24
1722301200,0.58762,0.58811,0.58761,0.5881,602,14
1722304800,0.5881,0.58811,0.58756,0.58757,621,18
1722308400,0.58757,0.5877,0.58709,0.58762,1256,17
1722312000,0.58762,0.58789,0.58669,0.58684,1831,17
1722315600,0.58685,0.58817,0.5868,0.58795,1061,16
1722319200,0.58796,0.58863,0.58784,0.5886,963,18
1722322800,0.5886,0.58931,0.58857,0.58902,899,18
1722326400,0.58902,0.58921,0.58884,0.58896,1081,18
1722330000,0.58895,0.58989,0.58883,0.58982,1570,15
1722333600,0.58982,0.59005,0.58896,0.58916,1832,15
1722337200,0.58916,0.58996,0.58913,0.58946,1616,15
1722340800,0.58945,0.58958,0.58923,0.58944,1247,15
1722344400,0.58944,0.5895,0.58901,0.58911,1044,15
1722348000,0.58911,0.58912,0.58866,0.5887,784,15
1722351600,0.58869,0.58873,0.5883,0.58861,1351,15
1722355200,0.58862,0.58945,0.58858,0.5893,2239,15
1722358800,0.58902,0.58984,0.58854,0.58966,3972,15
1722362400,0.58966,0.58972,0.58924,0.58959,2695,15
1722366000,0.58959,0.59045,0.58943,0.58994,2055,17
1722369600,0.58994,0.59046,0.5895,0.58996,2232,17
1722373200,0.58996,0.59036,0.58979,0.58996,1209,17
1722376800,0.58995,0.59027,0.58965,0.59006,1100,17
1722380400,0.59008,0.59032,0.58968,0.59018,875,20
1722384000,0.59018,0.59023,0.58906,0.59016,1133,24
1722387600,0.59033,0.59054,0.59019,0.59038,996,14
1722391200,0.59038,0.59063,0.59002,0.59019,990,16
1722394800,0.59019,0.59074,0.58973,0.59035,1804,16
1722398400,0.59043,0.59236,0.58866,0.59067,4456,17
1722402000,0.59066,0.5913,0.59037,0.59056,2519,17
1722405600,0.59056,0.59136,0.59026,0.59026,2022,17
1722409200,0.59027,0.59065,0.58999,0.59062,2357,17
1722412800,0.59062,0.59074,0.58957,0.59051,1748,18
1722416400,0.59051,0.5926,0.59041,0.59256,2606,15
1722420000,0.59254,0.59278,0.59143,0.59233,2879,15
1722423600,0.59233,0.59236,0.59051,0.59148,3225,15
1722427200,0.59148,0.59174,0.59094,0.59165,1883,15
1722430800,0.59165,0.59183,0.59107,0.59178,1561,15
1722434400,0.59178,0.59237,0.59158,0.59189,1597,15
1722438000,0.59189,0.59332,0.59168,0.59325,3251,15
1722441600,0.59322,0.59473,0.59315,0.59465,2717,14
1722445200,0.59465,0.59467,0.59327,0.59389,3684,15
1722448800,0.59389,0.59468,0.59348,0.59458,2567,15
1722452400,0.59457,0.59459,0.59388,0.59429,1702,16
1722456000,0.59429,0.5949,0.59396,0.59477,1534,15
1722459600,0.59342,0.59594,0.59318,0.59519,6226,16
1722463200,0.59517,0.59606,0.59448,0.59511,4151,18
1722466800,0.5951,0.5953,0.59484,0.59487,1088,17
1722470400,0.59474,0.59507,0.59408,0.59499,742,16
1722474000,0.59498,0.59562,0.59489,0.59521,445,14
1722477600,0.59522,0.59541,0.59482,0.59506,917,17
1722481200,0.59506,0.59601,0.59489,0.59572,2574,17
1722484800,0.59571,0.5962,0.59514,0.59526,3306,17
1722488400,0.59522,0.59604,0.59435,0.59551,2926,17
1722492000,0.59551,0.59566,0.5948,0.59502,1862,18
1722495600,0.59502,0.59562,0.595,0.59524,1623,17
1722499200,0.59524,0.59545,0.59466,0.59538,2004,17
1722502800,0.59538,0.59542,0.59415,0.59479,2557,15
1722506400,0.59479,0.59532,0.59449,0.59472,2060,15
1722510000,0.59473,0.59476,0.59376,0.59382,2023,15
1722513600,0.59382,0.59436,0.5937,0.59411,1615,15
1722517200,0.59411,0.59468,0.59399,0.59411,1094,15
1722520800,0.59409,0.59464,0.59395,0.5944,1909,15
1722524400,0.5944,0.59577,0.59429,0.59564,3378,15
1722528000,0.59565,0.59743,0.59513,0.5974,2750,15
1722531600,0.5978,0.598,0.59602,0.59607,5018,15
1722535200,0.59607,0.59609,0.59534,0.59594,3198,15
1722538800,0.59594,0.5963,0.59514,0.59552,2723,16
1722542400,0.59552,0.59568,0.59488,0.59525,2430,18
1722546000,0.59525,0.59534,0.59416,0.59455,1966,17
1722549600,0.59454,0.59499,0.594,0.59485,1961,18
1722553200,0.59485,0.59494,0.59419,0.59479,1005,19
1722556800,0.59479,0.59479,0.59405,0.59442,468,26
1722560400,0.59442,0.59465,0.59394,0.59401,1272,14
1722564000,0.59401,0.59436,0.59329,0.59347,1712,18
1722567600,0.59347,0.59374,0.59296,0.59364,2663,16
1722571200,0.59363,0.59498,0.59346,0.59434,2401,18
1722574800,0.59434,0.59487,0.59365,0.59482,2228,17
1722578400,0.59482,0.59492,0.59437,0.59449,1457,18
1722582000,0.59449,0.59554,0.59442,0.59511,1392,17
1722585600,0.59512,0.59552,0.59471,0.59546,1943,18
1722589200,0.59546,0.59599,0.59516,0.59564,2758,15
1722592800,0.59564,0.59573,0.59468,0.59478,3198,15
1722596400,0.59478,0.59519,0.5941,0.59445,2097,15
1722600000,0.59445,0.59499,0.59411,0.59498,1983,15
1722603600,0.59498,0.59521,0.5945,0.59511,1787,15
1722607200,0.59511,0.59565,0.59499,0.59517,1951,15
1722610800,0.59517,0.59801,0.59422,0.59687,6270,14
1722614400,0.59684,0.59838,0.59641,0.59799,5808,15
1722618000,0.59798,0.59831,0.59686,0.59698,5976,15
1722621600,0.59698,0.59752,0.59633,0.59702,5103,15
1722625200,0.597,0.59701,0.59598,0.59621,4364,17
1722628800,0.59622,0.59646,0.59546,0.59565,3587,19
1722632400,0.59565,0.5966,0.59558,0.59586,2408,18
1722636000,0.59586,0.59653,0.59571,0.59643,1872,18
1722639600,0.59643,0.59648,0.59549,0.59561,692,19
1722816000,0.59553,0.59585,0.59503,0.5956,838,25
1722819600,0.5956,0.59565,0.59391,0.59499,2527,14
1722823200,0.59499,0.59511,0.59419,0.59455,3682,17
1722826800,0.59455,0.59576,0.59371,0.59503,5540,17
1722830400,0.59501,0.59544,0.59437,0.59484,5947,17
1722834000,0.59484,0.59569,0.59445,0.59528,4417,17
1722837600,0.59528,0.59564,0.59488,0.59507,3766,17
1722841200,0.59507,0.5953,0.59318,0.59424,4938,17
1722844800,0.59424,0.59435,0.59007,0.59023,6485,17
1722848400,0.59022,0.59122,0.58483,0.58929,9937,15
1722852000,0.58924,0.59301,0.58924,0.59255,8255,15
1722855600,0.59256,0.59358,0.59182,0.59245,5920,15
1722859200,0.59243,0.59399,0.59215,0.59317,5009,15
1722862800,0.59317,0.594,0.59248,0.59384,4089,15
1722866400,0.59387,0.59402,0.59291,0.59371,3921,15
1722870000,0.59371,0.5943,0.59307,0.59321,7546,15
1722873600,0.59321,0.59703,0.59294,0.59536,9598,16
1722877200,0.5947,0.59644,0.59256,0.59298,10045,16
1722880800,0.59298,0.59388,0.59199,0.59281,7186,17
1722884400,0.59281,0.59367,0.59224,0.59251,6327,16
1722888000,0.59251,0.59338,0.59244,0.59285,5349,19
1722891600,0.59285,0.59361,0.59248,0.59254,3239,18
1722895200,0.59251,0.5936,0.59247,0.59335,2257,18
1722898800,0.59335,0.59392,0.59298,0.59388,1498,19
1722902400,0.59388,0.59388,0.59242,0.59363,683,20
1722906000,0.59363,0.59442,0.59359,0.59433,1884,14
1722909600,0.59433,0.59563,0.59433,0.59489,3540,18
1722913200,0.59489,0.59791,0.59476,0.59735,5694,17
1722916800,0.59738,0.59755,0.59469,0.59527,4718,17
1722920400,0.59527,0.59556,0.59478,0.59505,3913,19
1722924000,0.59505,0.59547,0.59437,0.59444,2925,18
1722927600,0.59444,0.59459,0.59214,0.59284,3838,16
1722931200,0.59284,0.59326,0.59232,0.59273,4841,18
1722934800,0.59274,0.5929,0.5919,0.59276,5263,16
1722938400,0.59273,0.59315,0.59151,0.59168,5508,16
1722942000,0.59168,0.59326,0.59141,0.59293,4197,16
1722945600,0.59293,0.59293,0.5916,0.59201,4689,16
1722949200,0.592,0.59227,0.5914,0.59191,3627,17
1722952800,0.59194,0.5922,0.59132,0.5917,3018,16
1722956400,0.5917,0.59246,0.59124,0.59124,4453,15
1722960000,0.59123,0.59372,0.59121,0.59362,5410,17
1722963600,0.59362,0.59517,0.59321,0.59402,5679,15
1722967200,0.59403,0.59528,0.59395,0.59492,5212,16
1722970800,0.59492,0.59585,0.59472,0.59571,3384,17
1722974400,0.59567,0.59595,0.59521,0.59554,3061,17
1722978000,0.59554,0.59628,0.59543,0.59577,2434,18
1722981600,0.59576,0.59592,0.59508,0.59534,3248,17
1722985200,0.59534,0.59548,0.5951,0.59515,990,19
1722988800,0.59515,0.59547,0.59474,0.5951,741,28
1722992400,0.59513,0.59913,0.59473,0.5984,2436,16
1722996000,0.5984,0.59856,0.59647,0.59725,2477,18
1722999600,0.59725,0.59974,0.59701,0.59964,4251,18
1723003200,0.59965,0.60117,0.59932,0.59945,5341,17
1723006800,0.59945,0.6009,0.59924,0.60007,4815,17
1723010400,0.60007,0.60126,0.59974,0.60111,3356,18
1723014000,0.60111,0.60167,0.60059,0.6007,2734,16
1723017600,0.6007,0.6016,0.6007,0.60138,3233,18
1723021200,0.60131,0.60148,0.60011,0.60077,3919,16
1723024800,0.60078,0.60146,0.60008,0.60091,4478,17
1723028400,0.60091,0.60191,0.6007,0.60145,3532,16
1723032000,0.60145,0.6019,0.60105,0.60173,2944,16
1723035600,0.60172,0.60242,0.60138,0.60216,2231,17
1723039200,0.60216,0.60234,0.6015,0.60171,2235,15
1723042800,0.60172,0.60238,0.60145,0.60191,3266,17
1723046400,0.60187,0.60206,0.60079,0.60109,2739,17
1723050000,0.60109,0.60172,0.60057,0.60157,3357,17
1723053600,0.60157,0.60223,0.60082,0.60108,3108,17
1723057200,0.60109,0.60134,0.60044,0.60084,3257,17
1723060800,0.60083,0.60083,0.59983,0.59988,3326,17
1723064400,0.59988,0.60012,0.59884,0.59901,3424,17
1723068000,0.59901,0.59976,0.59897,0.59947,2061,16
1723071600,0.59947,0.59959,0.59913,0.59933,845,17
1723075200,0.59933,0.59933,0.59856,0.59914,244,17
1723078800,0.59916,0.59953,0.59888,0.59907,1567,14
1723082400,0.59907,0.59927,0.59813,0.59883,2639,19
1723086000,0.59888,0.59974,0.59853,0.59939,3984,17
1723089600,0.59939,0.60006,0.59927,0.59969,3814,18
1723093200,0.59971,0.60083,0.59967,0.60026,2919,17
1723096800,0.60025,0.60044,0.59884,0.60038,2753,18
1723100400,0.60039,0.60077,0.59958,0.60002,2558,17
1723104000,0.60001,0.60015,0.59958,0.59987,2595,18
1723107600,0.59988,0.60062,0.5996,0.60032,2816,17
1723111200,0.60032,0.60038,0.59901,0.59929,3511,16
1723114800,0.5993,0.59985,0.59928,0.59968,2335,16
1723118400,0.59968,0.59995,0.59868,0.59907,1613,16
1723122000,0.59907,0.59935,0.59885,0.59919,1968,17
1723125600,0.59918,0.59957,0.59893,0.59919,2036,17
1723129200,0.59919,0.59987,0.59775,0.59804,4517,14
1723132800,0.59805,0.59865,0.59761,0.59836,5163,15
1723136400,0.59838,0.60053,0.59828,0.59974,4632,16
1723140000,0.59973,0.60017,0.59945,0.60001,3379,17
1723143600,0.60002,0.60052,0.5995,0.59966,2515,18
1723147200,0.59966,0.60049,0.59939,0.60011,2537,17
1723150800,0.60011,0.60085,0.60003,0.60082,1571,17
1723154400,0.60079,0.60082,0.60039,0.60058,1856,18
1723158000,0.60057,0.60133,0.60056,0.60122,650,19
1723161600,0.59977,0.60119,0.59976,0.60117,518,26
1723165200,0.60115,0.60141,0.60054,0.60072,1220,15
1723168800,0.60073,0.60105,0.60043,0.60046,1710,18
1723172400,0.60046,0.60065,0.60009,0.60051,2561,17
1723176000,0.6005,0.60231,0.60049,0.60201,2915,18
1723179600,0.60201,0.60323,0.60158,0.60296,2490,17
1723183200,0.60295,0.60322,0.6026,0.6032,1844,17
1723186800,0.60319,0.60341,0.60241,0.60245,1870,17
1723190400,0.60245,0.60332,0.60175,0.60248,2783,18
1723194000,0.6025,0.6029,0.60219,0.60273,2577,18
1723197600,0.60275,0.60304,0.60191,0.60204,2276,16
1723201200,0.60203,0.60252,0.6019,0.60247,2266,17
1723204800,0.60247,0.60248,0.60167,0.60206,1635,17
1723208400,0.60206,0.60215,0.60125,0.60127,1697,16
1723212000,0.60127,0.60167,0.60114,0.6015,1572,18
1723215600,0.60151,0.60153,0.60055,0.60086,2148,15
1723219200,0.60086,0.60153,0.60048,0.60086,2578,16
1723222800,0.60087,0.60205,0.60083,0.60191,3409,17
1723226400,0.60186,0.60211,0.60091,0.60108,3093,18
1723230000,0.60109,0.60109,0.60032,0.60062,2111,19
1723233600,0.60062,0.60077,0.60008,0.60013,2104,18
1723237200,0.60013,0.60014,0.59932,0.59989,1734,18
1723240800,0.59988,0.60009,0.59974,0.60003,910,19
1723244400,0.60003,0.60014,0.59932,0.59932,568,20
1723420800,0.59957,0.59976,0.59941,0.59966,151,42
1723424400,0.5996,0.59986,0.59902,0.59935,1182,17
1723428000,0.59936,0.59961,0.59884,0.59917,1092,19
1723431600,0.59918,0.60109,0.5991,0.60072,2187,18
1723435200,0.6007,0.60153,0.60067,0.60096,2506,18
1723438800,0.60097,0.60106,0.60062,0.60075,1463,18
1723442400,0.60076,0.60109,0.60074,0.60099,963,17
1723446000,0.60099,0.60148,0.60087,0.60119,959,19
1723449600,0.60117,0.60148,0.60097,0.60112,1417,18
1723453200,0.6011,0.60181,0.60105,0.60128,1794,16
1723456800,0.60128,0.60261,0.60087,0.60255,517,17
1723460400,0.60256,0.60304,0.6021,0.60268,1732,17
1723464000,0.60268,0.603,0.60236,0.60298,1299,17
1723467600,0.60297,0.60303,0.60249,0.6027,1167,17
1723471200,0.6027,0.60294,0.60245,0.60285,1057,16
1723474800,0.60285,0.60317,0.60192,0.60209,1800,16
1723478400,0.60209,0.6029,0.60194,0.60216,2633,17
1723482000,0.60216,0.60276,0.60181,0.60256,2694,16
1723485600,0.60254,0.60291,0.60154,0.60193,3022,16
1723489200,0.6019,0.60197,0.60132,0.60133,2449,17
1723492800,0.60133,0.60217,0.60119,0.60188,2211,18
1723496400,0.60188,0.60211,0.60172,0.602,1420,19
1723500000,0.602,0.60217,0.60169,0.60172,1024,18
1723503600,0.60172,0.60172,0.6011,0.60116,538,18
1723507200,0.60113,0.60188,0.60103,0.60167,548,21
1723510800,0.60166,0.60248,0.60166,0.60224,1055,15
1723514400,0.60224,0.6024,0.60196,0.60214,1278,19
1723518000,0.60216,0.60246,0.60165,0.60225,2269,19
1723521600,0.60224,0.60272,0.60177,0.60262,2355,16
1723525200,0.60262,0.60295,0.60252,0.60268,1383,17
1723528800,0.60268,0.60329,0.60251,0.60279,1193,17
1723532400,0.6028,0.60365,0.60279,0.60339,1042,18
1723536000,0.60339,0.60356,0.60296,0.60337,1232,18
1723539600,0.60341,0.60378,0.60279,0.60348,2218,15
1723543200,0.60349,0.60433,0.60339,0.60416,1823,15
1723546800,0.60415,0.60447,0.60376,0.60378,1377,17
1723550400,0.60378,0.60413,0.60325,0.60404,1445,17
1723554000,0.60403,0.60423,0.60336,0.60351,1337,17
1723557600,0.6035,0.6043,0.60339,0.60404,1466,16
1723561200,0.60405,0.6056,0.60341,0.60519,3469,14
1723564800,0.60519,0.6063,0.60452,0.60591,3665,16
1723568400,0.6059,0.60624,0.60502,0.60561,3098,17
1723572000,0.60563,0.60589,0.60514,0.60576,2267,17
1723575600,0.60576,0.607,0.6057,0.60683,1911,17
1723579200,0.60681,0.60709,0.60649,0.60684,1994,15
1723582800,0.60687,0.60793,0.60687,0.60787,1681,18
1723586400,0.60782,0.60806,0.60762,0.60771,1235,19
1723590000,0.6077,0.60772,0.60623,0.60628,783,19
1723593600,0.60661,0.60756,0.60638,0.60722,1177,22
1723597200,0.60722,0.60755,0.60701,0.60747,1078,14
1723600800,0.60748,0.60804,0.60746,0.60775,1142,18
1723604400,0.60775,0.6083,0.60772,0.60788,2340,18
1723608000,0.60788,0.60791,0.60677,0.60686,2957,17
1723611600,0.60689,0.60689,0.60159,0.60326,5091,16
1723615200,0.60328,0.60329,0.6009,0.60123,3984,16
1723618800,0.60119,0.60129,0.60033,0.6006,1995,15
1723622400,0.60064,0.60183,0.6002,0.60167,2007,18
1723626000,0.60171,0.60176,0.60071,0.60154,2828,16
1723629600,0.60154,0.60197,0.60107,0.6012,2281,18
1723633200,0.6012,0.60132,0.6003,0.60106,2229,17
1723636800,0.60106,0.60168,0.60085,0.60164,1229,18
1723640400,0.60164,0.60227,0.60089,0.60222,1363,14
1723644000,0.60222,0.60234,0.60153,0.60169,1187,17
1723647600,0.60169,0.60269,0.60018,0.6009,4342,14
1723651200,0.60089,0.60212,0.60031,0.60157,4517,15
1723654800,0.6016,0.603,0.60095,0.60266,4153,15
1723658400,0.60264,0.60269,0.60145,0.6019,2240,17
1723662000,0.6019,0.60195,0.60082,0.60107,2232,17
1723665600,0.60107,0.60118,0.5999,0.60003,1873,17
1723669200,0.60003,0.6001,0.59938,0.59984,1529,17
1723672800,0.59986,0.5999,0.59949,0.5997,948,18
1723676400,0.59969,0.59985,0.59954,0.59965,483,18
1723680000,0.59972,0.60004,0.59969,0.59996,313,24
1723683600,0.59996,0.60019,0.59972,0.59983,481,15
1723687200,0.59984,0.59996,0.59917,0.59972,1036,17
1723690800,0.59973,0.60006,0.5992,0.59945,2240,17
1723694400,0.59949,0.59954,0.59815,0.59914,3881,17
1723698000,0.59915,0.60012,0.59892,0.59975,2725,18
1723701600,0.59975,0.60061,0.59972,0.60026,1408,17
1723705200,0.60026,0.60067,0.60016,0.60037,1340,18
1723708800,0.60037,0.60082,0.60007,0.60043,991,16
1723712400,0.60047,0.60083,0.60029,0.60055,1547,17
1723716000,0.60056,0.60077,0.60004,0.6006,1658,15
1723719600,0.6006,0.60064,0.59976,0.59982,1494,17
1723723200,0.59982,0.60078,0.59965,0.60074,1208,15
1723726800,0.60074,0.60117,0.60056,0.60067,1137,18
1723730400,0.60067,0.60139,0.6006,0.60125,1195,18
1723734000,0.60126,0.6013,0.59805,0.59856,4110,16
1723737600,0.59856,0.59962,0.59734,0.59961,4523,15
1723741200,0.59961,0.60094,0.5988,0.60086,3494,16
1723744800,0.60086,0.60121,0.60035,0.60043,2117,15
1723748400,0.60043,0.601,0.59979,0.59996,1588,17
1723752000,0.59995,0.60012,0.5986,0.59862,1466,17
1723755600,0.59863,0.59913,0.59851,0.59898,1288,17
1723759200,0.59899,0.5993,0.59865,0.59875,1165,18
1723762800,0.59875,0.5988,0.59824,0.59835,582,18
1723766400,0.59835,0.59876,0.59787,0.59858,440,22
1723770000,0.59862,0.59868,0.59798,0.59832,602,17
1723773600,0.59833,0.59849,0.59774,0.59792,989,19
1723777200,0.59792,0.59881,0.59788,0.59879,1951,18
1723780800,0.5988,0.60018,0.59841,0.60007,1912,17
1723784400,0.60008,0.60033,0.5999,0.60016,1206,18
1723788000,0.60016,0.60096,0.60006,0.60075,870,15
1723791600,0.60075,0.60138,0.60062,0.60135,713,18
1723795200,0.60135,0.60245,0.60123,0.60186,1451,18
1723798800,0.60185,0.60193,0.60146,0.6016,1343,17
1723802400,0.60159,0.60177,0.60106,0.60148,1371,18
1723806000,0.60149,0.60179,0.6013,0.60178,1396,15
1723809600,0.60178,0.60268,0.60175,0.60231,1125,17
1723813200,0.60229,0.60254,0.60193,0.60236,1280,17
1723816800,0.60233,0.60273,0.60181,0.60271,1556,16
1723820400,0.60271,0.60276,0.60185,0.60229,1916,16
1723824000,0.6023,0.60328,0.60219,0.60258,2577,17
1723827600,0.60264,0.60283,0.60139,0.6021,3360,17
1723831200,0.6021,0.60335,0.60209,0.60329,2160,17
1723834800,0.6033,0.60416,0.60313,0.604,1470,17
1723838400,0.604,0.6047,0.60386,0.60464,1380,18
1723842000,0.6046,0.60545,0.60452,0.60525,1017,17
1723845600,0.60525,0.60535,0.6049,0.60515,978,17
1723849200,0.60514,0.60542,0.60508,0.60534,640,19
1724025600,0.60412,0.60492,0.60411,0.60459,281,50
1724029200,0.60459,0.60565,0.60459,0.6053,1447,16
1724032800,0.6053,0.6059,0.60526,0.60559,1096,17
1724036400,0.60559,0.60609,0.60535,0.60553,2060,18
1724040000,0.60552,0.60689,0.60543,0.60684,2079,16
1724043600,0.60684,0.60714,0.60605,0.60699,1459,16
1724047200,0.60699,0.60795,0.60668,0.60779,1772,17
1724050800,0.60779,0.60853,0.60765,0.60796,1465,18
1724054400,0.60802,0.60832,0.60724,0.60793,2241,16
1724058000,0.60792,0.60819,0.60722,0.60733,2487,16
1724061600,0.60734,0.60785,0.6069,0.60711,2134,17
1724065200,0.60709,0.6075,0.60658,0.60708,1775,16
1724068800,0.60708,0.60722,0.60658,0.60676,1259,15
1724072400,0.60676,0.60726,0.60667,0.60682,1277,16
1724076000,0.60682,0.60763,0.60681,0.6076,1164,17
1724079600,0.60761,0.60787,0.607,0.60725,1395,16
1724083200,0.60725,0.60788,0.60672,0.60788,2067,16
1724086800,0.6079,0.60973,0.60788,0.60916,3219,16
1724090400,0.60916,0.6097,0.60894,0.60919,2451,16
1724094000,0.60919,0.60955,0.6089,0.6093,1828,17
1724097600,0.60928,0.61055,0.60911,0.61053,1201,16
1724101200,0.61053,0.61106,0.6104,0.61085,1450,17
1724104800,0.61085,0.61111,0.61056,0.6109,1142,17
1724108400,0.6109,0.61157,0.61053,0.61075,760,18
1724112000,0.61076,0.61129,0.61055,0.61094,689,25
1724115600,0.61072,0.61146,0.61072,0.61143,466,16
1724119200,0.61143,0.61166,0.61124,0.61165,883,17
1724122800,0.61165,0.6119,0.61117,0.61176,1654,17
1724126400,0.61184,0.61241,0.61124,0.61212,2755,18
1724130000,0.61213,0.61244,0.61113,0.61134,1954,17
1724133600,0.61134,0.61149,0.61102,0.61135,1296,16
1724137200,0.61135,0.61193,0.61135,0.61176,1168,17
1724140800,0.61176,0.61211,0.61158,0.61188,1093,18
1724144400,0.61186,0.61317,0.61184,0.6127,1876,16
1724148000,0.6127,0.61338,0.61231,0.61305,2238,16
1724151600,0.61305,0.61374,0.61291,0.61351,2239,16
1724155200,0.61351,0.61382,0.61303,0.61338,1738,16
1724158800,0.61338,0.61422,0.61338,0.61399,1228,18
1724162400,0.61399,0.6142,0.61355,0.6141,1211,16
1724166000,0.6141,0.61436,0.61317,0.61435,2126,16
1724169600,0.61435,0.61437,0.61364,0.61423,3498,15
1724173200,0.61423,0.6152,0.61373,0.61489,3727,16
1724176800,0.61489,0.61489,0.61388,0.61425,2771,16
1724180400,0.61425,0.61487,0.61395,0.6144,1986,16
1724184000,0.61439,0.61457,0.61405,0.61457,1599,17
1724187600,0.61456,0.61563,0.61456,0.61546,1431,17
1724191200,0.61541,0.61563,0.61523,0.61527,984,18
1724194800,0.61527,0.61555,0.61448,0.61479,820,19
1724198400,0.61481,0.61534,0.61438,0.61508,1035,25
1724202000,0.61493,0.6157,0.61493,0.61555,661,14
1724205600,0.61555,0.61577,0.61542,0.61552,1078,18
1724209200,0.61552,0.61628,0.6153,0.6162,1764,17
1724212800,0.6162,0.6162,0.61466,0.61504,2278,17
1724216400,0.61504,0.61534,0.61465,0.61472,1585,17
1724220000,0.61479,0.61525,0.61454,0.6147,1269,18
1724223600,0.61469,0.61479,0.61378,0.61417,1403,17
1724227200,0.61417,0.6147,0.61414,0.61438,1133,18
1724230800,0.61437,0.6145,0.61377,0.61424,2129,16
1724234400,0.61425,0.61461,0.61316,0.61356,2140,16
1724238000,0.61356,0.61406,0.61342,0.61373,1812,17
1724241600,0.61373,0.61418,0.61361,0.61386,1297,17
1724245200,0.61386,0.61424,0.61357,0.61413,1094,18
1724248800,0.61413,0.61419,0.61344,0.61397,1198,16
1724252400,0.61397,0.61463,0.61389,0.61449,1703,16
1724256000,0.61453,0.61488,0.61407,0.6145,2815,16
1724259600,0.61451,0.61528,0.61332,0.61467,7631,15
1724263200,0.61467,0.61647,0.61457,0.61597,3490,15
1724266800,0.61594,0.61603,0.61522,0.6155,2405,17
1724270400,0.61549,0.61648,0.61546,0.61632,1374,16
1724274000,0.61535,0.6177,0.61535,0.61673,2749,15
1724277600,0.61673,0.61676,0.61561,0.61583,1397,18
1724281200,0.61586,0.61587,0.61528,0.61528,755,18
1724284800,0.61525,0.61568,0.61522,0.6154,419,23
1724288400,0.61541,0.61619,0.61537,0.61612,729,15
1724292000,0.61617,0.61635,0.61595,0.61609,780,15
1724295600,0.6161,0.61644,0.61529,0.61535,1826,14
1724299200,0.61536,0.61546,0.61457,0.61487,1744,18
1724302800,0.61487,0.61499,0.61427,0.61474,1344,17
1724306400,0.61475,0.61491,0.61467,0.61489,751,18
1724310000,0.61489,0.61523,0.61469,0.61504,867,18
1724313600,0.61504,0.61545,0.61474,0.61525,805,18
1724317200,0.61526,0.61609,0.61521,0.61574,1426,17
1724320800,0.61574,0.61661,0.61571,0.61645,2001,17
1724324400,0.61643,0.61689,0.61598,0.61602,1736,17
1724328000,0.61598,0.61616,0.61533,0.61587,1506,17
1724331600,0.61588,0.61588,0.61521,0.61547,1441,17
1724335200,0.61546,0.61554,0.61451,0.61502,1737,16
1724338800,0.61507,0.61587,0.61425,0.61569,2708,14
1724342400,0.61569,0.6157,0.61334,0.61413,3767,16
1724346000,0.6141,0.61447,0.6127,0.61429,4108,16
1724349600,0.61429,0.61431,0.61344,0.6138,3018,16
1724353200,0.6138,0.61422,0.61346,0.6137,2272,17
1724356800,0.61369,0.6138,0.6131,0.61319,2226,17
1724360400,0.6132,0.61414,0.6132,0.61404,1440,17
1724364000,0.614,0.61423,0.6133,0.61354,1365,17
1724367600,0.61354,0.61401,0.6129,0.61307,707,18
1724371200,0.61307,0.61394,0.61293,0.61362,787,22
1724374800,0.61353,0.61416,0.61351,0.61397,790,16
1724378400,0.61398,0.61447,0.61396,0.61407,1142,16
1724382000,0.61407,0.61479,0.61395,0.61448,2134,16
1724385600,0.61447,0.61536,0.61438,0.61528,1897,16
1724389200,0.61528,0.61545,0.61458,0.6149,1397,17
1724392800,0.6149,0.61528,0.61482,0.6149,1050,17
1724396400,0.6149,0.61527,0.61485,0.61523,831,16
1724400000,0.61524,0.61544,0.61505,0.61528,1038,16
1724403600,0.61529,0.61592,0.61503,0.61548,1546,16
1724407200,0.61549,0.61566,0.61467,0.61511,1917,15
1724410800,0.6151,0.61544,0.61487,0.61526,1597,16
1724414400,0.61525,0.61588,0.61516,0.61549,1211,17
1724418000,0.61549,0.61578,0.61519,0.61559,1173,14
1724421600,0.6156,0.61596,0.61545,0.61569,1193,17
1724425200,0.61569,0.616,0.61516,0.61586,1918,16
1724428800,0.61585,0.61617,0.61516,0.61614,2453,16
1724432400,0.61611,0.62094,0.61599,0.62033,8600,15
1724436000,0.62033,0.62221,0.62019,0.62104,4633,16
1724439600,0.62103,0.62144,0.62036,0.62139,3664,16
1724443200,0.62139,0.62278,0.62128,0.62263,2273,16
1724446800,0.62259,0.62334,0.62248,0.6227,1914,17
1724450400,0.6227,0.62328,0.62242,0.62318,1555,17
1724454000,0.62319,0.62354,0.6231,0.62319,898,19
1724630400,0.62187,0.62289,0.62187,0.6226,403,22
1724634000,0.6226,0.62307,0.622,0.62234,1107,14
1724637600,0.62234,0.62256,0.622,0.62228,1692,17
1724641200,0.62228,0.62317,0.62213,0.62267,2533,15
1724644800,0.62267,0.6231,0.62217,0.62229,2437,17
1724648400,0.62229,0.62295,0.62209,0.62213,1385,17
1724652000,0.62213,0.62224,0.62121,0.62148,1295,17
1724655600,0.62149,0.62183,0.62125,0.62138,1167,17
1724659200,0.62138,0.62154,0.6209,0.62131,1388,17
1724662800,0.62131,0.6216,0.62076,0.6209,2317,16
1724666400,0.62091,0.62109,0.62023,0.62075,1916,15
1724670000,0.62075,0.62124,0.62047,0.62061,1613,15
1724673600,0.62061,0.62076,0.62035,0.62044,1135,17
1724677200,0.62046,0.6208,0.62019,0.6207,1294,17
1724680800,0.6207,0.62081,0.61964,0.61997,1564,15
1724684400,0.61997,0.6207,0.61975,0.62047,2987,14
1724688000,0.62047,0.62092,0.62008,0.62048,3604,15
1724691600,0.62048,0.62148,0.62006,0.6212,3549,16
1724695200,0.62121,0.62132,0.62019,0.62027,2307,15
1724698800,0.62027,0.62129,0.6202,0.62126,1618,17
1724702400,0.62126,0.62159,0.62067,0.62097,1540,17
1724706000,0.62097,0.62105,0.62056,0.62092,1447,17
1724709600,0.62092,0.62111,0.62045,0.62062,1074,17
1724713200,0.62062,0.62065,0.62013,0.62029,509,20
1724716800,0.61944,0.62039,0.61944,0.62028,526,25
1724720400,0.62036,0.62066,0.62022,0.62052,825,14
1724724000,0.62051,0.6208,0.62038,0.6204,571,14
1724727600,0.62043,0.62061,0.61938,0.6196,1798,18
1724731200,0.6196,0.6215,0.61933,0.62124,2328,17
1724734800,0.62121,0.62126,0.62057,0.62108,1418,18
1724738400,0.62108,0.62155,0.62093,0.62152,1219,17
1724742000,0.62152,0.6219,0.6213,0.62184,983,17
1724745600,0.62184,0.62243,0.6218,0.6222,1599,17
1724749200,0.6222,0.62264,0.62159,0.6216,1803,16
1724752800,0.6216,0.62215,0.62113,0.62135,2192,15
1724756400,0.62135,0.62221,0.62131,0.62174,1689,16
1724760000,0.62174,0.62243,0.62161,0.62219,1533,16
1724763600,0.62219,0.6226,0.62198,0.62244,1475,15
1724767200,0.62244,0.62339,0.62237,0.62293,1566,15
1724770800,0.62293,0.62312,0.62238,0.62245,2212,16
1724774400,0.62245,0.62282,0.62203,0.62259,3001,16
1724778000,0.62254,0.62355,0.62217,0.62317,3490,15
1724781600,0.62317,0.62364,0.62294,0.62339,2545,16
1724785200,0.62339,0.62377,0.62324,0.62345,1910,15
1724788800,0.62345,0.62462,0.62338,0.62458,1541,16
1724792400,0.62454,0.62537,0.62453,0.62492,1862,15
1724796000,0.62492,0.62508,0.62454,0.62503,1126,17
1724799600,0.62503,0.62526,0.62494,0.62508,635,19
1724803200,0.62387,0.62513,0.62383,0.62504,819,16
1724806800,0.62504,0.62525,0.62455,0.62462,825,14
1724810400,0.62461,0.62466,0.62413,0.62416,966,15
1724814000,0.62416,0.62511,0.62411,0.62464,1489,18
1724817600,0.62464,0.62483,0.62352,0.62377,3201,17
1724821200,0.62378,0.62456,0.6237,0.62396,1807,16
1724824800,0.62396,0.62494,0.62393,0.62491,1444,16
1724828400,0.62491,0.62519,0.62438,0.62454,1361,16
1724832000,0.62454,0.62472,0.62287,0.62311,1872,17
1724835600,0.62309,0.62354,0.62231,0.6234,2272,15
1724839200,0.6234,0.62416,0.62334,0.62378,2121,16
1724842800,0.62378,0.62455,0.62375,0.62434,2307,16
1724846400,0.62434,0.62476,0.62407,0.62459,1950,16
1724850000,0.6246,0.62473,0.62397,0.62425,1433,16
1724853600,0.62424,0.6247,0.6237,0.6239,1642,17
1724857200,0.62392,0.62396,0.62323,0.62344,2717,15
1724860800,0.62344,0.6239,0.6232,0.62336,3128,16
1724864400,0.62336,0.62493,0.62332,0.62478,3780,17
1724868000,0.62478,0.62478,0.62398,0.62402,2851,15
1724871600,0.62402,0.62402,0.62284,0.62343,2185,16
1724875200,0.62345,0.62364,0.62283,0.62288,2300,15
1724878800,0.62288,0.62398,0.62277,0.62389,1699,17
1724882400,0.62389,0.62445,0.62386,0.62402,1335,18
1724886000,0.62402,0.6245,0.62395,0.6243,1075,18
1724889600,0.6243,0.6243,0.62357,0.62417,188,26
1724893200,0.62408,0.62459,0.62387,0.62453,857,14
1724896800,0.62453,0.62502,0.62448,0.62459,824,15
1724900400,0.62459,0.62638,0.62458,0.62595,2390,15
1724904000,0.62595,0.62912,0.62595,0.62826,3237,17
1724907600,0.62826,0.62846,0.62747,0.62767,1875,17
1724911200,0.62767,0.6289,0.62744,0.62866,1628,16
1724914800,0.6287,0.62939,0.6287,0.62912,1666,18
1724918400,0.62912,0.62944,0.6288,0.62916,1756,17
1724922000,0.62916,0.62982,0.62794,0.62838,2319,15
1724925600,0.62838,0.6286,0.6277,0.62814,2731,16
1724929200,0.62814,0.62815,0.62695,0.62736,3351,15
1724932800,0.62736,0.62814,0.62736,0.62795,2340,16
1724936400,0.62795,0.6282,0.62766,0.62783,1665,17
1724940000,0.62783,0.62794,0.62729,0.62752,1656,16
1724943600,0.62752,0.62756,0.62538,0.62568,4305,15
1724947200,0.62568,0.62591,0.62485,0.62531,4444,15
1724950800,0.62533,0.62577,0.62468,0.62545,4185,15
1724954400,0.62545,0.62651,0.62511,0.62651,2481,17
1724958000,0.6265,0.62702,0.62625,0.62635,2513,16
1724961600,0.62635,0.62697,0.62622,0.62686,1969,16
1724965200,0.62686,0.6269,0.62551,0.62595,2592,16
1724968800,0.62595,0.6263,0.62547,0.6256,1865,18
1724972400,0.62559,0.62587,0.62556,0.62564,705,19
1724976000,0.62548,0.62561,0.62472,0.62557,418,28
1724979600,0.62552,0.62601,0.6254,0.62599,945,16
1724983200,0.62598,0.62639,0.62588,0.62616,1060,19
1724986800,0.62617,0.62716,0.6261,0.62702,2134,19
1724990400,0.62702,0.62733,0.62645,0.62665,2443,17
1724994000,0.62665,0.62683,0.62616,0.62645,1060,17
1724997600,0.62645,0.62681,0.62611,0.62639,1489,16
1725001200,0.62639,0.62639,0.62572,0.62602,1239,18
1725004800,0.62601,0.62631,0.62582,0.62592,1404,17
1725008400,0.62592,0.62626,0.62507,0.6256,1834,15
1725012000,0.6256,0.62644,0.62489,0.62624,1944,15
1725015600,0.62623,0.62697,0.62605,0.62606,1580,17
1725019200,0.62607,0.62658,0.62588,0.62636,1437,16
1725022800,0.62636,0.62638,0.62558,0.62576,1233,15
1725026400,0.62576,0.62605,0.62554,0.62555,1269,16
1725030000,0.62555,0.62638,0.62409,0.62479,3274,15
1725033600,0.62479,0.62518,0.62395,0.62498,4315,15
1725037200,0.62498,0.6261,0.62475,0.62556,5296,16
1725040800,0.62556,0.62558,0.62355,0.62403,3718,16
1725044400,0.62403,0.62425,0.62288,0.62351,3126,17
1725048000,0.62351,0.62419,0.6234,0.62401,2038,17
1725051600,0.62401,0.62492,0.62399,0.62492,1459,15
1725055200,0.62492,0.62502,0.62438,0.6249,1203,19
1725058800,0.6249,0.62537,0.6247,0.62483,972,19
1725235200,0.62377,0.62458,0.62377,0.6245,196,40
1725238800,0.6245,0.62523,0.62432,0.62505,452,16
1725242400,0.62505,0.62506,0.62443,0.62455,1056,17
1725246000,0.62455,0.62503,0.6243,0.62476,2091,17
1725249600,0.62476,0.62516,0.62388,0.62391,1878,16
1725253200,0.62391,0.62391,0.62294,0.62343,1958,18
1725256800,0.62344,0.62391,0.62307,0.62368,1514,18
1725260400,0.62368,0.62368,0.62304,0.62321,975,17
1725264000,0.62325,0.62396,0.62316,0.62319,1392,15
1725267600,0.62319,0.62385,0.62314,0.62333,1807,16
1725271200,0.62332,0.62358,0.62237,0.62273,2075,17
1725274800,0.62273,0.6234,0.62268,0.62316,1790,16
1725278400,0.62317,0.6234,0.62279,0.62296,1371,16
1725282000,0.62296,0.62297,0.62225,0.62242,1057,15
1725285600,0.62242,0.62254,0.62203,0.6223,1235,17
1725289200,0.62229,0.62282,0.62225,0.62281,1270,16
1725292800,0.62281,0.6231,0.62247,0.62255,1753,17
1725296400,0.62254,0.62337,0.622,0.62305,1808,16
1725300000,0.62305,0.6232,0.62269,0.62281,1021,16
1725303600,0.62281,0.62281,0.62236,0.62272,617,16
1725307200,0.62272,0.62303,0.6227,0.62303,416,19
1725310800,0.62303,0.62323,0.62301,0.62313,269,19
1725314400,0.62313,0.62352,0.62312,0.62352,275,18
1725318000,0.62352,0.62352,0.62259,0.62259,305,21
1725321600,0.62257,0.62324,0.62222,0.62318,175,31
1725325200,0.62322,0.62332,0.62244,0.62245,383,15
1725328800,0.62245,0.62289,0.62221,0.62287,816,18
1725332400,0.62288,0.62349,0.62179,0.62232,2209,17
1725336000,0.62231,0.62269,0.62134,0.62217,2624,16
1725339600,0.62217,0.6224,0.62156,0.62165,1698,18
1725343200,0.62165,0.62165,0.61957,0.61984,2935,16
1725346800,0.61984,0.61991,0.61837,0.61896,2472,17
1725350400,0.61896,0.61941,0.6188,0.61928,2380,18
1725354000,0.61928,0.61928,0.61825,0.61904,2511,16
1725357600,0.61904,0.62022,0.619,0.61957,2521,15
1725361200,0.61957,0.61991,0.61924,0.61939,2163,16
1725364800,0.61939,0.61947,0.61854,0.61854,1844,15
1725368400,0.61855,0.6187,0.61824,0.61848,1787,15
1725372000,0.61848,0.61887,0.6184,0.61849,1596,17
1725375600,0.6185,0.62001,0.61842,0.61942,2248,16
1725379200,0.61943,0.62046,0.61928,0.61992,3934,15
1725382800,0.61976,0.62078,0.61807,0.61862,5950,16
1725386400,0.61862,0.61886,0.61828,0.61875,2762,15
1725390000,0.61875,0.6194,0.61858,0.61875,1835,17
1725393600,0.61873,0.61891,0.61806,0.61811,1641,17
1725397200,0.61811,0.61864,0.6179,0.6185,1670,16
1725400800,0.6185,0.61898,0.61834,0.61853,2008,17
1725404400,0.61853,0.61879,0.61832,0.61858,932,17
1725408000,0.61858,0.61858,0.61811,0.61845,384,25
1725411600,0.61845,0.61894,0.61812,0.61857,979,15
1725415200,0.61857,0.61896,0.61825,0.61851,1532,18
1725418800,0.61851,0.61875,0.61693,0.61696,3125,17
1725422400,0.61696,0.61811,0.61694,0.61764,3102,16
1725426000,0.61765,0.61809,0.61681,0.61778,2312,17
1725429600,0.61778,0.61812,0.61738,0.61775,1454,19
1725433200,0.61775,0.61846,0.61775,0.61834,861,16
1725436800,0.61834,0.6185,0.61798,0.61815,1309,18
1725440400,0.61815,0.61853,0.61724,0.61853,1954,16
1725444000,0.61853,0.61857,0.61781,0.6182,2415,15
1725447600,0.61821,0.61881,0.61779,0.6178,2121,16
1725451200,0.6178,0.61899,0.61768,0.61869,1381,16
1725454800,0.61869,0.61878,0.61833,0.61866,1220,17
1725458400,0.61865,0.61906,0.61843,0.61867,1527,15
1725462000,0.61867,0.61899,0.61776,0.61896,2350,16
1725465600,0.61897,0.61991,0.61883,0.61978,3165,14
1725469200,0.61979,0.62156,0.61933,0.62068,6556,15
1725472800,0.62068,0.62085,0.61955,0.61974,2989,15
1725476400,0.61974,0.62029,0.61945,0.62008,2220,17
1725480000,0.62008,0.62029,0.61894,0.61903,2306,17
1725483600,0.619,0.61971,0.61896,0.61919,2102,16
1725487200,0.61919,0.61992,0.61908,0.61975,1869,18
1725490800,0.61972,0.61996,0.6196,0.61978,853,18
1725494400,0.61978,0.61986,0.61828,0.61984,273,19
1725498000,0.61986,0.61995,0.61961,0.6197,635,15
1725501600,0.61971,0.61972,0.61836,0.61849,1284,17
1725505200,0.61851,0.61866,0.61772,0.61836,2408,17
1725508800,0.61837,0.62,0.6182,0.61942,2448,15
1725512400,0.61942,0.61982,0.6193,0.61952,1524,18
1725516000,0.61952,0.62005,0.6195,0.61982,1258,17
1725519600,0.61982,0.62013,0.61947,0.62003,1238,17
1725523200,0.62003,0.62034,0.61987,0.62018,1231,18
1725526800,0.62021,0.6208,0.62001,0.62016,2125,16
1725530400,0.62016,0.62031,0.61943,0.61972,2268,16
1725534000,0.61969,0.6205,0.61938,0.62028,2044,17
1725537600,0.62028,0.6205,0.61998,0.62009,1533,16
1725541200,0.62009,0.62089,0.61995,0.62081,1092,15
1725544800,0.62081,0.62103,0.62028,0.62063,1492,17
1725548400,0.62063,0.6221,0.62059,0.62165,4451,14
1725552000,0.62165,0.62243,0.62162,0.62224,3588,16
1725555600,0.62227,0.6223,0.62011,0.6204,4968,16
1725559200,0.6204,0.62106,0.62026,0.62098,2716,16
1725562800,0.62098,0.62185,0.62096,0.6216,2323,17
1725566400,0.6216,0.62213,0.62139,0.6221,2079,17
1725570000,0.6221,0.62253,0.62191,0.62203,2049,15
1725573600,0.62203,0.62207,0.62165,0.6219,1266,19
1725577200,0.62191,0.62242,0.62185,0.62225,551,19
1725580800,0.62225,0.62225,0.62133,0.62211,268,23
1725584400,0.62211,0.62238,0.622,0.62209,745,15
1725588000,0.62211,0.62236,0.62202,0.62228,739,17
1725591600,0.62227,0.62247,0.62197,0.62214,1869,18
1725595200,0.62214,0.62223,0.62145,0.62197,1741,16
1725598800,0.62197,0.62219,0.62127,0.62133,1253,18
1725602400,0.62133,0.62173,0.62127,0.62136,854,18
1725606000,0.62137,0.6219,0.6212,0.62168,1266,18
1725609600,0.62168,0.6219,0.62085,0.62112,1667,17
1725613200,0.62112,0.62242,0.6211,0.62238,2135,17
1725616800,0.62238,0.62267,0.62199,0.62262,2259,15
1725620400,0.62262,0.62284,0.62205,0.62266,1666,15
1725624000,0.62265,0.6229,0.62212,0.62288,1573,16
1725627600,0.62288,0.62289,0.62253,0.62258,1364,16
1725631200,0.62258,0.62272,0.62202,0.62221,1596,16
1725634800,0.62221,0.62533,0.62022,0.62347,6252,15
1725638400,0.62346,0.62375,0.61912,0.61986,7304,15
1725642000,0.61986,0.62116,0.61943,0.61987,7309,15
1725645600,0.61988,0.62223,0.6173,0.61761,7583,16
1725649200,0.61761,0.61761,0.6155,0.61629,4055,17
1725652800,0.61629,0.61755,0.61577,0.61707,3482,15
1725656400,0.61708,0.61743,0.6166,0.61715,2684,17
1725660000,0.61714,0.61751,0.61698,0.61737,1714,19
1725663600,0.61737,0.61738,0.61699,0.6173,1266,19
1725840000,0.61728,0.61751,0.61643,0.6167,246,39
1725843600,0.61681,0.61754,0.61676,0.61716,1051,14
1725847200,0.61718,0.61753,0.61683,0.61684,1369,14
1725850800,0.61684,0.61762,0.61681,0.6171,2356,15
1725854400,0.6171,0.61838,0.6171,0.61826,2902,17
1725858000,0.61826,0.61854,0.61809,0.61825,1603,17
1725861600,0.61825,0.61837,0.61711,0.61718,1421,17
1725865200,0.61718,0.6174,0.61664,0.61672,1167,18
1725868800,0.61672,0.61672,0.6159,0.61608,1274,18
1725872400,0.61608,0.61615,0.61518,0.61518,2393,17
1725876000,0.61518,0.61534,0.61438,0.61505,2540,17
1725879600,0.61505,0.61513,0.61331,0.61348,2115,17
1725883200,0.61348,0.61406,0.61341,0.61379,1521,17
1725886800,0.61379,0.61379,0.61238,0.61307,1355,17
1725890400,0.61307,0.61371,0.61298,0.61358,1252,17
1725894000,0.61357,0.61396,0.61315,0.61343,1937,16
1725897600,0.61342,0.61463,0.61336,0.61461,2472,16
1725901200,0.61461,0.61473,0.61364,0.61413,3170,17
1725904800,0.61413,0.61484,0.61369,0.61471,2595,16
1725908400,0.61471,0.61558,0.61463,0.61543,1581,17
1725912000,0.61543,0.61576,0.61489,0.61489,1597,17
1725915600,0.61489,0.61501,0.61422,0.61425,1688,17
1725919200,0.61425,0.61431,0.61376,0.61424,1131,15
1725922800,0.61425,0.6147,0.61409,0.61437,652,17
1725926400,0.61371,0.61464,0.61343,0.61442,229,23
1725930000,0.61443,0.61498,0.61438,0.61466,506,14
1725933600,0.61465,0.61467,0.61401,0.61407,912,19
1725937200,0.61407,0.61417,0.61301,0.61313,2131,18
1725940800,0.61313,0.6138,0.6131,0.61377,2017,17
1725944400,0.61377,0.61387,0.61321,0.61362,1733,16
1725948000,0.61362,0.61435,0.61362,0.61418,1187,17
1725951600,0.61418,0.61482,0.61418,0.61476,993,18
1725955200,0.61477,0.61548,0.61462,0.61532,1403,18
1725958800,0.61532,0.61577,0.61508,0.6155,1856,18
1725962400,0.6155,0.61554,0.61484,0.61495,2031,16
1725966000,0.61493,0.61531,0.61461,0.6149,1533,17
1725969600,0.6149,0.61608,0.6146,0.61577,1661,17
1725973200,0.61577,0.61618,0.61551,0.61608,1313,17
1725976800,0.6161,0.61643,0.61525,0.61537,1410,17
1725980400,0.61537,0.61599,0.61511,0.61529,2192,17
1725984000,0.61529,0.61553,0.6141,0.61455,3130,17
1725987600,0.61455,0.61488,0.61412,0.6148,3707,15
1725991200,0.6148,0.61573,0.61474,0.61528,2608,17
1725994800,0.61528,0.61529,0.61464,0.61488,2134,17
1725998400,0.61488,0.61524,0.6148,0.61504,1946,17
1726002000,0.61504,0.61569,0.61497,0.61543,1948,17
1726005600,0.61543,0.61551,0.61515,0.61529,1216,19
1726009200,0.61528,0.61537,0.61477,0.61487,727,18
1726012800,0.61487,0.61499,0.61393,0.61462,573,24
1726016400,0.61459,0.61497,0.61456,0.61497,560,17
1726020000,0.61497,0.61531,0.61472,0.61484,1086,19
1726023600,0.61484,0.61495,0.61397,0.61405,2413,19
1726027200,0.61406,0.61492,0.61348,0.6147,3028,18
1726030800,0.6147,0.61531,0.61439,0.61443,2334,18
1726034400,0.61443,0.61445,0.61395,0.61402,1928,17
1726038000,0.61402,0.61422,0.61354,0.61407,1689,18
1726041600,0.61406,0.61473,0.61403,0.61457,1804,18
1726045200,0.6145,0.61536,0.61432,0.61522,2347,17
1726048800,0.61522,0.61561,0.6146,0.61474,2292,16
1726052400,0.61474,0.61505,0.61446,0.61452,1737,17
1726056000,0.61451,0.61492,0.61412,0.61418,1548,17
1726059600,0.61419,0.61477,0.61391,0.61475,1545,17
1726063200,0.61474,0.61501,0.61431,0.61475,1524,16
1726066800,0.61476,0.61476,0.61133,0.61261,5967,15
1726070400,0.61261,0.61359,0.61197,0.61203,5628,15
1726074000,0.61203,0.61209,0.61055,0.61144,5196,16
1726077600,0.61144,0.61242,0.61128,0.61199,3458,17
1726081200,0.61199,0.61251,0.61181,0.6123,3192,17
1726084800,0.61231,0.61312,0.61225,0.61289,2692,17
1726088400,0.61289,0.6138,0.61284,0.61304,1937,17
1726092000,0.61305,0.61359,0.61294,0.61334,1854,18
1726095600,0.61335,0.61371,0.61328,0.61354,919,18
1726099200,0.61354,0.61371,0.61202,0.6136,531,25
1726102800,0.61356,0.61399,0.61354,0.61362,655,14
1726106400,0.61362,0.61368,0.61304,0.61312,925,19
1726110000,0.61311,0.61372,0.61293,0.61305,2054,17
1726113600,0.61305,0.61344,0.61279,0.61321,2218,17
1726117200,0.61321,0.61359,0.61271,0.61312,1708,17
1726120800,0.61312,0.61439,0.61306,0.61436,1118,18
1726124400,0.61436,0.61506,0.6143,0.61505,1167,18
1726128000,0.61505,0.61551,0.61492,0.61543,1219,18
1726131600,0.61541,0.61581,0.61472,0.61483,1773,17
1726135200,0.61484,0.61486,0.61358,0.6136,2319,16
1726138800,0.6136,0.61384,0.61286,0.61309,2201,15
1726142400,0.61309,0.61364,0.61303,0.61339,1370,17
1726146000,0.6134,0.61363,0.6131,0.61353,1313,18
1726149600,0.61353,0.61369,0.61311,0.61316,1670,17
1726153200,0.61315,0.61466,0.61304,0.61401,4495,14
1726156800,0.61402,0.61471,0.61336,0.61413,4539,15
1726160400,0.61412,0.61519,0.61378,0.61487,3665,17
1726164000,0.61487,0.61531,0.61454,0.6151,2666,16
1726167600,0.61509,0.61594,0.6149,0.61581,2226,17
1726171200,0.61581,0.61727,0.61574,0.61702,3085,18
1726174800,0.61703,0.61734,0.61659,0.61727,2951,18
1726178400,0.61726,0.61797,0.61717,0.61797,2264,19
1726182000,0.61797,0.61836,0.61729,0.61729,745,18
1726185600,0.61739,0.61817,0.61653,0.61811,278,18
1726189200,0.61809,0.61849,0.61807,0.61826,372,15
1726192800,0.61826,0.61875,0.61818,0.61862,1055,17
1726196400,0.61861,0.61909,0.6184,0.61903,2104,18
1726200000,0.61903,0.61929,0.61771,0.61795,2184,18
1726203600,0.61795,0.61854,0.61775,0.61795,1823,16
1726207200,0.61795,0.61835,0.61777,0.61805,1387,18
1726210800,0.61805,0.61856,0.618,0.61819,1205,18
1726214400,0.61819,0.61836,0.61791,0.61798,1411,18
1726218000,0.61794,0.61824,0.61742,0.61798,1851,18
1726221600,0.61797,0.61858,0.61743,0.6185,2250,15
1726225200,0.6185,0.61854,0.61785,0.61817,2131,16
1726228800,0.61817,0.61907,0.61807,0.61821,2018,17
1726232400,0.61817,0.61825,0.61707,0.61725,1598,17
1726236000,0.61725,0.61732,0.61617,0.61638,1573,17
1726239600,0.61638,0.6171,0.61622,0.61697,2310,17
1726243200,0.61698,0.61761,0.61674,0.61742,3190,17
1726246800,0.6174,0.61746,0.61629,0.61657,3774,16
1726250400,0.61657,0.61667,0.61609,0.61647,1878,16
1726254000,0.61647,0.61648,0.61579,0.61621,2399,18
1726257600,0.61621,0.61631,0.61591,0.61604,1509,19
1726261200,0.61605,0.61622,0.6154,0.61564,1822,18
1726264800,0.61563,0.61574,0.61511,0.61562,1130,17
1726268400,0.61562,0.61573,0.61547,0.61556,804,19
1726444800,0.61535,0.61592,0.61533,0.61592,167,40
1726448400,0.61592,0.61635,0.61573,0.61622,1137,16
1726452000,0.61622,0.61645,0.61605,0.61615,951,19
1726455600,0.61616,0.61629,0.61599,0.61613,1060,25
1726459200,0.61612,0.61625,0.61531,0.61536,1095,25
1726462800,0.61536,0.616,0.6153,0.61593,875,25
1726466400,0.61594,0.61769,0.61571,0.61765,1168,20
1726470000,0.61758,0.6179,0.61706,0.61731,1018,39
1726473600,0.61731,0.61743,0.61696,0.61717,709,37
1726477200,0.61729,0.61795,0.6171,0.61775,1919,17
1726480800,0.61775,0.61817,0.61736,0.61805,2038,24
1726484400,0.61805,0.61915,0.61794,0.61877,1881,23
1726488000,0.61876,0.61923,0.61851,0.61866,1820,14
1726491600,0.61866,0.6193,0.61863,0.61879,1390,14
1726495200,0.61879,0.61968,0.61828,0.6196,1441,14
1726498800,0.6196,0.61985,0.61853,0.61877,2888,15
1726502400,0.61878,0.61919,0.61825,0.61882,3266,15
1726506000,0.61882,0.61891,0.61825,0.61842,2774,15
1726509600,0.61842,0.61855,0.61795,0.61835,2287,15
1726513200,0.61833,0.619,0.61805,0.619,2258,16
1726516800,0.619,0.61901,0.6184,0.61895,1449,16
1726520400,0.61896,0.61905,0.61848,0.6187,1274,16
1726524000,0.61872,0.61936,0.61831,0.61928,932,14
1726527600,0.61928,0.62005,0.61924,0.62004,447,14
1726531200,0.62004,0.6202,0.61884,0.61979,275,19
1726534800,0.61981,0.62005,0.61922,0.61956,688,16
1726538400,0.61958,0.61962,0.61882,0.61946,1182,18
1726542000,0.61946,0.6196,0.6182,0.61822,1613,18
1726545600,0.61822,0.61913,0.61822,0.61892,1900,17
1726549200,0.61892,0.61955,0.6188,0.61937,1531,18
1726552800,0.61934,0.61936,0.61877,0.61889,1232,18
1726556400,0.61889,0.61889,0.61857,0.61878,936,18
1726560000,0.61878,0.61903,0.61847,0.6185,1180,18
1726563600,0.61849,0.61984,0.61848,0.61935,1999,18
1726567200,0.61935,0.62042,0.61931,0.62032,2235,16
1726570800,0.62031,0.62072,0.62013,0.62066,1766,16
1726574400,0.62066,0.62101,0.62023,0.62033,1492,17
1726578000,0.62033,0.6205,0.61987,0.61992,1339,17
1726581600,0.61991,0.6205,0.61958,0.62026,1304,17
1726585200,0.62026,0.62031,0.61811,0.61845,4275,15
1726588800,0.61843,0.61891,0.61773,0.61795,4022,15
1726592400,0.61797,0.61958,0.61794,0.61906,3512,16
1726596000,0.6191,0.61911,0.61805,0.61814,2560,17
1726599600,0.61814,0.61837,0.61771,0.61817,2682,17
1726603200,0.61817,0.61837,0.61748,0.61817,2485,17
1726606800,0.61817,0.61893,0.61802,0.61881,1974,17
1726610400,0.61883,0.61906,0.61833,0.61849,1158,18
1726614000,0.61853,0.61869,0.61827,0.61836,588,17
1726617600,0.61756,0.61856,0.61755,0.6182,295,19
1726621200,0.61821,0.61887,0.61821,0.61883,540,17
1726624800,0.61882,0.61938,0.61878,0.61912,722,19
1726628400,0.61911,0.62002,0.61904,0.61985,1931,18
1726632000,0.61985,0.62049,0.61978,0.62039,2030,17
1726635600,0.6204,0.62057,0.61993,0.62051,1545,18
1726639200,0.62054,0.62058,0.62011,0.62015,1294,17
1726642800,0.62015,0.62021,0.6194,0.61943,1063,17
1726646400,0.61943,0.61995,0.6193,0.61994,1141,18
1726650000,0.61994,0.6206,0.61994,0.62027,2098,16
1726653600,0.62029,0.62139,0.62028,0.62139,2305,16
1726657200,0.62137,0.62176,0.62112,0.62166,1788,17
1726660800,0.62168,0.62246,0.62151,0.62241,1584,17
1726664400,0.62241,0.62273,0.62224,0.62232,1451,17
1726668000,0.62232,0.6227,0.62209,0.62221,1410,18
1726671600,0.62221,0.6224,0.62173,0.62201,1854,16
1726675200,0.62201,0.62308,0.62195,0.62206,2250,16
1726678800,0.62207,0.62211,0.62038,0.62073,3010,15
1726682400,0.62073,0.62097,0.62002,0.62012,2146,16
1726686000,0.62012,0.62108,0.62009,0.62106,1902,17
1726689600,0.62104,0.62166,0.62041,0.62041,2039,16
1726693200,0.62035,0.62666,0.61993,0.62323,11456,17
1726696800,0.62322,0.62323,0.61869,0.619,8189,16
1726700400,0.619,0.6208,0.61887,0.61983,4008,17
1726704000,0.61957,0.62075,0.61957,0.62048,361,22
1726707600,0.62049,0.62196,0.62047,0.62177,1281,16
1726711200,0.62177,0.62185,0.62001,0.62087,2137,19
1726714800,0.62089,0.6213,0.61846,0.61851,4532,17
1726718400,0.61849,0.61978,0.61799,0.61976,3974,17
1726722000,0.61977,0.62221,0.61977,0.62193,3770,18
1726725600,0.62193,0.62267,0.62173,0.62199,3045,18
1726729200,0.62199,0.62201,0.62034,0.62134,2259,18
1726732800,0.62138,0.62195,0.62136,0.62181,2616,19
1726736400,0.62182,0.62384,0.62144,0.62377,3731,17
1726740000,0.62378,0.62511,0.62355,0.62445,3612,15
1726743600,0.62442,0.62617,0.62441,0.62556,3280,16
1726747200,0.62555,0.62677,0.62551,0.62668,3010,17
1726750800,0.62668,0.62677,0.62615,0.62641,2204,17
1726754400,0.6264,0.62671,0.62461,0.62503,3466,16
1726758000,0.62505,0.62523,0.62278,0.6228,5016,16
1726761600,0.62276,0.62416,0.62199,0.62246,5065,15
1726765200,0.6225,0.62345,0.62171,0.62331,4904,17
1726768800,0.62333,0.62394,0.6229,0.62392,3148,16
1726772400,0.62395,0.62445,0.62385,0.6242,2661,16
1726776000,0.6242,0.62489,0.62398,0.62483,2255,17
1726779600,0.62482,0.6251,0.62444,0.62477,2351,17
1726783200,0.6247,0.62487,0.62402,0.62435,1947,18
1726786800,0.62433,0.62437,0.6223,0.6223,953,21
1726790400,0.62226,0.62401,0.62226,0.62373,931,29
1726794000,0.62372,0.62407,0.62368,0.62384,1330,15
1726797600,0.62382,0.62387,0.62348,0.62353,962,18
1726801200,0.62354,0.62375,0.62311,0.62333,2491,18
1726804800,0.62333,0.62355,0.62241,0.62329,2982,18
1726808400,0.6233,0.62409,0.62317,0.62401,2327,18
1726812000,0.62401,0.62495,0.62401,0.6243,2846,18
1726815600,0.6243,0.62465,0.62397,0.62405,1655,18
1726819200,0.62405,0.62427,0.62346,0.62412,2041,18
1726822800,0.62413,0.62593,0.62413,0.62476,3571,17
1726826400,0.62478,0.62538,0.6238,0.624,3685,16
1726830000,0.62405,0.62423,0.6233,0.62361,2837,17
1726833600,0.62361,0.6239,0.62294,0.6231,1937,16
1726837200,0.62311,0.62332,0.62274,0.62282,1856,17
1726840800,0.62283,0.62288,0.62204,0.62276,1969,16
1726844400,0.62277,0.62432,0.62277,0.62413,2832,16
1726848000,0.62414,0.62419,0.62156,0.62174,3627,16
1726851600,0.62174,0.62268,0.62114,0.62203,4144,16
1726855200,0.62204,0.62333,0.6209,0.62324,4658,15
1726858800,0.62324,0.6249,0.62303,0.6247,3763,17
1726862400,0.62466,0.62475,0.62366,0.62382,2692,18
1726866000,0.62382,0.62423,0.62332,0.62421,2350,18
1726869600,0.62416,0.62432,0.62377,0.62383,1497,19
1726873200,0.62383,0.62391,0.62348,0.62359,1125,20
1727049600,0.62277,0.62345,0.62277,0.62341,245,23
1727053200,0.62341,0.62397,0.62332,0.6237,966,15
1727056800,0.62373,0.62398,0.62333,0.62344,1197,18
1727060400,0.6234,0.62366,0.62296,0.62343,1637,18
1727064000,0.62339,0.62376,0.62288,0.62331,2158,18
1727067600,0.62327,0.62357,0.62288,0.62351,1694,18
1727071200,0.62351,0.62431,0.62343,0.62368,1236,18
1727074800,0.62368,0.62466,0.6236,0.62446,1042,18
1727078400,0.62445,0.62481,0.6241,0.62448,1203,18
1727082000,0.62447,0.62478,0.62402,0.62417,2287,16
1727085600,0.62416,0.62417,0.62246,0.62272,4406,15
1727089200,0.62271,0.62361,0.62242,0.62353,3076,16
1727092800,0.62353,0.62463,0.62352,0.62449,1919,17
1727096400,0.62449,0.6254,0.62448,0.62486,1707,16
1727100000,0.62487,0.62571,0.62483,0.62563,2056,17
1727103600,0.62565,0.62613,0.62481,0.62597,2808,16
1727107200,0.62597,0.627,0.62567,0.62608,4072,15
1727110800,0.62609,0.62681,0.62567,0.62675,4104,16
1727114400,0.62677,0.62729,0.62624,0.6269,2650,15
1727118000,0.62688,0.62695,0.6262,0.62672,2751,16
1727121600,0.62675,0.62765,0.62642,0.62734,2120,17
1727125200,0.62734,0.6279,0.62709,0.62765,1538,18
1727128800,0.62766,0.62766,0.62726,0.6273,984,19
1727132400,0.6273,0.6273,0.626,0.626,572,19
1727136000,0.626,0.62679,0.62599,0.62646,484,23
1727139600,0.62647,0.62674,0.62633,0.62635,576,15
1727143200,0.62634,0.62673,0.6261,0.62659,861,19
1727146800,0.6266,0.62681,0.62593,0.62625,2131,17
1727150400,0.62627,0.62721,0.62581,0.62654,3308,18
1727154000,0.62653,0.62658,0.62581,0.62639,1996,17
1727157600,0.62639,0.62717,0.62639,0.62654,1871,17
1727161200,0.62654,0.62773,0.62609,0.62749,2038,16
1727164800,0.6275,0.62801,0.62667,0.62672,2907,17
1727168400,0.6267,0.62714,0.62583,0.627,3627,16
1727172000,0.627,0.62719,0.62594,0.62613,3163,16
1727175600,0.62613,0.6273,0.62603,0.62701,3007,16
1727179200,0.62699,0.62782,0.62688,0.62759,2258,17
1727182800,0.62759,0.62794,0.62753,0.62777,1626,17
1727186400,0.62777,0.62835,0.62718,0.62832,2135,16
1727190000,0.62836,0.63017,0.62832,0.63004,2884,15
1727193600,0.63004,0.63193,0.63003,0.63158,3674,16
1727197200,0.63158,0.63251,0.63133,0.63197,5037,16
1727200800,0.63197,0.63269,0.63164,0.63178,2718,15
1727204400,0.63179,0.63315,0.63178,0.63273,2569,16
1727208000,0.63272,0.633,0.63246,0.63293,1982,16
1727211600,0.63293,0.63328,0.63276,0.63324,1774,18
1727215200,0.63324,0.63398,0.63317,0.63393,1178,18
1727218800,0.63393,0.63417,0.63373,0.63374,657,19
1727222400,0.63372,0.63372,0.63337,0.63359,271,18
1727226000,0.63359,0.63462,0.63359,0.63457,832,16
1727229600,0.63457,0.63516,0.63445,0.63514,1205,19
1727233200,0.6351,0.6353,0.63472,0.63528,2339,18
1727236800,0.63531,0.63546,0.63384,0.63435,3360,18
1727240400,0.63432,0.63465,0.63362,0.63369,2054,17
1727244000,0.6337,0.63378,0.63314,0.63348,1521,17
1727247600,0.63349,0.63353,0.63305,0.6332,1334,17
1727251200,0.6332,0.63366,0.63257,0.63272,1696,17
1727254800,0.63272,0.63296,0.63215,0.63252,2320,17
1727258400,0.63251,0.63288,0.63168,0.63206,2504,15
1727262000,0.63206,0.63246,0.63147,0.6318,2359,16
1727265600,0.63182,0.63184,0.63069,0.63096,1873,17
1727269200,0.63093,0.63147,0.63073,0.63145,1564,16
1727272800,0.63144,0.63161,0.63107,0.63153,1490,16
1727276400,0.63153,0.63179,0.63065,0.6311,2631,16
1727280000,0.63112,0.63224,0.63104,0.63127,4270,15
1727283600,0.63125,0.63126,0.62988,0.63012,3983,15
1727287200,0.63013,0.63039,0.62763,0.62773,3438,16
1727290800,0.62773,0.62787,0.62684,0.62687,2806,16
1727294400,0.62686,0.6272,0.62615,0.6271,2511,16
1727298000,0.6271,0.62728,0.62622,0.62636,2204,17
1727301600,0.62639,0.62688,0.62608,0.62614,1519,18
1727305200,0.62615,0.62648,0.62586,0.62586,1059,20
1727308800,0.62586,0.62638,0.62582,0.62638,418,19
1727312400,0.62638,0.62642,0.62584,0.62588,1027,16
1727316000,0.62588,0.626,0.62543,0.62545,1187,17
1727319600,0.62545,0.62643,0.62535,0.62615,2128,17
1727323200,0.62617,0.62686,0.62515,0.62634,2874,18
1727326800,0.62636,0.62689,0.62586,0.62678,2244,18
1727330400,0.62678,0.62701,0.62623,0.62679,1509,18
1727334000,0.62679,0.6268,0.62611,0.62632,1232,17
1727337600,0.6263,0.62797,0.62614,0.6279,2206,18
1727341200,0.62788,0.62828,0.6275,0.62819,2440,15
1727344800,0.6282,0.62867,0.62781,0.62815,2512,16
1727348400,0.62812,0.62874,0.62759,0.62817,2647,17
1727352000,0.62817,0.62885,0.62813,0.62859,2134,17
1727355600,0.62859,0.63057,0.62835,0.63052,2236,17
1727359200,0.63052,0.63109,0.63022,0.63052,2239,16
1727362800,0.63051,0.63145,0.62973,0.63126,4577,14
1727366400,0.6313,0.63155,0.62984,0.63015,5678,16
1727370000,0.63015,0.63158,0.6294,0.63137,5377,15
1727373600,0.63137,0.63313,0.63111,0.63252,3908,15
1727377200,0.63252,0.63255,0.63154,0.63179,3614,18
1727380800,0.63178,0.63265,0.63169,0.63254,3166,15
1727384400,0.63254,0.63294,0.63222,0.63263,2214,16
1727388000,0.63263,0.63303,0.63235,0.63272,1696,17
1727391600,0.63272,0.63279,0.63236,0.63269,1156,20
1727395200,0.63213,0.63262,0.63163,0.63244,150,21
1727398800,0.63244,0.63277,0.63244,0.63274,1719,16
1727402400,0.63274,0.63341,0.63218,0.63296,996,15
1727406000,0.63296,0.63296,0.63157,0.63186,2180,14
1727409600,0.63183,0.63231,0.63019,0.63085,3038,17
1727413200,0.63085,0.63096,0.63022,0.63052,2461,17
1727416800,0.63052,0.63104,0.63022,0.63063,2210,18
1727420400,0.63063,0.63068,0.63001,0.63035,1356,18
1727424000,0.63036,0.63066,0.62949,0.63018,3162,17
1727427600,0.63017,0.63139,0.62969,0.63081,4291,17
1727431200,0.6308,0.63087,0.63003,0.63038,3402,16
1727434800,0.63039,0.63096,0.6301,0.63081,2836,17
1727438400,0.63081,0.63162,0.63052,0.63131,2208,16
1727442000,0.6313,0.63195,0.63088,0.63128,2114,17
1727445600,0.63125,0.63222,0.63125,0.63191,2327,17
1727449200,0.63191,0.63551,0.63175,0.63536,4467,15
1727452800,0.63536,0.63566,0.63405,0.63538,4492,16
1727456400,0.63536,0.63663,0.6353,0.63637,4743,16
1727460000,0.63637,0.63637,0.63387,0.6341,3969,16
1727463600,0.63409,0.63473,0.63338,0.63454,3239,17
1727467200,0.63456,0.6347,0.63381,0.63466,2602,18
1727470800,0.63468,0.63525,0.63392,0.63525,2290,18
1727474400,0.6352,0.6352,0.63432,0.63446,1879,17
1727478000,0.63444,0.63447,0.63386,0.63405,1670,21
1727654400,0.63367,0.63387,0.63328,0.63359,265,29
1727658000,0.63366,0.63536,0.63361,0.6349,959,16
1727661600,0.63491,0.63498,0.63431,0.63482,1505,18
1727665200,0.63483,0.63637,0.63475,0.63617,2354,18
1727668800,0.63617,0.63739,0.63573,0.6363,3824,17
1727672400,0.63631,0.63662,0.6354,0.63614,2976,18
1727676000,0.63614,0.63681,0.63601,0.63673,2285,19
1727679600,0.63673,0.63726,0.63658,0.63704,1488,18
1727683200,0.63704,0.63761,0.63654,0.63656,2370,17
1727686800,0.63656,0.63692,0.63597,0.63633,2590,16
1727690400,0.63633,0.63679,0.63594,0.636,2891,17
1727694000,0.636,0.63635,0.63507,0.63573,3183,17
1727697600,0.63574,0.63591,0.63523,0.6353,2427,16
1727701200,0.63531,0.63549,0.63458,0.63479,1889,16
1727704800,0.63479,0.63551,0.6346,0.63514,1935,16
1727708400,0.63515,0.63552,0.63455,0.63515,2427,15
1727712000,0.63515,0.63659,0.635,0.63596,3622,16
1727715600,0.63594,0.63666,0.63506,0.63601,4968,14
1727719200,0.63601,0.63672,0.63561,0.63615,3731,17
1727722800,0.63615,0.63737,0.63605,0.63721,3054,17
1727726400,0.63721,0.63776,0.63703,0.63719,2098,18
1727730000,0.63718,0.6373,0.63363,0.63522,5379,18
1727733600,0.63522,0.63559,0.63409,0.6352,2532,19
1727737200,0.6352,0.63523,0.63466,0.63471,947,18
1727740800,0.63471,0.63471,0.63401,0.63431,321,17
1727744400,0.63436,0.63472,0.63412,0.63413,791,15
1727748000,0.63413,0.63478,0.63411,0.63437,1045,19
1727751600,0.63437,0.63465,0.63359,0.63419,2779,17
1727755200,0.63419,0.63453,0.63315,0.63406,2677,18
1727758800,0.63406,0.63409,0.63217,0.63246,1966,18
1727762400,0.63253,0.63265,0.63183,0.63209,2149,18
1727766000,0.63208,0.63322,0.63201,0.63315,1465,18
1727769600,0.63315,0.63371,0.63306,0.63328,1611,17
1727773200,0.63328,0.63354,0.63284,0.63305,2340,16
1727776800,0.63307,0.63345,0.63073,0.63105,4252,18
1727780400,0.63109,0.63157,0.6304,0.63118,2878,16
1727784000,0.63118,0.63245,0.63118,0.63222,2766,17
1727787600,0.63222,0.63224,0.63057,0.63104,2301,16
1727791200,0.63104,0.6317,0.63077,0.63161,2703,17
1727794800,0.63159,0.63191,0.63067,0.63084,2973,16
1727798400,0.63084,0.6315,0.62921,0.62967,5517,15
1727802000,0.62947,0.63107,0.62863,0.62918,7869,15
1727805600,0.62918,0.62928,0.62731,0.62825,4517,16
1727809200,0.62823,0.62853,0.62705,0.62767,4524,18
1727812800,0.62768,0.62872,0.62637,0.62859,4276,15
1727816400,0.62858,0.6297,0.62854,0.62964,2576,18
1727820000,0.62964,0.63007,0.62931,0.62943,1800,18
1727823600,0.62943,0.62951,0.62782,0.62792,1258,19
1727827200,0.62791,0.62817,0.62755,0.62777,477,23
1727830800,0.62777,0.62825,0.62758,0.62793,1133,18
1727834400,0.62794,0.62864,0.62766,0.62812,1212,19
1727838000,0.62813,0.62894,0.62803,0.62872,2188,17
1727841600,0.62881,0.63043,0.62878,0.63012,2964,18
1727845200,0.63013,0.63095,0.62987,0.63074,2406,18
1727848800,0.63076,0.63125,0.63039,0.63061,2757,18
1727852400,0.63061,0.6311,0.62949,0.62974,2040,17
1727856000,0.62971,0.63003,0.62834,0.6287,3889,19
1727859600,0.6287,0.62921,0.62831,0.62882,3047,17
1727863200,0.62885,0.62915,0.62842,0.62858,3014,15
1727866800,0.62859,0.62927,0.62827,0.6284,2396,17
1727870400,0.62841,0.62846,0.62782,0.62838,1822,17
1727874000,0.62838,0.62888,0.62822,0.62857,2186,16
1727877600,0.62859,0.62874,0.62825,0.62846,2186,16
1727881200,0.62846,0.62862,0.62761,0.62769,3386,17
1727884800,0.62771,0.62833,0.62661,0.62702,3812,17
1727888400,0.62702,0.62794,0.62601,0.62617,4545,16
1727892000,0.62617,0.62747,0.62599,0.62739,3189,17
1727895600,0.62739,0.62782,0.6266,0.62665,2760,17
1727899200,0.62665,0.62686,0.62595,0.62662,2235,18
1727902800,0.62662,0.62688,0.6257,0.62584,1729,17
1727906400,0.62584,0.62658,0.62575,0.62645,1074,19
1727910000,0.62646,0.62648,0.62612,0.62614,835,17
1727913600,0.62614,0.6263,0.62577,0.62605,433,25
1727917200,0.62609,0.62624,0.62586,0.62593,822,16
1727920800,0.62593,0.62616,0.62573,0.62574,1299,19
1727924400,0.62574,0.62574,0.62428,0.62446,2390,18
1727928000,0.62447,0.6248,0.62343,0.62451,3773,17
1727931600,0.62451,0.62506,0.62361,0.62458,2496,18
1727935200,0.62459,0.62471,0.62376,0.62423,1875,17
1727938800,0.62423,0.62439,0.6236,0.62367,1485,17
1727942400,0.62367,0.62394,0.62268,0.62333,2874,18
1727946000,0.62333,0.62443,0.62322,0.62395,3030,16
1727949600,0.62395,0.62415,0.62305,0.6233,3335,16
1727953200,0.62332,0.62337,0.62216,0.62218,2931,17
1727956800,0.62218,0.62233,0.62153,0.62191,2405,16
1727960400,0.62192,0.62205,0.62143,0.62204,2204,17
1727964000,0.62204,0.62257,0.62149,0.62231,2164,17
1727967600,0.62231,0.62242,0.62145,0.62188,3779,14
1727971200,0.62188,0.62308,0.62165,0.62282,4320,16
1727974800,0.62282,0.62292,0.62106,0.6217,7421,16
1727978400,0.62169,0.62227,0.62138,0.62145,4002,16
1727982000,0.62145,0.62238,0.6214,0.62185,3087,17
1727985600,0.62185,0.62211,0.62151,0.62167,2671,17
1727989200,0.62166,0.62181,0.62099,0.62103,1745,19
1727992800,0.62103,0.62156,0.62092,0.62137,1455,19
1727996400,0.62136,0.62136,0.621,0.62114,656,19
1728000000,0.62114,0.62116,0.62073,0.62105,214,25
1728003600,0.62107,0.62181,0.62099,0.62148,818,16
1728007200,0.62148,0.62172,0.62136,0.62155,1157,19
1728010800,0.62154,0.6218,0.62084,0.62128,1999,18
1728014400,0.62128,0.62146,0.62068,0.62124,3180,19
1728018000,0.62124,0.62184,0.62115,0.62144,2667,19
1728021600,0.62144,0.62152,0.6206,0.62098,2055,17
1728025200,0.62098,0.62117,0.62068,0.62085,1402,18
1728028800,0.62086,0.62129,0.62085,0.6211,2063,18
1728032400,0.6211,0.62119,0.62038,0.62046,2218,18
1728036000,0.62046,0.62047,0.61997,0.62026,2253,17
1728039600,0.62025,0.6204,0.61968,0.62015,1994,17
1728043200,0.62015,0.62023,0.61941,0.62021,1738,17
1728046800,0.62021,0.62053,0.61997,0.62006,1451,17
1728050400,0.62006,0.62069,0.61993,0.62052,1390,17
1728054000,0.62052,0.62081,0.61494,0.61529,5764,14
1728057600,0.61529,0.61658,0.61468,0.61585,5975,15
1728061200,0.61584,0.61715,0.61558,0.61641,5137,17
1728064800,0.61641,0.61662,0.61468,0.61548,4253,17
1728068400,0.61548,0.61561,0.61445,0.61549,2857,18
1728072000,0.61551,0.61611,0.61535,0.6158,2329,19
1728075600,0.61581,0.61612,0.6154,0.61609,1278,19
1728079200,0.61608,0.61641,0.61604,0.6161,1202,16
1728082800,0.61611,0.61614,0.6156,0.61566,1024,18
1728259200,0.61509,0.61614,0.61509,0.61568,550,42
1728262800,0.61512,0.61725,0.61512,0.6161,1635,14
1728266400,0.6161,0.61612,0.61554,0.61576,1301,18
1728270000,0.61575,0.61647,0.61545,0.61602,2541,16
1728273600,0.61602,0.61674,0.61573,0.61633,4047,18
1728277200,0.61633,0.61689,0.61621,0.61642,3003,17
1728280800,0.61642,0.6167,0.61611,0.6165,2159,17
1728284400,0.6165,0.61684,0.61601,0.61612,1152,18
1728288000,0.61612,0.61613,0.61553,0.61564,1289,18
1728291600,0.6156,0.6161,0.61509,0.61545,2255,16
1728295200,0.61546,0.61582,0.61447,0.61471,2603,16
1728298800,0.61471,0.61525,0.61401,0.61413,2461,16
1728302400,0.61413,0.61452,0.6135,0.61415,2189,16
1728306000,0.61415,0.61453,0.61358,0.61358,2217,16
1728309600,0.61358,0.61483,0.61332,0.61475,2372,17
1728313200,0.61474,0.61536,0.61412,0.6144,3044,15
1728316800,0.6144,0.61494,0.61373,0.61397,4013,17
1728320400,0.61397,0.61417,0.61165,0.61228,3818,16
1728324000,0.61227,0.61271,0.61197,0.61217,3077,16
1728327600,0.61217,0.6126,0.6119,0.61242,2456,17
1728331200,0.61242,0.61306,0.61242,0.61259,1625,17
1728334800,0.61259,0.61264,0.61125,0.61133,1947,18
1728338400,0.61133,0.61211,0.61115,0.61208,2067,18
1728342000,0.61206,0.61253,0.61205,0.61239,920,19
1728345600,0.61239,0.61262,0.61136,0.61254,235,21
1728349200,0.61268,0.61299,0.61238,0.61251,721,14
1728352800,0.61251,0.61304,0.61212,0.61267,1678,17
1728356400,0.61269,0.61441,0.61269,0.61416,2621,17
1728360000,0.61416,0.61441,0.61332,0.6141,4055,18
1728363600,0.61406,0.61409,0.61062,0.61232,6075,17
1728367200,0.61232,0.61333,0.61219,0.61239,4143,18
1728370800,0.61239,0.61273,0.61211,0.61245,1895,18
1728374400,0.61245,0.61286,0.61174,0.61206,4034,17
1728378000,0.61208,0.61225,0.61153,0.61204,3531,17
1728381600,0.61205,0.61315,0.61102,0.61303,3606,17
1728385200,0.61303,0.61307,0.61158,0.61226,2383,17
1728388800,0.61227,0.61248,0.61147,0.61174,2104,16
1728392400,0.61174,0.61197,0.61127,0.61167,1661,17
1728396000,0.61167,0.61268,0.61153,0.61251,1846,17
1728399600,0.61251,0.61274,0.61127,0.61207,2137,16
1728403200,0.61207,0.61278,0.61119,0.61162,3650,15
1728406800,0.61163,0.61254,0.61094,0.61136,3446,15
1728410400,0.61136,0.61222,0.61081,0.61202,2814,15
1728414000,0.61202,0.61243,0.61169,0.61199,2358,17
1728417600,0.612,0.61211,0.61108,0.61186,2410,17
1728421200,0.61183,0.6123,0.61175,0.61213,1671,18
1728424800,0.61213,0.61356,0.61202,0.61345,1369,19
1728428400,0.61345,0.61371,0.61327,0.61371,859,18
1728432000,0.61371,0.61381,0.6128,0.6137,633,21
1728435600,0.61353,0.614,0.61337,0.6139,723,16
1728439200,0.6139,0.61392,0.61261,0.61297,1186,17
1728442800,0.61297,0.61373,0.61251,0.61341,2052,18
1728446400,0.61298,0.61323,0.60943,0.61059,6276,18
1728450000,0.6106,0.61105,0.60967,0.60993,3776,18
1728453600,0.60993,0.60998,0.60742,0.60865,3565,17
1728457200,0.60865,0.60941,0.60789,0.60833,2083,18
1728460800,0.60832,0.61103,0.60831,0.60975,6776,18
1728464400,0.60974,0.6104,0.60872,0.60877,3233,16
1728468000,0.60877,0.60881,0.60767,0.60846,3102,15
1728471600,0.60846,0.60907,0.60753,0.60808,2148,16
1728475200,0.60808,0.60889,0.60808,0.60862,1803,15
1728478800,0.60862,0.60865,0.6076,0.60764,1646,16
1728482400,0.60763,0.60805,0.60667,0.60695,1531,16
1728486000,0.60695,0.60756,0.60605,0.60642,1980,15
1728489600,0.60642,0.607,0.60576,0.60686,2973,15
1728493200,0.60686,0.60717,0.60518,0.60551,3085,15
1728496800,0.60551,0.60672,0.60551,0.60633,2708,15
1728500400,0.60633,0.60633,0.6058,0.60596,2088,17
1728504000,0.60596,0.60602,0.60531,0.60541,1654,16
1728507600,0.60531,0.6059,0.60527,0.60528,1583,17
1728511200,0.60529,0.60598,0.60528,0.6057,1166,18
1728514800,0.6057,0.60636,0.60549,0.6062,671,20
1728518400,0.6062,0.6062,0.60538,0.60591,374,23
1728522000,0.60591,0.60652,0.60581,0.60602,767,16
1728525600,0.60602,0.60732,0.60602,0.60673,1283,18
1728529200,0.60673,0.60702,0.60632,0.60662,2295,16
1728532800,0.60662,0.60815,0.60649,0.60784,3817,15
1728536400,0.60782,0.60884,0.60722,0.60818,4191,18
1728540000,0.60818,0.60906,0.60802,0.60867,2484,17
1728543600,0.60867,0.60907,0.60825,0.60902,1533,17
1728547200,0.60902,0.60913,0.60825,0.60842,2894,18
1728550800,0.60841,0.60881,0.60801,0.60824,2460,15
1728554400,0.60824,0.60842,0.60761,0.60767,2211,15
1728558000,0.60767,0.60768,0.60696,0.60747,1864,15
1728561600,0.60747,0.60777,0.6072,0.60773,1312,15
1728565200,0.60773,0.6081,0.60754,0.60772,1423,16
1728568800,0.60771,0.60778,0.60689,0.6072,1674,15
1728572400,0.6072,0.60951,0.60484,0.60854,6448,15
1728576000,0.60854,0.60927,0.60721,0.60789,6213,15
1728579600,0.60789,0.60849,0.60702,0.60745,5313,15
1728583200,0.60745,0.6087,0.60725,0.60841,3233,15
1728586800,0.60841,0.60878,0.6069,0.60712,3031,15
1728590400,0.60712,0.60848,0.60647,0.60828,3190,16
1728594000,0.60828,0.6086,0.60797,0.60802,1599,18
1728597600,0.60801,0.6089,0.60775,0.60887,1334,20
1728601200,0.60888,0.60937,0.60886,0.60915,574,19
1728604800,0.60819,0.60937,0.60804,0.60934,890,26
1728608400,0.60913,0.60947,0.60902,0.6093,701,17
1728612000,0.60932,0.60963,0.60925,0.60944,1224,18
1728615600,0.60943,0.6098,0.6092,0.60955,1966,18
1728619200,0.60955,0.61051,0.60934,0.60953,2138,18
1728622800,0.60953,0.61004,0.60909,0.60992,1706,17
1728626400,0.60992,0.61034,0.60974,0.61026,1462,18
1728630000,0.61026,0.6104,0.61002,0.61014,1338,18
1728633600,0.61013,0.61033,0.60938,0.60959,1016,17
1728637200,0.60959,0.60961,0.60866,0.60935,1943,15
1728640800,0.60934,0.6099,0.60901,0.60986,1925,15
1728644400,0.60986,0.61011,0.6096,0.60967,1801,15
1728648000,0.60966,0.61001,0.6089,0.60902,1581,15
1728651600,0.60902,0.60928,0.60884,0.60928,1380,16
1728655200,0.60928,0.60941,0.6083,0.60888,1469,16
1728658800,0.60888,0.61041,0.6083,0.60896,3999,15
1728662400,0.60896,0.60993,0.60831,0.60975,3656,15
1728666000,0.60975,0.61034,0.60963,0.6098,4196,15
1728669600,0.6098,0.61127,0.60972,0.61094,2391,15
1728673200,0.61094,0.61148,0.61081,0.61129,1670,17
1728676800,0.61129,0.61165,0.6112,0.61152,1395,18
1728680400,0.6115,0.61186,0.61139,0.61139,806,15
1728684000,0.61139,0.6114,0.61087,0.61093,921,18
1728687600,0.61093,0.61108,0.61065,0.6108,585,20
1728864000,0.60964,0.61018,0.60958,0.60976,494,28
1728867600,0.60979,0.60999,0.60893,0.60905,1041,14
1728871200,0.60911,0.60971,0.60865,0.60894,1821,18
1728874800,0.60894,0.6102,0.60874,0.6095,2251,18
1728878400,0.6095,0.60982,0.60873,0.60908,4278,17
1728882000,0.60908,0.60909,0.60814,0.60894,3434,17
1728885600,0.60894,0.60983,0.60874,0.6091,2083,18
1728889200,0.60914,0.60935,0.60898,0.60916,737,18
1728892800,0.60916,0.60957,0.60898,0.6095,1829,18
1728896400,0.60955,0.61006,0.60933,0.60942,2193,15
1728900000,0.6094,0.60959,0.60865,0.60882,2377,15
1728903600,0.60879,0.60922,0.60842,0.60885,1751,15
1728907200,0.60885,0.60931,0.60831,0.60833,1351,16
1728910800,0.60833,0.60844,0.60779,0.60785,1544,15
1728914400,0.60785,0.60802,0.60755,0.60792,1727,16
1728918000,0.60787,0.6082,0.60712,0.60733,2274,15
1728921600,0.60732,0.60984,0.60692,0.60927,4040,15
1728925200,0.60928,0.60966,0.60845,0.6092,4258,15
1728928800,0.6092,0.60937,0.60856,0.60886,2495,15
1728932400,0.60885,0.6089,0.6084,0.60879,1734,17
1728936000,0.60878,0.60892,0.60833,0.60882,1125,18
1728939600,0.60879,0.60896,0.60832,0.60865,890,19
1728943200,0.60864,0.60924,0.60799,0.609,1890,19
1728946800,0.60901,0.60951,0.60894,0.60945,715,20
1728950400,0.60879,0.60951,0.60875,0.60949,260,24
1728954000,0.60943,0.60951,0.60908,0.60937,588,15
1728957600,0.60937,0.60945,0.60878,0.60892,954,17
1728961200,0.60892,0.60915,0.60836,0.60901,1734,17
1728964800,0.60901,0.60928,0.60833,0.60868,1912,16
1728968400,0.60869,0.60926,0.60863,0.6089,2755,17
1728972000,0.60891,0.60919,0.60843,0.60878,1741,17
1728975600,0.60878,0.60879,0.60813,0.60828,1331,17
1728979200,0.60827,0.60829,0.6075,0.60784,2120,18
1728982800,0.60778,0.60836,0.60741,0.60818,2902,16
1728986400,0.60817,0.60821,0.60729,0.6078,2757,15
1728990000,0.6078,0.60891,0.60754,0.60887,2166,15
1728993600,0.60887,0.60938,0.60863,0.6091,1857,15
1728997200,0.60911,0.6092,0.60845,0.60867,1923,15
1729000800,0.60867,0.60933,0.60863,0.609,1869,15
1729004400,0.60901,0.60978,0.60891,0.6097,2813,15
1729008000,0.6097,0.6105,0.60932,0.60949,3426,16
1729011600,0.60947,0.61012,0.60858,0.60904,4224,15
1729015200,0.60904,0.60914,0.60833,0.60847,3522,15
1729018800,0.60848,0.60862,0.60784,0.60801,1774,17
1729022400,0.60801,0.60801,0.60732,0.60745,1500,17
1729026000,0.6077,0.60814,0.60742,0.60774,1416,18
1729029600,0.60775,0.60799,0.60767,0.60786,1302,18
1729033200,0.60784,0.60836,0.60768,0.60821,795,19
1729036800,0.60746,0.6087,0.60589,0.60619,662,15
1729040400,0.60622,0.60729,0.60532,0.60601,1541,14
1729044000,0.60601,0.60622,0.60506,0.60509,1735,18
1729047600,0.60505,0.60543,0.60388,0.60483,3075,17
1729051200,0.60483,0.60632,0.60474,0.60617,3753,18
1729054800,0.60619,0.60651,0.60577,0.60634,2947,18
1729058400,0.60634,0.60726,0.60633,0.60644,2602,18
1729062000,0.60644,0.60658,0.60593,0.60612,1224,19
1729065600,0.60612,0.60638,0.60572,0.6063,1807,18
1729069200,0.6063,0.60651,0.60563,0.60627,3762,15
1729072800,0.60627,0.607,0.60596,0.60667,2839,15
1729076400,0.60668,0.60683,0.60624,0.6068,2102,15
1729080000,0.60679,0.6076,0.60668,0.60716,1944,15
1729083600,0.60716,0.6075,0.60677,0.60687,1726,15
1729087200,0.60687,0.60773,0.60673,0.60766,1714,16
1729090800,0.60766,0.60789,0.60635,0.60665,2275,15
1729094400,0.60665,0.60737,0.60643,0.60661,3244,15
1729098000,0.60662,0.60663,0.60564,0.60641,3426,15
1729101600,0.60641,0.60641,0.6054,0.60552,2848,16
1729105200,0.60551,0.60585,0.6052,0.60583,1689,16
1729108800,0.60584,0.60607,0.60565,0.60569,1127,18
1729112400,0.6057,0.60603,0.60552,0.60567,1076,19
1729116000,0.60567,0.60576,0.60539,0.60574,1006,19
1729119600,0.60573,0.60577,0.60554,0.60556,474,21
1729123200,0.60486,0.6057,0.6046,0.60563,107,25
1729126800,0.60579,0.60579,0.60533,0.6055,594,14
1729130400,0.6055,0.60582,0.60526,0.60573,1054,18
1729134000,0.60573,0.60659,0.60566,0.60639,2783,18
1729137600,0.60639,0.60719,0.60629,0.60699,2893,18
1729141200,0.60702,0.60747,0.60589,0.60662,3064,18
1729144800,0.60662,0.60666,0.6055,0.6059,2190,18
1729148400,0.6059,0.60624,0.60584,0.60595,1105,17
1729152000,0.60595,0.60656,0.60594,0.60654,1678,18
1729155600,0.60651,0.60656,0.60572,0.60579,2077,15
1729159200,0.6058,0.6058,0.60437,0.60514,2457,15
1729162800,0.60514,0.6054,0.60464,0.60515,1880,16
1729166400,0.60515,0.60625,0.60514,0.60605,1405,16
1729170000,0.60605,0.60694,0.60602,0.60684,1439,16
1729173600,0.60685,0.60734,0.60682,0.60682,1401,16
1729177200,0.60682,0.60687,0.60477,0.60629,4590,15
1729180800,0.60628,0.60658,0.60529,0.60623,5241,15
1729184400,0.60628,0.60636,0.60534,0.60595,4415,15
1729188000,0.60595,0.60696,0.60571,0.60614,3168,15
1729191600,0.60614,0.60623,0.60546,0.60605,2379,16
1729195200,0.60606,0.60642,0.60574,0.6062,1323,17
1729198800,0.60623,0.60625,0.60572,0.60576,1429,18
1729202400,0.60576,0.60596,0.60559,0.60587,1080,19
1729206000,0.60583,0.60593,0.60559,0.60588,505,19
1729209600,0.60521,0.60581,0.60521,0.6057,404,27
1729213200,0.60565,0.60614,0.60547,0.60549,617,16
1729216800,0.6055,0.60596,0.60524,0.60592,941,18
1729220400,0.60592,0.60622,0.60554,0.60572,2318,17
1729224000,0.60572,0.60652,0.60572,0.60616,2916,18
1729227600,0.60616,0.60714,0.6057,0.60642,2843,17
1729231200,0.60638,0.60653,0.60583,0.60602,1749,17
1729234800,0.60602,0.60616,0.60575,0.60588,1106,16
1729238400,0.60588,0.60628,0.60566,0.60621,2216,18
1729242000,0.60616,0.6071,0.6059,0.6066,2738,16
1729245600,0.60659,0.60708,0.60633,0.60662,1799,16
1729249200,0.60663,0.60708,0.6065,0.60688,1472,15
1729252800,0.60687,0.60726,0.60671,0.60704,1441,15
1729256400,0.60705,0.60757,0.6067,0.60743,1416,16
1729260000,0.60745,0.60758,0.60706,0.60722,1384,16
1729263600,0.60722,0.60756,0.60694,0.60733,2180,15
1729267200,0.60732,0.60792,0.60713,0.60728,2252,15
1729270800,0.60727,0.60744,0.60661,0.6069,2566,15
1729274400,0.60689,0.60701,0.60627,0.60634,2092,15
1729278000,0.60632,0.6074,0.60621,0.60725,2175,18
1729281600,0.60726,0.60731,0.6064,0.60662,1308,18
1729285200,0.6066,0.607,0.60642,0.6067,898,19
1729288800,0.60669,0.60698,0.60633,0.60691,1053,19
1729292400,0.60691,0.60725,0.60675,0.60693,662,21
1729468800,0.60687,0.60688,0.60642,0.60675,164,40
1729472400,0.60669,0.60777,0.60658,0.60734,850,19
1729476000,0.60735,0.60757,0.60718,0.60752,998,18
1729479600,0.60755,0.60776,0.60691,0.60731,1902,17
1729483200,0.6073,0.60818,0.60723,0.6077,2785,17
1729486800,0.60771,0.60832,0.60761,0.60773,2327,17
1729490400,0.60771,0.60818,0.60771,0.60805,1630,17
1729494000,0.60805,0.60812,0.60694,0.60714,1122,18
1729497600,0.60714,0.60738,0.60669,0.60702,1904,18
1729501200,0.60699,0.60702,0.60538,0.60551,2123,15
1729504800,0.60552,0.60663,0.60548,0.60628,1897,15
1729508400,0.60626,0.6065,0.60584,0.60585,1562,15
1729512000,0.60585,0.60608,0.60503,0.60512,1426,15
1729515600,0.60508,0.60526,0.60484,0.60503,1469,15
1729519200,0.60504,0.60563,0.60502,0.60552,1309,15
1729522800,0.60551,0.60655,0.60538,0.606,1938,15
1729526400,0.606,0.60612,0.60541,0.6057,2568,15
1729530000,0.6057,0.6058,0.60408,0.60414,2563,15
1729533600,0.60414,0.60415,0.6029,0.60319,2369,15
1729537200,0.60317,0.60335,0.60279,0.60331,1506,15
1729540800,0.60331,0.60347,0.60316,0.60337,1192,17
1729544400,0.60335,0.60349,0.60288,0.60294,1285,18
1729548000,0.60294,0.60329,0.60278,0.60314,1318,19
1729551600,0.60314,0.60325,0.60276,0.60278,780,19
1729555200,0.60209,0.60302,0.60209,0.60285,182,19
1729558800,0.60285,0.60311,0.6025,0.60253,648,15
1729562400,0.60252,0.60257,0.60207,0.60221,1098,18
1729566000,0.60221,0.60288,0.602,0.60252,1947,17
1729569600,0.60252,0.60381,0.60246,0.60374,2894,17
1729573200,0.60373,0.60411,0.60369,0.60383,2290,18
1729576800,0.60382,0.60501,0.6038,0.60493,1709,17
1729580400,0.60493,0.60562,0.60484,0.60555,965,18
1729584000,0.60555,0.60589,0.60503,0.60504,1504,16
1729587600,0.60505,0.60588,0.60504,0.60514,2161,16
1729591200,0.60513,0.60569,0.60505,0.6053,2312,16
1729594800,0.60529,0.60591,0.60492,0.60494,1877,15
1729598400,0.60493,0.60548,0.60458,0.60489,1626,15
1729602000,0.60488,0.60575,0.6048,0.60528,1677,16
1729605600,0.60529,0.60539,0.60497,0.60511,1333,15
1729609200,0.6051,0.6057,0.60506,0.60529,2027,15
1729612800,0.60527,0.60602,0.60496,0.60523,3145,15
1729616400,0.60523,0.6053,0.60419,0.60465,3253,15
1729620000,0.60465,0.60479,0.60413,0.60426,2079,15
1729623600,0.60424,0.60464,0.60398,0.60462,1544,17
1729627200,0.60463,0.60525,0.60444,0.6052,1558,18
1729630800,0.60531,0.60531,0.60441,0.60441,1235,18
1729634400,0.60441,0.6047,0.60424,0.60426,1252,18
1729638000,0.60424,0.60429,0.60394,0.60418,693,19
1729641600,0.60408,0.60444,0.604,0.60436,290,21
1729645200,0.60444,0.60444,0.60404,0.60419,481,14
1729648800,0.60419,0.60443,0.60402,0.60424,755,18
1729652400,0.60423,0.60445,0.60311,0.60326,1943,17
1729656000,0.6033,0.60408,0.60275,0.60406,2860,18
1729659600,0.60407,0.60496,0.60404,0.60476,2544,15
1729663200,0.60476,0.60521,0.60411,0.60417,1466,18
1729666800,0.60417,0.6043,0.60359,0.60371,1116,16
1729670400,0.60373,0.60385,0.6034,0.6037,1732,17
1729674000,0.60372,0.60373,0.60297,0.60311,2016,16
1729677600,0.60316,0.60318,0.60254,0.60267,2179,15
1729681200,0.60265,0.60302,0.60252,0.60268,1813,16
1729684800,0.60268,0.60276,0.60224,0.60226,1376,15
1729688400,0.60226,0.60269,0.60197,0.60207,1218,16
1729692000,0.60206,0.60219,0.60076,0.60083,1491,15
1729695600,0.60081,0.60111,0.60025,0.60096,2019,15
1729699200,0.60096,0.60121,0.60054,0.60069,2543,15
1729702800,0.60071,0.60106,0.60025,0.60055,3175,15
1729706400,0.60055,0.60072,0.60012,0.60043,2023,15
1729710000,0.60042,0.60043,0.59973,0.59996,1721,17
1729713600,0.59994,0.59996,0.59921,0.59934,1673,17
1729717200,0.59937,0.5999,0.59904,0.59971,1455,17
1729720800,0.59972,0.60053,0.59969,0.60052,1054,18
1729724400,0.60052,0.60063,0.60028,0.60039,535,19
1729728000,0.59981,0.60085,0.59981,0.60034,389,14
1729731600,0.6004,0.6004,0.59983,0.59986,596,14
1729735200,0.59986,0.60057,0.5998,0.60046,948,17
1729738800,0.60043,0.6011,0.59991,0.60103,2990,18
1729742400,0.60102,0.60123,0.60069,0.60097,2130,18
1729746000,0.60095,0.60141,0.60075,0.60122,1816,17
1729749600,0.60122,0.60148,0.60109,0.60115,1306,18
1729753200,0.60115,0.60157,0.60101,0.60149,1194,18
1729756800,0.60149,0.6015,0.60118,0.6013,1352,18
1729760400,0.6013,0.60211,0.60115,0.60182,1894,15
1729764000,0.60182,0.60275,0.60166,0.60233,2506,15
1729767600,0.60232,0.6031,0.6021,0.60267,1962,15
1729771200,0.60267,0.60283,0.60241,0.60255,1437,15
1729774800,0.60256,0.60301,0.60241,0.60278,1349,15
1729778400,0.60275,0.60313,0.60247,0.6027,1524,16
1729782000,0.60271,0.60307,0.60178,0.60231,3958,15
1729785600,0.60229,0.60248,0.60077,0.60135,4147,15
1729789200,0.6013,0.60184,0.6005,0.60075,3540,15
1729792800,0.60074,0.60118,0.60025,0.6006,2356,15
1729796400,0.60058,0.60102,0.60006,0.60082,2009,18
1729800000,0.60082,0.60194,0.60076,0.60127,1783,18
1729803600,0.60129,0.6018,0.60116,0.60165,1299,18
1729807200,0.60165,0.60181,0.60125,0.6016,1099,15
1729810800,0.60161,0.60163,0.60123,0.60142,505,17
1729814400,0.60069,0.60162,0.60069,0.60147,213,16
1729818000,0.60147,0.60153,0.60069,0.60071,420,14
1729821600,0.60071,0.60086,0.60054,0.60067,697,18
1729825200,0.60069,0.60069,0.59999,0.6003,1639,18
1729828800,0.60029,0.60059,0.59998,0.60042,1876,18
1729832400,0.60041,0.60094,0.60023,0.60048,1729,18
1729836000,0.60048,0.60048,0.59883,0.59923,1362,18
1729839600,0.59925,0.59933,0.59864,0.59913,1177,17
1729843200,0.59913,0.59983,0.5991,0.59961,1657,16
1729846800,0.59964,0.60025,0.59921,0.60002,1641,16
1729850400,0.60003,0.60022,0.59952,0.5997,1960,15
1729854000,0.59968,0.59992,0.59939,0.59976,1788,15
1729857600,0.59977,0.60057,0.59971,0.60027,1308,15
1729861200,0.60027,0.60041,0.59991,0.60023,1071,15
1729864800,0.60022,0.60077,0.59985,0.60043,1236,15
1729868400,0.60042,0.60116,0.59978,0.60105,2288,15
1729872000,0.60106,0.60127,0.60044,0.60044,2420,15
1729875600,0.60051,0.60106,0.6,0.60047,3352,15
1729879200,0.60048,0.6007,0.5991,0.59915,2317,15
1729882800,0.59913,0.59913,0.59829,0.59841,1847,17
1729886400,0.59841,0.59841,0.59771,0.59778,1656,17
1729890000,0.59776,0.59814,0.59747,0.59781,1314,19
1729893600,0.59782,0.59803,0.59737,0.59739,1368,18
1729897200,0.5974,0.59764,0.59732,0.59758,807,18
1730073600,0.59763,0.59845,0.59728,0.59781,494,48
1730077200,0.59781,0.59785,0.59734,0.59759,985,14
1730080800,0.5976,0.59834,0.59757,0.59774,1162,18
1730084400,0.59773,0.59815,0.59707,0.59711,1898,18
1730088000,0.59711,0.59754,0.59665,0.59689,2228,17
1730091600,0.59689,0.59718,0.59681,0.59692,1789,18
1730095200,0.59692,0.59705,0.59609,0.59611,1372,18
1730098800,0.59611,0.59653,0.5957,0.59635,1199,17
1730102400,0.59635,0.59645,0.59577,0.59619,1364,18
1730106000,0.5962,0.59689,0.59618,0.59673,1965,15
1730109600,0.59673,0.59739,0.59666,0.59696,1554,15
1730113200,0.59696,0.59752,0.59674,0.59747,1929,15
1730116800,0.59747,0.59773,0.5971,0.59743,1499,15
1730120400,0.59743,0.59845,0.59741,0.59831,1430,15
1730124000,0.59831,0.5987,0.59818,0.59859,1338,15
1730127600,0.59858,0.59902,0.59845,0.59887,1979,15
1730131200,0.59888,0.59968,0.59881,0.59947,2164,15
1730134800,0.59948,0.59949,0.59873,0.59918,2178,15
1730138400,0.59916,0.5992,0.59775,0.59782,2533,15
1730142000,0.59782,0.59821,0.59754,0.59771,1864,17
1730145600,0.59771,0.59792,0.5973,0.59746,1569,15
1730149200,0.59747,0.59796,0.5973,0.59768,1227,18
1730152800,0.59766,0.59818,0.59748,0.59802,1072,17
1730156400,0.59802,0.59808,0.59788,0.59795,488,17
1730160000,0.59795,0.59821,0.59773,0.59783,185,24
1730163600,0.59783,0.59801,0.59764,0.59791,419,15
1730167200,0.59791,0.59882,0.59782,0.59877,800,17
1730170800,0.59877,0.59886,0.59749,0.59766,1582,17
1730174400,0.59766,0.59833,0.59762,0.598,2370,17
1730178000,0.598,0.59822,0.59762,0.5979,1875,14
1730181600,0.5979,0.59801,0.59673,0.59686,1834,14
1730185200,0.59685,0.59709,0.59665,0.59706,1022,16
1730188800,0.59706,0.59735,0.59685,0.59707,1291,18
1730192400,0.59707,0.59781,0.59697,0.59771,1454,15
1730196000,0.59766,0.59779,0.59737,0.59739,1367,15
1730199600,0.59739,0.59808,0.59679,0.59779,2579,15
1730203200,0.59779,0.59824,0.5976,0.59785,1701,15
1730206800,0.59785,0.59799,0.59751,0.59777,1326,15
1730210400,0.59777,0.59786,0.59675,0.59678,1423,15
1730214000,0.59678,0.59678,0.59563,0.59593,2452,15
1730217600,0.59593,0.59633,0.59562,0.59611,2740,14
1730221200,0.59611,0.59753,0.59611,0.59658,5430,15
1730224800,0.59658,0.59664,0.59527,0.59597,3356,15
1730228400,0.59598,0.59641,0.59544,0.59582,2062,17
1730232000,0.59579,0.59672,0.59574,0.59614,2164,17
1730235600,0.59615,0.59658,0.5959,0.59652,1271,15
1730239200,0.59652,0.59667,0.59621,0.59651,1064,17
1730242800,0.59652,0.59726,0.59651,0.59722,738,17
1730246400,0.59721,0.59721,0.59662,0.59688,401,14
1730250000,0.59688,0.59727,0.59687,0.59698,500,15
1730253600,0.59699,0.59722,0.59675,0.59683,742,17
1730257200,0.59683,0.59742,0.59551,0.59702,2056,18
1730260800,0.59702,0.59774,0.59688,0.59714,2317,17
1730264400,0.59714,0.59737,0.59652,0.59655,1803,18
1730268000,0.59655,0.59655,0.59494,0.59543,1698,17
1730271600,0.59542,0.59593,0.59521,0.59569,1175,18
1730275200,0.59569,0.59589,0.59531,0.59587,1364,17
1730278800,0.59586,0.59696,0.59585,0.59684,1487,15
1730282400,0.59684,0.59788,0.59672,0.59781,1524,15
1730286000,0.59781,0.60011,0.59781,0.59974,2632,15
1730289600,0.59974,0.59988,0.59855,0.59887,2262,15
1730293200,0.59887,0.59956,0.59867,0.59887,1699,15
1730296800,0.59887,0.59889,0.5981,0.59831,1559,15
1730300400,0.59831,0.5985,0.5968,0.59744,4296,15
1730304000,0.59742,0.59916,0.59704,0.59881,4137,15
1730307600,0.59881,0.59938,0.5975,0.59762,4343,15
1730311200,0.59762,0.59848,0.59709,0.59846,3376,15
1730314800,0.59844,0.59852,0.59784,0.59817,1991,18
1730318400,0.59817,0.59837,0.59773,0.59814,1692,17
1730322000,0.59814,0.59856,0.59804,0.59827,1175,17
1730325600,0.59827,0.59827,0.59763,0.59771,1568,17
1730329200,0.59771,0.59785,0.59706,0.59722,877,17
1730332800,0.59717,0.59743,0.59657,0.59729,587,28
1730336400,0.59746,0.59751,0.59674,0.59705,1097,14
1730340000,0.59705,0.59736,0.59689,0.59702,817,17
1730343600,0.59705,0.59741,0.59635,0.59649,1584,17
1730347200,0.59649,0.59811,0.59645,0.59739,2022,17
1730350800,0.59739,0.59788,0.59729,0.59755,2073,17
1730354400,0.59755,0.5976,0.59688,0.59708,1532,18
1730358000,0.59708,0.59736,0.59688,0.59727,1052,17
1730361600,0.59727,0.59794,0.59717,0.5978,1291,18
1730365200,0.5978,0.59785,0.59752,0.59762,1645,15
1730368800,0.59758,0.5982,0.59735,0.59811,2327,15
1730372400,0.59812,0.59824,0.59745,0.59745,2061,15
1730376000,0.59745,0.59757,0.59688,0.59716,1433,15
1730379600,0.59716,0.59773,0.5968,0.59702,1531,15
1730383200,0.59702,0.59735,0.59647,0.59735,1512,15
1730386800,0.59735,0.59799,0.59617,0.5977,3811,15
1730390400,0.5977,0.5977,0.59442,0.59462,4133,15
1730394000,0.59463,0.59572,0.59426,0.59463,4619,15
1730397600,0.59464,0.59516,0.59391,0.59496,4037,15
1730401200,0.59494,0.59606,0.59485,0.59566,2965,17
1730404800,0.59567,0.59628,0.59564,0.5961,1835,18
1730408400,0.59611,0.59686,0.596,0.59675,1841,16
1730412000,0.59676,0.59758,0.59675,0.59754,1930,17
1730415600,0.59753,0.59785,0.59738,0.59755,1119,18
1730419200,0.59758,0.59775,0.59749,0.59766,410,26
1730422800,0.59765,0.59795,0.59748,0.5976,646,15
1730426400,0.59759,0.59779,0.59691,0.59699,1142,17
1730430000,0.59699,0.59705,0.59626,0.59675,1745,15
1730433600,0.59675,0.59773,0.59645,0.59696,2493,16
1730437200,0.59697,0.59728,0.59633,0.59727,2196,18
1730440800,0.59729,0.59782,0.59711,0.59757,1697,17
1730444400,0.59755,0.59824,0.59751,0.59814,861,17
1730448000,0.59814,0.59821,0.59688,0.59706,1577,18
1730451600,0.59709,0.5973,0.5965,0.59669,1504,15
1730455200,0.59667,0.59699,0.59642,0.59652,1666,15
1730458800,0.59648,0.59729,0.59624,0.59707,1929,15
1730462400,0.59707,0.59731,0.59641,0.59653,1269,15
1730466000,0.59653,0.59669,0.5963,0.59665,1392,15
1730469600,0.59664,0.59714,0.59625,0.59706,1528,15
1730473200,0.59706,0.59983,0.59632,0.59907,4963,15
1730476800,0.59908,0.59931,0.59825,0.5985,4869,15
1730480400,0.59859,0.59892,0.59754,0.59812,5040,15
1730484000,0.59812,0.5982,0.59749,0.59789,3209,15
1730487600,0.59784,0.59805,0.59741,0.59766,1986,17
1730491200,0.59766,0.59772,0.59622,0.59631,1669,15
1730494800,0.5963,0.59674,0.59609,0.59629,1485,16
1730498400,0.59627,0.59654,0.59576,0.59597,1340,17
1730502000,0.59599,0.59622,0.59582,0.59613,817,17
1730678400,0.59965,0.59965,0.59754,0.59764,463,19
1730682000,0.59733,0.59907,0.59724,0.59851,2040,18
1730685600,0.59851,0.59954,0.59806,0.59947,1779,17
1730689200,0.59947,0.60031,0.59918,0.59953,2971,16
1730692800,0.59953,0.6002,0.59931,0.59999,2656,17
1730696400,0.6,0.60146,0.59999,0.601,2303,17
1730700000,0.601,0.601,0.60046,0.60066,1276,17
1730703600,0.60066,0.60073,0.5999,0.60033,1741,17
1730707200,0.60033,0.60046,0.59944,0.59954,1920,16
1730710800,0.59952,0.59952,0.59851,0.59854,2249,15
1730714400,0.59854,0.59889,0.59842,0.59871,2226,15
1730718000,0.5987,0.59889,0.59815,0.59884,1772,15
1730721600,0.59884,0.59896,0.59792,0.59843,1631,15
1730725200,0.59842,0.59942,0.59833,0.59934,1693,15
1730728800,0.59932,0.59948,0.5986,0.59897,1692,15
1730732400,0.59897,0.59934,0.5982,0.59891,2315,15
1730736000,0.59891,0.59958,0.59877,0.59925,3610,15
1730739600,0.59923,0.59977,0.59888,0.59894,3712,15
1730743200,0.59895,0.59901,0.59727,0.59751,2929,15
1730746800,0.5975,0.59804,0.59714,0.59796,2038,16
1730750400,0.598,0.5981,0.59721,0.59783,2011,16
1730754000,0.59783,0.59795,0.59727,0.59736,1456,17
1730757600,0.59735,0.59762,0.59707,0.59715,1249,16
1730761200,0.59713,0.59724,0.59699,0.59705,482,14
1730764800,0.59715,0.59749,0.59706,0.59735,459,28
1730768400,0.59733,0.59753,0.59698,0.5972,649,18
1730772000,0.5972,0.59728,0.59658,0.59696,1077,17
1730775600,0.59695,0.59778,0.59661,0.59755,2282,16
1730779200,0.59755,0.59791,0.59741,0.59743,1795,17
1730782800,0.59743,0.59789,0.59689,0.59704,1863,18
1730786400,0.59702,0.59808,0.59697,0.59772,1299,17
1730790000,0.59769,0.59851,0.59763,0.59823,1354,18
1730793600,0.59818,0.59868,0.59801,0.59865,1453,16
1730797200,0.59861,0.59954,0.59859,0.59933,1774,15
1730800800,0.59931,0.60007,0.59929,0.59998,1944,15
1730804400,0.59998,0.60019,0.59955,0.59975,1526,15
1730808000,0.59975,0.59999,0.59959,0.5998,1223,15
1730811600,0.5998,0.60032,0.59967,0.59991,1227,15
1730815200,0.59992,0.60006,0.59952,0.59966,1365,15
1730818800,0.59966,0.60001,0.59936,0.59966,1951,15
1730822400,0.59965,0.601,0.59947,0.60037,2809,15
1730826000,0.59939,0.60036,0.59937,0.59975,4718,15
1730829600,0.59975,0.60044,0.59961,0.59973,2651,15
1730833200,0.59972,0.60003,0.59955,0.5999,1741,17
1730836800,0.59992,0.60027,0.59948,0.59956,1710,16
1730840400,0.59954,0.59988,0.59928,0.59958,1469,17
1730844000,0.59955,0.59963,0.59915,0.59935,1365,16
1730847600,0.59929,0.60136,0.59832,0.60065,725,14
1730851200,0.60025,0.60059,0.59914,0.60002,581,42
1730854800,0.59998,0.60181,0.59937,0.60149,2086,17
1730858400,0.6015,0.60199,0.59639,0.59653,6820,17
1730862000,0.59656,0.59782,0.59561,0.59713,7195,17
1730865600,0.59709,0.59742,0.59366,0.59388,7849,17
1730869200,0.59389,0.59534,0.59143,0.59182,8420,17
1730872800,0.59182,0.59359,0.59157,0.59354,5816,18
1730876400,0.59354,0.59536,0.59299,0.59357,7097,17
1730880000,0.59358,0.59373,0.5911,0.59203,5670,17
1730883600,0.59202,0.59387,0.59182,0.59312,6818,15
1730887200,0.59307,0.5971,0.5929,0.59658,5483,15
1730890800,0.59655,0.59718,0.5954,0.59681,4181,15
1730894400,0.5968,0.59741,0.59607,0.59629,3287,15
1730898000,0.59629,0.59632,0.59337,0.59395,4219,15
1730901600,0.59394,0.59518,0.59343,0.59443,4602,15
1730905200,0.59443,0.59501,0.59351,0.59397,5274,15
1730908800,0.59398,0.59431,0.59314,0.59362,5197,15
1730912400,0.59366,0.5957,0.59365,0.59492,6712,15
1730916000,0.59493,0.59531,0.59391,0.59429,4760,15
1730919600,0.59428,0.59499,0.59364,0.59405,3311,16
1730923200,0.59399,0.59591,0.59399,0.59549,3121,16
1730926800,0.59549,0.59557,0.59472,0.59484,2401,15
1730930400,0.59484,0.59517,0.59424,0.59427,1616,16
1730934000,0.59423,0.59423,0.59342,0.59355,701,14
1730937600,0.59366,0.59395,0.59332,0.59377,231,22
1730941200,0.59386,0.59439,0.5937,0.59372,996,19
1730944800,0.59372,0.59405,0.59299,0.59331,2582,17
1730948400,0.5933,0.59496,0.59313,0.59485,3784,17
1730952000,0.59485,0.59726,0.59485,0.59714,3324,17
1730955600,0.59715,0.59839,0.5969,0.59823,2462,18
1730959200,0.59823,0.59877,0.59789,0.59801,1711,17
1730962800,0.59801,0.59876,0.59798,0.59852,1917,17
1730966400,0.59852,0.59886,0.59801,0.59886,2003,16
1730970000,0.59886,0.59977,0.59868,0.59906,3381,15
1730973600,0.59905,0.60022,0.59899,0.59985,3289,15
1730977200,0.59985,0.59997,0.59899,0.59908,2451,15
1730980800,0.59908,0.59929,0.59861,0.59878,1843,15
1730984400,0.59878,0.59908,0.59841,0.59868,1801,15
1730988000,0.59868,0.60039,0.59849,0.60039,3327,15
1730991600,0.60041,0.60181,0.59987,0.6017,5183,15
1730995200,0.60169,0.60309,0.60112,0.60268,4231,15
1730998800,0.60267,0.60369,0.60235,0.60327,4472,15
1731002400,0.60327,0.60351,0.60154,0.60183,3548,15
1731006000,0.60183,0.60247,0.60134,0.6024,2151,17
1731009600,0.60242,0.60256,0.60178,0.6018,1603,15
1731013200,0.60083,0.60248,0.60036,0.60165,6628,15
1731016800,0.60165,0.60317,0.60152,0.60231,4520,16
1731020400,0.60231,0.60245,0.60204,0.60244,776,17
1731024000,0.60213,0.6024,0.60207,0.60238,427,16
1731027600,0.60238,0.60239,0.60174,0.60206,967,19
1731031200,0.60206,0.60232,0.60164,0.60187,1837,16
1731034800,0.60188,0.60201,0.60113,0.60141,3184,15
1731038400,0.60141,0.60167,0.60055,0.60069,2640,18
1731042000,0.60069,0.60129,0.60002,0.60007,2011,17
1731045600,0.60007,0.60121,0.59988,0.60109,1477,18
1731049200,0.60109,0.60136,0.60043,0.60072,1898,17
1731052800,0.60073,0.60103,0.60024,0.60103,2002,17
1731056400,0.60103,0.6013,0.60047,0.60084,2717,15
1731060000,0.60084,0.60102,0.59894,0.60008,5510,15
1731063600,0.60008,0.60117,0.59999,0.60074,2908,15
1731067200,0.60075,0.60096,0.59993,0.60044,1978,15
1731070800,0.60046,0.60078,0.59972,0.60001,1901,15
1731074400,0.60002,0.60006,0.59895,0.59937,2658,15
1731078000,0.59937,0.59945,0.59755,0.59782,3775,15
1731081600,0.59781,0.59859,0.59764,0.59829,4000,15
1731085200,0.59821,0.59868,0.5977,0.5979,4690,15
1731088800,0.5979,0.59791,0.59591,0.59592,3191,15
1731092400,0.59594,0.59602,0.59465,0.59597,3384,17
1731096000,0.59597,0.59645,0.59516,0.59564,2015,16
1731099600,0.59563,0.59604,0.59528,0.59591,1545,17
1731103200,0.59591,0.59643,0.59554,0.5964,1471,15
1731106800,0.5964,0.59679,0.59585,0.59588,1849,16
1731283200,0.59454,0.5966,0.59454,0.59597,580,25
1731286800,0.59597,0.59673,0.59588,0.59634,1353,17
1731290400,0.59632,0.59686,0.59596,0.5964,1801,16
1731294000,0.5964,0.59713,0.59638,0.59662,3315,17
1731297600,0.59662,0.59714,0.59634,0.59698,2393,16
1731301200,0.59698,0.59752,0.59693,0.59734,1486,18
1731304800,0.59734,0.59744,0.59676,0.59729,1298,18
1731308400,0.59729,0.59766,0.59709,0.59711,1826,16
1731312000,0.59711,0.59738,0.5968,0.59736,1447,17
1731315600,0.59736,0.59757,0.59612,0.59644,2792,15
1731319200,0.59644,0.5966,0.59556,0.59614,2805,15
1731322800,0.59614,0.59707,0.59606,0.59694,2421,15
1731326400,0.59692,0.59713,0.59656,0.59662,1786,15
1731330000,0.59659,0.59698,0.59626,0.5968,1991,15
1731333600,0.5968,0.59696,0.5964,0.5965,1662,15
1731337200,0.59651,0.59661,0.59512,0.59558,2619,15
1731340800,0.59558,0.59643,0.59528,0.59561,3157,15
1731344400,0.59561,0.5961,0.59531,0.59575,3085,15
1731348000,0.59575,0.59626,0.59554,0.59587,2225,15
1731351600,0.59585,0.59622,0.59553,0.59574,1337,17
1731355200,0.59571,0.59594,0.59536,0.59585,1400,16
1731358800,0.59585,0.59618,0.59574,0.59588,926,17
1731362400,0.59588,0.59614,0.59581,0.59611,732,16
1731366000,0.59611,0.59629,0.596,0.59626,398,15
1731369600,0.59601,0.59643,0.59599,0.5961,481,27
1731373200,0.5961,0.59687,0.59604,0.59685,1182,17
1731376800,0.59685,0.59685,0.59591,0.59653,1981,16
1731380400,0.59653,0.59715,0.59578,0.59638,3695,17
1731384000,0.59638,0.59647,0.59543,0.59579,3115,15
1731387600,0.59579,0.5963,0.5953,0.59541,2313,17
1731391200,0.59541,0.59583,0.59531,0.59577,1853,17
1731394800,0.59578,0.59592,0.59513,0.59517,2158,18
1731398400,0.59516,0.59569,0.59492,0.59558,2362,17
1731402000,0.59558,0.59586,0.59502,0.59525,3056,15
1731405600,0.59523,0.59558,0.59406,0.59534,3324,15
1731409200,0.59532,0.59534,0.59391,0.59455,2572,15
1731412800,0.59453,0.5948,0.59375,0.59415,2420,15
1731416400,0.59415,0.59473,0.59413,0.59441,1957,14
1731420000,0.59441,0.59517,0.59412,0.59492,2563,15
1731423600,0.59492,0.5954,0.59418,0.59473,3271,15
1731427200,0.59473,0.59474,0.59354,0.59394,3500,15
1731430800,0.59394,0.59406,0.59291,0.59312,3810,15
1731434400,0.59312,0.59324,0.59154,0.59162,3352,15
1731438000,0.59162,0.59178,0.59087,0.59122,3136,15
1731441600,0.59125,0.59217,0.5912,0.5921,2361,16
1731445200,0.5921,0.59253,0.59193,0.59211,1363,17
1731448800,0.59211,0.59289,0.59211,0.59264,1496,16
1731452400,0.59264,0.59296,0.59232,0.59247,624,15
1731456000,0.59249,0.5925,0.59201,0.59208,266,21
1731459600,0.59208,0.59236,0.59185,0.59216,847,17
1731463200,0.59216,0.5923,0.59165,0.59184,2053,17
1731466800,0.59184,0.59327,0.59181,0.59302,3446,17
1731470400,0.59303,0.59314,0.59244,0.59287,2258,18
1731474000,0.59288,0.5931,0.59233,0.59269,1611,15
1731477600,0.59269,0.59307,0.59259,0.59281,1042,17
1731481200,0.59281,0.59289,0.59225,0.59266,1728,17
1731484800,0.59266,0.59286,0.5921,0.59244,2256,18
1731488400,0.59242,0.59294,0.5921,0.59233,2416,15
1731492000,0.59231,0.5928,0.59182,0.59262,2526,15
1731495600,0.59261,0.59335,0.59222,0.59318,2402,15
1731499200,0.59318,0.59319,0.59235,0.59244,1685,15
1731502800,0.59244,0.59313,0.59216,0.59305,1722,15
1731506400,0.59305,0.5933,0.59252,0.59263,2311,15
1731510000,0.59262,0.59465,0.5919,0.59363,5577,14
1731513600,0.59363,0.59383,0.59007,0.59031,6343,15
1731517200,0.59031,0.59041,0.58865,0.59005,6789,15
1731520800,0.59005,0.59013,0.58836,0.58852,4272,15
1731524400,0.58853,0.58901,0.58795,0.5882,2818,16
1731528000,0.58822,0.58872,0.58771,0.5885,1980,15
1731531600,0.5885,0.589,0.58822,0.58824,1590,17
1731535200,0.58824,0.58842,0.58753,0.58766,1407,16
1731538800,0.58765,0.58802,0.58764,0.58767,593,14
1731542400,0.58782,0.58837,0.58766,0.58826,532,16
1731546000,0.5882,0.58836,0.58785,0.58823,1056,19
1731549600,0.58823,0.58833,0.58751,0.58789,1869,17
1731553200,0.58789,0.58789,0.58674,0.58697,3187,17
1731556800,0.58697,0.58718,0.58635,0.5865,2510,15
1731560400,0.58649,0.58692,0.58603,0.58622,1853,17
1731564000,0.58622,0.58623,0.58564,0.58582,1353,17
1731567600,0.58582,0.58606,0.58529,0.586,1810,17
1731571200,0.586,0.58658,0.58576,0.5859,2098,17
1731574800,0.5859,0.58708,0.58562,0.58657,2716,15
1731578400,0.58655,0.587,0.58622,0.58641,2635,15
1731582000,0.58641,0.58674,0.58552,0.58568,2234,15
1731585600,0.58568,0.5859,0.585,0.58574,2289,15
1731589200,0.58573,0.5864,0.58493,0.58629,2686,15
1731592800,0.58629,0.58696,0.58604,0.58631,2637,15
1731596400,0.58631,0.58753,0.58532,0.5861,5431,15
1731600000,0.5861,0.58823,0.58605,0.5871,5056,15
1731603600,0.5871,0.58792,0.58644,0.5877,4978,15
1731607200,0.58769,0.58807,0.58697,0.58706,3231,15
1731610800,0.58706,0.58763,0.58678,0.58758,2494,16
1731614400,0.58758,0.58763,0.58654,0.58661,1714,16
1731618000,0.58661,0.58711,0.58637,0.58644,1636,17
1731621600,0.58639,0.58643,0.58384,0.58447,5468,16
1731625200,0.58444,0.58486,0.58426,0.58483,1136,14
1731628800,0.58495,0.58495,0.58423,0.5847,841,19
1731632400,0.5847,0.58493,0.5844,0.58483,1121,18
1731636000,0.58483,0.58507,0.58391,0.58425,2282,16
1731639600,0.58425,0.5852,0.58419,0.58485,3230,17
1731643200,0.58486,0.58608,0.58484,0.58604,2648,16
1731646800,0.58604,0.58654,0.5855,0.58557,1654,17
1731650400,0.58557,0.58632,0.5855,0.58591,1159,17
1731654000,0.5859,0.5861,0.58563,0.58575,1489,17
1731657600,0.58575,0.58648,0.58525,0.58632,1995,17
1731661200,0.58631,0.58685,0.58597,0.58637,2585,15
1731664800,0.58636,0.58703,0.58566,0.58678,3049,15
1731668400,0.58678,0.58753,0.58656,0.58694,2353,15
1731672000,0.58694,0.58748,0.58654,0.58733,2284,15
1731675600,0.58732,0.58752,0.5868,0.58728,1703,15
1731679200,0.58728,0.58754,0.58652,0.58722,1847,15
1731682800,0.58722,0.58796,0.58583,0.5863,5412,14
1731686400,0.58629,0.58664,0.58467,0.58519,5303,15
1731690000,0.58515,0.58631,0.58479,0.58613,5570,15
1731693600,0.58613,0.58674,0.58577,0.5861,4385,15
1731697200,0.5861,0.58691,0.58609,0.58651,2523,16
1731700800,0.58651,0.58683,0.58595,0.58663,2055,16
1731704400,0.58663,0.58673,0.58575,0.58583,2106,15
1731708000,0.58583,0.58586,0.58514,0.58579,1654,16
1731711600,0.58579,0.58654,0.58532,0.58532,1524,17
1731888000,0.58605,0.58617,0.5859,0.58596,277,33
1731891600,0.58596,0.58644,0.58584,0.58628,1092,18
1731895200,0.58628,0.5874,0.58606,0.58736,1970,18
1731898800,0.58736,0.58747,0.58614,0.5865,3705,18
1731902400,0.5865,0.58689,0.58618,0.58647,2129,18
1731906000,0.58647,0.58669,0.58507,0.58534,1502,18
1731909600,0.58534,0.58612,0.5852,0.58597,1166,18
1731913200,0.58597,0.58632,0.58531,0.58593,1683,17
1731916800,0.58593,0.58593,0.5855,0.58551,1906,18
1731920400,0.58551,0.58553,0.58426,0.58461,2443,15
1731924000,0.58461,0.58491,0.58416,0.58432,2523,15
1731927600,0.58431,0.58515,0.58395,0.58475,2644,15
1731931200,0.58473,0.58475,0.58412,0.58438,1881,15
1731934800,0.58438,0.58438,0.58356,0.58384,1644,15
1731938400,0.58382,0.58416,0.58363,0.58382,1866,15
1731942000,0.58383,0.58496,0.58362,0.58494,2548,15
1731945600,0.58494,0.58578,0.58474,0.58562,3201,15
1731949200,0.58563,0.58684,0.58563,0.58654,2997,15
1731952800,0.58652,0.58805,0.58649,0.58801,2678,15
1731956400,0.58801,0.58878,0.58763,0.58861,2010,17
1731960000,0.58861,0.58938,0.58845,0.58933,1511,17
1731963600,0.58933,0.5897,0.58876,0.58888,1456,17
1731967200,0.58888,0.58932,0.5888,0.58932,1162,17
1731970800,0.58932,0.58936,0.58903,0.58932,467,16
1731974400,0.58915,0.58923,0.58882,0.58895,328,21
1731978000,0.58895,0.58919,0.58866,0.58891,740,18
1731981600,0.58891,0.58897,0.5877,0.58805,1654,17
1731985200,0.58805,0.58916,0.58781,0.58909,2465,17
1731988800,0.58909,0.58941,0.58849,0.58865,1945,17
1731992400,0.58865,0.58976,0.58863,0.58974,1807,16
1731996000,0.58974,0.59007,0.58858,0.58862,1212,17
1731999600,0.58862,0.58887,0.58842,0.58877,1489,17
1732003200,0.58877,0.58972,0.58866,0.58948,1786,17
1732006800,0.58948,0.58958,0.58858,0.58935,2484,15
1732010400,0.58934,0.58987,0.58839,0.58864,3961,15
1732014000,0.58862,0.58879,0.58737,0.58779,5001,15
1732017600,0.58779,0.58906,0.5877,0.5885,2997,15
1732021200,0.58852,0.58881,0.58792,0.58809,2463,15
1732024800,0.58809,0.58896,0.58804,0.58896,2459,15
1732028400,0.58896,0.59033,0.58888,0.58944,4206,15
1732032000,0.58944,0.58999,0.5889,0.58936,5231,15
1732035600,0.58936,0.59022,0.58869,0.59007,3791,14
1732039200,0.59007,0.59073,0.58986,0.59046,2781,15
1732042800,0.59046,0.59112,0.59011,0.59013,1965,17
1732046400,0.59013,0.59089,0.58965,0.59083,1553,17
1732050000,0.59083,0.5911,0.5905,0.591,1317,17
1732053600,0.591,0.59119,0.59078,0.59093,1118,18
1732057200,0.59093,0.59122,0.59093,0.59116,454,16
1732060800,0.59064,0.59123,0.59061,0.59118,358,23
1732064400,0.59118,0.59186,0.59115,0.59177,996,18
1732068000,0.59177,0.5921,0.59133,0.59137,1577,18
1732071600,0.59137,0.59154,0.59063,0.59132,2404,17
1732075200,0.59132,0.59144,0.59094,0.59102,1344,18
1732078800,0.59102,0.59135,0.59023,0.5905,1123,18
1732082400,0.5905,0.59088,0.59034,0.59075,874,17
1732086000,0.59076,0.59095,0.59019,0.59024,996,16
1732089600,0.59024,0.59058,0.58985,0.58989,1464,17
1732093200,0.58989,0.59039,0.5892,0.58926,2475,15
1732096800,0.58925,0.58941,0.58855,0.58861,2259,15
1732100400,0.58861,0.58909,0.58816,0.58846,2173,15
1732104000,0.58846,0.58875,0.58762,0.58783,1874,14
1732107600,0.58783,0.58797,0.58726,0.58776,1909,15
1732111200,0.58776,0.5884,0.5876,0.58813,1810,15
1732114800,0.58815,0.58852,0.58765,0.58786,2214,15
1732118400,0.58786,0.5879,0.58631,0.58639,2995,15
1732122000,0.58641,0.58727,0.58633,0.58704,3230,15
1732125600,0.58704,0.5873,0.58631,0.58696,2855,15
1732129200,0.58695,0.58775,0.5867,0.58724,1719,16
1732132800,0.58723,0.58737,0.58655,0.58704,1422,15
1732136400,0.58704,0.58732,0.58686,0.58698,1020,16
1732140000,0.58698,0.58727,0.58674,0.58724,1043,17
1732143600,0.58722,0.58756,0.58716,0.58756,524,16
1732147200,0.58738,0.5876,0.58735,0.58748,399,21
1732150800,0.58753,0.58793,0.58752,0.58789,579,18
1732154400,0.58791,0.58815,0.5875,0.58785,1225,17
1732158000,0.58786,0.58851,0.58774,0.58794,2309,16
1732161600,0.58795,0.58807,0.58773,0.58778,1557,18
1732165200,0.58778,0.58793,0.5872,0.58785,1082,17
1732168800,0.58785,0.58796,0.58757,0.58772,1020,18
1732172400,0.58772,0.58779,0.58691,0.58693,1332,18
1732176000,0.58693,0.58764,0.58644,0.58682,1938,18
1732179600,0.58682,0.58699,0.58594,0.58634,3037,15
1732183200,0.58633,0.58757,0.5861,0.58744,2589,15
1732186800,0.58742,0.58746,0.58597,0.58619,3165,15
1732190400,0.58618,0.5871,0.5861,0.58652,1931,15
1732194000,0.58651,0.58736,0.58623,0.58691,2149,15
1732197600,0.58693,0.58795,0.58677,0.58748,2294,15
1732201200,0.58748,0.58789,0.58628,0.58771,4000,14
1732204800,0.58771,0.58786,0.58691,0.58774,4086,15
1732208400,0.58768,0.58833,0.58639,0.58644,4259,15
1732212000,0.58644,0.58658,0.58499,0.58505,4465,15
1732215600,0.58504,0.58649,0.5849,0.58643,3009,16
1732219200,0.58643,0.58661,0.58603,0.58648,1926,17
1732222800,0.58649,0.58665,0.58583,0.58652,1702,17
1732226400,0.58652,0.58668,0.58621,0.58633,1084,16
1732230000,0.58633,0.58642,0.5858,0.58587,494,14
1732233600,0.58576,0.58594,0.58559,0.5858,303,21
1732237200,0.5858,0.58595,0.58552,0.58557,972,17
1732240800,0.58557,0.58567,0.58496,0.58523,1628,18
1732244400,0.58523,0.58549,0.58447,0.58456,1970,17
1732248000,0.58456,0.58471,0.58282,0.58393,2301,18
1732251600,0.58394,0.58476,0.58377,0.58428,1835,18
1732255200,0.58428,0.58437,0.58358,0.58371,1312,17
1732258800,0.58371,0.58371,0.58256,0.58291,1960,17
1732262400,0.58291,0.58344,0.58282,0.58332,1915,18
1732266000,0.58332,0.58403,0.58301,0.58388,2296,15
1732269600,0.58388,0.58538,0.58388,0.58419,4059,15
1732273200,0.58419,0.58425,0.58216,0.58322,6258,15
1732276800,0.58323,0.58446,0.58258,0.58419,3811,15
1732280400,0.58419,0.58423,0.5834,0.58379,2922,15
1732284000,0.5838,0.5843,0.58365,0.5838,2945,15
1732287600,0.58381,0.58436,0.58376,0.58411,3482,15
1732291200,0.58411,0.58434,0.58268,0.58299,4481,15
1732294800,0.58292,0.58374,0.58239,0.58261,5498,15
1732298400,0.58262,0.58267,0.58157,0.58243,3376,15
1732302000,0.58243,0.58303,0.58235,0.583,2029,16
1732305600,0.58302,0.58335,0.58294,0.58299,1599,16
1732309200,0.58299,0.58304,0.58269,0.58278,1314,16
1732312800,0.58278,0.58314,0.58239,0.58301,1109,15
1732316400,0.58302,0.5835,0.58275,0.58293,1664,14
1732492800,0.58476,0.58586,0.58476,0.58558,816,34
1732496400,0.58558,0.58681,0.58492,0.58604,2169,18
1732500000,0.58603,0.58649,0.58567,0.58607,2136,18
1732503600,0.58607,0.58662,0.58583,0.58612,2735,16
1732507200,0.5861,0.58661,0.58575,0.58607,2252,18
1732510800,0.58607,0.58648,0.58512,0.58517,1715,18
1732514400,0.58518,0.58572,0.58477,0.58537,1259,18
1732518000,0.58538,0.58541,0.58466,0.58518,1734,16
1732521600,0.58518,0.58618,0.58491,0.58616,1977,18
1732525200,0.58619,0.58623,0.58447,0.5845,2853,15
1732528800,0.58449,0.58462,0.58355,0.58401,3032,15
1732532400,0.58402,0.58521,0.58396,0.58499,2935,15
1732536000,0.58499,0.58549,0.58478,0.585,2050,15
1732539600,0.585,0.58526,0.58454,0.58457,1620,15
1732543200,0.58459,0.58486,0.58377,0.58476,2122,15
1732546800,0.58476,0.58671,0.58475,0.5865,3678,15
1732550400,0.5865,0.58659,0.58521,0.58537,4445,15
1732554000,0.58537,0.58573,0.58435,0.58463,3542,15
1732557600,0.58463,0.58485,0.58347,0.5838,2866,15
1732561200,0.5838,0.58413,0.58368,0.58397,1678,17
1732564800,0.58394,0.58496,0.58393,0.5849,1793,17
1732568400,0.5849,0.58514,0.58463,0.58485,1478,17
1732572000,0.58486,0.58498,0.58442,0.58444,1076,17
1732575600,0.58444,0.58467,0.58428,0.58428,563,17
1732579200,0.58433,0.58445,0.58409,0.58418,231,21
1732582800,0.58418,0.58463,0.57975,0.58096,2939,17
1732586400,0.58096,0.58209,0.5796,0.58076,5095,15
1732590000,0.58076,0.58244,0.58016,0.58172,4913,17
1732593600,0.58172,0.58252,0.58156,0.58237,3160,17
1732597200,0.58236,0.5838,0.58228,0.58378,2079,17
1732600800,0.58379,0.58459,0.58367,0.58403,1577,18
1732604400,0.58403,0.58437,0.58376,0.58399,1734,15
1732608000,0.58399,0.58462,0.58371,0.58397,1755,17
1732611600,0.58397,0.58435,0.58321,0.58323,2938,15
1732615200,0.58323,0.58425,0.58311,0.58374,2889,15
1732618800,0.58374,0.58469,0.58374,0.5842,2825,15
1732622400,0.58416,0.58537,0.58408,0.5853,2059,15
1732626000,0.5853,0.58559,0.58472,0.58509,1883,15
1732629600,0.58509,0.58652,0.58479,0.58578,3431,15
1732633200,0.58577,0.58595,0.58422,0.58435,3872,15
1732636800,0.58434,0.58443,0.58275,0.58304,3923,15
1732640400,0.58317,0.58351,0.58199,0.58279,4549,15
1732644000,0.58282,0.58303,0.582,0.5823,3649,15
1732647600,0.5823,0.5823,0.58171,0.58197,2388,17
1732651200,0.58197,0.58215,0.58146,0.58198,1835,17
1732654800,0.58179,0.58284,0.58146,0.58258,2691,17
1732658400,0.58258,0.58294,0.58223,0.58267,1606,16
1732662000,0.58266,0.58333,0.58265,0.58332,799,18
1732665600,0.58333,0.58333,0.58231,0.58328,260,23
1732669200,0.58328,0.58362,0.58327,0.58353,818,18
1732672800,0.58353,0.58387,0.58262,0.58262,1854,17
1732676400,0.58267,0.58809,0.58221,0.58734,4069,18
1732680000,0.58734,0.58762,0.58438,0.58579,2970,18
1732683600,0.58578,0.58715,0.58561,0.58665,1867,17
1732687200,0.58665,0.58692,0.58622,0.58622,1457,17
1732690800,0.58622,0.58656,0.58593,0.58639,1686,17
1732694400,0.58639,0.58709,0.58636,0.58692,1978,18
1732698000,0.58692,0.58875,0.58692,0.5885,2929,15
1732701600,0.5885,0.59002,0.58825,0.58844,4283,15
1732705200,0.58844,0.58911,0.58815,0.58904,2655,15
1732708800,0.58904,0.58945,0.58872,0.5892,2281,15
1732712400,0.58919,0.58922,0.58789,0.58864,2184,15
1732716000,0.58864,0.58874,0.58811,0.58856,2571,15
1732719600,0.58858,0.59044,0.58825,0.5904,3926,15
1732723200,0.5904,0.59073,0.58977,0.59024,4256,15
1732726800,0.59028,0.59048,0.58912,0.59034,5047,15
1732730400,0.59034,0.59074,0.58951,0.59001,4084,15
1732734000,0.59001,0.59057,0.5894,0.59022,2911,15
1732737600,0.59022,0.59058,0.58992,0.59001,1706,16
1732741200,0.59001,0.59021,0.58942,0.58963,1532,17
1732744800,0.58963,0.58963,0.58923,0.58959,1532,15
1732748400,0.58959,0.58967,0.58929,0.58932,1020,17
1732752000,0.58932,0.58945,0.58769,0.5891,475,24
1732755600,0.5891,0.58967,0.5891,0.58917,686,17
1732759200,0.58918,0.58999,0.58902,0.58967,1642,16
1732762800,0.58967,0.59043,0.5893,0.59008,2614,17
1732766400,0.59008,0.59013,0.58879,0.58934,2006,17
1732770000,0.58934,0.58945,0.58873,0.58896,1502,18
1732773600,0.58898,0.58927,0.58864,0.58923,1046,17
1732777200,0.58923,0.58955,0.58905,0.58917,1188,17
1732780800,0.58918,0.58921,0.58864,0.58874,1351,15
1732784400,0.58874,0.58908,0.58811,0.58843,2184,15
1732788000,0.58842,0.58909,0.58797,0.58891,2826,15
1732791600,0.58892,0.58925,0.58856,0.5889,2694,15
1732795200,0.58889,0.5892,0.58841,0.58905,1687,15
1732798800,0.58905,0.58968,0.58852,0.58871,1344,15
1732802400,0.5887,0.58883,0.58834,0.58851,1389,15
1732806000,0.58845,0.58887,0.58826,0.58877,1952,15
1732809600,0.58878,0.58897,0.58854,0.58875,1737,15
1732813200,0.58875,0.58903,0.58804,0.58846,1912,15
1732816800,0.58846,0.5891,0.58832,0.58906,1169,15
1732820400,0.58906,0.58918,0.58878,0.58904,568,17
1732824000,0.58905,0.58917,0.58878,0.58892,264,18
1732827600,0.58892,0.58908,0.58882,0.58906,255,19
1732831200,0.58907,0.58914,0.58888,0.58909,351,19
1732834800,0.58909,0.58913,0.58875,0.58875,414,17
1732838400,0.58875,0.58915,0.58822,0.58861,543,22
1732842000,0.58861,0.58956,0.58855,0.58948,871,19
1732845600,0.58948,0.59038,0.5892,0.58992,2098,15
1732849200,0.58992,0.59067,0.58978,0.59025,3930,17
1732852800,0.59025,0.59051,0.5897,0.58986,2149,17
1732856400,0.58986,0.59134,0.5897,0.59125,1857,17
1732860000,0.59125,0.59153,0.59094,0.59114,1537,18
1732863600,0.59112,0.59144,0.59086,0.59097,1882,16
1732867200,0.59097,0.5919,0.5907,0.59175,1636,17
1732870800,0.59175,0.59282,0.59164,0.59201,2785,15
1732874400,0.59201,0.59209,0.59112,0.59121,2541,15
1732878000,0.5912,0.59206,0.59076,0.5913,2539,15
1732881600,0.59129,0.59147,0.5908,0.59088,2283,15
1732885200,0.59087,0.59165,0.59062,0.59139,1954,15
1732888800,0.59139,0.59155,0.59037,0.59085,2331,15
1732892400,0.59085,0.59159,0.5907,0.59158,2604,15
1732896000,0.59158,0.59233,0.5907,0.59229,2745,15
1732899600,0.59228,0.59264,0.59118,0.59149,3752,15
1732903200,0.59151,0.59158,0.59068,0.591,3122,15
1732906800,0.591,0.59218,0.59094,0.59215,1936,15
1732910400,0.59217,0.59254,0.59198,0.59215,1385,18
1732914000,0.59215,0.59269,0.59212,0.59267,817,19
1732917600,0.59266,0.59275,0.59252,0.59261,479,18
1732921200,0.59261,0.59261,0.59097,0.59111,994,19
1733097600,0.59019,0.5915,0.59019,0.59116,495,34
1733101200,0.59116,0.59123,0.58987,0.59051,1560,18
1733104800,0.5905,0.59058,0.5895,0.58983,2244,17
1733108400,0.58983,0.59036,0.58939,0.58991,3502,18
1733112000,0.58991,0.58998,0.58891,0.5894,2982,17
1733115600,0.58941,0.58955,0.58901,0.58946,1874,18
1733119200,0.58946,0.5898,0.58913,0.58942,1447,18
1733122800,0.58945,0.58976,0.58902,0.58947,2292,18
1733126400,0.58947,0.59077,0.58937,0.59054,2555,17
1733130000,0.59061,0.5908,0.59004,0.59006,3553,15
1733133600,0.59006,0.59022,0.5893,0.59006,3584,15
1733137200,0.59003,0.59077,0.59003,0.59037,2333,15
1733140800,0.59037,0.59104,0.5901,0.59065,2578,15
1733144400,0.59065,0.59085,0.59021,0.59032,1800,15
1733148000,0.59033,0.59057,0.58832,0.58874,2805,15
1733151600,0.58874,0.58884,0.58761,0.58801,3385,15
1733155200,0.58801,0.58833,0.58653,0.58671,3683,15
1733158800,0.58669,0.58724,0.58632,0.58682,5045,15
1733162400,0.58682,0.5881,0.58642,0.5874,3911,15
1733166000,0.58739,0.58793,0.58712,0.58757,2281,17
1733169600,0.58755,0.58816,0.58738,0.58809,1569,17
1733173200,0.58809,0.58846,0.58799,0.58825,1362,15
1733176800,0.58825,0.5893,0.58797,0.58846,2165,16
1733180400,0.58846,0.58878,0.58762,0.58774,963,16
1733184000,0.58764,0.58873,0.58764,0.58831,993,24
1733187600,0.58831,0.58864,0.58821,0.58829,762,18
1733191200,0.58829,0.5884,0.58731,0.58792,1636,17
1733194800,0.58793,0.58852,0.58707,0.58723,2592,17
1733198400,0.58723,0.58726,0.58635,0.58676,2278,17
1733202000,0.58677,0.58773,0.58663,0.58749,1553,18
1733205600,0.58749,0.58786,0.58737,0.58742,1114,17
1733209200,0.58741,0.58777,0.58714,0.58767,1494,18
1733212800,0.58767,0.58814,0.58725,0.58766,1785,18
1733216400,0.58766,0.58883,0.58756,0.58861,2332,15
1733220000,0.58858,0.59025,0.58855,0.59014,3112,15
1733223600,0.59015,0.5904,0.58926,0.58951,2129,15
1733227200,0.5895,0.58966,0.5886,0.58867,1625,15
1733230800,0.58867,0.58919,0.5886,0.58913,1584,15
1733234400,0.58913,0.58922,0.58784,0.58798,1976,15
1733238000,0.58799,0.58923,0.58779,0.58895,2781,15
1733241600,0.58896,0.5893,0.58845,0.58877,3791,15
1733245200,0.58868,0.58879,0.58667,0.58771,5241,15
1733248800,0.58772,0.58804,0.58708,0.58801,3036,15
1733252400,0.58801,0.58879,0.58775,0.58868,2177,17
1733256000,0.58871,0.58912,0.58849,0.58904,1541,17
1733259600,0.58904,0.58911,0.58739,0.58739,1424,16
1733263200,0.58739,0.58827,0.58725,0.58781,1221,17
1733266800,0.58781,0.58813,0.58767,0.58801,698,17
1733270400,0.58787,0.58805,0.5872,0.58793,244,22
1733274000,0.58793,0.58819,0.58781,0.58808,488,18
1733277600,0.58808,0.58837,0.58695,0.58705,1849,17
1733281200,0.58706,0.58735,0.58629,0.58639,3037,16
1733284800,0.58638,0.58672,0.58477,0.58479,2842,18
1733288400,0.58479,0.58486,0.58301,0.58408,2596,17
1733292000,0.58408,0.58567,0.58369,0.58547,2015,17
1733295600,0.58547,0.58601,0.58514,0.58573,1646,18
1733299200,0.58573,0.58635,0.58516,0.5858,2098,18
1733302800,0.58583,0.58589,0.58529,0.58558,2896,15
1733306400,0.58556,0.58568,0.5844,0.58445,3156,15
1733310000,0.5844,0.58455,0.58385,0.58417,2782,15
1733313600,0.58417,0.58434,0.58355,0.58372,1814,15
1733317200,0.58372,0.58436,0.58352,0.58384,1742,15
1733320800,0.58382,0.58392,0.58292,0.58312,1903,15
1733324400,0.58312,0.58403,0.58283,0.58356,3484,15
1733328000,0.58356,0.58427,0.58312,0.58362,3332,15
1733331600,0.584,0.58614,0.584,0.58598,6055,15
1733335200,0.58597,0.58658,0.58558,0.58617,3127,15
1733338800,0.58617,0.58672,0.58596,0.58651,1878,17
1733342400,0.58651,0.58677,0.58474,0.58475,1551,16
1733346000,0.58526,0.58669,0.58514,0.58594,3076,16
1733349600,0.58594,0.58607,0.58537,0.5859,1647,17
1733353200,0.5859,0.58594,0.58473,0.58493,736,17
1733356800,0.58494,0.58501,0.58471,0.58485,284,22
1733360400,0.58485,0.58574,0.58474,0.58559,986,18
1733364000,0.58559,0.58619,0.58511,0.58545,1791,16
1733367600,0.58545,0.58648,0.5854,0.5863,2471,16
1733371200,0.58629,0.58699,0.5861,0.58645,1790,17
1733374800,0.58645,0.58692,0.58631,0.5869,1132,18
1733378400,0.5869,0.58698,0.58624,0.58641,1028,18
1733382000,0.58642,0.58721,0.58639,0.58717,1409,16
1733385600,0.58717,0.58722,0.58672,0.58695,1490,17
1733389200,0.58698,0.58776,0.58695,0.58759,2004,15
1733392800,0.58757,0.58803,0.58689,0.58692,2363,15
1733396400,0.58692,0.58716,0.58629,0.58637,1803,15
1733400000,0.58635,0.58653,0.58607,0.58626,1752,15
1733403600,0.58625,0.58665,0.58594,0.58639,1473,15
1733407200,0.5864,0.58647,0.58512,0.58597,2137,15
1733410800,0.58598,0.58685,0.58559,0.58654,3979,15
1733414400,0.58651,0.58807,0.58631,0.58737,3807,15
1733418000,0.58737,0.58742,0.58579,0.58699,3473,15
1733421600,0.58699,0.58745,0.58679,0.58689,2777,15
1733425200,0.5869,0.5873,0.58665,0.58708,1909,17
1733428800,0.58708,0.58727,0.58612,0.58722,1678,16
1733432400,0.58722,0.58866,0.58722,0.58831,1774,17
1733436000,0.58831,0.58863,0.58809,0.58843,1464,17
1733439600,0.58841,0.58868,0.58825,0.58836,875,17
1733443200,0.58766,0.58854,0.58747,0.58828,346,19
1733446800,0.58828,0.58881,0.58806,0.58819,1006,17
1733450400,0.58818,0.58825,0.58749,0.58767,1822,17
1733454000,0.58767,0.58823,0.58616,0.58636,2595,17
1733457600,0.58636,0.58725,0.58615,0.58695,2440,17
1733461200,0.58695,0.58745,0.58661,0.58666,1830,17
1733464800,0.58666,0.58673,0.58567,0.58598,1151,18
1733468400,0.58598,0.586,0.58538,0.58589,1423,18
1733472000,0.58589,0.58599,0.58543,0.58574,1394,17
1733475600,0.58574,0.58601,0.58538,0.58587,1978,15
1733479200,0.58586,0.58588,0.58477,0.58504,2156,15
1733482800,0.58504,0.58541,0.58478,0.5851,1493,15
1733486400,0.5851,0.58517,0.58422,0.58471,1404,15
1733490000,0.58471,0.58503,0.5841,0.5843,1361,15
1733493600,0.5843,0.58501,0.58422,0.58442,1757,15
1733497200,0.58442,0.58758,0.58396,0.58688,5833,15
1733500800,0.58689,0.58697,0.58466,0.58515,6300,15
1733504400,0.58507,0.5851,0.58261,0.58326,4909,15
1733508000,0.58326,0.58365,0.58267,0.58295,3769,15
1733511600,0.58291,0.58295,0.58208,0.58253,2332,17
1733515200,0.58253,0.58322,0.58237,0.5825,1449,18
1733518800,0.5825,0.58284,0.58201,0.58278,1320,18
1733522400,0.58282,0.58325,0.58275,0.58323,1395,17
1733526000,0.58322,0.58334,0.58242,0.58247,1482,17
1733702400,0.58293,0.58388,0.58265,0.58339,396,23
1733706000,0.58339,0.58391,0.5831,0.58372,1357,18
1733709600,0.58372,0.58374,0.58246,0.58306,1737,16
1733713200,0.58306,0.58352,0.58291,0.58317,1899,16
1733716800,0.58317,0.58367,0.58286,0.5831,1801,17
1733720400,0.5831,0.58317,0.58127,0.58132,1340,17
1733724000,0.58132,0.58137,0.58072,0.58074,1333,18
1733727600,0.58074,0.58096,0.58034,0.58077,1356,17
1733731200,0.58077,0.58122,0.5806,0.58102,1359,17
1733734800,0.58102,0.58421,0.58071,0.58405,3421,15
1733738400,0.58405,0.58588,0.5836,0.58585,3344,15
1733742000,0.58585,0.58675,0.58573,0.58593,2450,15
1733745600,0.58593,0.58678,0.58591,0.58617,1797,15
1733749200,0.58617,0.58656,0.58595,0.58606,1381,15
1733752800,0.58606,0.58629,0.58547,0.58599,1546,15
1733756400,0.58598,0.58795,0.5858,0.58781,2796,15
1733760000,0.58781,0.58802,0.58689,0.58737,2918,15
1733763600,0.58737,0.58873,0.58712,0.58837,3155,15
1733767200,0.58838,0.58872,0.5876,0.58781,2427,15
1733770800,0.58781,0.58818,0.58739,0.5874,1559,17
1733774400,0.58741,0.58759,0.58707,0.58727,1406,16
1733778000,0.58727,0.58727,0.58645,0.58672,1285,17
1733781600,0.58673,0.58685,0.58594,0.58629,1121,17
1733785200,0.58629,0.58647,0.58614,0.58634,594,17
1733788800,0.58617,0.58661,0.58604,0.58638,341,18
1733792400,0.58638,0.58654,0.58569,0.58571,952,17
1733796000,0.58571,0.58572,0.58459,0.58505,1573,16
1733799600,0.58505,0.58506,0.58375,0.58457,2669,15
1733803200,0.58459,0.58521,0.5836,0.5837,2715,18
1733806800,0.5837,0.58381,0.58206,0.583,3228,16
1733810400,0.583,0.5835,0.5825,0.58257,2293,16
1733814000,0.58257,0.58348,0.58225,0.58335,2242,17
1733817600,0.58335,0.5836,0.58268,0.58319,1918,15
1733821200,0.58314,0.58346,0.58184,0.58191,2196,15
1733824800,0.58189,0.58257,0.5814,0.58223,2525,15
1733828400,0.58223,0.58287,0.58179,0.58203,2310,15
1733832000,0.58203,0.58285,0.58201,0.58245,1798,15
1733835600,0.58245,0.58249,0.58189,0.58226,1604,15
1733839200,0.58226,0.58234,0.58136,0.58219,1833,15
1733842800,0.58219,0.58226,0.58149,0.58164,2372,15
1733846400,0.58164,0.58206,0.58078,0.58089,2944,15
1733850000,0.58088,0.58104,0.57944,0.57966,3225,15
1733853600,0.57966,0.57994,0.57906,0.57987,2491,15
1733857200,0.57985,0.58004,0.57925,0.57938,1698,16
1733860800,0.57938,0.58027,0.57936,0.58011,1286,17
1733864400,0.58014,0.58051,0.57997,0.58002,1058,17
1733868000,0.58002,0.5802,0.57972,0.57973,957,17
1733871600,0.57973,0.58011,0.57973,0.57987,698,17
1733875200,0.57987,0.58007,0.57944,0.58003,372,20
1733878800,0.58003,0.58031,0.58002,0.58003,780,18
1733882400,0.58003,0.58025,0.57966,0.57976,1430,17
1733886000,0.57976,0.58007,0.57957,0.57994,2530,18
1733889600,0.57992,0.58045,0.57962,0.58018,1947,17
1733893200,0.58018,0.58076,0.58009,0.58012,1517,17
1733896800,0.58012,0.58018,0.57879,0.57921,1203,16
1733900400,0.57921,0.57942,0.57857,0.57917,1433,17
1733904000,0.57917,0.57937,0.57881,0.57919,1342,17
1733907600,0.57917,0.57935,0.57652,0.57668,5151,15
1733911200,0.57668,0.57815,0.57628,0.5777,2984,15
1733914800,0.5777,0.57787,0.57659,0.577,3385,15
1733918400,0.577,0.57715,0.57607,0.57688,2214,15
1733922000,0.57688,0.57745,0.57648,0.57739,1737,15
1733925600,0.57739,0.57838,0.57722,0.57767,2564,15
1733929200,0.57767,0.58003,0.57763,0.57923,5117,15
1733932800,0.57919,0.57963,0.57817,0.57864,5265,15
1733936400,0.57862,0.57946,0.57793,0.5786,4637,15
1733940000,0.5786,0.57968,0.57826,0.57951,2805,15
1733943600,0.57951,0.57954,0.57813,0.57824,1905,16
1733947200,0.57823,0.57938,0.57803,0.57812,2426,16
1733950800,0.5781,0.57899,0.57798,0.5785,1805,15
1733954400,0.5785,0.57878,0.57824,0.57856,1196,17
1733958000,0.57858,0.57869,0.57824,0.57831,698,17
1733961600,0.57814,0.57859,0.57784,0.57856,283,21
1733965200,0.57857,0.57928,0.57842,0.57918,959,19
1733968800,0.57918,0.58029,0.57842,0.57982,2861,17
1733972400,0.57983,0.58074,0.5798,0.58053,2879,17
1733976000,0.58053,0.58064,0.57989,0.58011,2157,18
1733979600,0.58011,0.58084,0.58007,0.58053,1575,17
1733983200,0.58053,0.5808,0.58026,0.58058,1063,18
1733986800,0.58059,0.58081,0.58028,0.58055,1704,17
1733990400,0.58056,0.58097,0.58046,0.58095,1420,17
1733994000,0.58096,0.58167,0.58054,0.58075,2553,15
1733997600,0.58074,0.58091,0.58006,0.58047,2680,15
1734001200,0.58047,0.581,0.58026,0.5808,2256,15
1734004800,0.5808,0.58105,0.5798,0.57989,1821,14
1734008400,0.57989,0.58064,0.57919,0.57956,2781,15
1734012000,0.57956,0.5796,0.57892,0.57901,2345,15
1734015600,0.57901,0.58015,0.57853,0.57966,5006,14
1734019200,0.57967,0.58012,0.57831,0.57962,5569,15
1734022800,0.57965,0.57977,0.57704,0.578,5224,15
1734026400,0.578,0.57889,0.57792,0.57876,3049,15
1734030000,0.57877,0.57929,0.57787,0.57821,2261,16
1734033600,0.5782,0.57836,0.57733,0.57738,1997,16
1734037200,0.57737,0.57763,0.57653,0.57653,1850,16
1734040800,0.57653,0.57685,0.57614,0.5763,1249,17
1734044400,0.5763,0.5769,0.57623,0.5769,896,17
1734048000,0.5769,0.5769,0.57592,0.5762,580,24
1734051600,0.57617,0.57707,0.57603,0.57688,971,19
1734055200,0.57688,0.57712,0.57615,0.57658,2138,17
1734058800,0.57656,0.57695,0.57588,0.5763,2779,15
1734062400,0.5763,0.57639,0.5757,0.5759,2248,17
1734066000,0.57591,0.57659,0.5759,0.57629,1392,18
1734069600,0.57628,0.57671,0.57616,0.57666,976,17
1734073200,0.57666,0.57676,0.57599,0.57646,1362,17
1734076800,0.57646,0.57664,0.57556,0.57655,1692,17
1734080400,0.57657,0.57662,0.57579,0.57645,2849,15
1734084000,0.57643,0.57679,0.57549,0.57604,2313,15
1734087600,0.57604,0.57661,0.5758,0.57624,2230,15
1734091200,0.57625,0.57686,0.57597,0.57636,2121,15
1734094800,0.57636,0.57669,0.57624,0.57629,1596,15
1734098400,0.57629,0.57744,0.57603,0.57726,2099,15
1734102000,0.57726,0.57778,0.57711,0.57748,2361,15
1734105600,0.57748,0.57748,0.57615,0.57626,2709,15
1734109200,0.57626,0.57626,0.57537,0.57585,2736,15
1734112800,0.57585,0.5763,0.5755,0.57579,2318,15
1734116400,0.57577,0.57587,0.57529,0.57563,1839,17
1734120000,0.57562,0.57592,0.5754,0.57564,1331,16
1734123600,0.57564,0.57596,0.57543,0.57565,975,18
1734127200,0.57567,0.57575,0.57534,0.57574,820,17
1734130800,0.57574,0.5762,0.57553,0.57596,1048,18
1734307200,0.57657,0.57657,0.57552,0.57598,467,24
1734310800,0.57598,0.57735,0.57598,0.57685,1279,17
1734314400,0.57685,0.57728,0.57651,0.57661,1760,18
1734318000,0.57661,0.57744,0.57658,0.57725,2221,18
1734321600,0.57719,0.57768,0.57693,0.57718,1812,17
1734325200,0.57719,0.57763,0.57701,0.57758,1321,17
1734328800,0.57758,0.57826,0.57758,0.57793,1112,18
1734332400,0.57795,0.57816,0.57777,0.57797,1158,17
1734336000,0.57797,0.57822,0.5774,0.57758,1298,18
1734339600,0.57755,0.57815,0.57744,0.57781,1673,15
1734343200,0.5778,0.57855,0.57769,0.57778,2397,15
1734346800,0.57774,0.57843,0.57738,0.57751,1834,15
1734350400,0.57751,0.57755,0.57639,0.57641,1466,15
1734354000,0.57641,0.57668,0.57611,0.57658,1269,15
1734357600,0.57659,0.57716,0.5764,0.57696,1651,15
1734361200,0.57696,0.5774,0.57682,0.57725,2008,15
1734364800,0.57726,0.57754,0.57577,0.57654,2863,15
1734368400,0.57654,0.57821,0.57639,0.57811,3168,15
1734372000,0.57811,0.57833,0.5775,0.5779,2294,15
1734375600,0.57789,0.5785,0.57768,0.57792,1762,17
1734379200,0.57792,0.57823,0.57756,0.57818,983,18
1734382800,0.57818,0.57832,0.57746,0.57787,1041,16
1734386400,0.57787,0.57799,0.57757,0.57783,789,17
1734390000,0.57783,0.5781,0.57756,0.57803,582,18
1734393600,0.57803,0.57822,0.57678,0.57777,536,19
1734397200,0.57777,0.57911,0.57777,0.57904,680,17
1734400800,0.57904,0.57921,0.57816,0.57825,1649,18
1734404400,0.57826,0.5783,0.57737,0.57779,2150,18
1734408000,0.57779,0.57812,0.57743,0.57752,1888,17
1734411600,0.57753,0.5778,0.57698,0.57707,1156,17
1734415200,0.57707,0.57744,0.57674,0.57676,956,18
1734418800,0.57678,0.57695,0.5763,0.57632,1520,17
1734422400,0.57632,0.5766,0.57557,0.57596,1566,18
1734426000,0.57592,0.57689,0.57592,0.57627,2223,15
1734429600,0.57627,0.57632,0.57544,0.57575,2187,15
1734433200,0.57575,0.57626,0.57556,0.57577,1829,15
1734436800,0.5758,0.57598,0.57533,0.57592,1692,15
1734440400,0.57592,0.57603,0.57557,0.57581,1460,15
1734444000,0.57581,0.57618,0.57566,0.57603,1795,15
1734447600,0.57603,0.5765,0.57561,0.5764,3013,15
1734451200,0.57641,0.57673,0.57556,0.57592,3126,15
1734454800,0.57593,0.57623,0.57536,0.57586,2967,15
1734458400,0.57587,0.57601,0.57509,0.57567,2120,15
1734462000,0.57566,0.57624,0.57534,0.57594,2002,16
1734465600,0.57592,0.5761,0.57559,0.57568,1352,17
1734469200,0.57568,0.57586,0.57535,0.57536,906,17
1734472800,0.57536,0.57539,0.5749,0.57511,870,17
1734476400,0.57511,0.57544,0.57498,0.57524,684,17
1734480000,0.57524,0.57551,0.57491,0.57533,315,23
1734483600,0.57535,0.57574,0.5751,0.57571,775,18
1734487200,0.57571,0.57579,0.57534,0.57556,1305,17
1734490800,0.57556,0.57569,0.57453,0.57479,1949,17
1734494400,0.5748,0.57511,0.57416,0.57478,1580,16
1734498000,0.57479,0.57481,0.57385,0.57386,1464,17
1734501600,0.57386,0.57386,0.57334,0.57346,1155,17
1734505200,0.57346,0.57402,0.57301,0.57389,1356,16
1734508800,0.5739,0.57471,0.57376,0.57453,1182,18
1734512400,0.57453,0.57465,0.57361,0.57368,2204,15
1734516000,0.57366,0.57371,0.57296,0.57332,2042,15
1734519600,0.57332,0.57341,0.57223,0.57239,1814,15
1734523200,0.57239,0.57298,0.57239,0.57293,1647,15
1734526800,0.57293,0.57301,0.57265,0.57286,1448,15
1734530400,0.57286,0.57336,0.57277,0.5732,1641,15
1734534000,0.5732,0.57353,0.57304,0.57336,2124,15
1734537600,0.57336,0.57365,0.5731,0.57345,2483,15
1734541200,0.57345,0.57347,0.57193,0.57198,2769,15
1734544800,0.57196,0.57207,0.5715,0.57166,2064,15
1734548400,0.57165,0.57222,0.57154,0.57187,1328,17
1734552000,0.57187,0.5724,0.57154,0.57154,1111,16
1734555600,0.57162,0.57171,0.56631,0.56646,7392,16
1734559200,0.56645,0.56669,0.56528,0.56576,5373,15
1734562800,0.56575,0.56615,0.56187,0.56223,2833,17
1734566400,0.56223,0.56228,0.56149,0.562,1019,20
1734570000,0.562,0.56341,0.56118,0.56156,2673,15
1734573600,0.56156,0.56262,0.56071,0.56227,3663,16
1734577200,0.56227,0.56292,0.56198,0.56231,3609,15
1734580800,0.56231,0.56281,0.56178,0.56277,2589,17
1734584400,0.56276,0.563,0.56207,0.56292,2028,18
1734588000,0.56292,0.56301,0.56234,0.56289,1480,18
1734591600,0.56289,0.56312,0.56224,0.56237,1723,17
1734595200,0.56237,0.56355,0.56212,0.5634,2703,17
1734598800,0.56343,0.56439,0.56342,0.56399,3364,15
1734602400,0.56397,0.56496,0.5637,0.56483,3243,15
1734606000,0.56483,0.5658,0.56456,0.56573,2588,15
1734609600,0.56574,0.56611,0.56536,0.56564,2102,15
1734613200,0.56564,0.56597,0.56545,0.56563,1918,15
1734616800,0.56563,0.56575,0.56506,0.56518,3027,15
1734620400,0.56518,0.56582,0.56456,0.56522,4009,15
1734624000,0.56522,0.56615,0.56498,0.56579,3947,15
1734627600,0.56579,0.56598,0.56484,0.56488,4049,15
1734631200,0.56489,0.56565,0.56409,0.56409,3346,15
1734634800,0.56408,0.56495,0.56392,0.564,2413,16
1734638400,0.564,0.56433,0.56335,0.56429,2087,16
1734642000,0.56429,0.56453,0.56341,0.56341,1849,16
1734645600,0.56342,0.56367,0.56321,0.5634,1232,17
1734649200,0.56341,0.56341,0.56287,0.56288,888,18
1734652800,0.56247,0.56309,0.56247,0.56296,785,21
1734656400,0.56296,0.56296,0.56235,0.56252,995,18
1734660000,0.56252,0.56269,0.56165,0.5618,2020,16
1734663600,0.5618,0.56321,0.56119,0.56284,2792,16
1734667200,0.56284,0.56308,0.56231,0.56268,2293,16
1734670800,0.56268,0.56306,0.56199,0.56229,2042,18
1734674400,0.56229,0.56255,0.56204,0.56225,1316,16
1734678000,0.56225,0.56264,0.562,0.56237,1430,17
1734681600,0.56237,0.56376,0.56196,0.56356,2708,16
1734685200,0.56354,0.56402,0.56312,0.56393,2707,15
1734688800,0.56393,0.56453,0.56371,0.56392,2637,15
1734692400,0.56392,0.56399,0.56322,0.5635,2385,15
1734696000,0.5635,0.56384,0.56306,0.56319,1849,15
1734699600,0.56319,0.56326,0.56267,0.5628,1744,15
1734703200,0.5628,0.56391,0.56275,0.56347,1911,15
1734706800,0.56347,0.56493,0.56317,0.56383,3771,15
1734710400,0.56383,0.56411,0.56326,0.56374,3809,15
1734714000,0.5638,0.5653,0.56357,0.56443,4416,15
1734717600,0.56443,0.56641,0.56415,0.56619,3429,15
1734721200,0.56619,0.56715,0.56606,0.5662,2602,15
1734724800,0.5662,0.56626,0.56557,0.56588,1437,16
1734728400,0.56588,0.56677,0.56577,0.56656,1446,16
1734732000,0.56656,0.56659,0.56556,0.56559,1503,16
1734735600,0.56558,0.56579,0.56447,0.56447,1798,17
1734912000,0.56437,0.56459,0.56398,0.56426,442,23
1734915600,0.56433,0.56559,0.56433,0.56513,1301,17
1734919200,0.56513,0.56519,0.5644,0.56448,1761,17
1734922800,0.56447,0.56564,0.5641,0.56544,1941,17
1734926400,0.56545,0.56593,0.5653,0.56581,1362,17
1734930000,0.5658,0.56587,0.56513,0.5652,996,17
1734933600,0.5652,0.56576,0.565,0.5657,1044,18
1734937200,0.56571,0.56586,0.56548,0.5658,1150,17
1734940800,0.56581,0.56592,0.56524,0.56555,1340,16
1734944400,0.56558,0.56558,0.56444,0.56456,1635,15
1734948000,0.56456,0.56543,0.56443,0.56533,1945,15
1734951600,0.56533,0.56604,0.56531,0.56566,1652,15
1734955200,0.56567,0.56577,0.56463,0.56465,1617,15
1734958800,0.56465,0.56509,0.56424,0.56463,1340,15
1734962400,0.56463,0.56471,0.56386,0.56418,1900,15
1734966000,0.56417,0.56425,0.56345,0.56351,2234,15
1734969600,0.56347,0.56417,0.56345,0.56385,2475,15
1734973200,0.5638,0.5642,0.56312,0.56394,3402,15
1734976800,0.56393,0.56475,0.56337,0.56463,1961,15
1734980400,0.56462,0.56508,0.56455,0.56459,1748,16
1734984000,0.56459,0.5653,0.56457,0.56493,1622,17
1734987600,0.56493,0.56518,0.56461,0.5651,1258,17
1734991200,0.5651,0.56533,0.56462,0.56487,1106,17
1734994800,0.56488,0.56508,0.56463,0.56469,652,17
1734998400,0.56441,0.56468,0.56403,0.56414,595,23
1735002000,0.56421,0.5649,0.56416,0.56446,663,17
1735005600,0.56443,0.56459,0.56397,0.56409,1448,18
1735009200,0.5641,0.5643,0.56379,0.56411,1517,18
1735012800,0.56412,0.56478,0.56388,0.56401,1600,18
1735016400,0.56401,0.56421,0.56344,0.5641,924,17
1735020000,0.5641,0.56444,0.56401,0.5644,703,18
1735023600,0.56441,0.56473,0.56426,0.56461,700,18
1735027200,0.56461,0.56491,0.56437,0.5648,911,18
1735030800,0.56481,0.56515,0.56425,0.56429,1146,15
1735034400,0.5643,0.56488,0.56416,0.56446,1379,15
1735038000,0.56446,0.56452,0.56385,0.56389,1454,15
1735041600,0.56389,0.56422,0.56366,0.56398,1303,15
1735045200,0.56395,0.5641,0.56366,0.56381,1253,15
1735048800,0.56381,0.56401,0.56346,0.56366,1637,15
1735052400,0.56366,0.56479,0.56359,0.5646,1881,14
1735056000,0.5646,0.56477,0.56413,0.5643,2051,15
1735059600,0.56431,0.56457,0.56353,0.56353,1926,14
1735063200,0.56353,0.56396,0.5633,0.56355,1783,14
1735066800,0.56353,0.56421,0.56344,0.56352,1382,14
1735070400,0.5635,0.56395,0.5635,0.56395,106,14
1735171200,0.56434,0.56435,0.56423,0.56435,6,263
1735174800,0.56313,0.56532,0.56313,0.56499,943,14
1735178400,0.56499,0.56544,0.56479,0.56515,783,14
1735182000,0.56514,0.56528,0.5647,0.56513,1804,14
1735185600,0.56513,0.56563,0.56499,0.56551,727,14
1735189200,0.56551,0.56589,0.56535,0.56536,628,14
1735192800,0.56535,0.56535,0.56479,0.56483,783,14
1735196400,0.56484,0.56538,0.56455,0.56459,830,14
1735200000,0.56459,0.56466,0.56374,0.56385,799,14
1735203600,0.56385,0.56434,0.56341,0.56429,1089,14
1735207200,0.56429,0.56438,0.56332,0.56361,996,14
1735210800,0.56361,0.5637,0.56328,0.56349,1186,15
1735214400,0.56349,0.56408,0.56332,0.5639,831,14
1735218000,0.56388,0.56396,0.56362,0.56387,909,14
1735221600,0.56387,0.56388,0.56297,0.56315,1203,14
1735225200,0.56315,0.56384,0.56302,0.56303,1669,14
1735228800,0.56303,0.56337,0.56236,0.56261,2043,14
1735232400,0.56262,0.56274,0.5621,0.56222,1980,14
1735236000,0.5622,0.56289,0.56214,0.56286,1532,14
1735239600,0.56286,0.56303,0.56216,0.56239,1471,14
1735243200,0.56239,0.56331,0.56239,0.56297,1901,14
1735246800,0.56295,0.56295,0.56228,0.56236,1312,14
1735250400,0.56236,0.56243,0.56205,0.56234,568,14
1735254000,0.56234,0.56235,0.56217,0.56231,255,15
1735257600,0.56226,0.56269,0.56206,0.56218,1188,18
1735261200,0.56224,0.56256,0.56214,0.5624,756,15
1735264800,0.5624,0.56269,0.56195,0.56211,1262,18
1735268400,0.56211,0.56244,0.56188,0.56204,1712,16
1735272000,0.56202,0.56225,0.56173,0.56208,1423,18
1735275600,0.56208,0.56235,0.56129,0.5615,1090,18
1735279200,0.56151,0.56174,0.56129,0.56152,789,17
1735282800,0.56152,0.56214,0.56149,0.56178,942,18
1735286400,0.56178,0.56262,0.56176,0.56256,925,18
1735290000,0.5626,0.5632,0.56254,0.56314,1560,16
1735293600,0.56312,0.56363,0.56283,0.56299,2178,15
1735297200,0.56297,0.56302,0.56235,0.56264,1350,15
1735300800,0.56264,0.56286,0.5623,0.56274,1443,15
1735304400,0.56277,0.56375,0.56271,0.56358,1369,16
1735308000,0.56358,0.56427,0.56338,0.56378,1671,15
1735311600,0.56378,0.56395,0.56322,0.56386,1864,15
1735315200,0.56387,0.56388,0.56292,0.56296,2398,15
1735318800,0.56296,0.56387,0.56208,0.56356,3095,15
1735322400,0.56356,0.56389,0.56281,0.56282,2205,15
1735326000,0.5628,0.5628,0.56214,0.56249,1714,17
1735329600,0.5625,0.56327,0.56247,0.56317,1196,17
1735333200,0.56315,0.56371,0.56301,0.56361,1169,17
1735336800,0.56361,0.56361,0.56311,0.56334,1112,18
1735340400,0.56334,0.56345,0.56221,0.56245,1398,19
1735516800,0.56202,0.56359,0.56202,0.56357,538,22
1735520400,0.56366,0.56458,0.56356,0.5638,953,19
1735524000,0.5638,0.56417,0.56336,0.564,1035,18
1735527600,0.564,0.56459,0.56348,0.56413,1079,18
1735531200,0.56413,0.56479,0.56406,0.56474,843,17
1735534800,0.56474,0.56579,0.56463,0.56565,895,17
1735538400,0.56561,0.5658,0.56527,0.5655,810,18
1735542000,0.56551,0.56572,0.56527,0.56548,1147,17
1735545600,0.56548,0.56589,0.56546,0.56579,1114,17
1735549200,0.56574,0.56629,0.56531,0.56622,1511,15
1735552800,0.56615,0.56618,0.5646,0.56467,1868,15
1735556400,0.56467,0.56556,0.56458,0.5653,1588,15
1735560000,0.56529,0.56585,0.56516,0.56559,1364,15
1735563600,0.56558,0.56638,0.56556,0.56613,1366,15
1735567200,0.56613,0.56634,0.56557,0.56578,1715,15
1735570800,0.56578,0.5659,0.56389,0.56395,2597,15
1735574400,0.56397,0.56464,0.5634,0.5643,3589,15
1735578000,0.56428,0.56451,0.56273,0.56364,3878,15
1735581600,0.56364,0.56384,0.5631,0.56366,2570,15
1735585200,0.56364,0.56422,0.56346,0.56418,1484,17
1735588800,0.56416,0.56486,0.56405,0.56471,1180,18
1735592400,0.56471,0.56478,0.56397,0.56398,1143,17
1735596000,0.56398,0.56436,0.56385,0.56386,938,18
1735599600,0.56388,0.56398,0.56362,0.56379,482,18
1735603200,0.56321,0.56389,0.56293,0.56372,447,22
1735606800,0.56372,0.56386,0.56321,0.56379,656,18
1735610400,0.56378,0.56389,0.56316,0.56388,1092,17
1735614000,0.5639,0.56455,0.5637,0.56408,1836,16
1735617600,0.56408,0.56414,0.56332,0.56342,1126,18
1735621200,0.56341,0.56351,0.56264,0.56272,1240,17
1735624800,0.56271,0.56297,0.56263,0.56282,624,18
1735628400,0.56282,0.5632,0.5627,0.56282,716,18
1735632000,0.56277,0.56282,0.56192,0.56238,967,17
1735635600,0.5624,0.56351,0.56214,0.56327,1571,15
1735639200,0.56328,0.56332,0.56227,0.56279,2021,15
1735642800,0.56279,0.56303,0.56234,0.56284,1749,15
1735646400,0.56284,0.56284,0.56194,0.56223,2090,15
1735650000,0.56223,0.56238,0.56166,0.56187,1301,15
1735653600,0.56187,0.56195,0.56098,0.56102,1550,15
1735657200,0.56099,0.56108,0.56023,0.56092,2728,15
1735660800,0.56093,0.56104,0.56033,0.5607,2921,15
1735664400,0.56066,0.5612,0.56004,0.56025,4205,15
1735668000,0.56026,0.56047,0.55911,0.55926,2985,15
1735671600,0.55925,0.55937,0.5587,0.55916,2090,18
1735675200,0.55918,0.55918,0.55899,0.55907,96,18
1735776000,0.55887,0.56015,0.5588,0.56015,334,29
1735779600,0.56011,0.56018,0.55936,0.5597,1179,15
1735783200,0.5597,0.56047,0.5592,0.56025,1390,14
1735786800,0.56027,0.56154,0.56006,0.56143,2116,14
1735790400,0.56143,0.56206,0.5611,0.56204,1828,14
1735794000,0.56204,0.56206,0.56134,0.56156,1119,14
1735797600,0.56156,0.56197,0.56151,0.56158,887,15
1735801200,0.56158,0.56162,0.56109,0.56138,1080,14
1735804800,0.56138,0.56143,0.56085,0.56115,1214,15
1735808400,0.56116,0.56134,0.5607,0.56075,1777,15
1735812000,0.56078,0.56149,0.56034,0.56146,2309,15
1735815600,0.56147,0.56239,0.56133,0.5618,1945,15
1735819200,0.5618,0.56208,0.56075,0.56084,2376,15
1735822800,0.56084,0.56142,0.56061,0.5613,2144,15
1735826400,0.56129,0.56146,0.56067,0.56074,2143,15
1735830000,0.56073,0.56132,0.56008,0.56104,3655,14
1735833600,0.56106,0.56154,0.56033,0.5606,3799,15
1735837200,0.5606,0.5613,0.56007,0.56013,4242,15
1735840800,0.56012,0.56022,0.559,0.55982,4461,15
1735844400,0.5598,0.56026,0.55913,0.55934,2682,17
1735848000,0.55934,0.55948,0.5587,0.55909,1858,17
1735851600,0.5591,0.55938,0.5586,0.55866,1401,17
1735855200,0.55866,0.5596,0.55865,0.55922,1121,17
1735858800,0.55922,0.55954,0.55917,0.55936,679,18
1735862400,0.55894,0.55959,0.55886,0.5595,533,27
1735866000,0.55964,0.55965,0.559,0.55921,670,19
1735869600,0.55921,0.56069,0.55921,0.56065,1320,17
1735873200,0.56064,0.56065,0.5597,0.55995,1800,17
1735876800,0.55993,0.56051,0.55986,0.56029,1537,17
1735880400,0.56028,0.56059,0.56013,0.56036,1094,18
1735884000,0.56036,0.56059,0.56006,0.56054,905,18
1735887600,0.56054,0.56099,0.56044,0.56058,1109,18
1735891200,0.56058,0.56095,0.56047,0.56083,961,17
1735894800,0.56078,0.56099,0.55922,0.56009,2956,15
1735898400,0.56009,0.56047,0.55937,0.55961,2282,15
1735902000,0.55961,0.56066,0.5596,0.56003,2027,15
1735905600,0.56003,0.5602,0.55974,0.55992,1369,15
1735909200,0.55992,0.56077,0.55991,0.56054,1299,15
1735912800,0.56054,0.56072,0.56013,0.56056,1565,15
1735916400,0.56057,0.56084,0.56015,0.56041,1870,15
1735920000,0.56042,0.56121,0.56026,0.56038,2195,15
1735923600,0.56035,0.561,0.55926,0.55993,4140,15
1735927200,0.55991,0.56062,0.55986,0.56023,2424,15
1735930800,0.56022,0.56127,0.56019,0.56058,1657,17
1735934400,0.56057,0.56103,0.56033,0.56056,1410,16
1735938000,0.56053,0.56125,0.56039,0.56073,1046,18
1735941600,0.56071,0.56124,0.56058,0.56078,993,18
1735945200,0.56076,0.56123,0.56046,0.56106,1524,18
1736121600,0.56107,0.56122,0.56069,0.56106,286,26
1736125200,0.56107,0.56197,0.56085,0.5616,1181,17
1736128800,0.56162,0.56279,0.56141,0.56257,1948,17
1736132400,0.56257,0.56333,0.56152,0.56178,2407,17
1736136000,0.56178,0.56263,0.5616,0.56203,2126,18
1736139600,0.56203,0.56224,0.56129,0.56208,1539,17
1736143200,0.56209,0.56232,0.56179,0.56207,956,16
1736146800,0.56207,0.5627,0.56199,0.56232,1289,17
1736150400,0.56231,0.5628,0.56211,0.56247,1364,17
1736154000,0.56248,0.56285,0.5622,0.56256,1689,15
1736157600,0.56255,0.56414,0.56235,0.56408,2498,15
1736161200,0.56408,0.56428,0.56338,0.56352,2521,15
1736164800,0.56353,0.56356,0.563,0.563,1617,15
1736168400,0.56297,0.5674,0.56257,0.56737,6031,15
1736172000,0.56733,0.56762,0.56612,0.56728,3819,15
1736175600,0.56731,0.56838,0.56714,0.5674,4298,15
1736179200,0.56741,0.56794,0.56392,0.56552,6656,15
1736182800,0.56553,0.5658,0.56362,0.56397,5314,15
1736186400,0.564,0.56472,0.56357,0.56432,3223,15
1736190000,0.56431,0.56438,0.56338,0.5639,1793,17
1736193600,0.5639,0.56399,0.56317,0.5632,1692,15
1736197200,0.5632,0.56372,0.56302,0.56371,1414,17
1736200800,0.5637,0.56401,0.56367,0.56396,1120,16
1736204400,0.56396,0.56439,0.5638,0.56414,746,17
1736208000,0.56375,0.56426,0.56375,0.56386,285,25
1736211600,0.56387,0.56403,0.5636,0.56362,780,19
1736215200,0.56368,0.56449,0.56345,0.56448,1474,19
1736218800,0.56447,0.5648,0.564,0.56458,1863,18
1736222400,0.56456,0.56519,0.56455,0.56502,1641,18
1736226000,0.56501,0.56623,0.5647,0.56607,1274,17
1736229600,0.56607,0.5664,0.56575,0.5658,876,18
1736233200,0.5658,0.5669,0.56573,0.56661,1397,18
1736236800,0.56664,0.5669,0.56616,0.56624,1324,17
1736240400,0.56622,0.56755,0.56612,0.56752,2535,15
1736244000,0.56755,0.56863,0.56749,0.5686,2409,15
1736247600,0.56859,0.5692,0.56839,0.56854,1972,15
1736251200,0.56854,0.56883,0.56821,0.56838,1854,15
1736254800,0.56838,0.56841,0.56748,0.56771,1599,15
1736258400,0.56771,0.56795,0.56684,0.56707,1919,15
1736262000,0.56707,0.56775,0.56693,0.567,2242,15
1736265600,0.56702,0.56702,0.56641,0.5665,2395,15
1736269200,0.56632,0.56653,0.564,0.56467,5439,15
1736272800,0.56468,0.5648,0.56359,0.56414,4395,15
1736276400,0.56412,0.56501,0.56403,0.56447,3115,17
1736280000,0.56449,0.56474,0.5636,0.56386,2101,17
1736283600,0.56386,0.56423,0.56372,0.56396,1519,16
1736287200,0.56396,0.56402,0.56314,0.56337,1370,17
1736290800,0.56337,0.56349,0.56318,0.56326,614,17
1736294400,0.56269,0.56343,0.56269,0.56318,300,24
1736298000,0.5632,0.56343,0.56308,0.56329,678,18
1736301600,0.5633,0.56409,0.56279,0.56298,2096,17
1736305200,0.56299,0.56328,0.56244,0.56317,2068,17
1736308800,0.56316,0.56339,0.56293,0.56307,1276,17
1736312400,0.56306,0.56346,0.56286,0.56321,1020,17
1736316000,0.56321,0.56349,0.56291,0.56321,875,17
1736319600,0.56321,0.56382,0.56306,0.56375,1094,17
1736323200,0.56375,0.5641,0.56335,0.56358,1289,18
1736326800,0.56358,0.56364,0.5626,0.56273,2150,15
1736330400,0.56273,0.56302,0.56177,0.56177,2510,15
1736334000,0.56177,0.56242,0.56171,0.56188,2106,15
1736337600,0.56189,0.56191,0.561,0.56148,1755,15
1736341200,0.56146,0.56152,0.5589,0.56003,3884,15
1736344800,0.56004,0.5603,0.5589,0.55924,2966,15
1736348400,0.55924,0.56006,0.55909,0.55995,4918,15
1736352000,0.55995,0.56042,0.55935,0.55961,3504,15
1736355600,0.55962,0.56077,0.55962,0.56054,3728,14
1736359200,0.56054,0.56115,0.56001,0.56103,2858,14
1736362800,0.56103,0.56116,0.55986,0.5602,1971,17
1736366400,0.5602,0.56094,0.56005,0.56018,2076,16
1736370000,0.5602,0.56119,0.56009,0.56027,2126,17
1736373600,0.56027,0.56095,0.56017,0.56074,1283,16
1736377200,0.56073,0.56105,0.56059,0.56071,626,17
1736380800,0.56042,0.56089,0.56022,0.56047,1880,18
1736384400,0.56045,0.56071,0.56036,0.56038,928,18
1736388000,0.5604,0.56059,0.55938,0.55984,1814,17
1736391600,0.55982,0.56013,0.55953,0.55965,1679,17
1736395200,0.55965,0.56042,0.55962,0.56007,1179,17
1736398800,0.56007,0.56043,0.5596,0.5596,972,18
1736402400,0.5596,0.55978,0.55919,0.55957,962,18
1736406000,0.55957,0.55997,0.55945,0.55985,1206,17
1736409600,0.55985,0.55988,0.5591,0.55928,1607,16
1736413200,0.55928,0.55965,0.55761,0.55777,2532,15
1736416800,0.55778,0.5591,0.55711,0.55906,3011,15
1736420400,0.55906,0.55951,0.55872,0.55886,2205,15
1736424000,0.55886,0.5594,0.55862,0.55914,2171,15
1736427600,0.55914,0.55968,0.55891,0.55938,1770,15
1736431200,0.55938,0.55966,0.55889,0.55915,1766,15
1736434800,0.55915,0.56008,0.55898,0.5595,2271,15
1736438400,0.55949,0.56009,0.55937,0.55997,1909,15
1736442000,0.55998,0.56001,0.55891,0.55916,1972,15
1736445600,0.55917,0.55959,0.55895,0.5595,1388,15
1736449200,0.5595,0.55975,0.55937,0.55964,1115,16
1736452800,0.55961,0.55988,0.5594,0.55983,679,17
1736456400,0.55983,0.56025,0.55967,0.55985,450,18
1736460000,0.55985,0.56016,0.55985,0.55994,366,17
1736463600,0.55994,0.55994,0.55965,0.55986,318,17
1736467200,0.559,0.55999,0.559,0.55983,597,22
1736470800,0.55985,0.56005,0.55911,0.55919,931,18
1736474400,0.55922,0.55963,0.55907,0.55918,1429,17
1736478000,0.55918,0.56019,0.55906,0.55999,1832,16
1736481600,0.55999,0.56001,0.55951,0.55964,1173,17
1736485200,0.55964,0.55972,0.55915,0.55928,872,17
1736488800,0.55927,0.55941,0.55867,0.55897,819,18
1736492400,0.55898,0.55937,0.55865,0.55873,1177,17
1736496000,0.55872,0.55877,0.55817,0.55821,1211,17
1736499600,0.55823,0.55909,0.55819,0.55892,1422,15
1736503200,0.55892,0.55918,0.55798,0.55818,2173,15
1736506800,0.55818,0.55821,0.55757,0.55764,1833,15
1736510400,0.55764,0.55796,0.55743,0.55785,1544,15
1736514000,0.55785,0.55838,0.55783,0.55811,1414,15
1736517600,0.55811,0.55871,0.55796,0.55853,1502,15
1736521200,0.55854,0.55873,0.55421,0.55551,6165,14
1736524800,0.55547,0.557,0.55493,0.55587,6658,15
1736528400,0.55598,0.55725,0.55542,0.55611,6081,15
1736532000,0.5561,0.55612,0.55488,0.55535,4345,15
1736535600,0.55534,0.55643,0.555,0.55624,2533,17
1736539200,0.55622,0.55635,0.55558,0.55607,1813,17
1736542800,0.55609,0.55609,0.55555,0.5558,1600,16
1736546400,0.55581,0.55583,0.55527,0.55557,1261,17
1736550000,0.55556,0.55569,0.5543,0.55493,1440,18
1736726400,0.55487,0.55559,0.55482,0.55519,863,23
1736730000,0.55526,0.55664,0.55517,0.55624,1404,18
1736733600,0.55624,0.55664,0.55602,0.55642,1427,16
1736737200,0.55642,0.55687,0.55621,0.55653,2575,16
1736740800,0.55653,0.55712,0.55648,0.55688,1740,15
1736744400,0.55689,0.5571,0.55576,0.55595,1681,17
1736748000,0.55595,0.55611,0.55473,0.55494,1318,17
1736751600,0.55491,0.55566,0.5548,0.55526,1198,18
1736755200,0.55524,0.55554,0.55491,0.55512,1306,17
1736758800,0.55505,0.55567,0.55472,0.55536,2199,15
1736762400,0.55537,0.55632,0.55499,0.55521,2818,15
1736766000,0.55521,0.55546,0.55406,0.55429,3090,15
1736769600,0.5543,0.55494,0.55428,0.55473,2118,15
1736773200,0.55473,0.55509,0.55443,0.55471,1796,15
1736776800,0.5547,0.55566,0.55426,0.55552,2344,15
1736780400,0.55557,0.55623,0.5552,0.55555,2463,15
1736784000,0.55556,0.55575,0.55483,0.55572,3176,15
1736787600,0.55571,0.55575,0.55473,0.55498,3176,15
1736791200,0.55498,0.55569,0.55439,0.55529,2473,15
1736794800,0.55529,0.55582,0.55516,0.5558,2006,15
1736798400,0.55579,0.55626,0.55538,0.55608,1319,16
1736802000,0.55606,0.55609,0.55564,0.55567,1251,17
1736805600,0.55567,0.55659,0.55564,0.55657,1050,17
1736809200,0.55657,0.55827,0.5565,0.55822,1040,15
1736812800,0.55824,0.55984,0.55742,0.55951,1603,24
1736816400,0.55947,0.56163,0.55918,0.56006,2319,17
1736820000,0.56002,0.56039,0.55945,0.55981,2005,17
1736823600,0.5598,0.56097,0.55951,0.56087,2572,18
1736827200,0.56086,0.56088,0.55952,0.56036,1937,17
1736830800,0.56036,0.56113,0.56004,0.5606,1535,17
1736834400,0.5606,0.56104,0.56041,0.56069,1000,17
1736838000,0.56069,0.5608,0.56006,0.56037,1384,17
1736841600,0.56037,0.56133,0.56026,0.56129,1568,17
1736845200,0.56127,0.56186,0.56096,0.5618,2566,15
1736848800,0.56181,0.56303,0.56178,0.56191,2876,15
1736852400,0.5619,0.56194,0.56087,0.56099,2300,15
1736856000,0.56099,0.56135,0.5607,0.56089,1878,15
1736859600,0.56088,0.56088,0.5594,0.55998,1486,15
1736863200,0.55996,0.56006,0.55878,0.55907,1937,15
1736866800,0.55902,0.56116,0.55846,0.55903,4800,15
1736870400,0.55903,0.56017,0.55849,0.5594,4145,15
1736874000,0.55939,0.56099,0.55939,0.56029,4011,15
1736877600,0.5603,0.56089,0.55927,0.55945,3703,15
1736881200,0.55943,0.55944,0.5587,0.55902,2206,16
1736884800,0.55901,0.55981,0.55892,0.55974,1293,17
1736888400,0.55974,0.56015,0.5595,0.55968,1172,17
1736892000,0.55968,0.56015,0.55952,0.55982,1285,16
1736895600,0.55981,0.56038,0.5598,0.56029,552,17
1736899200,0.55918,0.56039,0.55918,0.56023,542,20
1736902800,0.56023,0.56053,0.5599,0.56013,708,17
1736906400,0.56013,0.56021,0.55962,0.55976,1264,16
1736910000,0.55976,0.56043,0.55974,0.56019,1526,16
1736913600,0.5602,0.5603,0.5597,0.56008,1578,17
1736917200,0.56009,0.56058,0.55994,0.56053,1041,18
1736920800,0.56052,0.56062,0.56034,0.56056,822,17
1736924400,0.56056,0.56061,0.55965,0.55967,1104,16
1736928000,0.55967,0.56023,0.55955,0.56,1029,17
1736931600,0.56,0.56183,0.55985,0.56162,2293,15
1736935200,0.5616,0.56247,0.56103,0.56109,2376,15
1736938800,0.56109,0.562,0.56103,0.56179,1934,15
1736942400,0.56179,0.56185,0.56103,0.56129,1526,15
1736946000,0.5613,0.56161,0.56082,0.56093,1405,15
1736949600,0.56093,0.56099,0.55993,0.56025,1599,15
1736953200,0.56025,0.56502,0.56008,0.56456,5155,14
1736956800,0.56458,0.56462,0.56323,0.56351,5217,15
1736960400,0.5635,0.5638,0.56184,0.56223,4391,15
1736964000,0.56223,0.56244,0.56042,0.56106,4031,15
1736967600,0.56105,0.56162,0.56095,0.56115,2326,17
1736971200,0.56117,0.56144,0.56097,0.56124,1426,17
1736974800,0.56124,0.56164,0.56103,0.56162,951,17
1736978400,0.56162,0.56194,0.56145,0.56185,944,17
1736982000,0.56184,0.56192,0.56132,0.56141,627,17
1736985600,0.56139,0.56162,0.56094,0.5614,592,18
1736989200,0.56151,0.56277,0.56147,0.56269,886,18
1736992800,0.56269,0.5632,0.5618,0.56302,2386,17
1736996400,0.56304,0.56304,0.56179,0.56194,2645,17
1737000000,0.56193,0.56216,0.56115,0.56126,2154,16
1737003600,0.56125,0.56132,0.56065,0.56079,1412,17
1737007200,0.56076,0.56139,0.56041,0.56055,1080,17
1737010800,0.56056,0.5606,0.5598,0.55995,1481,17
1737014400,0.55995,0.56059,0.55989,0.56056,1463,17
1737018000,0.5605,0.56111,0.56015,0.56098,2220,15
1737021600,0.56099,0.56107,0.55997,0.56055,2107,15
1737025200,0.56056,0.56071,0.5602,0.56028,1779,15
1737028800,0.56027,0.56059,0.55989,0.56018,1402,15
1737032400,0.56018,0.56037,0.56,0.56024,1252,15
1737036000,0.56025,0.56026,0.55855,0.55881,2205,15
1737039600,0.55881,0.55958,0.55811,0.5591,4343,15
1737043200,0.55908,0.55949,0.55871,0.55938,3743,15
1737046800,0.55938,0.56144,0.55912,0.56134,5154,15
1737050400,0.56134,0.56231,0.56077,0.5615,4344,15
1737054000,0.56149,0.56225,0.56108,0.56122,2719,16
1737057600,0.56123,0.56147,0.56073,0.56089,1581,18
1737061200,0.56089,0.56123,0.56074,0.56083,1403,18
1737064800,0.56082,0.56083,0.56042,0.56047,1100,17
1737068400,0.56046,0.56063,0.56033,0.56057,717,15
1737072000,0.56021,0.56059,0.56021,0.56035,308,19
1737075600,0.56033,0.56069,0.56009,0.56066,605,18
1737079200,0.56066,0.56128,0.56032,0.56089,1726,17
1737082800,0.5609,0.56121,0.5606,0.56095,1724,18
1737086400,0.56096,0.56145,0.56074,0.56082,1967,18
1737090000,0.56082,0.56108,0.56027,0.56039,1355,16
1737093600,0.5604,0.5604,0.5589,0.55919,1074,18
1737097200,0.55919,0.55942,0.5589,0.55917,1479,17
1737100800,0.55917,0.55919,0.55828,0.55883,1188,17
1737104400,0.55881,0.55942,0.5585,0.55927,2338,15
1737108000,0.55929,0.56012,0.55929,0.55981,2035,15
1737111600,0.5598,0.56031,0.55935,0.55968,2501,15
1737115200,0.55969,0.56003,0.55956,0.55972,1725,15
1737118800,0.55972,0.56008,0.55943,0.5596,1614,15
1737122400,0.55959,0.55966,0.55838,0.5585,1988,15
1737126000,0.5585,0.55872,0.55716,0.55743,3102,15
1737129600,0.55744,0.55942,0.55624,0.55928,5320,15
1737133200,0.55927,0.56142,0.55909,0.56028,4808,15
1737136800,0.56027,0.56041,0.55914,0.55937,2610,15
1737140400,0.55937,0.5596,0.55888,0.55904,1856,16
1737144000,0.55903,0.55943,0.55865,0.55886,1144,16
1737147600,0.55886,0.55915,0.55824,0.55845,1246,16
1737151200,0.55847,0.55882,0.55816,0.55865,1361,17
1737154800,0.55863,0.55863,0.55725,0.55767,1798,17
1737331200,0.55911,0.55911,0.55836,0.55897,487,27
1737334800,0.55903,0.55904,0.55782,0.55879,1155,18
1737338400,0.55877,0.5596,0.55874,0.55948,1696,17
1737342000,0.55946,0.5602,0.55912,0.56007,2287,18
1737345600,0.56007,0.56054,0.55976,0.56052,1684,16
1737349200,0.56052,0.56126,0.56012,0.56124,1364,18
1737352800,0.56126,0.56132,0.56079,0.56095,845,18
1737356400,0.56094,0.56119,0.56049,0.5605,1205,18
1737360000,0.5605,0.56117,0.56002,0.56078,1406,18
1737363600,0.56079,0.5621,0.56046,0.56209,1931,15
1737367200,0.56214,0.56217,0.56079,0.56087,2214,15
1737370800,0.56087,0.56093,0.55966,0.55999,2099,15
1737374400,0.56001,0.56039,0.55985,0.55995,1475,15
1737378000,0.55996,0.56052,0.55988,0.56043,1376,15
1737381600,0.56043,0.5608,0.56002,0.56062,1886,15
1737385200,0.56061,0.56594,0.56017,0.56588,6514,15
1737388800,0.56583,0.5679,0.5649,0.56707,6532,15
1737392400,0.56705,0.56771,0.56486,0.5654,5057,15
1737396000,0.5654,0.56613,0.56511,0.56552,2343,15
1737399600,0.56552,0.5662,0.5633,0.56544,3656,15
1737403200,0.56544,0.56616,0.5651,0.56616,1324,15
1737406800,0.56618,0.56776,0.56591,0.5675,1322,15
1737410400,0.5675,0.56834,0.56717,0.56735,2041,16
1737414000,0.56735,0.56745,0.56691,0.56705,1541,16
1737417600,0.56705,0.56712,0.56693,0.56701,215,24
1737421200,0.56701,0.56827,0.56697,0.56803,2475,15
1737424800,0.56803,0.56883,0.56214,0.56317,5518,15
1737428400,0.56316,0.56562,0.56206,0.56384,8033,15
1737432000,0.56384,0.56556,0.56384,0.56524,3905,15
1737435600,0.56524,0.56671,0.56523,0.56545,2654,15
1737439200,0.56545,0.56603,0.56509,0.56536,1437,15
1737442800,0.56536,0.56558,0.5639,0.56397,1335,15
1737446400,0.56397,0.56443,0.56343,0.5636,1893,15
1737450000,0.5636,0.5646,0.56328,0.56391,2854,15
1737453600,0.56389,0.56397,0.56291,0.56367,2667,15
1737457200,0.56367,0.56386,0.56245,0.56308,2905,15
1737460800,0.56309,0.56324,0.56241,0.56245,2523,15
1737464400,0.56245,0.56257,0.5616,0.56222,2376,15
1737468000,0.56221,0.56284,0.56201,0.56258,2827,15
1737471600,0.56258,0.56402,0.56235,0.56381,3288,15
1737475200,0.56383,0.56506,0.56353,0.56436,4365,15
1737478800,0.56433,0.56596,0.56398,0.56551,4905,15
1737482400,0.56552,0.56654,0.56536,0.56647,3323,15
1737486000,0.5665,0.56697,0.56632,0.5664,2306,15
1737489600,0.56639,0.5673,0.56623,0.56687,1681,15
1737493200,0.56687,0.56701,0.56623,0.56654,1292,15
1737496800,0.56654,0.56707,0.5664,0.56704,1083,15
1737500400,0.56704,0.56796,0.56669,0.56755,1167,15
1737504000,0.56755,0.56781,0.56683,0.5672,2628,15
1737507600,0.5672,0.56746,0.56553,0.56597,3257,16
1737511200,0.56596,0.5668,0.56594,0.56651,2442,15
1737514800,0.56651,0.56652,0.5653,0.56539,2454,15
1737518400,0.56539,0.56559,0.56494,0.56542,1842,15
1737522000,0.56542,0.56585,0.56538,0.56552,1141,15
1737525600,0.56552,0.56627,0.56541,0.56595,964,16
1737529200,0.56595,0.56616,0.5654,0.56604,1372,15
1737532800,0.56604,0.56616,0.56483,0.56507,1728,15
1737536400,0.56507,0.56576,0.56493,0.56542,2373,15
1737540000,0.56542,0.56687,0.56537,0.56687,2841,15
1737543600,0.56687,0.56796,0.56671,0.56795,2834,15
1737547200,0.56795,0.5686,0.56776,0.56806,2442,15
1737550800,0.56806,0.56871,0.56732,0.56749,1925,15
1737554400,0.56749,0.56766,0.56675,0.56754,2289,15
1737558000,0.56754,0.56816,0.56675,0.56733,3186,15
1737561600,0.56733,0.56759,0.56642,0.56677,3934,15
1737565200,0.56677,0.56693,0.56617,0.56642,3640,15
1737568800,0.56642,0.56672,0.56586,0.56662,2431,15
1737572400,0.56661,0.56682,0.56639,0.56664,1609,15
1737576000,0.56664,0.56711,0.56638,0.56674,1415,15
1737579600,0.56674,0.56714,0.56668,0.56683,1012,15
1737583200,0.56683,0.56702,0.56633,0.56646,1043,15
1737586800,0.56645,0.56655,0.56615,0.5663,900,15
1737590400,0.56622,0.56633,0.56584,0.56606,552,14
1737594000,0.56604,0.56629,0.5658,0.56615,837,15
1737597600,0.56615,0.56658,0.56609,0.56636,1517,15
1737601200,0.56636,0.56711,0.56628,0.56644,2173,15
1737604800,0.56644,0.56709,0.56615,0.56668,2051,15
1737608400,0.56668,0.56682,0.56618,0.56638,1182,15
1737612000,0.56638,0.56695,0.56636,0.56678,899,15
1737615600,0.56679,0.56691,0.56639,0.56639,1114,15
1737619200,0.56639,0.56686,0.56612,0.56612,1306,15
1737622800,0.56612,0.56636,0.56571,0.5661,2235,15
1737626400,0.5661,0.56612,0.56487,0.56496,2353,15
1737630000,0.56496,0.56578,0.56494,0.56571,2034,15
1737633600,0.56571,0.56619,0.56564,0.5658,1545,15
1737637200,0.5658,0.56621,0.56549,0.56558,1690,15
1737640800,0.56558,0.56611,0.56508,0.566,2043,15
1737644400,0.566,0.56654,0.56558,0.56631,3448,15
1737648000,0.56632,0.56702,0.56628,0.5667,3396,15
1737651600,0.56674,0.56677,0.5656,0.56607,3096,15
1737655200,0.56607,0.56835,0.56457,0.5675,6474,15
1737658800,0.5675,0.56848,0.56719,0.56825,2698,15
1737662400,0.56825,0.56835,0.56742,0.56753,1682,15
1737666000,0.56753,0.56785,0.5673,0.56761,1509,15
1737669600,0.56761,0.568,0.56731,0.56741,1447,15
1737673200,0.56741,0.56757,0.56711,0.56745,811,15
1737676800,0.56742,0.56773,0.56733,0.5675,841,22
1737680400,0.5675,0.56753,0.56728,0.56741,763,16
1737684000,0.56741,0.5676,0.56707,0.56725,1385,15
1737687600,0.56725,0.56776,0.56704,0.56759,1594,15
1737691200,0.56759,0.57073,0.56758,0.57067,4177,15
1737694800,0.57066,0.57076,0.56947,0.5705,3061,15
1737698400,0.5705,0.57098,0.56991,0.5702,2132,15
1737702000,0.5702,0.57097,0.5701,0.57094,1798,15
1737705600,0.57095,0.57183,0.57075,0.57124,2924,15
1737709200,0.57124,0.57146,0.57039,0.57073,3267,15
1737712800,0.57072,0.57176,0.57046,0.57121,4016,15
1737716400,0.5712,0.57209,0.57096,0.57123,3382,15
1737720000,0.57122,0.57131,0.57059,0.57107,2431,15
1737723600,0.57106,0.57129,0.57067,0.57072,1588,15
1737727200,0.57072,0.57091,0.57002,0.57031,2278,15
1737730800,0.57032,0.57058,0.56984,0.57002,3030,15
1737734400,0.57002,0.57125,0.56976,0.57058,3739,15
1737738000,0.57058,0.57219,0.57034,0.57182,4765,14
1737741600,0.57181,0.57197,0.57135,0.57173,3015,15
1737745200,0.57171,0.57226,0.57153,0.57155,1752,15
1737748800,0.57155,0.57166,0.57102,0.57105,1370,15
1737752400,0.57105,0.57124,0.57095,0.57121,1008,15
1737756000,0.57119,0.5714,0.5709,0.5711,1123,15
1737759600,0.57109,0.57126,0.56966,0.56966,2084,16
1737936000,0.56975,0.57001,0.5694,0.56958,936,42
1737939600,0.56961,0.56997,0.56901,0.56929,1807,15
1737943200,0.56929,0.56964,0.56896,0.56912,1790,15
1737946800,0.56912,0.56961,0.56782,0.5679,2873,15
1737950400,0.5679,0.56833,0.56774,0.56825,1957,15
1737954000,0.56825,0.5693,0.56816,0.56887,2042,15
1737957600,0.56887,0.569,0.5682,0.56852,1239,15
1737961200,0.56852,0.56886,0.56822,0.56874,1555,15
1737964800,0.56874,0.56891,0.56803,0.56836,1808,15
1737968400,0.56836,0.56864,0.56761,0.56765,2590,15
1737972000,0.56765,0.56906,0.56758,0.56901,3461,15
1737975600,0.56901,0.56943,0.56859,0.56905,3693,15
1737979200,0.56905,0.57003,0.56903,0.56965,3918,15
1737982800,0.56964,0.57025,0.56949,0.56977,3412,15
1737986400,0.56978,0.57045,0.56966,0.57007,3153,15
1737990000,0.57007,0.57035,0.56898,0.56927,3888,15
1737993600,0.56926,0.56953,0.5685,0.5687,3919,15
1737997200,0.56869,0.5687,0.56763,0.56837,3877,15
1738000800,0.56838,0.56864,0.56801,0.56805,3260,15
1738004400,0.56805,0.5683,0.5677,0.56805,2182,15
1738008000,0.56802,0.56841,0.5678,0.56818,1743,15
1738011600,0.56818,0.56886,0.56803,0.56882,1559,15
1738015200,0.56882,0.56914,0.56865,0.56903,1326,15
1738018800,0.56903,0.56946,0.56898,0.56911,983,15
1738022400,0.56884,0.56902,0.56863,0.56893,862,22
1738026000,0.56893,0.56901,0.56583,0.56635,4592,16
1738029600,0.56633,0.56706,0.56598,0.56652,3476,15
1738033200,0.56652,0.56719,0.5653,0.56573,3095,15
1738036800,0.56573,0.56665,0.56534,0.56642,3115,15
1738040400,0.56642,0.56661,0.5658,0.5658,1795,15
1738044000,0.5658,0.56585,0.56519,0.56576,1381,15
1738047600,0.56577,0.5661,0.56568,0.5659,1036,15
1738051200,0.5659,0.56643,0.56575,0.56583,1300,15
1738054800,0.56579,0.56641,0.5656,0.56586,2466,15
1738058400,0.56585,0.56612,0.56536,0.56594,3095,15
1738062000,0.56594,0.56649,0.5657,0.56599,2766,15
1738065600,0.56599,0.56634,0.56536,0.56542,2025,15
1738069200,0.56542,0.56576,0.56533,0.56536,1781,15
1738072800,0.56537,0.56547,0.56494,0.56506,2231,15
1738076400,0.56506,0.56545,0.56475,0.5649,2690,15
1738080000,0.5649,0.56607,0.56489,0.56545,3182,15
1738083600,0.56545,0.56649,0.56544,0.56571,3335,15
1738087200,0.56571,0.56629,0.56566,0.56598,2689,15
1738090800,0.56598,0.56649,0.56591,0.56625,1518,15
1738094400,0.56625,0.56697,0.56612,0.56633,1576,15
1738098000,0.56633,0.56686,0.56598,0.56677,1184,15
1738101600,0.56678,0.56687,0.56656,0.56677,888,15
1738105200,0.56677,0.56678,0.56648,0.56656,639,16
1738108800,0.56656,0.56668,0.56626,0.56637,437,21
1738112400,0.5664,0.5666,0.56624,0.56631,786,17
1738116000,0.5663,0.56668,0.56531,0.56595,2241,15
1738119600,0.56596,0.56617,0.56543,0.56565,1781,15
1738123200,0.56563,0.56621,0.56557,0.56578,1266,15
1738126800,0.56578,0.56603,0.56545,0.5657,1477,15
1738130400,0.56571,0.56622,0.5657,0.56606,1090,15
1738134000,0.56606,0.56665,0.56599,0.56645,1041,16
1738137600,0.56645,0.56675,0.56638,0.56649,1448,15
1738141200,0.56651,0.5666,0.56551,0.56568,2223,15
1738144800,0.56567,0.5661,0.56551,0.56572,2672,15
1738148400,0.56571,0.56577,0.56446,0.56457,2294,15
1738152000,0.56457,0.5649,0.56424,0.5647,1979,15
1738155600,0.56472,0.56486,0.56433,0.56463,1749,15
1738159200,0.56464,0.56475,0.56396,0.56452,2268,15
1738162800,0.56452,0.56469,0.56336,0.56362,2879,15
1738166400,0.56363,0.56433,0.56362,0.5643,2937,15
1738170000,0.5643,0.56545,0.56405,0.56522,3551,15
1738173600,0.56522,0.56562,0.56486,0.56504,3242,15
1738177200,0.56504,0.56593,0.565,0.56535,2627,15
1738180800,0.56535,0.56556,0.56501,0.56507,1733,15
1738184400,0.56481,0.56593,0.56346,0.56538,6678,15
1738188000,0.56535,0.56602,0.56464,0.5652,3653,15
1738191600,0.56519,0.56576,0.56498,0.56569,1225,15
1738195200,0.56569,0.56606,0.56488,0.56597,1063,19
1738198800,0.56597,0.56654,0.56564,0.56643,1519,17
1738202400,0.56643,0.56669,0.56612,0.56622,1427,15
1738206000,0.56618,0.56621,0.56569,0.56596,1400,16
1738209600,0.56596,0.56635,0.56569,0.5658,1612,15
1738213200,0.5658,0.56603,0.56538,0.5654,1297,15
1738216800,0.5654,0.56551,0.56462,0.56478,1136,15
1738220400,0.56477,0.56482,0.56444,0.56451,1188,15
1738224000,0.56451,0.56462,0.56404,0.56428,1377,15
1738227600,0.56428,0.56442,0.56377,0.56435,1649,15
1738231200,0.5644,0.56501,0.56421,0.56501,2339,15
1738234800,0.56503,0.56524,0.56451,0.56491,2458,15
1738238400,0.56491,0.56503,0.56443,0.56459,1727,15
1738242000,0.56459,0.56487,0.5644,0.56469,1565,15
1738245600,0.56469,0.56517,0.56428,0.56496,2144,15
1738249200,0.56496,0.56588,0.56433,0.56565,3991,15
1738252800,0.56562,0.56597,0.56496,0.56518,4746,15
1738256400,0.56518,0.56571,0.56507,0.56524,3664,15
1738260000,0.56522,0.56556,0.56502,0.56508,2631,15
1738263600,0.56508,0.56509,0.56453,0.56505,1776,15
1738267200,0.56504,0.56552,0.56492,0.56545,1031,15
1738270800,0.56546,0.56578,0.56534,0.56546,956,15
1738274400,0.56546,0.56562,0.56216,0.56377,4099,15
1738278000,0.56375,0.56423,0.56294,0.56333,2851,15
1738281600,0.56281,0.56322,0.56269,0.56294,901,21
1738285200,0.56294,0.56353,0.5626,0.56339,1566,16
1738288800,0.56339,0.5636,0.56249,0.5626,1891,15
1738292400,0.56261,0.56349,0.56225,0.56346,2416,15
1738296000,0.56345,0.56451,0.56318,0.56425,1769,15
1738299600,0.56425,0.56436,0.56377,0.56396,1391,16
1738303200,0.56396,0.56438,0.56372,0.56429,1152,16
1738306800,0.56429,0.56472,0.56408,0.56442,1302,15
1738310400,0.56442,0.56517,0.56427,0.56497,1449,15
1738314000,0.56497,0.56591,0.56489,0.56586,2345,15
1738317600,0.56586,0.56614,0.56481,0.56492,2385,15
1738321200,0.56493,0.56542,0.56462,0.56509,2908,15
1738324800,0.5651,0.56517,0.56436,0.56438,1913,15
1738328400,0.56438,0.56449,0.56388,0.56402,1644,15
1738332000,0.56402,0.56459,0.56402,0.56448,1776,15
1738335600,0.56448,0.56508,0.56425,0.5646,3393,14
1738339200,0.56461,0.56466,0.56345,0.5641,3702,15
1738342800,0.56411,0.5658,0.56379,0.56528,4145,15
1738346400,0.56529,0.56658,0.56489,0.56639,2630,15
1738350000,0.56639,0.56832,0.56545,0.5675,5022,15
1738353600,0.56749,0.56764,0.56354,0.56412,5623,15
1738357200,0.56413,0.56424,0.56325,0.56388,3726,15
1738360800,0.56388,0.56458,0.56346,0.56398,3749,16
1738364400,0.56398,0.5648,0.56266,0.56309,4819,18
1738540800,0.55795,0.5589,0.55751,0.55773,708,18
1738544400,0.55775,0.55894,0.55661,0.55678,6035,18
1738548000,0.55678,0.55791,0.55394,0.55452,7512,15
1738551600,0.55453,0.5558,0.55387,0.55397,5827,15
1738555200,0.55397,0.55399,0.55201,0.55259,5317,16
1738558800,0.5526,0.55265,0.55153,0.55244,3262,17
1738562400,0.55245,0.55467,0.55237,0.5538,4439,17
1738566000,0.5538,0.55458,0.55365,0.55404,3219,15
1738569600,0.55405,0.55546,0.55391,0.55533,3483,16
1738573200,0.55533,0.55583,0.55488,0.55511,4240,16
1738576800,0.55511,0.55664,0.55497,0.55587,4749,15
1738580400,0.55589,0.55671,0.55568,0.55589,3294,16
1738584000,0.55589,0.55658,0.55578,0.55604,2806,16
1738587600,0.55604,0.55633,0.55527,0.55622,2573,15
1738591200,0.55624,0.55738,0.55617,0.55682,2744,16
1738594800,0.55684,0.55852,0.55683,0.55727,4371,15
1738598400,0.55727,0.55776,0.5562,0.55645,5225,14
1738602000,0.55637,0.56077,0.55547,0.56025,9492,15
1738605600,0.56023,0.56051,0.55832,0.55857,7387,16
1738609200,0.55858,0.56016,0.55684,0.55901,4648,15
1738612800,0.55898,0.55936,0.55841,0.55878,3965,15
1738616400,0.55874,0.55963,0.55874,0.55905,2294,16
1738620000,0.55905,0.55975,0.55901,0.55934,1954,16
1738623600,0.55933,0.56395,0.55919,0.5628,4053,15
1738627200,0.5628,0.56323,0.56007,0.56283,1572,21
1738630800,0.56283,0.564,0.56247,0.56265,2569,15
1738634400,0.56265,0.56305,0.56166,0.5618,2202,15
1738638000,0.5618,0.5619,0.56081,0.56166,2892,16
1738641600,0.56166,0.56191,0.56126,0.56157,2197,15
1738645200,0.56156,0.56169,0.56037,0.56045,1605,15
1738648800,0.56045,0.56047,0.55967,0.5597,1463,15
1738652400,0.5597,0.5597,0.5581,0.55897,5031,15
1738656000,0.55896,0.56017,0.5589,0.56011,2312,15
1738659600,0.56011,0.56098,0.55987,0.56059,2794,16
1738663200,0.56062,0.56087,0.55998,0.56044,3776,16
1738666800,0.56042,0.56102,0.56042,0.56064,2838,16
1738670400,0.56064,0.56125,0.56048,0.56119,2182,16
1738674000,0.56119,0.56127,0.56049,0.5605,1904,16
1738677600,0.5605,0.56082,0.56023,0.56076,2364,16
1738681200,0.56075,0.56148,0.56053,0.56148,2895,15
1738684800,0.56147,0.56302,0.56147,0.56286,3375,14
1738688400,0.56285,0.56477,0.56285,0.5641,5386,15
1738692000,0.5641,0.56503,0.56408,0.5647,3442,15
1738695600,0.5647,0.56483,0.56383,0.56451,2831,15
1738699200,0.56449,0.5652,0.56438,0.56503,1348,15
1738702800,0.56503,0.56539,0.56481,0.56524,1561,15
1738706400,0.56527,0.56535,0.56486,0.56509,1242,15
1738710000,0.56508,0.56527,0.56463,0.565,1534,16
1738713600,0.565,0.565,0.56367,0.56494,696,15
1738717200,0.56494,0.56508,0.56455,0.56459,938,17
1738720800,0.56459,0.56565,0.56459,0.56539,1880,16
1738724400,0.56541,0.56609,0.56465,0.5647,3413,15
1738728000,0.5647,0.56575,0.56451,0.56553,2422,16
1738731600,0.56553,0.56612,0.56531,0.56573,1699,16
1738735200,0.56573,0.56588,0.56529,0.56551,1128,15
1738738800,0.56551,0.56583,0.56526,0.56553,1367,16
1738742400,0.56553,0.56685,0.56534,0.56596,1986,16
1738746000,0.56596,0.56738,0.56567,0.567,3215,16
1738749600,0.56698,0.56824,0.56687,0.5681,3618,15
1738753200,0.56808,0.5686,0.56806,0.56812,3224,17
1738756800,0.56812,0.56917,0.56804,0.56892,2537,16
1738760400,0.56891,0.569,0.56832,0.56853,1847,16
1738764000,0.56853,0.56869,0.56826,0.56851,2103,16
1738767600,0.56851,0.56885,0.56771,0.56786,3844,16
1738771200,0.56786,0.56861,0.56755,0.56802,3633,16
1738774800,0.56906,0.57013,0.56835,0.56956,5506,15
1738778400,0.56955,0.56987,0.56902,0.5695,3181,15
1738782000,0.56949,0.56971,0.56879,0.5692,1789,15
1738785600,0.5692,0.56934,0.56893,0.569,1354,15
1738789200,0.569,0.56904,0.56847,0.56855,1272,16
1738792800,0.56854,0.56885,0.56832,0.56875,1063,15
1738796400,0.56875,0.56883,0.56851,0.56869,860,15
1738800000,0.56869,0.56869,0.56699,0.56851,678,24
1738803600,0.56852,0.56892,0.56834,0.56867,910,16
1738807200,0.56866,0.56902,0.56826,0.56847,1598,15
1738810800,0.56847,0.56891,0.56838,0.56864,2206,16
1738814400,0.56864,0.56871,0.5674,0.5675,1784,15
1738818000,0.5675,0.56761,0.56682,0.5671,1412,16
1738821600,0.5671,0.5673,0.56649,0.56656,948,15
1738825200,0.56656,0.56686,0.56638,0.56643,1212,15
1738828800,0.56643,0.56666,0.56632,0.56647,1015,16
1738832400,0.56647,0.56656,0.56562,0.56579,1953,16
1738836000,0.56577,0.56601,0.56511,0.56554,2327,15
1738839600,0.56555,0.56579,0.5651,0.56556,1892,16
1738843200,0.56556,0.56611,0.56555,0.56587,1604,16
1738846800,0.56587,0.5663,0.56566,0.56592,1531,16
1738850400,0.56591,0.56622,0.56561,0.56588,3188,16
1738854000,0.56588,0.56613,0.56521,0.56564,3223,15
1738857600,0.56566,0.56636,0.56541,0.56548,2865,16
1738861200,0.56548,0.56709,0.56537,0.56691,3392,15
1738864800,0.56692,0.56748,0.56664,0.56664,2359,15
1738868400,0.56665,0.56747,0.56654,0.56744,1377,16
1738872000,0.56744,0.56785,0.56704,0.56753,2130,15
1738875600,0.56753,0.56759,0.56701,0.56709,1446,15
1738879200,0.56708,0.56759,0.56705,0.56757,921,15
1738882800,0.56754,0.56765,0.56735,0.56739,665,15
1738886400,0.56717,0.56751,0.56712,0.56726,452,17
1738890000,0.56726,0.56757,0.56707,0.56728,744,17
1738893600,0.56728,0.56772,0.56722,0.56757,1408,15
1738897200,0.56758,0.56849,0.5675,0.56837,2018,15
1738900800,0.56837,0.5689,0.56834,0.56865,1602,15
1738904400,0.56865,0.56868,0.5679,0.56808,1521,15
1738908000,0.56808,0.56812,0.56745,0.56765,812,15
1738911600,0.56765,0.56776,0.56723,0.56743,1111,15
1738915200,0.56743,0.56746,0.56717,0.56737,1195,15
1738918800,0.56737,0.56808,0.56731,0.56781,1724,16
1738922400,0.56781,0.56889,0.56766,0.56878,1871,16
1738926000,0.56878,0.56887,0.56848,0.56856,1570,16
1738929600,0.56856,0.56859,0.56767,0.56772,1325,16
1738933200,0.56772,0.56774,0.56737,0.56741,354,17
1738936800,0.56727,0.56748,0.56707,0.56734,1422,14
1738940400,0.56735,0.56924,0.56584,0.56661,5715,14
1738944000,0.56661,0.56822,0.56631,0.5677,4668,15
1738947600,0.5677,0.56784,0.56444,0.56597,5915,15
1738951200,0.56597,0.56629,0.56456,0.56488,7026,15
1738954800,0.5649,0.56621,0.56398,0.56516,5620,15
1738958400,0.56516,0.56614,0.5651,0.56539,1870,16
1738962000,0.56539,0.56604,0.56533,0.56578,1777,15
1738965600,0.56578,0.56603,0.56535,0.56573,1476,16
1738969200,0.56573,0.56589,0.56508,0.56513,1949,16
1739145600,0.56353,0.56453,0.56327,0.56414,1451,27
1739149200,0.56414,0.56504,0.56399,0.56443,2338,17
1739152800,0.56443,0.56517,0.56441,0.5649,2239,15
1739156400,0.5649,0.56515,0.56377,0.56399,2675,15
1739160000,0.56399,0.56439,0.56384,0.56417,1516,15
1739163600,0.56417,0.56521,0.56415,0.56517,1217,15
1739167200,0.56517,0.56559,0.56515,0.5655,914,15
1739170800,0.5655,0.5661,0.56543,0.56565,1100,16
1739174400,0.56565,0.56623,0.56552,0.56614,1262,15
1739178000,0.56614,0.5663,0.56529,0.56547,2377,16
1739181600,0.56546,0.5655,0.5648,0.56515,2698,16
1739185200,0.56515,0.5662,0.56512,0.56572,2150,16
1739188800,0.56571,0.56599,0.56544,0.56572,1659,16
1739192400,0.56571,0.56608,0.56516,0.56521,1763,16
1739196000,0.56521,0.56529,0.56467,0.56487,1856,16
1739199600,0.56488,0.56586,0.5648,0.56568,2253,16
1739203200,0.56568,0.56576,0.56506,0.56542,2755,16
1739206800,0.56542,0.56585,0.56541,0.56556,2117,15
1739210400,0.56556,0.56568,0.56453,0.56492,2024,15
1739214000,0.56493,0.56507,0.56422,0.56469,1487,15
1739217600,0.56469,0.56469,0.56409,0.56413,1125,16
1739221200,0.56413,0.56443,0.56401,0.56416,943,15
1739224800,0.56419,0.56428,0.564,0.56418,750,16
1739228400,0.56418,0.56426,0.56391,0.56394,618,16
1739232000,0.56404,0.56447,0.56388,0.56402,1009,20
1739235600,0.56402,0.56412,0.56279,0.56332,1623,16
1739239200,0.56331,0.56357,0.56286,0.56356,1186,15
1739242800,0.56355,0.56388,0.56341,0.56366,1611,16
1739246400,0.56366,0.56384,0.56299,0.56306,1639,15
1739250000,0.56306,0.56383,0.56295,0.56383,984,16
1739253600,0.56383,0.56431,0.56375,0.56425,758,16
1739257200,0.56424,0.56456,0.56422,0.56445,827,15
1739260800,0.56445,0.56497,0.56438,0.56467,1084,15
1739264400,0.56467,0.56508,0.56431,0.56473,2275,16
1739268000,0.56473,0.56539,0.56469,0.56495,2196,15
1739271600,0.56495,0.56515,0.56448,0.56457,1886,15
1739275200,0.56457,0.5649,0.56395,0.56402,1628,15
1739278800,0.56402,0.56433,0.56401,0.56425,1371,16
1739282400,0.56426,0.56495,0.56405,0.56467,2085,15
1739286000,0.56467,0.56477,0.56415,0.56455,2160,16
1739289600,0.56456,0.56537,0.56453,0.56503,2622,15
1739293200,0.56503,0.56524,0.56458,0.56494,2939,15
1739296800,0.56493,0.56582,0.56493,0.56541,2309,15
1739300400,0.56541,0.56553,0.56515,0.56517,1134,15
1739304000,0.56517,0.56543,0.56471,0.56474,1033,16
1739307600,0.56474,0.56601,0.56456,0.56511,1584,15
1739311200,0.56511,0.56583,0.56511,0.56564,1278,15
1739314800,0.56564,0.56566,0.56513,0.56528,684,16
1739318400,0.56542,0.56546,0.56515,0.56524,657,19
1739322000,0.56523,0.56583,0.56518,0.56572,773,17
1739325600,0.56563,0.56585,0.56526,0.56577,1044,16
1739329200,0.56577,0.56641,0.56531,0.56639,1829,15
1739332800,0.56642,0.5671,0.56637,0.56678,1481,15
1739336400,0.56678,0.56689,0.56587,0.56624,1239,15
1739340000,0.56624,0.56641,0.56523,0.56527,984,15
1739343600,0.56527,0.56545,0.5651,0.56536,1095,15
1739347200,0.56536,0.56548,0.5648,0.56484,1102,15
1739350800,0.56484,0.56533,0.56475,0.56511,2065,16
1739354400,0.56512,0.56536,0.56416,0.56423,2424,15
1739358000,0.56423,0.56449,0.56384,0.564,1971,16
1739361600,0.56404,0.56405,0.5634,0.56371,1629,15
1739365200,0.5637,0.56433,0.56366,0.56401,1543,15
1739368800,0.56402,0.56425,0.56378,0.56409,1682,16
1739372400,0.56408,0.56422,0.56027,0.56061,5734,14
1739376000,0.56062,0.56192,0.55996,0.56184,4856,16
1739379600,0.56183,0.56347,0.56133,0.56308,5692,16
1739383200,0.56307,0.56406,0.56198,0.56388,3985,15
1739386800,0.56387,0.56612,0.56385,0.5658,3847,15
1739390400,0.56581,0.56616,0.56429,0.56437,2344,15
1739394000,0.56437,0.56457,0.56415,0.56451,1388,16
1739397600,0.56451,0.56475,0.56433,0.56446,1329,16
1739401200,0.56447,0.56459,0.56385,0.56408,1396,15
1739404800,0.56409,0.56431,0.56342,0.56411,1002,18
1739408400,0.56416,0.56416,0.56377,0.564,735,17
1739412000,0.564,0.56458,0.56377,0.56388,1291,16
1739415600,0.56388,0.56434,0.5635,0.56432,2580,15
1739419200,0.56432,0.56437,0.56381,0.56382,1885,15
1739422800,0.56382,0.56502,0.56372,0.56491,1674,16
1739426400,0.56491,0.56582,0.5649,0.56557,1720,15
1739430000,0.56556,0.56611,0.56553,0.56585,1749,15
1739433600,0.56585,0.56589,0.56524,0.56528,1862,15
1739437200,0.56529,0.56556,0.56463,0.56486,2791,16
1739440800,0.56486,0.5649,0.56352,0.56378,3032,16
1739444400,0.56378,0.56392,0.56327,0.56361,2368,15
1739448000,0.56361,0.56402,0.56348,0.56362,1661,16
1739451600,0.56362,0.56392,0.56288,0.56331,2410,15
1739455200,0.56331,0.56334,0.5626,0.56306,2355,16
1739458800,0.56306,0.56379,0.56231,0.56301,4155,15
1739462400,0.56302,0.5635,0.5622,0.56349,3677,15
1739466000,0.56349,0.56554,0.56348,0.56532,5503,16
1739469600,0.56532,0.5658,0.56478,0.56496,2654,16
1739473200,0.56495,0.5656,0.56482,0.565,1722,15
1739476800,0.56499,0.5653,0.56324,0.56474,4437,15
1739480400,0.56474,0.56672,0.56471,0.56611,2923,15
1739484000,0.56611,0.56786,0.566,0.56757,1643,15
1739487600,0.5676,0.56772,0.56723,0.5676,983,16
1739491200,0.5676,0.56782,0.56626,0.56781,1241,19
1739494800,0.56781,0.56795,0.56749,0.5678,1277,16
1739498400,0.5678,0.56817,0.56749,0.56795,2004,15
1739502000,0.56795,0.56873,0.56793,0.56848,2270,15
1739505600,0.56848,0.56933,0.56804,0.56914,1564,16
1739509200,0.56912,0.56926,0.56867,0.56897,1425,15
1739512800,0.56897,0.5691,0.56836,0.56858,785,16
1739516400,0.56858,0.56876,0.56818,0.56838,1584,16
1739520000,0.56838,0.56895,0.56827,0.56866,1623,15
1739523600,0.56866,0.56944,0.56849,0.56909,2646,16
1739527200,0.56908,0.57034,0.56905,0.56981,2957,15
1739530800,0.56981,0.57098,0.56973,0.57074,2270,16
1739534400,0.57073,0.57086,0.56992,0.56999,1783,16
1739538000,0.56999,0.57037,0.56981,0.57028,1502,16
1739541600,0.57028,0.57075,0.56981,0.57061,1854,15
1739545200,0.57062,0.57195,0.57055,0.5717,3660,14
1739548800,0.5717,0.57295,0.57162,0.57286,3727,15
1739552400,0.57288,0.57308,0.57209,0.57267,3243,15
1739556000,0.57267,0.57338,0.57262,0.57322,2343,16
1739559600,0.57322,0.57367,0.57282,0.57349,1331,15
1739563200,0.57349,0.57355,0.57304,0.57321,835,16
1739566800,0.57321,0.57373,0.57316,0.57367,1002,16
1739570400,0.57367,0.57373,0.57325,0.57337,986,16
1739574000,0.57337,0.57372,0.57156,0.57208,1798,17
1739750400,0.57167,0.5724,0.57163,0.57211,1002,23
1739754000,0.57211,0.5732,0.5721,0.57316,2347,16
1739757600,0.57316,0.5736,0.57285,0.5734,1578,15
1739761200,0.5734,0.57493,0.5732,0.57442,2221,15
1739764800,0.57442,0.57443,0.57349,0.5738,1908,15
1739768400,0.5738,0.57396,0.57326,0.57361,1533,16
1739772000,0.57361,0.57405,0.57316,0.57388,940,15
1739775600,0.57388,0.57424,0.57327,0.57348,1651,15
1739779200,0.57348,0.57413,0.57338,0.57375,1584,15
1739782800,0.57376,0.57398,0.57311,0.57333,1898,15
1739786400,0.57334,0.57346,0.57272,0.57302,2127,15
1739790000,0.57303,0.57355,0.57295,0.57338,1554,16
1739793600,0.57336,0.57341,0.57303,0.57335,1459,16
1739797200,0.57335,0.5737,0.5731,0.5737,1327,15
1739800800,0.57371,0.57373,0.57317,0.57328,1396,16
1739804400,0.57329,0.5736,0.57318,0.57344,1154,15
1739808000,0.57344,0.57367,0.57327,0.57355,1270,16
1739811600,0.57354,0.57386,0.57337,0.57347,1052,16
1739815200,0.57346,0.57385,0.57328,0.57353,984,16
1739818800,0.57353,0.5739,0.57353,0.57383,587,16
1739822400,0.57383,0.57394,0.57369,0.57372,834,16
1739826000,0.57372,0.57373,0.5734,0.57343,827,16
1739829600,0.57343,0.57386,0.5734,0.57382,389,17
1739833200,0.57382,0.57384,0.57347,0.5735,634,16
1739836800,0.5735,0.57365,0.57318,0.57319,545,17
1739840400,0.57319,0.57338,0.5727,0.57301,656,16
1739844000,0.57301,0.57316,0.57217,0.57226,1290,15
1739847600,0.57226,0.57228,0.57085,0.57124,2324,16
1739851200,0.57126,0.57157,0.57109,0.57116,1594,15
1739854800,0.57117,0.5719,0.57061,0.57084,2501,16
1739858400,0.57084,0.57089,0.57026,0.57059,2025,15
1739862000,0.57059,0.57079,0.57024,0.57077,1780,15
1739865600,0.57077,0.57109,0.5703,0.57107,1670,15
1739869200,0.57107,0.57186,0.57073,0.57098,2096,16
1739872800,0.57097,0.57133,0.57055,0.57069,2159,15
1739876400,0.57069,0.57104,0.57059,0.57091,1685,16
1739880000,0.5709,0.57108,0.57039,0.57055,1504,15
1739883600,0.57056,0.57091,0.57041,0.57072,994,16
1739887200,0.57073,0.57088,0.5699,0.56998,1707,16
1739890800,0.56998,0.5701,0.56933,0.56972,2729,15
1739894400,0.56972,0.57023,0.56946,0.56998,2941,15
1739898000,0.56998,0.57056,0.56991,0.57012,3191,16
1739901600,0.57011,0.57056,0.57007,0.57039,2160,16
1739905200,0.57038,0.57038,0.56953,0.56985,1516,15
1739908800,0.56983,0.57006,0.56957,0.56987,1235,15
1739912400,0.56987,0.57027,0.56972,0.57007,938,15
1739916000,0.57007,0.57021,0.56992,0.5702,949,15
1739919600,0.5702,0.57051,0.56991,0.56991,852,15
1739923200,0.56975,0.57065,0.56974,0.57029,1067,18
1739926800,0.57029,0.57057,0.57025,0.57031,700,15
1739930400,0.57031,0.57077,0.56959,0.56977,1707,15
1739934000,0.56977,0.57047,0.56768,0.5693,4463,15
1739937600,0.56929,0.57228,0.56826,0.57192,3863,15
1739941200,0.57192,0.57228,0.57134,0.57179,1573,15
1739944800,0.57179,0.57189,0.57136,0.57186,1031,15
1739948400,0.57186,0.57239,0.57176,0.57234,1353,15
1739952000,0.57234,0.57289,0.57222,0.57255,1551,15
1739955600,0.57254,0.57311,0.57224,0.57259,2151,15
1739959200,0.57259,0.57297,0.57209,0.57247,2306,15
1739962800,0.57247,0.57288,0.5722,0.57236,1703,15
1739966400,0.57236,0.57239,0.57148,0.57159,1761,15
1739970000,0.57159,0.57186,0.57089,0.57119,1910,16
1739973600,0.57119,0.57138,0.57086,0.57127,1667,15
1739977200,0.57132,0.57169,0.571,0.57135,2333,15
1739980800,0.57135,0.57147,0.57076,0.57111,2800,16
1739984400,0.57111,0.5724,0.57089,0.5709,4628,15
1739988000,0.57091,0.57093,0.56979,0.56986,2699,16
1739991600,0.56986,0.57024,0.56955,0.56992,1528,15
1739995200,0.56992,0.57019,0.5695,0.56996,1309,15
1739998800,0.56995,0.57082,0.5698,0.5703,2012,15
1740002400,0.5703,0.57038,0.57011,0.57024,1383,15
1740006000,0.57024,0.5706,0.57003,0.57036,1400,16
1740009600,0.57036,0.57079,0.5702,0.57036,672,17
1740013200,0.57043,0.5706,0.56983,0.56998,1161,17
1740016800,0.56998,0.57078,0.5699,0.5707,2294,15
1740020400,0.5707,0.57137,0.56927,0.56957,2940,15
1740024000,0.56957,0.57094,0.5693,0.57086,4179,15
1740027600,0.57086,0.57157,0.57034,0.57133,2241,15
1740031200,0.57133,0.57178,0.57121,0.57172,1168,15
1740034800,0.57172,0.57209,0.5717,0.57197,1491,15
1740038400,0.57197,0.57263,0.57181,0.57189,1795,16
1740042000,0.57189,0.57225,0.57177,0.57196,2455,16
1740045600,0.57196,0.57299,0.57191,0.57285,2622,15
1740049200,0.57285,0.57302,0.57244,0.57281,2198,15
1740052800,0.57281,0.5731,0.57257,0.57294,2116,16
1740056400,0.57294,0.57317,0.57201,0.57222,1716,16
1740060000,0.57222,0.57287,0.57221,0.5724,2736,16
1740063600,0.57238,0.57385,0.57233,0.57318,3525,14
1740067200,0.57318,0.57508,0.57288,0.57434,3808,16
1740070800,0.57434,0.57556,0.57389,0.57545,4600,15
1740074400,0.57545,0.5758,0.57518,0.57537,2602,15
1740078000,0.57537,0.57664,0.57527,0.57612,2108,15
1740081600,0.57604,0.57655,0.57592,0.57648,1543,15
1740085200,0.57648,0.57657,0.57582,0.57623,1587,15
1740088800,0.57623,0.57643,0.57597,0.57638,1143,15
1740092400,0.57638,0.57646,0.57606,0.57618,1134,15
1740096000,0.57621,0.57627,0.57555,0.57591,676,18
1740099600,0.57591,0.57719,0.57588,0.57635,2313,15
1740103200,0.57634,0.57658,0.57579,0.5764,1876,15
1740106800,0.5764,0.57659,0.57566,0.57582,3037,15
1740110400,0.57582,0.57711,0.57582,0.57689,3162,15
1740114000,0.57689,0.57696,0.57649,0.57677,2137,15
1740117600,0.57677,0.57682,0.57627,0.57643,1180,15
1740121200,0.57643,0.57658,0.57582,0.57589,1937,16
1740124800,0.57589,0.57616,0.57548,0.57551,1941,15
1740128400,0.57551,0.57622,0.57551,0.57611,2405,15
1740132000,0.57611,0.57637,0.5756,0.57575,3495,15
1740135600,0.57575,0.57592,0.57528,0.5756,2434,15
1740139200,0.5756,0.57586,0.57545,0.57568,1553,15
1740142800,0.57568,0.57599,0.57555,0.57566,1255,15
1740146400,0.57566,0.5758,0.57528,0.57535,1623,16
1740150000,0.57535,0.57562,0.57513,0.57551,2093,15
1740153600,0.57551,0.57659,0.57525,0.57607,3864,14
1740157200,0.57606,0.57627,0.57452,0.5749,4398,15
1740160800,0.5749,0.57518,0.57464,0.57493,2134,16
1740164400,0.57493,0.57519,0.5746,0.57473,1878,15
1740168000,0.57473,0.57476,0.57375,0.57392,2432,15
1740171600,0.57391,0.57418,0.57343,0.5736,1803,15
1740175200,0.5736,0.57416,0.57355,0.57415,1422,15
1740178800,0.57415,0.57421,0.57342,0.57342,2229,15
1740355200,0.57359,0.57531,0.57359,0.57471,1510,20
1740358800,0.57471,0.57553,0.57455,0.57484,1797,15
1740362400,0.57484,0.57556,0.57473,0.57521,2743,15
1740366000,0.57521,0.57535,0.57411,0.57504,3873,15
1740369600,0.57504,0.57681,0.57497,0.57646,3612,15
1740373200,0.57646,0.57692,0.57598,0.57612,2591,15
1740376800,0.57612,0.5762,0.5757,0.5759,1178,15
1740380400,0.5759,0.57594,0.57552,0.57559,1895,16
1740384000,0.57559,0.57593,0.57534,0.57589,1813,15
1740387600,0.57589,0.57603,0.57461,0.57502,2804,15
1740391200,0.57503,0.57513,0.57431,0.57482,3330,15
1740394800,0.57481,0.57517,0.57429,0.57444,2286,15
1740398400,0.57444,0.57456,0.57378,0.57448,2058,16
1740402000,0.57448,0.57462,0.57412,0.5744,1891,15
1740405600,0.5744,0.57468,0.57411,0.57453,2120,15
1740409200,0.57453,0.57502,0.57451,0.57465,2050,16
1740412800,0.57465,0.57487,0.57309,0.57338,3688,16
1740416400,0.57338,0.57412,0.57331,0.57404,4724,15
1740420000,0.57404,0.57454,0.57387,0.57432,2845,16
1740423600,0.57432,0.57461,0.57379,0.5742,2129,15
1740427200,0.57421,0.57483,0.57415,0.57448,1188,15
1740430800,0.57448,0.57466,0.57404,0.57414,1442,15
1740434400,0.57415,0.57424,0.573,0.57311,2159,15
1740438000,0.57311,0.57323,0.57285,0.5732,920,16
1740441600,0.5732,0.57326,0.57276,0.57307,541,19
1740445200,0.57307,0.57307,0.57244,0.57252,1137,15
1740448800,0.57252,0.57296,0.57214,0.57239,1622,15
1740452400,0.5724,0.57268,0.57214,0.57263,2439,15
1740456000,0.57262,0.57332,0.57237,0.57321,2505,15
1740459600,0.57321,0.57342,0.57315,0.57316,1567,15
1740463200,0.57316,0.57367,0.57315,0.57329,1140,15
1740466800,0.57328,0.57377,0.57326,0.57368,1397,15
1740470400,0.57368,0.57377,0.57303,0.5733,1534,16
1740474000,0.5733,0.57333,0.57235,0.57241,3070,16
1740477600,0.57241,0.57275,0.57189,0.57236,3547,15
1740481200,0.57236,0.57262,0.57131,0.57139,2328,16
1740484800,0.57139,0.57141,0.57074,0.57079,2100,15
1740488400,0.57079,0.57209,0.57074,0.57207,1749,15
1740492000,0.57207,0.57248,0.57174,0.57211,2459,16
1740495600,0.57211,0.57299,0.572,0.57255,2542,16
1740499200,0.57256,0.57272,0.57203,0.57204,3161,16
1740502800,0.57204,0.57225,0.57135,0.57144,5994,15
1740506400,0.57144,0.57173,0.57112,0.57139,4039,15
1740510000,0.57139,0.5715,0.57055,0.5715,2338,15
1740513600,0.5715,0.5722,0.57148,0.57178,1910,15
1740517200,0.57178,0.57211,0.5717,0.57196,1666,15
1740520800,0.57196,0.57241,0.57183,0.57216,1671,15
1740524400,0.57216,0.57259,0.57205,0.57212,1000,15
1740528000,0.57212,0.57255,0.57175,0.57255,519,21
1740531600,0.57255,0.57317,0.57245,0.57292,985,15
1740535200,0.57292,0.57318,0.57239,0.57244,1788,16
1740538800,0.57244,0.57253,0.57139,0.57168,2817,15
1740542400,0.57168,0.57209,0.57097,0.57139,2453,15
1740546000,0.57139,0.57164,0.57098,0.57106,1881,15
1740549600,0.57106,0.5715,0.57093,0.57103,1016,15
1740553200,0.57103,0.57112,0.57055,0.57067,1599,15
1740556800,0.57067,0.57106,0.57047,0.57097,1676,15
1740560400,0.57097,0.57182,0.57077,0.57079,2852,15
1740564000,0.57077,0.5713,0.57069,0.57112,2843,15
1740567600,0.57112,0.57121,0.57041,0.57049,2013,16
1740571200,0.5705,0.57064,0.56994,0.56998,1828,15
1740574800,0.56998,0.56998,0.56933,0.56956,1854,16
1740578400,0.56956,0.56969,0.56877,0.56888,2331,16
1740582000,0.56888,0.56984,0.56877,0.56916,2755,16
1740585600,0.56916,0.56958,0.56887,0.56946,3796,15
1740589200,0.56946,0.57049,0.56903,0.57034,4195,16
1740592800,0.57034,0.57095,0.57032,0.57083,3195,16
1740596400,0.57083,0.57204,0.57013,0.57028,5474,15
1740600000,0.57029,0.57096,0.56972,0.56988,2787,15
1740603600,0.56988,0.57018,0.56936,0.56988,2364,15
1740607200,0.56988,0.56988,0.56918,0.56935,1640,15
1740610800,0.56936,0.5695,0.56884,0.56925,1650,15
1740614400,0.56874,0.56979,0.56874,0.56938,485,22
1740618000,0.56938,0.57005,0.56935,0.56973,1029,15
1740621600,0.56973,0.56973,0.56925,0.56933,1932,15
1740625200,0.56933,0.56975,0.56902,0.56936,2565,15
1740628800,0.56936,0.5695,0.5687,0.56877,2647,15
1740632400,0.56877,0.5692,0.56822,0.56838,1642,15
1740636000,0.56838,0.56844,0.56741,0.56754,1434,15
1740639600,0.56754,0.56787,0.56724,0.56776,1565,15
1740643200,0.56776,0.56826,0.56776,0.56822,1710,15
1740646800,0.56822,0.56889,0.56793,0.56831,2238,15
1740650400,0.56832,0.5687,0.56789,0.5683,3098,15
1740654000,0.5683,0.56857,0.568,0.56854,2540,15
1740657600,0.56854,0.56857,0.56787,0.5682,1937,16
1740661200,0.5682,0.56869,0.56801,0.56808,1915,16
1740664800,0.56808,0.56868,0.5679,0.56821,2621,16
1740668400,0.5682,0.56899,0.56581,0.56587,6654,14
1740672000,0.56587,0.56642,0.56441,0.56483,6725,15
1740675600,0.56482,0.56503,0.56411,0.56453,5825,15
1740679200,0.56454,0.56482,0.56373,0.56442,3568,16
1740682800,0.56444,0.56465,0.56371,0.56383,2698,15
1740686400,0.56383,0.56462,0.56383,0.56458,1690,15
1740690000,0.56458,0.56464,0.56352,0.56362,1952,15
1740693600,0.56362,0.56375,0.56309,0.56332,1859,15
1740697200,0.56331,0.56335,0.56285,0.56307,903,15
1740700800,0.56307,0.56328,0.5625,0.5626,1340,17
1740704400,0.56259,0.56325,0.56244,0.56252,1182,15
1740708000,0.56252,0.56278,0.56209,0.56235,2089,15
1740711600,0.56235,0.56273,0.56123,0.56126,3885,15
1740715200,0.56125,0.56155,0.56048,0.56056,3302,15
1740718800,0.56056,0.56062,0.56004,0.56015,1990,15
1740722400,0.56015,0.56043,0.55978,0.55994,1451,15
1740726000,0.55994,0.56029,0.55977,0.56,1505,15
1740729600,0.56,0.56014,0.55962,0.55989,2008,16
1740733200,0.55989,0.56023,0.55963,0.56001,2538,16
1740736800,0.56001,0.56039,0.55982,0.56016,2528,15
1740740400,0.56017,0.56076,0.55992,0.56002,1810,15
1740744000,0.56002,0.56015,0.55964,0.55981,1462,16
1740747600,0.55981,0.56023,0.55971,0.56021,1304,15
1740751200,0.56021,0.56053,0.55997,0.56017,1834,15
1740754800,0.56017,0.56062,0.56003,0.56015,3276,16
1740758400,0.56016,0.5603,0.55963,0.55994,3671,16
1740762000,0.55994,0.56092,0.55985,0.56028,4298,15
1740765600,0.56027,0.5604,0.55951,0.5599,3700,16
1740769200,0.5599,0.56042,0.5596,0.55969,2737,15
1740772800,0.55969,0.55982,0.55862,0.5587,3605,15
1740776400,0.5587,0.55913,0.55844,0.55878,2366,15
1740780000,0.5588,0.55956,0.5587,0.55951,1912,15
1740783600,0.55947,0.55971,0.55907,0.55907,1401,15
1740960000,0.55975,0.56011,0.55975,0.5599,535,26
1740963600,0.55991,0.56078,0.55987,0.56028,2285,15
1740967200,0.56029,0.56078,0.55974,0.56044,2639,15
1740970800,0.56045,0.56128,0.56038,0.56102,3281,15
1740974400,0.56102,0.56113,0.5606,0.56079,1934,15
1740978000,0.56079,0.56082,0.55986,0.56011,2147,15
1740981600,0.56011,0.56046,0.56009,0.56018,1251,15
1740985200,0.56018,0.56027,0.55988,0.56015,1691,15
1740988800,0.56015,0.56022,0.55927,0.55973,1869,15
1740992400,0.55976,0.56038,0.55956,0.56006,2235,15
1740996000,0.56007,0.56031,0.55967,0.56026,2616,15
1740999600,0.56028,0.56086,0.56023,0.56072,2393,15
1741003200,0.56071,0.56098,0.56019,0.5604,2781,15
1741006800,0.5604,0.56075,0.56019,0.5604,2171,15
1741010400,0.5604,0.56103,0.56038,0.56076,3002,15
1741014000,0.56076,0.56135,0.5604,0.56129,3107,15
1741017600,0.56129,0.56271,0.56124,0.56227,3867,15
1741021200,0.56221,0.56347,0.56207,0.56254,6213,15
1741024800,0.56255,0.56343,0.56236,0.56331,3572,15
1741028400,0.56331,0.56356,0.56303,0.56345,2265,15
1741032000,0.56337,0.56392,0.56242,0.56257,2961,15
1741035600,0.56257,0.56283,0.56137,0.5616,3610,15
1741039200,0.56161,0.56203,0.56016,0.56145,5211,15
1741042800,0.56145,0.56191,0.56139,0.56152,1458,15
1741046400,0.56057,0.56155,0.56057,0.56147,895,22
1741050000,0.56147,0.56184,0.5608,0.56112,1661,15
1741053600,0.56112,0.56125,0.56032,0.561,3177,15
1741057200,0.561,0.56201,0.56076,0.56109,4679,15
1741060800,0.56109,0.56127,0.56017,0.56017,3477,15
1741064400,0.56015,0.56082,0.56001,0.56022,2541,15
1741068000,0.56022,0.56056,0.55966,0.56012,1956,15
1741071600,0.56008,0.56064,0.55947,0.56061,3987,15
1741075200,0.56062,0.56089,0.56041,0.56079,2245,15
1741078800,0.56082,0.56139,0.56069,0.56096,3493,15
1741082400,0.56095,0.56192,0.56062,0.5618,4602,15
1741086000,0.5618,0.56315,0.56175,0.56241,3645,15
1741089600,0.56241,0.5627,0.56203,0.56255,3081,15
1741093200,0.56255,0.5636,0.56239,0.56351,3161,15
1741096800,0.56351,0.56427,0.56325,0.56379,4013,15
1741100400,0.56379,0.56399,0.56241,0.56301,4968,15
1741104000,0.56301,0.56335,0.56137,0.56139,6518,15
1741107600,0.56138,0.56197,0.56083,0.56177,6870,15
1741111200,0.56177,0.56205,0.56105,0.56182,5649,15
1741114800,0.56182,0.56239,0.5616,0.56198,4582,15
1741118400,0.56198,0.56308,0.56186,0.56306,4443,15
1741122000,0.56306,0.56436,0.56305,0.56431,3815,15
1741125600,0.56431,0.56567,0.56431,0.56481,3946,15
1741129200,0.56484,0.56648,0.56472,0.56644,3990,15
1741132800,0.56582,0.56631,0.56552,0.56592,810,24
1741136400,0.56591,0.56679,0.56587,0.56596,1615,16
1741140000,0.56596,0.56611,0.56439,0.5652,2867,15
1741143600,0.5652,0.56629,0.56497,0.56519,4800,15
1741147200,0.56519,0.56533,0.56395,0.56398,3436,15
1741150800,0.56395,0.56478,0.56368,0.56476,3267,15
1741154400,0.56476,0.56529,0.56454,0.56456,2133,15
1741158000,0.56457,0.56508,0.56439,0.56496,1874,15
1741161600,0.56496,0.56602,0.56488,0.56568,2604,15
1741165200,0.56575,0.56706,0.56575,0.56662,4603,15
1741168800,0.56661,0.56781,0.56639,0.5678,4448,15
1741172400,0.56781,0.56839,0.56776,0.56788,4105,15
1741176000,0.56786,0.56806,0.56735,0.56803,2996,15
1741179600,0.56803,0.56821,0.56765,0.56798,2730,16
1741183200,0.56797,0.56887,0.56775,0.56784,3980,16
1741186800,0.56785,0.56946,0.567,0.56935,7010,15
1741190400,0.56935,0.57144,0.56905,0.57118,7180,15
1741194000,0.57106,0.57158,0.56986,0.57004,9363,15
1741197600,0.57005,0.57145,0.5698,0.57034,6391,15
1741201200,0.57034,0.57141,0.57009,0.57114,5025,15
1741204800,0.57114,0.57167,0.57046,0.57117,4321,15
1741208400,0.57117,0.5729,0.57112,0.57271,2106,15
1741212000,0.57271,0.5731,0.57251,0.57294,1449,15
1741215600,0.57293,0.57303,0.57253,0.57256,971,16
1741219200,0.57257,0.57262,0.57233,0.57247,1053,18
1741222800,0.57248,0.57313,0.57247,0.5727,1714,15
1741226400,0.5727,0.57284,0.57193,0.57197,2274,15
1741230000,0.57197,0.5742,0.57196,0.574,3397,15
1741233600,0.574,0.57451,0.57299,0.57347,3297,15
1741237200,0.57347,0.57348,0.57283,0.57292,2295,15
1741240800,0.57292,0.57382,0.57283,0.57374,1903,15
1741244400,0.57373,0.57383,0.57306,0.57338,2252,15
1741248000,0.57338,0.57405,0.57319,0.57345,2690,15
1741251600,0.57348,0.57416,0.57292,0.57298,4300,15
1741255200,0.57297,0.57436,0.57262,0.57362,5095,15
1741258800,0.57362,0.57385,0.57261,0.57334,4622,15
1741262400,0.57333,0.57366,0.57311,0.57329,3615,15
1741266000,0.57329,0.57374,0.57287,0.5736,2800,15
1741269600,0.57361,0.5739,0.57319,0.57357,3335,14
1741273200,0.57357,0.57455,0.57312,0.57365,5287,14
1741276800,0.57364,0.57432,0.57337,0.57408,7223,14
1741280400,0.57405,0.57523,0.57401,0.57461,7507,14
1741284000,0.57462,0.5759,0.57457,0.5748,5691,14
1741287600,0.57476,0.575,0.57388,0.57421,4356,14
1741291200,0.5742,0.57459,0.57352,0.5738,4256,14
1741294800,0.5738,0.57439,0.57355,0.57394,3074,14
1741298400,0.57393,0.57419,0.57329,0.57334,2732,14
1741302000,0.57333,0.57351,0.57308,0.5732,1101,14
1741305600,0.57271,0.57346,0.57264,0.57324,828,14
1741309200,0.57322,0.57396,0.57321,0.5735,1043,14
1741312800,0.57349,0.57406,0.57327,0.57339,2194,14
1741316400,0.57341,0.5738,0.57262,0.57296,3408,14
1741320000,0.57296,0.57308,0.57207,0.57208,2486,14
1741323600,0.57207,0.57253,0.57154,0.57163,2560,14
1741327200,0.57163,0.57183,0.57134,0.57156,1600,14
1741330800,0.57156,0.57158,0.57105,0.57124,2078,14
1741334400,0.57125,0.57149,0.57054,0.57143,2601,14
1741338000,0.57142,0.57244,0.57128,0.572,2782,14
1741341600,0.57201,0.57307,0.57177,0.57273,3455,14
1741345200,0.57273,0.57311,0.57261,0.57264,2627,14
1741348800,0.57265,0.57269,0.57216,0.57228,2449,14
1741352400,0.57224,0.57231,0.57103,0.57115,2307,14
1741356000,0.57117,0.57164,0.5707,0.57103,3286,14
1741359600,0.57101,0.57263,0.57056,0.57058,8010,14
1741363200,0.57061,0.57159,0.56944,0.57131,8397,14
1741366800,0.57129,0.57222,0.57066,0.57159,6987,14
1741370400,0.57161,0.57168,0.57034,0.57077,5163,14
1741374000,0.57078,0.57108,0.56946,0.56969,5219,14
1741377600,0.56969,0.57017,0.56917,0.57005,3049,14
1741381200,0.57005,0.57102,0.56995,0.57083,2471,14
1741384800,0.57083,0.57134,0.57075,0.57118,1727,14
1741388400,0.5712,0.57148,0.5702,0.57033,2663,15
1741564800,0.57094,0.57099,0.56982,0.57033,484,17
1741568400,0.57071,0.5714,0.57019,0.5708,2449,14
1741572000,0.5708,0.57129,0.57041,0.57077,2284,14
1741575600,0.57074,0.57176,0.57051,0.57156,3109,14
1741579200,0.57157,0.57224,0.57154,0.57195,2949,14
1741582800,0.57195,0.57218,0.5708,0.57088,2924,14
1741586400,0.57089,0.57146,0.57032,0.57113,2592,14
1741590000,0.57112,0.57152,0.5711,0.57127,1416,14
1741593600,0.57124,0.57191,0.57112,0.57182,2205,14
1741597200,0.57182,0.57268,0.57177,0.57238,2188,14
1741600800,0.5724,0.57306,0.57224,0.57306,3555,14
1741604400,0.57307,0.57314,0.57242,0.57266,4619,14
1741608000,0.57267,0.57417,0.57259,0.57394,3493,14
1741611600,0.57397,0.57418,0.57341,0.57342,2860,14
1741615200,0.57342,0.57366,0.57263,0.57341,3386,14
1741618800,0.5734,0.57417,0.57335,0.57365,3193,14
1741622400,0.57368,0.57405,0.57317,0.57318,4187,14
1741626000,0.57318,0.57342,0.57226,0.57289,5134,14
1741629600,0.57289,0.57321,0.57218,0.57227,4863,14
1741633200,0.57228,0.57263,0.57185,0.5719,3524,14
1741636800,0.5719,0.57207,0.57095,0.57096,2571,14
1741640400,0.57096,0.57096,0.56932,0.56942,3386,14
1741644000,0.56939,0.57035,0.56896,0.56979,3415,14
1741647600,0.56979,0.57006,0.56917,0.56973,1791,14
1741651200,0.56972,0.56999,0.56963,0.56976,513,15
1741654800,0.5698,0.56997,0.56871,0.56871,1301,14
1741658400,0.56873,0.56945,0.56854,0.56943,2224,14
1741662000,0.56942,0.57017,0.56892,0.56907,3129,14
1741665600,0.56908,0.56911,0.56788,0.56875,4187,14
1741669200,0.56874,0.56986,0.56866,0.56926,3882,14
1741672800,0.56926,0.56961,0.56865,0.56917,2955,14
1741676400,0.56917,0.56953,0.56882,0.56946,1715,14
1741680000,0.56946,0.56949,0.56794,0.56802,2744,14
1741683600,0.56802,0.56872,0.56769,0.56835,3735,14
1741687200,0.56835,0.57046,0.5683,0.57013,3758,14
1741690800,0.57013,0.57055,0.56982,0.57039,3787,14
1741694400,0.57038,0.57114,0.57032,0.5708,3165,14
1741698000,0.57079,0.57079,0.56975,0.56998,2660,14
1741701600,0.56999,0.57039,0.56963,0.57039,2822,14
1741705200,0.57035,0.57117,0.57031,0.57055,3781,14
1741708800,0.57055,0.57133,0.57024,0.57095,4285,14
1741712400,0.57095,0.57106,0.56921,0.56964,8699,14
1741716000,0.56962,0.57111,0.56951,0.57082,5520,14
1741719600,0.57081,0.57114,0.57052,0.5707,3607,14
1741723200,0.5707,0.57098,0.57023,0.57093,3474,14
1741726800,0.57089,0.57259,0.57086,0.57208,5135,14
1741730400,0.57207,0.57239,0.57154,0.57156,2982,14
1741734000,0.57155,0.57157,0.57101,0.57147,1157,14
1741737600,0.57146,0.57163,0.57093,0.57101,931,14
1741741200,0.57126,0.57162,0.57114,0.57138,1345,14
1741744800,0.57138,0.5715,0.57103,0.57108,1201,14
1741748400,0.57108,0.5714,0.57046,0.57077,1927,14
1741752000,0.57077,0.57124,0.57069,0.57078,2877,14
1741755600,0.57078,0.57103,0.57019,0.57035,2375,14
1741759200,0.57034,0.5706,0.56995,0.57002,1733,14
1741762800,0.57003,0.57062,0.56982,0.57039,1264,14
1741766400,0.5704,0.57063,0.5701,0.57063,2156,14
1741770000,0.57063,0.57076,0.56991,0.56996,2023,14
1741773600,0.56991,0.57094,0.5697,0.57071,2810,14
1741777200,0.57071,0.57174,0.57038,0.57173,3510,14
1741780800,0.57176,0.57198,0.57083,0.57083,2807,14
1741784400,0.57081,0.57112,0.57058,0.57099,1857,14
1741788000,0.57099,0.57147,0.57042,0.57053,2549,14
1741791600,0.57052,0.57378,0.56977,0.57063,8093,14
1741795200,0.57065,0.57169,0.57005,0.57036,7061,14
1741798800,0.57034,0.57135,0.56985,0.57123,4636,14
1741802400,0.57123,0.57229,0.57111,0.57213,4055,14
1741806000,0.57213,0.57297,0.57206,0.57249,3511,14
1741809600,0.57248,0.57322,0.57228,0.57233,2523,14
1741813200,0.57234,0.57291,0.57233,0.57269,2293,14
1741816800,0.57269,0.57309,0.57249,0.57278,2334,14
1741820400,0.57278,0.57313,0.57258,0.57258,1179,14
1741824000,0.57163,0.57303,0.57163,0.57286,738,21
1741827600,0.57285,0.57341,0.57284,0.57331,804,14
1741831200,0.57332,0.57368,0.57319,0.57367,1088,14
1741834800,0.57363,0.57412,0.57349,0.57375,1459,14
1741838400,0.57375,0.57403,0.57315,0.57337,2471,14
1741842000,0.57337,0.57377,0.57328,0.5735,1901,14
1741845600,0.57351,0.57365,0.573,0.573,1402,14
1741849200,0.573,0.57319,0.57265,0.57278,1416,14
1741852800,0.57278,0.57278,0.57204,0.57223,1772,14
1741856400,0.57222,0.57224,0.57078,0.57095,2591,14
1741860000,0.57095,0.57119,0.5702,0.57063,2864,14
1741863600,0.57063,0.57134,0.57044,0.57049,3281,14
1741867200,0.57049,0.57065,0.56958,0.57017,2180,14
1741870800,0.57019,0.57021,0.56966,0.56992,2042,14
1741874400,0.5699,0.57003,0.56941,0.56963,2768,14
1741878000,0.56963,0.57136,0.56834,0.5687,5442,14
1741881600,0.56872,0.56929,0.56816,0.56893,4292,14
1741885200,0.56891,0.57078,0.56885,0.5707,4514,14
1741888800,0.5707,0.57132,0.57029,0.5707,4692,14
1741892400,0.57069,0.57137,0.5705,0.57078,3736,14
1741896000,0.57079,0.57085,0.56953,0.56956,2958,14
1741899600,0.56956,0.57054,0.56955,0.57031,2227,14
1741903200,0.5703,0.57044,0.57004,0.57014,1813,14
1741906800,0.57013,0.57042,0.56956,0.56975,1265,14
1741910400,0.56975,0.56988,0.56915,0.56975,878,14
1741914000,0.56973,0.57016,0.56965,0.57002,582,14
1741917600,0.57002,0.57022,0.56977,0.57012,1417,14
1741921200,0.57011,0.57036,0.56954,0.57005,2228,14
1741924800,0.57005,0.57113,0.57004,0.57087,2343,14
1741928400,0.57087,0.57097,0.57006,0.57039,2194,14
1741932000,0.57039,0.57088,0.5703,0.57085,1939,14
1741935600,0.57084,0.57111,0.5706,0.57087,1408,14
1741939200,0.57088,0.57137,0.57058,0.57127,1503,14
1741942800,0.57128,0.57164,0.5711,0.57122,2060,14
1741946400,0.57121,0.57228,0.57107,0.57221,3148,14
1741950000,0.57219,0.57286,0.57201,0.57276,2408,14
1741953600,0.57277,0.57278,0.57178,0.57184,2374,14
1741957200,0.57185,0.57245,0.57171,0.57212,3894,14
1741960800,0.57212,0.57285,0.57194,0.57259,3542,14
1741964400,0.5726,0.57417,0.57258,0.57379,3358,14
1741968000,0.57378,0.57404,0.57337,0.57373,3861,14
1741971600,0.57372,0.57422,0.57325,0.57412,4965,14
1741975200,0.57415,0.57478,0.57386,0.57391,3257,14
1741978800,0.57391,0.57463,0.57381,0.57452,2138,14
1741982400,0.57453,0.57487,0.57438,0.57454,1255,14
1741986000,0.57454,0.57478,0.57448,0.5746,1205,14
1741989600,0.5746,0.57502,0.57456,0.57493,771,14
1741993200,0.57493,0.57548,0.57381,0.57389,1352,14
1742169600,0.57365,0.57465,0.57365,0.57453,344,26
1742173200,0.57453,0.57618,0.57437,0.5753,2007,15
1742176800,0.57531,0.57556,0.575,0.57504,1278,14
1742180400,0.57505,0.57536,0.57452,0.57508,1839,14
1742184000,0.57508,0.57622,0.57496,0.5758,2925,14
1742187600,0.5758,0.57603,0.57566,0.57575,1928,14
1742191200,0.57575,0.57587,0.57544,0.57585,1365,14
1742194800,0.57585,0.57622,0.57551,0.57579,1939,14
1742198400,0.57579,0.57581,0.57529,0.57561,1472,14
1742202000,0.57563,0.57614,0.57561,0.57611,1696,14
1742205600,0.5761,0.57689,0.57608,0.57681,2347,14
1742209200,0.57681,0.57761,0.57672,0.57731,2876,14
1742212800,0.57732,0.57792,0.57706,0.57788,2250,14
1742216400,0.57788,0.57878,0.5778,0.57844,1881,14
1742220000,0.57843,0.57887,0.5783,0.57876,1654,14
1742223600,0.57876,0.57916,0.57815,0.57863,4072,14
1742227200,0.57865,0.57991,0.57861,0.57958,3872,14
1742230800,0.57958,0.58025,0.57953,0.58002,3732,14
1742234400,0.58001,0.5812,0.58,0.58088,2789,14
1742238000,0.58088,0.58167,0.58087,0.58152,1988,14
1742241600,0.58151,0.58209,0.58138,0.58186,1634,14
1742245200,0.58187,0.58251,0.58179,0.58245,1389,14
1742248800,0.58244,0.58251,0.58194,0.58219,1011,14
1742252400,0.5822,0.58245,0.58188,0.58191,1442,14
1742256000,0.58182,0.58194,0.58061,0.58159,698,14
1742259600,0.58159,0.58259,0.58158,0.58254,835,14
1742263200,0.58254,0.5827,0.58213,0.58219,1107,14
1742266800,0.5822,0.58247,0.58198,0.58228,1795,14
1742270400,0.58228,0.58295,0.58219,0.58225,1799,14
1742274000,0.58224,0.58235,0.58181,0.5819,1354,14
1742277600,0.58191,0.58195,0.58112,0.58126,1345,14
1742281200,0.58126,0.58179,0.58119,0.58179,1028,14
1742284800,0.58179,0.58203,0.58152,0.58167,1106,14
1742288400,0.58171,0.58208,0.58112,0.58203,1785,14
1742292000,0.58205,0.58268,0.58197,0.58222,1942,14
1742295600,0.58223,0.58306,0.58221,0.58285,2488,14
1742299200,0.58284,0.58291,0.58229,0.58243,1992,14
1742302800,0.58243,0.58259,0.58166,0.58168,2537,14
1742306400,0.58174,0.58195,0.58114,0.58133,1986,14
1742310000,0.58132,0.58166,0.58085,0.58116,2602,14
1742313600,0.58115,0.58156,0.58049,0.58107,3264,14
1742317200,0.58107,0.58107,0.58003,0.58013,3230,15
1742320800,0.58013,0.58121,0.5797,0.58087,3137,15
1742324400,0.58087,0.58149,0.58071,0.58133,2274,15
1742328000,0.58133,0.5819,0.58125,0.58169,2181,15
1742331600,0.58166,0.58185,0.58133,0.58173,1780,15
1742335200,0.58169,0.58195,0.58156,0.58181,1041,16
1742338800,0.58181,0.58199,0.58176,0.58176,536,16
1742342400,0.58177,0.58189,0.58139,0.58157,388,25
1742346000,0.58156,0.58191,0.58156,0.58183,666,15
1742349600,0.58183,0.58197,0.58164,0.58172,741,15
1742353200,0.58173,0.58187,0.58145,0.58156,1213,15
1742356800,0.58156,0.58159,0.58119,0.5813,1250,15
1742360400,0.5813,0.58179,0.58121,0.58151,1524,15
1742364000,0.58151,0.58162,0.5809,0.58108,991,15
1742367600,0.58108,0.58121,0.5808,0.58084,822,15
1742371200,0.58084,0.58128,0.58084,0.58122,1007,16
1742374800,0.58122,0.58135,0.58058,0.58066,1226,15
1742378400,0.58065,0.58073,0.57864,0.5788,3923,15
1742382000,0.5788,0.57957,0.57832,0.57855,2583,15
1742385600,0.57855,0.57889,0.5778,0.57876,2308,15
1742389200,0.57876,0.57877,0.5781,0.57846,2320,15
1742392800,0.57846,0.57932,0.57821,0.57907,2217,15
1742396400,0.57906,0.57929,0.57867,0.57877,2348,15
1742400000,0.57877,0.57884,0.57752,0.5778,3082,16
1742403600,0.5778,0.57888,0.57771,0.5783,2584,15
1742407200,0.5783,0.57848,0.57807,0.57812,2321,15
1742410800,0.57812,0.57866,0.57812,0.57838,1610,15
1742414400,0.57838,0.57839,0.57748,0.57786,1444,14
1742418000,0.57767,0.58083,0.57746,0.58069,6493,15
1742421600,0.58068,0.58158,0.57992,0.58056,3801,15
1742425200,0.58057,0.5816,0.58057,0.58142,1521,15
1742428800,0.58142,0.5824,0.58028,0.58174,783,15
1742432400,0.5817,0.58248,0.58155,0.58158,1207,16
1742436000,0.58158,0.58202,0.58126,0.58184,1509,15
1742439600,0.58184,0.58198,0.57966,0.58024,2750,15
1742443200,0.58024,0.5804,0.5789,0.57918,2828,15
1742446800,0.57918,0.58003,0.57858,0.57896,2417,15
1742450400,0.57895,0.5798,0.57879,0.57954,1735,15
1742454000,0.57954,0.57959,0.57904,0.57914,1155,15
1742457600,0.57914,0.57914,0.57831,0.57854,1412,15
1742461200,0.57854,0.5788,0.57765,0.57779,1910,15
1742464800,0.57779,0.57782,0.57646,0.57705,3175,16
1742468400,0.57705,0.57737,0.57544,0.57591,3152,16
1742472000,0.57591,0.57612,0.57431,0.57457,3268,15
1742475600,0.57457,0.5747,0.57334,0.57386,3410,15
1742479200,0.57386,0.57402,0.57347,0.57362,2551,15
1742482800,0.57362,0.57391,0.5733,0.57355,3237,14
1742486400,0.57355,0.57369,0.57222,0.57299,3310,15
1742490000,0.57302,0.57417,0.57297,0.57403,3616,15
1742493600,0.57404,0.57488,0.57385,0.57484,2795,15
1742497200,0.57484,0.57503,0.57431,0.57438,2404,15
1742500800,0.57438,0.57487,0.57408,0.5748,1662,15
1742504400,0.57481,0.57569,0.57473,0.57559,1165,15
1742508000,0.57559,0.57618,0.57552,0.57601,1097,15
1742511600,0.57601,0.57603,0.57532,0.57532,1022,15
1742515200,0.57531,0.57565,0.57506,0.5754,365,18
1742518800,0.57535,0.57593,0.57528,0.57565,1594,15
1742522400,0.57564,0.57615,0.57563,0.57599,988,15
1742526000,0.57599,0.57653,0.57567,0.57618,1604,15
1742529600,0.57616,0.57623,0.57553,0.57585,1865,15
1742533200,0.57585,0.576,0.57528,0.57542,2056,15
1742536800,0.57542,0.57566,0.57469,0.57502,1525,16
1742540400,0.57502,0.57525,0.57459,0.57479,1152,15
1742544000,0.57479,0.57512,0.57463,0.57497,1569,15
1742547600,0.57497,0.57583,0.57486,0.57556,1668,15
1742551200,0.57553,0.57604,0.57528,0.57575,2138,15
1742554800,0.57572,0.57605,0.57524,0.57585,2661,15
1742558400,0.57585,0.57611,0.57526,0.5753,1793,16
1742562000,0.57531,0.57573,0.57528,0.57568,1855,15
1742565600,0.57568,0.57611,0.57559,0.57601,1865,15
1742569200,0.57602,0.57668,0.57549,0.57551,2893,15
1742572800,0.57551,0.57552,0.57424,0.57473,3829,15
1742576400,0.57473,0.57497,0.57439,0.57457,3206,15
1742580000,0.57457,0.57469,0.57237,0.57282,2903,15
1742583600,0.57282,0.5736,0.57257,0.57356,3060,15
1742587200,0.57356,0.57384,0.57312,0.57351,1439,15
1742590800,0.57351,0.57369,0.57327,0.57339,1130,15
1742594400,0.57339,0.57348,0.57307,0.57333,1074,15
1742598000,0.57333,0.57336,0.57248,0.57278,2360,16
1742774400,0.57289,0.57366,0.57277,0.57338,763,28
1742778000,0.57338,0.57423,0.57336,0.57381,1330,15
1742781600,0.57381,0.57447,0.57366,0.57438,1305,15
1742785200,0.57438,0.57489,0.57418,0.57461,1464,15
1742788800,0.57459,0.57462,0.57303,0.57319,2132,15
1742792400,0.57319,0.57341,0.57265,0.57269,1680,15
1742796000,0.57269,0.57311,0.57204,0.57209,1290,16
1742799600,0.57209,0.57238,0.57181,0.57219,959,15
1742803200,0.57219,0.57219,0.57176,0.57193,1418,15
1742806800,0.57194,0.57302,0.57192,0.57285,1930,15
1742810400,0.57286,0.57358,0.57281,0.57323,2135,16
1742814000,0.57322,0.57392,0.57315,0.57324,2991,15
1742817600,0.57324,0.57426,0.57313,0.57409,2004,15
1742821200,0.57409,0.57472,0.57393,0.57414,1815,15
1742824800,0.57414,0.57419,0.57324,0.57325,1559,16
1742828400,0.57325,0.57342,0.57225,0.57248,2096,15
1742832000,0.57248,0.57301,0.57182,0.57183,3028,14
1742835600,0.57183,0.57355,0.57173,0.57242,3631,15
1742839200,0.57242,0.57247,0.57168,0.57178,2784,15
1742842800,0.57178,0.57209,0.57097,0.57124,2980,15
1742846400,0.57124,0.57156,0.57089,0.57127,1678,16
1742850000,0.57127,0.57264,0.57096,0.57229,2496,15
1742853600,0.57229,0.57267,0.57219,0.5724,1171,15
1742857200,0.5724,0.57289,0.57232,0.57271,786,15
1742860800,0.57271,0.57353,0.57138,0.57244,884,17
1742864400,0.57244,0.57268,0.57229,0.57239,841,16
1742868000,0.57239,0.57265,0.57235,0.57257,961,16
1742871600,0.57257,0.57257,0.57184,0.57207,1363,15
1742875200,0.57207,0.57278,0.57197,0.57241,2179,15
1742878800,0.57241,0.57263,0.57191,0.57208,1949,16
1742882400,0.57208,0.57228,0.57175,0.57215,1481,15
1742886000,0.57217,0.57237,0.57205,0.57215,1048,15
1742889600,0.57215,0.5728,0.57213,0.57249,1086,15
1742893200,0.57248,0.57256,0.57213,0.57214,1025,17
1742896800,0.57214,0.57235,0.57122,0.57171,1601,15
1742900400,0.57172,0.57182,0.57102,0.57144,2692,15
1742904000,0.57143,0.57259,0.57131,0.57238,2234,15
1742907600,0.57238,0.57428,0.57229,0.57425,2233,16
1742911200,0.57425,0.57489,0.57403,0.57432,2313,15
1742914800,0.57432,0.57497,0.5743,0.57457,2530,16
1742918400,0.57457,0.57481,0.57405,0.57415,3127,16
1742922000,0.57413,0.57447,0.57307,0.57384,4096,15
1742925600,0.57384,0.57401,0.57339,0.5735,2991,15
1742929200,0.5735,0.5739,0.5734,0.57365,2390,16
1742932800,0.57365,0.57416,0.57351,0.57368,1675,15
1742936400,0.57368,0.57368,0.57301,0.57306,1135,15
1742940000,0.57306,0.57329,0.57267,0.57322,1397,15
1742943600,0.57322,0.5733,0.57286,0.57317,522,15
1742947200,0.57317,0.57363,0.57243,0.57323,715,19
1742950800,0.57323,0.57342,0.57299,0.57308,782,15
1742954400,0.57308,0.57319,0.57292,0.57319,651,15
1742958000,0.57319,0.57341,0.57207,0.57212,1854,15
1742961600,0.57212,0.57369,0.57134,0.5735,2774,15
1742965200,0.5735,0.57458,0.57318,0.57453,1644,15
1742968800,0.57453,0.57494,0.5743,0.57449,1662,15
1742972400,0.57449,0.57477,0.57421,0.57459,1308,15
1742976000,0.57459,0.57501,0.57424,0.57481,1507,15
1742979600,0.57481,0.57543,0.57481,0.57515,1611,16
1742983200,0.57515,0.57548,0.57483,0.57525,2768,15
1742986800,0.57525,0.57547,0.57479,0.57538,2616,15
1742990400,0.57538,0.57617,0.57522,0.57562,1855,16
1742994000,0.5756,0.57617,0.57555,0.57588,1653,15
1742997600,0.57588,0.57608,0.57529,0.57532,1423,15
1743001200,0.57532,0.57555,0.57448,0.57493,3160,15
1743004800,0.57494,0.57543,0.57407,0.57415,3892,15
1743008400,0.57415,0.57481,0.57406,0.57465,4009,15
1743012000,0.57464,0.57497,0.5734,0.57403,3728,17
1743015600,0.57403,0.57429,0.57356,0.57391,2866,15
1743019200,0.57391,0.57398,0.57254,0.57276,3086,15
1743022800,0.57275,0.57309,0.57234,0.57234,2462,15
1743026400,0.57234,0.5726,0.57202,0.57245,1405,15
1743030000,0.57245,0.57283,0.57234,0.5728,764,15
1743033600,0.5728,0.57316,0.57204,0.57232,833,19
1743037200,0.57232,0.57272,0.57128,0.57136,2074,15
1743040800,0.57136,0.5719,0.5711,0.57168,1799,15
1743044400,0.57168,0.57265,0.57163,0.57246,2145,15
1743048000,0.57246,0.57338,0.57246,0.5729,2516,15
1743051600,0.5729,0.57439,0.57284,0.57388,2350,15
1743055200,0.57388,0.57416,0.57342,0.57347,1514,15
1743058800,0.57347,0.57446,0.57341,0.57412,1385,15
1743062400,0.57412,0.57448,0.57319,0.57361,1807,15
1743066000,0.5736,0.57493,0.57354,0.57455,2216,15
1743069600,0.57455,0.57455,0.57365,0.57366,2936,16
1743073200,0.57366,0.57467,0.57355,0.57465,3351,15
1743076800,0.57465,0.57508,0.57383,0.57398,2486,15
1743080400,0.57398,0.57429,0.57362,0.57426,2167,16
1743084000,0.57426,0.57491,0.57415,0.5746,2100,16
1743087600,0.5746,0.575,0.57425,0.57444,3049,15
1743091200,0.57444,0.57468,0.5733,0.5736,4174,15
1743094800,0.5736,0.57447,0.57328,0.57424,3777,15
1743098400,0.57426,0.57547,0.57398,0.57454,4311,15
1743102000,0.57454,0.57504,0.57391,0.57403,2880,15
1743105600,0.57404,0.57466,0.57377,0.5738,2233,15
1743109200,0.5738,0.57423,0.57354,0.57355,1625,15
1743112800,0.57355,0.57402,0.57344,0.5736,1092,15
1743116400,0.5736,0.57389,0.57349,0.57387,771,15
1743120000,0.57386,0.57429,0.57334,0.57365,518,16
1743123600,0.57365,0.57381,0.57335,0.57336,3917,17
1743127200,0.57336,0.57373,0.57325,0.57344,927,16
1743130800,0.57344,0.57344,0.5725,0.57279,1510,15
1743134400,0.57279,0.5728,0.57201,0.57209,1843,15
1743138000,0.57208,0.57244,0.57182,0.57198,1578,15
1743141600,0.57198,0.57221,0.57106,0.5714,1558,15
1743145200,0.5714,0.57158,0.57118,0.57129,949,15
1743148800,0.57129,0.57165,0.5712,0.57152,1179,15
1743152400,0.57152,0.57167,0.57106,0.57117,1272,16
1743156000,0.57117,0.57228,0.57104,0.57191,1947,16
1743159600,0.57191,0.57239,0.57163,0.5718,2419,16
1743163200,0.5718,0.57211,0.57128,0.57174,2269,15
1743166800,0.57174,0.57207,0.5714,0.5715,1967,15
1743170400,0.57149,0.57177,0.57121,0.57149,1643,15
1743174000,0.57149,0.57264,0.57111,0.57247,3549,15
1743177600,0.57247,0.57343,0.57228,0.57315,4652,15
1743181200,0.57315,0.57354,0.5721,0.57221,5244,15
1743184800,0.57222,0.57323,0.57222,0.57272,4373,16
1743188400,0.57272,0.57288,0.572,0.57216,2445,15
1743192000,0.57216,0.57218,0.57146,0.57174,2113,15
1743195600,0.57174,0.57194,0.57128,0.57131,1886,15
1743199200,0.57131,0.57163,0.57105,0.57133,1366,15
1743202800,0.57133,0.57174,0.57094,0.57117,2388,16
1743379200,0.57123,0.57161,0.5702,0.57038,329,25
1743382800,0.57038,0.57058,0.56969,0.57021,2050,15
1743386400,0.57021,0.57064,0.56931,0.57054,2320,15
1743390000,0.57054,0.5706,0.56962,0.57042,3255,15
1743393600,0.57042,0.57155,0.57042,0.57088,3081,15
1743397200,0.57089,0.57138,0.57054,0.57092,2425,15
1743400800,0.57092,0.57102,0.57057,0.5707,1855,15
1743404400,0.5707,0.57079,0.5704,0.57055,1483,16
1743408000,0.57055,0.5713,0.57047,0.5709,1927,15
1743411600,0.5709,0.57177,0.57057,0.57154,3642,15
1743415200,0.57154,0.57216,0.56975,0.56984,3609,15
1743418800,0.56983,0.56992,0.56863,0.56881,3535,15
1743422400,0.56881,0.56912,0.56822,0.56842,2462,15
1743426000,0.56842,0.56875,0.56796,0.56861,2509,15
1743429600,0.56863,0.56908,0.56851,0.56858,2165,15
1743433200,0.56857,0.56857,0.5669,0.56691,2722,16
1743436800,0.56691,0.56742,0.5661,0.56647,3722,15
1743440400,0.56647,0.56652,0.56477,0.56627,5003,15
1743444000,0.56626,0.56695,0.56617,0.56629,4611,15
1743447600,0.56628,0.56734,0.56623,0.56692,3384,15
1743451200,0.56691,0.56742,0.56683,0.56688,2130,15
1743454800,0.56687,0.56768,0.56684,0.56753,1690,15
1743458400,0.56753,0.56791,0.56739,0.56766,1472,15
1743462000,0.56766,0.56788,0.56739,0.56772,746,15
1743465600,0.56772,0.56798,0.56721,0.5678,372,23
1743469200,0.56778,0.56783,0.56713,0.56713,640,15
1743472800,0.56713,0.56735,0.56678,0.56682,1045,15
1743476400,0.56682,0.56726,0.56662,0.56705,1890,15
1743480000,0.56705,0.56709,0.5662,0.56698,2435,15
1743483600,0.56698,0.56784,0.56692,0.56758,2321,15
1743487200,0.56759,0.56815,0.56698,0.56723,2435,15
1743490800,0.56723,0.56879,0.56718,0.56868,1911,15
1743494400,0.56868,0.5687,0.56721,0.56724,2267,15
1743498000,0.56724,0.56769,0.56666,0.56732,2864,15
1743501600,0.56732,0.56732,0.56636,0.56721,3980,16
1743505200,0.56721,0.56786,0.56703,0.5678,2607,16
1743508800,0.5678,0.5685,0.56777,0.56809,2556,15
1743512400,0.5681,0.56821,0.56717,0.56738,4165,15
1743516000,0.56738,0.56768,0.56704,0.56734,3479,15
1743519600,0.56734,0.56827,0.5673,0.56768,2822,16
1743523200,0.56769,0.56805,0.5674,0.5674,3607,15
1743526800,0.56814,0.57031,0.56734,0.56997,6156,15
1743530400,0.56997,0.57037,0.56974,0.57012,4379,15
1743534000,0.57011,0.57026,0.56913,0.56961,3037,15
1743537600,0.56961,0.56987,0.56933,0.56939,1827,15
1743541200,0.56938,0.56939,0.56879,0.56886,1724,15
1743544800,0.56888,0.56984,0.56886,0.56984,1539,15
1743548400,0.56984,0.57022,0.5696,0.56997,1403,15
1743552000,0.56925,0.57025,0.56892,0.56993,1355,24
1743555600,0.56992,0.5711,0.56991,0.57071,1386,15
1743559200,0.57071,0.57138,0.57032,0.5711,1325,15
1743562800,0.57111,0.57113,0.57026,0.57045,2222,15
1743566400,0.57046,0.57164,0.57015,0.57152,2151,15
1743570000,0.57152,0.57225,0.57142,0.57188,2023,15
1743573600,0.57188,0.57235,0.57184,0.57199,1523,15
1743577200,0.57199,0.57239,0.57184,0.57208,970,15
1743580800,0.57208,0.57217,0.57163,0.57209,1369,15
1743584400,0.57209,0.5732,0.57203,0.57254,2451,15
1743588000,0.57254,0.57363,0.57235,0.57358,2680,16
1743591600,0.57358,0.57396,0.57341,0.57392,1947,15
1743595200,0.57392,0.57461,0.57385,0.57455,1839,15
1743598800,0.57455,0.57457,0.57349,0.57388,2777,15
1743602400,0.57388,0.57451,0.57373,0.57444,1935,15
1743606000,0.57444,0.57455,0.57363,0.5745,2771,14
1743609600,0.5745,0.57453,0.57383,0.57412,3438,15
1743613200,0.57412,0.57449,0.57329,0.57399,4361,15
1743616800,0.57399,0.57421,0.57341,0.57382,3587,16
1743620400,0.57382,0.57387,0.57301,0.57339,2615,15
1743624000,0.57339,0.57412,0.57326,0.57341,1928,15
1743627600,0.57342,0.57381,0.57304,0.57346,1834,15
1743631200,0.57346,0.57405,0.57346,0.57379,1534,15
1743634800,0.57379,0.57782,0.57068,0.57379,9585,15
1743638400,0.57238,0.57497,0.5694,0.57175,913,20
1743642000,0.57154,0.57207,0.56809,0.57036,6851,17
1743645600,0.5704,0.57316,0.56995,0.57258,7346,15
1743649200,0.57258,0.574,0.57186,0.57324,8226,15
1743652800,0.57324,0.57442,0.57298,0.57306,6066,15
1743656400,0.57306,0.57415,0.57262,0.5741,3836,15
1743660000,0.5741,0.57438,0.5734,0.57353,3196,15
1743663600,0.57353,0.57362,0.57281,0.57305,2732,15
1743667200,0.57305,0.5766,0.57303,0.57567,4378,15
1743670800,0.57564,0.57764,0.57474,0.57755,6441,15
1743674400,0.57758,0.57791,0.57634,0.5768,5908,15
1743678000,0.57679,0.57988,0.57673,0.57956,4985,15
1743681600,0.57956,0.58068,0.57919,0.58036,5519,15
1743685200,0.58038,0.58241,0.58015,0.58044,7351,15
1743688800,0.58044,0.58291,0.58011,0.5824,5583,15
1743692400,0.5824,0.5833,0.58156,0.58294,7255,14
1743696000,0.58294,0.58526,0.58228,0.58325,8380,15
1743699600,0.5841,0.58496,0.58254,0.584,8157,15
1743703200,0.584,0.58405,0.58079,0.58122,7089,15
1743706800,0.58122,0.58186,0.58086,0.58098,4683,15
1743710400,0.58098,0.58098,0.57993,0.58018,3494,15
1743714000,0.5802,0.58023,0.57929,0.58007,2507,15
1743717600,0.58007,0.58008,0.57827,0.57835,2547,15
1743721200,0.57835,0.57936,0.57819,0.57935,1422,15
1743724800,0.57926,0.57968,0.57832,0.57888,460,23
1743728400,0.57888,0.57965,0.57864,0.5793,1954,15
1743732000,0.5793,0.57933,0.57805,0.57867,2499,15
1743735600,0.57868,0.57962,0.57817,0.57903,3985,15
1743739200,0.57902,0.57916,0.57751,0.57766,3501,15
1743742800,0.5777,0.57774,0.57391,0.57419,4036,15
1743746400,0.57419,0.57431,0.57249,0.57328,4215,15
1743750000,0.57328,0.57336,0.57134,0.57155,3981,15
1743753600,0.57155,0.57286,0.57139,0.57262,3673,15
1743757200,0.57261,0.57307,0.57132,0.57162,4798,15
1743760800,0.57161,0.57238,0.56866,0.56883,6440,15
1743764400,0.56884,0.56974,0.56802,0.56894,6798,15
1743768000,0.56895,0.56943,0.56802,0.56889,5442,15
1743771600,0.56889,0.56918,0.566,0.56613,10796,15
1743775200,0.56615,0.56725,0.56127,0.56421,14019,15
1743778800,0.5642,0.56542,0.56267,0.56418,15388,15
1743782400,0.56422,0.56575,0.56183,0.56269,12847,15
1743786000,0.56267,0.56377,0.55884,0.56123,11727,15
1743789600,0.56123,0.56319,0.55713,0.5592,14561,15
1743793200,0.5592,0.55964,0.55631,0.55685,9443,15
1743796800,0.55685,0.5586,0.55509,0.55823,9068,15
1743800400,0.55823,0.55908,0.55704,0.55758,5317,15
1743804000,0.55757,0.56082,0.55716,0.55868,4694,15
1743807600,0.55868,0.5596,0.55795,0.55885,5206,17
1743984000,0.55675,0.55784,0.5567,0.55755,692,26
1743987600,0.55757,0.55762,0.55371,0.55501,9564,18
1743991200,0.55501,0.55726,0.55377,0.55398,10424,16
1743994800,0.55401,0.55563,0.55193,0.55528,12495,15
1743998400,0.55529,0.55836,0.55468,0.55742,10963,15
1744002000,0.55741,0.55791,0.55573,0.55622,7908,15
1744005600,0.55622,0.55825,0.55569,0.55807,5383,15
1744009200,0.55805,0.55821,0.55637,0.55685,4801,15
1744012800,0.55685,0.56011,0.5559,0.55638,8029,15
1744016400,0.55638,0.55706,0.5551,0.55677,10165,15
1744020000,0.55678,0.55889,0.55662,0.55816,11942,15
1744023600,0.55816,0.55904,0.55613,0.55628,9594,15
1744027200,0.55628,0.55774,0.55522,0.55731,8437,15
1744030800,0.55731,0.55981,0.55708,0.5584,9510,15
1744034400,0.55841,0.55929,0.55736,0.55813,8863,15
1744038000,0.55814,0.56162,0.55763,0.56096,11670,15
1744041600,0.56096,0.56097,0.55819,0.55917,10708,15
1744045200,0.55916,0.56441,0.55401,0.55467,20093,15
1744048800,0.55466,0.55622,0.5526,0.55337,15486,15
1744052400,0.55337,0.55338,0.55056,0.5509,9702,15
1744056000,0.5509,0.55525,0.5509,0.55485,10414,15
1744059600,0.55488,0.55518,0.55277,0.55281,7736,15
1744063200,0.5528,0.55423,0.55253,0.55302,4671,15
1744066800,0.55302,0.55434,0.55296,0.55339,2874,16
1744070400,0.55297,0.55477,0.55277,0.55437,499,23
1744074000,0.55438,0.55474,0.55345,0.55363,1712,15
1744077600,0.55363,0.55409,0.5529,0.55352,2982,15
1744081200,0.55353,0.5558,0.55336,0.55419,5276,15
1744084800,0.55419,0.55715,0.55328,0.55685,7510,15
1744088400,0.55685,0.55845,0.55652,0.55759,4256,15
1744092000,0.55759,0.55784,0.55682,0.557,3178,15
1744095600,0.557,0.56077,0.55697,0.56061,3653,15
1744099200,0.56058,0.56084,0.55877,0.56067,4392,15
1744102800,0.56068,0.56129,0.5596,0.56093,6575,15
1744106400,0.56093,0.56228,0.55952,0.55952,7811,15
1744110000,0.55953,0.56059,0.55909,0.56008,6043,15
1744113600,0.56008,0.56008,0.5581,0.55881,6413,15
1744117200,0.5588,0.55987,0.55852,0.55894,5602,15
1744120800,0.55894,0.55992,0.55854,0.55992,6626,15
1744124400,0.55994,0.56207,0.55986,0.56115,6692,15
1744128000,0.56114,0.56252,0.56036,0.56142,9887,15
1744131600,0.56143,0.56191,0.558,0.55808,9793,15
1744135200,0.55807,0.55882,0.55664,0.55738,7544,15
1744138800,0.55738,0.55789,0.55549,0.5556,8042,15
1744142400,0.55559,0.55626,0.55458,0.55557,7595,15
1744146000,0.55553,0.55628,0.55441,0.55479,7302,15
1744149600,0.55476,0.55505,0.55298,0.55383,4170,15
1744153200,0.55383,0.55424,0.55195,0.55271,2636,15
1744156800,0.55248,0.55371,0.55183,0.55269,1118,26
1744160400,0.55268,0.55309,0.55156,0.55202,4706,15
1744164000,0.55202,0.55238,0.55063,0.55136,4579,15
1744167600,0.55136,0.55263,0.54845,0.55252,8275,15
1744171200,0.55251,0.55411,0.55227,0.55229,8732,15
1744174800,0.55229,0.55601,0.55229,0.55326,7013,15
1744178400,0.55326,0.55471,0.55226,0.55274,5474,15
1744182000,0.55271,0.55497,0.55132,0.55443,7518,15
1744185600,0.55444,0.55452,0.5524,0.55373,7243,15
1744189200,0.55373,0.55643,0.55364,0.55533,10725,15
1744192800,0.55532,0.55628,0.55343,0.55618,11441,15
1744196400,0.55617,0.55636,0.55467,0.55605,7672,15
1744200000,0.55604,0.55624,0.55501,0.55519,6282,15
1744203600,0.55519,0.55768,0.55486,0.55688,6013,15
1744207200,0.55688,0.55716,0.55406,0.55517,12627,15
1744210800,0.55516,0.55817,0.5548,0.55798,9739,15
1744214400,0.55798,0.55926,0.55719,0.55904,10669,15
1744218000,0.55904,0.55918,0.55479,0.55505,8294,15
1744221600,0.55505,0.55663,0.55473,0.55586,6948,15
1744225200,0.55584,0.55737,0.55552,0.55704,4481,15
1744228800,0.557,0.56556,0.55655,0.56384,15978,15
1744232400,0.56386,0.56675,0.56273,0.56454,14283,15
1744236000,0.56457,0.56653,0.56352,0.56383,9080,15
1744239600,0.56383,0.56457,0.56272,0.56393,7577,16
1744243200,0.56396,0.56498,0.56323,0.56436,735,16
1744246800,0.56454,0.56631,0.56433,0.56465,5174,15
1744250400,0.56465,0.56482,0.5634,0.56354,4591,15
1744254000,0.5635,0.56546,0.5635,0.56438,5852,15
1744257600,0.56438,0.56505,0.5627,0.56309,7589,15
1744261200,0.5631,0.56616,0.56303,0.56601,5016,15
1744264800,0.56601,0.56884,0.56576,0.56853,4993,15
1744268400,0.56853,0.5696,0.5678,0.56943,4137,15
1744272000,0.56943,0.57036,0.56898,0.56978,4636,15
1744275600,0.56979,0.5709,0.56836,0.56954,6377,15
1744279200,0.56956,0.56979,0.56632,0.56804,9536,15
1744282800,0.56804,0.56824,0.56603,0.56725,6975,15
1744286400,0.56725,0.56867,0.5666,0.56779,5741,15
1744290000,0.56779,0.56982,0.56777,0.56893,6797,15
1744293600,0.56893,0.57044,0.56874,0.57028,5355,15
1744297200,0.57025,0.57322,0.56965,0.57032,8759,14
1744300800,0.57034,0.572,0.56983,0.57052,9793,15
1744304400,0.57051,0.574,0.56925,0.57391,9626,15
1744308000,0.57387,0.57507,0.57172,0.57197,10394,15
1744311600,0.57192,0.57281,0.57053,0.57243,9976,15
1744315200,0.57243,0.57475,0.57159,0.57469,8570,15
1744318800,0.57468,0.57647,0.57443,0.57514,8150,15
1744322400,0.57514,0.57576,0.57236,0.5739,8411,15
1744326000,0.5739,0.5752,0.57291,0.57291,3900,15
1744329600,0.57268,0.57409,0.57234,0.57367,1131,15
1744333200,0.57366,0.57519,0.57361,0.57495,3945,15
1744336800,0.57496,0.57496,0.57373,0.57462,5688,15
1744340400,0.57461,0.5774,0.57416,0.57544,11914,15
1744344000,0.57544,0.5786,0.575,0.57774,12394,15
1744347600,0.57773,0.57959,0.57677,0.57879,7859,15
1744351200,0.57879,0.57988,0.57819,0.57945,6776,15
1744354800,0.57942,0.57983,0.57656,0.57662,6264,15
1744358400,0.57661,0.57792,0.5758,0.57715,6634,15
1744362000,0.57717,0.57766,0.57525,0.57611,8558,15
1744365600,0.57611,0.57971,0.57602,0.57947,8875,15
1744369200,0.57947,0.58113,0.57851,0.58092,9793,15
1744372800,0.58093,0.58223,0.5803,0.58144,7324,15
1744376400,0.58144,0.58144,0.57799,0.57963,5340,15
1744380000,0.57963,0.5813,0.57955,0.57993,5433,15
1744383600,0.5799,0.58254,0.57941,0.58199,7721,15
1744387200,0.58199,0.58389,0.57845,0.57987,10421,15
1744390800,0.58007,0.58054,0.57838,0.57922,11630,15
1744394400,0.57918,0.57973,0.57759,0.57933,9173,15
1744398000,0.57933,0.58029,0.57789,0.57994,7000,15
1744401600,0.57995,0.58137,0.57935,0.58058,5876,15
1744405200,0.58058,0.58227,0.58048,0.58189,5522,16
1744408800,0.58189,0.58318,0.5818,0.58281,3701,16
1744412400,0.58281,0.5833,0.58141,0.58166,2673,16
1744588800,0.58104,0.58328,0.58104,0.58299,984,20
1744592400,0.58299,0.58367,0.58224,0.58286,4558,16
1744596000,0.58287,0.58428,0.58249,0.58339,3859,15
1744599600,0.58342,0.58528,0.58332,0.58429,6156,15
1744603200,0.58429,0.58591,0.5837,0.58385,5918,15
1744606800,0.58385,0.58497,0.58313,0.58457,4095,15
1744610400,0.58454,0.58482,0.58303,0.58425,4088,15
1744614000,0.58424,0.58537,0.58411,0.58534,2323,15
1744617600,0.58534,0.58593,0.58493,0.58537,2540,15
1744621200,0.58537,0.58878,0.58504,0.58846,5298,15
1744624800,0.58846,0.5888,0.58697,0.58736,5363,15
1744628400,0.58739,0.58906,0.58715,0.58833,4602,15
1744632000,0.58833,0.5889,0.5869,0.58705,3606,15
1744635600,0.58705,0.58758,0.58638,0.5871,3297,15
1744639200,0.5871,0.58767,0.58583,0.5862,2884,15
1744642800,0.5862,0.58636,0.58424,0.58451,4887,15
1744646400,0.58449,0.58579,0.58298,0.58562,8227,15
1744650000,0.58566,0.58836,0.58553,0.58809,6534,15
1744653600,0.58809,0.58856,0.58647,0.58649,5646,15
1744657200,0.5865,0.58749,0.58623,0.58633,4956,15
1744660800,0.58633,0.58809,0.58629,0.58761,4136,15
1744664400,0.5876,0.58862,0.5876,0.58854,2639,15
1744668000,0.58854,0.58896,0.58809,0.58832,2026,15
1744671600,0.58834,0.58839,0.58725,0.58753,1711,15
1744675200,0.58624,0.58763,0.58622,0.58678,760,25
1744678800,0.58684,0.58774,0.58678,0.58735,2122,15
1744682400,0.58734,0.58773,0.58602,0.58642,2204,15
1744686000,0.58641,0.58835,0.58641,0.58833,3643,15
1744689600,0.58833,0.58994,0.58827,0.58898,3151,15
1744693200,0.58898,0.5914,0.58898,0.59086,3244,15
1744696800,0.59086,0.59127,0.59012,0.591,2438,15
1744700400,0.591,0.59273,0.59097,0.59219,2514,15
1744704000,0.59217,0.59271,0.59042,0.59055,2540,15
1744707600,0.59055,0.59119,0.59023,0.59101,4110,15
1744711200,0.59101,0.59198,0.59069,0.59152,4345,15
1744714800,0.59156,0.59159,0.59015,0.59055,4096,15
1744718400,0.59054,0.59178,0.59023,0.59096,2865,15
1744722000,0.59096,0.59244,0.59087,0.59226,2615,15
1744725600,0.59225,0.59242,0.59132,0.59222,3799,15
1744729200,0.59223,0.59381,0.59211,0.59322,4955,15
1744732800,0.59322,0.59431,0.59315,0.59347,5027,15
1744736400,0.59345,0.59369,0.59161,0.59295,7468,15
1744740000,0.59295,0.59315,0.59112,0.59143,4945,15
1744743600,0.59143,0.59195,0.59028,0.5906,3744,15
1744747200,0.5906,0.59096,0.58989,0.59035,2953,15
1744750800,0.59033,0.59033,0.58908,0.58963,2432,15
1744754400,0.58962,0.59039,0.58955,0.58981,1744,15
1744758000,0.58981,0.59029,0.58946,0.5898,1611,15
1744761600,0.58962,0.59012,0.58889,0.5891,1763,24
1744765200,0.58913,0.59013,0.58888,0.59011,1648,15
1744768800,0.59011,0.59017,0.58855,0.58937,2914,15
1744772400,0.58937,0.5909,0.5889,0.58945,4648,15
1744776000,0.58951,0.59073,0.58951,0.59009,3109,15
1744779600,0.59011,0.59082,0.58927,0.58989,3495,15
1744783200,0.58989,0.59114,0.58979,0.59113,2278,15
1744786800,0.59113,0.59209,0.59094,0.592,1978,15
1744790400,0.592,0.59274,0.59127,0.59243,3218,15
1744794000,0.5924,0.59248,0.5909,0.59172,4300,15
1744797600,0.59175,0.59255,0.59113,0.59176,3943,15
1744801200,0.59178,0.59296,0.591,0.592,6699,15
1744804800,0.592,0.5923,0.59092,0.59115,4094,15
1744808400,0.59115,0.59176,0.59071,0.59126,3271,15
1744812000,0.59126,0.59167,0.59097,0.59132,3238,15
1744815600,0.59133,0.59189,0.58988,0.59033,4276,15
1744819200,0.59033,0.5911,0.58995,0.59102,5083,15
1744822800,0.59101,0.59183,0.59004,0.5918,5564,15
1744826400,0.59181,0.59299,0.59175,0.59267,4024,15
1744830000,0.59267,0.59293,0.59231,0.59257,2527,15
1744833600,0.59254,0.59277,0.59092,0.59105,4479,15
1744837200,0.59105,0.5927,0.59101,0.59245,4598,15
1744840800,0.59245,0.59322,0.59227,0.59294,2980,15
1744844400,0.59293,0.59361,0.59273,0.59277,1453,15
1744848000,0.59269,0.59348,0.59162,0.59314,1221,18
1744851600,0.59312,0.59417,0.59299,0.59378,1539,15
1744855200,0.59377,0.59426,0.59333,0.59349,2091,15
1744858800,0.59351,0.5936,0.5919,0.59206,3626,15
1744862400,0.59206,0.59206,0.5908,0.59118,3951,15
1744866000,0.59118,0.59247,0.59114,0.59198,2678,15
1744869600,0.59197,0.59242,0.59126,0.59129,2348,15
1744873200,0.59129,0.59147,0.59062,0.59091,1893,15
1744876800,0.59091,0.59155,0.59015,0.59074,2276,15
1744880400,0.59073,0.5908,0.58992,0.59002,3276,16
1744884000,0.59003,0.59192,0.59001,0.59165,3762,15
1744887600,0.59166,0.59257,0.59137,0.59248,2898,15
1744891200,0.59248,0.59315,0.59236,0.59267,2630,15
1744894800,0.59267,0.59339,0.59254,0.59318,3105,15
1744898400,0.59317,0.59399,0.5931,0.59367,2435,15
1744902000,0.59367,0.59602,0.59364,0.59595,5055,15
1744905600,0.59595,0.59693,0.59505,0.59679,4882,15
1744909200,0.59677,0.5972,0.59561,0.5957,4433,15
1744912800,0.59569,0.59715,0.59563,0.59675,3734,15
1744916400,0.59675,0.59748,0.59623,0.59691,4044,15
1744920000,0.59691,0.59718,0.59648,0.59701,2293,15
1744923600,0.59701,0.59771,0.59668,0.59741,2589,15
1744927200,0.5974,0.59755,0.59703,0.59711,1573,15
1744930800,0.59711,0.59739,0.59686,0.59709,1194,15
1744934400,0.59611,0.59658,0.59502,0.5963,387,29
1744938000,0.5963,0.5967,0.59626,0.59663,1265,15
1744941600,0.59662,0.59724,0.59644,0.59683,2053,20
1744945200,0.59683,0.5972,0.59572,0.597,8600,16
1744948800,0.59701,0.59709,0.59569,0.59617,9410,15
1744952400,0.59617,0.59656,0.59242,0.59339,8883,21
1744956000,0.59342,0.59379,0.59217,0.59343,9973,18
1744959600,0.59343,0.59365,0.59314,0.59351,9603,18
1744963200,0.59351,0.59355,0.59241,0.59322,8823,21
1744966800,0.59322,0.59391,0.5925,0.59389,7290,16
1744970400,0.59398,0.59431,0.59242,0.59263,7475,15
1744974000,0.5926,0.59327,0.59237,0.59249,10562,16
1744977600,0.59246,0.59355,0.59242,0.593,7738,15
1744981200,0.59294,0.59363,0.59287,0.59304,7642,15
1744984800,0.59306,0.59316,0.59301,0.59312,5531,15
1744988400,0.59312,0.59318,0.5929,0.59308,5637,15
1744992000,0.59309,0.59312,0.59288,0.59307,4296,17
1744995600,0.59307,0.59318,0.59296,0.59309,9094,18
1744999200,0.59309,0.59316,0.59289,0.59304,9022,16
1745002800,0.59303,0.59314,0.59302,0.59312,2899,21
1745006400,0.59312,0.59384,0.593,0.59355,5952,18
1745010000,0.59355,0.59368,0.59315,0.59322,8786,26
1745013600,0.59318,0.59387,0.59305,0.59306,6297,15
1745017200,0.59306,0.59395,0.59241,0.59241,5780,27
1745193600,0.59222,0.59251,0.59181,0.5925,137,187
1745197200,0.59275,0.59511,0.59235,0.5951,4232,19
1745200800,0.59507,0.59593,0.59496,0.59583,3713,15
1745204400,0.59585,0.59698,0.59581,0.59599,4319,15
1745208000,0.59599,0.59661,0.59582,0.59658,2991,15
1745211600,0.59658,0.59815,0.59637,0.59782,3132,15
1745215200,0.59782,0.60036,0.59779,0.60013,2321,15
1745218800,0.60013,0.60013,0.59867,0.59969,1770,15
1745222400,0.59969,0.60132,0.59946,0.60106,2079,15
1745226000,0.60106,0.6013,0.59942,0.59997,2978,15
1745229600,0.59999,0.60166,0.59974,0.60138,3833,15
1745233200,0.60138,0.60164,0.60078,0.60145,3909,16
1745236800,0.60145,0.60184,0.60093,0.60101,3031,16
1745240400,0.60101,0.60116,0.60016,0.60066,2846,16
1745244000,0.60067,0.60158,0.60022,0.6009,3205,15
1745247600,0.60089,0.60174,0.60017,0.60163,3650,15
1745251200,0.60163,0.60179,0.60032,0.60064,4644,15
1745254800,0.60063,0.6012,0.60035,0.60043,4920,15
1745258400,0.60043,0.60043,0.59952,0.59984,4099,15
1745262000,0.59984,0.60019,0.59972,0.60002,3087,15
1745265600,0.60002,0.60005,0.59922,0.59975,2353,15
1745269200,0.59975,0.60049,0.5995,0.60033,1793,15
1745272800,0.6003,0.60128,0.59995,0.60006,1840,15
1745276400,0.60006,0.60023,0.59971,0.59991,1374,15
1745280000,0.59991,0.60009,0.59853,0.5992,851,21
1745283600,0.5992,0.60006,0.59914,0.59969,1370,15
1745287200,0.59969,0.60011,0.59938,0.59994,1785,15
1745290800,0.59994,0.60023,0.59798,0.59869,3579,15
1745294400,0.59869,0.60021,0.59869,0.59953,3653,15
1745298000,0.59953,0.60077,0.59922,0.60071,2528,15
1745301600,0.60069,0.60196,0.60065,0.60164,3209,15
1745305200,0.60164,0.60227,0.60158,0.60196,2349,15
1745308800,0.60196,0.60285,0.60095,0.6024,3370,15
1745312400,0.6024,0.60269,0.5999,0.60002,4837,15
1745316000,0.60001,0.60131,0.59993,0.60055,4741,15
1745319600,0.60055,0.60107,0.60021,0.60038,4047,15
1745323200,0.60038,0.60087,0.60008,0.6004,3321,15
1745326800,0.60041,0.60089,0.59996,0.59999,2933,15
1745330400,0.59999,0.60004,0.59923,0.59945,2931,15
1745334000,0.59947,0.59981,0.59847,0.59913,3782,15
1745337600,0.59913,0.59944,0.59841,0.5992,4153,15
1745341200,0.5992,0.60008,0.59855,0.5996,3902,15
1745344800,0.59959,0.59998,0.59888,0.59918,3244,15
1745348400,0.59918,0.59987,0.59867,0.59876,4551,15
1745352000,0.59876,0.59921,0.59789,0.59845,4311,15
1745355600,0.59846,0.59868,0.59762,0.59776,2225,15
1745359200,0.59776,0.59798,0.59646,0.59672,2125,15
1745362800,0.59672,0.59726,0.59624,0.59628,1031,15
1745366400,0.59601,0.59702,0.59562,0.59599,1380,20
1745370000,0.59599,0.59616,0.5936,0.59504,6490,15
1745373600,0.59506,0.5965,0.59498,0.59585,4927,15
1745377200,0.59585,0.59824,0.59583,0.59822,5011,15
1745380800,0.59822,0.59865,0.59741,0.59776,4471,15
1745384400,0.59776,0.59798,0.5966,0.59708,3265,15
1745388000,0.59708,0.59739,0.59605,0.59706,2923,15
1745391600,0.59705,0.59832,0.5965,0.59799,2643,15
1745395200,0.59799,0.59859,0.59733,0.59829,3269,15
1745398800,0.59828,0.59968,0.59811,0.59942,4596,15
1745402400,0.59942,0.5997,0.59805,0.59839,3991,15
1745406000,0.59842,0.5989,0.59762,0.59863,3741,15
1745409600,0.59863,0.59967,0.59862,0.59943,2905,15
1745413200,0.59941,0.59949,0.59808,0.59864,2941,15
1745416800,0.59864,0.59929,0.59791,0.59879,2888,15
1745420400,0.59879,0.59984,0.59851,0.59963,3336,15
1745424000,0.59964,0.6013,0.59732,0.5981,7635,15
1745427600,0.59809,0.59962,0.59746,0.59827,9064,15
1745431200,0.59828,0.59859,0.59619,0.59623,6995,15
1745434800,0.59623,0.59626,0.59514,0.59587,4396,15
1745438400,0.59587,0.59633,0.59552,0.59597,3459,15
1745442000,0.59598,0.59623,0.59504,0.59541,2999,15
1745445600,0.59541,0.59565,0.59465,0.59502,2328,15
1745449200,0.59502,0.59507,0.59432,0.59436,1732,15
1745452800,0.59436,0.59497,0.59376,0.59444,559,24
1745456400,0.59447,0.5956,0.59442,0.59496,1972,15
1745460000,0.59496,0.59558,0.59487,0.59497,1886,15
1745463600,0.59497,0.59546,0.59433,0.5949,2893,15
1745467200,0.5949,0.59536,0.59428,0.59469,3651,15
1745470800,0.59469,0.59617,0.59432,0.59616,2558,15
1745474400,0.59616,0.59622,0.59483,0.59519,1889,15
1745478000,0.59519,0.59574,0.59487,0.59535,1833,15
1745481600,0.59535,0.59546,0.59405,0.59425,2605,15
1745485200,0.59425,0.5963,0.5942,0.59611,2935,15
1745488800,0.59611,0.5972,0.59609,0.5972,3588,15
1745492400,0.59722,0.59799,0.59703,0.5974,3279,15
1745496000,0.59738,0.59818,0.59715,0.59751,2331,15
1745499600,0.59752,0.59817,0.59748,0.59761,1979,16
1745503200,0.59761,0.59815,0.59725,0.59733,2447,15
1745506800,0.59733,0.5981,0.59717,0.5973,3443,14
1745510400,0.59732,0.59801,0.59722,0.59784,3466,15
1745514000,0.59784,0.59913,0.59783,0.5986,4414,15
1745517600,0.59861,0.59906,0.59762,0.59829,3869,15
1745521200,0.59832,0.59936,0.59818,0.5993,3051,15
1745524800,0.5993,0.59953,0.59843,0.59863,2047,15
1745528400,0.59863,0.59909,0.59846,0.59902,1443,15
1745532000,0.59902,0.5998,0.59891,0.59954,1162,15
1745535600,0.59954,0.59996,0.59881,0.59953,831,15
1745539200,0.59877,0.59947,0.59784,0.59895,2425,15
1745542800,0.59895,0.60001,0.59875,0.59937,1778,15
1745546400,0.59937,0.59943,0.5986,0.59867,1483,15
1745550000,0.59867,0.59896,0.59828,0.59847,2099,15
1745553600,0.59847,0.59902,0.59799,0.59814,2183,15
1745557200,0.59816,0.59866,0.59802,0.59849,1822,15
1745560800,0.59849,0.59986,0.59822,0.59854,2971,15
1745564400,0.59853,0.59864,0.59769,0.59778,2164,15
1745568000,0.59778,0.59794,0.59634,0.59666,2327,15
1745571600,0.59665,0.59727,0.59592,0.59719,3726,15
1745575200,0.59719,0.59824,0.59695,0.59728,4280,15
1745578800,0.59728,0.59771,0.59605,0.59628,2721,15
1745582400,0.5963,0.59642,0.59501,0.59502,2483,15
1745586000,0.59503,0.59566,0.59477,0.59547,3568,15
1745589600,0.59547,0.59598,0.59504,0.59551,2035,15
1745593200,0.59552,0.596,0.59533,0.59558,2723,15
1745596800,0.59558,0.59585,0.59502,0.59555,3496,15
1745600400,0.59563,0.59681,0.59549,0.59613,3631,15
1745604000,0.59613,0.59673,0.59578,0.59663,2138,15
1745607600,0.59663,0.59683,0.59636,0.59648,1319,15
1745611200,0.59648,0.59689,0.59609,0.59634,1838,15
1745614800,0.59634,0.59692,0.5963,0.59689,1333,15
1745618400,0.59689,0.59692,0.59635,0.59638,1096,15
1745622000,0.59638,0.59651,0.59508,0.59565,2354,16
1745798400,0.59453,0.59643,0.59445,0.59611,373,46
1745802000,0.59611,0.59647,0.59517,0.59534,1715,15
1745805600,0.59534,0.59549,0.59472,0.59482,1547,15
1745809200,0.59482,0.59548,0.59479,0.59532,2268,15
1745812800,0.59532,0.59596,0.59455,0.59462,2130,15
1745816400,0.59462,0.59518,0.59433,0.59473,2043,15
1745820000,0.59473,0.5958,0.59423,0.5954,1622,15
1745823600,0.5954,0.59668,0.59534,0.59666,1634,15
1745827200,0.59666,0.59692,0.59636,0.59666,1982,15
1745830800,0.59666,0.59669,0.59414,0.59441,2997,15
1745834400,0.59441,0.59478,0.59345,0.5935,3128,15
1745838000,0.59349,0.59392,0.59276,0.59376,2881,15
1745841600,0.59375,0.59577,0.59365,0.59511,2467,15
1745845200,0.59511,0.59556,0.59466,0.59481,2018,15
1745848800,0.59481,0.59507,0.59435,0.59457,2079,15
1745852400,0.5946,0.5958,0.59452,0.59471,2731,15
1745856000,0.59471,0.59645,0.59459,0.59589,3508,15
1745859600,0.59589,0.59816,0.59564,0.59766,4787,15
1745863200,0.59766,0.59785,0.59605,0.59624,3690,15
1745866800,0.59624,0.59702,0.59615,0.59681,2510,15
1745870400,0.59681,0.59682,0.59613,0.59618,2071,15
1745874000,0.59618,0.59693,0.59613,0.59667,1451,15
1745877600,0.59667,0.59795,0.5966,0.59775,1342,15
1745881200,0.59774,0.59783,0.5975,0.5978,736,15
1745884800,0.5978,0.59781,0.59708,0.59765,634,22
1745888400,0.59765,0.59794,0.59712,0.59736,1113,15
1745892000,0.59734,0.59761,0.59684,0.59698,1781,15
1745895600,0.59698,0.59699,0.59586,0.59612,2149,15
1745899200,0.59612,0.5966,0.59595,0.59645,2175,15
1745902800,0.59645,0.59859,0.59607,0.59611,3629,15
1745906400,0.59611,0.59615,0.59496,0.59533,2701,15
1745910000,0.59533,0.5956,0.59458,0.59497,1720,15
1745913600,0.59497,0.59539,0.5947,0.59539,1741,15
1745917200,0.59539,0.59686,0.59532,0.59618,2694,15
1745920800,0.59618,0.59767,0.59592,0.59758,3636,15
1745924400,0.59758,0.5978,0.59645,0.59657,2722,15
1745928000,0.59656,0.59677,0.59559,0.59561,2185,15
1745931600,0.59561,0.59602,0.59477,0.59479,1774,15
1745935200,0.59479,0.5954,0.5947,0.59492,2026,15
1745938800,0.59491,0.59594,0.59491,0.59556,2569,15
1745942400,0.59556,0.59563,0.59334,0.59392,4619,15
1745946000,0.59453,0.59453,0.5926,0.59312,4931,15
1745949600,0.59312,0.5944,0.59305,0.59377,2658,15
1745953200,0.59377,0.59493,0.59375,0.59415,2312,15
1745956800,0.59415,0.59461,0.59375,0.59427,1679,15
1745960400,0.59427,0.59436,0.59348,0.59385,1719,15
1745964000,0.59385,0.5943,0.59335,0.59366,1126,15
1745967600,0.59366,0.59394,0.59263,0.59293,678,15
1745971200,0.5929,0.59409,0.59255,0.59295,786,23
1745974800,0.59295,0.59346,0.59288,0.59315,929,15
1745978400,0.59315,0.59388,0.59304,0.59377,910,15
1745982000,0.59377,0.59386,0.59266,0.59285,1843,15
1745985600,0.59283,0.59424,0.59259,0.59289,3090,15
1745989200,0.59289,0.59356,0.59231,0.59269,2228,15
1745992800,0.59269,0.59316,0.59228,0.59295,1569,15
1745996400,0.59295,0.59359,0.5928,0.59331,1462,15
1746000000,0.59331,0.59441,0.59317,0.59434,1057,15
1746003600,0.59435,0.59489,0.59353,0.59379,2387,15
1746007200,0.59379,0.59382,0.59176,0.59237,2883,15
1746010800,0.5924,0.59275,0.59157,0.59182,2891,15
1746014400,0.59182,0.5928,0.59182,0.59247,2165,15
1746018000,0.59247,0.59262,0.59162,0.59194,1867,15
1746021600,0.59194,0.59238,0.59153,0.59207,1894,15
1746025200,0.59205,0.59243,0.59017,0.59096,5163,15
1746028800,0.59096,0.5916,0.59015,0.59047,4597,15
1746032400,0.59048,0.59372,0.58976,0.59333,6153,15
1746036000,0.59329,0.59361,0.59227,0.59308,4247,15
1746039600,0.59308,0.59333,0.59266,0.59304,2150,15
1746043200,0.59304,0.59393,0.59298,0.59325,1840,15
1746046800,0.59325,0.59453,0.59313,0.59372,3144,15
1746050400,0.59372,0.59456,0.59366,0.59385,1922,15
1746054000,0.59385,0.59405,0.59323,0.59329,1625,15
1746057600,0.59329,0.59345,0.59226,0.59339,1194,21
1746061200,0.59339,0.594,0.5933,0.59366,1441,15
1746064800,0.59366,0.59403,0.59305,0.59351,1387,15
1746068400,0.59351,0.5944,0.59345,0.59437,1986,15
1746072000,0.59437,0.59441,0.59323,0.59346,2093,15
1746075600,0.59346,0.59504,0.5934,0.59461,1779,15
1746079200,0.59458,0.59467,0.59336,0.59418,2553,15
1746082800,0.59418,0.59442,0.5936,0.59405,1848,15
1746086400,0.59405,0.59413,0.59232,0.59271,2209,15
1746090000,0.59271,0.59369,0.59254,0.59326,2702,15
1746093600,0.59326,0.59326,0.59219,0.59237,2877,15
1746097200,0.59237,0.59335,0.59225,0.59273,2139,15
1746100800,0.59273,0.59323,0.59149,0.59156,1800,15
1746104400,0.59156,0.59296,0.59119,0.59293,2267,15
1746108000,0.59292,0.59325,0.5922,0.59239,2349,15
1746111600,0.59239,0.59271,0.59153,0.59163,3905,15
1746115200,0.59162,0.59244,0.59131,0.59184,4172,15
1746118800,0.59177,0.59217,0.59034,0.59075,5730,15
1746122400,0.59074,0.59151,0.58938,0.58986,3485,15
1746126000,0.58986,0.59027,0.58929,0.59021,2000,15
1746129600,0.59021,0.59057,0.58967,0.5899,1546,15
1746133200,0.5899,0.59132,0.58952,0.59065,2028,15
1746136800,0.59064,0.59114,0.59048,0.59067,1447,15
1746140400,0.59067,0.59083,0.59028,0.59055,1021,15
1746144000,0.59055,0.59077,0.58965,0.59059,808,20
1746147600,0.59059,0.59078,0.59033,0.59049,874,15
1746151200,0.59049,0.59143,0.59027,0.59114,1123,15
1746154800,0.59114,0.5924,0.59065,0.59232,3365,15
1746158400,0.59232,0.5926,0.59153,0.59221,2815,15
1746162000,0.59221,0.59307,0.59219,0.5925,2117,15
1746165600,0.5925,0.5935,0.59221,0.59313,2449,15
1746169200,0.59313,0.59363,0.59208,0.59313,2654,15
1746172800,0.59313,0.59356,0.59275,0.59311,1731,15
1746176400,0.59311,0.59375,0.59222,0.59326,3380,15
1746180000,0.59327,0.59407,0.59199,0.59199,3229,15
1746183600,0.592,0.59247,0.5913,0.59245,2283,15
1746187200,0.59244,0.59482,0.59205,0.59431,3190,15
1746190800,0.59432,0.59438,0.59334,0.5938,2781,15
1746194400,0.5938,0.59459,0.5937,0.59403,2414,15
1746198000,0.59403,0.59562,0.59299,0.59495,6415,15
1746201600,0.59495,0.59737,0.59476,0.59671,6527,15
1746205200,0.59674,0.59767,0.59649,0.59718,5257,15
1746208800,0.59718,0.59726,0.59509,0.59526,4309,15
1746212400,0.59526,0.59602,0.59498,0.59506,3832,15
1746216000,0.59506,0.59524,0.59437,0.59468,2717,15
1746219600,0.59468,0.59499,0.59391,0.59419,1660,15
1746223200,0.59419,0.59476,0.59417,0.59445,1230,15
1746226800,0.59445,0.59477,0.59367,0.59379,690,16
1746403200,0.59427,0.59543,0.59374,0.59408,1726,28
1746406800,0.59407,0.59593,0.59406,0.59563,1912,16
1746410400,0.59563,0.59567,0.59484,0.59484,1495,15
1746414000,0.59484,0.59499,0.59405,0.59477,1801,15
1746417600,0.59477,0.59828,0.59477,0.5975,3940,15
1746421200,0.5975,0.59837,0.59695,0.59802,2536,15
1746424800,0.59802,0.59809,0.59676,0.59682,1611,15
1746428400,0.59681,0.59745,0.59676,0.59737,1744,15
1746432000,0.59737,0.5993,0.59731,0.59849,2619,15
1746435600,0.59853,0.59859,0.59664,0.59706,3253,15
1746439200,0.59705,0.5974,0.59611,0.5962,3243,15
1746442800,0.5962,0.59794,0.5961,0.59693,3079,15
1746446400,0.59696,0.59847,0.59696,0.59837,2969,15
1746450000,0.59837,0.59861,0.59773,0.59791,2335,15
1746453600,0.59791,0.59895,0.59787,0.59844,2676,15
1746457200,0.59844,0.5995,0.59832,0.59908,2986,15
1746460800,0.59909,0.5994,0.59779,0.59779,3014,15
1746464400,0.59781,0.59846,0.59723,0.59834,4956,15
1746468000,0.59832,0.59832,0.59678,0.59711,3005,15
1746471600,0.59711,0.59729,0.5962,0.5963,1933,15
1746475200,0.5963,0.59653,0.59607,0.59618,1137,15
1746478800,0.59617,0.59647,0.5959,0.59643,893,16
1746482400,0.59643,0.59714,0.59626,0.59649,1320,15
1746486000,0.59649,0.59687,0.59612,0.5966,881,15
1746489600,0.5966,0.59692,0.5958,0.59642,848,24
1746493200,0.59642,0.59667,0.5959,0.596,603,15
1746496800,0.596,0.59625,0.59589,0.596,836,15
1746500400,0.596,0.59623,0.59434,0.59475,2261,15
1746504000,0.59475,0.5955,0.59431,0.59504,3263,15
1746507600,0.59504,0.59659,0.59502,0.59637,2474,15
1746511200,0.59637,0.597,0.59586,0.59693,2068,15
1746514800,0.59693,0.59829,0.5969,0.59809,1721,15
1746518400,0.59809,0.59827,0.59683,0.5971,1954,15
1746522000,0.5971,0.59805,0.59652,0.59803,2778,15
1746525600,0.59803,0.599,0.59787,0.59854,3408,15
1746529200,0.59854,0.59901,0.59774,0.59777,3410,15
1746532800,0.59778,0.5978,0.5963,0.59675,2875,15
1746536400,0.59675,0.59786,0.59669,0.59784,1999,15
1746540000,0.59784,0.59834,0.59753,0.59832,2285,16
1746543600,0.59832,0.59888,0.59783,0.59877,2315,15
1746547200,0.59877,0.59914,0.59787,0.5991,3101,15
1746550800,0.5991,0.60006,0.59885,0.59941,4010,16
1746554400,0.59941,0.60038,0.59918,0.60014,2739,16
1746558000,0.60015,0.6008,0.59946,0.59992,3051,15
1746561600,0.59992,0.60083,0.59967,0.59994,2108,15
1746565200,0.59994,0.60073,0.59976,0.60067,1734,15
1746568800,0.60067,0.60126,0.6004,0.60099,1114,15
1746572400,0.60099,0.60125,0.60032,0.60083,1106,15
1746576000,0.60084,0.60087,0.59989,0.60063,1145,20
1746579600,0.60063,0.60204,0.60019,0.60102,4826,15
1746583200,0.60102,0.60179,0.60068,0.60112,2975,15
1746586800,0.60112,0.60189,0.60018,0.60151,4040,15
1746590400,0.60151,0.6022,0.59957,0.60047,4993,15
1746594000,0.60045,0.60045,0.59878,0.59965,3427,15
1746597600,0.59965,0.60042,0.59953,0.60028,2336,15
1746601200,0.60028,0.60099,0.59983,0.59993,1874,15
1746604800,0.59993,0.60068,0.59953,0.60062,2281,15
1746608400,0.60061,0.60116,0.60012,0.6004,2927,15
1746612000,0.6004,0.60044,0.59934,0.60028,3504,15
1746615600,0.60028,0.6004,0.59923,0.59923,3075,15
1746619200,0.59923,0.59945,0.59796,0.59837,2309,16
1746622800,0.59837,0.59915,0.59823,0.5991,1937,15
1746626400,0.5991,0.59936,0.59829,0.59855,1816,15
1746630000,0.59855,0.5987,0.59793,0.59824,2203,15
1746633600,0.59824,0.59896,0.59773,0.59895,2940,16
1746637200,0.59894,0.59905,0.59788,0.59829,3358,15
1746640800,0.59829,0.59837,0.59716,0.59744,3009,15
1746644400,0.59744,0.59758,0.59658,0.59743,1972,15
1746648000,0.59743,0.59748,0.59651,0.59675,1903,15
1746651600,0.59675,0.59801,0.59558,0.59607,6525,15
1746655200,0.59611,0.59619,0.59371,0.59438,5777,15
1746658800,0.59439,0.59449,0.59339,0.59392,1612,15
1746662400,0.59392,0.59528,0.59346,0.59402,897,25
1746666000,0.59402,0.59427,0.59368,0.59374,1947,15
1746669600,0.59373,0.5942,0.59364,0.59382,1326,15
1746673200,0.59382,0.59518,0.59374,0.59479,2385,15
1746676800,0.59479,0.59665,0.59468,0.59605,3279,15
1746680400,0.59605,0.59727,0.59605,0.59649,2694,15
1746684000,0.59649,0.59739,0.59649,0.59666,2055,15
1746687600,0.59666,0.5973,0.5966,0.59665,1526,15
1746691200,0.59665,0.59674,0.59515,0.59561,2981,15
1746694800,0.59561,0.59587,0.59243,0.59245,4559,15
1746698400,0.59245,0.59285,0.59164,0.59254,3595,15
1746702000,0.59254,0.59298,0.59173,0.59195,3116,15
1746705600,0.59195,0.59265,0.59138,0.59199,2588,16
1746709200,0.592,0.59356,0.59163,0.59268,2701,15
1746712800,0.59268,0.59301,0.59194,0.59241,3228,16
1746716400,0.59241,0.59346,0.59226,0.59294,4202,15
1746720000,0.59294,0.59378,0.5928,0.59375,4019,16
1746723600,0.59374,0.59429,0.59227,0.59237,3882,15
1746727200,0.59237,0.59305,0.59185,0.59202,5639,15
1746730800,0.59201,0.59205,0.59069,0.59132,3908,15
1746734400,0.59132,0.5914,0.5902,0.59078,2421,15
1746738000,0.59078,0.59089,0.59003,0.5901,1738,15
1746741600,0.59011,0.59056,0.58999,0.59027,1828,15
1746745200,0.59027,0.59065,0.5901,0.5904,822,15
1746748800,0.5904,0.5904,0.58996,0.59019,594,21
1746752400,0.59019,0.59071,0.59006,0.59064,970,15
1746756000,0.59064,0.59065,0.58965,0.58991,1256,15
1746759600,0.58991,0.59027,0.58884,0.58916,2715,15
1746763200,0.58916,0.58945,0.58826,0.58866,2780,15
1746766800,0.58866,0.58884,0.587,0.58872,2983,15
1746770400,0.5887,0.58955,0.58869,0.58935,2634,15
1746774000,0.58935,0.58981,0.58895,0.58971,1834,15
1746777600,0.58971,0.58982,0.589,0.58972,1780,15
1746781200,0.58972,0.58978,0.58897,0.58917,2552,16
1746784800,0.58915,0.5905,0.58887,0.59019,2806,15
1746788400,0.59017,0.59035,0.58908,0.58989,2177,15
1746792000,0.58988,0.58994,0.58874,0.58886,1876,16
1746795600,0.58886,0.58897,0.58839,0.58868,1812,16
1746799200,0.58868,0.58961,0.58857,0.58928,2499,16
1746802800,0.58928,0.58992,0.58899,0.58975,2664,16
1746806400,0.58975,0.59114,0.58975,0.59098,3114,15
1746810000,0.59097,0.59198,0.59048,0.59091,3686,15
1746813600,0.59091,0.59177,0.59033,0.59177,2723,15
1746817200,0.59177,0.59193,0.59105,0.59118,2417,15
1746820800,0.59118,0.59173,0.59101,0.59151,1325,16
1746824400,0.5915,0.59168,0.59119,0.59138,1066,15
1746828000,0.59138,0.59148,0.59102,0.5913,1193,16
1746831600,0.5913,0.59138,0.5897,0.59034,1829,15
1747008000,0.59158,0.59228,0.59096,0.59179,333,27
1747011600,0.59179,0.5923,0.5914,0.59176,3473,17
1747015200,0.59176,0.59254,0.59141,0.59173,3079,15
1747018800,0.59175,0.5923,0.59093,0.5921,3603,15
1747022400,0.5921,0.59305,0.59201,0.59228,4412,15
1747026000,0.59228,0.59257,0.59177,0.59256,2846,15
1747029600,0.59256,0.5933,0.5925,0.59323,2125,15
1747033200,0.59323,0.59338,0.59216,0.59255,1421,15
1747036800,0.59255,0.5932,0.59217,0.59299,1819,15
1747040400,0.59299,0.59339,0.592,0.59201,3126,16
1747044000,0.59201,0.59399,0.58749,0.58813,10871,15
1747047600,0.58813,0.58936,0.58743,0.58889,5995,15
1747051200,0.58889,0.58937,0.58825,0.5888,3483,15
1747054800,0.58879,0.5888,0.58616,0.58634,4042,15
1747058400,0.58634,0.58815,0.58613,0.58803,3708,15
1747062000,0.58803,0.58805,0.58717,0.58765,3190,15
1747065600,0.58764,0.58904,0.58752,0.58792,3580,15
1747069200,0.58792,0.58801,0.58631,0.58663,4736,15
1747072800,0.58665,0.5869,0.58593,0.58615,3191,15
1747076400,0.58614,0.5863,0.58529,0.58538,2397,15
1747080000,0.58538,0.58549,0.58478,0.58499,1880,15
1747083600,0.585,0.58558,0.58458,0.58549,1675,15
1747087200,0.58547,0.58612,0.58529,0.58572,1586,15
1747090800,0.58572,0.58593,0.58533,0.58539,694,15
1747094400,0.58472,0.58551,0.58445,0.58551,912,19
1747098000,0.58552,0.58575,0.58521,0.5857,1079,15
1747101600,0.58571,0.58639,0.58533,0.58601,1156,15
1747105200,0.58601,0.58644,0.58508,0.58519,2456,15
1747108800,0.58519,0.58592,0.58461,0.58544,3162,15
1747112400,0.58544,0.58695,0.58542,0.58683,2439,15
1747116000,0.58683,0.58803,0.58654,0.58787,1948,15
1747119600,0.58787,0.58882,0.58771,0.58882,1406,15
1747123200,0.58882,0.58929,0.58825,0.58874,1885,15
1747126800,0.58873,0.58984,0.58824,0.58947,3485,16
1747130400,0.58946,0.58983,0.58873,0.589,3677,16
1747134000,0.589,0.5892,0.58829,0.58896,2649,15
1747137600,0.58897,0.58968,0.58861,0.58937,1961,15
1747141200,0.58937,0.5898,0.58865,0.58951,1827,15
1747144800,0.58951,0.58969,0.58904,0.58905,1663,15
1747148400,0.58904,0.59119,0.58886,0.59118,4057,15
1747152000,0.59118,0.59162,0.59005,0.59033,4980,15
1747155600,0.59033,0.59317,0.59024,0.59283,4928,15
1747159200,0.59283,0.59364,0.59233,0.59351,3821,15
1747162800,0.59353,0.59389,0.59297,0.59353,2318,15
1747166400,0.59353,0.59395,0.59334,0.59377,1370,15
1747170000,0.59377,0.59404,0.59355,0.59394,1532,15
1747173600,0.59398,0.59415,0.59363,0.59372,1079,15
1747177200,0.59372,0.59411,0.59353,0.59358,1065,15
1747180800,0.59358,0.59396,0.59261,0.59335,701,20
1747184400,0.59335,0.594,0.59332,0.59384,1072,15
1747188000,0.59384,0.59407,0.5934,0.59351,1268,15
1747191600,0.59351,0.59446,0.59334,0.59429,2430,15
1747195200,0.59429,0.59486,0.59367,0.59437,3684,15
1747198800,0.59437,0.5947,0.59385,0.59454,2714,15
1747202400,0.59454,0.59462,0.59411,0.59447,1969,15
1747206000,0.59447,0.59469,0.59395,0.59401,1442,15
1747209600,0.59401,0.59455,0.59376,0.59377,1761,15
1747213200,0.59377,0.59417,0.59313,0.59353,2513,15
1747216800,0.59353,0.59497,0.59342,0.5949,3018,15
1747220400,0.5949,0.59681,0.59479,0.59588,5065,15
1747224000,0.5959,0.59681,0.59546,0.59608,4333,15
1747227600,0.59607,0.5961,0.59485,0.59508,2430,15
1747231200,0.59508,0.59511,0.59407,0.59461,2340,15
1747234800,0.59461,0.59489,0.59381,0.5942,3186,15
1747238400,0.59422,0.59422,0.59329,0.59358,4014,15
1747242000,0.59358,0.59358,0.59214,0.5926,4449,15
1747245600,0.5926,0.59261,0.59096,0.5915,3989,15
1747249200,0.59149,0.59192,0.58974,0.59053,3465,15
1747252800,0.59053,0.59096,0.59028,0.59082,1939,15
1747256400,0.59082,0.59089,0.58956,0.58969,1998,15
1747260000,0.58971,0.58979,0.58924,0.58963,1656,15
1747263600,0.58963,0.58989,0.58938,0.5898,686,15
1747267200,0.5898,0.59059,0.58759,0.58975,1867,18
1747270800,0.58975,0.59014,0.58964,0.58975,832,15
1747274400,0.58975,0.58981,0.5891,0.58957,1278,15
1747278000,0.58957,0.59016,0.58919,0.58983,2420,15
1747281600,0.58983,0.59149,0.58981,0.59046,3525,15
1747285200,0.59045,0.59077,0.58993,0.59059,2266,15
1747288800,0.59059,0.59092,0.5903,0.59042,1835,15
1747292400,0.59042,0.5907,0.58912,0.58916,1703,15
1747296000,0.58916,0.58975,0.58817,0.58939,2365,15
1747299600,0.58939,0.59094,0.58924,0.59091,3406,15
1747303200,0.59091,0.59098,0.58852,0.5887,3424,15
1747306800,0.5887,0.58944,0.58846,0.58905,2642,15
1747310400,0.58905,0.58912,0.58842,0.58845,2209,15
1747314000,0.58845,0.58856,0.58758,0.58776,2006,15
1747317600,0.58777,0.58811,0.58699,0.58735,2477,15
1747321200,0.58735,0.58849,0.58655,0.58817,3577,14
1747324800,0.58817,0.58862,0.58679,0.58718,4549,15
1747328400,0.58718,0.58781,0.58603,0.58661,4199,15
1747332000,0.58658,0.58725,0.58598,0.58719,3226,15
1747335600,0.58719,0.58743,0.58665,0.58713,1824,15
1747339200,0.58712,0.5876,0.58672,0.58678,1539,15
1747342800,0.58678,0.5874,0.58665,0.58723,1266,15
1747346400,0.58723,0.58752,0.587,0.58747,960,15
1747350000,0.58746,0.58777,0.58724,0.58757,949,15
1747353600,0.58666,0.58741,0.58637,0.58723,979,20
1747357200,0.58741,0.58757,0.58714,0.58752,967,15
1747360800,0.58752,0.58767,0.58706,0.58715,1073,15
1747364400,0.58715,0.58776,0.58644,0.58665,2348,15
1747368000,0.58665,0.5874,0.58651,0.58716,1876,15
1747371600,0.58716,0.58901,0.58678,0.58891,2163,16
1747375200,0.58891,0.59046,0.58859,0.58998,2244,15
1747378800,0.58998,0.59069,0.58963,0.59037,1511,15
1747382400,0.59037,0.59137,0.59022,0.59115,2089,15
1747386000,0.59115,0.59124,0.59051,0.59079,2347,15
1747389600,0.59078,0.59172,0.59054,0.59132,2695,15
1747393200,0.59132,0.59151,0.59054,0.59074,2322,15
1747396800,0.59074,0.59098,0.59008,0.59035,2058,15
1747400400,0.59035,0.59052,0.58991,0.59033,1905,15
1747404000,0.59033,0.59055,0.58974,0.58988,1803,15
1747407600,0.58988,0.58992,0.58893,0.58955,2287,15
1747411200,0.58955,0.58989,0.58899,0.58931,2738,15
1747414800,0.58943,0.58978,0.58746,0.5876,4628,15
1747418400,0.5876,0.58764,0.58668,0.58696,2765,15
1747422000,0.58696,0.58748,0.58658,0.5874,1971,15
1747425600,0.5874,0.5877,0.58725,0.58742,1426,15
1747429200,0.58742,0.58787,0.58722,0.58785,1605,15
1747432800,0.58785,0.58805,0.58748,0.58762,1048,15
1747436400,0.58762,0.58807,0.58753,0.58798,1474,16
1747612800,0.58756,0.5884,0.58718,0.58744,478,31
1747616400,0.58765,0.58912,0.58747,0.58884,1846,15
1747620000,0.58885,0.58901,0.58835,0.58856,1246,15
1747623600,0.58859,0.58938,0.58819,0.58918,2519,15
1747627200,0.58918,0.58949,0.58849,0.58892,2467,15
1747630800,0.58892,0.58982,0.58876,0.58929,2050,15
1747634400,0.58929,0.58945,0.5888,0.58888,1494,15
1747638000,0.58888,0.58907,0.58828,0.58846,1168,15
1747641600,0.58846,0.58872,0.58793,0.58824,1717,15
1747645200,0.58824,0.58964,0.58804,0.58945,2925,15
1747648800,0.58947,0.59027,0.58892,0.58962,4014,15
1747652400,0.58961,0.59002,0.58884,0.58986,2802,15
1747656000,0.58987,0.59128,0.58971,0.59123,3356,15
1747659600,0.59123,0.59173,0.59084,0.5913,2891,15
1747663200,0.5913,0.59169,0.59101,0.59145,2549,15
1747666800,0.59145,0.59157,0.59045,0.59051,2636,15
1747670400,0.59051,0.59156,0.59021,0.59118,4097,15
1747674000,0.59117,0.59249,0.59089,0.59232,3849,15
1747677600,0.59233,0.59319,0.59219,0.59239,2696,15
1747681200,0.59239,0.5926,0.59207,0.59231,2164,15
1747684800,0.59231,0.59257,0.5919,0.59195,1389,15
1747688400,0.59195,0.59213,0.59163,0.59203,1214,15
1747692000,0.59203,0.59288,0.59195,0.59282,904,15
1747695600,0.59283,0.59304,0.59275,0.59297,613,15
1747699200,0.59297,0.59297,0.59222,0.59247,939,19
1747702800,0.59247,0.59308,0.59238,0.59269,931,16
1747706400,0.59269,0.59301,0.59259,0.59275,848,15
1747710000,0.59276,0.59283,0.59205,0.59219,2070,15
1747713600,0.59219,0.59276,0.59178,0.59197,2661,15
1747717200,0.59197,0.59214,0.59122,0.59173,1865,15
1747720800,0.59172,0.59232,0.59167,0.59215,1827,15
1747724400,0.59215,0.59218,0.59112,0.59188,2768,15
1747728000,0.59189,0.59312,0.59102,0.59158,3714,15
1747731600,0.59158,0.59237,0.59135,0.5918,3261,15
1747735200,0.5918,0.59306,0.59177,0.59255,3404,15
1747738800,0.59255,0.59257,0.59174,0.59181,2614,15
1747742400,0.59182,0.59214,0.59135,0.59157,2014,16
1747746000,0.59157,0.59166,0.59058,0.59073,1883,15
1747749600,0.59073,0.59121,0.5907,0.59076,1640,15
1747753200,0.59076,0.59083,0.58934,0.59003,3012,15
1747756800,0.59004,0.59087,0.58971,0.59064,3649,16
1747760400,0.59064,0.59127,0.59032,0.59109,3636,16
1747764000,0.59109,0.5911,0.59019,0.59069,2532,15
1747767600,0.59069,0.59177,0.59046,0.59167,1817,15
1747771200,0.59168,0.59205,0.5916,0.59188,1351,15
1747774800,0.59188,0.59206,0.5912,0.59138,1648,15
1747778400,0.59136,0.59198,0.59118,0.59195,1178,15
1747782000,0.59195,0.59247,0.59187,0.59246,672,15
1747785600,0.59153,0.59259,0.59146,0.59203,958,21
1747789200,0.59203,0.59259,0.59202,0.59247,1171,15
1747792800,0.59247,0.59278,0.5924,0.59267,898,16
1747796400,0.59267,0.59393,0.59256,0.59377,2161,15
1747800000,0.59377,0.59413,0.59314,0.59346,2563,15
1747803600,0.59346,0.59459,0.59343,0.5938,2646,15
1747807200,0.5938,0.59487,0.59364,0.59464,2425,15
1747810800,0.59464,0.5951,0.59403,0.59487,1685,15
1747814400,0.59487,0.59534,0.59446,0.59455,2226,15
1747818000,0.59455,0.59541,0.59432,0.59454,3571,15
1747821600,0.59452,0.59459,0.59297,0.59353,3594,15
1747825200,0.59353,0.5939,0.5923,0.59275,2710,15
1747828800,0.59275,0.59309,0.59245,0.59283,2082,15
1747832400,0.59283,0.59512,0.59266,0.59385,3308,15
1747836000,0.59386,0.59438,0.59332,0.5935,2644,15
1747839600,0.59351,0.59445,0.59326,0.59405,3686,16
1747843200,0.59406,0.59464,0.59366,0.59451,3927,15
1747846800,0.59453,0.59593,0.59445,0.59561,4214,15
1747850400,0.59561,0.59636,0.59524,0.59632,3374,15
1747854000,0.59632,0.59671,0.59605,0.59625,1999,15
1747857600,0.59625,0.59656,0.59475,0.59513,5074,15
1747861200,0.59513,0.59527,0.59426,0.59433,2732,15
1747864800,0.59433,0.59483,0.59364,0.59364,2403,15
1747868400,0.59364,0.59388,0.59337,0.59378,1011,15
1747872000,0.59378,0.5939,0.59282,0.59343,773,24
1747875600,0.59343,0.5935,0.59283,0.59301,1252,15
1747879200,0.59302,0.59339,0.59291,0.59322,1355,15
1747882800,0.59322,0.59408,0.59275,0.59333,2966,15
1747886400,0.59333,0.59391,0.59219,0.59242,3454,15
1747890000,0.59242,0.59328,0.59198,0.59279,2324,15
1747893600,0.59279,0.59299,0.59203,0.59248,2064,15
1747897200,0.59248,0.59337,0.59244,0.59313,1820,15
1747900800,0.59313,0.59319,0.59217,0.59253,2017,15
1747904400,0.59253,0.59286,0.592,0.59227,2933,16
1747908000,0.59227,0.59292,0.5918,0.59285,3710,15
1747911600,0.59285,0.59375,0.59184,0.59186,3391,15
1747915200,0.59186,0.59189,0.59019,0.59037,3149,15
1747918800,0.59037,0.59038,0.58935,0.58984,2444,15
1747922400,0.58984,0.59097,0.58977,0.59054,2664,15
1747926000,0.59054,0.59082,0.58998,0.59079,3482,15
1747929600,0.59079,0.59142,0.58972,0.58984,4234,15
1747933200,0.58984,0.59082,0.58981,0.59031,4322,15
1747936800,0.59031,0.59075,0.58951,0.59048,3457,15
1747940400,0.59048,0.59095,0.59009,0.59016,2270,15
1747944000,0.59016,0.59023,0.58963,0.59006,2261,15
1747947600,0.59006,0.59038,0.58994,0.59007,1617,16
1747951200,0.59007,0.59031,0.58973,0.58986,1238,15
1747954800,0.58986,0.58989,0.58945,0.58974,768,15
1747958400,0.58891,0.58991,0.58883,0.58947,1393,15
1747962000,0.58947,0.58996,0.58942,0.58989,1130,15
1747965600,0.58988,0.58994,0.58949,0.58966,774,15
1747969200,0.58965,0.59037,0.5895,0.59037,2000,15
1747972800,0.59038,0.59128,0.5901,0.59109,2603,15
1747976400,0.59109,0.59131,0.5906,0.59113,1514,15
1747980000,0.59113,0.59176,0.59111,0.59149,1218,15
1747983600,0.59149,0.59212,0.59142,0.59155,1119,15
1747987200,0.59154,0.59196,0.59123,0.59177,1479,15
1747990800,0.59174,0.59196,0.5912,0.59171,2336,15
1747994400,0.5917,0.59466,0.5915,0.5943,3303,15
1747998000,0.5943,0.59448,0.59368,0.59426,1990,16
1748001600,0.59425,0.5957,0.5942,0.5955,2117,15
1748005200,0.59551,0.59585,0.59529,0.59555,1552,15
1748008800,0.59555,0.59683,0.59493,0.59525,5427,15
1748012400,0.59525,0.59647,0.59405,0.59603,6677,15
1748016000,0.59607,0.59639,0.59474,0.5951,5227,15
1748019600,0.59509,0.59731,0.59487,0.59721,4888,15
1748023200,0.59721,0.5977,0.59678,0.59736,3487,16
1748026800,0.59737,0.59848,0.59713,0.59812,2360,15
1748030400,0.59812,0.59884,0.59798,0.59845,1870,15
1748034000,0.59844,0.59883,0.59842,0.59854,1763,15
1748037600,0.59854,0.59886,0.5983,0.59871,2022,15
1748041200,0.5987,0.59887,0.59827,0.59831,1302,18
1748217600,0.598,0.59846,0.59781,0.5983,325,29
1748221200,0.5983,0.5995,0.59823,0.59912,3135,15
1748224800,0.59912,0.59958,0.59894,0.5991,1756,15
1748228400,0.5991,0.59961,0.59891,0.59944,2769,15
1748232000,0.59943,0.60256,0.59936,0.6025,3270,15
1748235600,0.60247,0.6031,0.60207,0.60236,2681,15
1748239200,0.60236,0.60238,0.60156,0.60212,1715,15
1748242800,0.60211,0.60256,0.60155,0.6022,1428,15
1748246400,0.6022,0.60288,0.60146,0.60279,1783,15
1748250000,0.60279,0.60284,0.60214,0.60234,2867,15
1748253600,0.60236,0.60256,0.6014,0.60161,2871,15
1748257200,0.60162,0.60215,0.60129,0.60173,2206,15
1748260800,0.60174,0.60178,0.60098,0.60116,1889,15
1748264400,0.60116,0.60164,0.60113,0.60144,1571,16
1748268000,0.60144,0.60163,0.60094,0.60123,2062,15
1748271600,0.60124,0.60143,0.60077,0.60098,1855,15
1748275200,0.60098,0.60162,0.60071,0.60127,1814,15
1748278800,0.60127,0.60127,0.6008,0.60104,1955,16
1748282400,0.60104,0.60111,0.60043,0.60053,1696,16
1748286000,0.60053,0.60055,0.60023,0.60031,1553,15
1748289600,0.60031,0.60036,0.59995,0.60003,820,15
1748293200,0.60003,0.60014,0.59986,0.59992,469,15
1748296800,0.59993,0.60008,0.59991,0.60005,421,15
1748300400,0.60005,0.60014,0.59978,0.59979,536,15
1748304000,0.5991,0.59998,0.59908,0.59933,1266,15
1748307600,0.59933,0.60022,0.59931,0.59967,1129,16
1748311200,0.59967,0.59978,0.59923,0.59931,1003,15
1748314800,0.59932,0.60047,0.59931,0.60028,2086,15
1748318400,0.60028,0.60057,0.59934,0.59949,2217,15
1748322000,0.59949,0.59958,0.59849,0.59869,1687,15
1748325600,0.59869,0.59909,0.59847,0.59879,1315,15
1748329200,0.59879,0.59959,0.59779,0.59782,1888,15
1748332800,0.59782,0.59822,0.59697,0.59822,3000,14
1748336400,0.59822,0.59949,0.59766,0.5977,3392,15
1748340000,0.59773,0.59818,0.59588,0.59604,3862,15
1748343600,0.59605,0.5967,0.59557,0.59578,2782,15
1748347200,0.59578,0.59657,0.59552,0.59583,2645,15
1748350800,0.59583,0.59583,0.59487,0.59501,2315,16
1748354400,0.59499,0.59579,0.59497,0.5955,1995,15
1748358000,0.59551,0.59674,0.595,0.59672,2663,15
1748361600,0.59673,0.5971,0.59536,0.59543,3317,15
1748365200,0.59544,0.59561,0.594,0.59452,4376,15
1748368800,0.59453,0.59469,0.59402,0.59414,3159,15
1748372400,0.59415,0.59482,0.59394,0.5947,2195,15
1748376000,0.5947,0.59488,0.59439,0.59473,1373,15
1748379600,0.59473,0.59489,0.59439,0.5947,1249,15
1748383200,0.59469,0.59496,0.59456,0.5947,1121,15
1748386800,0.5947,0.59496,0.59443,0.59468,817,15
1748390400,0.59398,0.59539,0.59381,0.59462,856,23
1748394000,0.59464,0.59508,0.59452,0.59482,735,16
1748397600,0.59481,0.59503,0.59456,0.59472,680,15
1748401200,0.59472,0.59495,0.59435,0.59446,1785,15
1748404800,0.59445,0.59481,0.59232,0.59331,3464,15
1748408400,0.59296,0.59669,0.59252,0.59503,4496,15
1748412000,0.59504,0.59789,0.59503,0.5975,3253,15
1748415600,0.5975,0.5977,0.59468,0.59474,2270,15
1748419200,0.59474,0.59613,0.59419,0.59606,2366,15
1748422800,0.59606,0.59655,0.595,0.59594,3056,15
1748426400,0.59595,0.59767,0.59587,0.59684,3146,16
1748430000,0.59685,0.59768,0.59638,0.59741,2627,15
1748433600,0.59741,0.59754,0.59686,0.5969,2375,15
1748437200,0.5969,0.59768,0.59658,0.59673,1905,15
1748440800,0.59673,0.59682,0.59612,0.59626,2054,15
1748444400,0.59628,0.59659,0.59537,0.59549,2805,15
1748448000,0.59549,0.59562,0.59434,0.59479,4272,15
1748451600,0.59483,0.59656,0.59471,0.5957,4639,15
1748455200,0.5957,0.59591,0.59473,0.59496,3246,15
1748458800,0.59496,0.59571,0.59492,0.59558,2224,15
1748462400,0.59558,0.59636,0.59553,0.59626,853,16
1748466000,0.59575,0.59617,0.59573,0.59602,717,15
1748469600,0.59602,0.59622,0.59572,0.59578,1460,15
1748473200,0.59578,0.59681,0.59573,0.59631,1052,1
1748476800,0.59631,0.59669,0.59602,0.59645,435,11
1748480400,0.59645,0.5974,0.59635,0.5974,1376,1
1748484000,0.59737,0.59764,0.5946,0.59556,4836,1
1748487600,0.59552,0.59632,0.59476,0.59535,5742,1
1748491200,0.59534,0.59544,0.59306,0.59403,4229,1
1748494800,0.59398,0.59437,0.5925,0.59334,3179,1
1748498400,0.59334,0.59421,0.59281,0.59381,2412,1
1748502000,0.5938,0.59438,0.59339,0.59422,1591,1
1748505600,0.59422,0.59435,0.59308,0.59363,1941,1
1748509200,0.59363,0.596,0.59321,0.59521,3637,1
1748512800,0.59521,0.59673,0.59518,0.5967,3302,1
1748516400,0.5967,0.59708,0.5958,0.59598,2505,1
1748520000,0.59598,0.59724,0.59594,0.59673,2214,1
1748523600,0.59672,0.59744,0.59664,0.59693,2494,2
1748527200,0.59693,0.59706,0.59581,0.59602,2190,1
1748530800,0.59601,0.59895,0.59598,0.5988,4844,1
1748534400,0.59881,0.59922,0.59686,0.59715,4506,1
1748538000,0.59715,0.59819,0.59654,0.59769,4744,1
1748541600,0.59769,0.5983,0.5976,0.59781,3735,1
1748545200,0.59781,0.59846,0.59754,0.59815,2582,1
1748548800,0.59815,0.59859,0.59756,0.59812,2090,1
1748552400,0.59813,0.59859,0.59807,0.5984,1640,1
1748556000,0.5984,0.59843,0.59776,0.59786,1334,1
1748559600,0.59786,0.59789,0.59623,0.59623,1078,1
1748563200,0.59705,0.59748,0.59626,0.5968,1154,5
1748566800,0.59679,0.59786,0.59665,0.59752,1223,1
1748570400,0.59752,0.59808,0.59751,0.59761,1155,1
1748574000,0.59761,0.59843,0.59733,0.59829,2808,1
1748577600,0.59829,0.59896,0.59634,0.59644,4268,1
1748581200,0.59644,0.59676,0.59598,0.59629,2193,1
1748584800,0.59629,0.59675,0.59619,0.5965,1648,1
1748588400,0.5965,0.59716,0.59649,0.59704,1275,1
1748592000,0.59703,0.59811,0.59686,0.59787,1636,1
1748595600,0.59787,0.59787,0.59672,0.59674,2527,1
1748599200,0.59673,0.59675,0.59514,0.59579,3794,1
1748602800,0.59577,0.59614,0.59508,0.59511,2748,1
1748606400,0.5951,0.59573,0.59472,0.59546,2190,1
1748610000,0.59546,0.59616,0.5954,0.59557,2035,1
1748613600,0.59557,0.5959,0.59532,0.59571,1895,1
1748617200,0.59574,0.59685,0.59545,0.59602,5500,1
1748620800,0.59602,0.59614,0.59478,0.59517,4151,1
1748624400,0.59516,0.59719,0.59479,0.59702,5963,1
1748628000,0.597,0.59738,0.59654,0.59702,4204,1
1748631600,0.59703,0.59744,0.59594,0.59622,2980,1
1748635200,0.59621,0.59767,0.5962,0.59714,2158,1
1748638800,0.59714,0.59767,0.59705,0.59733,1846,1
1748642400,0.59733,0.5976,0.59702,0.59739,1569,2
1748646000,0.5974,0.59766,0.59519,0.59519,1989,2
1748822400,0.59562,0.59694,0.59556,0.59674,542,31
1748826000,0.59674,0.59749,0.59668,0.59745,2274,1
1748829600,0.59745,0.59796,0.5972,0.59732,2030,1
1748833200,0.59731,0.59962,0.59728,0.5993,2516,1
1748836800,0.5993,0.60092,0.59922,0.5996,3535,0
1748840400,0.5996,0.60078,0.5995,0.60012,2251,1
1748844000,0.60009,0.60023,0.59899,0.59936,1995,1
1748847600,0.59936,0.59961,0.59908,0.5995,1939,1
1748851200,0.5995,0.60045,0.59928,0.59975,2198,1
1748854800,0.5998,0.60083,0.59913,0.60043,2890,1
1748858400,0.60044,0.60272,0.60039,0.60204,3756,2
1748862000,0.60204,0.6023,0.60142,0.60146,2923,1
1748865600,0.60146,0.60224,0.60138,0.60192,2674,1
1748869200,0.60193,0.60248,0.60164,0.60181,2295,2
1748872800,0.60182,0.60217,0.60101,0.60132,2410,1
1748876400,0.60133,0.60221,0.60118,0.60187,2901,1
1748880000,0.60188,0.6019,0.60052,0.60144,3602,2
1748883600,0.60152,0.60383,0.60137,0.60347,4964,1
1748887200,0.60347,0.60388,0.60286,0.60328,3142,2
1748890800,0.60328,0.60334,0.60201,0.60234,2399,1
1748894400,0.60235,0.60251,0.602,0.6023,1725,1
1748898000,0.6023,0.60348,0.602,0.60345,1476,1
1748901600,0.60342,0.60432,0.60329,0.60427,1279,1
1748905200,0.60427,0.60436,0.60338,0.60338,795,2
1748908800,0.60338,0.60351,0.6023,0.60325,1127,7
1748912400,0.60325,0.60373,0.60312,0.60362,1026,1
1748916000,0.60362,0.60481,0.60358,0.60478,1152,1
1748919600,0.60478,0.60545,0.60423,0.60516,2230,1
1748923200,0.60517,0.60539,0.60378,0.60392,3118,1
1748926800,0.60392,0.60398,0.60111,0.60133,2675,1
1748930400,0.60133,0.60204,0.60103,0.60143,2352,1
1748934000,0.60143,0.60146,0.60094,0.60144,1446,1
1748937600,0.60144,0.60152,0.59998,0.60092,2214,1
1748941200,0.60092,0.60095,0.59904,0.60022,2994,2
1748944800,0.60022,0.60055,0.59954,0.59987,3505,1
1748948400,0.59986,0.60034,0.59924,0.59986,3036,1
1748952000,0.59984,0.60104,0.59961,0.60054,2502,1
1748955600,0.60054,0.60056,0.59955,0.59969,2471,1
1748959200,0.5997,0.60013,0.59934,0.59977,2186,2
1748962800,0.5998,0.59991,0.59873,0.59942,2804,2
1748966400,0.59942,0.60048,0.5994,0.59978,3744,1
1748970000,0.59973,0.60115,0.59884,0.60044,5376,1
1748973600,0.60043,0.60067,0.59946,0.59973,3371,2
1748977200,0.59973,0.60019,0.59935,0.59989,1985,2
1748980800,0.59989,0.60072,0.59989,0.60047,1590,1
1748984400,0.60047,0.60049,0.5999,0.60044,1403,1
1748988000,0.60044,0.60054,0.59975,0.59985,816,1
1748991600,0.59985,0.60032,0.59949,0.59949,740,1
1748995200,0.59949,0.5998,0.59891,0.59966,805,7
1748998800,0.59966,0.60036,0.59963,0.60024,736,1
1749002400,0.60023,0.60061,0.60006,0.6005,864,1
1749006000,0.6005,0.60072,0.59982,0.60018,2328,1
1749009600,0.60017,0.60141,0.59953,0.60053,3848,1
1749013200,0.60053,0.60137,0.59999,0.60025,2318,1
1749016800,0.60025,0.6007,0.59975,0.60017,1859,1
1749020400,0.60016,0.60048,0.59958,0.59964,2014,1
1749024000,0.59964,0.59999,0.59917,0.59962,2250,1
1749027600,0.59962,0.60049,0.59936,0.60026,3251,1
1749031200,0.60026,0.60146,0.60014,0.60018,2850,1
1749034800,0.60018,0.60162,0.59976,0.6013,2460,1
1749038400,0.6013,0.60163,0.60102,0.60108,2167,2
1749042000,0.60108,0.60165,0.60098,0.60118,2229,2
1749045600,0.60117,0.60171,0.60099,0.60132,1987,1
1749049200,0.60132,0.60236,0.60123,0.60226,4101,2
1749052800,0.60227,0.60244,0.60158,0.60178,3805,1
1749056400,0.60173,0.60339,0.60173,0.60312,4760,2
1749060000,0.60312,0.60322,0.60235,0.60301,3134,2
1749063600,0.60303,0.60378,0.60289,0.60369,2117,1
1749067200,0.60369,0.60392,0.60344,0.60358,1338,1
1749070800,0.60358,0.60371,0.60313,0.60313,1224,1
1749074400,0.60313,0.60334,0.6028,0.6028,1112,1
1749078000,0.6028,0.60302,0.60259,0.60266,554,1
1749081600,0.60266,0.60294,0.60211,0.60244,820,5
1749085200,0.60244,0.60331,0.60243,0.60296,649,1
1749088800,0.60296,0.60327,0.60253,0.60254,962,1
1749092400,0.60254,0.60377,0.60253,0.60355,2563,1
1749096000,0.60355,0.60429,0.60299,0.60325,2728,1
1749099600,0.60324,0.60372,0.60278,0.6036,1846,1
1749103200,0.6036,0.60435,0.60294,0.60302,2060,1
1749106800,0.60302,0.60327,0.60262,0.60319,1777,1
1749110400,0.60319,0.60326,0.60262,0.60271,1796,1
1749114000,0.60272,0.60362,0.6026,0.60313,2433,1
1749117600,0.60314,0.60449,0.603,0.60339,2508,1
1749121200,0.60338,0.60418,0.60313,0.60401,2090,2
1749124800,0.60401,0.60514,0.60394,0.60464,2379,1
1749128400,0.60464,0.60552,0.60454,0.60475,1942,2
1749132000,0.60475,0.6051,0.60437,0.60458,2260,2
1749135600,0.60459,0.60621,0.60438,0.60544,5049,1
1749139200,0.60546,0.60801,0.6051,0.60665,6393,2
1749142800,0.60665,0.60668,0.60544,0.60567,5458,1
1749146400,0.60567,0.60569,0.60395,0.60431,4191,1
1749150000,0.6043,0.60447,0.60394,0.60434,2536,2
1749153600,0.60434,0.6047,0.60408,0.60457,1533,1
1749157200,0.60457,0.60457,0.60374,0.60405,1897,1
1749160800,0.60405,0.60423,0.60346,0.60374,2080,1
1749164400,0.60374,0.60391,0.60341,0.60341,765,1
1749168000,0.60335,0.60371,0.60326,0.60335,739,6
1749171600,0.60335,0.60391,0.60326,0.60384,871,1
1749175200,0.60384,0.60435,0.60378,0.60411,961,1
1749178800,0.60411,0.60486,0.60409,0.60435,1917,1
1749182400,0.60435,0.60503,0.60408,0.60417,2478,1
1749186000,0.60417,0.60419,0.60259,0.60339,2066,1
1749189600,0.60339,0.6043,0.60329,0.60416,1625,1
1749193200,0.60416,0.60497,0.60411,0.6048,1189,1
1749196800,0.6048,0.6048,0.60391,0.60423,1535,1
1749200400,0.60419,0.60428,0.60353,0.6037,2195,2
1749204000,0.60371,0.60455,0.60358,0.60403,2538,2
1749207600,0.60401,0.60401,0.60233,0.60256,2165,2
1749211200,0.60257,0.60313,0.60215,0.60273,1830,2
1749214800,0.60273,0.60351,0.60264,0.60341,1624,2
1749218400,0.60341,0.60377,0.60303,0.60307,1882,2
1749222000,0.60307,0.60435,0.60171,0.60246,7397,1
1749225600,0.60246,0.6027,0.60084,0.60154,6837,1
1749229200,0.60153,0.60288,0.60098,0.60128,6042,1
1749232800,0.60128,0.60191,0.60064,0.60178,3884,1
1749236400,0.60179,0.60191,0.60088,0.601,2149,1
1749240000,0.601,0.60186,0.60095,0.60176,1927,1
1749243600,0.60176,0.60237,0.60173,0.60216,1644,1
1749247200,0.60216,0.6023,0.60179,0.6019,958,1
1749250800,0.6019,0.60221,0.60098,0.60098,1263,1
1749427200,0.60103,0.6023,0.60079,0.60205,357,3
1749430800,0.60205,0.60249,0.6018,0.60241,1587,1
1749434400,0.60241,0.60277,0.60213,0.60221,1255,1
1749438000,0.60221,0.60251,0.60136,0.60175,1939,1
1749441600,0.60175,0.60359,0.60175,0.60331,2363,1
1749445200,0.60331,0.60414,0.60321,0.6033,2525,1
1749448800,0.60331,0.60381,0.60327,0.60357,1437,1
1749452400,0.60357,0.60377,0.60312,0.60364,1172,1
1749456000,0.60364,0.60387,0.60317,0.60367,1707,1
1749459600,0.60367,0.60482,0.60347,0.60456,2023,2
1749463200,0.60456,0.60501,0.6045,0.60483,2226,1
1749466800,0.60484,0.60652,0.60484,0.60581,2539,1
1749470400,0.60582,0.60648,0.6058,0.60604,2025,2
1749474000,0.60604,0.60624,0.60535,0.60547,1726,2
1749477600,0.60547,0.60565,0.60467,0.60497,2485,2
1749481200,0.60497,0.60502,0.60374,0.60404,2341,2
1749484800,0.60404,0.60416,0.60356,0.60388,2957,1
1749488400,0.60388,0.60474,0.60388,0.60437,3153,2
1749492000,0.60438,0.60567,0.60434,0.60547,2325,2
1749495600,0.60548,0.60551,0.60506,0.6052,1336,1
1749499200,0.6052,0.6054,0.60489,0.60517,1270,1
1749502800,0.60517,0.60574,0.60509,0.60551,1102,1
1749506400,0.60551,0.60559,0.60507,0.60518,896,1
1749510000,0.60518,0.60518,0.60447,0.60447,546,1
1749513600,0.60447,0.6047,0.60378,0.60435,852,6
1749517200,0.60435,0.60501,0.60435,0.60485,1165,1
1749520800,0.60485,0.60519,0.60458,0.60491,1175,1
1749524400,0.60491,0.60585,0.60485,0.60536,2117,1
1749528000,0.60537,0.60584,0.60348,0.60365,3151,1
1749531600,0.60365,0.6042,0.60279,0.60398,3405,1
1749535200,0.60398,0.60551,0.60367,0.60549,2479,1
1749538800,0.60549,0.60565,0.60473,0.60494,1691,1
1749542400,0.60494,0.60531,0.60354,0.60434,3598,1
1749546000,0.60434,0.60489,0.60338,0.6034,4239,0
1749549600,0.6034,0.60401,0.60293,0.60329,4210,1
1749553200,0.60329,0.60449,0.60327,0.60442,2873,1
1749556800,0.60442,0.60481,0.60382,0.6047,2626,1
1749560400,0.60471,0.6052,0.60459,0.60482,2233,1
1749564000,0.60482,0.60547,0.60462,0.60513,2613,2
1749567600,0.60512,0.60558,0.60469,0.6047,3086,2
1749571200,0.6047,0.60572,0.60459,0.6056,3273,2
1749574800,0.6056,0.60572,0.60453,0.60466,2918,1
1749578400,0.60466,0.60468,0.60379,0.60427,2508,2
1749582000,0.60427,0.60445,0.60389,0.60428,1570,1
1749585600,0.60429,0.60439,0.60385,0.60414,1273,1
1749589200,0.60415,0.60425,0.60378,0.60422,1235,1
1749592800,0.60422,0.60513,0.60408,0.60497,1098,1
1749596400,0.60497,0.60525,0.60477,0.60516,619,1
1749600000,0.60452,0.60529,0.60402,0.60514,934,4
1749603600,0.60514,0.60562,0.60506,0.60547,801,1
1749607200,0.60547,0.60617,0.60525,0.60592,1837,1
1749610800,0.60592,0.60615,0.6046,0.60475,3089,1
1749614400,0.60475,0.60516,0.60331,0.60343,2466,1
1749618000,0.60343,0.60378,0.60293,0.60298,2046,1
1749621600,0.60298,0.60352,0.6025,0.60352,1706,1
1749625200,0.60352,0.6039,0.6032,0.60334,1286,1
1749628800,0.60334,0.60401,0.60318,0.60354,1368,1
1749632400,0.60354,0.60365,0.60243,0.60308,2257,1
1749636000,0.60309,0.60366,0.60249,0.60318,2566,2
1749639600,0.60318,0.60353,0.60287,0.60325,2378,2
1749643200,0.60325,0.60419,0.60313,0.60365,2326,2
1749646800,0.60365,0.60389,0.60302,0.60317,1952,1
1749650400,0.60318,0.60321,0.60251,0.60282,2054,1
1749654000,0.60283,0.60659,0.60233,0.60521,6045,1
1749657600,0.6052,0.60534,0.6035,0.60411,5958,1
1749661200,0.60411,0.60481,0.60402,0.60403,4040,2
1749664800,0.60403,0.60453,0.60359,0.60452,2920,2
1749668400,0.60452,0.60466,0.60375,0.60423,2295,1
1749672000,0.60423,0.60495,0.60415,0.60422,2001,1
1749675600,0.60422,0.60435,0.603,0.60342,2648,1
1749679200,0.60342,0.60349,0.6024,0.60278,1538,1
1749682800,0.60278,0.60303,0.60261,0.60279,815,1
1749686400,0.60279,0.60299,0.6022,0.60272,958,5
1749690000,0.60272,0.60355,0.60258,0.60345,967,1
1749693600,0.60345,0.60383,0.60316,0.60355,1781,1
1749697200,0.60355,0.60382,0.6029,0.60324,2689,1
1749700800,0.60324,0.6037,0.60175,0.60217,3169,1
1749704400,0.60217,0.60252,0.60159,0.60214,2534,1
1749708000,0.60214,0.60415,0.60198,0.60388,2162,1
1749711600,0.60388,0.60408,0.60313,0.60333,1714,1
1749715200,0.60333,0.60427,0.60311,0.60411,2292,1
1749718800,0.6041,0.6043,0.60275,0.6028,3438,1
1749722400,0.6028,0.60281,0.60057,0.60137,3850,1
1749726000,0.60137,0.60352,0.60128,0.60338,3243,1
1749729600,0.60338,0.60418,0.60307,0.60341,3344,1
1749733200,0.60342,0.60518,0.60315,0.60498,4195,0
1749736800,0.60498,0.6059,0.60482,0.60526,3301,1
1749740400,0.60527,0.60709,0.60505,0.60632,4479,1
1749744000,0.60633,0.60662,0.60515,0.6056,4128,2
1749747600,0.6056,0.60643,0.60553,0.60632,3834,2
1749751200,0.60631,0.60665,0.60575,0.60609,3417,2
1749754800,0.60611,0.60643,0.6058,0.60618,1966,1
1749758400,0.60618,0.60641,0.60558,0.60611,1759,1
1749762000,0.60611,0.60641,0.60594,0.60641,1200,1
1749765600,0.60641,0.60651,0.60616,0.60642,705,2
1749769200,0.60642,0.60693,0.60634,0.60688,591,2
1749772800,0.60688,0.60725,0.60652,0.60669,764,3
1749776400,0.60669,0.6069,0.60654,0.60664,902,1
1749780000,0.60664,0.60684,0.60636,0.60649,1262,1
1749783600,0.60649,0.60658,0.60091,0.60141,9072,1
1749787200,0.60141,0.60332,0.60041,0.60291,6646,1
1749790800,0.60289,0.60441,0.6022,0.60241,4539,1
1749794400,0.60241,0.603,0.6014,0.60249,4039,1
1749798000,0.60249,0.60266,0.60064,0.60078,2885,1
1749801600,0.60078,0.60204,0.60047,0.60112,3865,1
1749805200,0.60113,0.6022,0.60057,0.60138,4526,1
1749808800,0.60138,0.60218,0.60066,0.60138,5420,2
1749812400,0.60138,0.60262,0.60117,0.60189,3786,1
1749816000,0.60188,0.60218,0.60075,0.60101,4136,1
1749819600,0.60102,0.6012,0.59949,0.59986,3853,1
1749823200,0.59986,0.6012,0.59959,0.6006,3932,1
1749826800,0.60061,0.60105,0.60032,0.6008,3202,1
1749830400,0.6008,0.60194,0.59987,0.60174,4199,1
1749834000,0.60173,0.60324,0.60173,0.60289,4899,1
1749837600,0.6029,0.60387,0.60261,0.60345,3355,2
1749841200,0.60345,0.60415,0.60343,0.60374,2693,1
1749844800,0.60375,0.60375,0.6023,0.60267,2745,1
1749848400,0.60267,0.60292,0.60124,0.60185,2950,1
1749852000,0.60185,0.60217,0.60156,0.60216,2785,1
1749855600,0.60216,0.6022,0.60063,0.60063,2591,1
1750032000,0.60055,0.60143,0.60041,0.60116,1944,10
1750035600,0.60116,0.60169,0.60071,0.60114,8258,1
1750039200,0.60112,0.60179,0.60061,0.6017,2758,1
1750042800,0.6017,0.60259,0.60145,0.60225,2803,1
1750046400,0.60225,0.60243,0.60134,0.6019,3796,1
1750050000,0.6019,0.6024,0.60125,0.60174,2605,1
1750053600,0.60174,0.60214,0.60039,0.60098,2922,1
1750057200,0.60098,0.6016,0.60096,0.60153,2271,1
1750060800,0.60153,0.60311,0.60153,0.60269,3104,1
1750064400,0.60269,0.60316,0.60172,0.60297,3707,1
1750068000,0.60297,0.60345,0.60246,0.60289,3478,1
1750071600,0.60289,0.60408,0.60268,0.60385,2602,2
1750075200,0.60389,0.60429,0.60367,0.60425,2355,2
1750078800,0.60424,0.6048,0.60396,0.60437,1667,2
1750082400,0.60437,0.60542,0.60431,0.60531,1850,0
1750086000,0.60531,0.60594,0.60509,0.60583,2870,1
1750089600,0.60583,0.60751,0.60567,0.60736,4052,2
1750093200,0.60737,0.60877,0.60718,0.60739,4280,1
1750096800,0.60739,0.6078,0.60699,0.60711,3229,2
1750100400,0.60714,0.60811,0.60714,0.60785,2590,1
1750104000,0.60785,0.6079,0.6071,0.60714,2157,1
1750107600,0.60713,0.60735,0.60691,0.60695,1559,1
1750111200,0.60695,0.60706,0.60581,0.60591,1970,1
1750114800,0.60591,0.60635,0.60575,0.60598,846,1
1750118400,0.60595,0.60612,0.60489,0.60543,756,0
1750122000,0.60543,0.6061,0.6052,0.60546,1449,0
1750125600,0.60546,0.6062,0.60475,0.60523,1956,0
1750129200,0.60523,0.60531,0.6045,0.60526,2621,1
1750132800,0.60526,0.60626,0.60494,0.6059,2905,1
1750136400,0.6059,0.60652,0.6054,0.60645,2724,1
1750140000,0.60645,0.60692,0.60606,0.6068,2701,1
1750143600,0.60681,0.60721,0.6066,0.60674,2059,1
1750147200,0.60674,0.60696,0.60615,0.60627,2316,1
1750150800,0.60626,0.60716,0.60588,0.60673,2944,1
1750154400,0.60673,0.60746,0.60641,0.60695,3353,1
1750158000,0.60695,0.60747,0.60672,0.60676,2428,1
1750161600,0.60676,0.6074,0.60621,0.60625,2572,0
1750165200,0.60626,0.6073,0.60624,0.60718,1603,0
1750168800,0.60718,0.60796,0.60698,0.60736,1999,2
1750172400,0.60736,0.60774,0.60598,0.60606,3299,1
1750176000,0.60609,0.6075,0.60602,0.60711,3793,1
1750179600,0.60711,0.60725,0.6044,0.60468,5299,1
1750183200,0.60468,0.60542,0.60444,0.6054,3389,2
1750186800,0.6054,0.60595,0.60346,0.60361,3311,1
1750190400,0.60361,0.60383,0.60156,0.60198,3901,1
1750194000,0.60198,0.60231,0.601,0.60138,3514,1
1750197600,0.60138,0.60166,0.60109,0.60152,2140,1
1750201200,0.60152,0.60162,0.601,0.60131,1352,1
1750204800,0.60117,0.60199,0.60099,0.60196,823,1
1750208400,0.60196,0.60211,0.60092,0.60098,1400,2
1750212000,0.601,0.60193,0.60096,0.60186,2089,2
1750215600,0.60185,0.60258,0.60161,0.602,3590,1
1750219200,0.602,0.60305,0.60198,0.60243,3108,1
1750222800,0.60243,0.60286,0.60199,0.60264,2342,1
1750226400,0.60264,0.60293,0.60235,0.60261,1761,1
1750230000,0.60261,0.60356,0.60234,0.60342,2222,1
1750233600,0.60342,0.60371,0.603,0.6031,2465,1
1750237200,0.60309,0.60392,0.60301,0.60341,3727,1
1750240800,0.60341,0.60396,0.6027,0.60277,2888,1
1750244400,0.60275,0.60315,0.60233,0.60264,2237,1
1750248000,0.60264,0.60316,0.60247,0.60294,2078,1
1750251600,0.60294,0.60305,0.60175,0.60189,2032,1
1750255200,0.60189,0.60276,0.60182,0.60263,1755,1
1750258800,0.60263,0.6033,0.60234,0.60269,2410,1
1750262400,0.60269,0.60315,0.60205,0.60265,3440,1
1750266000,0.60265,0.60457,0.60248,0.60393,6773,1
1750269600,0.60392,0.60495,0.60384,0.60443,3687,1
1750273200,0.60443,0.60483,0.60382,0.60386,2724,1
1750276800,0.60386,0.60409,0.60305,0.60343,2096,1
1750280400,0.60343,0.60566,0.60225,0.60233,9155,1
1750284000,0.60236,0.60319,0.60166,0.60251,5733,1
1750287600,0.60251,0.6031,0.60236,0.60266,1668,2
1750291200,0.60266,0.60291,0.60187,0.60271,522,1
1750294800,0.60271,0.60327,0.6025,0.60296,1508,1
1750298400,0.60296,0.60324,0.60274,0.6028,1630,1
1750302000,0.6028,0.60303,0.60182,0.60189,2461,1
1750305600,0.60189,0.60192,0.59944,0.59948,4497,1
1750309200,0.59948,0.60012,0.59826,0.59936,3230,1
1750312800,0.59936,0.6001,0.59934,0.59956,2342,1
1750316400,0.59956,0.60004,0.59921,0.59961,1686,1
1750320000,0.59961,0.59961,0.59693,0.5974,2421,1
1750323600,0.5974,0.59758,0.59642,0.59725,3669,1
1750327200,0.59725,0.59812,0.59665,0.59698,3295,1
1750330800,0.59698,0.59876,0.59688,0.59846,3167,1
1750334400,0.59846,0.59887,0.5975,0.59751,2381,1
1750338000,0.59752,0.59802,0.59715,0.5973,2212,2
1750341600,0.59729,0.59837,0.59681,0.59805,2729,2
1750345200,0.59805,0.59839,0.59705,0.59724,2865,1
1750348800,0.59723,0.5981,0.59697,0.59729,3071,1
1750352400,0.59729,0.59764,0.59589,0.59657,3465,2
1750356000,0.59657,0.59721,0.59644,0.59683,2302,2
1750359600,0.59681,0.59699,0.59652,0.59657,1278,1
1750363200,0.59657,0.59842,0.59655,0.59831,1091,1
1750366800,0.59831,0.59865,0.59819,0.59853,909,2
1750370400,0.59853,0.59928,0.59853,0.59918,1263,1
1750374000,0.59918,0.59925,0.59851,0.59851,600,1
1750377600,0.59851,0.59909,0.59709,0.59896,921,5
1750381200,0.59896,0.59951,0.5987,0.59941,1971,2
1750384800,0.59941,0.60006,0.59931,0.60001,1518,1
1750388400,0.59999,0.6006,0.5999,0.60027,2348,1
1750392000,0.60027,0.60047,0.599,0.59901,2862,1
1750395600,0.599,0.59947,0.59868,0.59925,1765,1
1750399200,0.59925,0.60057,0.59917,0.60044,1860,1
1750402800,0.60044,0.60077,0.60022,0.60052,1614,2
1750406400,0.60052,0.60076,0.59985,0.60073,1906,1
1750410000,0.60074,0.60092,0.59925,0.59946,2942,1
1750413600,0.59946,0.59992,0.59906,0.59961,2455,2
1750417200,0.59961,0.59989,0.5992,0.59951,2148,1
1750420800,0.59951,0.60012,0.59941,0.59988,1863,2
1750424400,0.59988,0.60001,0.5991,0.59916,1522,1
1750428000,0.59915,0.59975,0.59865,0.59912,2442,2
1750431600,0.59913,0.59985,0.59871,0.59921,3506,1
1750435200,0.59921,0.59932,0.59794,0.59802,3260,1
1750438800,0.59802,0.59814,0.59638,0.59712,3944,2
1750442400,0.59712,0.59785,0.59646,0.5967,3269,2
1750446000,0.5967,0.59768,0.59666,0.59741,2366,1
1750449600,0.5974,0.59766,0.59687,0.59723,2151,2
1750453200,0.59723,0.59751,0.59693,0.59695,1561,2
1750456800,0.59695,0.59711,0.59641,0.59651,1999,1
1750460400,0.59651,0.59675,0.59556,0.596,1947,2
1750636800,0.59438,0.59538,0.59401,0.59405,480,6
1750640400,0.59405,0.59596,0.59286,0.59572,3484,1
1750644000,0.59572,0.59663,0.59572,0.5961,2264,1
1750647600,0.5961,0.5965,0.59456,0.59531,3645,1
1750651200,0.59531,0.59579,0.59375,0.59456,3738,1
1750654800,0.59456,0.59532,0.5936,0.59373,3121,1
1750658400,0.59372,0.59392,0.59178,0.5923,3681,1
1750662000,0.5923,0.59273,0.59161,0.59215,2487,1
1750665600,0.59215,0.59245,0.59156,0.59237,3301,1
1750669200,0.59237,0.59327,0.59201,0.59303,4000,1
1750672800,0.59304,0.59352,0.59268,0.59282,3758,1
1750676400,0.59282,0.59289,0.59118,0.59132,2909,1
1750680000,0.59132,0.59135,0.58877,0.58911,3864,1
1750683600,0.58911,0.58945,0.5887,0.58883,3336,1
1750687200,0.58883,0.58984,0.58828,0.5898,2928,1
1750690800,0.58979,0.59005,0.58888,0.58974,3597,1
1750694400,0.58975,0.5916,0.58921,0.59136,4540,1
1750698000,0.59138,0.59497,0.59132,0.59449,7067,1
1750701600,0.59449,0.59548,0.59377,0.59385,4345,1
1750705200,0.59387,0.59523,0.59266,0.59402,5015,1
1750708800,0.59403,0.59676,0.59381,0.59659,5246,1
1750712400,0.59658,0.59744,0.59648,0.59742,3292,1
1750716000,0.59742,0.59779,0.59714,0.59754,2143,1
1750719600,0.59754,0.59805,0.59736,0.59766,1140,1
1750723200,0.59766,0.59768,0.59646,0.59731,828,1
1750726800,0.59731,0.59914,0.59721,0.59862,2359,1
1750730400,0.59862,0.60017,0.59833,0.59933,2430,1
1750734000,0.59933,0.59996,0.59877,0.59968,4209,1
1750737600,0.59968,0.6002,0.59916,0.59945,3645,1
1750741200,0.59945,0.60097,0.59891,0.60091,2592,1
1750744800,0.60091,0.60134,0.60045,0.6006,1817,1
1750748400,0.6006,0.60172,0.60018,0.6015,1955,1
1750752000,0.6015,0.6015,0.60075,0.60138,2434,1
1750755600,0.60138,0.60338,0.60125,0.60301,3965,2
1750759200,0.60301,0.6031,0.60089,0.60134,4793,1
1750762800,0.60134,0.60249,0.60125,0.60227,3626,2
1750766400,0.60228,0.6039,0.60223,0.60323,2784,2
1750770000,0.60323,0.60341,0.60293,0.60303,1504,1
1750773600,0.60304,0.60393,0.60298,0.60313,1733,2
1750777200,0.60313,0.6034,0.60222,0.60236,2856,1
1750780800,0.60238,0.60268,0.60092,0.60114,3613,1
1750784400,0.60113,0.6041,0.60111,0.60228,4932,1
1750788000,0.60228,0.60339,0.60133,0.60137,3626,2
1750791600,0.60136,0.60206,0.60101,0.60204,2443,1
1750795200,0.60204,0.60244,0.60177,0.60211,1817,1
1750798800,0.60211,0.60227,0.60171,0.60182,1528,1
1750802400,0.60182,0.60205,0.60112,0.60116,1274,1
1750806000,0.60116,0.60134,0.60055,0.60055,864,1
1750809600,0.60055,0.6008,0.60008,0.60058,1313,6
1750813200,0.60058,0.6008,0.60044,0.60061,902,1
1750816800,0.60061,0.60112,0.60061,0.6011,1066,1
1750820400,0.6011,0.6021,0.60095,0.60191,2229,1
1750824000,0.60191,0.60299,0.60136,0.60273,3294,1
1750827600,0.60273,0.60332,0.60238,0.60325,2192,1
1750831200,0.60325,0.60396,0.60291,0.60292,1853,1
1750834800,0.60292,0.60309,0.60264,0.60288,1427,1
1750838400,0.60288,0.60294,0.60228,0.6026,1685,1
1750842000,0.6026,0.60281,0.60213,0.60224,2209,2
1750845600,0.60224,0.60316,0.60193,0.60232,2613,2
1750849200,0.60232,0.60263,0.60185,0.60241,2147,1
1750852800,0.60241,0.60242,0.60142,0.60193,1994,1
1750856400,0.60193,0.60222,0.60166,0.60197,1455,2
1750860000,0.60197,0.60233,0.60175,0.60188,1812,2
1750863600,0.60188,0.60201,0.60119,0.60135,2431,2
1750867200,0.60135,0.60195,0.60099,0.60149,2711,1
1750870800,0.60151,0.60278,0.60145,0.60206,3813,1
1750874400,0.60206,0.60227,0.60167,0.60186,2703,2
1750878000,0.60186,0.60293,0.60185,0.60275,2144,1
1750881600,0.60275,0.60321,0.60235,0.60296,2298,1
1750885200,0.60296,0.60383,0.60288,0.60372,1856,1
1750888800,0.60372,0.60424,0.60369,0.6038,1385,1
1750892400,0.6038,0.60407,0.6034,0.60377,859,1
1750896000,0.6031,0.60382,0.60292,0.60354,769,7
1750899600,0.60355,0.6042,0.60352,0.60414,1745,1
1750903200,0.60414,0.60556,0.60412,0.60534,1879,1
1750906800,0.60534,0.60574,0.60483,0.60484,2053,1
1750910400,0.60484,0.60484,0.60291,0.60425,2728,1
1750914000,0.60425,0.60601,0.6039,0.60576,2665,1
1750917600,0.60579,0.60657,0.60555,0.60609,2842,1
1750921200,0.60609,0.60613,0.60477,0.60495,2093,1
1750924800,0.60495,0.60513,0.60423,0.60494,2207,1
1750928400,0.60494,0.60534,0.60424,0.60517,3742,1
1750932000,0.60516,0.60592,0.60458,0.60544,3682,1
1750935600,0.60545,0.60734,0.60522,0.60678,3440,1
1750939200,0.60678,0.60688,0.60557,0.60617,3489,1
1750942800,0.60617,0.60672,0.60569,0.60591,2510,2
1750946400,0.60592,0.60599,0.60478,0.60499,2957,1
1750950000,0.60499,0.60614,0.60482,0.60563,4754,1
1750953600,0.60565,0.60669,0.60484,0.60663,5266,1
1750957200,0.60664,0.60736,0.60601,0.60641,5629,1
1750960800,0.60642,0.60675,0.60589,0.6067,3836,1
1750964400,0.6067,0.60746,0.60618,0.60679,2661,1
1750968000,0.60679,0.60734,0.60674,0.60712,2330,1
1750971600,0.60712,0.60744,0.60677,0.60724,1698,1
1750975200,0.60724,0.60729,0.60609,0.60626,1867,1
1750978800,0.60626,0.60637,0.60552,0.60553,992,1
1750982400,0.60428,0.60568,0.60425,0.6055,1363,6
1750986000,0.60553,0.60587,0.60538,0.60561,1115,2
1750989600,0.60561,0.60632,0.6056,0.60592,1278,1
1750993200,0.60592,0.60679,0.60591,0.60668,2516,1
1750996800,0.60667,0.60711,0.60596,0.60698,3043,1
1751000400,0.60698,0.60735,0.60654,0.60719,2115,1
1751004000,0.60719,0.60763,0.60662,0.60668,1824,1
1751007600,0.60668,0.6068,0.60587,0.60596,1473,1
1751011200,0.60596,0.60647,0.60569,0.60643,1945,1
1751014800,0.60643,0.60735,0.60603,0.60732,3005,1
1751018400,0.60734,0.6078,0.60671,0.60694,2728,2
1751022000,0.60695,0.60764,0.60676,0.60721,2321,1
1751025600,0.60721,0.60726,0.60621,0.60671,1971,2
1751029200,0.60672,0.6068,0.60541,0.60579,2214,1
1751032800,0.60582,0.60639,0.60578,0.60634,1961,2
1751036400,0.60634,0.60733,0.60573,0.60693,4221,1
1751040000,0.60693,0.60725,0.6052,0.60542,4369,2
1751043600,0.60547,0.60623,0.60523,0.6057,3934,1
1751047200,0.6057,0.60653,0.6052,0.60602,2431,2
1751050800,0.60602,0.60656,0.60579,0.60625,2129,2
1751054400,0.60625,0.60636,0.60416,0.60482,3336,1
1751058000,0.60482,0.60489,0.6037,0.60452,3734,1
1751061600,0.60452,0.60535,0.6045,0.60523,2279,1
1751065200,0.60523,0.60572,0.60469,0.60482,1577,2
1751241600,0.60439,0.60571,0.60437,0.60555,376,25
1751245200,0.60556,0.60659,0.60554,0.60636,2545,1
1751248800,0.60636,0.60677,0.60618,0.60621,1230,1
1751252400,0.60622,0.60706,0.6059,0.60638,2466,1
1751256000,0.60638,0.60773,0.60611,0.60676,2820,1
1751259600,0.60676,0.60742,0.60631,0.60631,2737,1
1751263200,0.60631,0.60694,0.60621,0.60651,1889,1
1751266800,0.60651,0.60744,0.6064,0.60734,1643,1
1751270400,0.60735,0.60852,0.60732,0.6083,2093,1
1751274000,0.60828,0.60847,0.60758,0.60818,3034,2
1751277600,0.60818,0.60818,0.60625,0.60642,3439,1
1751281200,0.60642,0.60693,0.60639,0.60688,2607,2
1751284800,0.60688,0.60717,0.60592,0.60594,2164,1
1751288400,0.60594,0.60638,0.60568,0.60619,1707,1
1751292000,0.60619,0.60659,0.60609,0.60619,1903,2
1751295600,0.60619,0.60633,0.60577,0.60594,2223,1
1751299200,0.60594,0.60667,0.60568,0.60666,3000,2
1751302800,0.60666,0.60808,0.60612,0.60702,5114,1
1751306400,0.607,0.60901,0.60676,0.60898,4000,2
1751310000,0.60898,0.60903,0.60812,0.60897,2602,1
1751313600,0.60897,0.60938,0.60837,0.60859,2113,1
1751317200,0.60859,0.60947,0.60856,0.60939,2055,1
1751320800,0.60939,0.60963,0.60924,0.60952,1181,1
1751324400,0.60951,0.60987,0.60944,0.60949,706,2
1751328000,0.60828,0.60941,0.60825,0.60919,1263,7
1751331600,0.60917,0.60973,0.60917,0.60953,843,1
1751335200,0.60953,0.60962,0.60908,0.6091,882,1
1751338800,0.60909,0.60962,0.60898,0.6093,1617,1
1751342400,0.6093,0.60949,0.60791,0.60807,2262,1
1751346000,0.60807,0.60875,0.60752,0.60868,1777,1
1751349600,0.60868,0.60907,0.60842,0.60864,1565,1
1751353200,0.60864,0.60954,0.60841,0.60928,1508,1
1751356800,0.60929,0.61013,0.60922,0.60991,1862,1
1751360400,0.60991,0.61008,0.60916,0.60991,2459,2
1751364000,0.60991,0.61133,0.60973,0.61121,2698,1
1751367600,0.61121,0.61197,0.61037,0.61151,2683,1
1751371200,0.61151,0.61196,0.61087,0.61136,2761,2
1751374800,0.61136,0.61202,0.6113,0.61144,1968,1
1751378400,0.61142,0.61164,0.61087,0.61125,2039,2
1751382000,0.61125,0.61143,0.60998,0.61003,3003,2
1751385600,0.61003,0.61049,0.60947,0.6098,3938,1
1751389200,0.6098,0.61006,0.60858,0.60925,6437,2
1751392800,0.60925,0.60928,0.6081,0.60865,4303,1
1751396400,0.60865,0.60869,0.6081,0.60832,2872,1
1751400000,0.60832,0.60919,0.60818,0.60911,2067,1
1751403600,0.6091,0.6092,0.6087,0.60894,1319,1
1751407200,0.60895,0.60938,0.60868,0.60932,1299,1
1751410800,0.60931,0.60988,0.60931,0.60985,720,1
1751414400,0.60915,0.60987,0.60844,0.60961,968,5
1751418000,0.60957,0.61015,0.60949,0.61001,741,1
1751421600,0.61001,0.61009,0.60978,0.60991,888,1
1751425200,0.60993,0.61052,0.60981,0.61049,1798,1
1751428800,0.61049,0.61059,0.60912,0.60939,2297,1
1751432400,0.60939,0.60999,0.60904,0.60987,1688,1
1751436000,0.60988,0.61026,0.60959,0.61023,1186,2
1751439600,0.61023,0.6105,0.61002,0.61024,1005,1
1751443200,0.61024,0.61027,0.60935,0.6094,1570,1
1751446800,0.60941,0.60949,0.60844,0.60862,1982,2
1751450400,0.60862,0.60864,0.60786,0.60787,2841,2
1751454000,0.60787,0.60816,0.60742,0.60753,2256,1
1751457600,0.60754,0.60773,0.60712,0.60724,1865,2
1751461200,0.60725,0.60777,0.60716,0.60726,1687,2
1751464800,0.60726,0.60758,0.60593,0.60596,2330,2
1751468400,0.60596,0.60758,0.60498,0.60545,6258,1
1751472000,0.60547,0.60689,0.60513,0.6054,4755,1
1751475600,0.60541,0.60693,0.6053,0.60677,4458,2
1751479200,0.60676,0.60762,0.60659,0.60757,3181,1
1751482800,0.60757,0.60803,0.60727,0.6078,2192,1
1751486400,0.6078,0.60851,0.60778,0.60806,1896,1
1751490000,0.60803,0.60922,0.60798,0.60872,1404,1
1751493600,0.60872,0.60925,0.60863,0.60923,1009,1
1751497200,0.60923,0.60923,0.60861,0.60871,695,1
1751500800,0.60813,0.60885,0.60791,0.60853,1061,6
1751504400,0.60856,0.60923,0.60835,0.60917,938,1
1751508000,0.60917,0.60923,0.60865,0.60884,723,1
1751511600,0.60882,0.60929,0.60855,0.60887,2229,1
1751515200,0.60889,0.60895,0.60814,0.60832,2156,1
1751518800,0.60832,0.60832,0.60715,0.60743,1847,1
1751522400,0.60744,0.60752,0.60653,0.60663,1406,1
1751526000,0.60663,0.60704,0.60657,0.607,1086,2
1751529600,0.60699,0.60721,0.60649,0.60709,1309,1
1751533200,0.60709,0.60759,0.60698,0.60757,1946,2
1751536800,0.60757,0.60815,0.60724,0.60745,2376,1
1751540400,0.60745,0.60823,0.60742,0.60769,2102,1
1751544000,0.60768,0.60783,0.60697,0.60716,1948,2
1751547600,0.60716,0.60765,0.60701,0.60713,1584,2
1751551200,0.60714,0.60754,0.60665,0.60675,1880,2
1751554800,0.60675,0.607,0.60298,0.60411,6828,1
1751558400,0.60411,0.60722,0.6037,0.60683,5892,1
1751562000,0.60683,0.60768,0.60551,0.60574,5442,1
1751565600,0.60576,0.60689,0.60563,0.60667,3850,2
1751569200,0.60668,0.60677,0.606,0.60673,2277,1
1751572800,0.60673,0.60694,0.60647,0.60654,618,1
1751576400,0.60654,0.60666,0.60643,0.60653,450,1
1751580000,0.60653,0.60669,0.60624,0.60649,674,1
1751583600,0.60649,0.60714,0.60636,0.60641,609,1
1751587200,0.60613,0.60694,0.60603,0.60679,798,6
1751590800,0.60679,0.60708,0.60667,0.60701,846,1
1751594400,0.60701,0.60796,0.60698,0.60783,895,1
1751598000,0.60783,0.6082,0.6076,0.60793,1658,1
1751601600,0.60796,0.60813,0.60651,0.60661,2196,1
1751605200,0.60662,0.60725,0.60659,0.6068,1749,1
1751608800,0.6068,0.60724,0.60668,0.60697,1403,1
1751612400,0.60697,0.60725,0.60637,0.6072,1391,1
1751616000,0.6072,0.60781,0.60702,0.60707,1386,1
1751619600,0.60707,0.60793,0.60646,0.60749,1970,2
1751623200,0.60749,0.60772,0.60571,0.60607,3029,1
1751626800,0.60607,0.60674,0.60602,0.60648,2276,2
1751630400,0.60647,0.6067,0.60623,0.6064,1828,2
1751634000,0.6064,0.60676,0.6061,0.60624,1625,2
1751637600,0.60624,0.60663,0.60618,0.60631,1471,1
1751641200,0.60632,0.60645,0.60568,0.60572,1632,2
1751644800,0.60572,0.60606,0.60541,0.60573,1742,1
1751648400,0.60574,0.60614,0.60503,0.60525,2165,2
1751652000,0.60525,0.60561,0.60501,0.60544,1468,1
1751655600,0.60544,0.60569,0.60529,0.60543,875,1
1751659200,0.60544,0.6055,0.60537,0.60546,383,2
1751662800,0.60546,0.60552,0.60544,0.60548,2493,2
1751666400,0.60548,0.60573,0.6051,0.60516,6041,3
1751670000,0.60514,0.60587,0.60491,0.60496,12855,4
1751846400,0.60536,0.60588,0.60536,0.6056,429,31
1751850000,0.60561,0.60576,0.60518,0.60551,942,2
1751853600,0.60551,0.60566,0.6047,0.60495,999,1
1751857200,0.60495,0.60525,0.60396,0.60407,2216,1
1751860800,0.60407,0.60443,0.60305,0.60327,2910,1
1751864400,0.60327,0.60361,0.60199,0.60225,2256,1
1751868000,0.60225,0.60285,0.60194,0.60197,1914,1
1751871600,0.60197,0.60227,0.60093,0.601,2059,1
1751875200,0.60099,0.60168,0.60059,0.60144,1713,1
1751878800,0.60144,0.60146,0.60039,0.60117,2737,1
1751882400,0.60117,0.60165,0.6005,0.6005,3122,2
1751886000,0.60051,0.60083,0.59917,0.59919,2742,2
1751889600,0.59919,0.59983,0.59885,0.59982,2303,1
1751893200,0.59982,0.59997,0.5995,0.59979,2016,2
1751896800,0.59979,0.60044,0.59958,0.59998,1838,2
1751900400,0.59999,0.60029,0.59926,0.59967,2452,2
1751904000,0.59967,0.60137,0.59947,0.6013,2901,2
1751907600,0.6013,0.60167,0.60092,0.60147,2730,2
1751911200,0.60148,0.60161,0.60093,0.60117,2256,2
1751914800,0.6012,0.60159,0.59923,0.5994,4412,1
1751918400,0.5994,0.60048,0.59922,0.59986,3276,1
1751922000,0.59986,0.60039,0.599,0.60024,3042,1
1751925600,0.60024,0.60055,0.59989,0.60015,1595,1
1751929200,0.60015,0.60015,0.59918,0.59935,677,1
1751932800,0.59874,0.60017,0.59874,0.59969,994,2
1751936400,0.59969,0.6004,0.59963,0.60027,874,1
1751940000,0.60027,0.6008,0.60005,0.60073,1043,1
1751943600,0.60074,0.60163,0.60071,0.60097,2341,1
1751947200,0.60097,0.60141,0.60038,0.60084,2386,1
1751950800,0.60084,0.60208,0.60069,0.60154,1931,1
1751954400,0.60154,0.60203,0.60133,0.60136,1401,1
1751958000,0.60136,0.60349,0.60118,0.60167,3413,1
1751961600,0.60167,0.60197,0.60085,0.60159,2760,1
1751965200,0.60159,0.60217,0.60116,0.60126,3342,2
1751968800,0.60126,0.60286,0.60121,0.60263,3032,2
1751972400,0.60263,0.60263,0.60171,0.60193,2868,2
1751976000,0.60193,0.60232,0.60125,0.60134,2016,2
1751979600,0.60135,0.6016,0.60106,0.60124,2309,2
1751983200,0.60124,0.60197,0.60115,0.6012,1844,2
1751986800,0.6012,0.60135,0.60056,0.60108,2731,3
1751990400,0.60108,0.60109,0.59923,0.59957,3422,1
1751994000,0.59956,0.5996,0.59792,0.5984,4461,1
1751997600,0.5984,0.59961,0.59831,0.5992,3594,2
1752001200,0.5992,0.5998,0.59846,0.59951,4014,1
1752004800,0.59951,0.60038,0.59941,0.60022,4253,1
1752008400,0.60022,0.60044,0.59967,0.59992,2248,1
1752012000,0.59995,0.60001,0.59936,0.59956,1278,1
1752015600,0.59956,0.59995,0.59948,0.59975,777,1
1752019200,0.59975,0.59996,0.5988,0.59965,723,2
1752022800,0.5996,0.60009,0.59958,0.59982,718,1
1752026400,0.59981,0.59988,0.59914,0.59929,821,1
1752030000,0.59929,0.59946,0.59869,0.59914,2163,1
1752033600,0.59914,0.60022,0.59869,0.59941,2768,1
1752037200,0.59941,0.60143,0.59784,0.59874,3109,1
1752040800,0.59874,0.59877,0.59758,0.59851,2180,1
1752044400,0.59851,0.60036,0.59839,0.60015,1959,1
1752048000,0.60015,0.60077,0.59987,0.60011,2058,1
1752051600,0.60011,0.6009,0.59932,0.60079,3101,2
1752055200,0.6008,0.60104,0.59905,0.59933,3073,1
1752058800,0.59934,0.60038,0.59891,0.6,2684,1
1752062400,0.59999,0.60028,0.59967,0.60003,1933,2
1752066000,0.60003,0.60034,0.59901,0.59907,1942,1
1752069600,0.59907,0.59924,0.59816,0.59819,1709,2
1752073200,0.59819,0.59973,0.5981,0.59953,3157,2
1752076800,0.59953,0.60034,0.59917,0.59993,3869,1
1752080400,0.59993,0.60084,0.59907,0.59922,3765,1
1752084000,0.59922,0.59956,0.5988,0.59907,2391,2
1752087600,0.59907,0.59954,0.59901,0.59926,1760,1
1752091200,0.59926,0.60018,0.59919,0.59941,1784,1
1752094800,0.59939,0.60036,0.59916,0.59983,1982,1
1752098400,0.59983,0.60069,0.59973,0.60047,1049,1
1752102000,0.60047,0.60052,0.59958,0.59996,816,1
1752105600,0.59996,0.60034,0.5992,0.60004,1315,3
1752109200,0.60011,0.60038,0.59966,0.59999,1102,2
1752112800,0.59999,0.60005,0.59969,0.59989,688,1
1752116400,0.59989,0.60113,0.59971,0.60059,2831,1
1752120000,0.60059,0.60095,0.60012,0.60064,1976,1
1752123600,0.60064,0.60103,0.60051,0.60086,1611,1
1752127200,0.60086,0.60107,0.60044,0.60044,1251,1
1752130800,0.60044,0.60074,0.60007,0.60068,1009,1
1752134400,0.60068,0.60091,0.60041,0.60071,1366,1
1752138000,0.60071,0.60147,0.60067,0.6014,2142,2
1752141600,0.6014,0.60203,0.6012,0.60141,2279,2
1752145200,0.60141,0.60154,0.60101,0.60128,1534,1
1752148800,0.60129,0.60218,0.60125,0.6019,1227,2
1752152400,0.60193,0.60248,0.6018,0.60234,1360,2
1752156000,0.60234,0.60249,0.60093,0.60125,1498,2
1752159600,0.60125,0.60149,0.60032,0.60074,2633,2
1752163200,0.60074,0.60122,0.59964,0.60002,3234,2
1752166800,0.60003,0.60084,0.59965,0.60052,4278,2
1752170400,0.60052,0.60196,0.60049,0.60186,3176,2
1752174000,0.60186,0.6025,0.60178,0.60213,2084,1
1752177600,0.60214,0.6025,0.60205,0.60231,1531,1
1752181200,0.60231,0.60307,0.60229,0.60286,1563,1
1752184800,0.60287,0.60334,0.60276,0.60329,878,1
1752188400,0.60329,0.6036,0.60312,0.60348,725,2
1752192000,0.60348,0.60356,0.60283,0.60334,1162,7
1752195600,0.60334,0.60411,0.6033,0.60399,496,2
1752199200,0.60399,0.60433,0.60395,0.60406,634,1
1752202800,0.60406,0.60416,0.60074,0.60163,5246,1
1752206400,0.60163,0.60353,0.60089,0.60296,4454,1
1752210000,0.60296,0.60324,0.60175,0.60176,2667,1
1752213600,0.60176,0.60251,0.60167,0.60218,2169,1
1752217200,0.60218,0.60224,0.60109,0.6015,1777,1
1752220800,0.6015,0.60201,0.60137,0.60138,2066,1
1752224400,0.60138,0.60203,0.60091,0.60153,3144,1
1752228000,0.60153,0.60267,0.60153,0.60237,2493,1
1752231600,0.60237,0.60241,0.60097,0.60114,2380,2
1752235200,0.60114,0.60174,0.60099,0.60153,2057,2
1752238800,0.60153,0.60238,0.60152,0.60202,2137,2
1752242400,0.60202,0.60238,0.60129,0.60136,2570,1
1752246000,0.60136,0.60203,0.60049,0.60129,3294,2
1752249600,0.60129,0.60206,0.60051,0.60051,4413,1
1752253200,0.60051,0.60108,0.60007,0.60042,3894,1
1752256800,0.60042,0.60114,0.60036,0.6009,2565,2
1752260400,0.60091,0.60104,0.60029,0.60069,2271,1
1752264000,0.60069,0.60104,0.60061,0.60086,1414,1
1752267600,0.60086,0.6012,0.60074,0.60089,1638,1
1752271200,0.60089,0.60094,0.60039,0.60052,1208,1
1752274800,0.60052,0.60097,0.60001,0.60001,1911,1
1752451200,0.59943,0.60061,0.59919,0.5992,501,23
1752454800,0.5992,0.60063,0.59918,0.59974,2334,1
1752458400,0.59974,0.60068,0.5996,0.60056,1570,1
1752462000,0.60056,0.60144,0.60031,0.60071,2640,1
1752465600,0.60071,0.60092,0.5984,0.59876,3587,1
1752469200,0.59876,0.59884,0.59817,0.59849,2172,1
1752472800,0.59851,0.59908,0.59823,0.59872,1905,1
1752476400,0.59872,0.59872,0.59802,0.5981,1773,1
1752480000,0.5981,0.59881,0.59789,0.59813,2170,1
1752483600,0.59813,0.59859,0.59787,0.59815,2549,1
1752487200,0.59815,0.59925,0.5975,0.59905,3061,1
1752490800,0.59905,0.59933,0.59872,0.59882,2044,2
1752494400,0.59882,0.59939,0.59852,0.59905,1806,1
1752498000,0.59904,0.59962,0.5988,0.59933,1779,2
1752501600,0.59933,0.59952,0.5988,0.59895,1788,2
1752505200,0.59895,0.59928,0.59809,0.59841,2136,2
1752508800,0.59841,0.59874,0.59793,0.59862,2494,2
1752512400,0.59862,0.59864,0.59749,0.59777,2849,2
1752516000,0.59777,0.5989,0.59709,0.59711,2862,2
1752519600,0.59712,0.5975,0.59684,0.5973,2588,1
1752523200,0.5973,0.59766,0.59716,0.5973,1500,1
1752526800,0.5973,0.59776,0.59726,0.5976,1248,1
1752530400,0.5976,0.59781,0.5972,0.59747,957,1
1752534000,0.59747,0.59754,0.59711,0.59717,589,1
1752537600,0.59717,0.59756,0.59645,0.59711,1139,5
1752541200,0.59711,0.59738,0.59709,0.59724,2422,2
1752544800,0.59724,0.5973,0.59682,0.59703,854,2
1752548400,0.59703,0.59817,0.59697,0.59781,1804,1
1752552000,0.59781,0.59855,0.59733,0.59814,2178,1
1752555600,0.59814,0.59826,0.59755,0.59775,2088,1
1752559200,0.59775,0.5979,0.59754,0.5977,1406,2
1752562800,0.5977,0.59795,0.59749,0.59765,1421,1
1752566400,0.59765,0.59847,0.59753,0.59828,1353,1
1752570000,0.59828,0.59852,0.59808,0.59828,2154,2
1752573600,0.5983,0.5995,0.59786,0.59937,2089,2
1752577200,0.59937,0.59998,0.59924,0.59957,2017,2
1752580800,0.59956,0.59999,0.59932,0.59967,1926,2
1752584400,0.59967,0.60016,0.59967,0.60005,1446,1
1752588000,0.60005,0.60017,0.59905,0.59921,1568,1
1752591600,0.59921,0.60057,0.59872,0.59988,4448,2
1752595200,0.59989,0.59996,0.59671,0.59686,5719,1
1752598800,0.59685,0.59687,0.59465,0.59502,6100,1
1752602400,0.59502,0.5951,0.59388,0.5949,3884,2
1752606000,0.5949,0.59509,0.59385,0.59418,3098,1
1752609600,0.59418,0.5945,0.59408,0.59442,2073,1
1752613200,0.59442,0.59511,0.59429,0.59468,1484,2
1752616800,0.59468,0.59478,0.59425,0.59431,1042,1
1752620400,0.59431,0.59451,0.59411,0.59447,791,2
1752624000,0.59395,0.59502,0.59395,0.59459,931,2
1752627600,0.59459,0.59468,0.59436,0.59465,640,1
1752631200,0.59465,0.59555,0.59451,0.59541,850,2
1752634800,0.59541,0.59661,0.59527,0.59612,2130,1
1752638400,0.59613,0.59636,0.59529,0.59538,2034,1
1752642000,0.59538,0.59538,0.59446,0.59462,1483,1
1752645600,0.59462,0.5952,0.59446,0.59456,1298,2
1752649200,0.59456,0.59504,0.59443,0.59498,1277,1
1752652800,0.59498,0.59516,0.5948,0.59497,1291,1
1752656400,0.59497,0.59552,0.59474,0.59509,2316,2
1752660000,0.59509,0.5953,0.59418,0.5946,2151,2
1752663600,0.5946,0.59485,0.59397,0.59422,2145,1
1752667200,0.59422,0.59423,0.5937,0.59415,1734,1
1752670800,0.59416,0.59447,0.59379,0.59431,1484,1
1752674400,0.5943,0.59451,0.59385,0.59413,1825,2
1752678000,0.59415,0.59482,0.59359,0.59393,4335,2
1752681600,0.59393,0.5942,0.59184,0.5922,3975,1
1752685200,0.5922,0.5929,0.59125,0.5923,4556,1
1752688800,0.5923,0.59695,0.59223,0.59384,14273,1
1752692400,0.59384,0.59494,0.59312,0.59436,7809,1
1752696000,0.59436,0.59553,0.59429,0.59449,3908,1
1752699600,0.59449,0.59464,0.59371,0.59381,2478,1
1752703200,0.59381,0.59472,0.59375,0.59459,1730,1
1752706800,0.59459,0.59476,0.59438,0.59468,1144,1
1752710400,0.5935,0.5951,0.59294,0.59447,825,8
1752714000,0.59447,0.59479,0.59431,0.59442,1506,1
1752717600,0.59442,0.59471,0.59424,0.5944,856,1
1752721200,0.5944,0.59449,0.59296,0.59338,2364,1
1752724800,0.59338,0.5942,0.59275,0.59345,3428,1
1752728400,0.59345,0.59345,0.5914,0.59157,2872,1
1752732000,0.59157,0.59252,0.59116,0.59246,2024,1
1752735600,0.59246,0.59286,0.59203,0.59279,1419,1
1752739200,0.59279,0.59335,0.59265,0.59265,1691,1
1752742800,0.59265,0.59287,0.59107,0.59161,3481,1
1752746400,0.59161,0.59164,0.59094,0.59147,2878,2
1752750000,0.59148,0.59263,0.59125,0.5925,2317,2
1752753600,0.5925,0.5927,0.5918,0.59192,1504,1
1752757200,0.59192,0.59209,0.59143,0.5916,1442,2
1752760800,0.59159,0.59167,0.59072,0.59086,1734,2
1752764400,0.59086,0.59215,0.59047,0.5917,3735,1
1752768000,0.5917,0.59242,0.59109,0.59232,3842,1
1752771600,0.59234,0.59253,0.59171,0.59203,3226,2
1752775200,0.59203,0.59322,0.592,0.59282,2209,2
1752778800,0.59283,0.59316,0.59208,0.59239,1943,2
1752782400,0.59239,0.59274,0.59233,0.59245,1416,1
1752786000,0.59245,0.59273,0.59231,0.59247,1103,2
1752789600,0.59247,0.59316,0.59246,0.59307,918,1
1752793200,0.59306,0.59316,0.59293,0.59311,579,1
1752796800,0.59311,0.59333,0.59217,0.59316,589,6
1752800400,0.59316,0.59419,0.59313,0.59407,1124,2
1752804000,0.59407,0.59444,0.59404,0.59431,868,1
1752807600,0.59431,0.59558,0.59422,0.5953,2131,1
1752811200,0.5953,0.59607,0.59518,0.59557,2344,2
1752814800,0.59557,0.59634,0.59503,0.59618,2165,1
1752818400,0.59618,0.59635,0.59545,0.59549,1595,1
1752822000,0.59549,0.59553,0.59506,0.59536,1348,1
1752825600,0.59536,0.59536,0.5948,0.59515,1441,1
1752829200,0.59516,0.59575,0.59475,0.59556,2055,2
1752832800,0.59556,0.59591,0.59525,0.59589,2124,1
1752836400,0.5959,0.59671,0.5959,0.59651,2044,2
1752840000,0.59651,0.59694,0.59643,0.59666,1798,2
1752843600,0.59666,0.59754,0.59644,0.59747,1445,2
1752847200,0.59747,0.59777,0.59713,0.59742,1613,2
1752850800,0.59742,0.59821,0.59736,0.59793,2442,2
1752854400,0.59793,0.5991,0.59781,0.5987,3314,2
1752858000,0.59872,0.59903,0.59748,0.59749,4019,1
1752861600,0.59749,0.59802,0.59734,0.59762,2459,2
1752865200,0.59762,0.59776,0.59646,0.59655,2582,2
1752868800,0.59656,0.59663,0.59603,0.59639,1766,1
1752872400,0.59639,0.59649,0.59606,0.59614,1266,1
1752876000,0.59614,0.59619,0.59581,0.59613,917,2
1752879600,0.59613,0.59621,0.59534,0.59564,1157,2
1753056000,0.59625,0.59709,0.59577,0.59647,651,11
1753059600,0.59647,0.59655,0.59415,0.59472,2845,1
1753063200,0.59472,0.59522,0.59447,0.59516,1505,1
1753066800,0.59517,0.59545,0.59394,0.59426,2021,1
1753070400,0.59424,0.59492,0.59386,0.59438,2334,1
1753074000,0.59437,0.5948,0.59399,0.59464,1832,1
1753077600,0.59464,0.59516,0.59464,0.59494,1410,2
1753081200,0.59494,0.59521,0.59488,0.59514,1155,1
1753084800,0.59514,0.59585,0.59503,0.59561,1567,1
1753088400,0.59561,0.59669,0.59555,0.59634,2462,1
1753092000,0.59634,0.5967,0.59522,0.59559,2514,1
1753095600,0.59562,0.59662,0.59539,0.59633,2064,2
1753099200,0.59633,0.5964,0.59556,0.59557,1512,2
1753102800,0.59556,0.59624,0.59522,0.59621,1399,2
1753106400,0.59621,0.59717,0.59604,0.5971,2102,1
1753110000,0.5971,0.59762,0.59686,0.59703,2102,2
1753113600,0.59704,0.59705,0.59628,0.59647,2339,2
1753117200,0.59647,0.59793,0.59644,0.59742,3266,1
1753120800,0.59741,0.59848,0.59737,0.5977,2721,2
1753124400,0.5977,0.59798,0.5975,0.59788,1945,2
1753128000,0.59788,0.59797,0.59726,0.59743,1712,2
1753131600,0.59742,0.59774,0.59725,0.59752,1224,2
1753135200,0.59752,0.5976,0.59699,0.59701,897,1
1753138800,0.59701,0.5971,0.59672,0.59675,744,2
1753142400,0.59651,0.59701,0.59576,0.5966,1058,5
1753146000,0.59663,0.59683,0.59652,0.59677,634,1
1753149600,0.59678,0.59716,0.59659,0.59688,689,2
1753153200,0.59689,0.59697,0.59574,0.59601,1930,2
1753156800,0.59601,0.59651,0.5956,0.59586,1804,1
1753160400,0.59586,0.59667,0.59586,0.59621,1476,2
1753164000,0.59621,0.59622,0.59578,0.59595,1550,1
1753167600,0.59595,0.5964,0.59575,0.59585,1215,1
1753171200,0.59585,0.59596,0.595,0.595,1439,1
1753174800,0.595,0.59525,0.59436,0.59446,2042,3
1753178400,0.59446,0.59488,0.59405,0.59414,1995,1
1753182000,0.59415,0.5949,0.59407,0.5945,1905,3
1753185600,0.59451,0.5953,0.59451,0.59527,1595,3
1753189200,0.59528,0.59562,0.59481,0.59489,1604,3
1753192800,0.59489,0.59586,0.59472,0.5958,1849,2
1753196400,0.5958,0.59668,0.59578,0.59645,2488,1
1753200000,0.59647,0.59735,0.59647,0.59708,3548,2
1753203600,0.59708,0.5992,0.5965,0.59889,4107,1
1753207200,0.59889,0.60003,0.59867,0.59994,3486,2
1753210800,0.59997,0.60042,0.59975,0.60012,2688,2
1753214400,0.60013,0.60016,0.59963,0.5998,2020,1
1753218000,0.5998,0.6,0.59954,0.59989,1421,1
1753221600,0.59985,0.60029,0.59969,0.60024,937,2
1753225200,0.60024,0.60032,0.60004,0.60007,620,2
1753228800,0.59867,0.59991,0.59867,0.59948,2176,4
1753232400,0.5995,0.59998,0.59945,0.59989,1031,2
1753236000,0.59989,0.60082,0.59976,0.59978,1744,1
1753239600,0.59978,0.6007,0.59941,0.60059,2897,1
1753243200,0.60059,0.60082,0.59992,0.60054,2717,2
1753246800,0.60054,0.60079,0.59975,0.59996,2588,1
1753250400,0.59996,0.60141,0.59994,0.60065,2275,2
1753254000,0.60065,0.60181,0.60064,0.60155,1807,2
1753257600,0.60152,0.60193,0.60134,0.6015,1766,2
1753261200,0.6015,0.60226,0.60136,0.60224,2726,2
1753264800,0.60224,0.60337,0.60221,0.60312,2760,2
1753268400,0.60312,0.60346,0.60292,0.60316,2363,3
1753272000,0.60316,0.6039,0.60292,0.60383,1794,2
1753275600,0.60382,0.6046,0.60372,0.6041,1859,2
1753279200,0.6041,0.60471,0.60387,0.60436,2295,3
1753282800,0.60436,0.60459,0.60324,0.60342,2451,2
1753286400,0.60342,0.60402,0.60303,0.60368,3316,1
1753290000,0.60368,0.60433,0.60318,0.60388,3156,2
1753293600,0.60388,0.60442,0.60301,0.6037,3326,1
1753297200,0.60369,0.60412,0.60266,0.60285,4190,1
1753300800,0.60285,0.60374,0.60285,0.60364,2921,1
1753304400,0.60364,0.60449,0.60364,0.6042,1872,2
1753308000,0.60421,0.60465,0.60418,0.60441,1141,2
1753311600,0.60441,0.60474,0.6037,0.60386,911,1
1753315200,0.60386,0.60435,0.60386,0.60412,1275,2
1753318800,0.60404,0.60474,0.60404,0.60457,1500,1
1753322400,0.60457,0.60514,0.60455,0.60473,1081,1
1753326000,0.60473,0.60478,0.60414,0.60446,1902,1
1753329600,0.60445,0.6059,0.60444,0.60509,3048,1
1753333200,0.60509,0.6055,0.60457,0.60549,1791,1
1753336800,0.60549,0.60592,0.60515,0.60517,1809,2
1753340400,0.60517,0.60546,0.60484,0.60544,1628,2
1753344000,0.60544,0.60587,0.60509,0.60556,1800,1
1753347600,0.60556,0.60577,0.60443,0.60459,2771,1
1753351200,0.60459,0.60522,0.60442,0.60483,2581,2
1753354800,0.60482,0.60576,0.60456,0.60556,2623,2
1753358400,0.60556,0.60558,0.60475,0.60514,1956,2
1753362000,0.60515,0.60524,0.60414,0.60429,1570,1
1753365600,0.60429,0.6051,0.60413,0.6051,1739,2
1753369200,0.60509,0.60543,0.60426,0.6043,2980,2
1753372800,0.6043,0.60496,0.604,0.60452,4666,1
1753376400,0.60452,0.60561,0.60411,0.6045,3674,1
1753380000,0.6045,0.60457,0.60354,0.60397,3516,1
1753383600,0.60399,0.60418,0.60341,0.60388,2360,1
1753387200,0.60388,0.60439,0.6038,0.60417,1569,1
1753390800,0.60417,0.60423,0.60389,0.60409,1189,1
1753394400,0.6041,0.60416,0.60349,0.60352,1167,1
1753398000,0.60352,0.60364,0.60255,0.60255,1151,1
1753401600,0.60255,0.60322,0.60249,0.60296,994,1
1753405200,0.60294,0.60316,0.6026,0.60312,952,1
1753408800,0.60312,0.60371,0.60312,0.60355,950,1
1753412400,0.60355,0.6039,0.60314,0.60347,2154,1
1753416000,0.60347,0.6036,0.60249,0.60264,2426,1
1753419600,0.60264,0.6027,0.60202,0.60234,2260,1
1753423200,0.60235,0.60285,0.60212,0.60278,1630,1
1753426800,0.60278,0.60306,0.6015,0.60201,1838,1
1753430400,0.60201,0.6031,0.60193,0.60266,1821,1
1753434000,0.60266,0.6029,0.60194,0.60244,2664,2
1753437600,0.60244,0.60254,0.6011,0.60118,3086,2
1753441200,0.60119,0.6015,0.60061,0.601,2648,1
1753444800,0.601,0.6011,0.60038,0.60097,1829,1
1753448400,0.60097,0.60137,0.60074,0.60129,1500,2
1753452000,0.60129,0.6016,0.60053,0.60146,1925,2
1753455600,0.60147,0.60149,0.60026,0.60043,2159,2
1753459200,0.60043,0.60112,0.59976,0.60087,5362,1
1753462800,0.60089,0.60149,0.60059,0.60077,3600,2
1753466400,0.60076,0.60094,0.60024,0.60058,2678,3
1753470000,0.60058,0.60105,0.60021,0.601,2036,1
1753473600,0.601,0.60136,0.60087,0.60116,1583,2
1753477200,0.60116,0.60155,0.60109,0.60143,1423,2
1753480800,0.60143,0.60161,0.60129,0.6015,779,2
1753484400,0.60148,0.60163,0.60119,0.60134,957,1
1753660800,0.60103,0.60162,0.60091,0.6016,623,11
1753664400,0.60159,0.6023,0.60155,0.60195,1941,1
1753668000,0.60194,0.60227,0.6018,0.60184,1084,1
1753671600,0.60184,0.6027,0.60184,0.60269,2987,1
1753675200,0.60269,0.60327,0.60124,0.60134,2645,1
1753678800,0.60134,0.60214,0.60111,0.602,1994,1
1753682400,0.602,0.60216,0.60111,0.60144,1508,1
1753686000,0.60144,0.60155,0.60081,0.60108,1397,1
1753689600,0.60108,0.60127,0.60066,0.60083,1402,1
1753693200,0.60082,0.60093,0.59944,0.59996,2701,2
1753696800,0.59996,0.60039,0.59721,0.59732,3795,2
1753700400,0.59732,0.59809,0.5968,0.59758,3060,2
1753704000,0.59757,0.59801,0.59714,0.59758,2522,1
1753707600,0.59758,0.59831,0.59738,0.5977,2529,1
1753711200,0.5977,0.59841,0.5973,0.59814,2839,2
1753714800,0.59815,0.59852,0.59785,0.59849,3360,1
1753718400,0.5985,0.59885,0.59709,0.59728,3760,2
1753722000,0.59728,0.59868,0.59724,0.59798,4049,2
1753725600,0.59798,0.59829,0.59705,0.5972,3333,2
1753729200,0.5972,0.59732,0.59682,0.59714,2003,1
1753732800,0.59714,0.59731,0.59664,0.5968,1736,1
1753736400,0.5968,0.59707,0.59665,0.59693,1454,1
1753740000,0.59696,0.5972,0.59667,0.59716,887,1
1753743600,0.59716,0.59734,0.59685,0.59692,1007,1
1753747200,0.59628,0.59715,0.59626,0.59709,642,8
1753750800,0.59708,0.59737,0.59695,0.59731,1017,1
1753754400,0.59731,0.59738,0.59703,0.59719,828,1
1753758000,0.59719,0.59722,0.59613,0.59626,1774,2
1753761600,0.59626,0.59722,0.59626,0.59686,2027,1
1753765200,0.59686,0.59762,0.59684,0.59749,1910,1
1753768800,0.59747,0.5976,0.59651,0.59674,1671,1
1753772400,0.59674,0.59695,0.59629,0.5969,1819,1
1753776000,0.5969,0.59719,0.59662,0.59705,1536,1
1753779600,0.59701,0.59711,0.59505,0.59512,3522,1
1753783200,0.59513,0.59539,0.59453,0.5948,3491,1
1753786800,0.59481,0.5961,0.59458,0.59594,2637,2
1753790400,0.59596,0.5964,0.59572,0.59584,2343,2
1753794000,0.59584,0.59634,0.59557,0.59564,1948,2
1753797600,0.59565,0.59572,0.59461,0.59475,2464,2
1753801200,0.59475,0.59502,0.5945,0.59456,2296,2
1753804800,0.59456,0.59528,0.59427,0.5951,3044,2
1753808400,0.5951,0.59583,0.59424,0.59509,5037,1
1753812000,0.59509,0.59572,0.59489,0.5953,3876,2
1753815600,0.5953,0.59563,0.595,0.59523,2563,1
1753819200,0.59523,0.59613,0.59517,0.59535,2589,1
1753822800,0.59535,0.59585,0.59519,0.59585,1594,1
1753826400,0.59585,0.59598,0.5956,0.59564,1123,1
1753830000,0.59564,0.59573,0.59536,0.59549,707,1
1753833600,0.59438,0.59554,0.59438,0.5955,1264,5
1753837200,0.59545,0.59577,0.59527,0.5953,583,1
1753840800,0.5953,0.5955,0.59516,0.59543,815,2
1753844400,0.59543,0.59669,0.59543,0.59665,2346,1
1753848000,0.59665,0.59708,0.59584,0.59653,3146,1
1753851600,0.59651,0.59697,0.59634,0.5967,2002,1
1753855200,0.5967,0.59714,0.59638,0.59661,1594,2
1753858800,0.59661,0.59666,0.59603,0.5961,1667,1
1753862400,0.5961,0.59666,0.5959,0.59616,1808,1
1753866000,0.59616,0.59656,0.59563,0.59621,2562,1
1753869600,0.59621,0.59661,0.59561,0.59571,2396,2
1753873200,0.59571,0.59597,0.59511,0.59577,1826,2
1753876800,0.59577,0.59607,0.5953,0.59564,1924,3
1753880400,0.59564,0.59573,0.59457,0.59481,1880,1
1753884000,0.59481,0.59502,0.59424,0.59458,1828,2
1753887600,0.59459,0.59469,0.59242,0.59263,4359,1
1753891200,0.59263,0.59267,0.59105,0.59139,4527,2
1753894800,0.5914,0.59202,0.5913,0.59189,3876,1
1753898400,0.59189,0.59197,0.59086,0.59108,2560,1
1753902000,0.59109,0.59158,0.59093,0.59153,2078,1
1753905600,0.59153,0.59232,0.59153,0.59216,1874,1
1753909200,0.59217,0.59295,0.58923,0.58923,9211,1
1753912800,0.58922,0.58965,0.58883,0.58925,4808,1
1753916400,0.58924,0.59005,0.58906,0.58906,1674,1
1753920000,0.58906,0.58972,0.589,0.58951,832,8
1753923600,0.58955,0.59061,0.5895,0.59051,1109,1
1753927200,0.59051,0.5909,0.59022,0.59071,1426,1
1753930800,0.59071,0.59106,0.59027,0.59055,2742,1
1753934400,0.59057,0.59076,0.58976,0.59067,3244,1
1753938000,0.59067,0.59145,0.59056,0.59135,2637,1
1753941600,0.59136,0.59157,0.5907,0.59154,2097,1
1753945200,0.59154,0.59262,0.59125,0.59257,1948,1
1753948800,0.59257,0.59302,0.59209,0.59287,2182,1
1753952400,0.59287,0.59371,0.59264,0.59313,3162,1
1753956000,0.59312,0.59312,0.59157,0.59205,2892,2
1753959600,0.59205,0.59207,0.59096,0.59132,2680,1
1753963200,0.59132,0.59138,0.59048,0.59051,1874,2
1753966800,0.59051,0.59069,0.58954,0.59007,2240,2
1753970400,0.59007,0.59101,0.58982,0.59082,2290,2
1753974000,0.59081,0.59099,0.58974,0.59004,3671,1
1753977600,0.59004,0.59043,0.58897,0.58917,3739,1
1753981200,0.58917,0.59037,0.58902,0.59016,4093,2
1753984800,0.59015,0.59041,0.5892,0.58927,3564,1
1753988400,0.58926,0.58979,0.58906,0.58957,2446,1
1753992000,0.58957,0.58974,0.58888,0.58896,2380,1
1753995600,0.58897,0.58964,0.58881,0.58938,1720,1
1753999200,0.58939,0.5898,0.58901,0.58902,1666,1
1754002800,0.58903,0.5893,0.58879,0.58879,1247,2
1754006400,0.58886,0.58917,0.58861,0.58905,940,7
1754010000,0.58908,0.58927,0.58841,0.58892,1037,1
1754013600,0.58894,0.58942,0.58849,0.58867,1908,1
1754017200,0.58867,0.58927,0.58824,0.58899,2583,1
1754020800,0.58899,0.58924,0.58759,0.58766,2727,1
1754024400,0.58766,0.58818,0.5874,0.58764,2026,1
1754028000,0.58764,0.58852,0.58764,0.58816,1664,1
1754031600,0.58816,0.58837,0.58792,0.58812,1300,1
1754035200,0.58812,0.58824,0.5878,0.58812,1639,1
1754038800,0.58812,0.5884,0.58723,0.58742,2604,2
1754042400,0.58743,0.58762,0.58663,0.58679,2728,2
1754046000,0.58681,0.58699,0.58639,0.58643,1814,2
1754049600,0.58643,0.58689,0.58586,0.58622,2019,1
1754053200,0.58623,0.5867,0.58611,0.58644,1873,2
1754056800,0.58644,0.5872,0.58633,0.58637,1928,2
1754060400,0.58636,0.59227,0.58563,0.59209,8180,1
1754064000,0.59213,0.59288,0.59034,0.59092,10331,1
1754067600,0.59123,0.59183,0.58971,0.59028,8645,1
1754071200,0.59028,0.59129,0.58956,0.59089,4378,2
1754074800,0.59088,0.5913,0.59023,0.59042,3348,1
1754078400,0.59044,0.59049,0.58893,0.58941,3573,2
1754082000,0.58942,0.59065,0.58905,0.58931,2919,1
1754085600,0.58932,0.59156,0.58918,0.59094,3422,1
1754089200,0.59094,0.59223,0.59077,0.59077,2476,1
1754265600,0.59058,0.591,0.59052,0.59091,582,18
1754269200,0.59091,0.59202,0.59063,0.59089,2170,1
1754272800,0.59089,0.59173,0.59081,0.59141,1600,1
1754276400,0.59141,0.59154,0.59025,0.59107,3180,1
1754280000,0.59107,0.59227,0.59036,0.59209,3676,1
1754283600,0.59209,0.59221,0.59129,0.59136,2425,1
1754287200,0.59137,0.59211,0.59137,0.59178,2010,1
1754290800,0.59178,0.5921,0.59141,0.59145,1589,1
1754294400,0.59145,0.59154,0.59071,0.59116,1971,1
1754298000,0.59116,0.59175,0.59069,0.59131,2874,1
1754301600,0.59133,0.5916,0.59043,0.59067,3212,1
1754305200,0.59068,0.59119,0.59036,0.59114,2547,2
1754308800,0.59114,0.59194,0.59083,0.59123,2467,1
1754312400,0.59123,0.59179,0.59064,0.59177,2086,2
1754316000,0.59177,0.59217,0.5914,0.59203,2532,2
1754319600,0.59203,0.59249,0.59159,0.59186,2875,1
1754323200,0.59186,0.59304,0.59176,0.59234,3337,2
1754326800,0.59234,0.59265,0.59105,0.59123,4312,2
1754330400,0.59123,0.59143,0.59031,0.59053,4140,1
1754334000,0.59053,0.59076,0.59022,0.59049,2375,0
1754337600,0.59049,0.59055,0.59001,0.59036,1912,1
1754341200,0.59035,0.59059,0.58987,0.58996,2108,1
1754344800,0.58996,0.59049,0.58996,0.59034,1144,1
1754348400,0.59034,0.59081,0.59021,0.5907,905,1
1754352000,0.5907,0.59075,0.59012,0.59073,913,10
1754355600,0.59073,0.59122,0.59063,0.59114,811,2
1754359200,0.59114,0.59168,0.59104,0.5916,1234,1
1754362800,0.5916,0.59225,0.5911,0.59134,2297,1
1754366400,0.59134,0.59155,0.59039,0.59059,2522,1
1754370000,0.59059,0.59059,0.58961,0.58991,1867,1
1754373600,0.58991,0.59013,0.58937,0.58944,1404,1
1754377200,0.58944,0.59005,0.58913,0.5899,1207,2
1754380800,0.5899,0.5899,0.58915,0.58943,1736,2
1754384400,0.58943,0.59029,0.58874,0.58907,2658,2
1754388000,0.58908,0.59021,0.58865,0.58926,2692,2
1754391600,0.58926,0.58935,0.58838,0.58867,2988,1
1754395200,0.58867,0.58949,0.58853,0.58918,2060,2
1754398800,0.58918,0.58957,0.58895,0.58918,1928,2
1754402400,0.58918,0.5892,0.58811,0.58902,2129,1
1754406000,0.58903,0.58963,0.58882,0.58918,3700,1
1754409600,0.58918,0.59007,0.58889,0.58921,3575,1
1754413200,0.58921,0.59028,0.5886,0.58906,6811,1
1754416800,0.58906,0.59004,0.58904,0.58988,3843,1
1754420400,0.58988,0.59046,0.58973,0.58999,2394,1
1754424000,0.58999,0.59023,0.58974,0.58983,1748,1
1754427600,0.58983,0.58989,0.58914,0.58934,1994,1
1754431200,0.58934,0.58957,0.58908,0.58946,1395,1
1754434800,0.58946,0.59017,0.58933,0.59004,940,1
1754438400,0.59004,0.59015,0.58895,0.58995,1968,6
1754442000,0.58995,0.59071,0.58903,0.59017,1058,1
1754445600,0.59017,0.59115,0.59003,0.59075,1132,1
1754449200,0.59075,0.59152,0.59067,0.59106,2083,1
1754452800,0.59106,0.59127,0.59045,0.59115,1858,1
1754456400,0.59115,0.59196,0.59099,0.5918,1664,1
1754460000,0.5918,0.59236,0.5918,0.59218,1300,1
1754463600,0.59218,0.59266,0.5921,0.59249,1197,1
1754467200,0.59249,0.59251,0.59155,0.59173,1337,1
1754470800,0.59171,0.59226,0.59165,0.59189,2094,2
1754474400,0.59189,0.59253,0.59157,0.59241,2311,2
1754478000,0.59241,0.59246,0.59154,0.59188,2071,1
1754481600,0.59189,0.59234,0.59176,0.59216,1839,2
1754485200,0.59216,0.59344,0.59203,0.5933,2156,2
1754488800,0.5933,0.59357,0.59285,0.5932,2036,2
1754492400,0.5932,0.59343,0.59251,0.59329,2529,2
1754496000,0.59329,0.59375,0.59283,0.59306,3343,2
1754499600,0.59307,0.59308,0.59211,0.59255,3705,2
1754503200,0.59255,0.5938,0.59223,0.59371,4023,1
1754506800,0.59371,0.59376,0.59284,0.59306,2687,1
1754510400,0.59306,0.59378,0.59294,0.59355,2442,2
1754514000,0.59355,0.59411,0.59349,0.59362,1781,2
1754517600,0.59362,0.5938,0.59321,0.59338,1154,1
1754521200,0.59338,0.59347,0.5928,0.5928,1245,1
1754524800,0.5928,0.59318,0.59225,0.59288,999,6
1754528400,0.59288,0.59339,0.59283,0.59327,2116,1
1754532000,0.59327,0.59345,0.59269,0.59275,1375,1
1754535600,0.59274,0.59302,0.59228,0.59278,1844,1
1754539200,0.59278,0.59442,0.59275,0.594,2030,1
1754542800,0.594,0.5944,0.59348,0.59392,1825,1
1754546400,0.59392,0.59446,0.59358,0.59443,1383,1
1754550000,0.59443,0.59514,0.59437,0.59494,1504,1
1754553600,0.59494,0.59503,0.59425,0.59502,1577,1
1754557200,0.59502,0.59589,0.5948,0.5955,2176,2
1754560800,0.59551,0.59637,0.5953,0.59637,2214,1
1754564400,0.59637,0.59673,0.59519,0.59572,2762,2
1754568000,0.59575,0.59583,0.59509,0.59509,1751,2
1754571600,0.59509,0.59561,0.59495,0.59554,1597,2
1754575200,0.59554,0.59608,0.59451,0.59506,3044,2
1754578800,0.59506,0.59591,0.59492,0.59546,3228,2
1754582400,0.59546,0.5961,0.59505,0.59517,3940,1
1754586000,0.59517,0.59527,0.59346,0.59362,5560,1
1754589600,0.59363,0.59447,0.59315,0.59431,3244,1
1754593200,0.59429,0.59475,0.59404,0.59444,1843,2
1754596800,0.59444,0.59477,0.59418,0.59459,2430,1
1754600400,0.59459,0.59476,0.59383,0.59408,1902,1
1754604000,0.59409,0.5957,0.59391,0.59567,2565,1
1754607600,0.59567,0.59639,0.59567,0.59605,1611,2
1754611200,0.59566,0.59609,0.594,0.59597,1672,6
1754614800,0.59597,0.59656,0.59587,0.59639,2768,1
1754618400,0.59639,0.59718,0.59633,0.59686,1225,1
1754622000,0.59687,0.59706,0.59605,0.59628,2095,1
1754625600,0.59628,0.5966,0.59535,0.59594,2148,1
1754629200,0.59594,0.59679,0.59587,0.59651,1607,1
1754632800,0.59651,0.59651,0.59577,0.59604,1273,1
1754636400,0.59604,0.59646,0.59577,0.59582,1222,1
1754640000,0.59582,0.59597,0.5953,0.59561,1490,1
1754643600,0.59561,0.59613,0.59561,0.59591,1629,2
1754647200,0.59591,0.59667,0.59588,0.59629,2368,2
1754650800,0.59629,0.59683,0.59493,0.59524,2086,2
1754654400,0.59523,0.5958,0.59514,0.59556,1983,2
1754658000,0.59556,0.59591,0.59536,0.59576,1603,2
1754661600,0.59576,0.59583,0.59529,0.59541,1581,2
1754665200,0.59542,0.59558,0.59481,0.59522,2677,2
1754668800,0.59522,0.59629,0.5952,0.59563,2753,2
1754672400,0.59563,0.59609,0.595,0.59515,3225,1
1754676000,0.59515,0.59579,0.59509,0.59537,2035,2
1754679600,0.59538,0.59558,0.59501,0.59513,1752,2
1754683200,0.59513,0.59593,0.59503,0.59542,1179,1
1754686800,0.59543,0.59589,0.59529,0.59558,1694,2
1754690400,0.59558,0.59558,0.59471,0.59497,1124,1
1754694000,0.59497,0.59538,0.59475,0.59513,1200,2
1754870400,0.59538,0.59573,0.5946,0.59481,1004,19
1754874000,0.59481,0.59523,0.5948,0.59522,910,1
1754877600,0.59522,0.59529,0.59467,0.59471,639,1
1754881200,0.59471,0.59496,0.59441,0.59466,1749,1
1754884800,0.59466,0.59545,0.5946,0.59535,1807,1
1754888400,0.59535,0.59562,0.59503,0.5951,1427,2
1754892000,0.5951,0.59573,0.59481,0.59566,1436,1
1754895600,0.59566,0.59589,0.59511,0.59517,1010,1
1754899200,0.59517,0.59526,0.59493,0.59525,1147,2
1754902800,0.59525,0.59565,0.5947,0.59474,1674,2
1754906400,0.59473,0.59475,0.59391,0.59406,2444,2
1754910000,0.59405,0.59468,0.59404,0.59456,1768,2
1754913600,0.59455,0.59469,0.5938,0.59406,1646,2
1754917200,0.59406,0.59437,0.59401,0.59416,1121,1
1754920800,0.59416,0.5942,0.5928,0.59322,1814,2
1754924400,0.59322,0.59337,0.59248,0.59302,2225,1
1754928000,0.59302,0.59351,0.5928,0.59341,2969,2
1754931600,0.59341,0.59346,0.59258,0.59295,3018,1
1754935200,0.59295,0.59353,0.59264,0.59342,2298,1
1754938800,0.59342,0.59386,0.59327,0.5934,1776,2
1754942400,0.5934,0.59368,0.59293,0.59359,1689,2
1754946000,0.59359,0.59391,0.59344,0.59386,1428,2
1754949600,0.59386,0.59386,0.59325,0.59356,813,2
1754953200,0.59356,0.59397,0.59352,0.59368,568,2
1754956800,0.59367,0.59378,0.59243,0.59371,1113,7
1754960400,0.59371,0.59386,0.59353,0.59379,717,2
1754964000,0.59379,0.59407,0.59377,0.59387,671,1
1754967600,0.59387,0.5944,0.59379,0.59418,1768,1
1754971200,0.59418,0.5946,0.59362,0.59416,1931,1
1754974800,0.59416,0.59456,0.59383,0.59415,1250,2
1754978400,0.59415,0.59443,0.59364,0.59364,1138,2
1754982000,0.59364,0.59388,0.59287,0.59384,1824,1
1754985600,0.59385,0.59395,0.59257,0.59295,2562,1
1754989200,0.59295,0.59327,0.59268,0.59273,2789,2
1754992800,0.59273,0.59363,0.59265,0.59335,2169,2
1754996400,0.59336,0.59342,0.59217,0.59224,1717,2
1755000000,0.59224,0.59237,0.59179,0.59206,1453,2
1755003600,0.59204,0.59264,0.59189,0.59189,1313,2
1755007200,0.59189,0.59195,0.59129,0.5918,1597,2
1755010800,0.5918,0.59449,0.59178,0.59368,6714,1
1755014400,0.5937,0.59439,0.59217,0.59319,7315,1
1755018000,0.5932,0.59438,0.59308,0.59424,5198,1
1755021600,0.59424,0.59658,0.59414,0.59558,4164,1
1755025200,0.59558,0.59601,0.5952,0.5956,2773,1
1755028800,0.59561,0.59564,0.59519,0.59551,2109,1
1755032400,0.59551,0.59586,0.59523,0.59542,1345,2
1755036000,0.59542,0.59552,0.59515,0.59536,972,1
1755039600,0.59536,0.59553,0.59478,0.59478,619,2
1755043200,0.59455,0.59581,0.59451,0.59536,1085,7
1755046800,0.59536,0.59558,0.59529,0.59551,629,1
1755050400,0.59551,0.59578,0.59541,0.59572,762,2
1755054000,0.59572,0.59581,0.59504,0.59521,1511,1
1755057600,0.59521,0.59545,0.59448,0.59459,1591,1
1755061200,0.59459,0.59611,0.59453,0.59588,1301,1
1755064800,0.59588,0.59601,0.59558,0.59582,1200,2
1755068400,0.59582,0.59605,0.59566,0.59577,1060,2
1755072000,0.59577,0.59581,0.59532,0.59564,1033,1
1755075600,0.59564,0.59768,0.59557,0.59743,2096,2
1755079200,0.59743,0.5986,0.59741,0.59828,2540,2
1755082800,0.59828,0.59881,0.59822,0.5984,2031,2
1755086400,0.5984,0.59956,0.59835,0.59944,1620,2
1755090000,0.59945,0.59947,0.5987,0.59874,1415,2
1755093600,0.59874,0.5989,0.59828,0.59876,1413,2
1755097200,0.59876,0.59888,0.59749,0.59773,2056,2
1755100800,0.59775,0.59823,0.59753,0.59803,2376,2
1755104400,0.59803,0.59886,0.59774,0.59819,3043,2
1755108000,0.59819,0.59819,0.5974,0.59757,2392,2
1755111600,0.59757,0.59797,0.59751,0.59755,1634,2
1755115200,0.59755,0.59762,0.5971,0.59712,1402,2
1755118800,0.59712,0.59722,0.597,0.59716,1137,1
1755122400,0.59716,0.59746,0.59712,0.59732,875,1
1755126000,0.59732,0.59778,0.59701,0.59701,535,2
1755129600,0.59701,0.59786,0.59667,0.59753,1198,8
1755133200,0.59752,0.59761,0.59726,0.59761,715,2
1755136800,0.59761,0.59804,0.59754,0.59797,554,1
1755140400,0.59797,0.59861,0.59797,0.59837,1838,1
1755144000,0.59837,0.59909,0.59837,0.59875,2327,1
1755147600,0.59875,0.59875,0.59751,0.59792,1854,1
1755151200,0.59792,0.59794,0.59731,0.59738,1575,1
1755154800,0.59738,0.59795,0.59717,0.59771,1271,1
1755158400,0.59771,0.59774,0.59669,0.5968,1505,1
1755162000,0.5968,0.59725,0.59568,0.59571,3044,2
1755165600,0.59571,0.59619,0.59498,0.59535,2863,2
1755169200,0.59536,0.5959,0.59477,0.5948,2074,2
1755172800,0.5948,0.59555,0.5948,0.59499,1766,1
1755176400,0.59499,0.59552,0.59477,0.59501,1705,2
1755180000,0.59502,0.59526,0.59468,0.59488,1489,2
1755183600,0.59488,0.59521,0.5929,0.59309,5067,1
1755187200,0.59308,0.59309,0.59176,0.59193,4766,2
1755190800,0.59193,0.59316,0.59157,0.59281,3719,1
1755194400,0.59281,0.59287,0.59115,0.59145,3392,1
1755198000,0.59145,0.59158,0.59085,0.59129,2427,1
1755201600,0.59129,0.59188,0.59126,0.59156,1744,1
1755205200,0.59155,0.59166,0.59113,0.59144,1452,1
1755208800,0.59144,0.59208,0.59141,0.59197,874,2
1755212400,0.59197,0.59198,0.59163,0.59163,678,2
1755216000,0.59163,0.59233,0.59079,0.59188,1017,9
1755219600,0.59186,0.59219,0.59167,0.59192,793,2
1755223200,0.59192,0.59223,0.59186,0.59204,567,2
1755226800,0.59204,0.59225,0.59171,0.59208,1396,1
1755230400,0.59209,0.59249,0.59173,0.5921,1486,1
1755234000,0.5921,0.59216,0.59073,0.59164,1606,1
1755237600,0.59164,0.5925,0.59164,0.59237,1268,1
1755241200,0.59237,0.59248,0.59192,0.59208,938,1
1755244800,0.59208,0.59222,0.59182,0.59217,1011,1
1755248400,0.59216,0.59256,0.59159,0.59227,1705,2
1755252000,0.59226,0.59287,0.59222,0.59284,1840,2
1755255600,0.59284,0.593,0.59252,0.59272,1481,2
1755259200,0.59272,0.59293,0.59225,0.59237,1259,2
1755262800,0.59237,0.59287,0.59217,0.59277,1279,2
1755266400,0.59277,0.59311,0.59242,0.59274,1253,2
1755270000,0.59274,0.59333,0.59176,0.59295,3720,1
1755273600,0.59295,0.59348,0.59259,0.59294,4016,1
1755277200,0.59294,0.5939,0.59274,0.59327,3873,2
1755280800,0.59327,0.59366,0.59278,0.59285,2279,1
1755284400,0.59285,0.59302,0.59243,0.59269,1593,2
1755288000,0.5927,0.5927,0.59224,0.5925,1275,1
1755291600,0.5925,0.59253,0.59206,0.59236,1177,1
1755295200,0.59236,0.59253,0.59221,0.5924,726,1
1755298800,0.5924,0.5927,0.59199,0.59202,786,2
1755475200,0.59203,0.59208,0.5917,0.59199,343,10
1755478800,0.59199,0.59291,0.59199,0.5929,921,2
1755482400,0.5929,0.59303,0.59251,0.59285,680,2
1755486000,0.59285,0.59363,0.59279,0.59315,1466,1
1755489600,0.59315,0.59379,0.59298,0.59366,1664,1
1755493200,0.59366,0.59367,0.59282,0.59297,976,2
1755496800,0.59297,0.59344,0.59296,0.59333,1033,1
1755500400,0.59333,0.59411,0.59307,0.59393,1139,1
1755504000,0.59393,0.59425,0.59369,0.59373,1129,1
1755507600,0.59373,0.59406,0.59328,0.5935,1905,2
1755511200,0.5935,0.59395,0.59328,0.59336,2063,1
1755514800,0.59336,0.59424,0.59293,0.59402,2036,2
1755518400,0.59402,0.5941,0.59351,0.59372,1679,2
1755522000,0.59372,0.59409,0.59363,0.59367,1272,1
1755525600,0.59367,0.59394,0.59324,0.59339,1318,1
1755529200,0.59339,0.59374,0.59296,0.59317,1897,2
1755532800,0.59317,0.59322,0.5926,0.59264,2058,2
1755536400,0.59264,0.59293,0.59114,0.59131,2664,1
1755540000,0.59131,0.59236,0.59096,0.5923,2323,2
1755543600,0.5923,0.59249,0.59189,0.59199,1708,1
1755547200,0.59199,0.59241,0.59193,0.59198,1596,1
1755550800,0.59198,0.5923,0.59177,0.592,1131,1
1755554400,0.592,0.5925,0.592,0.59241,780,1
1755558000,0.59241,0.59255,0.59213,0.59217,506,2
1755561600,0.59217,0.59217,0.59124,0.59199,956,10
1755565200,0.59199,0.5927,0.59196,0.59226,827,1
1755568800,0.59226,0.59252,0.59163,0.5923,844,2
1755572400,0.5923,0.59285,0.59222,0.59271,1853,1
1755576000,0.59271,0.59289,0.59164,0.59224,2473,2
1755579600,0.59223,0.59257,0.59195,0.59257,1720,1
1755583200,0.59257,0.59288,0.59221,0.59222,1516,1
1755586800,0.59222,0.59276,0.59204,0.59254,1227,2
1755590400,0.59254,0.59275,0.59167,0.59172,1355,1
1755594000,0.59173,0.59274,0.5915,0.5926,2107,2
1755597600,0.5926,0.59304,0.59185,0.59212,2186,1
1755601200,0.59213,0.59222,0.59143,0.5918,1772,1
1755604800,0.5918,0.59243,0.5918,0.59238,1937,2
1755608400,0.59238,0.59294,0.59214,0.59233,1536,2
1755612000,0.59232,0.59269,0.592,0.59255,1421,2
1755615600,0.59256,0.59291,0.59194,0.59216,2320,2
1755619200,0.59216,0.59224,0.59136,0.59197,2743,2
1755622800,0.59195,0.59207,0.59082,0.59097,2946,1
1755626400,0.59098,0.59099,0.58993,0.58999,2213,2
1755630000,0.58999,0.59046,0.58982,0.58995,1717,1
1755633600,0.58995,0.59036,0.58978,0.59018,1520,1
1755637200,0.59018,0.59018,0.58931,0.5894,1216,2
1755640800,0.5894,0.58969,0.58925,0.58955,738,2
1755644400,0.58955,0.58965,0.58898,0.58898,817,1
1755648000,0.58898,0.58972,0.58889,0.58929,1325,10
1755651600,0.58929,0.58959,0.58916,0.58958,523,2
1755655200,0.58958,0.58971,0.58923,0.5897,559,1
1755658800,0.5897,0.5898,0.58899,0.58926,2023,1
1755662400,0.58926,0.58953,0.58836,0.58884,2228,1
1755666000,0.58882,0.58884,0.5823,0.58321,4748,1
1755669600,0.58321,0.58381,0.58202,0.58274,3163,1
1755673200,0.58274,0.58372,0.58269,0.58272,1530,1
1755676800,0.58272,0.58355,0.58222,0.58349,1638,1
1755680400,0.58347,0.58353,0.58234,0.58279,2673,2
1755684000,0.5828,0.58319,0.58173,0.58232,2338,2
1755687600,0.58232,0.583,0.58149,0.58293,2215,1
1755691200,0.58293,0.58317,0.58237,0.5831,1704,2
1755694800,0.5831,0.58314,0.58246,0.58266,1356,2
1755698400,0.58266,0.58294,0.58216,0.58219,1400,2
1755702000,0.58219,0.58404,0.58219,0.58365,2729,2
1755705600,0.58365,0.58366,0.58194,0.58204,2705,1
1755709200,0.58204,0.58285,0.58184,0.58282,3587,1
1755712800,0.5828,0.58336,0.58193,0.58208,2327,2
1755716400,0.58208,0.58299,0.58208,0.58286,1770,1
1755720000,0.58285,0.58341,0.58281,0.58334,1623,1
1755723600,0.5833,0.5833,0.58251,0.58251,1843,1
1755727200,0.58249,0.58309,0.58249,0.58261,994,1
1755730800,0.58261,0.58262,0.58208,0.58221,676,1
1755734400,0.58221,0.58258,0.5813,0.58196,691,6
1755738000,0.58196,0.5825,0.58192,0.58242,841,1
1755741600,0.58242,0.58282,0.58204,0.58274,1000,1
1755745200,0.58274,0.58284,0.58162,0.5821,1957,1
1755748800,0.5821,0.58327,0.58184,0.58306,2120,1
1755752400,0.58305,0.5831,0.58184,0.58187,1535,1
1755756000,0.58188,0.58221,0.58146,0.58171,965,1
1755759600,0.58171,0.58202,0.58162,0.5817,806,1
1755763200,0.5817,0.58236,0.58132,0.58236,1189,1
1755766800,0.58236,0.58252,0.58178,0.58201,1927,2
1755770400,0.58201,0.58225,0.58135,0.58198,2364,2
1755774000,0.582,0.58252,0.58171,0.58238,1621,2
1755777600,0.58239,0.58296,0.58229,0.58267,1352,2
1755781200,0.58266,0.58289,0.5824,0.58272,1268,2
1755784800,0.58271,0.58306,0.58204,0.58204,1747,1
1755788400,0.58205,0.58316,0.58169,0.582,2931,2
1755792000,0.58201,0.58268,0.58158,0.5821,3649,2
1755795600,0.5821,0.5828,0.58155,0.58196,3900,1
1755799200,0.58196,0.58246,0.58106,0.58157,4077,2
1755802800,0.58157,0.58175,0.58117,0.58168,1841,1
1755806400,0.58168,0.58241,0.58168,0.58205,1931,2
1755810000,0.58205,0.58235,0.58183,0.58186,1437,1
1755813600,0.58186,0.58195,0.58144,0.58159,912,1
1755817200,0.58159,0.58189,0.5814,0.58158,602,2
1755820800,0.58157,0.58215,0.58074,0.58176,1251,7
1755824400,0.58179,0.58225,0.58166,0.582,996,1
1755828000,0.582,0.58222,0.5819,0.58212,793,1
1755831600,0.58211,0.58222,0.5813,0.58147,1870,1
1755835200,0.58147,0.58202,0.58097,0.58156,1913,1
1755838800,0.58156,0.58206,0.58134,0.58175,1786,1
1755842400,0.58175,0.58202,0.58121,0.58125,1584,1
1755846000,0.58125,0.58145,0.58053,0.58062,1151,1
1755849600,0.58061,0.58076,0.58012,0.58013,1263,1
1755853200,0.58013,0.5808,0.57999,0.58046,1962,2
1755856800,0.58045,0.58136,0.58041,0.58094,1805,1
1755860400,0.58094,0.5814,0.58063,0.58131,1462,1
1755864000,0.58131,0.58135,0.58033,0.58044,1390,1
1755867600,0.58044,0.58054,0.58014,0.58044,1115,2
1755871200,0.58044,0.58079,0.58029,0.58073,1425,1
1755874800,0.58073,0.58113,0.58073,0.5809,1607,2
1755878400,0.5809,0.58182,0.58083,0.58101,2261,2
1755882000,0.58101,0.58699,0.58101,0.58681,11647,1
1755885600,0.58681,0.58761,0.58592,0.586,4093,1
1755889200,0.586,0.58697,0.58599,0.58666,2932,2
1755892800,0.58666,0.58742,0.58666,0.58701,1939,1
1755896400,0.58701,0.5872,0.58656,0.58663,1393,2
1755900000,0.58663,0.58671,0.58633,0.58653,1030,1
1755903600,0.58653,0.58695,0.58594,0.58603,860,2
1756080000,0.58617,0.58674,0.58613,0.5866,835,26
1756083600,0.58677,0.58701,0.58585,0.58641,962,1
1756087200,0.58641,0.58666,0.58633,0.58641,694,1
1756090800,0.58643,0.58653,0.58584,0.58642,1478,1
1756094400,0.58642,0.58666,0.58519,0.58534,1613,1
1756098000,0.58534,0.58601,0.5852,0.58591,1238,1
1756101600,0.58591,0.58648,0.58591,0.58626,1243,1
1756105200,0.58626,0.58671,0.58625,0.5865,857,2
1756108800,0.5865,0.58689,0.58644,0.58666,973,2
1756112400,0.58665,0.58804,0.58665,0.58746,2052,1
1756116000,0.58746,0.58751,0.58633,0.58638,1870,1
1756119600,0.58638,0.58728,0.58638,0.58666,1592,1
1756123200,0.58666,0.58673,0.58575,0.58597,1013,2
1756126800,0.58597,0.58615,0.58564,0.58593,1057,2
1756130400,0.58594,0.58727,0.58591,0.58724,1253,2
1756134000,0.58724,0.58729,0.58642,0.58644,1476,1
1756137600,0.58644,0.58736,0.5862,0.58719,2043,1
1756141200,0.58719,0.58772,0.58698,0.5873,2581,1
1756144800,0.5873,0.58751,0.58642,0.5866,2517,2
1756148400,0.5866,0.58675,0.58615,0.58632,1611,1
1756152000,0.58632,0.58633,0.58563,0.58576,1445,1
1756155600,0.58576,0.58584,0.58488,0.58497,1511,1
1756159200,0.58497,0.58508,0.58455,0.58462,1297,1
1756162800,0.58462,0.58515,0.5846,0.58465,934,2
1756166400,0.58465,0.58504,0.58454,0.5849,847,5
1756170000,0.5849,0.58511,0.58478,0.58507,941,1
1756173600,0.58507,0.58517,0.58476,0.58485,776,1
1756177200,0.58485,0.5861,0.58461,0.58553,5026,1
1756180800,0.58553,0.58574,0.58384,0.5839,2402,1
1756184400,0.5839,0.58462,0.58387,0.58425,1802,1
1756188000,0.58425,0.58426,0.58285,0.58295,1770,1
1756191600,0.58295,0.58408,0.58291,0.58407,1167,2
1756195200,0.58407,0.58431,0.58391,0.58412,1287,1
1756198800,0.58412,0.58457,0.58329,0.58412,2046,2
1756202400,0.58412,0.58454,0.58346,0.58424,2587,1
1756206000,0.58424,0.58455,0.58379,0.58394,2047,1
1756209600,0.58394,0.58481,0.58391,0.58476,1685,1
1756213200,0.58477,0.58512,0.58459,0.58501,1213,2
1756216800,0.58501,0.58572,0.58494,0.58555,1442,2
1756220400,0.58556,0.58587,0.58501,0.58544,2219,2
1756224000,0.58544,0.58564,0.58472,0.58553,2541,1
1756227600,0.58556,0.58635,0.58531,0.58588,3123,1
1756231200,0.58588,0.5864,0.58585,0.58636,2259,1
1756234800,0.58636,0.58681,0.58618,0.58628,1513,1
1756238400,0.58628,0.58652,0.5861,0.58615,1384,1
1756242000,0.58615,0.58633,0.58582,0.58602,1220,1
1756245600,0.58602,0.58628,0.58589,0.58594,831,1
1756249200,0.58593,0.58608,0.58579,0.58606,976,1
1756252800,0.58606,0.58617,0.58412,0.58577,1311,4
1756256400,0.58576,0.58638,0.58561,0.58617,775,1
1756260000,0.58617,0.58619,0.58565,0.58568,480,1
1756263600,0.58568,0.58606,0.58526,0.58543,1138,1
1756267200,0.58542,0.58585,0.58492,0.58554,2196,1
1756270800,0.58554,0.58563,0.58493,0.58526,1374,2
1756274400,0.58526,0.58541,0.58465,0.58472,1157,2
1756278000,0.58473,0.58477,0.58426,0.58439,979,1
1756281600,0.58439,0.58468,0.58432,0.58445,1023,2
1756285200,0.58445,0.58487,0.58424,0.58444,1673,1
1756288800,0.58444,0.58453,0.58313,0.58338,1909,1
1756292400,0.58338,0.5834,0.58251,0.5829,1802,1
1756296000,0.5829,0.58324,0.58249,0.5829,1260,1
1756299600,0.5829,0.5829,0.58206,0.58209,1301,1
1756303200,0.58209,0.58254,0.58181,0.58218,1427,1
1756306800,0.58218,0.58302,0.58218,0.58257,1917,1
1756310400,0.58257,0.58324,0.58233,0.58296,2357,1
1756314000,0.58296,0.58385,0.58255,0.5838,2692,1
1756317600,0.5838,0.58472,0.5838,0.58464,2504,1
1756321200,0.58464,0.58622,0.5846,0.58612,2126,1
1756324800,0.58612,0.58651,0.58592,0.58635,1544,1
1756328400,0.58635,0.58637,0.58574,0.58612,1315,1
1756332000,0.58612,0.58623,0.58574,0.58611,1088,1
1756335600,0.58611,0.58615,0.58567,0.58582,1194,1
1756339200,0.58582,0.58582,0.5847,0.58561,838,8
1756342800,0.58561,0.58587,0.58557,0.58586,732,1
1756346400,0.58586,0.58611,0.58582,0.58606,764,2
1756350000,0.58606,0.58635,0.58572,0.58592,1625,1
1756353600,0.58592,0.58631,0.58549,0.58562,1784,1
1756357200,0.58564,0.58642,0.58557,0.58642,1682,2
1756360800,0.58642,0.58679,0.58621,0.58641,1295,1
1756364400,0.58641,0.58642,0.58585,0.58597,1145,1
1756368000,0.58597,0.586,0.58536,0.58584,1305,1
1756371600,0.58584,0.58637,0.58573,0.58596,1964,1
1756375200,0.58596,0.58623,0.58553,0.58617,2242,1
1756378800,0.58617,0.58672,0.58548,0.58663,1842,1
1756382400,0.58663,0.58693,0.58632,0.58646,1410,1
1756386000,0.58646,0.58747,0.58634,0.58737,1618,1
1756389600,0.58737,0.58759,0.58698,0.58732,1457,1
1756393200,0.58732,0.58781,0.58676,0.58734,3094,1
1756396800,0.58734,0.58755,0.58655,0.5869,3423,1
1756400400,0.5869,0.58854,0.58674,0.58786,3455,1
1756404000,0.58786,0.58849,0.58764,0.58829,2280,1
1756407600,0.5883,0.58899,0.58819,0.5888,1595,1
1756411200,0.5888,0.58918,0.58864,0.58887,1741,1
1756414800,0.58887,0.58893,0.58865,0.58873,917,1
1756418400,0.58873,0.5888,0.58841,0.58846,688,1
1756422000,0.58846,0.58856,0.58826,0.58838,903,1
1756425600,0.58838,0.58838,0.58773,0.58818,366,4
1756429200,0.58815,0.58833,0.588,0.58808,994,2
1756432800,0.58808,0.58842,0.58806,0.58829,710,2
1756436400,0.58829,0.58877,0.58824,0.58876,1470,1
1756440000,0.58876,0.5892,0.58817,0.58907,2091,2
1756443600,0.58907,0.58947,0.58894,0.58895,1301,1
1756447200,0.58895,0.58911,0.58835,0.58898,1145,1
1756450800,0.58898,0.58925,0.58881,0.58924,864,1
1756454400,0.58924,0.58927,0.58871,0.58911,967,2
1756458000,0.58911,0.58943,0.58852,0.58872,1611,1
1756461600,0.58872,0.58974,0.58856,0.58967,1886,1
1756465200,0.58965,0.58977,0.58899,0.58937,1799,1
1756468800,0.58938,0.58952,0.58847,0.5886,1631,1
1756472400,0.5886,0.58898,0.58849,0.58856,1344,1
1756476000,0.58856,0.58873,0.58842,0.58851,1116,1
1756479600,0.58851,0.58878,0.58806,0.58876,2678,1
1756483200,0.58876,0.58932,0.58832,0.58911,2968,1
1756486800,0.58912,0.59057,0.58904,0.59007,4630,1
1756490400,0.59007,0.59016,0.5894,0.58994,2910,1
1756494000,0.58994,0.59022,0.58984,0.59015,1829,1
1756497600,0.59015,0.59015,0.58975,0.58992,1235,1
1756501200,0.58993,0.5901,0.58975,0.59005,877,1
1756504800,0.59005,0.5901,0.58979,0.58992,876,1
1756508400,0.58992,0.59007,0.58828,0.58856,1647,1
1756684800,0.58848,0.5896,0.58846,0.58931,598,14
1756688400,0.58955,0.58992,0.58943,0.5895,768,2
1756692000,0.5895,0.58968,0.58926,0.5896,586,2
1756695600,0.5896,0.59067,0.58958,0.59066,1145,2
1756699200,0.59066,0.59067,0.5896,0.59049,1852,1
1756702800,0.59049,0.59137,0.59032,0.59081,1945,1
1756706400,0.59081,0.59084,0.5904,0.59061,1197,2
1756710000,0.59061,0.59064,0.58994,0.59003,1115,2
1756713600,0.59003,0.59036,0.58996,0.59011,1025,1
1756717200,0.59011,0.59028,0.58947,0.58969,1744,1
1756720800,0.58969,0.59021,0.589,0.59012,1896,1
1756724400,0.59012,0.59145,0.59011,0.59135,1649,1
1756728000,0.59136,0.59142,0.59069,0.59103,1278,1
1756731600,0.59104,0.59121,0.59055,0.59067,1050,1
1756735200,0.59068,0.59086,0.59028,0.59049,1116,1
1756738800,0.59049,0.59052,0.58985,0.59005,1266,1
1756742400,0.59005,0.59024,0.58967,0.58989,1453,1
1756746000,0.58989,0.59044,0.58976,0.59042,1355,1
1756749600,0.59042,0.59042,0.58998,0.59006,975,1
1756753200,0.59006,0.59027,0.58968,0.59012,694,2
1756756800,0.59012,0.59012,0.5898,0.58995,676,1
1756760400,0.58995,0.59009,0.5899,0.59007,313,2
1756764000,0.59007,0.59041,0.59004,0.59041,306,2
1756767600,0.59038,0.59042,0.58945,0.58945,463,2
1756771200,0.58945,0.59019,0.58945,0.59006,1092,12
1756774800,0.59006,0.59036,0.59001,0.59032,491,2
1756778400,0.59032,0.59068,0.59016,0.59045,893,2
1756782000,0.59045,0.59078,0.59006,0.59032,1678,1
1756785600,0.59032,0.59032,0.58932,0.58946,2037,1
1756789200,0.58946,0.58947,0.58884,0.58931,1600,1
1756792800,0.58931,0.58939,0.58852,0.58872,1121,2
1756796400,0.58872,0.58879,0.58811,0.58843,983,2
1756800000,0.58843,0.58872,0.58823,0.58826,1220,2
1756803600,0.58826,0.58887,0.58826,0.58862,1428,1
1756807200,0.58861,0.58887,0.58491,0.5852,4308,1
1756810800,0.58521,0.58648,0.58491,0.58574,3667,1
1756814400,0.58573,0.58586,0.58483,0.58568,2955,1
1756818000,0.58573,0.58588,0.58524,0.58557,2557,1
1756821600,0.58557,0.58586,0.58487,0.58547,2489,1
1756825200,0.58547,0.58592,0.58375,0.58405,4095,1
1756828800,0.58409,0.58591,0.58386,0.58568,4302,1
1756832400,0.58569,0.58705,0.58568,0.58674,5184,0
1756836000,0.58674,0.58684,0.58569,0.58622,3167,1
1756839600,0.58622,0.58669,0.58595,0.58652,2384,1
1756843200,0.58652,0.58675,0.5861,0.58612,1874,1
1756846800,0.58612,0.58627,0.58567,0.58586,1720,1
1756850400,0.58586,0.58647,0.58585,0.58643,1270,1
1756854000,0.58645,0.58666,0.58635,0.5865,805,1
1756857600,0.5865,0.5865,0.58542,0.58625,588,11
1756861200,0.58626,0.58666,0.58619,0.58628,673,1
1756864800,0.58628,0.58649,0.58605,0.58609,576,1
1756868400,0.58609,0.58619,0.58537,0.58567,1369,2
1756872000,0.58567,0.5862,0.58549,0.58585,1963,1
1756875600,0.58585,0.58634,0.58542,0.58565,1766,2
1756879200,0.58565,0.58608,0.58564,0.58582,1334,2
1756882800,0.58582,0.58624,0.58576,0.58612,1046,1
1756886400,0.58612,0.58619,0.58491,0.58528,1184,1
1756890000,0.58527,0.58578,0.58515,0.58532,1846,1
1756893600,0.58531,0.58588,0.58414,0.58575,3087,1
1756897200,0.58575,0.58672,0.58573,0.58625,2511,1
1756900800,0.58624,0.58659,0.58584,0.58636,2256,1
1756904400,0.58636,0.58664,0.58561,0.58603,1647,1
1756908000,0.58603,0.58663,0.58593,0.5865,1867,1
1756911600,0.5865,0.58696,0.58594,0.58675,2505,1
1756915200,0.58675,0.58705,0.58613,0.58641,3754,1
1756918800,0.58606,0.58814,0.58606,0.58752,5050,1
1756922400,0.5875,0.58821,0.58737,0.58795,3310,1
1756926000,0.58795,0.58806,0.5876,0.58797,2011,1
1756929600,0.58798,0.58835,0.58747,0.58763,1930,1
1756933200,0.58761,0.58801,0.58745,0.58757,1804,1
1756936800,0.58757,0.58759,0.58735,0.58745,932,1
1756940400,0.58745,0.58807,0.58741,0.5878,540,1
1756944000,0.5878,0.5878,0.58689,0.58774,1210,9
1756947600,0.58774,0.58782,0.58761,0.58769,520,1
1756951200,0.58769,0.58807,0.58764,0.58806,550,1
1756954800,0.58806,0.58842,0.5879,0.5883,1810,1
1756958400,0.5883,0.58898,0.58789,0.58811,2614,1
1756962000,0.58811,0.58815,0.58747,0.58764,2274,1
1756965600,0.58764,0.58772,0.58721,0.58732,1560,1
1756969200,0.58732,0.58753,0.58684,0.58686,1104,2
1756972800,0.58686,0.58686,0.58645,0.58669,1421,1
1756976400,0.58669,0.58695,0.58657,0.58667,1647,1
1756980000,0.58668,0.58688,0.58616,0.58643,2091,1
1756983600,0.58643,0.58687,0.58637,0.58687,1670,1
1756987200,0.58686,0.58696,0.58573,0.58591,1512,1
1756990800,0.58591,0.58637,0.58581,0.58593,1427,1
1756994400,0.58593,0.58593,0.58541,0.58561,1660,1
1756998000,0.58561,0.58683,0.58455,0.58559,3769,1
1757001600,0.58559,0.58591,0.58511,0.58532,3724,1
1757005200,0.5853,0.5853,0.58329,0.58359,4549,1
1757008800,0.58359,0.58382,0.58329,0.58366,2318,1
1757012400,0.58366,0.58395,0.58329,0.5836,1721,1
1757016000,0.5836,0.58391,0.58358,0.58362,1247,1
1757019600,0.58362,0.5842,0.58359,0.58391,1124,1
1757023200,0.58391,0.58457,0.58391,0.58454,772,1
1757026800,0.58455,0.58471,0.58443,0.58456,518,1
1757030400,0.58456,0.58466,0.58316,0.58462,552,9
1757034000,0.58462,0.58484,0.58457,0.58471,409,1
1757037600,0.58471,0.58508,0.58463,0.58507,623,2
1757041200,0.58506,0.58569,0.58498,0.58569,1607,1
1757044800,0.58568,0.58643,0.58558,0.58637,1425,1
1757048400,0.58637,0.58648,0.58601,0.58614,1123,1
1757052000,0.58614,0.58645,0.58592,0.58641,771,2
1757055600,0.58643,0.58644,0.58586,0.58593,668,2
1757059200,0.58593,0.58673,0.58588,0.58656,881,1
1757062800,0.58656,0.58698,0.58627,0.58664,1569,1
1757066400,0.58663,0.58769,0.58653,0.58762,1552,1
1757070000,0.58762,0.58795,0.58752,0.5877,1132,1
1757073600,0.5877,0.58789,0.58743,0.58764,884,1
1757077200,0.58764,0.58779,0.58748,0.58748,998,1
1757080800,0.58747,0.58768,0.58718,0.58727,1163,1
1757084400,0.58728,0.59077,0.5872,0.59015,7148,1
1757088000,0.59017,0.59176,0.58979,0.59167,6302,1
1757091600,0.59167,0.59168,0.58919,0.58946,6155,1
1757095200,0.58946,0.5909,0.58937,0.59079,3174,1
1757098800,0.5908,0.59094,0.58995,0.59005,2891,1
1757102400,0.59005,0.59006,0.58917,0.58926,2324,1
1757106000,0.58927,0.58933,0.58875,0.58894,1648,2
1757109600,0.58894,0.58917,0.58871,0.58892,1103,1
1757113200,0.58895,0.58944,0.58862,0.58862,1301,1
1757289600,0.58862,0.58925,0.58796,0.58908,538,14
1757293200,0.58912,0.58928,0.58828,0.58832,1477,2
1757296800,0.58832,0.58892,0.5883,0.58878,1168,1
1757300400,0.58878,0.58914,0.58821,0.58907,2033,1
1757304000,0.58907,0.59003,0.58871,0.5899,2311,1
1757307600,0.5899,0.59013,0.58946,0.58984,1897,1
1757311200,0.58984,0.59042,0.58968,0.58992,1530,1
1757314800,0.58989,0.59016,0.58951,0.59014,1224,1
1757318400,0.59014,0.59054,0.59004,0.59037,1263,1
1757322000,0.59037,0.59157,0.59035,0.59156,2120,1
1757325600,0.59156,0.59277,0.5915,0.5926,2082,1
1757329200,0.5926,0.5931,0.59223,0.59235,2031,1
1757332800,0.59235,0.59259,0.59186,0.59228,1601,1
1757336400,0.59228,0.59318,0.59211,0.59307,1336,1
1757340000,0.59307,0.59383,0.593,0.59372,1119,1
1757343600,0.59372,0.59415,0.59315,0.59402,1806,1
1757347200,0.59402,0.59455,0.59384,0.59393,2377,1
1757350800,0.59392,0.59411,0.59324,0.59351,2485,1
1757354400,0.59351,0.59403,0.59344,0.59392,1891,1
1757358000,0.59392,0.594,0.59299,0.59329,1717,1
1757361600,0.59328,0.59328,0.5929,0.59308,1376,1
1757365200,0.59308,0.59417,0.59308,0.59406,1167,1
1757368800,0.59406,0.59428,0.59395,0.59412,846,1
1757372400,0.59412,0.59416,0.59387,0.59396,530,1
1757376000,0.59312,0.59391,0.59312,0.59375,498,15
1757379600,0.59375,0.59426,0.59367,0.59405,772,1
1757383200,0.59405,0.59447,0.59405,0.59447,1039,1
1757386800,0.59447,0.5949,0.59426,0.59446,1663,1
1757390400,0.59445,0.59462,0.59372,0.5946,2055,1
1757394000,0.59459,0.5949,0.59437,0.59458,1637,1
1757397600,0.59458,0.59458,0.59402,0.59434,1189,1
1757401200,0.59434,0.59507,0.59424,0.59494,984,2
1757404800,0.59494,0.5956,0.59486,0.59552,1517,1
1757408400,0.59553,0.59564,0.59448,0.59468,2099,1
1757412000,0.59471,0.59515,0.59401,0.5945,2110,1
1757415600,0.5945,0.5951,0.5942,0.59507,3068,1
1757419200,0.59508,0.59585,0.59508,0.59574,1755,1
1757422800,0.59574,0.59596,0.59542,0.59548,1405,1
1757426400,0.59548,0.5955,0.59488,0.59493,1183,1
1757430000,0.59493,0.59504,0.59395,0.59418,2090,1
1757433600,0.59418,0.59512,0.59385,0.59462,2664,1
1757437200,0.59462,0.59576,0.59335,0.5934,6604,1
1757440800,0.5934,0.59343,0.59255,0.59296,3090,1
1757444400,0.59296,0.59344,0.59271,0.59301,1660,1
1757448000,0.59301,0.59309,0.59249,0.59255,1739,1
1757451600,0.59255,0.59274,0.59227,0.59242,1223,1
1757455200,0.59243,0.59256,0.59228,0.5924,858,1
1757458800,0.5924,0.59263,0.59233,0.59245,728,1
1757462400,0.59238,0.59292,0.59227,0.59244,867,12
1757466000,0.59244,0.59293,0.5924,0.59274,1110,2
1757469600,0.59274,0.59277,0.59221,0.59263,760,1
1757473200,0.59259,0.59293,0.59234,0.5927,1430,1
1757476800,0.5927,0.5929,0.5921,0.59271,2273,1
1757480400,0.59271,0.59355,0.59252,0.59355,1625,1
1757484000,0.59355,0.59425,0.5935,0.59414,1154,2
1757487600,0.59414,0.5949,0.59407,0.59485,1221,1
1757491200,0.59485,0.59501,0.5943,0.59447,1334,2
1757494800,0.59447,0.59517,0.59382,0.59397,2586,1
1757498400,0.59396,0.59466,0.5934,0.59426,2753,1
1757502000,0.59426,0.59431,0.59334,0.59389,2126,1
1757505600,0.59389,0.595,0.59384,0.59477,1861,1
1757509200,0.59477,0.59479,0.59379,0.59392,1296,1
1757512800,0.59391,0.59427,0.59357,0.59414,1392,1
1757516400,0.59415,0.59567,0.59374,0.5944,4729,1
1757520000,0.5944,0.59565,0.59401,0.59557,4788,1
1757523600,0.59557,0.59639,0.59555,0.59592,3766,1
1757527200,0.59592,0.59609,0.59517,0.59537,2317,1
1757530800,0.59538,0.59541,0.59453,0.59468,1647,1
1757534400,0.59468,0.59509,0.5946,0.59492,1617,1
1757538000,0.59492,0.5952,0.59454,0.59464,1333,1
1757541600,0.59465,0.59473,0.59403,0.5944,1144,1
1757545200,0.5944,0.59449,0.5932,0.5932,638,1
1757548800,0.5932,0.59417,0.59319,0.59377,1424,1
1757552400,0.59373,0.59449,0.59368,0.59444,1129,2
1757556000,0.59444,0.59472,0.59402,0.59426,585,1
1757559600,0.59426,0.59436,0.59359,0.5936,1461,1
1757563200,0.5936,0.5946,0.59335,0.59435,1789,1
1757566800,0.59435,0.59442,0.59343,0.5935,1247,1
1757570400,0.5935,0.59396,0.59345,0.59388,1057,1
1757574000,0.59388,0.5939,0.59345,0.59373,905,2
1757577600,0.59373,0.59373,0.59313,0.59322,1369,2
1757581200,0.59322,0.59357,0.59292,0.59334,2676,1
1757584800,0.59334,0.59357,0.59285,0.59319,2489,1
1757588400,0.59319,0.59339,0.59266,0.59278,1877,1
1757592000,0.59278,0.59292,0.59222,0.59285,1922,1
1757595600,0.59285,0.59313,0.59266,0.59272,1643,1
1757599200,0.5927,0.59322,0.5924,0.59256,1696,1
1757602800,0.59256,0.59457,0.5914,0.5944,6742,1
1757606400,0.59441,0.59543,0.59387,0.59532,6290,1
1757610000,0.59533,0.59638,0.59514,0.59622,4621,1
1757613600,0.59622,0.5972,0.5959,0.59712,2715,1
1757617200,0.59712,0.59756,0.59701,0.59725,2018,1
1757620800,0.59726,0.5974,0.59699,0.59718,1960,1
1757624400,0.59718,0.59752,0.5971,0.59735,1381,1
1757628000,0.59735,0.59775,0.59727,0.59759,1125,1
1757631600,0.59759,0.59798,0.59748,0.59748,953,1
1757635200,0.59701,0.59741,0.59643,0.59735,1287,10
1757638800,0.59736,0.59771,0.59732,0.59763,763,2
1757642400,0.59763,0.59785,0.59761,0.59768,765,1
1757646000,0.59764,0.5978,0.59693,0.59768,1719,1
1757649600,0.59768,0.59775,0.59691,0.597,1759,1
1757653200,0.597,0.59722,0.5969,0.59715,1292,1
1757656800,0.59715,0.5973,0.5969,0.59703,977,1
1757660400,0.59703,0.59718,0.59663,0.5968,888,2
1757664000,0.5968,0.59703,0.5967,0.59684,935,1
1757667600,0.59686,0.59686,0.59614,0.59672,1679,1
1757671200,0.59668,0.59743,0.59666,0.59689,1890,1
1757674800,0.59689,0.59689,0.595,0.59516,2419,1
1757678400,0.59517,0.59564,0.59503,0.59553,1582,1
1757682000,0.59553,0.5959,0.59545,0.59545,1336,1
1757685600,0.59544,0.59564,0.59491,0.5951,1411,1
1757689200,0.5951,0.59519,0.59398,0.59455,2320,1
1757692800,0.59455,0.5953,0.59442,0.59521,2554,1
1757696400,0.59515,0.59587,0.59483,0.59532,3150,1
1757700000,0.59532,0.5954,0.59454,0.59462,2315,1
1757703600,0.59462,0.59548,0.59439,0.59525,1363,2
1757707200,0.59524,0.59585,0.59519,0.5956,1351,1
1757710800,0.59562,0.59609,0.59552,0.59607,945,1
1757714400,0.59607,0.59611,0.59557,0.59567,879,1
1757718000,0.59567,0.59571,0.59391,0.59463,1470,1
1757894400,0.59414,0.59563,0.59393,0.5951,1831,20
1757898000,0.59507,0.5956,0.59495,0.59535,877,3
1757901600,0.59535,0.59541,0.59511,0.59536,548,1
1757905200,0.59537,0.59569,0.59496,0.59544,1043,1
1757908800,0.59544,0.59617,0.5953,0.59611,1421,1
1757912400,0.59611,0.59617,0.59566,0.59573,968,1
1757916000,0.59573,0.5966,0.5957,0.59628,963,2
1757919600,0.59628,0.59664,0.59607,0.59636,813,1
1757923200,0.59636,0.59637,0.59575,0.59586,887,2
1757926800,0.59587,0.59606,0.59505,0.59562,1768,1
1757930400,0.59561,0.59647,0.59542,0.59624,1984,1
1757934000,0.59624,0.59642,0.59577,0.59597,1740,1
1757937600,0.59596,0.59636,0.59554,0.59555,1479,1
1757941200,0.59555,0.59621,0.59543,0.59573,1502,1
1757944800,0.59573,0.59621,0.59571,0.59614,1302,1
1757948400,0.59615,0.59682,0.59615,0.59657,2221,1
1757952000,0.59656,0.59668,0.5959,0.59601,2329,1
1757955600,0.59602,0.59624,0.59565,0.59609,2674,1
1757959200,0.59609,0.59718,0.59597,0.59703,1778,1
1757962800,0.59703,0.59716,0.59637,0.59647,1546,1
1757966400,0.59647,0.59746,0.59635,0.59738,1268,1
1757970000,0.59738,0.59749,0.59713,0.59717,1019,1
1757973600,0.59717,0.59725,0.59693,0.59703,900,1
1757977200,0.59702,0.59715,0.59682,0.59703,528,1
1757980800,0.59697,0.59708,0.59584,0.5969,836,10
1757984400,0.5968,0.59719,0.59676,0.59687,720,2
1757988000,0.59687,0.59692,0.59668,0.59673,513,2
1757991600,0.59673,0.59719,0.59598,0.59624,1352,1
1757995200,0.59624,0.59644,0.5959,0.59629,1458,1
1757998800,0.59629,0.59653,0.59555,0.59614,1534,1
1758002400,0.59614,0.59705,0.59588,0.59667,1288,1
1758006000,0.59667,0.59672,0.59597,0.59623,1221,1
1758009600,0.59623,0.59702,0.59606,0.59697,1347,1
1758013200,0.59698,0.59753,0.59681,0.59712,2004,1
1758016800,0.59711,0.59808,0.59707,0.59714,2293,1
1758020400,0.59711,0.59749,0.59659,0.59673,1895,1
1758024000,0.59673,0.59757,0.5967,0.59728,1805,1
1758027600,0.59728,0.59747,0.59682,0.59719,1546,1
1758031200,0.59719,0.59804,0.59693,0.59769,1777,1
1758034800,0.59769,0.59789,0.59657,0.59712,3278,1
1758038400,0.59712,0.59823,0.59707,0.59754,3306,1
1758042000,0.59754,0.59833,0.59718,0.59804,3940,1
1758045600,0.59804,0.59805,0.59711,0.59786,2615,1
1758049200,0.59785,0.59873,0.59779,0.59854,1925,1
1758052800,0.59853,0.59899,0.59839,0.59883,1571,1
1758056400,0.59883,0.59909,0.59864,0.59883,1172,1
1758060000,0.59883,0.59892,0.59848,0.59854,1021,1
1758063600,0.59854,0.59906,0.5985,0.5986,606,1
1758067200,0.59742,0.5986,0.59698,0.5983,855,10
1758070800,0.5983,0.59895,0.5983,0.59883,600,1
1758074400,0.59883,0.59903,0.59871,0.59883,505,1
1758078000,0.59887,0.59898,0.59805,0.5982,1449,1
1758081600,0.5982,0.59831,0.59757,0.59786,1598,1
1758085200,0.59786,0.59802,0.59747,0.59795,1108,1
1758088800,0.59795,0.5981,0.59763,0.59772,870,1
1758092400,0.59772,0.59794,0.5976,0.59782,685,2
1758096000,0.59782,0.59812,0.59755,0.59772,830,2
1758099600,0.59771,0.59771,0.5968,0.59711,1638,1
1758103200,0.5971,0.59725,0.59669,0.59706,1756,1
1758106800,0.59706,0.59756,0.59677,0.59728,1272,1
1758110400,0.59728,0.59779,0.59706,0.59757,1145,1
1758114000,0.59757,0.5978,0.59704,0.59738,1159,1
1758117600,0.59738,0.59842,0.59736,0.59801,1267,1
1758121200,0.59801,0.59864,0.59793,0.59858,1604,1
1758124800,0.5986,0.59864,0.59807,0.59836,1969,1
1758128400,0.59837,0.59855,0.59728,0.59732,2090,1
1758132000,0.59732,0.59738,0.59685,0.597,1475,1
1758135600,0.597,0.59735,0.59679,0.59691,1254,1
1758139200,0.59691,0.59754,0.59677,0.59724,1165,1
1758142800,0.59725,0.60073,0.5948,0.59596,13993,1
1758146400,0.59596,0.59806,0.59581,0.59689,7510,1
1758150000,0.59689,0.59695,0.59544,0.59544,1337,1
1758153600,0.59544,0.59659,0.59544,0.59659,462,10
1758157200,0.59667,0.59667,0.59396,0.59494,1759,1
1758160800,0.59494,0.59494,0.59319,0.59339,1543,1
1758164400,0.59339,0.59352,0.59207,0.5921,2797,1
1758168000,0.5921,0.59289,0.59112,0.59204,3556,1
1758171600,0.59204,0.5934,0.59197,0.59303,1680,1
1758175200,0.59302,0.59331,0.5925,0.59257,1208,1
1758178800,0.59257,0.59269,0.59108,0.59119,1261,1
1758182400,0.59119,0.59145,0.59053,0.59073,1574,1
1758186000,0.59073,0.5908,0.58953,0.58954,2936,1
1758189600,0.58955,0.59167,0.58939,0.59109,3333,1
1758193200,0.59108,0.5911,0.58927,0.58928,2892,1
1758196800,0.58928,0.59109,0.58916,0.59064,2590,1
1758200400,0.59063,0.59071,0.58992,0.59051,2221,1
1758204000,0.59051,0.59093,0.59006,0.59055,2452,1
1758207600,0.59055,0.59058,0.58914,0.58914,3273,1
1758211200,0.58915,0.58923,0.58723,0.58819,4625,1
1758214800,0.58819,0.58884,0.58744,0.5882,4845,1
1758218400,0.5882,0.58868,0.58734,0.58764,3423,1
1758222000,0.58763,0.58822,0.58748,0.58815,2151,1
1758225600,0.58815,0.58865,0.58806,0.58821,1613,1
1758229200,0.5882,0.58838,0.58796,0.58825,1243,1
1758232800,0.58824,0.58845,0.5881,0.5882,1002,1
1758236400,0.5882,0.5884,0.58797,0.58819,597,1
1758240000,0.58793,0.58837,0.58743,0.58833,503,3
1758243600,0.58833,0.58854,0.58819,0.58836,533,0
1758247200,0.58836,0.58914,0.58833,0.58902,640,0
1758250800,0.58904,0.58917,0.58796,0.58848,1504,0
1758254400,0.58849,0.58858,0.58744,0.58761,1669,1
1758258000,0.58761,0.58843,0.58749,0.58811,1391,1
1758261600,0.58811,0.58864,0.58772,0.58801,2255,1
1758265200,0.58801,0.58831,0.58678,0.58707,1958,1
1758268800,0.58707,0.58736,0.58667,0.58686,1540,1
1758272400,0.58687,0.58687,0.58546,0.58621,3426,1
1758276000,0.58622,0.58802,0.58612,0.58715,2996,1
1758279600,0.58715,0.58769,0.58661,0.58767,2151,1
1758283200,0.58767,0.58798,0.58742,0.58755,1896,1
1758286800,0.58755,0.58802,0.58735,0.58749,1406,0
1758290400,0.58749,0.58755,0.58606,0.58614,1860,1
1758294000,0.58614,0.58635,0.58551,0.58581,2519,1
1758297600,0.58581,0.58675,0.58578,0.58601,3177,1
1758301200,0.58599,0.58635,0.58561,0.58614,3706,1
1758304800,0.58613,0.58617,0.58537,0.58572,2594,1
1758308400,0.5857,0.58589,0.58551,0.58589,1451,1
1758312000,0.58589,0.58599,0.58568,0.58576,914,1
1758315600,0.58575,0.5858,0.58556,0.58575,828,1
1758319200,0.58575,0.58596,0.5857,0.58574,676,1
1758322800,0.58574,0.58582,0.58512,0.58525,815,2
1758499200,0.58593,0.58608,0.58536,0.58585,599,49
1758502800,0.58584,0.58599,0.58559,0.58571,977,3
1758506400,0.58571,0.58572,0.58499,0.58499,677,2
1758510000,0.58498,0.5858,0.58469,0.58498,1635,1
1758513600,0.58498,0.58541,0.5847,0.58523,2358,1
1758517200,0.58523,0.58573,0.58478,0.58563,1474,1
1758520800,0.58563,0.58624,0.58562,0.58601,1068,2
1758524400,0.58601,0.58611,0.58563,0.58593,688,1
1758528000,0.58593,0.58597,0.58554,0.5856,827,1
1758531600,0.58561,0.58589,0.58514,0.58518,1913,1
1758535200,0.58518,0.58526,0.58425,0.58444,2641,1
1758538800,0.58444,0.58592,0.58444,0.5859,2212,1
1758542400,0.58593,0.58621,0.58575,0.58604,1543,1
1758546000,0.58605,0.58634,0.58576,0.58579,1253,1
1758549600,0.58579,0.58627,0.58575,0.5862,1174,2
1758553200,0.58621,0.58659,0.58561,0.58628,2000,1
1758556800,0.58629,0.58652,0.58521,0.58602,2852,1
1758560400,0.58602,0.58603,0.5851,0.58592,2159,1
1758564000,0.58592,0.5863,0.58561,0.5861,1798,1
1758567600,0.58611,0.58663,0.58598,0.58633,1547,1
1758571200,0.58633,0.58686,0.58633,0.58682,1007,1
1758574800,0.5868,0.58698,0.58675,0.58697,778,1
1758578400,0.58698,0.58715,0.58691,0.58696,652,1
1758582000,0.58694,0.58702,0.58634,0.58634,554,1
1758585600,0.58572,0.58668,0.58486,0.58664,672,5
1758589200,0.58663,0.58694,0.58657,0.58687,605,2
1758592800,0.58687,0.58688,0.58668,0.58685,438,2
1758596400,0.58686,0.58691,0.58621,0.5864,967,1
1758600000,0.5864,0.58646,0.58559,0.58616,1547,2
1758603600,0.58616,0.58625,0.58491,0.58562,1516,1
1758607200,0.58562,0.58572,0.58512,0.58549,1189,1
1758610800,0.58549,0.58555,0.58472,0.58472,935,1
1758614400,0.5847,0.58533,0.58451,0.58513,1338,1
1758618000,0.58513,0.58599,0.58481,0.58562,2051,1
1758621600,0.58561,0.58564,0.58453,0.58505,2525,1
1758625200,0.58502,0.58632,0.585,0.58625,1909,1
1758628800,0.58625,0.58684,0.58605,0.58643,1528,1
1758632400,0.58642,0.58693,0.58623,0.58669,1443,1
1758636000,0.58669,0.58681,0.58625,0.58635,1168,1
1758639600,0.58636,0.58656,0.58599,0.58629,1863,1
1758643200,0.5863,0.58688,0.58516,0.58564,3421,1
1758646800,0.58565,0.58599,0.58522,0.58588,3575,1
1758650400,0.58588,0.58596,0.58534,0.58562,1824,1
1758654000,0.58563,0.58624,0.58517,0.58585,2352,1
1758657600,0.58585,0.58625,0.58556,0.58563,2483,1
1758661200,0.58563,0.58596,0.58535,0.58546,1429,1
1758664800,0.58546,0.58601,0.58539,0.58585,953,1
1758668400,0.58585,0.58599,0.58537,0.58554,488,1
1758672000,0.58474,0.58582,0.58414,0.58565,647,24
1758675600,0.58564,0.58607,0.58564,0.58585,1192,2
1758679200,0.58585,0.58598,0.58554,0.58567,640,1
1758682800,0.58569,0.58573,0.5852,0.58553,1329,1
1758686400,0.58553,0.58625,0.58493,0.58595,2226,1
1758690000,0.58595,0.5866,0.58588,0.58607,1742,1
1758693600,0.58607,0.58632,0.58563,0.58572,1128,1
1758697200,0.58572,0.58613,0.58547,0.58597,860,1
1758700800,0.58597,0.58617,0.58514,0.58571,1050,1
1758704400,0.58572,0.58598,0.58494,0.58497,1823,1
1758708000,0.58496,0.58578,0.58485,0.58538,1935,1
1758711600,0.58538,0.58554,0.58416,0.58467,1805,1
1758715200,0.58468,0.58489,0.58409,0.58436,1379,1
1758718800,0.58434,0.58437,0.58371,0.58387,1162,1
1758722400,0.58387,0.58388,0.58332,0.58337,1219,1
1758726000,0.58334,0.58418,0.58244,0.58284,2338,1
1758729600,0.58284,0.58285,0.58157,0.58191,2889,1
1758733200,0.58191,0.58191,0.5809,0.58172,3326,1
1758736800,0.58173,0.58185,0.58121,0.58132,2195,0
1758740400,0.58132,0.58138,0.58083,0.58105,1748,1
1758744000,0.58104,0.58156,0.581,0.58127,1226,1
1758747600,0.58126,0.58131,0.58094,0.58104,1173,1
1758751200,0.58104,0.5814,0.58093,0.58134,849,1
1758754800,0.58134,0.58277,0.58119,0.58275,598,1
1758758400,0.58111,0.58163,0.58093,0.58155,751,5
1758762000,0.58155,0.58167,0.58143,0.58159,734,1
1758765600,0.58159,0.58174,0.5815,0.58151,553,1
1758769200,0.58152,0.58194,0.5812,0.58151,1500,1
1758772800,0.58151,0.58175,0.58073,0.58136,1360,1
1758776400,0.58136,0.58221,0.58136,0.58219,1281,1
1758780000,0.58219,0.58276,0.582,0.58272,1043,1
1758783600,0.58272,0.58284,0.58227,0.5824,699,1
1758787200,0.5824,0.58244,0.58177,0.58195,1008,2
1758790800,0.58198,0.58226,0.5816,0.58203,1755,1
1758794400,0.58203,0.58221,0.58161,0.58162,2257,1
1758798000,0.58162,0.58283,0.58149,0.5828,2079,1
1758801600,0.5828,0.58312,0.58224,0.58248,1430,1
1758805200,0.58248,0.58269,0.5817,0.58176,1450,1
1758808800,0.58175,0.58179,0.58106,0.5811,1746,1
1758812400,0.5811,0.5813,0.57906,0.57948,4269,1
1758816000,0.57946,0.57964,0.57718,0.57731,4425,1
1758819600,0.57732,0.57785,0.57694,0.57778,4417,1
1758823200,0.57777,0.57779,0.57704,0.57754,2489,1
1758826800,0.57754,0.57783,0.57704,0.57712,1881,1
1758830400,0.57712,0.57715,0.57626,0.57644,1897,1
1758834000,0.57644,0.57651,0.57586,0.57629,1767,1
1758837600,0.57629,0.57658,0.57624,0.57639,1027,1
1758841200,0.57639,0.57684,0.57611,0.57611,644,1
1758844800,0.57611,0.57689,0.57573,0.57656,844,9
1758848400,0.57667,0.57695,0.57657,0.57663,823,1
1758852000,0.57663,0.57665,0.57614,0.57625,795,1
1758855600,0.57625,0.57658,0.57556,0.57652,1476,1
1758859200,0.57652,0.57678,0.57601,0.57617,1613,1
1758862800,0.57617,0.57688,0.57614,0.57669,1119,1
1758866400,0.57669,0.57691,0.57664,0.57671,881,0
1758870000,0.57671,0.57707,0.57641,0.57691,901,2
1758873600,0.57691,0.57708,0.57664,0.57679,899,2
1758877200,0.57679,0.57708,0.57643,0.57693,1837,0
1758880800,0.57692,0.57703,0.57569,0.57615,2031,0
1758884400,0.57616,0.57681,0.5761,0.57647,1799,0
1758888000,0.57645,0.57654,0.57595,0.57603,1615,0
1758891600,0.57603,0.57612,0.57542,0.57575,1394,0
1758895200,0.57575,0.57628,0.57563,0.57589,1518,0
1758898800,0.57588,0.57695,0.57582,0.57665,3428,0
1758902400,0.57665,0.57727,0.57613,0.57653,4209,0
1758906000,0.57653,0.57717,0.57636,0.57681,4569,0
1758909600,0.57681,0.57728,0.57655,0.57676,2458,0
1758913200,0.57676,0.57735,0.57654,0.57715,1908,0
1758916800,0.57715,0.57738,0.57704,0.57721,1184,1
1758920400,0.57721,0.57754,0.577,0.57742,1165,1
1758924000,0.57742,0.57753,0.57719,0.57751,677,1
1758927600,0.57751,0.57759,0.57609,0.57625,887,2
1759104000,0.57706,0.57807,0.57686,0.57758,392,27
1759107600,0.57758,0.57761,0.57723,0.57738,568,2
1759111200,0.57738,0.57776,0.57732,0.57772,660,2
1759114800,0.57772,0.57807,0.57759,0.57786,1244,2
1759118400,0.57785,0.57795,0.57703,0.57759,1805,2
1759122000,0.57754,0.5786,0.57738,0.57851,1520,1
1759125600,0.5785,0.5786,0.57807,0.57844,978,1
1759129200,0.57844,0.57918,0.57822,0.57905,887,1
1759132800,0.57905,0.57924,0.57882,0.57902,1353,1
1759136400,0.57903,0.57914,0.57858,0.57867,2055,1
1759140000,0.57867,0.57948,0.57846,0.57935,2075,1
1759143600,0.57935,0.57959,0.57878,0.57907,1608,1
1759147200,0.57907,0.57924,0.57853,0.57868,1456,1
1759150800,0.57868,0.57883,0.57826,0.5784,1056,1
1759154400,0.5784,0.57865,0.57799,0.57857,1249,1
1759158000,0.57858,0.57906,0.57807,0.57881,2457,1
1759161600,0.57883,0.57899,0.57802,0.57816,3148,1
1759165200,0.57815,0.57892,0.57793,0.57852,2840,1
1759168800,0.57852,0.57887,0.57829,0.57849,2324,1
1759172400,0.57849,0.57863,0.57802,0.57817,1353,1
1759176000,0.57817,0.57829,0.57782,0.57788,1036,1
1759179600,0.57788,0.57834,0.57784,0.57828,609,1
1759183200,0.57828,0.57829,0.57777,0.5779,697,1
1759186800,0.5779,0.57799,0.57721,0.57722,484,2
1759190400,0.57726,0.57888,0.57725,0.57888,691,5
1759194000,0.57709,0.57867,0.57709,0.57774,550,1
1759197600,0.57774,0.57804,0.57773,0.57798,441,2
1759201200,0.57798,0.57802,0.57735,0.57792,1669,1
1759204800,0.57792,0.57868,0.57788,0.57792,2136,1
1759208400,0.57792,0.579,0.57761,0.579,1573,1
1759212000,0.579,0.57943,0.57857,0.57893,1324,1
1759215600,0.57893,0.5798,0.57846,0.57913,1882,1
1759219200,0.57913,0.57928,0.57843,0.57864,1854,1
1759222800,0.57863,0.5802,0.5786,0.57961,2750,1
1759226400,0.5796,0.5803,0.5788,0.57999,3353,1
1759230000,0.57998,0.58068,0.57989,0.58004,2838,1
1759233600,0.58004,0.58008,0.57926,0.57958,2115,1
1759237200,0.57958,0.57974,0.57928,0.57938,1307,1
1759240800,0.57939,0.5795,0.57893,0.57946,1499,1
1759244400,0.57947,0.58002,0.57937,0.57962,2046,1
1759248000,0.57961,0.5804,0.57881,0.58022,3092,1
1759251600,0.58021,0.58077,0.57993,0.58065,3831,1
1759255200,0.58065,0.58065,0.57952,0.57981,3041,1
1759258800,0.57981,0.58026,0.57952,0.58011,2032,1
1759262400,0.58012,0.5802,0.57978,0.57978,1337,1
1759266000,0.57978,0.57993,0.57936,0.57974,1053,1
1759269600,0.57975,0.57987,0.57959,0.57978,1004,1
1759273200,0.57979,0.5798,0.57923,0.57932,647,1
1759276800,0.57931,0.57955,0.57894,0.5794,931,10
1759280400,0.5794,0.57975,0.57933,0.57953,765,2
1759284000,0.57953,0.57991,0.57944,0.57952,843,2
1759287600,0.57952,0.57952,0.57898,0.57909,1519,2
1759291200,0.5791,0.57927,0.57861,0.57913,1321,1
1759294800,0.57913,0.57922,0.57862,0.57912,1337,1
1759298400,0.57912,0.57916,0.57865,0.57906,1046,1
1759302000,0.57906,0.58023,0.57906,0.58022,1246,1
1759305600,0.58025,0.5808,0.57988,0.58003,1699,1
1759309200,0.58004,0.58093,0.57994,0.58081,2518,1
1759312800,0.58082,0.58146,0.58045,0.58106,3385,1
1759316400,0.58106,0.58208,0.58105,0.58153,2585,1
1759320000,0.58153,0.58178,0.58099,0.58108,2023,1
1759323600,0.58108,0.58117,0.58032,0.58077,2108,1
1759327200,0.58077,0.58178,0.58074,0.58139,1628,1
1759330800,0.58139,0.58285,0.58064,0.58253,6144,1
1759334400,0.58253,0.58311,0.58197,0.58255,3973,1
1759338000,0.58256,0.583,0.58136,0.58181,5397,1
1759341600,0.58181,0.58198,0.58078,0.58097,3599,1
1759345200,0.58098,0.58141,0.58084,0.58138,1942,1
1759348800,0.58139,0.58168,0.58114,0.58117,1183,1
1759352400,0.58118,0.58202,0.58112,0.58178,1389,1
1759356000,0.58178,0.58191,0.58146,0.58163,869,1
1759359600,0.58163,0.58165,0.58127,0.58152,595,1
1759363200,0.57991,0.58161,0.57977,0.58155,1225,14
1759366800,0.58154,0.58191,0.58154,0.58176,521,2
1759370400,0.58176,0.58214,0.58175,0.58208,589,2
1759374000,0.58208,0.58208,0.58119,0.58151,1591,1
1759377600,0.58154,0.58342,0.58127,0.58341,1773,1
1759381200,0.58339,0.58357,0.58277,0.58293,1265,1
1759384800,0.58293,0.58297,0.58241,0.58272,951,1
1759388400,0.58273,0.583,0.58242,0.58297,775,1
1759392000,0.58297,0.58347,0.58295,0.58329,1386,1
1759395600,0.5833,0.58392,0.58323,0.58368,2346,1
1759399200,0.58368,0.58428,0.5836,0.58399,2236,1
1759402800,0.58399,0.58414,0.58361,0.5839,1971,1
1759406400,0.5839,0.58402,0.58346,0.58362,1628,1
1759410000,0.58361,0.58362,0.58297,0.58314,1481,1
1759413600,0.58314,0.58319,0.58253,0.58265,1734,1
1759417200,0.58266,0.58295,0.58196,0.58219,2055,1
1759420800,0.58219,0.58263,0.58085,0.58112,3246,1
1759424400,0.5811,0.58149,0.58063,0.58086,3666,1
1759428000,0.58086,0.58115,0.58028,0.58107,2920,1
1759431600,0.58107,0.58191,0.58098,0.58187,1800,1
1759435200,0.58187,0.58201,0.58159,0.58173,1176,1
1759438800,0.58173,0.58208,0.58171,0.58204,813,1
1759442400,0.58204,0.5822,0.58168,0.58173,640,2
1759446000,0.58174,0.582,0.58147,0.58147,593,1
1759449600,0.58063,0.58188,0.58063,0.58188,579,9
1759453200,0.58188,0.58203,0.58157,0.58163,505,1
1759456800,0.58163,0.58192,0.58161,0.58192,400,2
1759460400,0.58192,0.58223,0.58164,0.58203,979,2
1759464000,0.58203,0.58252,0.58157,0.58241,1643,1
1759467600,0.58241,0.58245,0.58173,0.58186,1062,2
1759471200,0.58185,0.58212,0.58179,0.58195,906,1
1759474800,0.58192,0.58225,0.58138,0.58145,701,1
1759478400,0.58145,0.5821,0.58137,0.58181,1346,1
1759482000,0.58182,0.58276,0.58178,0.58192,1684,1
1759485600,0.58192,0.58314,0.58192,0.58305,1701,1
1759489200,0.58305,0.58337,0.58296,0.58316,1762,1
1759492800,0.58316,0.58346,0.58254,0.5834,1318,1
1759496400,0.58343,0.58347,0.58309,0.58325,1017,1
1759500000,0.58325,0.58365,0.58294,0.5834,1400,1
1759503600,0.58341,0.5836,0.58292,0.58339,2065,1
1759507200,0.58339,0.58346,0.58249,0.58309,2572,1
1759510800,0.58303,0.58338,0.58245,0.58283,4787,1
1759514400,0.58283,0.58382,0.58262,0.58367,2038,1
1759518000,0.58368,0.58376,0.58325,0.58336,1331,1
1759521600,0.58336,0.58354,0.58266,0.58297,1449,1
1759525200,0.58297,0.5833,0.5826,0.5832,1154,1
1759528800,0.5832,0.5835,0.5832,0.58336,810,1
1759532400,0.58336,0.58349,0.58233,0.5824,1303,2
1759708800,0.58093,0.58208,0.58091,0.58185,514,28
1759712400,0.58177,0.58201,0.58146,0.58175,1821,1
1759716000,0.58175,0.58252,0.58155,0.58235,1808,1
1759719600,0.58236,0.58287,0.58209,0.58281,1877,2
1759723200,0.58281,0.58337,0.58238,0.58336,1519,1
1759726800,0.58336,0.58387,0.58317,0.58367,1160,2
1759730400,0.58367,0.58402,0.58343,0.58349,890,2
1759734000,0.58349,0.58371,0.58302,0.58305,1144,1
1759737600,0.58305,0.58324,0.58287,0.58308,1023,1
1759741200,0.58308,0.58348,0.58263,0.58342,2395,1
1759744800,0.58341,0.58396,0.58257,0.58274,3759,1
1759748400,0.58274,0.58297,0.58166,0.58204,2870,1
1759752000,0.58204,0.58208,0.5811,0.58155,1814,1
1759755600,0.58155,0.58174,0.58103,0.58155,1774,1
1759759200,0.58155,0.58215,0.58123,0.58198,1877,1
1759762800,0.58198,0.58314,0.58183,0.58312,2744,1
1759766400,0.58312,0.584,0.58279,0.58369,2506,1
1759770000,0.58369,0.58418,0.58359,0.58379,2297,1
1759773600,0.58379,0.58406,0.5835,0.58368,1446,1
1759777200,0.5837,0.58393,0.58342,0.58393,1059,1
1759780800,0.58393,0.58421,0.58388,0.58398,743,1
1759784400,0.58399,0.58428,0.58397,0.58412,637,1
1759788000,0.58412,0.5845,0.58407,0.58418,618,1
1759791600,0.58418,0.58436,0.58401,0.58434,578,1
1759795200,0.58434,0.58434,0.58218,0.58391,1097,8
1759798800,0.58391,0.58407,0.58371,0.58389,1676,2
1759802400,0.58389,0.58423,0.58372,0.58401,804,1
1759806000,0.58401,0.58413,0.58286,0.58296,1403,1
1759809600,0.58296,0.58352,0.58239,0.58318,1242,1
1759813200,0.58318,0.58381,0.58317,0.58334,977,1
1759816800,0.58334,0.58368,0.58297,0.58308,966,1
1759820400,0.58308,0.5832,0.58252,0.58264,906,2
1759824000,0.58264,0.58268,0.58193,0.58208,1122,1
1759827600,0.58208,0.58208,0.58122,0.58169,1762,1
1759831200,0.58168,0.58169,0.58049,0.5807,2133,1
1759834800,0.5807,0.58102,0.58052,0.58074,1594,1
1759838400,0.58074,0.58134,0.58062,0.58131,1414,1
1759842000,0.58131,0.58133,0.58097,0.58099,1146,1
1759845600,0.58099,0.58108,0.5803,0.58052,1469,1
1759849200,0.58052,0.58085,0.58012,0.58079,2077,1
1759852800,0.58079,0.58163,0.58059,0.58108,2920,1
1759856400,0.58108,0.58119,0.58049,0.58069,2512,1
1759860000,0.58069,0.58105,0.58042,0.58047,3278,1
1759863600,0.58047,0.5809,0.58028,0.58048,2198,1
1759867200,0.58048,0.58089,0.58035,0.58045,1802,1
1759870800,0.58045,0.58045,0.57978,0.57994,1341,1
1759874400,0.57994,0.57995,0.57938,0.57969,961,1
1759878000,0.57969,0.57994,0.57962,0.57986,482,1
1759881600,0.57986,0.57996,0.57881,0.57994,796,7
1759885200,0.57994,0.58015,0.57987,0.58005,541,2
1759888800,0.58005,0.58012,0.57963,0.57969,741,1
1759892400,0.57969,0.57989,0.57917,0.57948,1624,1
1759896000,0.57938,0.57945,0.57388,0.5751,4951,1
1759899600,0.57511,0.57512,0.57414,0.57476,1979,1
1759903200,0.57476,0.57493,0.57394,0.57489,1340,1
1759906800,0.57489,0.57504,0.57408,0.57439,1190,1
1759910400,0.57439,0.57459,0.57383,0.57403,1153,0
1759914000,0.57403,0.57467,0.57368,0.57414,2475,1
1759917600,0.57414,0.57578,0.57403,0.57512,2697,1
1759921200,0.5751,0.57664,0.57503,0.57569,2106,1
1759924800,0.57569,0.57687,0.57567,0.57614,1993,1
1759928400,0.57614,0.57757,0.57603,0.57736,1758,1
1759932000,0.57736,0.57779,0.57714,0.57773,1650,1
1759935600,0.57773,0.57813,0.57742,0.57789,2128,1
1759939200,0.57789,0.57873,0.5775,0.57753,2739,1
1759942800,0.57753,0.5783,0.57735,0.57826,2631,1
1759946400,0.57827,0.57835,0.5776,0.57768,2075,1
1759950000,0.57768,0.57772,0.57726,0.5777,1376,1
1759953600,0.5777,0.57793,0.57741,0.57758,1131,1
1759957200,0.57753,0.57829,0.57744,0.57818,2002,1
1759960800,0.57821,0.57855,0.57821,0.57848,1030,1
1759964400,0.57848,0.5787,0.57838,0.57867,538,1
1759968000,0.57862,0.57867,0.57772,0.57821,1022,11
1759971600,0.57821,0.5789,0.57821,0.57878,721,2
1759975200,0.57878,0.57879,0.57817,0.57833,1153,1
1759978800,0.57833,0.57934,0.57831,0.57913,1648,1
1759982400,0.57913,0.57999,0.57911,0.57928,1891,1
1759986000,0.57928,0.58051,0.57891,0.58045,1091,1
1759989600,0.58045,0.58049,0.57976,0.57999,919,1
1759993200,0.57999,0.58062,0.57996,0.58038,617,1
1759996800,0.58038,0.58059,0.5795,0.5795,800,1
1760000400,0.57952,0.57966,0.57639,0.57689,2774,1
1760004000,0.57689,0.57768,0.57645,0.57703,2697,1
1760007600,0.57704,0.57705,0.57605,0.57679,2187,1
1760011200,0.57679,0.578,0.57678,0.5779,2438,1
1760014800,0.5779,0.57824,0.57753,0.57794,1350,1
1760018400,0.57794,0.57825,0.57722,0.57796,1494,1
1760022000,0.57796,0.57865,0.57762,0.57814,2266,1
1760025600,0.57814,0.57868,0.57618,0.57664,4315,1
1760029200,0.57664,0.57664,0.57474,0.57509,4573,1
1760032800,0.5751,0.57518,0.57376,0.57436,4037,1
1760036400,0.57438,0.5748,0.57383,0.57407,2712,1
1760040000,0.57408,0.57453,0.57388,0.57448,2711,1
1760043600,0.57448,0.57451,0.57339,0.57375,1538,1
1760047200,0.57375,0.57441,0.57374,0.5743,1147,1
1760050800,0.5743,0.57479,0.57429,0.57453,714,1
1760054400,0.57423,0.5747,0.57412,0.57454,924,10
1760058000,0.57434,0.57501,0.57426,0.57473,843,2
1760061600,0.57473,0.57522,0.57421,0.57517,1402,1
1760065200,0.57517,0.57533,0.57454,0.57529,1572,1
1760068800,0.57529,0.57573,0.57513,0.57517,1636,1
1760072400,0.57517,0.57564,0.57501,0.57541,1116,2
1760076000,0.57541,0.5757,0.57527,0.57563,1121,2
1760079600,0.57563,0.57579,0.57518,0.57554,776,1
1760083200,0.57554,0.5758,0.57535,0.57536,982,2
1760086800,0.57537,0.57555,0.57409,0.57481,2598,1
1760090400,0.57481,0.57521,0.57398,0.57505,2715,1
1760094000,0.57505,0.57581,0.57487,0.57562,1906,1
1760097600,0.57562,0.5757,0.57489,0.57498,1552,1
1760101200,0.57498,0.57544,0.57474,0.57483,1367,1
1760104800,0.57484,0.57512,0.57473,0.57494,1675,1
1760108400,0.57494,0.57558,0.57485,0.5752,2287,1
1760112000,0.5752,0.57528,0.57454,0.57497,2691,1
1760115600,0.57498,0.57515,0.57379,0.57393,3317,1
1760119200,0.57394,0.57411,0.5723,0.57316,8575,1
1760122800,0.57316,0.5733,0.57198,0.5722,4368,1
1760126400,0.5722,0.57242,0.57168,0.57224,2108,1
1760130000,0.57223,0.57281,0.57204,0.57225,1436,1
1760133600,0.57225,0.57281,0.57218,0.57238,1368,1
1760137200,0.57238,0.57269,0.57137,0.5718,2900,1
1760313600,0.5736,0.57418,0.57176,0.57294,1660,22
1760317200,0.57294,0.57453,0.57261,0.57333,3225,1
1760320800,0.57333,0.57344,0.57252,0.57256,1803,1
1760324400,0.57256,0.57372,0.57223,0.57348,2324,1
1760328000,0.57348,0.5745,0.57338,0.57407,2659,1
1760331600,0.57407,0.57453,0.57381,0.57388,1402,1
1760335200,0.57388,0.57427,0.57317,0.57347,1068,1
1760338800,0.57347,0.574,0.5734,0.57383,735,1
1760342400,0.57383,0.57399,0.57357,0.57363,1098,1
1760346000,0.57363,0.57413,0.57323,0.57332,2216,1
1760349600,0.57332,0.57404,0.57295,0.57359,3050,1
1760353200,0.57359,0.57384,0.57245,0.57309,2236,1
1760356800,0.57309,0.57363,0.57306,0.57338,1329,1
1760360400,0.57338,0.57339,0.57284,0.57305,1217,1
1760364000,0.57305,0.57342,0.57193,0.57204,2668,1
1760367600,0.57204,0.57255,0.57188,0.57214,1869,1
1760371200,0.57214,0.57317,0.57209,0.57312,2974,1
1760374800,0.57312,0.57314,0.5719,0.57253,3210,1
1760378400,0.57253,0.57334,0.57242,0.57315,2064,1
1760382000,0.57315,0.57359,0.57288,0.57343,1547,1
1760385600,0.57343,0.57353,0.57302,0.57318,1135,1
1760389200,0.57318,0.57354,0.57274,0.57293,814,1
1760392800,0.57293,0.57309,0.57267,0.57268,625,1
1760396400,0.57268,0.57279,0.57249,0.5725,385,1
1760400000,0.5725,0.57271,0.57164,0.57235,705,7
1760403600,0.57236,0.57278,0.57236,0.57259,644,1
1760407200,0.57259,0.57266,0.57158,0.57166,876,1
1760410800,0.57166,0.57244,0.5714,0.57223,1829,2
1760414400,0.57223,0.57263,0.57196,0.57221,1871,1
1760418000,0.57221,0.57248,0.57173,0.57174,987,1
1760421600,0.57174,0.57188,0.57068,0.57108,1355,1
1760425200,0.57108,0.57123,0.57029,0.57072,2183,1
1760428800,0.57072,0.57073,0.56951,0.56994,2006,1
1760432400,0.56994,0.57002,0.56883,0.56943,2792,1
1760436000,0.56944,0.56957,0.56845,0.56895,3555,1
1760439600,0.56895,0.56958,0.56884,0.56908,1974,1
1760443200,0.56909,0.56923,0.56849,0.56858,1624,1
1760446800,0.56858,0.5687,0.56825,0.56868,1919,1
1760450400,0.56874,0.56911,0.56843,0.56882,1695,1
1760454000,0.56882,0.56937,0.56871,0.56917,2444,1
1760457600,0.56917,0.57004,0.5691,0.56978,3732,1
1760461200,0.56978,0.57134,0.56977,0.57118,3523,1
1760464800,0.57118,0.57193,0.57083,0.57174,2784,1
1760468400,0.57174,0.57237,0.57127,0.5719,3171,1
1760472000,0.5719,0.57199,0.57146,0.57183,1956,1
1760475600,0.57183,0.57193,0.57158,0.57168,1159,1
1760479200,0.57168,0.57187,0.57098,0.57119,1954,1
1760482800,0.57119,0.5715,0.57077,0.57129,536,1
1760486400,0.57129,0.57158,0.57059,0.57142,585,9
1760490000,0.57142,0.57173,0.57131,0.57144,767,1
1760493600,0.57144,0.57165,0.5712,0.57122,584,1
1760497200,0.57122,0.57135,0.57055,0.57114,1366,1
1760500800,0.57114,0.57213,0.57103,0.57192,1864,1
1760504400,0.57192,0.57273,0.57187,0.57194,1360,1
1760508000,0.57193,0.57245,0.57182,0.57218,1073,2
1760511600,0.57218,0.57227,0.57183,0.57204,735,1
1760515200,0.57204,0.57222,0.57169,0.5717,1029,1
1760518800,0.5717,0.57299,0.57149,0.57274,1838,1
1760522400,0.57276,0.57317,0.57222,0.57227,2217,1
1760526000,0.57227,0.57287,0.57224,0.57263,1770,1
1760529600,0.57262,0.57288,0.57212,0.57288,1447,1
1760533200,0.57288,0.57295,0.57237,0.57284,1275,1
1760536800,0.57284,0.57299,0.57225,0.57232,1375,1
1760540400,0.57232,0.57262,0.57158,0.57171,2095,1
1760544000,0.57172,0.5723,0.57137,0.57213,3352,1
1760547600,0.57214,0.57239,0.5716,0.57233,2307,1
1760551200,0.57233,0.57304,0.57202,0.57225,2658,1
1760554800,0.57225,0.5723,0.57183,0.57208,2140,1
1760558400,0.57209,0.5721,0.57055,0.5712,3022,1
1760562000,0.5712,0.57188,0.57118,0.57183,1011,1
1760565600,0.57183,0.57214,0.57182,0.57213,650,2
1760569200,0.57213,0.57238,0.57209,0.57234,484,1
1760572800,0.57234,0.57236,0.57124,0.57186,994,4
1760576400,0.57186,0.57222,0.57166,0.57207,836,2
1760580000,0.57207,0.57215,0.57113,0.57151,797,1
1760583600,0.57151,0.57337,0.57125,0.57293,2749,1
1760587200,0.57293,0.57553,0.57286,0.57495,2450,1
1760590800,0.57495,0.57544,0.5745,0.57469,1800,1
1760594400,0.57469,0.57479,0.57397,0.57407,1082,1
1760598000,0.57407,0.57449,0.57397,0.57437,676,1
1760601600,0.57437,0.57464,0.57402,0.57418,1115,1
1760605200,0.57418,0.57494,0.57403,0.57419,1794,1
1760608800,0.5742,0.57438,0.57339,0.57383,2518,1
1760612400,0.57383,0.57454,0.57366,0.57374,1809,1
1760616000,0.57374,0.57383,0.57313,0.57373,1243,1
1760619600,0.57373,0.574,0.57362,0.57373,1217,1
1760623200,0.57374,0.574,0.57343,0.57395,1362,1
1760626800,0.57395,0.57409,0.57341,0.57377,2271,1
1760630400,0.57377,0.57386,0.57233,0.57233,2650,1
1760634000,0.57231,0.57404,0.57228,0.57396,2960,1
1760637600,0.57396,0.57396,0.57297,0.57304,2784,1
1760641200,0.57304,0.57363,0.57237,0.57312,3845,1
1760644800,0.57312,0.5737,0.57272,0.57295,3074,1
1760648400,0.57295,0.57309,0.57182,0.57258,2090,1
1760652000,0.57263,0.57263,0.57215,0.57245,1568,1
1760655600,0.57244,0.57253,0.57224,0.57236,501,1
1760659200,0.57236,0.57274,0.57139,0.5725,527,8
1760662800,0.5725,0.57288,0.5724,0.57262,838,1
1760666400,0.57262,0.57274,0.57221,0.57259,739,1
1760670000,0.57259,0.57304,0.57224,0.57277,1338,1
1760673600,0.57277,0.57349,0.5719,0.57196,1755,1
1760677200,0.57196,0.57264,0.57156,0.5722,1449,1
1760680800,0.5722,0.57289,0.57209,0.57268,1039,1
1760684400,0.57268,0.57356,0.57268,0.57327,901,1
1760688000,0.57327,0.57359,0.57302,0.57349,1030,1
1760691600,0.5735,0.57371,0.57307,0.5733,2260,1
1760695200,0.57329,0.57329,0.57126,0.57204,4549,1
1760698800,0.57206,0.57228,0.57139,0.57199,2691,1
1760702400,0.57199,0.57275,0.57193,0.57273,1748,1
1760706000,0.57273,0.57328,0.57233,0.57318,2173,1
1760709600,0.57318,0.57428,0.5727,0.57292,3614,1
1760713200,0.57292,0.57324,0.57117,0.57168,3184,1
1760716800,0.57167,0.57196,0.57122,0.57154,3797,1
1760720400,0.57154,0.57191,0.57119,0.57176,4378,1
1760724000,0.57176,0.57219,0.57132,0.57207,2697,1
1760727600,0.57207,0.57265,0.572,0.57228,1746,1
1760731200,0.57228,0.57284,0.57209,0.57257,1492,1
1760734800,0.57258,0.57345,0.57252,0.5733,913,1
1760738400,0.57334,0.57385,0.57334,0.5738,758,1
1760742000,0.5738,0.57384,0.57134,0.57143,1120,1
1760918400,0.57248,0.57333,0.57185,0.57191,1137,18
1760922000,0.57191,0.57344,0.57188,0.57342,1177,1
1760925600,0.57343,0.57343,0.57292,0.57307,730,1
1760929200,0.57307,0.57368,0.57282,0.57362,1634,1
1760932800,0.57362,0.5743,0.57326,0.57347,1504,1
1760936400,0.57347,0.57429,0.57346,0.57364,990,1
1760940000,0.57364,0.57394,0.57349,0.57367,1009,1
1760943600,0.57367,0.5738,0.57336,0.57356,727,2
1760947200,0.57356,0.57424,0.57347,0.57397,919,1
1760950800,0.57398,0.57398,0.57307,0.57335,1884,1
1760954400,0.57335,0.57375,0.57292,0.57331,2235,1
1760958000,0.57331,0.57399,0.57313,0.57385,1775,1
1760961600,0.57385,0.57395,0.57299,0.57308,1766,1
1760965200,0.57308,0.57319,0.57269,0.57282,1288,1
1760968800,0.57282,0.57304,0.57252,0.57291,1308,1
1760972400,0.57291,0.5734,0.57268,0.57328,1892,1
1760976000,0.57328,0.57402,0.57303,0.57368,2356,1
1760979600,0.57368,0.57474,0.57362,0.57428,2349,1
1760983200,0.57428,0.5753,0.57418,0.57498,2277,1
1760986800,0.57498,0.57518,0.57473,0.57483,1492,1
1760990400,0.57483,0.57507,0.57459,0.57465,924,1
1760994000,0.57465,0.57475,0.57448,0.5746,706,1
1760997600,0.5746,0.57483,0.57446,0.57448,491,1
1761001200,0.57448,0.57449,0.57429,0.57433,379,1
1761004800,0.57433,0.57476,0.57295,0.57406,721,7
1761008400,0.57406,0.57472,0.57406,0.57458,589,2
1761012000,0.57458,0.57465,0.57417,0.57432,519,2
1761015600,0.57432,0.57519,0.57421,0.57504,1242,1
1761019200,0.57504,0.57507,0.57397,0.57409,1564,1
1761022800,0.57409,0.57425,0.57319,0.57328,1493,1
1761026400,0.57328,0.57352,0.57291,0.57307,930,1
1761030000,0.57308,0.57308,0.57257,0.57293,996,1
1761033600,0.57293,0.57303,0.57177,0.57194,1571,1
1761037200,0.57194,0.57243,0.57154,0.57225,2020,1
1761040800,0.57225,0.5725,0.57156,0.57168,2583,1
1761044400,0.57168,0.57173,0.57097,0.57156,2610,1
1761048000,0.57156,0.57206,0.57131,0.57152,1625,1
1761051600,0.57152,0.57177,0.57112,0.57165,1578,1
1761055200,0.57165,0.57254,0.57163,0.57228,1499,1
1761058800,0.57228,0.57295,0.57208,0.57293,2563,1
1761062400,0.57293,0.57305,0.57194,0.57223,3261,1
1761066000,0.57223,0.5737,0.57203,0.57358,3657,1
1761069600,0.57358,0.57465,0.57358,0.57454,2527,1
1761073200,0.57454,0.57497,0.57398,0.57424,2521,1
1761076800,0.57424,0.5744,0.57387,0.57434,1682,1
1761080400,0.57434,0.57454,0.57415,0.57437,727,1
1761084000,0.57437,0.57468,0.5742,0.57447,663,1
1761087600,0.57447,0.57447,0.57403,0.57411,430,1
1761091200,0.57411,0.57411,0.57302,0.5735,506,9
1761094800,0.5735,0.57429,0.5735,0.57413,593,1
1761098400,0.57413,0.57435,0.57392,0.57416,657,1
1761102000,0.57416,0.57467,0.57407,0.5741,2072,1
1761105600,0.5741,0.57447,0.57384,0.5742,1518,1
1761109200,0.5742,0.57498,0.5742,0.57469,1171,1
1761112800,0.57469,0.57498,0.57446,0.57474,1264,2
1761116400,0.57474,0.57518,0.57473,0.57518,935,2
1761120000,0.57518,0.5757,0.57518,0.57558,893,1
1761123600,0.57558,0.57608,0.57521,0.57578,2476,1
1761127200,0.5758,0.57591,0.57494,0.57518,2185,1
1761130800,0.57518,0.57518,0.57441,0.57474,2097,1
1761134400,0.57474,0.57499,0.57447,0.57461,1480,1
1761138000,0.5746,0.57474,0.57393,0.57398,1244,1
1761141600,0.57398,0.57414,0.57377,0.57384,1860,1
1761145200,0.57384,0.57445,0.57384,0.57422,2280,1
1761148800,0.57422,0.57461,0.57402,0.57437,2480,1
1761152400,0.57437,0.57478,0.57378,0.57423,2943,1
1761156000,0.57423,0.57519,0.5742,0.57508,2687,1
1761159600,0.57508,0.57508,0.57401,0.57479,3960,1
1761163200,0.57479,0.57483,0.57352,0.57369,2412,1
1761166800,0.5737,0.57409,0.57348,0.57377,1627,1
1761170400,0.57377,0.5741,0.57361,0.57403,1177,1
1761174000,0.57402,0.5741,0.57367,0.57367,478,1
1761177600,0.57313,0.57404,0.57313,0.57394,678,9
1761181200,0.57394,0.5742,0.57376,0.57382,646,2
1761184800,0.57382,0.57385,0.57354,0.57359,587,1
1761188400,0.57359,0.57406,0.57334,0.57405,1251,1
1761192000,0.57405,0.57425,0.57342,0.57342,1213,1
1761195600,0.57342,0.57349,0.57296,0.57314,1017,1
1761199200,0.57314,0.57348,0.57244,0.57249,744,1
1761202800,0.57249,0.57309,0.57249,0.57304,589,1
1761206400,0.57304,0.57349,0.57283,0.57335,620,2
1761210000,0.57335,0.57419,0.57335,0.57401,1669,1
1761213600,0.57401,0.57474,0.57401,0.57462,1653,1
1761217200,0.57462,0.57512,0.57449,0.57449,1399,1
1761220800,0.57451,0.57499,0.57448,0.57482,1206,1
1761224400,0.57482,0.57494,0.57416,0.57425,1042,1
1761228000,0.57425,0.57437,0.57403,0.57414,1033,1
1761231600,0.57414,0.57484,0.57387,0.57443,1634,1
1761235200,0.57443,0.57499,0.57438,0.57468,2214,1
1761238800,0.57468,0.57539,0.57454,0.5751,2313,1
1761242400,0.5751,0.57523,0.57449,0.57494,1877,1
1761246000,0.57495,0.57514,0.57473,0.57475,1238,1
1761249600,0.57474,0.57544,0.57443,0.57539,1360,1
1761253200,0.57539,0.57544,0.57517,0.5754,588,1
1761256800,0.57545,0.57552,0.57521,0.57522,473,1
1761260400,0.57522,0.57529,0.57474,0.57474,358,1
1761264000,0.57441,0.5752,0.57419,0.57509,895,9
1761267600,0.5751,0.57558,0.57508,0.57526,776,2
1761271200,0.57527,0.57564,0.57524,0.57548,467,1
1761274800,0.57548,0.57587,0.57532,0.57559,959,2
1761278400,0.57559,0.57575,0.57471,0.57502,1230,1
1761282000,0.57502,0.57548,0.57449,0.57453,1480,1
1761285600,0.57452,0.57529,0.57451,0.57517,969,1
1761289200,0.57517,0.57522,0.57472,0.57478,601,1
1761292800,0.57478,0.5748,0.57434,0.57447,888,1
1761296400,0.5745,0.57548,0.57433,0.57547,1712,1
1761300000,0.57548,0.57567,0.575,0.57505,2093,1
1761303600,0.57506,0.57514,0.57416,0.57433,2010,1
1761307200,0.57432,0.57442,0.57399,0.57407,1181,1
1761310800,0.57407,0.57449,0.57407,0.57419,749,1
1761314400,0.57418,0.57425,0.57386,0.57424,1244,1
1761318000,0.57425,0.57752,0.57422,0.5758,4972,1
1761321600,0.5758,0.57622,0.57468,0.57546,4451,1
1761325200,0.57546,0.57555,0.57382,0.57388,4045,1
1761328800,0.57388,0.5748,0.57386,0.5746,2357,1
1761332400,0.5746,0.57478,0.57427,0.57461,1079,1
1761336000,0.57461,0.57497,0.57461,0.57467,727,1
1761339600,0.57467,0.5748,0.57461,0.57467,422,1
1761343200,0.57467,0.5749,0.57466,0.57484,524,1
1761346800,0.57484,0.57506,0.57428,0.57451,694,2
1761523200,0.57719,0.57723,0.57542,0.57719,1356,22
1761526800,0.57712,0.57733,0.57628,0.57629,1559,1
1761530400,0.57629,0.57633,0.57587,0.57591,914,2
1761534000,0.57591,0.57654,0.57581,0.57612,1382,1
1761537600,0.57612,0.577,0.57596,0.57607,1857,2
1761541200,0.57607,0.57618,0.57579,0.57607,969,1
1761544800,0.57607,0.57633,0.57557,0.57562,972,1
1761548400,0.57562,0.57567,0.57532,0.57564,743,2
1761552000,0.57564,0.5761,0.57559,0.57605,814,2
1761555600,0.57606,0.57708,0.57606,0.57634,1398,1
1761559200,0.57634,0.57635,0.57518,0.57522,1761,1
1761562800,0.57523,0.57654,0.57517,0.57592,2321,1
1761566400,0.57592,0.57668,0.57563,0.5763,2157,1
1761570000,0.5763,0.57634,0.57596,0.57617,1418,1
1761573600,0.57617,0.57673,0.57601,0.57661,1567,1
1761577200,0.57661,0.57681,0.57613,0.57639,1599,1
1761580800,0.57639,0.57684,0.57555,0.57577,2257,1
1761584400,0.57577,0.57621,0.57557,0.57595,2396,1
1761588000,0.57597,0.57645,0.5755,0.57608,1822,1
1761591600,0.57608,0.57661,0.57604,0.57653,1190,1
1761595200,0.57653,0.57665,0.57629,0.57638,900,1
1761598800,0.57638,0.5771,0.57633,0.57703,618,1
1761602400,0.57703,0.5771,0.57672,0.57689,608,1
1761606000,0.57689,0.5774,0.57683,0.57684,538,1
1761609600,0.57684,0.57722,0.57643,0.57666,1048,9
1761613200,0.57626,0.57745,0.57626,0.57743,1362,2
1761616800,0.57744,0.57777,0.57728,0.57744,557,2
1761620400,0.57744,0.57801,0.57714,0.57761,1070,1
1761624000,0.57761,0.57803,0.57717,0.57754,1488,1
1761627600,0.57754,0.57795,0.57733,0.57739,1093,2
1761631200,0.57739,0.57779,0.57708,0.57774,936,1
1761634800,0.57774,0.57839,0.57773,0.57827,1051,1
1761638400,0.57827,0.57836,0.57759,0.57781,1102,1
1761642000,0.57781,0.57782,0.57683,0.57683,1164,1
1761645600,0.57683,0.57704,0.57653,0.57683,1504,1
1761649200,0.57683,0.57705,0.57621,0.57632,2436,1
1761652800,0.5763,0.57725,0.57619,0.57722,1459,1
1761656400,0.57722,0.57759,0.57715,0.57749,1176,1
1761660000,0.5775,0.57757,0.57712,0.57714,1165,1
1761663600,0.57714,0.57725,0.57654,0.57665,2061,1
1761667200,0.57664,0.57673,0.57586,0.57665,2277,1
1761670800,0.57665,0.57836,0.57655,0.57824,2592,1
1761674400,0.57824,0.57873,0.57765,0.57789,2155,1
1761678000,0.57789,0.57883,0.5778,0.57883,2461,1
1761681600,0.57882,0.57894,0.57843,0.57864,1256,1
1761685200,0.57864,0.57865,0.57822,0.57852,688,1
1761688800,0.57852,0.57856,0.5781,0.57814,808,1
1761692400,0.57814,0.57816,0.57791,0.57805,449,1
1761696000,0.57805,0.5783,0.57751,0.57767,905,6
1761699600,0.57761,0.57811,0.57754,0.57796,1284,2
1761703200,0.57796,0.57828,0.57782,0.57825,746,1
1761706800,0.57825,0.57884,0.57763,0.57797,2838,1
1761710400,0.57797,0.57833,0.57754,0.57757,2000,1
1761714000,0.57757,0.57816,0.57717,0.57816,1185,1
1761717600,0.57817,0.57862,0.57817,0.57839,885,1
1761721200,0.57839,0.57853,0.57787,0.57802,781,1
1761724800,0.57802,0.57843,0.57772,0.57829,1147,1
1761728400,0.57829,0.57915,0.57809,0.57892,1260,1
1761732000,0.57892,0.5796,0.57853,0.57871,2277,1
1761735600,0.57871,0.57879,0.57748,0.57748,2042,1
1761739200,0.57749,0.57843,0.57731,0.57831,1897,1
1761742800,0.57832,0.57867,0.57812,0.57857,1555,1
1761746400,0.57857,0.5786,0.57773,0.57807,1589,1
1761750000,0.57807,0.57817,0.5774,0.57799,2092,1
1761753600,0.57799,0.57931,0.57791,0.57869,2598,1
1761757200,0.57869,0.57921,0.57821,0.57921,2398,1
1761760800,0.57921,0.58015,0.57921,0.57971,2338,1
1761764400,0.57971,0.58,0.5795,0.57967,1616,1
1761768000,0.57967,0.57984,0.57893,0.57908,1251,1
1761771600,0.57902,0.57946,0.57516,0.57662,9257,1
1761775200,0.57662,0.57679,0.57489,0.57635,6168,1
1761778800,0.57635,0.57675,0.57567,0.5763,1416,1
1761782400,0.5763,0.57631,0.57508,0.57601,746,7
1761786000,0.576,0.57635,0.57587,0.57596,1171,2
1761789600,0.57596,0.57636,0.57596,0.57632,583,1
1761793200,0.57632,0.5776,0.57632,0.57748,1819,2
1761796800,0.57747,0.57764,0.57673,0.57727,2280,1
1761800400,0.57727,0.57796,0.57691,0.57772,1696,1
1761804000,0.57772,0.57812,0.57721,0.57769,1855,1
1761807600,0.57769,0.57881,0.57691,0.57863,3704,1
1761811200,0.57863,0.5787,0.57786,0.57823,1945,1
1761814800,0.57824,0.57838,0.57723,0.57728,2043,1
1761818400,0.57728,0.57769,0.57666,0.57754,3019,1
1761822000,0.57754,0.57759,0.57692,0.57729,2397,1
1761825600,0.57729,0.57738,0.57664,0.57668,1849,1
1761829200,0.57668,0.577,0.57627,0.57629,1641,1
1761832800,0.5763,0.57648,0.57506,0.57508,1849,1
1761836400,0.57508,0.57529,0.57299,0.57304,2759,1
1761840000,0.57304,0.57423,0.57258,0.57414,3817,1
1761843600,0.57414,0.57485,0.57357,0.57384,4752,1
1761847200,0.57384,0.57465,0.57363,0.57452,2448,1
1761850800,0.57452,0.5747,0.57407,0.57449,1846,1
1761854400,0.57449,0.57468,0.57414,0.57455,1385,1
1761858000,0.57456,0.57461,0.57408,0.57419,1287,1
1761861600,0.57419,0.57428,0.57366,0.57372,1243,1
1761865200,0.57372,0.57428,0.57366,0.57415,770,1
1761868800,0.57417,0.57417,0.5737,0.57411,449,8
1761872400,0.57411,0.57416,0.57382,0.57406,561,2
1761876000,0.57406,0.57448,0.57383,0.57442,524,1
1761879600,0.57442,0.57448,0.57391,0.57409,1137,1
1761883200,0.57409,0.57428,0.57326,0.57347,1906,1
1761886800,0.57347,0.57383,0.57284,0.5731,1278,1
1761890400,0.5731,0.57319,0.57275,0.57309,967,1
1761894000,0.57309,0.57345,0.57305,0.57329,644,2
1761897600,0.57329,0.57329,0.57221,0.57237,1127,1
1761901200,0.57238,0.57254,0.57188,0.57192,1252,1
1761904800,0.57192,0.57214,0.57139,0.57203,1662,1
1761908400,0.57203,0.57221,0.57152,0.57217,1827,1
1761912000,0.57217,0.57239,0.57177,0.57233,1196,1
1761915600,0.57234,0.57267,0.57225,0.57239,1138,1
1761919200,0.5724,0.57269,0.57191,0.57239,1459,1
1761922800,0.57238,0.5724,0.57146,0.57156,2086,1
1761926400,0.57155,0.57256,0.57138,0.57251,2802,1
1761930000,0.5725,0.57315,0.57177,0.57311,2918,1
1761933600,0.57311,0.57324,0.57224,0.57258,2951,1
1761937200,0.57259,0.57264,0.57168,0.57202,2379,1
1761940800,0.57202,0.57203,0.57153,0.57185,1949,1
1761944400,0.57184,0.57235,0.57177,0.57225,1058,1
1761948000,0.57225,0.57249,0.57214,0.57219,710,1
1761951600,0.5722,0.57263,0.57205,0.57228,887,1
1762128000,0.57139,0.57217,0.57136,0.57182,785,11
1762131600,0.57182,0.57248,0.57158,0.57214,1988,1
1762135200,0.57215,0.57227,0.57182,0.57183,811,1
1762138800,0.57183,0.57218,0.57128,0.57148,1245,1
1762142400,0.57148,0.5722,0.57138,0.57214,1126,1
1762146000,0.57214,0.57236,0.57179,0.57232,720,1
1762149600,0.57232,0.57273,0.57221,0.57253,609,1
1762153200,0.57251,0.57298,0.57239,0.57278,909,1
1762156800,0.57278,0.57299,0.57243,0.57264,883,1
1762160400,0.57264,0.57275,0.57215,0.57236,1429,1
1762164000,0.57235,0.57237,0.57159,0.57192,2028,1
1762167600,0.57192,0.57233,0.5716,0.57164,1572,1
1762171200,0.57164,0.57198,0.57128,0.57159,1169,1
1762174800,0.57161,0.57195,0.57152,0.57173,946,1
1762178400,0.57173,0.57201,0.57164,0.57169,1007,1
1762182000,0.57169,0.57174,0.57076,0.5709,1569,1
1762185600,0.5709,0.57107,0.56971,0.57046,2056,1
1762189200,0.57041,0.5706,0.56922,0.57014,2762,1
1762192800,0.57014,0.57075,0.57007,0.5707,1909,1
1762196400,0.5707,0.57123,0.57053,0.57078,1314,1
1762200000,0.57079,0.571,0.57057,0.57094,729,1
1762203600,0.57094,0.57104,0.57072,0.57092,799,1
1762207200,0.57092,0.57099,0.57066,0.57077,555,1
1762210800,0.57077,0.57078,0.57041,0.57041,396,1
1762214400,0.57041,0.57103,0.56946,0.57061,565,7
1762218000,0.57059,0.57086,0.57042,0.5706,1424,2
1762221600,0.57059,0.57059,0.56925,0.56952,1567,1
1762225200,0.56952,0.56974,0.56856,0.5693,1698,1
1762228800,0.5693,0.56932,0.56867,0.56898,1317,1
1762232400,0.56898,0.56995,0.56894,0.56948,1803,1
1762236000,0.56948,0.56966,0.56879,0.56882,1291,1
1762239600,0.56879,0.56895,0.56791,0.56803,1732,1
1762243200,0.56803,0.56859,0.56726,0.56848,2114,1
1762246800,0.56847,0.56885,0.56808,0.56854,2081,1
1762250400,0.56854,0.56893,0.56743,0.56755,2516,1
1762254000,0.56756,0.5678,0.56609,0.56615,2079,1
1762257600,0.56615,0.56704,0.566,0.5666,1692,1
1762261200,0.5666,0.56688,0.56611,0.56613,1350,1
1762264800,0.56613,0.56624,0.56575,0.56607,1531,1
1762268400,0.56607,0.56629,0.56584,0.56608,1702,1
1762272000,0.56607,0.56645,0.56549,0.5663,2502,1
1762275600,0.5663,0.56672,0.56604,0.56666,2314,1
1762279200,0.56666,0.56674,0.56623,0.56642,1895,1
1762282800,0.56642,0.56642,0.56551,0.56563,1408,1
1762286400,0.56563,0.56573,0.56539,0.56542,1204,1
1762290000,0.5654,0.56564,0.56476,0.56498,1274,1
1762293600,0.56498,0.56525,0.56474,0.56489,1039,1
1762297200,0.5649,0.56521,0.56347,0.56434,1291,1
1762300800,0.56387,0.5654,0.56367,0.56409,1985,5
1762304400,0.56407,0.56445,0.56402,0.56418,852,2
1762308000,0.56417,0.56442,0.5635,0.56404,1528,1
1762311600,0.56404,0.56404,0.56304,0.56359,2870,1
1762315200,0.56359,0.56476,0.56359,0.56475,1662,1
1762318800,0.56475,0.56553,0.56465,0.5654,1765,1
1762322400,0.5654,0.56581,0.56519,0.56554,1013,1
1762326000,0.56554,0.56608,0.56525,0.56525,1330,1
1762329600,0.56525,0.56573,0.56516,0.56544,1134,1
1762333200,0.56543,0.56543,0.56489,0.56512,1384,1
1762336800,0.56513,0.56588,0.56499,0.56539,1846,1
1762340400,0.56539,0.56563,0.56467,0.56473,1263,1
1762344000,0.56473,0.56481,0.56429,0.56438,1184,1
1762347600,0.56438,0.56444,0.56387,0.56407,1134,1
1762351200,0.56404,0.56473,0.56393,0.56467,1297,1
1762354800,0.56467,0.56499,0.56413,0.56434,2134,1
1762358400,0.56434,0.56531,0.56394,0.56423,2518,1
1762362000,0.56421,0.5657,0.56398,0.56542,4838,1
1762365600,0.56542,0.56625,0.56484,0.56619,2672,1
1762369200,0.56619,0.56635,0.56584,0.56597,1401,1
1762372800,0.56597,0.56645,0.5659,0.56623,760,1
1762376400,0.56623,0.56645,0.56603,0.56606,636,1
1762380000,0.5661,0.56652,0.56609,0.5662,543,1
1762383600,0.5662,0.56642,0.56569,0.56571,463,1
1762387200,0.56571,0.56644,0.56481,0.56611,661,8
1762390800,0.56611,0.56666,0.566,0.56661,536,2
1762394400,0.56661,0.56661,0.56599,0.56628,853,1
1762398000,0.56628,0.56654,0.5656,0.56653,1271,1
1762401600,0.56653,0.56676,0.56629,0.56642,1034,1
1762405200,0.56642,0.56649,0.56612,0.56627,946,1
1762408800,0.56627,0.56687,0.56621,0.56653,801,1
1762412400,0.56653,0.56665,0.56589,0.56593,791,1
1762416000,0.56588,0.56633,0.56557,0.56565,790,1
1762419600,0.56565,0.56612,0.56558,0.56584,1386,1
1762423200,0.56584,0.56659,0.56506,0.5665,1950,1
1762426800,0.5665,0.56664,0.56582,0.566,1498,1
1762430400,0.566,0.56628,0.56563,0.56573,1123,1
1762434000,0.56573,0.56594,0.56567,0.56586,1043,1
1762437600,0.56586,0.56642,0.56566,0.56636,1777,1
1762441200,0.56636,0.56701,0.5661,0.5661,2051,1
1762444800,0.5661,0.56614,0.56353,0.56354,3332,1
1762448400,0.56352,0.56416,0.56259,0.56306,4564,1
1762452000,0.56306,0.56314,0.56261,0.56293,3853,1
1762455600,0.56294,0.56358,0.56258,0.56344,2782,1
1762459200,0.56343,0.56407,0.56294,0.56379,2056,1
1762462800,0.56378,0.56435,0.56362,0.56375,1453,1
1762466400,0.56375,0.56401,0.56336,0.56349,1438,1
1762470000,0.5635,0.5636,0.56309,0.56309,511,1
1762473600,0.56309,0.56375,0.56251,0.56349,661,4
1762477200,0.56351,0.56406,0.56348,0.56379,691,2
1762480800,0.56379,0.56389,0.56319,0.56322,993,1
1762484400,0.56322,0.56338,0.56254,0.56288,1812,1
1762488000,0.56288,0.56315,0.56227,0.56233,1189,1
1762491600,0.56234,0.56241,0.56185,0.56199,1110,1
1762495200,0.56199,0.56199,0.56147,0.56179,1004,1
1762498800,0.56179,0.56234,0.56177,0.56187,847,1
1762502400,0.56187,0.56188,0.56103,0.56104,1174,1
1762506000,0.56104,0.56147,0.56061,0.56065,1607,1
1762509600,0.56066,0.56218,0.56066,0.56202,1847,1
1762513200,0.56202,0.56214,0.56138,0.56163,1379,1
1762516800,0.56163,0.56206,0.56148,0.56183,1309,1
1762520400,0.56183,0.56224,0.56122,0.5621,1914,1
1762524000,0.56211,0.56249,0.56163,0.56187,1931,1
1762527600,0.56187,0.56286,0.56182,0.56217,2518,1
1762531200,0.56217,0.56243,0.56166,0.56221,3238,1
1762534800,0.56221,0.56246,0.56092,0.5613,4207,1
1762538400,0.5613,0.56203,0.56125,0.56158,2210,1
1762542000,0.56159,0.56231,0.56118,0.56225,1749,1
1762545600,0.56225,0.56248,0.56209,0.56222,1113,1
1762549200,0.56222,0.56311,0.56216,0.56258,1368,1
1762552800,0.56258,0.56321,0.5625,0.56317,1262,1
1762556400,0.56317,0.56329,0.56139,0.56149,930,1
1762732800,0.56191,0.56287,0.56189,0.56218,823,9
1762736400,0.56219,0.56304,0.56215,0.5626,2330,3
1762740000,0.5626,0.56327,0.56203,0.56232,1949,0
1762743600,0.56233,0.56319,0.56212,0.56288,2194,0
1762747200,0.56288,0.56334,0.56248,0.56319,1180,2
1762750800,0.56319,0.56328,0.56254,0.56263,1028,1
1762754400,0.56263,0.56368,0.56263,0.56354,1030,1
1762758000,0.56356,0.56385,0.56334,0.56362,1163,0
1762761600,0.56363,0.56375,0.56295,0.56316,1144,0
1762765200,0.56314,0.56392,0.5631,0.56346,1632,0
1762768800,0.56346,0.56473,0.56346,0.56447,1893,1
1762772400,0.56447,0.56504,0.56433,0.56498,1457,1
1762776000,0.56498,0.56498,0.56432,0.56435,1136,1
1762779600,0.56435,0.56438,0.56379,0.56417,1121,1
1762783200,0.56417,0.56452,0.56388,0.56424,1167,1
1762786800,0.56424,0.56468,0.56394,0.56403,1180,1
1762790400,0.56403,0.56403,0.56338,0.56388,2119,1
1762794000,0.56388,0.56395,0.56272,0.56287,2138,1
1762797600,0.56288,0.56345,0.56271,0.56317,1973,1
1762801200,0.56317,0.56468,0.56313,0.56455,1619,1
1762804800,0.56455,0.56483,0.56442,0.56459,885,1
1762808400,0.56459,0.56477,0.56445,0.56447,642,1
1762812000,0.56447,0.56474,0.56446,0.5646,632,1
1762815600,0.5646,0.56469,0.56419,0.56419,456,2
1762819200,0.56408,0.56475,0.56381,0.56454,616,7
1762822800,0.56451,0.56464,0.56426,0.56428,551,2
1762826400,0.56428,0.56472,0.56423,0.56454,718,1
1762830000,0.56453,0.56463,0.56366,0.56393,1548,1
1762833600,0.56393,0.56429,0.56362,0.56403,1014,1
1762837200,0.56404,0.56444,0.56404,0.56438,857,1
1762840800,0.56438,0.56471,0.56378,0.56384,714,1
1762844400,0.56384,0.56388,0.56339,0.5634,1101,1
1762848000,0.5634,0.56392,0.56313,0.56327,983,1
1762851600,0.56328,0.56384,0.56314,0.5638,1816,1
1762855200,0.5638,0.56463,0.56378,0.56429,1586,1
1762858800,0.56429,0.56464,0.56415,0.56431,1214,1
1762862400,0.56431,0.5645,0.56409,0.56449,1031,1
1762866000,0.56449,0.56471,0.56431,0.56467,934,1
1762869600,0.56467,0.56543,0.56464,0.56474,1081,1
1762873200,0.56477,0.56655,0.56471,0.56643,2597,1
1762876800,0.56643,0.56688,0.56633,0.56668,2167,1
1762880400,0.56668,0.56669,0.56509,0.56519,2886,1
1762884000,0.56519,0.56585,0.56517,0.56554,1816,1
1762887600,0.56554,0.56609,0.56544,0.56594,1068,1
1762891200,0.5659,0.56626,0.56587,0.56604,887,1
1762894800,0.56604,0.56604,0.56568,0.5657,973,1
1762898400,0.5657,0.56592,0.5655,0.56561,601,1
1762902000,0.56561,0.56566,0.56532,0.56541,418,1
1762905600,0.56532,0.56532,0.56466,0.56527,559,8
1762909200,0.56527,0.5657,0.56527,0.56563,516,2
1762912800,0.56563,0.56563,0.56511,0.56513,900,1
1762916400,0.56513,0.56573,0.56512,0.56559,1271,1
1762920000,0.56559,0.56603,0.56528,0.56532,868,1
1762923600,0.56532,0.56555,0.56516,0.56518,762,1
1762927200,0.56518,0.56533,0.56453,0.56477,735,1
1762930800,0.56477,0.56529,0.56458,0.56528,654,1
1762934400,0.56533,0.56552,0.56526,0.5655,165,21
1762938000,0.56551,0.5659,0.56546,0.56573,1199,1
1762941600,0.56575,0.56579,0.56524,0.56549,1782,1
1762945200,0.56549,0.56571,0.56538,0.56549,1333,1
1762948800,0.56549,0.56572,0.56537,0.56564,904,1
1762952400,0.56564,0.56578,0.56539,0.56573,1009,1
1762956000,0.56574,0.56655,0.56569,0.56655,1358,1
1762959600,0.56655,0.56665,0.56578,0.56597,1503,1
1762963200,0.56597,0.56609,0.5656,0.5659,2149,1
1762966800,0.56589,0.56644,0.56564,0.56607,2622,1
1762970400,0.56607,0.56648,0.56602,0.56613,2193,1
1762974000,0.56613,0.56654,0.56613,0.56637,1783,1
1762977600,0.56639,0.56706,0.56635,0.56691,1020,1
1762981200,0.5669,0.56696,0.56642,0.56659,960,1
1762984800,0.56659,0.56679,0.56639,0.56652,832,1
1762988400,0.56651,0.5675,0.56633,0.56733,511,1
1762992000,0.56595,0.5667,0.56595,0.56624,1093,4
1762995600,0.56618,0.5665,0.56606,0.56615,1397,1
1762999200,0.56617,0.56646,0.56478,0.56479,2638,1
1763002800,0.56479,0.56602,0.56471,0.56568,2152,1
1763006400,0.56568,0.56612,0.56557,0.566,1270,1
1763010000,0.566,0.56605,0.56544,0.56559,927,1
1763013600,0.56559,0.5657,0.56518,0.56537,725,1
1763017200,0.56537,0.56564,0.56445,0.56451,890,1
1763020800,0.56451,0.56495,0.56345,0.56477,1374,1
1763024400,0.56478,0.56697,0.56465,0.56686,2058,1
1763028000,0.56687,0.56825,0.56685,0.56823,1877,1
1763031600,0.56821,0.56823,0.56707,0.56752,2115,1
1763035200,0.56752,0.56758,0.56707,0.56713,1416,1
1763038800,0.56712,0.56727,0.56643,0.56659,1388,1
1763042400,0.56659,0.56717,0.56639,0.5671,1717,1
1763046000,0.5671,0.56722,0.56587,0.56643,2489,1
1763049600,0.56644,0.56703,0.56604,0.56686,3941,1
1763053200,0.56686,0.56764,0.56657,0.56728,4063,1
1763056800,0.56728,0.56778,0.56714,0.56759,3324,1
1763060400,0.56759,0.56764,0.56698,0.56721,2662,1
1763064000,0.56721,0.56736,0.56517,0.5655,2370,1
1763067600,0.5655,0.56605,0.56533,0.56557,1941,1
1763071200,0.56554,0.56561,0.56522,0.56548,1746,1
1763074800,0.56548,0.5656,0.56502,0.56524,689,1
1763078400,0.56524,0.56615,0.56401,0.56526,712,3
1763082000,0.56526,0.56552,0.56486,0.56492,1004,1
1763085600,0.56492,0.56609,0.56457,0.56603,1294,1
1763089200,0.56604,0.56774,0.56588,0.56758,1818,1
1763092800,0.56757,0.56833,0.56731,0.56821,1390,1
1763096400,0.56822,0.56913,0.56805,0.56861,1201,1
1763100000,0.56861,0.56899,0.56798,0.56803,1081,1
1763103600,0.56803,0.5688,0.56771,0.56877,1318,1
1763107200,0.56877,0.56884,0.56782,0.56805,1426,1
1763110800,0.56806,0.56807,0.56721,0.56753,2120,1
1763114400,0.56753,0.56807,0.5668,0.56798,3133,1
1763118000,0.56798,0.5681,0.56751,0.56752,1735,1
1763121600,0.56752,0.56793,0.56717,0.5672,1293,1
1763125200,0.5672,0.5678,0.56691,0.56779,1620,1
1763128800,0.56778,0.56872,0.56738,0.56868,2596,1
1763132400,0.56868,0.56881,0.56763,0.56805,3620,1
1763136000,0.56805,0.56876,0.56775,0.56855,4587,1
1763139600,0.56855,0.56898,0.56781,0.56842,4695,1
1763143200,0.56842,0.56907,0.56824,0.56846,2544,1
1763146800,0.56847,0.56853,0.56792,0.56823,1720,1
1763150400,0.56823,0.56827,0.56752,0.56782,2042,1
1763154000,0.56783,0.568,0.56754,0.56788,1352,1
1763157600,0.56788,0.56812,0.56757,0.56777,1039,1
1763161200,0.56777,0.56839,0.56765,0.56839,949,1
1763337600,0.56748,0.56791,0.56748,0.56786,465,17
1763341200,0.56779,0.56802,0.56749,0.56752,1025,1
1763344800,0.56752,0.56758,0.56645,0.56662,1415,1
1763348400,0.56662,0.56695,0.56605,0.56634,1545,1
1763352000,0.56634,0.56668,0.56612,0.5663,1349,1
1763355600,0.5663,0.56637,0.56577,0.56621,1197,1
1763359200,0.56621,0.56674,0.5662,0.56672,604,1
1763362800,0.56672,0.56723,0.56672,0.56708,860,1
1763366400,0.56708,0.56743,0.56671,0.56739,1101,1
1763370000,0.5674,0.5688,0.56735,0.56872,1380,1
1763373600,0.56872,0.5689,0.56738,0.56741,2024,1
1763377200,0.56741,0.56752,0.5669,0.56697,1747,1
1763380800,0.56697,0.56733,0.56625,0.56627,1411,1
1763384400,0.56627,0.567,0.566,0.56687,1604,1
1763388000,0.56687,0.56734,0.56671,0.56683,1713,1
1763391600,0.56683,0.56688,0.56606,0.56636,2110,1
1763395200,0.56636,0.56675,0.56589,0.56663,3154,1
1763398800,0.56663,0.56716,0.56587,0.56715,4000,1
1763402400,0.56715,0.56728,0.56639,0.56727,2492,1
1763406000,0.56727,0.56748,0.56682,0.56689,1467,1
1763409600,0.56688,0.56694,0.56596,0.56597,1552,1
1763413200,0.56597,0.56603,0.56497,0.56505,1970,1
1763416800,0.56505,0.56568,0.56487,0.56561,1973,1
1763420400,0.56561,0.56572,0.56533,0.56567,734,1
1763424000,0.56563,0.56598,0.5649,0.56592,867,7
1763427600,0.56591,0.56603,0.56527,0.56538,731,1
1763431200,0.56538,0.56538,0.56489,0.56504,1143,1
1763434800,0.56504,0.56575,0.56504,0.56574,1781,1
1763438400,0.56574,0.56584,0.56523,0.5653,1581,1
1763442000,0.5653,0.56544,0.56484,0.56494,1514,1
1763445600,0.56494,0.56504,0.56381,0.56504,2153,1
1763449200,0.56504,0.56581,0.56462,0.56532,1410,1
1763452800,0.56532,0.56558,0.56487,0.56493,1407,1
1763456400,0.56494,0.56605,0.56487,0.56583,1887,1
1763460000,0.56584,0.56694,0.56579,0.56638,2327,1
1763463600,0.56638,0.56676,0.56624,0.56654,1861,1
1763467200,0.56654,0.56658,0.56596,0.56627,1510,1
1763470800,0.56627,0.56688,0.5662,0.56657,1303,1
1763474400,0.56657,0.56662,0.56622,0.56658,1599,1
1763478000,0.56658,0.56749,0.56634,0.56694,2571,1
1763481600,0.56694,0.56698,0.5658,0.56593,3371,1
1763485200,0.56592,0.56607,0.56522,0.56534,4817,1
1763488800,0.56534,0.56633,0.56469,0.56593,4011,1
1763492400,0.56593,0.56635,0.56528,0.5662,2864,1
1763496000,0.5662,0.56686,0.56619,0.56648,2407,1
1763499600,0.56648,0.56681,0.56633,0.56655,1692,1
1763503200,0.56655,0.56668,0.5661,0.5661,1714,1
1763506800,0.56611,0.56611,0.56552,0.56573,675,1
1763510400,0.56573,0.56593,0.56539,0.56588,636,2
1763514000,0.56588,0.56616,0.56576,0.56584,942,1
1763517600,0.56584,0.56593,0.56447,0.56452,1556,1
1763521200,0.56452,0.56473,0.56363,0.56382,1944,1
1763524800,0.56382,0.56425,0.56349,0.56349,1462,1
1763528400,0.56349,0.56379,0.56308,0.56316,1195,1
1763532000,0.56316,0.56324,0.56279,0.56306,1179,1
1763535600,0.56306,0.5636,0.56289,0.56351,1189,1
1763539200,0.56351,0.56401,0.56337,0.56378,1031,1
1763542800,0.56379,0.56435,0.56357,0.56383,1584,1
1763546400,0.56383,0.56404,0.56288,0.56288,1964,1
1763550000,0.56288,0.56345,0.56273,0.56332,1861,1
1763553600,0.56332,0.56344,0.5624,0.56264,1817,1
1763557200,0.56264,0.5632,0.56235,0.56313,1486,1
1763560800,0.56313,0.56338,0.56277,0.56283,1194,1
1763564400,0.56283,0.56306,0.56214,0.56231,1820,1
1763568000,0.5623,0.56243,0.56165,0.5624,3349,1
1763571600,0.5624,0.56244,0.56039,0.56065,3207,1
1763575200,0.56065,0.56073,0.55964,0.56019,3152,1
1763578800,0.56019,0.5603,0.55898,0.55947,3296,1
1763582400,0.55947,0.56004,0.55946,0.55982,2438,1
1763586000,0.55981,0.55982,0.55905,0.55933,2627,1
1763589600,0.55934,0.56008,0.55928,0.5597,1677,1
1763593200,0.5597,0.5606,0.55946,0.56029,1164,1
1763596800,0.56029,0.56089,0.55973,0.56035,884,5
1763600400,0.56035,0.56149,0.56027,0.56146,1064,1
1763604000,0.56146,0.56146,0.56074,0.56108,1154,1
1763607600,0.56108,0.56132,0.56034,0.56038,1690,1
1763611200,0.56038,0.56069,0.55952,0.56052,1615,1
1763614800,0.56052,0.56126,0.56031,0.56069,1953,1
1763618400,0.56069,0.5612,0.56069,0.56088,858,1
1763622000,0.56088,0.56114,0.56038,0.56038,1065,1
1763625600,0.56038,0.56113,0.56027,0.56108,1382,1
1763629200,0.56108,0.56134,0.56063,0.56064,1574,1
1763632800,0.56063,0.56121,0.56042,0.56097,1931,1
1763636400,0.56097,0.56155,0.56081,0.56155,1784,1
1763640000,0.56156,0.56185,0.56133,0.56174,1596,1
1763643600,0.56174,0.56186,0.56096,0.56123,1201,1
1763647200,0.56123,0.56136,0.56089,0.56124,1118,1
1763650800,0.56124,0.56328,0.55987,0.56259,5802,1
1763654400,0.56259,0.56387,0.56205,0.56314,5333,1
1763658000,0.56315,0.56319,0.56117,0.56144,3876,1
1763661600,0.56144,0.56163,0.55949,0.5596,4948,1
1763665200,0.55959,0.56013,0.55893,0.5593,6442,1
1763668800,0.5593,0.56017,0.55892,0.55911,4143,1
1763672400,0.55911,0.55998,0.55887,0.55997,2908,1
1763676000,0.55997,0.56007,0.55896,0.559,2304,1
1763679600,0.559,0.55901,0.55818,0.55818,895,1
1763683200,0.55818,0.5595,0.55752,0.5587,1757,6
1763686800,0.55884,0.55955,0.55808,0.55903,1343,1
1763690400,0.55903,0.55947,0.55855,0.55932,1377,1
1763694000,0.55932,0.55973,0.559,0.55949,1862,1
1763697600,0.55949,0.55974,0.55901,0.55914,1137,1
1763701200,0.55914,0.55954,0.55903,0.55932,1357,1
1763704800,0.55932,0.55953,0.55904,0.55947,1113,1
1763708400,0.55947,0.56019,0.55946,0.5596,1549,1
1763712000,0.5596,0.56035,0.55959,0.56014,1297,1
1763715600,0.56014,0.56055,0.55954,0.55967,2382,1
1763719200,0.55967,0.56073,0.55917,0.56045,3421,1
1763722800,0.56045,0.56051,0.55943,0.55944,2400,1
1763726400,0.55944,0.5596,0.55854,0.55949,3311,1
1763730000,0.55949,0.55983,0.55892,0.55899,2105,1
1763733600,0.55899,0.56041,0.55828,0.56015,4641,1
1763737200,0.56016,0.56073,0.56004,0.56053,2925,1
1763740800,0.56053,0.56062,0.55912,0.55951,4469,1
1763744400,0.55946,0.56003,0.55873,0.55939,6630,1
1763748000,0.55939,0.56083,0.55886,0.56079,4101,1
1763751600,0.56079,0.56125,0.56042,0.56085,2596,1
1763755200,0.56085,0.56118,0.56015,0.56074,2736,1
1763758800,0.56074,0.56152,0.56072,0.56123,1767,1
1763762400,0.56123,0.56139,0.5609,0.56123,2098,1
1763766000,0.56124,0.56156,0.56053,0.56118,1654,1
1763942400,0.56068,0.56107,0.56027,0.56076,350,7
1763946000,0.56076,0.56142,0.56067,0.5612,1073,1
1763949600,0.5612,0.56123,0.56053,0.56064,870,1
1763953200,0.56064,0.5609,0.56027,0.56066,1529,1
1763956800,0.56066,0.56143,0.56052,0.56094,1532,1
1763960400,0.56094,0.56115,0.56056,0.56064,1085,1
1763964000,0.56064,0.56107,0.56047,0.56054,793,1
1763967600,0.56053,0.56093,0.56048,0.56053,1136,1
1763971200,0.56053,0.56094,0.56006,0.56009,1125,1
1763974800,0.56009,0.56083,0.55994,0.56038,1575,1
1763978400,0.56038,0.56139,0.56025,0.56088,2398,1
1763982000,0.56088,0.56088,0.55954,0.55992,2453,1
1763985600,0.55992,0.56071,0.55985,0.56064,2031,1
1763989200,0.56064,0.56115,0.56047,0.56106,1474,1
1763992800,0.56106,0.56144,0.56056,0.56114,1917,1
1763996400,0.56114,0.56134,0.56057,0.56079,1823,1
1764000000,0.56079,0.56093,0.55978,0.56029,4099,1
1764003600,0.56029,0.56106,0.55987,0.56095,3733,1
1764007200,0.56094,0.56124,0.56059,0.56062,1640,1
1764010800,0.56062,0.56105,0.56028,0.56083,1491,1
1764014400,0.56083,0.56134,0.56082,0.56126,1078,1
1764018000,0.56126,0.56134,0.56077,0.56102,877,1
1764021600,0.56102,0.56135,0.56094,0.56116,871,1
1764025200,0.56116,0.56129,0.56098,0.56101,569,1
1764028800,0.56101,0.56124,0.56067,0.56107,546,6
1764032400,0.56107,0.56139,0.56099,0.56118,991,2
1764036000,0.56118,0.56118,0.56048,0.56106,866,1
1764039600,0.56106,0.56216,0.56105,0.56139,1855,1
1764043200,0.56139,0.56143,0.56092,0.56138,1408,1
1764046800,0.56138,0.56147,0.55984,0.56032,1460,1
1764050400,0.56032,0.56037,0.55979,0.56004,866,1
1764054000,0.56004,0.56082,0.55984,0.56038,1304,1
1764057600,0.56038,0.56046,0.55925,0.55958,1053,1
1764061200,0.55958,0.56017,0.55956,0.55983,1587,1
1764064800,0.55983,0.56004,0.55946,0.55964,2040,1
1764068400,0.55964,0.56083,0.55962,0.56072,1918,1
1764072000,0.56072,0.56098,0.56034,0.56054,1579,1
1764075600,0.56054,0.56054,0.55912,0.55946,1418,1
1764079200,0.55946,0.56023,0.55938,0.55998,2832,1
1764082800,0.55998,0.5616,0.55992,0.56071,3899,1
1764086400,0.56071,0.56096,0.55946,0.56062,3807,1
1764090000,0.56062,0.56124,0.56013,0.5608,5769,1
1764093600,0.56079,0.56147,0.56059,0.56078,2509,1
1764097200,0.56078,0.56284,0.56077,0.56233,3371,1
1764100800,0.56233,0.56255,0.56206,0.56225,1964,1
1764104400,0.56225,0.56263,0.56184,0.56248,1055,1
1764108000,0.56248,0.56263,0.56164,0.56179,1316,1
1764111600,0.56179,0.56238,0.56176,0.56199,693,1
1764115200,0.56199,0.56236,0.56094,0.56207,938,4
1764118800,0.56207,0.56263,0.56206,0.56247,895,2
1764122400,0.56247,0.56312,0.5623,0.56271,1702,1
1764126000,0.56251,0.5682,0.56244,0.56684,5492,1
1764129600,0.56684,0.56918,0.56662,0.56872,3284,1
1764133200,0.56872,0.56965,0.5685,0.56909,2213,1
1764136800,0.56909,0.56923,0.56844,0.56896,1382,1
1764140400,0.56896,0.56922,0.56871,0.56908,1202,1
1764144000,0.56908,0.56942,0.56817,0.56834,1647,1
1764147600,0.56834,0.56872,0.5673,0.5678,2054,1
1764151200,0.5678,0.56808,0.56688,0.56782,2567,1
1764154800,0.56782,0.56825,0.56749,0.56762,2165,1
1764158400,0.56762,0.5678,0.56684,0.5669,1687,1
1764162000,0.5669,0.56729,0.56659,0.56705,1980,1
1764165600,0.56705,0.56724,0.56627,0.56713,3165,1
1764169200,0.56713,0.5683,0.56637,0.56707,4350,1
1764172800,0.56707,0.56803,0.56666,0.56769,3348,1
1764176400,0.56768,0.56928,0.56745,0.56891,3669,1
1764180000,0.56891,0.56939,0.56881,0.56925,2287,1
1764183600,0.56925,0.56934,0.56893,0.56929,1579,1
1764187200,0.56929,0.56966,0.56917,0.56959,1715,1
1764190800,0.56959,0.56973,0.56934,0.56947,1244,1
1764194400,0.56947,0.56963,0.56923,0.56933,941,1
1764198000,0.56933,0.57016,0.56932,0.56984,796,1
1764201600,0.56984,0.57026,0.56886,0.56979,900,7
1764205200,0.5698,0.57062,0.56979,0.57043,1007,1
1764208800,0.57043,0.57123,0.57038,0.57107,1275,1
1764212400,0.57107,0.57207,0.57098,0.57207,2072,1
1764216000,0.57207,0.57318,0.57194,0.57254,2093,1
1764219600,0.57254,0.57278,0.57218,0.57274,1312,1
1764223200,0.57274,0.57312,0.57241,0.57267,1008,1
1764226800,0.57267,0.57313,0.57247,0.57247,1224,1
1764230400,0.57247,0.57257,0.57152,0.57192,1536,1
1764234000,0.57192,0.57256,0.57162,0.57242,1472,1
1764237600,0.57242,0.57252,0.57144,0.57157,1931,1
1764241200,0.57157,0.57179,0.57118,0.57153,1627,1
1764244800,0.57153,0.57159,0.57091,0.57098,1108,1
1764248400,0.57098,0.57163,0.57087,0.57153,1118,1
1764252000,0.57153,0.57174,0.57124,0.57128,1139,1
1764255600,0.57127,0.57203,0.57116,0.57184,1478,1
1764259200,0.57184,0.57213,0.57155,0.57198,1246,1
1764262800,0.57198,0.57298,0.57194,0.57268,1368,1
1764266400,0.57268,0.5728,0.57228,0.57254,983,1
1764270000,0.57254,0.57266,0.57206,0.57235,438,2
1764273600,0.57235,0.57239,0.57218,0.57219,295,1
1764277200,0.57219,0.57233,0.57211,0.57217,284,1
1764280800,0.57217,0.57227,0.57206,0.57213,572,1
1764284400,0.57213,0.57287,0.57212,0.57287,535,1
1764288000,0.57287,0.57287,0.57084,0.57204,1605,6
1764291600,0.57204,0.57298,0.57182,0.5729,809,2
1764295200,0.5729,0.57313,0.5724,0.5726,1336,1
1764298800,0.5726,0.57291,0.5723,0.57237,1308,1
1764302400,0.57237,0.57255,0.57207,0.57239,3785,1
1764306000,0.57239,0.5725,0.57182,0.57204,10291,1
1764309600,0.57204,0.5723,0.57169,0.57174,9652,1
1764313200,0.57175,0.57192,0.57151,0.5718,12304,1
1764316800,0.57181,0.57203,0.57128,0.57138,12808,1
1764320400,0.57138,0.57184,0.57101,0.57106,14927,1
1764324000,0.57108,0.57146,0.57081,0.57092,11817,1
1764327600,0.57092,0.57131,0.57069,0.57088,15361,1
1764331200,0.57088,0.57109,0.57051,0.57062,10807,1
1764334800,0.57062,0.57089,0.57041,0.57058,12413,1
1764338400,0.57058,0.57113,0.57043,0.57087,13098,1
1764342000,0.57089,0.57209,0.57074,0.572,11280,1
1764345600,0.57202,0.57245,0.57174,0.57221,2866,1
1764349200,0.57221,0.57437,0.57213,0.57399,3444,1
1764352800,0.57399,0.57406,0.57316,0.57353,2407,1
1764356400,0.57353,0.5739,0.57317,0.57384,1294,1
1764360000,0.57383,0.57388,0.57341,0.57353,837,1
1764363600,0.57352,0.57369,0.57352,0.57366,1035,1
1764367200,0.57366,0.57389,0.57237,0.57385,4921,1
1764370800,0.57385,0.5739,0.57242,0.57323,8760,1
1764547200,0.5723,0.57319,0.57229,0.57252,3160,13
1764550800,0.57252,0.57392,0.57252,0.5736,1380,1
1764554400,0.5736,0.57373,0.57299,0.57319,2056,1
1764558000,0.57319,0.57443,0.57301,0.57383,2894,1
1764561600,0.57383,0.57383,0.57289,0.57307,2111,1
1764565200,0.57307,0.5736,0.57253,0.5736,1247,1
1764568800,0.5736,0.57371,0.57314,0.57314,1052,1
1764572400,0.57314,0.57319,0.57259,0.57288,1304,1
1764576000,0.57288,0.57304,0.5727,0.57303,1345,1
1764579600,0.57303,0.57404,0.57258,0.57362,1914,1
1764583200,0.57363,0.57397,0.57312,0.57346,2505,1
1764586800,0.57346,0.57397,0.57329,0.57378,1943,1
1764590400,0.57378,0.5739,0.57282,0.57324,1904,1
1764594000,0.57323,0.57381,0.57309,0.57369,1780,1
1764597600,0.57369,0.5748,0.5733,0.5748,2217,1
1764601200,0.5748,0.57516,0.57424,0.57445,2450,1
1764604800,0.57445,0.5745,0.57358,0.57401,3208,1
1764608400,0.57405,0.57444,0.57333,0.57415,3933,1
1764612000,0.57415,0.57437,0.57343,0.57352,2963,1
1764615600,0.57352,0.574,0.57336,0.57364,1595,1
1764619200,0.57364,0.57379,0.57301,0.57311,1074,1
1764622800,0.57311,0.57311,0.57248,0.57265,1196,1
1764626400,0.57265,0.57278,0.57246,0.57277,901,1
1764630000,0.57277,0.57285,0.57258,0.57281,501,1
1764633600,0.57281,0.57281,0.57147,0.57254,723,8
1764637200,0.57254,0.57291,0.5725,0.57252,530,2
1764640800,0.57252,0.57272,0.57207,0.57227,753,1
1764644400,0.57227,0.57264,0.57183,0.57263,1396,1
1764648000,0.57263,0.57279,0.57234,0.57265,974,1
1764651600,0.57265,0.57277,0.57219,0.57258,884,1
1764655200,0.57258,0.57282,0.57241,0.57244,643,1
1764658800,0.57244,0.57289,0.57239,0.57282,644,1
1764662400,0.57282,0.57283,0.57239,0.57277,788,1
1764666000,0.57277,0.57326,0.57267,0.57303,1093,1
1764669600,0.57303,0.57319,0.57224,0.57249,1452,1
1764673200,0.57247,0.57264,0.57153,0.57177,1284,1
1764676800,0.57176,0.5718,0.57108,0.57132,1374,1
1764680400,0.57132,0.57185,0.57127,0.57157,1205,1
1764684000,0.57157,0.57243,0.57144,0.57233,1317,1
1764687600,0.57233,0.5731,0.5722,0.57309,1628,1
1764691200,0.57309,0.57365,0.57279,0.57332,2892,1
1764694800,0.57332,0.57446,0.57256,0.57402,3085,1
1764698400,0.57401,0.57405,0.57234,0.5725,2786,1
1764702000,0.5725,0.57327,0.57232,0.57268,1842,1
1764705600,0.57268,0.57309,0.57248,0.57278,1226,1
1764709200,0.57278,0.57364,0.57273,0.57342,1319,1
1764712800,0.57342,0.57374,0.57332,0.57352,998,1
1764716400,0.57352,0.57384,0.57334,0.57342,596,1
1764720000,0.57342,0.5738,0.57283,0.57355,1070,1
1764723600,0.57355,0.57409,0.57353,0.57407,1468,2
1764727200,0.57407,0.57443,0.5735,0.57388,1804,1
1764730800,0.57388,0.5747,0.57372,0.57462,1733,1
1764734400,0.57462,0.57523,0.57458,0.57507,1503,1
1764738000,0.57507,0.57525,0.57482,0.57487,954,1
1764741600,0.57487,0.57531,0.57478,0.57526,729,1
1764745200,0.57526,0.57553,0.57517,0.5754,952,1
1764748800,0.5754,0.57541,0.57483,0.57511,1358,2
1764752400,0.57511,0.5755,0.57435,0.57446,1545,1
1764756000,0.57447,0.57468,0.57398,0.5744,1503,1
1764759600,0.57444,0.57457,0.57393,0.57417,1738,1
1764763200,0.57418,0.57498,0.57417,0.57482,1258,1
1764766800,0.57482,0.57518,0.57467,0.57504,984,1
1764770400,0.57504,0.57516,0.57456,0.57456,1157,1
1764774000,0.57456,0.57573,0.57434,0.57472,2882,1
1764777600,0.57472,0.5751,0.57345,0.57469,4103,1
1764781200,0.57468,0.57659,0.57428,0.57624,4467,1
1764784800,0.57624,0.57714,0.57619,0.57674,2363,1
1764788400,0.57674,0.57729,0.57663,0.57717,1399,1
1764792000,0.57717,0.57753,0.57715,0.57727,1103,1
1764795600,0.57727,0.57765,0.57725,0.57764,886,1
1764799200,0.57764,0.57764,0.5773,0.57738,769,1
1764802800,0.57738,0.57777,0.5773,0.5773,1542,1
1764806400,0.5773,0.5773,0.57672,0.57716,441,7
1764810000,0.57716,0.57738,0.57713,0.5773,707,1
1764813600,0.5773,0.57745,0.57667,0.57745,1059,1
1764817200,0.57745,0.57763,0.57661,0.57678,1568,1
1764820800,0.57678,0.57714,0.57672,0.57688,1314,1
1764824400,0.57688,0.57688,0.57613,0.57673,1108,1
1764828000,0.57673,0.57718,0.57664,0.57712,1023,1
1764831600,0.57712,0.57742,0.57691,0.57712,1289,1
1764835200,0.57712,0.57716,0.57653,0.57691,1102,1
1764838800,0.57691,0.57738,0.57662,0.57732,1355,1
1764842400,0.57732,0.57787,0.57725,0.57729,2595,1
1764846000,0.5773,0.57772,0.57707,0.57733,2065,1
1764849600,0.57733,0.5775,0.57673,0.5768,1476,1
1764853200,0.57681,0.57713,0.57654,0.57706,1362,1
1764856800,0.57706,0.5773,0.57633,0.57664,1422,1
1764860400,0.57664,0.57688,0.57575,0.57647,2561,1
1764864000,0.57647,0.57765,0.57638,0.57692,2550,1
1764867600,0.57693,0.57786,0.57621,0.57748,3075,1
1764871200,0.57748,0.57759,0.57687,0.57735,2451,1
1764874800,0.57735,0.5774,0.57704,0.57726,1406,1
1764878400,0.57726,0.57753,0.57702,0.57712,997,1
1764882000,0.57712,0.57712,0.57654,0.57685,1125,1
1764885600,0.57685,0.57686,0.57653,0.57665,846,1
1764889200,0.57665,0.57672,0.57576,0.57576,468,1
1764892800,0.57576,0.57667,0.57518,0.57603,5624,1
1764896400,0.57601,0.57667,0.57581,0.57587,1103,2
1764900000,0.57587,0.57637,0.57587,0.57634,817,1
1764903600,0.57634,0.57697,0.57634,0.57682,1204,1
1764907200,0.57681,0.57694,0.57643,0.57657,1012,1
1764910800,0.57657,0.57659,0.5762,0.5764,985,1
1764914400,0.5764,0.57702,0.57637,0.57683,853,1
1764918000,0.57683,0.57718,0.57659,0.57698,1216,1
1764921600,0.57698,0.57755,0.57689,0.57745,1296,1
1764925200,0.57745,0.57809,0.57733,0.57739,1524,1
1764928800,0.57739,0.57788,0.57715,0.57721,1802,1
1764932400,0.57721,0.57753,0.57699,0.57746,1408,1
1764936000,0.57746,0.5778,0.57714,0.57764,1156,1
1764939600,0.57764,0.57766,0.57673,0.57709,1287,1
1764943200,0.57709,0.57796,0.57708,0.57793,1530,1
1764946800,0.57794,0.5783,0.57766,0.57802,2185,1
1764950400,0.57802,0.57869,0.57771,0.57836,2865,1
1764954000,0.57839,0.57854,0.57764,0.57809,2682,1
1764957600,0.57809,0.57809,0.57631,0.57703,2876,1
1764961200,0.57703,0.57757,0.57682,0.57756,1509,1
1764964800,0.57756,0.57775,0.57725,0.57748,1030,1
1764968400,0.57747,0.57768,0.57725,0.57768,909,1
1764972000,0.57768,0.57768,0.57722,0.57746,760,1
1764975600,0.57746,0.57764,0.57713,0.5774,881,1
1765152000,0.57701,0.57777,0.5765,0.57721,2069,16
1765155600,0.57706,0.57777,0.57677,0.57748,4161,1
1765159200,0.57748,0.57849,0.57736,0.57843,1565,1
1765162800,0.57843,0.57913,0.57827,0.57885,1639,1
1765166400,0.57885,0.57902,0.57849,0.57894,1165,1
1765170000,0.57894,0.57913,0.57832,0.57844,946,1
1765173600,0.57844,0.57877,0.57838,0.57849,673,2
1765177200,0.57849,0.57867,0.57815,0.57857,866,2
1765180800,0.57857,0.57901,0.57807,0.57847,1415,1
1765184400,0.57847,0.57858,0.57743,0.57775,1460,1
1765188000,0.57775,0.57848,0.57763,0.57831,1693,1
1765191600,0.57829,0.57893,0.57788,0.57839,1393,1
1765195200,0.57839,0.57868,0.57824,0.57825,1140,1
1765198800,0.57825,0.57839,0.57758,0.57765,981,1
1765202400,0.57767,0.57863,0.57745,0.57863,1196,1
1765206000,0.57863,0.57925,0.5782,0.5784,1888,1
1765209600,0.5784,0.57883,0.57739,0.5774,2583,1
1765213200,0.5774,0.5774,0.57587,0.5761,2924,1
1765216800,0.5761,0.57704,0.57595,0.57693,2225,1
1765220400,0.57693,0.57774,0.57665,0.57773,1669,1
1765224000,0.57774,0.57798,0.57701,0.57718,1424,1
1765227600,0.57718,0.57754,0.57702,0.57742,941,1
1765231200,0.57742,0.57771,0.57737,0.57771,768,1
1765234800,0.57771,0.57771,0.57687,0.57687,554,1
1765238400,0.57687,0.57736,0.57648,0.57702,1102,8
1765242000,0.57706,0.57757,0.577,0.57757,930,1
1765245600,0.57757,0.57774,0.57712,0.57716,1023,1
1765249200,0.57716,0.57755,0.57672,0.57749,1401,1
1765252800,0.57749,0.57805,0.57727,0.578,1199,1
1765256400,0.578,0.57878,0.57754,0.57857,2118,1
1765260000,0.57857,0.57904,0.57831,0.57901,1662,1
1765263600,0.57902,0.57923,0.57847,0.57877,1579,1
1765267200,0.57877,0.57879,0.57797,0.57829,1438,1
1765270800,0.5783,0.57857,0.57772,0.57809,1403,1
1765274400,0.57809,0.57838,0.57783,0.57814,1582,1
1765278000,0.57814,0.57945,0.5781,0.57929,1661,1
1765281600,0.57928,0.57933,0.57859,0.57876,1446,1
1765285200,0.57877,0.57908,0.57856,0.57885,1206,1
1765288800,0.57884,0.5789,0.57828,0.57851,1287,1
1765292400,0.57852,0.5789,0.57799,0.57854,2018,1
1765296000,0.57854,0.57886,0.57797,0.57874,3118,1
1765299600,0.57875,0.57947,0.57732,0.57841,4377,1
1765303200,0.5784,0.5793,0.57836,0.57916,2399,1
1765306800,0.57916,0.57927,0.57783,0.57784,1649,1
1765310400,0.57784,0.57794,0.57753,0.5779,1038,1
1765314000,0.5779,0.57818,0.57773,0.57798,977,1
1765317600,0.57798,0.57816,0.57787,0.57808,849,1
1765321200,0.57808,0.57813,0.5778,0.57789,511,1
1765324800,0.57694,0.57804,0.57657,0.57783,2500,8
1765328400,0.57783,0.57802,0.5777,0.57788,689,2
1765332000,0.57787,0.57822,0.57748,0.57752,1062,1
1765335600,0.57752,0.57769,0.57664,0.57667,1539,1
1765339200,0.57667,0.57697,0.57648,0.57658,1357,1
1765342800,0.57658,0.57694,0.57612,0.57679,1147,1
1765346400,0.57679,0.5774,0.57667,0.57731,956,1
1765350000,0.57731,0.57764,0.57707,0.57758,1163,1
1765353600,0.57758,0.57817,0.57753,0.57817,1012,1
1765357200,0.57818,0.57839,0.57793,0.57824,1168,1
1765360800,0.57824,0.57891,0.57803,0.57867,1589,1
1765364400,0.57867,0.57889,0.57806,0.57865,1610,1
1765368000,0.57865,0.57894,0.57817,0.57839,1502,1
1765371600,0.57839,0.57862,0.57801,0.57853,1175,1
1765375200,0.57853,0.57878,0.57823,0.57839,1001,1
1765378800,0.57841,0.57847,0.57746,0.57818,2119,1
1765382400,0.57818,0.57834,0.57769,0.57821,2704,1
1765386000,0.57823,0.57869,0.57752,0.57789,2646,1
1765389600,0.57789,0.57865,0.57754,0.57863,1876,1
1765393200,0.57863,0.57895,0.57833,0.57874,1608,1
1765396800,0.57873,0.57903,0.57774,0.57792,1302,1
1765400400,0.57796,0.58085,0.57737,0.58044,9775,1
1765404000,0.58044,0.58244,0.58013,0.58161,4434,1
1765407600,0.58162,0.58181,0.58132,0.58149,1180,1
1765411200,0.58149,0.5815,0.58094,0.58123,640,3
1765414800,0.58122,0.58171,0.5811,0.58158,1021,2
1765418400,0.58159,0.58203,0.581,0.58129,2001,1
1765422000,0.58129,0.58187,0.58114,0.58168,2084,1
1765425600,0.58168,0.58204,0.58034,0.58044,1948,1
1765429200,0.58044,0.58062,0.57953,0.57969,2090,1
1765432800,0.57969,0.57988,0.57916,0.57972,1112,1
1765436400,0.57972,0.57986,0.57934,0.57944,1285,1
1765440000,0.57944,0.57957,0.57881,0.57954,1335,1
1765443600,0.57954,0.58034,0.57927,0.57994,1898,1
1765447200,0.57996,0.58064,0.57983,0.58037,2405,1
1765450800,0.58037,0.5806,0.57978,0.58053,1930,1
1765454400,0.58054,0.58074,0.58018,0.58064,1529,1
1765458000,0.58064,0.58143,0.58059,0.58118,1480,1
1765461600,0.58119,0.58153,0.58108,0.58146,1409,1
1765465200,0.58147,0.58264,0.58108,0.58224,2785,1
1765468800,0.58224,0.58312,0.58163,0.58178,3225,1
1765472400,0.58177,0.58242,0.58142,0.58215,3556,1
1765476000,0.58214,0.58239,0.58107,0.58179,2766,1
1765479600,0.58179,0.58231,0.58154,0.58174,2085,1
1765483200,0.58175,0.58208,0.58151,0.58163,1587,1
1765486800,0.58163,0.5817,0.58093,0.58097,1107,1
1765490400,0.58098,0.58109,0.58052,0.58098,995,1
1765494000,0.58097,0.58113,0.58056,0.58056,765,1
1765497600,0.58056,0.58115,0.58035,0.5805,2257,5
1765501200,0.58052,0.58099,0.58051,0.58093,1480,2
1765504800,0.58094,0.58177,0.58087,0.5815,1546,1
1765508400,0.58152,0.58204,0.58112,0.58122,1612,1
1765512000,0.58123,0.58158,0.58093,0.58124,1349,1
1765515600,0.58124,0.58132,0.58104,0.58111,810,1
1765519200,0.58111,0.58112,0.58075,0.58078,603,1
1765522800,0.58078,0.58144,0.58076,0.58137,827,1
1765526400,0.58137,0.58162,0.58098,0.58118,1052,1
1765530000,0.58113,0.58157,0.58075,0.58129,1656,1
1765533600,0.58129,0.58194,0.58125,0.58163,2217,1
1765537200,0.58163,0.5818,0.58102,0.58148,1675,1
1765540800,0.58149,0.58154,0.58073,0.58115,1317,1
1765544400,0.58115,0.5812,0.58057,0.58107,1059,1
1765548000,0.58107,0.58124,0.58047,0.5806,1411,1
1765551600,0.5806,0.58122,0.58048,0.58085,1799,1
1765555200,0.58085,0.58156,0.58067,0.58114,2371,1
1765558800,0.58114,0.58118,0.57921,0.57957,4243,1
1765562400,0.57956,0.57981,0.57876,0.57916,3875,1
1765566000,0.57916,0.58058,0.57911,0.58037,2512,1
1765569600,0.58037,0.5808,0.58025,0.58028,1481,1
1765573200,0.58028,0.58033,0.57991,0.58028,1288,1
1765576800,0.58028,0.58078,0.57994,0.58019,1606,1
1765580400,0.5802,0.58058,0.57981,0.5799,1164,1
1765756800,0.57899,0.58017,0.57864,0.57877,985,12
1765760400,0.57882,0.58039,0.57876,0.58014,1240,1
1765764000,0.58014,0.58038,0.57977,0.58037,1034,1
1765767600,0.58037,0.58085,0.58012,0.58075,1794,1
1765771200,0.58075,0.58078,0.57744,0.57808,2874,1
1765774800,0.57808,0.57842,0.57674,0.577,1491,1
1765778400,0.577,0.57754,0.57654,0.57749,1059,1
1765782000,0.57749,0.57819,0.57748,0.5781,1000,2
1765785600,0.57808,0.57852,0.57767,0.57847,1176,1
1765789200,0.57847,0.5788,0.57828,0.5783,1556,1
1765792800,0.5783,0.57867,0.57783,0.57788,1675,1
1765796400,0.57785,0.57865,0.57783,0.57855,1463,1
1765800000,0.57855,0.57868,0.578,0.57854,1124,1
1765803600,0.57854,0.57953,0.5785,0.5793,965,1
1765807200,0.5793,0.57974,0.57928,0.57941,1116,1
1765810800,0.57941,0.57988,0.57911,0.57911,1645,1
1765814400,0.57906,0.58027,0.57891,0.57969,3043,1
1765818000,0.57968,0.58028,0.57918,0.58022,4341,1
1765821600,0.58023,0.58031,0.57898,0.57934,3181,1
1765825200,0.57934,0.57945,0.57862,0.57877,2214,1
1765828800,0.57877,0.57905,0.57826,0.5786,1510,1
1765832400,0.5786,0.57881,0.57834,0.57877,1044,1
1765836000,0.57873,0.5788,0.57843,0.57847,979,1
1765839600,0.57847,0.57863,0.57793,0.57807,511,1
1765843200,0.57756,0.57818,0.57747,0.57796,996,8
1765846800,0.57798,0.5789,0.57797,0.57854,1015,1
1765850400,0.57854,0.5787,0.5771,0.5772,1231,1
1765854000,0.5772,0.57733,0.57582,0.57648,2539,1
1765857600,0.57648,0.57697,0.57633,0.57679,2027,1
1765861200,0.57679,0.57771,0.57671,0.57767,1370,1
1765864800,0.57767,0.57817,0.57753,0.57789,950,2
1765868400,0.57789,0.57817,0.57758,0.57772,1177,2
1765872000,0.57772,0.57854,0.57752,0.57842,1120,1
1765875600,0.57843,0.57869,0.57819,0.5785,1219,1
1765879200,0.5785,0.57914,0.57849,0.57875,1662,1
1765882800,0.57875,0.5789,0.57829,0.57832,1441,1
1765886400,0.57832,0.57863,0.57816,0.57828,1026,1
1765890000,0.57828,0.57853,0.57807,0.57853,790,1
1765893600,0.57853,0.57858,0.57789,0.5785,1170,1
1765897200,0.57853,0.58071,0.57782,0.57923,6039,1
1765900800,0.57917,0.5806,0.57888,0.58041,5368,1
1765904400,0.58043,0.58048,0.57853,0.5792,4639,1
1765908000,0.5792,0.57941,0.57879,0.57926,2813,1
1765911600,0.57925,0.57989,0.57878,0.57888,2137,1
1765915200,0.57888,0.57894,0.57796,0.57869,2019,1
1765918800,0.57869,0.57908,0.5771,0.57878,2835,1
1765922400,0.57878,0.5792,0.5786,0.57877,1773,1
1765926000,0.57878,0.57879,0.5769,0.57711,717,1
1765929600,0.57711,0.57818,0.57658,0.57802,710,7
1765933200,0.57802,0.5787,0.57802,0.57837,631,1
1765936800,0.57837,0.57837,0.57759,0.57797,1210,1
1765940400,0.57797,0.57886,0.57772,0.57878,1986,1
1765944000,0.57879,0.57884,0.57712,0.57818,2363,1
1765947600,0.57818,0.5788,0.57795,0.57872,1352,1
1765951200,0.57872,0.57872,0.57748,0.57749,1282,1
1765954800,0.57749,0.5776,0.5772,0.57753,1271,1
1765958400,0.57753,0.57769,0.57689,0.57708,1495,2
1765962000,0.5771,0.57735,0.57671,0.57715,2699,1
1765965600,0.57716,0.57779,0.57685,0.57769,1773,1
1765969200,0.57768,0.57789,0.57703,0.57703,1604,1
1765972800,0.57703,0.5778,0.5769,0.57774,1230,1
1765976400,0.57774,0.57804,0.57699,0.57734,1287,1
1765980000,0.57734,0.578,0.57734,0.57797,1230,1
1765983600,0.57797,0.57804,0.57718,0.57792,2350,1
1765987200,0.57792,0.57878,0.57767,0.57853,2854,1
1765990800,0.57855,0.57942,0.57791,0.57832,3546,1
1765994400,0.57832,0.57898,0.57735,0.57757,3495,1
1765998000,0.57757,0.57793,0.57738,0.57769,2648,1
1766001600,0.57769,0.57818,0.57717,0.57732,1744,1
1766005200,0.57732,0.57788,0.57729,0.57758,1418,1
1766008800,0.57758,0.57819,0.57749,0.57757,1282,1
1766012400,0.57757,0.57833,0.57669,0.57669,1040,1
1766016000,0.57669,0.57779,0.57669,0.577,1156,6
1766019600,0.577,0.57728,0.57687,0.57688,794,2
1766023200,0.57688,0.57706,0.57625,0.57667,1100,1
1766026800,0.57667,0.57703,0.57606,0.57642,1679,1
1766030400,0.57642,0.57704,0.57634,0.57648,1490,1
1766034000,0.57648,0.57674,0.57544,0.57558,1158,1
1766037600,0.57558,0.57616,0.57558,0.57616,818,1
1766041200,0.57616,0.57657,0.57604,0.57643,1129,1
1766044800,0.57643,0.57653,0.57583,0.57617,1385,1
1766048400,0.57618,0.57681,0.57615,0.57634,1448,1
1766052000,0.57634,0.57663,0.57603,0.57637,1481,1
1766055600,0.57637,0.57646,0.57584,0.57633,1476,1
1766059200,0.57633,0.57688,0.57628,0.57669,1058,1
1766062800,0.5767,0.5768,0.57644,0.57661,898,1
1766066400,0.57661,0.57701,0.57607,0.57634,1803,1
1766070000,0.57634,0.57872,0.57619,0.57789,5236,1
1766073600,0.5779,0.57874,0.57749,0.57784,4675,1
1766077200,0.57784,0.5782,0.57694,0.57777,3813,1
1766080800,0.57776,0.5787,0.57771,0.57792,2525,1
1766084400,0.57793,0.57798,0.57663,0.57732,3367,1
1766088000,0.57732,0.57769,0.57697,0.5774,1599,1
1766091600,0.5774,0.57753,0.57713,0.57723,1726,1
1766095200,0.57723,0.57748,0.57707,0.57719,1327,1
1766098800,0.5772,0.57766,0.57718,0.57751,566,1
1766102400,0.57704,0.57734,0.57662,0.57717,516,10
1766106000,0.57715,0.5777,0.5771,0.57746,524,2
1766109600,0.57746,0.57823,0.57704,0.57812,1282,1
1766113200,0.57814,0.57833,0.57705,0.5772,1593,1
1766116800,0.57722,0.57754,0.57662,0.57677,1301,1
1766120400,0.57677,0.57696,0.57642,0.57647,1696,2
1766124000,0.57647,0.57657,0.57592,0.57618,878,1
1766127600,0.57618,0.57624,0.57583,0.57584,924,1
1766131200,0.57584,0.57635,0.57559,0.57598,1472,1
1766134800,0.57597,0.57619,0.57447,0.57473,1976,1
1766138400,0.57475,0.57528,0.57454,0.57493,1875,1
1766142000,0.57493,0.5752,0.57453,0.57487,1567,1
1766145600,0.57487,0.57507,0.57459,0.57498,1350,1
1766149200,0.57498,0.57502,0.57434,0.57453,1168,1
1766152800,0.57453,0.5746,0.5741,0.57412,1343,1
1766156400,0.57413,0.57452,0.5736,0.57452,2009,1
1766160000,0.57452,0.57578,0.57445,0.57543,3246,1
1766163600,0.57543,0.57599,0.57482,0.57521,2857,1
1766167200,0.57521,0.576,0.57514,0.57587,1846,1
1766170800,0.57587,0.57609,0.57554,0.57595,1090,1
1766174400,0.57594,0.57658,0.57593,0.57614,987,2
1766178000,0.57614,0.57647,0.57604,0.57641,880,1
1766181600,0.5764,0.57653,0.57557,0.57581,867,1
1766185200,0.57581,0.57592,0.57522,0.57554,1193,1
1766361600,0.57465,0.57537,0.57372,0.57483,701,10
1766365200,0.57483,0.57574,0.57473,0.57563,4979,1
1766368800,0.57563,0.57648,0.57529,0.57643,3398,1
1766372400,0.57643,0.57693,0.57598,0.57626,3209,1
1766376000,0.57626,0.57701,0.57622,0.57693,827,1
1766379600,0.57693,0.57714,0.57652,0.57658,1004,1
1766383200,0.57658,0.57709,0.57657,0.577,609,2
1766386800,0.577,0.57709,0.57673,0.57686,742,1
1766390400,0.57686,0.57701,0.57664,0.57689,865,1
1766394000,0.57689,0.57834,0.57688,0.57784,1387,1
1766397600,0.57784,0.57848,0.57772,0.57842,1454,1
1766401200,0.57843,0.57849,0.57788,0.57828,1225,1
1766404800,0.57828,0.57868,0.57823,0.57839,1053,1
1766408400,0.57839,0.57882,0.57827,0.57881,896,1
1766412000,0.57881,0.57895,0.57853,0.57889,1149,1
1766415600,0.57889,0.57923,0.57879,0.57885,1596,1
1766419200,0.57885,0.57981,0.57851,0.57968,2251,1
1766422800,0.57966,0.57998,0.57938,0.57941,2329,1
1766426400,0.57941,0.57979,0.57928,0.57963,1909,1
1766430000,0.57963,0.58013,0.57953,0.57971,1218,1
1766433600,0.57972,0.57987,0.57921,0.57942,958,1
1766437200,0.57942,0.57947,0.57916,0.57939,689,1
1766440800,0.57939,0.57968,0.57923,0.57934,631,1
1766444400,0.57934,0.57959,0.57926,0.57926,386,2
1766448000,0.57926,0.57944,0.57795,0.57932,546,6
1766451600,0.57932,0.57977,0.57921,0.57954,1048,2
1766455200,0.57954,0.58075,0.57946,0.58027,1021,1
1766458800,0.58027,0.58096,0.58003,0.58069,1297,1
1766462400,0.58069,0.58167,0.58067,0.58157,1297,1
1766466000,0.58157,0.58164,0.58101,0.58134,1271,1
1766469600,0.58134,0.58165,0.58122,0.58141,1114,1
1766473200,0.58141,0.58159,0.58104,0.58119,1287,1
1766476800,0.58119,0.58154,0.58077,0.58108,1144,2
1766480400,0.58111,0.58225,0.58098,0.58201,1765,1
1766484000,0.58201,0.58327,0.58192,0.58313,1696,1
1766487600,0.58313,0.58379,0.58303,0.58379,1841,1
1766491200,0.58381,0.58411,0.5837,0.58398,1270,1
1766494800,0.58398,0.58413,0.58368,0.58371,1070,1
1766498400,0.58371,0.58422,0.58364,0.58386,1297,1
1766502000,0.58386,0.58432,0.58279,0.58284,3265,1
1766505600,0.58284,0.58308,0.58196,0.58228,3540,1
1766509200,0.5823,0.5831,0.58205,0.58296,3517,1
1766512800,0.58297,0.58334,0.58283,0.58307,1860,1
1766516400,0.58308,0.58338,0.58284,0.58293,1327,1
1766520000,0.58293,0.58354,0.58282,0.58352,924,1
1766523600,0.58352,0.58402,0.58351,0.5839,878,1
1766527200,0.58391,0.58394,0.58367,0.58384,611,1
1766530800,0.58384,0.58425,0.58381,0.58411,522,1
1766534400,0.58411,0.58411,0.58248,0.58394,638,6
1766538000,0.58394,0.5843,0.58386,0.58428,1133,1
1766541600,0.58428,0.58444,0.58371,0.58403,894,2
1766545200,0.58403,0.58485,0.5836,0.58485,1319,2
1766548800,0.58485,0.58532,0.58473,0.58476,1083,1
1766552400,0.58476,0.58482,0.58399,0.58403,968,1
1766556000,0.58403,0.58425,0.58392,0.58402,683,1
1766559600,0.58402,0.5845,0.58399,0.58444,692,1
1766563200,0.58444,0.58474,0.58432,0.58457,837,2
1766566800,0.58457,0.58479,0.58409,0.58438,1258,1
1766570400,0.58437,0.58468,0.58384,0.58463,1591,1
1766574000,0.58464,0.58477,0.58423,0.58464,997,1
1766577600,0.58464,0.58468,0.58427,0.58458,847,1
1766581200,0.58458,0.58466,0.58422,0.58423,941,1
1766584800,0.58423,0.58458,0.58352,0.58367,1060,1
1766588400,0.58367,0.58389,0.58333,0.58368,1926,1
1766592000,0.58368,0.58397,0.58333,0.58371,2026,1
1766595600,0.58371,0.58425,0.58327,0.58362,2203,1
1766599200,0.58362,0.5841,0.58322,0.58349,1700,1
1766602800,0.58348,0.5837,0.58324,0.58337,1223,1
1766606400,0.58339,0.58368,0.58306,0.58362,1570,1
1766610000,0.58362,0.58366,0.58332,0.58352,696,2
1766613600,0.58352,0.58358,0.58338,0.58347,1167,1
1766617200,0.58347,0.58349,0.58322,0.58324,1554,3
1766707200,0.58239,0.58391,0.58204,0.58349,240,28
1766710800,0.58349,0.58366,0.58236,0.58355,3646,2
1766714400,0.58356,0.58394,0.58331,0.58341,1009,1
1766718000,0.58341,0.58417,0.58341,0.58348,1514,1
1766721600,0.58348,0.58405,0.58341,0.58387,1059,1
1766725200,0.58387,0.58394,0.58318,0.58318,1152,1
1766728800,0.58318,0.58345,0.58308,0.58326,864,2
1766732400,0.58326,0.5836,0.58292,0.58348,904,1
1766736000,0.58348,0.58367,0.58275,0.58284,1567,1
1766739600,0.58284,0.58293,0.58218,0.58245,1826,1
1766743200,0.58245,0.58258,0.58209,0.58256,1946,1
1766746800,0.58254,0.58263,0.58188,0.5819,1192,1
1766750400,0.5819,0.58228,0.58178,0.5819,1277,1
1766754000,0.5819,0.58227,0.5819,0.58208,1031,1
1766757600,0.58208,0.58219,0.58182,0.58215,1180,1
1766761200,0.58215,0.58335,0.58203,0.58319,2070,1
1766764800,0.58319,0.58368,0.58316,0.58341,2366,1
1766768400,0.58342,0.58423,0.58316,0.58344,2985,1
1766772000,0.58341,0.58352,0.58241,0.5827,3186,1
1766775600,0.5827,0.58299,0.58252,0.58295,1804,1
1766779200,0.58295,0.58317,0.58285,0.58295,1298,1
1766782800,0.58296,0.58303,0.58265,0.58294,1223,1
1766786400,0.58294,0.58324,0.58287,0.58324,1411,1
1766790000,0.58324,0.58332,0.58153,0.58213,1882,2
1766966400,0.58213,0.5829,0.58207,0.5826,734,12
1766970000,0.58255,0.583,0.58241,0.58259,1659,2
1766973600,0.58259,0.58329,0.58253,0.58268,1557,1
1766977200,0.58268,0.58314,0.58257,0.58291,1971,1
1766980800,0.58291,0.58334,0.58253,0.58313,1422,1
1766984400,0.58313,0.58328,0.58278,0.583,980,2
1766988000,0.583,0.58315,0.58249,0.58251,779,2
1766991600,0.58251,0.58252,0.58193,0.58194,1057,1
1766995200,0.58194,0.58218,0.58164,0.58193,1351,1
1766998800,0.58193,0.5825,0.58156,0.58185,1951,1
1767002400,0.58185,0.58185,0.58076,0.58135,2005,1
1767006000,0.58135,0.58144,0.58029,0.58075,2015,1
1767009600,0.58075,0.58109,0.58042,0.58044,1263,1
1767013200,0.58045,0.58049,0.57988,0.57998,1458,1
1767016800,0.57998,0.57998,0.579,0.57959,1609,1
1767020400,0.5796,0.58,0.57929,0.57979,2262,1
1767024000,0.5798,0.58088,0.57927,0.58049,3542,1
1767027600,0.58049,0.58097,0.5795,0.58097,4533,1
1767031200,0.58097,0.58107,0.58028,0.58054,2528,1
1767034800,0.58054,0.58062,0.58017,0.58029,1614,1
1767038400,0.5803,0.58062,0.57991,0.57992,1045,1
1767042000,0.57992,0.58072,0.57982,0.58062,951,1
1767045600,0.58062,0.58072,0.58023,0.58042,839,1
1767049200,0.58041,0.58074,0.58031,0.58034,546,1
1767052800,0.58034,0.58069,0.57883,0.5803,1100,5
1767056400,0.5803,0.58078,0.58008,0.58077,832,2
1767060000,0.58077,0.58097,0.58039,0.58057,717,1
1767063600,0.58057,0.58094,0.58021,0.58089,1332,1
1767067200,0.58089,0.58115,0.58029,0.58084,1335,1
1767070800,0.58084,0.58109,0.58047,0.58075,825,1
1767074400,0.58075,0.58139,0.58075,0.58132,682,2
1767078000,0.58132,0.58179,0.58121,0.58164,1019,1
1767081600,0.58164,0.58194,0.58147,0.58172,970,2
1767085200,0.58172,0.5818,0.58115,0.58137,1111,1
1767088800,0.58136,0.58156,0.58085,0.58096,1536,1
1767092400,0.58096,0.5815,0.58065,0.58069,1096,1
1767096000,0.58069,0.58119,0.58068,0.58083,884,1
1767099600,0.58084,0.58089,0.57992,0.58003,900,1
1767103200,0.58004,0.58008,0.57966,0.57981,1052,1
1767106800,0.57981,0.5801,0.57941,0.57974,1922,1
1767110400,0.57974,0.58026,0.57963,0.58023,1834,1
1767114000,0.58024,0.58048,0.57902,0.58047,2480,1
1767117600,0.58047,0.58064,0.58002,0.58024,1966,1
1767121200,0.58024,0.58038,0.57994,0.58024,1118,1
1767124800,0.58025,0.5805,0.57957,0.57967,780,1
1767128400,0.57964,0.57975,0.57898,0.57917,878,2
1767132000,0.57917,0.57945,0.57885,0.5789,690,1
1767135600,0.57892,0.57929,0.57892,0.57916,447,1
1767139200,0.57916,0.57924,0.57891,0.57893,777,6
1767142800,0.57893,0.57915,0.57891,0.57903,761,2
1767146400,0.57903,0.57921,0.57853,0.57878,674,1
1767150000,0.57878,0.57914,0.57807,0.57807,1607,1
1767153600,0.57807,0.57834,0.57761,0.57817,1428,1
1767157200,0.57817,0.57838,0.57788,0.57798,958,1
1767160800,0.57798,0.57811,0.57768,0.57772,644,2
1767164400,0.57772,0.57798,0.57702,0.57724,1135,0
1767168000,0.57724,0.57725,0.57673,0.57702,978,0
1767171600,0.57702,0.57727,0.57638,0.57725,1305,1
1767175200,0.57725,0.57743,0.57643,0.57655,1532,1
1767178800,0.57655,0.57688,0.57647,0.57659,1349,1
1767182400,0.57659,0.57684,0.576,0.57624,1215,1
1767186000,0.57624,0.57698,0.5762,0.57687,1194,1
1767189600,0.57685,0.57735,0.57682,0.57702,1382,1
1767193200,0.57702,0.57708,0.5761,0.57683,2265,1
1767196800,0.57683,0.57687,0.57581,0.57585,2892,1
1767200400,0.57585,0.5759,0.574,0.57498,3209,1
1767204000,0.57498,0.5755,0.57485,0.57535,2462,1
1767207600,0.57536,0.57566,0.57518,0.57547,1782,1
1767211200,0.57547,0.57562,0.57545,0.57558,48,1
1767344400,0.57559,0.57652,0.57555,0.57639,1356,1
1767348000,0.57639,0.57712,0.57617,0.57689,2193,1
1767351600,0.57689,0.57722,0.57664,0.57694,1593,1
1767355200,0.57695,0.57739,0.57683,0.57721,1269,1
1767358800,0.57721,0.57728,0.57674,0.57693,1059,1
1767362400,0.57693,0.57724,0.57667,0.57688,1156,1
1767366000,0.57688,0.57707,0.57642,0.57654,1670,1
1767369600,0.57654,0.57742,0.57648,0.57738,2622,1
1767373200,0.57736,0.57779,0.57688,0.57716,3798,1
1767376800,0.57716,0.57717,0.57637,0.57652,3002,1
1767380400,0.57652,0.57704,0.57638,0.57673,1866,1
1767384000,0.57673,0.57676,0.57589,0.57617,1321,1
1767387600,0.57617,0.5767,0.57612,0.57665,1197,1
1767391200,0.57665,0.57678,0.57643,0.57674,1083,1
1767394800,0.57674,0.57708,0.57593,0.57667,1056,1
1767571200,0.5758,0.57621,0.57265,0.57567,877,18
1767574800,0.57556,0.5769,0.57515,0.57546,1732,1
1767578400,0.57546,0.57632,0.57522,0.57543,1960,1
1767582000,0.57543,0.57616,0.57486,0.57564,2743,1
1767585600,0.57564,0.57626,0.57533,0.57597,2383,1
1767589200,0.57597,0.57615,0.57497,0.57497,1768,1
1767592800,0.57497,0.57517,0.57423,0.57507,1428,1
1767596400,0.57507,0.57554,0.57472,0.57543,1329,2
1767600000,0.57544,0.57571,0.57487,0.57564,1446,1
1767603600,0.57564,0.57586,0.57469,0.57492,1831,1
1767607200,0.57492,0.57584,0.57453,0.57521,2276,1
1767610800,0.57521,0.57537,0.57452,0.57497,1827,1
1767614400,0.57496,0.57632,0.57495,0.57614,2040,1
1767618000,0.57614,0.57639,0.57576,0.57577,1425,1
1767621600,0.57577,0.57625,0.57553,0.5756,1751,1
1767625200,0.57565,0.57565,0.57417,0.57562,3213,1
1767628800,0.57562,0.57672,0.57554,0.57637,4547,1
1767632400,0.57567,0.57847,0.57567,0.57807,4653,1
1767636000,0.57807,0.57909,0.57806,0.57878,2733,1
1767639600,0.57878,0.57895,0.57852,0.57863,2071,1
1767643200,0.57863,0.57884,0.57857,0.57883,993,1
1767646800,0.57883,0.57912,0.57875,0.57908,1171,1
1767650400,0.57908,0.5792,0.57888,0.57889,604,1
1767654000,0.57889,0.57905,0.57875,0.57875,428,1
1767657600,0.57863,0.57897,0.57778,0.57863,886,10
1767661200,0.57862,0.57887,0.57844,0.57855,798,1
1767664800,0.57855,0.57882,0.57826,0.57874,1086,1
1767668400,0.57874,0.57966,0.57791,0.57943,1973,1
1767672000,0.57943,0.58063,0.57927,0.58027,1583,1
1767675600,0.58027,0.58029,0.5796,0.57976,1217,1
1767679200,0.57976,0.58009,0.57967,0.57988,1056,2
1767682800,0.57988,0.58047,0.57981,0.57993,1351,1
1767686400,0.57993,0.58077,0.57984,0.58058,1347,1
1767690000,0.58058,0.58097,0.58017,0.58039,1500,1
1767693600,0.58041,0.58103,0.57949,0.57968,2140,1
1767697200,0.57968,0.5797,0.57893,0.57915,2170,1
1767700800,0.57915,0.57953,0.57884,0.57893,1461,1
1767704400,0.57893,0.57905,0.57857,0.5788,1085,1
1767708000,0.5788,0.57914,0.57829,0.57831,1268,1
1767711600,0.57836,0.57914,0.57814,0.57903,2606,1
1767715200,0.57903,0.57977,0.57864,0.57923,3500,1
1767718800,0.57923,0.57923,0.57716,0.57773,3400,1
1767722400,0.57773,0.5779,0.57687,0.57778,2459,1
1767726000,0.57778,0.57847,0.57773,0.57833,1417,1
1767729600,0.57833,0.57853,0.57799,0.57803,962,1
1767733200,0.57803,0.57821,0.57781,0.57819,831,1
1767736800,0.57819,0.57868,0.57817,0.57839,771,1
1767740400,0.57839,0.57856,0.57766,0.57767,464,1
1767744000,0.57767,0.57921,0.57722,0.57854,3031,1
1767747600,0.57854,0.57868,0.57802,0.57806,822,2
1767751200,0.57807,0.57879,0.57762,0.57842,2023,1
1767754800,0.57842,0.57925,0.57801,0.57872,2561,1
1767758400,0.57872,0.57913,0.57847,0.57861,1535,1
1767762000,0.57861,0.57903,0.57858,0.57872,1222,1
1767765600,0.57872,0.57918,0.57811,0.57812,1392,1
1767769200,0.57812,0.57854,0.57787,0.57807,1245,1
1767772800,0.57807,0.57849,0.57791,0.57831,1349,1
1767776400,0.57831,0.57843,0.57741,0.57811,1690,1
1767780000,0.57811,0.57873,0.57792,0.57869,1795,1
1767783600,0.57869,0.57883,0.57843,0.57873,1203,1
1767787200,0.57873,0.57914,0.5787,0.57889,1449,1
1767790800,0.57889,0.57933,0.57876,0.57906,967,1
1767794400,0.57907,0.57928,0.57844,0.57874,1519,1
1767798000,0.57874,0.57928,0.57836,0.57918,3072,1
1767801600,0.57918,0.57932,0.57857,0.57912,3334,1
1767805200,0.57912,0.57912,0.57743,0.57805,5675,1
1767808800,0.57805,0.57815,0.57747,0.57783,1409,1
1767812400,0.57783,0.57848,0.57783,0.5781,1170,1
1767816000,0.5781,0.57848,0.57803,0.57818,1073,1
1767819600,0.57818,0.57824,0.57768,0.57779,1042,1
1767823200,0.57779,0.57791,0.57736,0.57736,878,1
1767826800,0.57736,0.57736,0.57698,0.57711,573,1
1767830400,0.57711,0.57773,0.57623,0.57725,699,9
1767834000,0.57726,0.57743,0.57717,0.57732,689,2
1767837600,0.57732,0.57741,0.57666,0.57676,802,2
1767841200,0.57676,0.57714,0.57657,0.57695,1496,1
1767844800,0.57697,0.57708,0.57618,0.57652,1773,1
1767848400,0.57652,0.57696,0.57647,0.57682,1345,2
1767852000,0.57682,0.57689,0.57643,0.57646,873,1
1767855600,0.57646,0.57648,0.57603,0.57625,1304,1
1767859200,0.57625,0.57625,0.5751,0.57579,1758,1
1767862800,0.57579,0.57586,0.57522,0.57524,1862,1
1767866400,0.57524,0.57547,0.57454,0.57467,1875,1
1767870000,0.57467,0.57484,0.57404,0.57445,1556,1
1767873600,0.57446,0.57497,0.57433,0.57493,1420,1
1767877200,0.57493,0.57507,0.57472,0.57499,1028,1
1767880800,0.57499,0.57514,0.57463,0.57487,1293,1
1767884400,0.57488,0.57517,0.57422,0.57452,2633,1
1767888000,0.57452,0.57485,0.57374,0.57479,3952,1
1767891600,0.57478,0.57548,0.57436,0.57546,3726,1
1767895200,0.57546,0.57546,0.57459,0.57496,2561,1
1767898800,0.57496,0.57523,0.57448,0.57493,1565,1
1767902400,0.57493,0.57503,0.57438,0.57442,1016,1
1767906000,0.57442,0.57475,0.57426,0.57469,1017,1
1767909600,0.57469,0.57518,0.57468,0.57493,853,1
1767913200,0.57493,0.57537,0.57418,0.57418,752,1
1767916800,0.57418,0.57513,0.57418,0.57508,943,9
1767920400,0.57509,0.5753,0.57489,0.57496,854,2
1767924000,0.57495,0.57495,0.57447,0.57449,966,1
1767927600,0.57449,0.57466,0.57383,0.57429,1818,1
1767931200,0.57429,0.5745,0.57401,0.57435,1552,1
1767934800,0.57435,0.57444,0.57397,0.57427,1051,1
1767938400,0.57427,0.57464,0.57406,0.57457,874,2
1767942000,0.57457,0.57462,0.57394,0.57408,1173,2
1767945600,0.57408,0.5743,0.5738,0.57383,1141,2
1767949200,0.57383,0.57388,0.57304,0.57334,1526,1
1767952800,0.57332,0.57344,0.57272,0.57321,2141,1
1767956400,0.5732,0.57346,0.57274,0.57284,1335,1
1767960000,0.57285,0.57308,0.57264,0.57282,1185,1
1767963600,0.57282,0.57312,0.57262,0.57274,1165,1
1767967200,0.57274,0.57289,0.57226,0.5724,1652,1
1767970800,0.5724,0.57455,0.57106,0.57352,6385,1
1767974400,0.57353,0.57403,0.57232,0.57281,6982,1
1767978000,0.57281,0.5733,0.5711,0.57309,6013,1
1767981600,0.57309,0.57355,0.57228,0.57299,2849,1
1767985200,0.57299,0.57313,0.57263,0.57267,1810,1
1767988800,0.57267,0.57337,0.57261,0.57282,1240,1
1767992400,0.57282,0.57305,0.57273,0.57297,972,1
1767996000,0.57297,0.5734,0.57295,0.57335,645,1
1767999600,0.57335,0.5734,0.57241,0.5726,1017,1
1768176000,0.57222,0.57329,0.57192,0.57326,356,18
1768179600,0.57329,0.57339,0.57271,0.57289,1419,1
1768183200,0.57289,0.57466,0.57262,0.57459,2383,1
1768186800,0.57462,0.575,0.57421,0.57446,2562,1
1768190400,0.57446,0.57482,0.57423,0.57434,1808,1
1768194000,0.57434,0.57461,0.57423,0.57439,1142,1
1768197600,0.57439,0.57444,0.57399,0.57434,888,1
1768201200,0.57434,0.57491,0.57432,0.57487,1098,2
1768204800,0.57487,0.57504,0.57462,0.5748,1068,2
1768208400,0.5748,0.57553,0.57466,0.57527,1635,1
1768212000,0.57528,0.57592,0.5751,0.57544,2269,1
1768215600,0.57541,0.576,0.57513,0.5755,1659,1
1768219200,0.57551,0.57588,0.57516,0.57588,1297,1
1768222800,0.57588,0.57619,0.57567,0.57574,1129,1
1768226400,0.57573,0.57643,0.57556,0.57603,1616,1
1768230000,0.57606,0.57688,0.57595,0.57659,2427,1
1768233600,0.57657,0.57665,0.57557,0.57604,3811,1
1768237200,0.57604,0.57662,0.57576,0.57643,2259,1
1768240800,0.57642,0.57681,0.57623,0.57623,1986,1
1768244400,0.57623,0.57679,0.57615,0.57673,1742,1
1768248000,0.57673,0.57688,0.57644,0.57653,894,1
1768251600,0.5765,0.57685,0.57637,0.57664,809,1
1768255200,0.57664,0.57683,0.57654,0.57662,697,1
1768258800,0.57662,0.57748,0.57659,0.577,907,1
1768262400,0.57699,0.57733,0.57677,0.57713,686,3
1768266000,0.57716,0.57745,0.5771,0.57727,971,1
1768269600,0.57727,0.57755,0.57713,0.57754,899,1
1768273200,0.57754,0.57792,0.57727,0.57754,1843,1
1768276800,0.57753,0.57804,0.57745,0.57755,1582,2
1768280400,0.57755,0.57798,0.57744,0.57767,1195,1
1768284000,0.57767,0.57791,0.57752,0.57787,902,1
1768287600,0.57785,0.57804,0.57756,0.57767,1110,1
1768291200,0.57767,0.57774,0.57707,0.57729,1438,1
1768294800,0.57729,0.57741,0.57694,0.57703,1392,1
1768298400,0.57704,0.57745,0.5764,0.57692,1791,1
1768302000,0.57693,0.5772,0.57675,0.57703,1490,1
1768305600,0.57703,0.57713,0.57623,0.57628,1200,1
1768309200,0.57628,0.57652,0.57607,0.57647,885,1
1768312800,0.57648,0.5765,0.57579,0.57584,1197,1
1768316400,0.57583,0.5782,0.57552,0.57649,5917,1
1768320000,0.57644,0.57705,0.57578,0.57604,5705,1
1768323600,0.57604,0.57613,0.57421,0.57488,4478,1
1768327200,0.57488,0.57495,0.57349,0.57448,3358,1
1768330800,0.57449,0.57463,0.57376,0.57405,2324,1
1768334400,0.57405,0.57425,0.57369,0.57406,1650,1
1768338000,0.57406,0.57412,0.57358,0.57397,1379,1
1768341600,0.57397,0.57403,0.57372,0.57395,1116,1
1768345200,0.57395,0.574,0.57312,0.57317,514,1
1768348800,0.57317,0.57405,0.57302,0.57387,630,7
1768352400,0.57393,0.57432,0.57376,0.57376,793,1
1768356000,0.57376,0.57392,0.57352,0.57366,820,1
1768359600,0.57368,0.57376,0.57305,0.57339,1528,1
1768363200,0.5734,0.57447,0.57337,0.57436,1589,1
1768366800,0.57436,0.57478,0.57433,0.57457,1259,1
1768370400,0.57457,0.57479,0.57431,0.57438,774,2
1768374000,0.57438,0.57452,0.57421,0.57424,1192,1
1768377600,0.57424,0.57502,0.5741,0.57502,1266,2
1768381200,0.57503,0.57508,0.57458,0.57463,1165,1
1768384800,0.57463,0.57478,0.57408,0.57468,2113,1
1768388400,0.57468,0.57503,0.57434,0.57474,1541,1
1768392000,0.57473,0.57483,0.57419,0.57426,1507,1
1768395600,0.57424,0.57424,0.57378,0.5741,1275,1
1768399200,0.57413,0.57455,0.57369,0.57434,1980,1
1768402800,0.57434,0.57439,0.57379,0.57423,2770,1
1768406400,0.57421,0.5751,0.57406,0.57484,4690,1
1768410000,0.57476,0.57549,0.5745,0.57534,4774,1
1768413600,0.57534,0.57559,0.5746,0.5749,2715,1
1768417200,0.5749,0.57499,0.57415,0.57415,2127,1
1768420800,0.57415,0.57462,0.57408,0.57443,1256,1
1768424400,0.57442,0.57454,0.57417,0.5744,1092,1
1768428000,0.5744,0.57499,0.57433,0.57467,1642,1
1768431600,0.57467,0.57497,0.57407,0.57407,796,1
1768435200,0.574,0.5752,0.57367,0.57452,1230,6
1768438800,0.57452,0.57492,0.57395,0.57428,1829,1
1768442400,0.57427,0.57452,0.57396,0.57435,1261,1
1768446000,0.57433,0.57442,0.57352,0.57387,2497,1
1768449600,0.57387,0.57393,0.57348,0.57359,1582,1
1768453200,0.57359,0.57363,0.57312,0.5734,1147,1
1768456800,0.5734,0.57354,0.57318,0.57327,800,2
1768460400,0.57327,0.57369,0.57316,0.57339,1081,1
1768464000,0.57339,0.57404,0.57336,0.57378,1614,1
1768467600,0.57378,0.57407,0.57357,0.57396,1672,1
1768471200,0.57396,0.57446,0.57364,0.57438,1457,1
1768474800,0.57437,0.57522,0.57437,0.57494,1490,1
1768478400,0.57494,0.57522,0.57492,0.57508,1249,1
1768482000,0.57508,0.57517,0.57449,0.57449,1093,1
1768485600,0.57449,0.57485,0.57412,0.57424,1221,1
1768489200,0.57424,0.57429,0.57272,0.57296,2735,1
1768492800,0.57295,0.57365,0.57253,0.57346,3228,1
1768496400,0.57346,0.57425,0.57312,0.57417,3657,1
1768500000,0.57417,0.57471,0.57399,0.57426,2259,1
1768503600,0.57426,0.57464,0.57415,0.57438,1716,1
1768507200,0.57438,0.57472,0.57434,0.57445,1159,1
1768510800,0.57445,0.57468,0.5741,0.57424,1236,1
1768514400,0.57424,0.57424,0.57363,0.57369,998,1
1768518000,0.5737,0.57439,0.57365,0.57365,675,1
1768521600,0.57365,0.57445,0.57345,0.57409,1094,8
1768525200,0.57409,0.57445,0.57405,0.5743,903,1
1768528800,0.5743,0.57473,0.57426,0.57438,776,1
1768532400,0.57437,0.57505,0.57437,0.57468,1447,2
1768536000,0.57467,0.5752,0.5745,0.57496,1403,2
1768539600,0.57497,0.57579,0.57487,0.57569,805,2
1768543200,0.5757,0.57582,0.57555,0.57575,609,1
1768546800,0.57576,0.5758,0.57533,0.57544,757,1
1768550400,0.57544,0.57556,0.57516,0.57552,843,2
1768554000,0.57552,0.57634,0.57538,0.57584,1325,1
1768557600,0.57585,0.57628,0.57562,0.57592,1425,1
1768561200,0.57592,0.57626,0.57587,0.57592,1222,1
1768564800,0.57592,0.57644,0.57572,0.57607,1140,1
1768568400,0.57607,0.57673,0.57606,0.5762,1012,1
1768572000,0.5762,0.57651,0.5757,0.57585,1509,1
1768575600,0.57585,0.57602,0.57543,0.57562,2180,1
1768579200,0.57562,0.57582,0.57512,0.57538,2496,1
1768582800,0.57538,0.57601,0.57417,0.57457,5116,1
1768586400,0.57459,0.57529,0.57459,0.57493,2542,1
1768590000,0.57493,0.5752,0.57479,0.57498,1567,2
1768593600,0.57497,0.57526,0.57481,0.575,883,1
1768597200,0.575,0.57548,0.57476,0.57528,1093,1
1768600800,0.57529,0.57555,0.57529,0.57536,680,1
1768604400,0.57535,0.57542,0.57476,0.57481,1489,1
1768780800,0.57399,0.57489,0.57391,0.57427,2035,5
1768784400,0.57431,0.57638,0.57418,0.57637,3748,1
1768788000,0.57636,0.57664,0.57529,0.57632,3675,1
1768791600,0.57632,0.57727,0.57627,0.57643,3176,1
1768795200,0.57644,0.57673,0.57595,0.57661,2320,1
1768798800,0.57661,0.57706,0.57649,0.57699,1616,1
1768802400,0.57699,0.57765,0.57695,0.5776,1308,1
1768806000,0.5776,0.57794,0.57739,0.5774,1444,1
1768809600,0.5774,0.5777,0.57722,0.57732,1215,2
1768813200,0.57733,0.57793,0.57693,0.57696,2225,1
1768816800,0.57699,0.57759,0.5769,0.57748,2239,1
1768820400,0.57749,0.57773,0.57706,0.57761,2060,1
1768824000,0.5776,0.57855,0.5776,0.57823,1269,1
1768827600,0.57823,0.57836,0.57797,0.5783,1032,1
1768831200,0.5783,0.57872,0.57818,0.57839,1174,1
1768834800,0.57839,0.57893,0.57839,0.57849,1240,1
1768838400,0.57849,0.57896,0.57791,0.57883,1355,1
1768842000,0.57882,0.57937,0.5787,0.57904,1829,1
1768845600,0.57904,0.57953,0.57893,0.57938,1106,1
1768849200,0.57941,0.57969,0.57929,0.57953,731,1
1768852800,0.57953,0.57967,0.57926,0.57938,414,1
1768856400,0.57938,0.57955,0.57911,0.57917,260,1
1768860000,0.57917,0.5795,0.57892,0.57948,378,1
1768863600,0.57952,0.58029,0.57928,0.57971,842,1
1768867200,0.57971,0.57997,0.57921,0.5795,466,6
1768870800,0.5795,0.57979,0.57912,0.57925,629,1
1768874400,0.57925,0.57985,0.57887,0.57978,1073,1
1768878000,0.57978,0.58061,0.57974,0.58053,1921,1
1768881600,0.58053,0.58157,0.58038,0.58137,1497,1
1768885200,0.58137,0.58236,0.58137,0.58227,1140,1
1768888800,0.58227,0.58323,0.58227,0.58317,1031,1
1768892400,0.58317,0.58352,0.58303,0.58318,1191,1
1768896000,0.58318,0.58334,0.5825,0.5829,1505,1
1768899600,0.5829,0.58398,0.58254,0.58368,2605,1
1768903200,0.58368,0.58437,0.58343,0.58379,3594,1
1768906800,0.58379,0.58404,0.58316,0.58373,2804,1
1768910400,0.58373,0.58384,0.58335,0.58367,2809,1
1768914000,0.58367,0.58428,0.58336,0.58409,2023,1
1768917600,0.58409,0.58421,0.58326,0.58348,2124,1
1768921200,0.5835,0.58429,0.58287,0.5833,5065,1
1768924800,0.5833,0.58388,0.58295,0.58362,5249,1
1768928400,0.58362,0.5851,0.58334,0.58476,4249,1
1768932000,0.58474,0.58511,0.58439,0.58466,3037,1
1768935600,0.58466,0.58494,0.58401,0.58413,2328,1
1768939200,0.58415,0.58435,0.58335,0.5834,1575,1
1768942800,0.5834,0.58353,0.58293,0.58297,1588,1
1768946400,0.58297,0.58328,0.58272,0.58322,1661,1
1768950000,0.58322,0.58339,0.58301,0.58312,643,1
1768953600,0.58288,0.58352,0.58244,0.58276,1007,8
1768957200,0.58276,0.58302,0.58261,0.58264,1205,2
1768960800,0.58264,0.58283,0.58217,0.58232,1155,1
1768964400,0.58232,0.58358,0.58209,0.58343,1938,1
1768968000,0.58343,0.58353,0.58292,0.5832,1394,1
1768971600,0.5832,0.58343,0.58281,0.58318,1333,1
1768975200,0.58318,0.58339,0.58275,0.58337,949,1
1768978800,0.58338,0.58387,0.58329,0.58373,931,1
1768982400,0.58373,0.58499,0.58357,0.58488,1207,1
1768986000,0.58487,0.58533,0.58458,0.58504,2087,1
1768989600,0.58504,0.58513,0.58452,0.58456,1875,1
1768993200,0.58456,0.58485,0.58421,0.58429,1472,1
1768996800,0.5843,0.58436,0.58407,0.58418,1315,1
1769000400,0.58418,0.58506,0.58408,0.58489,1511,1
1769004000,0.58489,0.5863,0.58485,0.58624,1847,1
1769007600,0.58624,0.58647,0.58562,0.58622,2520,1
1769011200,0.58622,0.5866,0.58547,0.58576,5971,1
1769014800,0.58575,0.58626,0.58481,0.58492,4026,1
1769018400,0.58492,0.58534,0.58422,0.58465,4042,1
1769022000,0.58465,0.58493,0.58392,0.58443,4094,1
1769025600,0.58444,0.58452,0.58405,0.58436,2362,1
1769029200,0.58437,0.58479,0.58388,0.58479,3918,1
1769032800,0.5848,0.5848,0.58382,0.58441,2503,1
1769036400,0.58441,0.58465,0.58413,0.58417,898,1
1769040000,0.58417,0.58431,0.58339,0.58415,821,2
1769043600,0.58415,0.58436,0.58351,0.58373,809,1
1769047200,0.58373,0.58505,0.58359,0.58464,1922,1
1769050800,0.58464,0.58527,0.58414,0.58514,2319,1
1769054400,0.58517,0.58571,0.58488,0.58538,1529,2
1769058000,0.58538,0.5862,0.58538,0.5862,1173,2
1769061600,0.5862,0.5863,0.58572,0.58577,1009,1
1769065200,0.58577,0.58597,0.58554,0.58581,1046,1
1769068800,0.58581,0.58584,0.58538,0.58577,1186,1
1769072400,0.58577,0.58629,0.58573,0.5858,1860,1
1769076000,0.58579,0.58625,0.58553,0.58619,1954,1
1769079600,0.58619,0.58701,0.58617,0.58657,1558,1
1769083200,0.58657,0.58752,0.5862,0.58712,1535,1
1769086800,0.58713,0.58777,0.58675,0.58743,2421,1
1769090400,0.58743,0.58798,0.58743,0.58771,1505,1
1769094000,0.58771,0.58884,0.58771,0.58872,2709,1
1769097600,0.58872,0.58934,0.58861,0.58861,2704,1
1769101200,0.58862,0.58946,0.58835,0.58939,2973,1
1769104800,0.58939,0.59041,0.58939,0.5901,2740,1
1769108400,0.59007,0.59077,0.5897,0.59068,2364,1
1769112000,0.59068,0.59096,0.59042,0.59088,1185,1
1769115600,0.59088,0.59093,0.59047,0.59055,983,2
1769119200,0.59055,0.59087,0.5904,0.59086,891,1
1769122800,0.59085,0.59277,0.59083,0.59259,1737,1
1769126400,0.59259,0.59265,0.59173,0.59207,999,7
1769130000,0.59207,0.59214,0.59103,0.59157,871,2
1769133600,0.59157,0.59181,0.59119,0.59137,953,1
1769137200,0.59137,0.59204,0.59129,0.59174,1953,1
1769140800,0.59174,0.59206,0.59086,0.59091,1496,1
1769144400,0.59091,0.59095,0.59061,0.59076,1380,1
1769148000,0.59076,0.59124,0.59061,0.59115,956,2
1769151600,0.59115,0.59132,0.59084,0.59104,1089,1
1769155200,0.59104,0.59125,0.59074,0.59097,1718,1
1769158800,0.59096,0.59112,0.59022,0.5903,2929,1
1769162400,0.5903,0.59068,0.58963,0.59068,2805,1
1769166000,0.59068,0.59089,0.58971,0.58975,2194,1
1769169600,0.58975,0.59002,0.58913,0.59001,1799,1
1769173200,0.59001,0.59074,0.58993,0.59056,1705,1
1769176800,0.59056,0.59154,0.59052,0.59147,1718,1
1769180400,0.59147,0.59158,0.59018,0.59025,1993,1
1769184000,0.59025,0.59121,0.59009,0.59117,2370,1
1769187600,0.59117,0.59224,0.59117,0.5922,2662,1
1769191200,0.59219,0.59316,0.59154,0.59277,2857,1
1769194800,0.59277,0.59415,0.59262,0.59342,3672,1
1769198400,0.59341,0.59362,0.59255,0.59339,2851,1
1769202000,0.5934,0.59424,0.59334,0.59407,1850,1
1769205600,0.59406,0.59476,0.59386,0.59465,2204,1
1769209200,0.59466,0.59513,0.59306,0.59456,1537,1
1769385600,0.59489,0.5969,0.59409,0.59614,1138,21
1769389200,0.59604,0.59748,0.59569,0.59613,3095,1
1769392800,0.59613,0.59642,0.59533,0.59638,3434,0
1769396400,0.59639,0.59671,0.59596,0.59606,3145,0
1769400000,0.59606,0.59719,0.5959,0.59637,3205,1
1769403600,0.59637,0.59644,0.59583,0.59596,2069,1
1769407200,0.59595,0.59631,0.59562,0.59594,1718,1
1769410800,0.59593,0.59622,0.59559,0.59606,1448,0
1769414400,0.59606,0.59622,0.59542,0.59553,2172,1
1769418000,0.59553,0.5962,0.59516,0.59552,2488,1
1769421600,0.59554,0.5971,0.59552,0.59693,3413,1
1769425200,0.59693,0.59738,0.5967,0.59704,2690,1
1769428800,0.59704,0.5975,0.59698,0.59698,2039,1
1769432400,0.59698,0.59703,0.5963,0.59692,1764,1
1769436000,0.59693,0.59713,0.59624,0.59629,1873,1
1769439600,0.59629,0.59651,0.59541,0.59643,2786,1
1769443200,0.59644,0.59868,0.59637,0.59864,3328,1
1769446800,0.59864,0.59939,0.59824,0.59937,3349,1
1769450400,0.59937,0.59964,0.59826,0.59879,3452,1
1769454000,0.59879,0.5999,0.59872,0.59908,1956,1
1769457600,0.59908,0.59965,0.59887,0.59889,1758,1
1769461200,0.59889,0.59889,0.59774,0.59788,2026,1
1769464800,0.59788,0.59799,0.59745,0.59755,1828,1
1769468400,0.59755,0.59773,0.59717,0.59733,1056,1
1769472000,0.59733,0.59733,0.59609,0.5969,932,8
1769475600,0.59683,0.59718,0.59677,0.59696,785,1
1769479200,0.59696,0.59722,0.59594,0.59597,1619,1
1769482800,0.59597,0.59699,0.59589,0.59677,1874,1
1769486400,0.59677,0.59788,0.59649,0.59718,1730,1
1769490000,0.59719,0.59719,0.59633,0.59671,1345,2
1769493600,0.59671,0.59694,0.59608,0.59644,1277,2
1769497200,0.59644,0.59687,0.59617,0.59671,1118,1
1769500800,0.59671,0.59723,0.59666,0.59673,1251,1
1769504400,0.59673,0.59719,0.59652,0.59668,1707,1
1769508000,0.59667,0.59674,0.59549,0.59597,2366,1
1769511600,0.59597,0.59744,0.59586,0.59734,2219,1
1769515200,0.59734,0.59765,0.59643,0.59761,2477,1
1769518800,0.59761,0.5982,0.59758,0.59813,1461,1
1769522400,0.59812,0.5996,0.59812,0.59944,3341,1
1769526000,0.59946,0.59964,0.59868,0.59908,4015,1
1769529600,0.59907,0.60037,0.59888,0.60006,4576,1
1769533200,0.60006,0.60124,0.60006,0.60086,4935,1
1769536800,0.60086,0.60223,0.60083,0.60163,3421,1
1769540400,0.60164,0.60179,0.60091,0.60164,3131,1
1769544000,0.60164,0.60189,0.60124,0.60154,2162,1
1769547600,0.60154,0.60193,0.60143,0.6019,1451,1
1769551200,0.6019,0.60508,0.60136,0.60422,4938,1
1769554800,0.60422,0.60485,0.6038,0.60429,4342,1
1769558400,0.60429,0.60441,0.60389,0.60422,720,9
1769562000,0.60422,0.60427,0.60261,0.60288,1628,1
1769565600,0.60288,0.60377,0.60217,0.6025,3927,1
1769569200,0.6025,0.60256,0.60108,0.60119,3236,1
1769572800,0.60119,0.60159,0.60076,0.60138,2333,1
1769576400,0.60138,0.60203,0.60131,0.60167,1708,1
1769580000,0.60167,0.60197,0.6013,0.60187,1131,1
1769583600,0.60187,0.60262,0.60112,0.60262,2372,1
1769587200,0.60262,0.60323,0.60249,0.60265,2050,1
1769590800,0.60265,0.60447,0.60252,0.60288,3540,1
1769594400,0.60288,0.60385,0.60222,0.60251,4288,1
1769598000,0.60251,0.60327,0.60212,0.60311,3209,1
1769601600,0.60311,0.60418,0.60307,0.60374,2685,1
1769605200,0.60374,0.60374,0.6027,0.60313,2331,1
1769608800,0.60313,0.60367,0.60286,0.6031,2728,1
1769612400,0.6031,0.60324,0.60224,0.60283,3069,1
1769616000,0.60283,0.60409,0.60273,0.60338,3690,1
1769619600,0.60338,0.60398,0.60155,0.6034,8948,1
1769623200,0.6034,0.60369,0.60219,0.60303,4690,1
1769626800,0.60303,0.60354,0.60244,0.60338,2779,1
1769630400,0.60338,0.60352,0.60225,0.60225,2280,1
1769634000,0.60251,0.60447,0.60145,0.60426,7430,1
1769637600,0.60425,0.60533,0.60376,0.60504,3424,1
1769641200,0.60504,0.60619,0.6049,0.60602,1759,1
1769644800,0.60602,0.60602,0.60487,0.60571,753,21
1769648400,0.60571,0.60703,0.60536,0.60648,2284,1
1769652000,0.60645,0.6068,0.60517,0.60577,3371,1
1769655600,0.60577,0.60577,0.60441,0.60495,3455,1
1769659200,0.60494,0.60648,0.60443,0.60638,2566,1
1769662800,0.60638,0.60823,0.60632,0.60819,2828,1
1769666400,0.60819,0.60924,0.60798,0.60915,2444,1
1769670000,0.60915,0.60925,0.60844,0.60875,2225,1
1769673600,0.60875,0.60887,0.60798,0.60839,2421,1
1769677200,0.60838,0.60875,0.60693,0.60755,2595,1
1769680800,0.60755,0.60834,0.60615,0.60661,3508,1
1769684400,0.6066,0.60743,0.60632,0.60663,2918,1
1769688000,0.60663,0.60679,0.60524,0.60535,2897,1
1769691600,0.60537,0.60616,0.60487,0.60595,2506,1
1769695200,0.60595,0.60769,0.60582,0.60768,2320,1
1769698800,0.60769,0.60826,0.60678,0.60764,4478,1
1769702400,0.60764,0.60894,0.60732,0.60745,6329,1
1769706000,0.60745,0.60751,0.60225,0.60323,14730,1
1769709600,0.60323,0.60555,0.60298,0.60515,10149,1
1769713200,0.60514,0.60724,0.60514,0.60599,6601,1
1769716800,0.60599,0.60719,0.60572,0.60679,5359,1
1769720400,0.60679,0.60704,0.60634,0.60642,4879,1
1769724000,0.60642,0.60784,0.60616,0.60765,3237,1
1769727600,0.60765,0.60824,0.60741,0.60774,2009,1
1769731200,0.60774,0.60802,0.60628,0.60757,2391,9
1769734800,0.60756,0.60806,0.60717,0.60755,1783,1
1769738400,0.60754,0.60799,0.60544,0.60573,3755,1
1769742000,0.60573,0.6061,0.6048,0.60491,5833,1
1769745600,0.60491,0.60505,0.60314,0.60498,7553,1
1769749200,0.60498,0.60553,0.60412,0.60452,3848,1
1769752800,0.60452,0.60537,0.60442,0.60488,2081,1
1769756400,0.60488,0.60537,0.60418,0.60477,2515,1
1769760000,0.60477,0.60542,0.60383,0.60398,2877,1
1769763600,0.60396,0.60538,0.60396,0.60503,4463,1
1769767200,0.60503,0.60608,0.60445,0.60557,3983,1
1769770800,0.60557,0.60611,0.60311,0.60363,5519,1
1769774400,0.60359,0.60524,0.60357,0.60495,4300,1
1769778000,0.60495,0.6073,0.60492,0.60727,3684,1
1769781600,0.60727,0.60789,0.60539,0.60569,3777,1
1769785200,0.60569,0.6068,0.60489,0.60539,6989,1
1769788800,0.60537,0.6078,0.60537,0.60672,7987,1
1769792400,0.60672,0.60705,0.60453,0.60479,9214,1
1769796000,0.60479,0.605,0.60404,0.60465,6534,1
1769799600,0.60465,0.60466,0.60291,0.6033,6063,1
1769803200,0.6033,0.60373,0.60098,0.60353,7730,1
1769806800,0.60353,0.60417,0.60282,0.60334,6645,1
1769810400,0.60335,0.60339,0.60202,0.60206,4081,1
1769814000,0.60207,0.60233,0.60141,0.60149,2538,1
1769990400,0.60088,0.60141,0.60007,0.6001,538,8
1769994000,0.60011,0.6024,0.59929,0.60085,6125,1
1769997600,0.60084,0.60334,0.60083,0.60292,6654,1
1770001200,0.60292,0.60297,0.60126,0.60278,7695,1
1770004800,0.60278,0.60313,0.60152,0.6016,5874,1
1770008400,0.6016,0.60264,0.60133,0.60162,4589,1
1770012000,0.60162,0.6022,0.60104,0.60182,4480,1
1770015600,0.60182,0.60187,0.59962,0.60038,4160,1
1770019200,0.60038,0.6007,0.59903,0.59968,5025,1
1770022800,0.59968,0.60123,0.59963,0.60065,4952,1
1770026400,0.60066,0.60196,0.60037,0.60102,5200,1
1770030000,0.60101,0.60242,0.60054,0.60233,4945,1
1770033600,0.60232,0.60263,0.60127,0.60171,3887,1
1770037200,0.60171,0.60255,0.60155,0.60171,3277,1
1770040800,0.60171,0.60239,0.60125,0.60161,3992,1
1770044400,0.60165,0.60165,0.59991,0.60039,5888,1
1770048000,0.60039,0.60156,0.59943,0.60104,6927,1
1770051600,0.60101,0.6012,0.5991,0.59924,10095,1
1770055200,0.59924,0.60093,0.59907,0.6008,6372,1
1770058800,0.6008,0.60132,0.60023,0.60043,4166,1
1770062400,0.60041,0.60042,0.59925,0.59944,2904,1
1770066000,0.59944,0.60024,0.59929,0.60004,2568,1
1770069600,0.60004,0.60044,0.59969,0.60037,3092,1
1770073200,0.60036,0.60066,0.59977,0.59978,1076,1
1770076800,0.59978,0.60017,0.59875,0.59953,829,9
1770080400,0.59953,0.6012,0.5995,0.6012,1460,2
1770084000,0.6012,0.60213,0.60114,0.60206,1962,1
1770087600,0.60206,0.60231,0.60152,0.60203,2921,1
1770091200,0.60203,0.60223,0.60061,0.60102,2601,1
1770094800,0.60102,0.60356,0.60083,0.60333,4767,1
1770098400,0.60333,0.60424,0.60313,0.60342,2619,1
1770102000,0.60342,0.60388,0.60312,0.60335,2830,2
1770105600,0.60335,0.6044,0.60317,0.60412,2794,1
1770109200,0.60411,0.60579,0.60395,0.60523,3606,1
1770112800,0.60521,0.60567,0.6045,0.60494,3714,1
1770116400,0.60495,0.6051,0.60337,0.60338,3932,1
1770120000,0.60338,0.60392,0.60287,0.60287,2492,1
1770123600,0.60287,0.60367,0.60267,0.6028,2407,1
1770127200,0.6028,0.60398,0.60275,0.6039,3327,1
1770130800,0.6039,0.6044,0.60349,0.60408,3561,1
1770134400,0.60409,0.6041,0.60277,0.60277,5042,1
1770138000,0.60277,0.60487,0.60194,0.60445,7087,1
1770141600,0.60445,0.60543,0.60436,0.60486,5205,1
1770145200,0.60486,0.60511,0.60404,0.60435,5591,1
1770148800,0.60434,0.605,0.60387,0.60387,4857,1
1770152400,0.60387,0.6047,0.60341,0.60444,6184,1
1770156000,0.60444,0.60569,0.6042,0.60544,3151,1
1770159600,0.60544,0.60632,0.60408,0.60432,1967,1
1770163200,0.60432,0.60503,0.60365,0.60452,852,4
1770166800,0.60453,0.60497,0.60368,0.60411,1646,2
1770170400,0.60411,0.60444,0.60352,0.60379,1919,1
1770174000,0.60379,0.60489,0.60328,0.60415,3669,1
1770177600,0.60416,0.60462,0.60306,0.6033,2977,1
1770181200,0.6033,0.60339,0.60269,0.60316,2073,1
1770184800,0.60316,0.60375,0.60304,0.60347,1206,2
1770188400,0.60347,0.60433,0.60331,0.60394,1360,1
1770192000,0.60394,0.60443,0.60387,0.60439,1752,1
1770195600,0.60441,0.60469,0.60334,0.60407,2242,1
1770199200,0.60407,0.60474,0.60384,0.60455,3017,1
1770202800,0.60453,0.60468,0.60199,0.60239,3178,1
1770206400,0.60236,0.60261,0.60168,0.60184,2350,1
1770210000,0.60184,0.60216,0.60119,0.60204,2257,1
1770213600,0.60205,0.60328,0.60198,0.60291,1874,1
1770217200,0.60291,0.60343,0.60244,0.60294,4181,1
1770220800,0.60294,0.603,0.60117,0.60126,6460,1
1770224400,0.60131,0.60231,0.60024,0.60036,9257,1
1770228000,0.60036,0.60046,0.59917,0.60034,5677,1
1770231600,0.60034,0.601,0.59875,0.59913,6315,1
1770235200,0.59913,0.59974,0.59878,0.59944,5079,1
1770238800,0.59944,0.60072,0.59888,0.60064,4650,1
1770242400,0.60064,0.60072,0.59998,0.60027,2758,1
1770246000,0.60027,0.60041,0.59998,0.59998,1172,1
1770249600,0.59998,0.60046,0.59977,0.5999,664,7
1770253200,0.5999,0.60014,0.59963,0.59971,1700,2
1770256800,0.59971,0.60074,0.59966,0.60052,1637,1
1770260400,0.60052,0.60087,0.59991,0.59992,3445,1
1770264000,0.59992,0.59998,0.59774,0.59779,5593,1
1770267600,0.59779,0.59884,0.59766,0.59831,4665,1
1770271200,0.59831,0.59895,0.59823,0.59857,1933,1
1770274800,0.59857,0.59888,0.59811,0.59867,2705,1
1770278400,0.59867,0.5989,0.59831,0.59874,2568,1
1770282000,0.59874,0.59941,0.59845,0.59875,3089,1
1770285600,0.59878,0.59977,0.59857,0.59905,3795,1
1770289200,0.59904,0.59908,0.59808,0.59808,3611,1
1770292800,0.59808,0.59914,0.59801,0.59898,2429,1
1770296400,0.59899,0.59961,0.59889,0.59941,2097,1
1770300000,0.59941,0.59967,0.59837,0.59943,7101,1
1770303600,0.59943,0.60042,0.59919,0.59979,6826,1
1770307200,0.59975,0.60012,0.5985,0.59861,9770,1
1770310800,0.59861,0.59926,0.59686,0.59769,10033,1
1770314400,0.59771,0.59924,0.59732,0.59898,7847,1
1770318000,0.59899,0.59918,0.59831,0.5985,5734,1
1770321600,0.5985,0.59872,0.59744,0.59766,4030,1
1770325200,0.59766,0.59828,0.59732,0.59733,3586,1
1770328800,0.59734,0.59783,0.59617,0.59621,2927,1
1770332400,0.5962,0.59632,0.59479,0.59479,1782,1
1770336000,0.59473,0.5952,0.59467,0.59503,438,9
1770339600,0.59502,0.59517,0.59371,0.59378,2035,1
1770343200,0.59378,0.59458,0.59281,0.59458,3714,1
1770346800,0.59456,0.59583,0.59403,0.59547,4651,1
1770350400,0.59547,0.59644,0.59547,0.59587,3670,1
1770354000,0.59587,0.5964,0.59569,0.59634,2241,2
1770357600,0.59634,0.59701,0.5963,0.59689,1813,2
1770361200,0.59689,0.59776,0.59678,0.59773,2235,1
1770364800,0.59772,0.59825,0.59743,0.59778,2557,1
1770368400,0.59778,0.59792,0.59716,0.5977,2368,1
1770372000,0.59768,0.59821,0.59742,0.59797,2970,1
1770375600,0.59797,0.59894,0.59777,0.59867,3380,1
1770379200,0.59867,0.59898,0.59822,0.5985,2179,1
1770382800,0.59851,0.5995,0.59843,0.5993,2252,1
1770386400,0.5993,0.59951,0.59888,0.59926,2729,1
1770390000,0.59925,0.60025,0.59916,0.60022,3887,1
1770393600,0.60019,0.60177,0.60008,0.60152,5387,1
1770397200,0.60151,0.60168,0.60067,0.60151,5416,1
1770400800,0.60152,0.60232,0.60135,0.60183,3724,1
1770404400,0.60183,0.60262,0.60168,0.60232,3124,1
1770408000,0.60232,0.60269,0.60193,0.60195,1678,1
1770411600,0.60195,0.6021,0.60159,0.60175,1451,1
1770415200,0.60176,0.60199,0.6017,0.60184,1422,1
1770418800,0.60186,0.60216,0.60082,0.60082,1343,2
1770595200,0.60104,0.60191,0.60078,0.60167,1188,9
1770598800,0.60167,0.60339,0.60153,0.60309,3134,2
1770602400,0.60308,0.60325,0.60187,0.60203,2865,1
1770606000,0.60204,0.60223,0.60129,0.60151,3363,1
1770609600,0.60151,0.60219,0.60113,0.6016,2320,1
1770613200,0.6016,0.60213,0.60126,0.6013,1548,1
1770616800,0.6013,0.60166,0.60126,0.60146,1072,2
1770620400,0.60146,0.60202,0.60127,0.60194,1264,1
1770624000,0.60194,0.60267,0.60143,0.60251,3260,1
1770627600,0.60253,0.60268,0.60158,0.60212,3216,1
1770631200,0.60213,0.60226,0.60084,0.6011,3346,1
1770634800,0.6011,0.60192,0.60092,0.6011,2682,1
1770638400,0.6011,0.60135,0.59969,0.6005,3181,1
1770642000,0.6005,0.60229,0.60023,0.60221,2965,1
1770645600,0.60221,0.60316,0.6022,0.60315,2270,1
1770649200,0.60315,0.60423,0.60306,0.60373,4435,1
1770652800,0.60373,0.60515,0.60361,0.60508,6478,1
1770656400,0.60508,0.60567,0.60462,0.60495,5040,1
1770660000,0.60495,0.6052,0.60439,0.60476,3447,1
1770663600,0.60479,0.60511,0.60433,0.60496,1901,1
1770667200,0.60496,0.60557,0.60451,0.60542,2102,1
1770670800,0.60542,0.60599,0.60528,0.60582,1435,1
1770674400,0.60582,0.60592,0.60547,0.60556,1349,1
1770678000,0.60556,0.60567,0.60521,0.60521,822,2
1770681600,0.60391,0.60553,0.60386,0.60525,951,2
1770685200,0.60525,0.60557,0.60509,0.60522,817,2
1770688800,0.60522,0.60538,0.60428,0.60472,1398,1
1770692400,0.60473,0.60521,0.60421,0.60488,2595,1
1770696000,0.60488,0.60519,0.60443,0.60486,2115,2
1770699600,0.60486,0.60496,0.60387,0.60402,1543,1
1770703200,0.60402,0.60407,0.60359,0.60384,1261,1
1770706800,0.60384,0.6041,0.6036,0.6037,1320,1
1770710400,0.6037,0.60398,0.60333,0.60361,1630,1
1770714000,0.60361,0.6042,0.60346,0.604,2056,1
1770717600,0.604,0.60457,0.60378,0.60429,2875,1
1770721200,0.60429,0.60499,0.60429,0.60453,1938,1
1770724800,0.60453,0.60461,0.60391,0.60433,1860,1
1770728400,0.60433,0.6046,0.6042,0.60445,1185,1
1770732000,0.60445,0.60474,0.60378,0.6042,2451,1
1770735600,0.6042,0.60539,0.60399,0.60498,3978,1
1770739200,0.60497,0.60612,0.60453,0.60546,5118,1
1770742800,0.60546,0.60573,0.60426,0.60565,5642,1
1770746400,0.60565,0.60572,0.60424,0.6044,3565,1
1770750000,0.6044,0.6048,0.60419,0.60447,1898,1
1770753600,0.60447,0.60448,0.60388,0.60424,2534,1
1770757200,0.60424,0.60508,0.60412,0.60502,1505,1
1770760800,0.60502,0.60511,0.60441,0.60443,1471,1
1770764400,0.60445,0.60446,0.60414,0.60414,672,1
1770768000,0.60354,0.60433,0.60326,0.60414,656,9
1770771600,0.60414,0.6042,0.60388,0.60398,862,2
1770775200,0.60398,0.60486,0.60398,0.60458,1365,2
1770778800,0.60458,0.60512,0.60452,0.60491,1947,1
1770782400,0.60491,0.60656,0.60482,0.60594,2405,1
1770786000,0.60594,0.60647,0.60562,0.6063,1629,1
1770789600,0.6063,0.60656,0.60576,0.60584,1202,2
1770793200,0.60584,0.60632,0.60567,0.60615,1531,2
1770796800,0.60615,0.60667,0.60542,0.60558,2067,2
1770800400,0.60558,0.60599,0.60545,0.60596,2039,1
1770804000,0.60596,0.60636,0.60528,0.60633,2120,1
1770807600,0.60633,0.60659,0.6059,0.60642,1781,1
1770811200,0.60643,0.60734,0.60608,0.60698,1814,1
1770814800,0.60698,0.60707,0.60611,0.60627,1944,1
1770818400,0.60627,0.60629,0.6057,0.60601,2316,1
1770822000,0.60601,0.60619,0.60239,0.6051,9324,1
1770825600,0.6051,0.6065,0.60494,0.60591,9637,1
1770829200,0.60591,0.60619,0.60317,0.60381,10176,1
1770832800,0.60381,0.6057,0.60341,0.60567,5652,1
1770836400,0.60568,0.60651,0.60516,0.60585,4347,1
1770840000,0.60584,0.60641,0.60522,0.60573,3276,1
1770843600,0.60573,0.60619,0.60552,0.6056,2083,1
1770847200,0.6056,0.6056,0.60471,0.60471,1537,1
1770850800,0.60471,0.60496,0.60468,0.60477,863,1
1770854400,0.60416,0.60506,0.60378,0.60463,694,13
1770858000,0.60463,0.60518,0.6046,0.60477,1164,2
1770861600,0.60477,0.60534,0.60445,0.6053,1915,2
1770865200,0.6053,0.60595,0.60504,0.60588,2386,1
1770868800,0.60588,0.60615,0.60538,0.60568,1415,1
1770872400,0.60568,0.60594,0.60513,0.60548,1623,2
1770876000,0.60548,0.60589,0.60436,0.60457,1565,1
1770879600,0.60457,0.60494,0.60431,0.60479,1662,1
1770883200,0.60479,0.60497,0.60389,0.60465,2767,1
1770886800,0.60467,0.60589,0.60464,0.60589,1962,1
1770890400,0.60589,0.60642,0.60553,0.60618,2394,1
1770894000,0.60618,0.60719,0.60605,0.60706,2123,1
1770897600,0.60706,0.60753,0.60682,0.60695,1838,1
1770901200,0.60695,0.6076,0.6068,0.6073,1346,1
1770904800,0.6073,0.60742,0.60594,0.60629,1918,1
1770908400,0.6063,0.60744,0.6061,0.6074,2748,1
1770912000,0.6074,0.60753,0.60586,0.60607,4930,1
1770915600,0.60607,0.60684,0.60582,0.60668,5532,1
1770919200,0.60668,0.60678,0.60356,0.60445,11482,1
1770922800,0.60445,0.60452,0.60322,0.60323,6599,1
1770926400,0.60323,0.60381,0.60256,0.60341,4799,1
1770930000,0.60341,0.60381,0.60319,0.6037,2589,1
1770933600,0.6037,0.60377,0.60284,0.603,2665,1
1770937200,0.603,0.60355,0.60293,0.60301,859,1
1770940800,0.60297,0.60432,0.60275,0.60328,791,12
1770944400,0.60328,0.60345,0.60301,0.60309,1220,2
1770948000,0.60309,0.60354,0.60281,0.6033,1759,2
1770951600,0.6033,0.60391,0.60307,0.60339,2570,1
1770955200,0.60339,0.60395,0.60331,0.60365,1767,1
1770958800,0.60365,0.60377,0.60311,0.60311,1073,1
1770962400,0.60311,0.60376,0.60306,0.60328,1047,2
1770966000,0.60328,0.60355,0.60237,0.60252,2045,1
1770969600,0.60252,0.60275,0.6018,0.60234,2150,1
1770973200,0.60234,0.60267,0.60143,0.60264,2504,1
1770976800,0.60264,0.60382,0.60264,0.60371,3133,1
1770980400,0.60371,0.60426,0.60348,0.60373,2280,1
1770984000,0.60373,0.60382,0.60322,0.60322,2187,1
1770987600,0.60323,0.60344,0.60188,0.60206,3010,1
1770991200,0.60207,0.60245,0.60176,0.60231,2868,1
1770994800,0.60231,0.60432,0.60208,0.60377,6617,1
1770998400,0.60377,0.60453,0.6022,0.6027,8926,1
1771002000,0.6027,0.60409,0.60252,0.60262,9730,1
1771005600,0.60262,0.60379,0.60251,0.60344,5974,1
1771009200,0.60344,0.60507,0.60341,0.60458,3863,1
1771012800,0.60459,0.60491,0.60423,0.60453,3107,1
1771016400,0.60453,0.60478,0.60382,0.60389,2567,1
1771020000,0.60388,0.6043,0.60355,0.6043,2722,1
1771023600,0.6043,0.60443,0.60311,0.60348,1141,1
1771200000,0.60177,0.60433,0.60176,0.60391,1059,12
1771203600,0.60391,0.60398,0.60296,0.60318,1232,1
1771207200,0.60319,0.6034,0.6029,0.60314,1637,1
1771210800,0.60314,0.60394,0.60301,0.60391,1458,1
1771214400,0.60391,0.60403,0.60321,0.60331,1492,1
1771218000,0.60331,0.60331,0.60275,0.60316,955,1
1771221600,0.60317,0.60336,0.60285,0.60319,916,1
1771225200,0.60319,0.60366,0.603,0.60354,856,2
1771228800,0.60354,0.60435,0.60351,0.60381,986,1
1771232400,0.60381,0.60407,0.60358,0.60382,1278,1
1771236000,0.60382,0.60463,0.60354,0.60447,2245,1
1771239600,0.60447,0.60482,0.60383,0.60397,1661,1
1771243200,0.60397,0.60455,0.60387,0.6042,1578,1
1771246800,0.6042,0.60433,0.60378,0.6043,1291,1
1771250400,0.6043,0.60461,0.60385,0.60422,1347,1
1771254000,0.60422,0.60437,0.60373,0.60398,1457,1
1771257600,0.604,0.6043,0.60344,0.60402,1922,1
1771261200,0.60402,0.60406,0.60316,0.60316,1886,2
1771264800,0.60316,0.60358,0.60299,0.60328,1565,2
1771268400,0.60328,0.60343,0.60311,0.60319,746,1
1771272000,0.60318,0.60341,0.60318,0.6033,310,1
1771275600,0.6033,0.60349,0.6033,0.60347,253,2
1771279200,0.60347,0.60358,0.60337,0.60343,257,2
1771282800,0.60343,0.60353,0.6031,0.6031,489,1
1771286400,0.60298,0.60343,0.60245,0.60332,391,10
1771290000,0.60332,0.60334,0.60296,0.60317,804,2
1771293600,0.6032,0.60334,0.6027,0.60289,1570,2
1771297200,0.60289,0.60317,0.60221,0.60238,2271,1
1771300800,0.60235,0.6028,0.60189,0.60266,1714,1
1771304400,0.60266,0.60271,0.60196,0.60268,1684,2
1771308000,0.60268,0.60369,0.60257,0.60365,993,2
1771311600,0.60365,0.60366,0.6028,0.60321,1830,1
1771315200,0.60321,0.60391,0.60321,0.60361,1202,2
1771318800,0.60361,0.60361,0.60234,0.60279,2321,1
1771322400,0.60281,0.60377,0.60273,0.6035,2587,1
1771326000,0.6035,0.60425,0.60345,0.6042,1672,1
1771329600,0.60419,0.605,0.60409,0.60479,1631,1
1771333200,0.60479,0.605,0.60367,0.60389,1683,1
1771336800,0.60389,0.60418,0.60289,0.60295,1621,1
1771340400,0.60293,0.60335,0.60208,0.60232,4022,1
1771344000,0.60232,0.60307,0.60149,0.60159,6747,1
1771347600,0.60159,0.6021,0.60042,0.6014,6897,1
1771351200,0.6014,0.60308,0.6014,0.60274,4682,1
1771354800,0.60274,0.60343,0.60249,0.60312,3663,1
1771358400,0.60312,0.60497,0.60297,0.60479,2841,1
1771362000,0.60479,0.605,0.60444,0.60489,1683,1
1771365600,0.60489,0.60504,0.60459,0.60484,1670,1
1771369200,0.60484,0.60507,0.60448,0.60453,610,1
1771372800,0.60453,0.6048,0.60445,0.60461,364,6
1771376400,0.60463,0.60527,0.60461,0.60471,1084,2
1771380000,0.60471,0.60504,0.60384,0.60401,1640,1
1771383600,0.6041,0.60418,0.601,0.60184,3095,1
1771387200,0.60183,0.60184,0.60025,0.60033,1606,1
1771390800,0.60033,0.60036,0.59955,0.6,1428,1
1771394400,0.6,0.6001,0.59963,0.59974,1027,2
1771398000,0.59974,0.6002,0.59969,0.59988,734,1
1771401600,0.59988,0.60025,0.59946,0.59992,1110,1
1771405200,0.59992,0.60025,0.59892,0.59961,2320,1
1771408800,0.59961,0.6007,0.5996,0.60014,2835,1
1771412400,0.60014,0.60139,0.60009,0.60107,1933,1
1771416000,0.60107,0.60133,0.60051,0.60052,1541,1
1771419600,0.60052,0.60079,0.60022,0.60065,1394,1
1771423200,0.60065,0.60103,0.60006,0.60017,2169,1
1771426800,0.60017,0.6006,0.59871,0.59873,2686,1
1771430400,0.59873,0.599,0.59765,0.59837,4885,1
1771434000,0.59837,0.59943,0.59828,0.59935,3632,1
1771437600,0.59935,0.59985,0.59845,0.5985,2824,1
1771441200,0.5985,0.59897,0.59816,0.59834,1860,1
1771444800,0.59834,0.5987,0.59717,0.5973,2367,1
1771448400,0.5973,0.59767,0.59619,0.59642,3552,1
1771452000,0.59642,0.59675,0.59613,0.59654,2063,1
1771455600,0.59654,0.59673,0.59614,0.59614,633,1
1771459200,0.59614,0.59645,0.59573,0.59637,427,7
1771462800,0.59635,0.59685,0.59634,0.59662,696,2
1771466400,0.59662,0.59678,0.59579,0.59647,2060,1
1771470000,0.59647,0.59748,0.59647,0.59739,1745,1
1771473600,0.59739,0.59771,0.59703,0.59742,1238,1
1771477200,0.59742,0.59788,0.59723,0.59747,1207,1
1771480800,0.59747,0.59752,0.59659,0.59687,1105,1
1771484400,0.59687,0.59708,0.59645,0.597,963,1
1771488000,0.597,0.59802,0.59689,0.59797,1142,1
1771491600,0.59797,0.59855,0.59755,0.59832,1745,1
1771495200,0.59833,0.59903,0.59785,0.59819,1984,1
1771498800,0.59818,0.59864,0.59748,0.59748,2092,1
1771502400,0.59748,0.59779,0.59688,0.59741,2196,1
1771506000,0.59741,0.59776,0.5965,0.59693,2116,1
1771509600,0.59693,0.59744,0.59632,0.59656,1991,1
1771513200,0.59656,0.59678,0.59564,0.5966,3221,1
1771516800,0.5966,0.59666,0.59457,0.59527,4968,1
1771520400,0.59526,0.59802,0.595,0.59726,7367,1
1771524000,0.59726,0.59764,0.59661,0.5967,4746,1
1771527600,0.5967,0.59724,0.59634,0.59676,3380,1
1771531200,0.59677,0.59755,0.59655,0.59727,2388,1
1771534800,0.59727,0.59742,0.59623,0.59656,2086,1
1771538400,0.59656,0.59717,0.59656,0.59716,1295,1
1771542000,0.59716,0.59755,0.59704,0.59706,1068,1
1771545600,0.59706,0.59735,0.59609,0.59735,672,7
1771549200,0.59735,0.5975,0.59696,0.597,973,1
1771552800,0.597,0.59719,0.59633,0.59652,1530,1
1771556400,0.59652,0.59661,0.5944,0.59513,2662,1
1771560000,0.59513,0.59569,0.5938,0.59414,2583,1
1771563600,0.59414,0.59495,0.59414,0.59463,1397,1
1771567200,0.59463,0.5951,0.59435,0.59444,1006,2
1771570800,0.59444,0.59539,0.59444,0.59532,1413,2
1771574400,0.59532,0.59551,0.59511,0.59536,1275,1
1771578000,0.59536,0.59601,0.59442,0.59463,2240,1
1771581600,0.59463,0.59548,0.59443,0.59529,2779,1
1771585200,0.59529,0.59647,0.59529,0.59578,1963,1
1771588800,0.59582,0.596,0.59529,0.59582,1532,1
1771592400,0.59581,0.59589,0.59534,0.59546,1710,1
1771596000,0.59545,0.59568,0.59503,0.59514,2347,1
1771599600,0.59513,0.59594,0.59452,0.59533,4234,1
1771603200,0.59534,0.59599,0.59448,0.59594,5354,1
1771606800,0.59584,0.59803,0.59458,0.59766,14585,1
1771610400,0.59765,0.59851,0.59668,0.59725,6400,1
1771614000,0.59725,0.59735,0.59563,0.59702,5550,1
1771617600,0.59702,0.59839,0.59656,0.59779,6071,1
1771621200,0.59779,0.59792,0.59704,0.5973,2844,1
1771624800,0.59731,0.59776,0.5972,0.59765,1659,1
1771628400,0.59765,0.59799,0.59707,0.5971,1244,1
1771804800,0.59719,0.59815,0.59714,0.59755,291,16
1771808400,0.59755,0.60035,0.59731,0.60034,2903,1
1771812000,0.60034,0.60034,0.59902,0.59935,3609,2
1771815600,0.59935,0.5995,0.5986,0.59895,4070,1
1771819200,0.59896,0.59909,0.59808,0.59844,3067,1
1771822800,0.59844,0.59863,0.59792,0.59848,1837,1
1771826400,0.59848,0.59857,0.59816,0.5984,1591,1
1771830000,0.59841,0.59849,0.59797,0.59843,1470,1
1771833600,0.59843,0.59902,0.5982,0.5987,1434,1
1771837200,0.59869,0.59887,0.59797,0.59824,2402,1
1771840800,0.59824,0.59854,0.59751,0.59828,3254,1
1771844400,0.59828,0.59877,0.59789,0.59798,1993,1
1771848000,0.59798,0.59801,0.59725,0.59757,1582,1
1771851600,0.59757,0.59757,0.59656,0.59669,1760,1
1771855200,0.59669,0.59672,0.5957,0.59634,1906,1
1771858800,0.59634,0.59702,0.59606,0.597,2510,1
1771862400,0.59699,0.59787,0.59693,0.59738,4755,1
1771866000,0.59736,0.5978,0.59624,0.59646,4580,1
1771869600,0.59645,0.59692,0.59569,0.59656,4659,1
1771873200,0.59656,0.59678,0.59552,0.5962,2979,1
1771876800,0.5962,0.59661,0.59601,0.59606,1820,1
1771880400,0.59606,0.59632,0.59542,0.5956,1456,1
1771884000,0.5956,0.59574,0.59514,0.59554,1379,1
1771887600,0.59554,0.59579,0.59539,0.59557,990,1
1771891200,0.59557,0.59587,0.59478,0.59532,1096,1
1771894800,0.59532,0.59614,0.5953,0.59591,967,2
1771898400,0.59591,0.59628,0.59572,0.59612,1440,1
1771902000,0.59612,0.59612,0.59499,0.59588,3715,1
1771905600,0.59588,0.59685,0.59583,0.59679,1881,1
1771909200,0.59679,0.59713,0.59616,0.5962,1208,1
1771912800,0.5962,0.59632,0.59562,0.59571,1062,2
1771916400,0.59572,0.59627,0.5956,0.59624,1159,2
1771920000,0.59624,0.59645,0.59604,0.59623,1384,1
1771923600,0.59623,0.59669,0.59563,0.59618,2689,1
1771927200,0.59618,0.59675,0.59582,0.59646,2791,1
1771930800,0.59646,0.59713,0.59643,0.59673,2084,1
1771934400,0.59673,0.5969,0.59623,0.59627,1370,1
1771938000,0.59628,0.59633,0.59549,0.59554,1348,1
1771941600,0.59554,0.59575,0.59472,0.59519,1754,1
1771945200,0.59519,0.59545,0.5947,0.59484,2343,1
1771948800,0.59484,0.5956,0.59423,0.59534,4419,1
1771952400,0.59526,0.59652,0.59488,0.59598,4834,1
1771956000,0.59598,0.59731,0.59591,0.59717,2801,1
1771959600,0.59717,0.5974,0.59683,0.59698,1628,1
1771963200,0.59697,0.59709,0.59671,0.59681,1119,1
1771966800,0.59681,0.59705,0.59654,0.59683,1017,1
1771970400,0.59683,0.59735,0.59657,0.59666,1031,1
1771974000,0.59666,0.59666,0.59638,0.59654,914,1
1771977600,0.59654,0.59657,0.59516,0.59638,496,6
1771981200,0.59636,0.59656,0.59627,0.59635,737,2
1771984800,0.59635,0.59783,0.59615,0.59714,1938,1
1771988400,0.59714,0.59753,0.59684,0.59692,2384,1
1771992000,0.59692,0.59809,0.59686,0.59786,2478,1
1771995600,0.59786,0.59803,0.59721,0.59739,2486,1
1771999200,0.59739,0.59806,0.59724,0.59805,1315,2
1772002800,0.59805,0.59855,0.59794,0.59832,1507,2
1772006400,0.59832,0.59875,0.59791,0.59867,1746,1
1772010000,0.59867,0.59917,0.59838,0.59838,1714,1
1772013600,0.59838,0.59869,0.5974,0.59744,1887,1
1772017200,0.59743,0.59782,0.59715,0.59716,2244,1
1772020800,0.59717,0.59733,0.59669,0.59676,1539,1
1772024400,0.59676,0.5968,0.59595,0.59621,1140,1
1772028000,0.59621,0.59743,0.59619,0.59735,1676,2
1772031600,0.59737,0.59791,0.59682,0.59685,2374,1
1772035200,0.59685,0.59795,0.59674,0.59752,3029,1
1772038800,0.59753,0.59891,0.59753,0.5989,3549,1
1772042400,0.5989,0.5993,0.59866,0.59914,2256,1
1772046000,0.59914,0.6,0.59908,0.59944,1578,1
1772049600,0.59945,0.5999,0.59941,0.59971,772,1
1772053200,0.59971,0.59997,0.59963,0.5997,672,1
1772056800,0.5997,0.6,0.59957,0.59978,939,1
1772060400,0.59978,0.60027,0.59969,0.59969,1075,1
1772064000,0.59936,0.59996,0.59926,0.59973,672,7
1772067600,0.59973,0.60016,0.59973,0.59997,1330,2
1772071200,0.59997,0.60022,0.59954,0.6002,1347,1
1772074800,0.6002,0.60116,0.60009,0.60104,2524,1
1772078400,0.60104,0.60128,0.59994,0.60038,1767,1
1772082000,0.60038,0.60072,0.60004,0.60012,1289,1
1772085600,0.60012,0.60041,0.59974,0.60023,1101,2
1772089200,0.60023,0.60121,0.60015,0.60089,1583,1
1772092800,0.60089,0.601,0.60026,0.60039,1787,1
1772096400,0.60039,0.60043,0.59946,0.59969,1937,1
1772100000,0.59969,0.59977,0.59855,0.59868,2263,1
1772103600,0.59868,0.59906,0.59863,0.59879,1631,1
1772107200,0.59879,0.59899,0.59827,0.59859,1135,1
1772110800,0.59859,0.59893,0.59818,0.5982,1148,1
1772114400,0.59824,0.59905,0.59809,0.59893,1329,1
1772118000,0.59893,0.59949,0.59842,0.59844,2303,1
1772121600,0.59844,0.59874,0.59789,0.59819,4607,1
1772125200,0.59819,0.59837,0.59578,0.59783,7224,1
1772128800,0.59783,0.59788,0.59684,0.59726,4364,1
1772132400,0.59726,0.59739,0.59572,0.59598,2615,1
1772136000,0.59596,0.59766,0.59575,0.59738,2990,1
1772139600,0.5974,0.59859,0.5973,0.59847,1593,1
1772143200,0.59847,0.59869,0.59821,0.59862,1109,1
1772146800,0.59863,0.5987,0.59751,0.59751,663,1
1772150400,0.59751,0.59777,0.59672,0.59759,1700,8
1772154000,0.59759,0.59821,0.59738,0.59797,969,2
1772157600,0.59797,0.59816,0.59745,0.59764,1832,1
1772161200,0.59764,0.59841,0.59759,0.59776,3308,1
1772164800,0.59776,0.59893,0.59768,0.59892,2069,1
1772168400,0.59892,0.59923,0.59871,0.59885,1330,2
1772172000,0.59885,0.59932,0.59882,0.5992,1108,2
1772175600,0.5992,0.59948,0.59895,0.59895,1490,2
1772179200,0.59895,0.59922,0.59849,0.59882,1929,1
1772182800,0.59882,0.59923,0.59863,0.59896,1873,1
1772186400,0.59896,0.59939,0.59848,0.59856,2098,1
1772190000,0.59847,0.59893,0.59843,0.59873,2064,1
1772193600,0.59873,0.59882,0.59808,0.59849,1964,1
1772197200,0.59849,0.59861,0.59804,0.59833,1739,1
1772200800,0.59833,0.59878,0.59788,0.59813,2230,1
1772204400,0.59813,0.59843,0.59704,0.59763,5228,1
1772208000,0.59765,0.59899,0.59749,0.59836,5419,1
1772211600,0.59836,0.60038,0.59825,0.60004,5680,1
1772215200,0.60004,0.60046,0.5995,0.59981,3371,1
1772218800,0.59981,0.60035,0.59937,0.59979,3068,1
1772222400,0.59979,0.59991,0.59941,0.59978,2232,1
1772226000,0.59978,0.59998,0.59941,0.59962,1559,2
1772229600,0.59962,0.60027,0.59962,0.59984,1694,1
1772233200,0.59984,0.59987,0.59897,0.59914,1560,1
1772409600,0.59501,0.59602,0.5946,0.5949,753,15
1772413200,0.5949,0.59757,0.59488,0.59566,5723,2
1772416800,0.59565,0.59732,0.59489,0.59721,4746,1
1772420400,0.59719,0.59912,0.59713,0.59877,5941,1
1772424000,0.59877,0.59887,0.59784,0.59868,3061,1
1772427600,0.59868,0.59946,0.59843,0.59845,2498,1
1772431200,0.59845,0.59875,0.59732,0.5975,2635,1
1772434800,0.5975,0.5975,0.59591,0.59595,2319,1
1772438400,0.59595,0.596,0.59474,0.59516,3488,1
1772442000,0.59516,0.59529,0.59368,0.59435,4566,1
1772445600,0.59435,0.59474,0.59282,0.59447,5295,1
1772449200,0.59447,0.5961,0.59428,0.59532,3894,1
1772452800,0.59532,0.59676,0.59532,0.5963,3349,1
1772456400,0.5963,0.59645,0.59548,0.59589,2805,1
1772460000,0.59589,0.59595,0.59357,0.59385,3522,1
1772463600,0.59384,0.59489,0.59335,0.59346,5396,1
1772467200,0.59345,0.59532,0.59304,0.59458,8085,1
1772470800,0.59456,0.59484,0.59233,0.59269,8444,1
1772474400,0.59268,0.5931,0.5916,0.59288,5646,1
1772478000,0.59288,0.5941,0.59263,0.59404,3418,1
1772481600,0.59403,0.59407,0.59331,0.59393,2271,1
1772485200,0.59393,0.59567,0.5939,0.59541,2130,1
1772488800,0.59541,0.59552,0.59306,0.59419,5908,1
1772492400,0.59418,0.59477,0.59358,0.59358,1658,1
1772496000,0.59358,0.59462,0.59309,0.59417,910,2
1772499600,0.59417,0.59491,0.59412,0.59461,1368,2
1772503200,0.59461,0.59474,0.59401,0.59448,2016,1
1772506800,0.59448,0.59555,0.59434,0.59453,4775,1
1772510400,0.59452,0.59499,0.5935,0.59466,3848,1
1772514000,0.59466,0.59497,0.59403,0.59446,2531,2
1772517600,0.59446,0.59478,0.5936,0.59369,2166,1
1772521200,0.59369,0.59411,0.59249,0.59271,3508,1
1772524800,0.59271,0.5932,0.5922,0.5931,3640,1
1772528400,0.5931,0.5931,0.591,0.59109,4312,1
1772532000,0.59108,0.5914,0.58947,0.58963,5676,1
1772535600,0.58963,0.59058,0.5886,0.58889,6338,1
1772539200,0.5889,0.58924,0.58627,0.58729,5865,1
1772542800,0.58729,0.58926,0.58633,0.58905,7595,1
1772546400,0.58905,0.59034,0.58845,0.58998,6445,1
1772550000,0.58998,0.5901,0.58833,0.58879,6439,1
1772553600,0.58879,0.58939,0.58592,0.58615,9506,1
1772557200,0.58615,0.58652,0.58359,0.58631,13503,1
1772560800,0.58631,0.58869,0.58607,0.58834,10219,1
1772564400,0.58835,0.58846,0.5871,0.58771,6763,1
1772568000,0.58771,0.58998,0.58769,0.58958,4943,1
1772571600,0.58958,0.59069,0.58853,0.58951,6941,1
1772575200,0.58951,0.59005,0.58886,0.58921,4446,1
1772578800,0.58921,0.58928,0.58863,0.58875,1686,1
1772582400,0.58875,0.58937,0.58794,0.58865,903,7
1772586000,0.58865,0.58957,0.58849,0.58876,2172,2
1772589600,0.58877,0.58903,0.58738,0.58766,4151,1
1772593200,0.58767,0.58789,0.5861,0.58775,6210,1
1772596800,0.58775,0.58961,0.58742,0.58873,5496,1
1772600400,0.58873,0.59007,0.58828,0.59004,4411,2
1772604000,0.59005,0.59053,0.58873,0.58927,3836,2
1772607600,0.58927,0.58989,0.58892,0.58936,4727,1
1772611200,0.58936,0.59053,0.58856,0.59004,3683,1
1772614800,0.59003,0.59114,0.58993,0.59035,4131,1
1772618400,0.59035,0.59088,0.58937,0.58975,5491,1
1772622000,0.58975,0.59149,0.58914,0.59095,4661,1
1772625600,0.59094,0.59326,0.59083,0.59123,7558,1
1772629200,0.59122,0.59221,0.59095,0.59101,4099,1
1772632800,0.59101,0.59239,0.59051,0.59089,4534,1
1772636400,0.59089,0.59231,0.59088,0.59105,5953,1
1772640000,0.59105,0.59162,0.59007,0.5911,8840,1
1772643600,0.59094,0.59306,0.59067,0.59301,8541,1
1772647200,0.59301,0.59346,0.59239,0.59318,5082,1
1772650800,0.59318,0.59361,0.5925,0.59299,3275,1
1772654400,0.59299,0.59357,0.59257,0.59329,2445,1
1772658000,0.59329,0.59412,0.59329,0.59404,1859,1
1772661600,0.59404,0.59424,0.59362,0.59399,1916,1
1772665200,0.59399,0.59424,0.59378,0.59395,1322,1
1772668800,0.59395,0.59398,0.5933,0.59398,804,7
1772672400,0.59397,0.5943,0.59359,0.59369,1220,2
1772676000,0.59369,0.59454,0.59355,0.59453,1854,1
1772679600,0.59452,0.59484,0.59313,0.59323,5215,1
1772683200,0.59323,0.59411,0.59295,0.5938,4100,1
1772686800,0.5938,0.59408,0.59263,0.59287,3463,1
1772690400,0.59287,0.59322,0.59253,0.59288,2359,2
1772694000,0.59288,0.593,0.59147,0.5915,3181,1
1772697600,0.5915,0.59298,0.59111,0.59294,4161,1
1772701200,0.59295,0.59323,0.59193,0.59227,3929,1
1772704800,0.59227,0.5923,0.59017,0.59142,4906,1
1772708400,0.59141,0.59459,0.59121,0.59207,9581,1
1772712000,0.59207,0.59244,0.5915,0.59189,4163,1
1772715600,0.59189,0.59295,0.59169,0.59233,3158,1
1772719200,0.59233,0.59323,0.59174,0.59237,3806,1
1772722800,0.59235,0.59255,0.59062,0.59085,6218,1
1772726400,0.59086,0.59136,0.58972,0.59117,7409,1
1772730000,0.59118,0.59174,0.58884,0.58957,8365,1
1772733600,0.58957,0.58959,0.58742,0.58899,7705,1
1772737200,0.589,0.58942,0.5875,0.58798,6941,1
1772740800,0.58798,0.58864,0.58731,0.58828,6862,1
1772744400,0.58828,0.5885,0.5873,0.58781,4358,1
1772748000,0.58781,0.59021,0.58748,0.58998,6878,1
1772751600,0.58998,0.59015,0.58939,0.5894,1534,1
1772755200,0.58931,0.58988,0.58857,0.58942,620,10
1772758800,0.58941,0.58984,0.58922,0.58955,1479,2
1772762400,0.58955,0.59085,0.58949,0.59069,2138,2
1772766000,0.59069,0.5913,0.59033,0.59094,4671,1
1772769600,0.59094,0.59145,0.59074,0.59084,3192,1
1772773200,0.59084,0.5913,0.59068,0.59107,2146,2
1772776800,0.59107,0.59118,0.59032,0.5904,1299,1
1772780400,0.5904,0.59092,0.5901,0.59014,2420,1
1772784000,0.59015,0.59107,0.59007,0.59085,2589,1
1772787600,0.59085,0.59155,0.59056,0.59121,2377,1
1772791200,0.59124,0.59132,0.59033,0.59058,3544,1
1772794800,0.59058,0.59062,0.5871,0.58722,4611,1
1772798400,0.58723,0.58814,0.58708,0.588,3832,1
1772802000,0.588,0.58819,0.58627,0.58646,5379,1
1772805600,0.58647,0.58736,0.58635,0.58677,4670,1
1772809200,0.58675,0.58892,0.58574,0.58598,10667,1
1772812800,0.58597,0.58733,0.58591,0.58682,11142,1
1772816400,0.58682,0.58912,0.58682,0.58858,11338,1
1772820000,0.58858,0.59074,0.58856,0.59004,7565,1
1772823600,0.59003,0.59047,0.58926,0.5893,6357,1
1772827200,0.5893,0.59103,0.58923,0.58989,6460,1
1772830800,0.58989,0.59054,0.58966,0.5901,5043,1
1772834400,0.5901,0.59049,0.58935,0.58989,6426,1
1772838000,0.58989,0.59058,0.58894,0.58904,3031,1
1773014400,0.58628,0.5876,0.58612,0.58643,583,9
1773018000,0.58643,0.58683,0.58517,0.58558,7209,5
1773021600,0.58558,0.58596,0.58482,0.58513,5272,1
1773025200,0.58513,0.58634,0.58496,0.58557,5566,1
1773028800,0.58556,0.58648,0.58501,0.58578,7487,1
1773032400,0.58578,0.58782,0.58578,0.58761,7061,1
1773036000,0.58761,0.58797,0.58656,0.58686,4785,1
1773039600,0.58686,0.58766,0.58674,0.58705,3297,1
1773043200,0.58705,0.58947,0.58675,0.58911,7519,1
1773046800,0.58912,0.58933,0.58793,0.58804,6258,1
1773050400,0.58804,0.58933,0.58769,0.58903,6847,1
1773054000,0.58912,0.58979,0.58756,0.58874,8241,1
1773057600,0.58874,0.5916,0.5884,0.59089,8989,1
1773061200,0.59088,0.59137,0.5899,0.59062,7410,1
1773064800,0.59067,0.59146,0.59035,0.5906,5066,1
1773068400,0.5906,0.59113,0.5897,0.58995,5709,1
1773072000,0.58996,0.59211,0.58996,0.59109,10481,1
1773075600,0.5911,0.59187,0.58936,0.59097,12855,1
1773079200,0.59103,0.59219,0.59079,0.5917,6309,1
1773082800,0.5917,0.59284,0.5914,0.59236,4663,1
1773086400,0.59236,0.59239,0.59128,0.59131,3587,1
1773090000,0.59131,0.59185,0.59121,0.59128,2738,1
1773093600,0.59129,0.59351,0.59118,0.59266,7913,1
1773097200,0.59266,0.59346,0.59218,0.59328,2646,1
1773100800,0.59328,0.59363,0.59298,0.5934,658,5
1773104400,0.5934,0.59394,0.59282,0.59327,2498,2
1773108000,0.59327,0.59353,0.5925,0.5926,2245,1
1773111600,0.5926,0.59351,0.59231,0.59259,5110,1
1773115200,0.59259,0.59275,0.59171,0.59215,5690,1
1773118800,0.59215,0.59247,0.59087,0.59113,4059,1
1773122400,0.59113,0.59141,0.59074,0.59116,3317,1
1773126000,0.59116,0.59119,0.59077,0.59102,2145,1
1773129600,0.59102,0.5915,0.59099,0.5915,2558,2
1773133200,0.59149,0.59284,0.59141,0.59278,3330,1
1773136800,0.59279,0.59438,0.59249,0.59391,4096,1
1773140400,0.59391,0.59397,0.5923,0.59244,4690,1
1773144000,0.59244,0.59417,0.59237,0.59376,3664,1
1773147600,0.59376,0.59379,0.59247,0.59369,4647,1
1773151200,0.59369,0.59454,0.59347,0.59411,4456,1
1773154800,0.59411,0.5942,0.593,0.59376,5695,1
1773158400,0.59376,0.59455,0.59317,0.59342,7874,1
1773162000,0.5934,0.5955,0.59299,0.59539,6812,1
1773165600,0.59539,0.59619,0.59523,0.59546,5141,1
1773169200,0.59546,0.59547,0.59459,0.59522,4721,1
1773172800,0.59522,0.59644,0.59509,0.59555,5939,1
1773176400,0.59555,0.59567,0.59325,0.59388,10377,1
1773180000,0.59389,0.59412,0.59248,0.59308,6204,1
1773183600,0.59308,0.59318,0.59259,0.59286,1574,1
1773187200,0.59286,0.59301,0.59263,0.59263,445,3
1773190800,0.59262,0.59312,0.59205,0.59223,1682,3
1773194400,0.59223,0.59243,0.59218,0.59237,1194,2
1773198000,0.59237,0.59353,0.59211,0.59276,3862,1
1773201600,0.59275,0.59359,0.59246,0.59352,4013,1
1773205200,0.59352,0.5942,0.5925,0.59351,3015,1
1773208800,0.59351,0.59437,0.59334,0.59426,1983,2
1773212400,0.59426,0.5948,0.59412,0.59462,2454,1
1773216000,0.59462,0.5948,0.59413,0.59438,2290,2
1773219600,0.59438,0.5947,0.5939,0.59444,2789,1
1773223200,0.59443,0.59458,0.59282,0.59337,4486,1
1773226800,0.59337,0.59391,0.59216,0.59275,5022,1
1773230400,0.59275,0.59284,0.59174,0.59188,4651,1
1773234000,0.59188,0.59322,0.59185,0.59305,4438,1
1773237600,0.59305,0.59336,0.59229,0.5923,3695,1
1773241200,0.5923,0.5927,0.59093,0.59142,5668,1
1773244800,0.59143,0.59281,0.59135,0.5926,6135,1
1773248400,0.5926,0.5941,0.59254,0.59333,9409,1
1773252000,0.59333,0.59357,0.59075,0.59076,5275,1
1773255600,0.59076,0.59181,0.59055,0.59155,4033,1
1773259200,0.59155,0.59181,0.59047,0.59115,4461,1
1773262800,0.59116,0.592,0.59023,0.59149,3007,1
1773266400,0.59149,0.59199,0.59107,0.59189,1947,1
1773270000,0.59189,0.59193,0.59128,0.59128,747,1
1773273600,0.59128,0.5924,0.59096,0.59121,718,5
1773277200,0.59121,0.59124,0.58976,0.58985,2015,1
1773280800,0.58985,0.58991,0.5892,0.58947,1948,1
1773284400,0.58947,0.5907,0.58918,0.5905,2911,1
1773288000,0.5905,0.59137,0.59003,0.59074,2627,2
1773291600,0.59074,0.59099,0.58949,0.59038,2598,1
1773295200,0.59038,0.59084,0.58956,0.59066,2148,2
1773298800,0.59066,0.59072,0.58981,0.58993,1262,1
1773302400,0.58993,0.5906,0.5895,0.58979,2471,1
1773306000,0.58979,0.59075,0.58961,0.59039,2544,1
1773309600,0.59039,0.59069,0.58958,0.59051,2519,1
1773313200,0.59051,0.59115,0.58987,0.59015,3465,1
1773316800,0.59015,0.59095,0.58951,0.5908,3015,1
1773320400,0.5908,0.59089,0.58996,0.59052,2606,1
1773324000,0.59052,0.59115,0.59029,0.59031,2840,1
1773327600,0.59033,0.59038,0.58914,0.58935,3685,1
1773331200,0.58935,0.5898,0.58726,0.5875,6954,1
1773334800,0.58751,0.588,0.58633,0.58683,7618,1
1773338400,0.58683,0.58717,0.58548,0.58682,8246,1
1773342000,0.58682,0.58728,0.58564,0.58589,6716,1
1773345600,0.58589,0.58654,0.58545,0.58569,5230,1
1773349200,0.58569,0.58601,0.58532,0.58542,3080,1
1773352800,0.58542,0.58583,0.58521,0.5855,2690,1
1773356400,0.5855,0.5856,0.58509,0.58542,989,1
1773360000,0.5853,0.58541,0.58487,0.58493,964,7
1773363600,0.58493,0.58532,0.58482,0.58519,1197,2
1773367200,0.58519,0.58541,0.58483,0.58529,1061,2
1773370800,0.58529,0.5859,0.58518,0.58539,2577,1
1773374400,0.58539,0.58619,0.58503,0.58515,2362,1
1773378000,0.58515,0.58564,0.58449,0.58472,1962,2
1773381600,0.58472,0.58485,0.58399,0.58456,1881,1
1773385200,0.58456,0.58456,0.58298,0.58299,1517,1
1773388800,0.58299,0.58334,0.58262,0.58289,1784,1
1773392400,0.58289,0.58295,0.58127,0.58173,2629,1
1773396000,0.58173,0.58174,0.58051,0.58083,3111,1
1773399600,0.58084,0.58188,0.5803,0.58177,4208,1
1773403200,0.58177,0.5826,0.58164,0.58176,3376,1
1773406800,0.58176,0.58307,0.58175,0.58219,3369,1
1773410400,0.58219,0.5831,0.5818,0.58307,3560,1
1773414000,0.58307,0.58393,0.5825,0.5835,4980,1
1773417600,0.58349,0.58404,0.58257,0.58369,5874,1
1773421200,0.58373,0.58381,0.58153,0.58169,6863,1
1773424800,0.58169,0.58185,0.58009,0.58024,6367,1
1773428400,0.58021,0.5806,0.57994,0.58003,5365,1
1773432000,0.58003,0.58058,0.57949,0.57962,3893,1
1773435600,0.57962,0.5797,0.57886,0.57922,2379,1
1773439200,0.57922,0.57937,0.57824,0.5783,2245,1
1773442800,0.5783,0.57832,0.57657,0.57682,2054,1
1773619200,0.57832,0.57899,0.57798,0.57875,621,17
1773622800,0.57877,0.57922,0.5778,0.5791,3006,1
1773626400,0.57911,0.57972,0.57888,0.57954,2522,1
1773630000,0.57954,0.58069,0.57953,0.58036,3041,1
1773633600,0.58036,0.58068,0.57946,0.58044,3289,1
1773637200,0.58045,0.58105,0.58022,0.58082,2196,1
1773640800,0.58082,0.5815,0.58082,0.58099,1782,1
1773644400,0.58099,0.5812,0.58049,0.58049,1114,2
1773648000,0.58049,0.58085,0.58023,0.58073,1533,1
1773651600,0.58074,0.58116,0.58025,0.58067,2136,1
1773655200,0.58067,0.581,0.57988,0.58062,2788,1
1773658800,0.58062,0.58175,0.58038,0.5817,4080,1
1773662400,0.58172,0.58245,0.58134,0.58224,2997,1
1773666000,0.58225,0.58397,0.58214,0.58394,2840,1
1773669600,0.58393,0.58443,0.58367,0.58404,2392,1
1773673200,0.58404,0.58485,0.584,0.58409,3129,1
1773676800,0.58409,0.58576,0.58395,0.58562,4194,1
1773680400,0.58561,0.58581,0.58438,0.58499,4385,1
1773684000,0.58499,0.58538,0.58425,0.58452,3701,1
1773687600,0.58452,0.58497,0.58385,0.58442,4233,1
1773691200,0.58442,0.58545,0.58442,0.58484,3858,1
1773694800,0.58484,0.58674,0.58484,0.58631,2718,1
1773698400,0.58631,0.58691,0.58571,0.58607,2874,1
1773702000,0.58607,0.5862,0.58586,0.58603,1050,1
1773705600,0.58589,0.58609,0.5854,0.5856,1340,5
1773709200,0.58562,0.58593,0.58508,0.58511,903,3
1773712800,0.5851,0.58538,0.58495,0.58529,860,2
1773716400,0.58529,0.58529,0.58431,0.58453,1912,1
1773720000,0.58453,0.58518,0.58442,0.58515,2336,2
1773723600,0.58515,0.58537,0.58461,0.58461,1482,1
1773727200,0.58461,0.58524,0.58419,0.58435,2890,2
1773730800,0.58435,0.58491,0.58409,0.58416,1542,1
1773734400,0.58414,0.58415,0.58257,0.58263,2390,1
1773738000,0.58267,0.58274,0.58167,0.58243,3293,1
1773741600,0.58243,0.5828,0.58203,0.58248,2502,1
1773745200,0.58248,0.58382,0.58187,0.58378,3580,1
1773748800,0.58378,0.58447,0.58358,0.5843,2606,1
1773752400,0.58431,0.58444,0.58353,0.58376,2623,1
1773756000,0.58376,0.58469,0.58363,0.58394,2138,1
1773759600,0.58394,0.58509,0.58374,0.58508,2893,1
1773763200,0.58508,0.58651,0.58503,0.58593,4296,1
1773766800,0.58592,0.58621,0.58514,0.58568,3523,1
1773770400,0.58568,0.5859,0.58467,0.58573,4371,1
1773774000,0.58573,0.5862,0.58518,0.5859,3990,1
1773777600,0.58591,0.58661,0.58583,0.5865,2365,1
1773781200,0.5865,0.58686,0.58601,0.58605,1765,1
1773784800,0.58606,0.58615,0.58552,0.58568,1214,1
1773788400,0.58568,0.58595,0.58565,0.58573,590,1
1773792000,0.58573,0.58585,0.58438,0.5854,1520,2
1773795600,0.58539,0.58616,0.58515,0.58579,2030,2
1773799200,0.58579,0.58606,0.58547,0.58576,1151,1
1773802800,0.58577,0.58629,0.58549,0.58584,1788,1
1773806400,0.58584,0.58662,0.58583,0.58612,1723,1
1773810000,0.58612,0.58632,0.58539,0.58543,1391,1
1773813600,0.58543,0.58595,0.58528,0.58592,948,2
1773817200,0.58592,0.58632,0.58566,0.58622,993,2
1773820800,0.58622,0.58677,0.5862,0.58675,1298,2
1773824400,0.58676,0.58724,0.58651,0.58666,1464,1
1773828000,0.58666,0.58684,0.58562,0.58575,1651,1
1773831600,0.58575,0.58622,0.58529,0.58615,2113,1
1773835200,0.58615,0.5864,0.58562,0.58632,1748,1
1773838800,0.58632,0.58641,0.58563,0.58578,1615,1
1773842400,0.58579,0.58628,0.58479,0.5854,3183,1
1773846000,0.5854,0.58554,0.58209,0.58217,6689,1
1773849600,0.58224,0.58315,0.58131,0.58306,7536,1
1773853200,0.58304,0.58418,0.58273,0.58417,6464,1
1773856800,0.58417,0.58508,0.58385,0.58387,4743,1
1773860400,0.58386,0.58459,0.58367,0.58401,3321,1
1773864000,0.58401,0.5841,0.58328,0.58384,3288,1
1773867600,0.58329,0.5849,0.58143,0.58143,7103,1
1773871200,0.58143,0.58202,0.58056,0.58057,4186,1
1773874800,0.58056,0.58056,0.57885,0.57962,2146,1
1773878400,0.57962,0.58109,0.57853,0.5797,1513,1
1773882000,0.57973,0.57976,0.5785,0.57885,1702,1
1773885600,0.57883,0.57962,0.57866,0.57946,1854,2
1773889200,0.57946,0.58175,0.57937,0.58165,3567,1
1773892800,0.58165,0.58219,0.58135,0.58136,3022,1
1773896400,0.58136,0.58277,0.58089,0.58179,3235,2
1773900000,0.58179,0.58235,0.58179,0.58195,1345,2
1773903600,0.58194,0.58197,0.58157,0.58177,1580,1
1773907200,0.58177,0.58201,0.58119,0.58124,1718,1
1773910800,0.58124,0.58222,0.58115,0.58172,3436,1
1773914400,0.58172,0.58205,0.58052,0.58077,4411,1
1773918000,0.58077,0.58154,0.5804,0.58126,5372,1
1773921600,0.58126,0.58269,0.58101,0.58222,7972,1
1773925200,0.58218,0.58239,0.58144,0.58156,3764,1
1773928800,0.58157,0.58178,0.58062,0.58148,2942,1
1773932400,0.58149,0.58152,0.57983,0.5807,6704,1
1773936000,0.5807,0.58349,0.57996,0.58343,11841,1
1773939600,0.58341,0.58472,0.58272,0.58382,11570,1
1773943200,0.58382,0.58503,0.58229,0.58311,8857,1
1773946800,0.5831,0.58439,0.58301,0.58384,7849,1
1773950400,0.58384,0.58527,0.58352,0.585,5093,1
1773954000,0.58501,0.58623,0.58452,0.5862,3882,1
1773957600,0.58624,0.58921,0.58622,0.5873,10378,1
1773961200,0.58731,0.58749,0.58708,0.58737,1569,1
1773964800,0.58737,0.58765,0.58691,0.58718,1194,10
1773968400,0.58719,0.58779,0.58655,0.58671,1384,2
1773972000,0.58671,0.5871,0.58665,0.58667,1364,1
1773975600,0.58667,0.58832,0.58666,0.58829,2337,1
1773979200,0.58829,0.58913,0.58797,0.58814,3299,1
1773982800,0.58814,0.58887,0.58798,0.58868,2064,2
1773986400,0.58868,0.58872,0.5881,0.58824,1463,1
1773990000,0.58824,0.58834,0.58789,0.58808,1144,1
1773993600,0.58808,0.58847,0.58766,0.58766,1639,2
1773997200,0.58766,0.58825,0.58742,0.58746,1922,1
1774000800,0.58746,0.58918,0.58717,0.58879,3116,1
1774004400,0.58881,0.58902,0.58813,0.58821,3561,1
1774008000,0.58821,0.5883,0.58622,0.58631,4688,1
1774011600,0.58632,0.58633,0.58525,0.58618,4522,1
1774015200,0.58617,0.58763,0.58603,0.58713,3889,1
1774018800,0.58713,0.58774,0.58639,0.58655,5814,1
1774022400,0.58655,0.58669,0.58397,0.58401,7618,1
1774026000,0.58396,0.58438,0.58299,0.58347,7765,1
1774029600,0.58347,0.58498,0.58345,0.58388,7537,1
1774033200,0.58388,0.58488,0.58379,0.5842,4977,1
1774036800,0.58422,0.58449,0.58335,0.58359,5598,1
1774040400,0.58362,0.58389,0.58209,0.58219,4731,1
1774044000,0.58219,0.58295,0.58177,0.58263,3596,1
1774047600,0.58264,0.58307,0.58216,0.58243,3622,1
1774224000,0.58117,0.58241,0.58095,0.58181,920,13
1774227600,0.58181,0.5831,0.58136,0.58285,2765,1
1774231200,0.58285,0.58343,0.58282,0.58324,2232,1
1774234800,0.58324,0.58383,0.58181,0.58228,5874,1
1774238400,0.58227,0.58336,0.58165,0.5822,5937,1
1774242000,0.5822,0.58253,0.58094,0.58132,3623,1
1774245600,0.58132,0.58161,0.58091,0.58108,2870,1
1774249200,0.58108,0.58143,0.58092,0.58121,2251,1
1774252800,0.58121,0.58131,0.57981,0.58008,2880,1
1774256400,0.58007,0.58009,0.57892,0.57951,4208,1
1774260000,0.57951,0.57988,0.57899,0.5791,5281,1
1774263600,0.5791,0.58057,0.57902,0.57966,6416,1
1774267200,0.57966,0.57986,0.57787,0.57808,5383,1
1774270800,0.57807,0.57823,0.5762,0.57672,6080,1
1774274400,0.57672,0.58493,0.57656,0.5811,20579,1
1774278000,0.5811,0.58543,0.58034,0.58519,17080,1
1774281600,0.58521,0.58599,0.58305,0.5858,15742,1
1774285200,0.5858,0.5884,0.58545,0.5876,13936,1
1774288800,0.5876,0.58872,0.58394,0.58424,12617,1
1774292400,0.58425,0.58545,0.58324,0.58512,10418,1
1774296000,0.58512,0.5871,0.58493,0.5866,7189,1
1774299600,0.58659,0.58816,0.58578,0.58773,6030,1
1774303200,0.58774,0.5879,0.5864,0.58651,3364,1
1774306800,0.58651,0.58661,0.58538,0.58572,1500,1
1774310400,0.58572,0.58632,0.58463,0.58514,2233,10
1774314000,0.58521,0.58669,0.58515,0.58633,2419,2
1774317600,0.58634,0.58644,0.58503,0.58539,1931,1
1774321200,0.58539,0.58544,0.58319,0.58434,5541,1
1774324800,0.58434,0.58459,0.583,0.5836,5149,1
1774328400,0.5836,0.58416,0.58345,0.58361,4102,1
1774332000,0.58361,0.5838,0.58306,0.58322,2348,1
1774335600,0.58322,0.58328,0.58255,0.58294,1962,1
1774339200,0.58295,0.58307,0.58219,0.58294,4241,1
1774342800,0.58294,0.584,0.58283,0.58396,4779,1
1774346400,0.58396,0.58607,0.58381,0.58474,6280,1
1774350000,0.58475,0.58476,0.58209,0.58233,6565,1
1774353600,0.58233,0.58303,0.58154,0.58292,4833,1
1774357200,0.58293,0.5836,0.58245,0.58348,4318,1
1774360800,0.58348,0.5841,0.58219,0.58319,5326,1
1774364400,0.58319,0.58333,0.58192,0.58247,5942,1
1774368000,0.58247,0.5829,0.58123,0.58204,10064,1
1774371600,0.58204,0.5841,0.58189,0.58251,11289,1
1774375200,0.58249,0.58311,0.58145,0.58163,7958,1
1774378800,0.58163,0.58221,0.58117,0.58143,4942,1
1774382400,0.58143,0.58149,0.57934,0.5804,8572,1
1774386000,0.58041,0.58217,0.58003,0.58156,5840,1
1774389600,0.58156,0.58251,0.58156,0.5819,2630,1
1774393200,0.5819,0.58514,0.58171,0.58352,8062,1
1774396800,0.58348,0.58382,0.58321,0.58347,1786,11
1774400400,0.58347,0.58401,0.58328,0.58385,1973,1
1774404000,0.58385,0.58409,0.58335,0.58358,1594,1
1774407600,0.58358,0.58432,0.58284,0.58389,3991,1
1774411200,0.58389,0.58432,0.58279,0.58283,3894,1
1774414800,0.58283,0.58291,0.58218,0.58248,2875,2
1774418400,0.58248,0.58267,0.58214,0.58229,1910,1
1774422000,0.58229,0.58229,0.58153,0.58161,1431,1
1774425600,0.58162,0.58174,0.58099,0.58112,2006,1
1774429200,0.58113,0.58151,0.58079,0.58122,2559,1
1774432800,0.58121,0.58187,0.58101,0.58153,3553,1
1774436400,0.58153,0.58326,0.58124,0.58282,5821,1
1774440000,0.58281,0.58311,0.58123,0.58177,3755,1
1774443600,0.58178,0.5822,0.58111,0.58191,3503,1
1774447200,0.58191,0.58264,0.58154,0.58232,3458,1
1774450800,0.58232,0.5828,0.58097,0.58169,6473,1
1774454400,0.58169,0.58235,0.5807,0.58082,6502,1
1774458000,0.58082,0.58226,0.5804,0.58203,6581,1
1774461600,0.58203,0.58232,0.58083,0.58137,5903,1
1774465200,0.58138,0.58225,0.58099,0.58169,5139,1
1774468800,0.5817,0.5826,0.58141,0.58196,4190,1
1774472400,0.58196,0.58231,0.58039,0.58094,3028,1
1774476000,0.58094,0.58094,0.58045,0.58081,2648,1
1774479600,0.58081,0.58083,0.5804,0.58054,1020,2
1774483200,0.58054,0.58108,0.58032,0.58084,318,6
1774486800,0.581,0.58103,0.58015,0.58052,1172,2
1774490400,0.58052,0.58061,0.58029,0.58058,1020,2
1774494000,0.58058,0.58081,0.57956,0.57999,1795,1
1774497600,0.57999,0.58043,0.57985,0.58023,2591,1
1774501200,0.58023,0.58035,0.5795,0.57972,2105,2
1774504800,0.57972,0.58074,0.57969,0.58061,1819,2
1774508400,0.58062,0.58086,0.58042,0.58068,1302,1
1774512000,0.58068,0.58074,0.57989,0.57989,1994,2
1774515600,0.57989,0.58002,0.57928,0.57983,2760,1
1774519200,0.57984,0.57985,0.57834,0.57838,2870,1
1774522800,0.57838,0.57876,0.57817,0.5787,3611,1
1774526400,0.57869,0.57894,0.57828,0.57893,3299,1
1774530000,0.57893,0.57927,0.57853,0.5787,3107,1
1774533600,0.57873,0.57883,0.57721,0.57722,2368,1
1774537200,0.57723,0.57875,0.57709,0.57773,3804,1
1774540800,0.57773,0.57934,0.57771,0.5789,6778,1
1774544400,0.5789,0.57924,0.57764,0.57824,8763,1
1774548000,0.57824,0.57858,0.57725,0.57769,6715,1
1774551600,0.57769,0.57778,0.57656,0.57679,4006,1
1774555200,0.57679,0.57697,0.57565,0.57569,3052,1
1774558800,0.57569,0.57633,0.57563,0.57625,2356,1
1774562400,0.57625,0.5763,0.57517,0.57526,2134,1
1774566000,0.57524,0.57818,0.57502,0.57587,5574,1
1774569600,0.57564,0.57717,0.5755,0.57624,1089,6
1774573200,0.57624,0.57656,0.57595,0.57631,1227,2
1774576800,0.57631,0.57648,0.57594,0.57599,1033,1
1774580400,0.57599,0.57643,0.57522,0.57564,3372,1
1774584000,0.57565,0.57667,0.57526,0.57664,3237,1
1774587600,0.57664,0.57713,0.57653,0.57691,2201,1
1774591200,0.57691,0.57736,0.57681,0.57712,2182,1
1774594800,0.57712,0.57753,0.57708,0.57746,1329,3
1774598400,0.57746,0.57778,0.57705,0.57708,1938,2
1774602000,0.57709,0.57745,0.57685,0.57714,2285,1
1774605600,0.57715,0.57725,0.57632,0.57641,2735,1
1774609200,0.57641,0.57732,0.57624,0.57668,4165,1
1774612800,0.57669,0.57732,0.57622,0.5768,3420,2
1774616400,0.5768,0.57747,0.57645,0.57658,3402,1
1774620000,0.57661,0.57678,0.57588,0.57589,3135,1
1774623600,0.57589,0.57595,0.57491,0.57535,3576,1
1774627200,0.57535,0.57633,0.57497,0.57575,6070,1
1774630800,0.57577,0.5765,0.57554,0.57575,6893,1
1774634400,0.57575,0.57684,0.5755,0.5757,7036,1
1774638000,0.5757,0.57604,0.57506,0.57522,4578,1
1774641600,0.57522,0.57581,0.57386,0.57406,3790,1
1774645200,0.57406,0.57465,0.57378,0.57421,2639,1
1774648800,0.57423,0.57464,0.57394,0.57453,2211,1
1774652400,0.57453,0.57482,0.57407,0.5748,3289,1
1774828800,0.57413,0.57461,0.57354,0.57369,1325,25
1774832400,0.57369,0.574,0.57292,0.57304,2953,1
1774836000,0.57304,0.57333,0.5725,0.57269,2349,1
1774839600,0.57269,0.57379,0.57234,0.57316,4888,1
1774843200,0.57316,0.57387,0.57292,0.57326,3651,2
1774846800,0.57326,0.57327,0.57255,0.57284,2363,2
1774850400,0.57284,0.57393,0.57276,0.57371,2152,1
1774854000,0.57371,0.57412,0.57355,0.57355,1214,2
1774857600,0.57355,0.5744,0.57348,0.57401,1821,2
1774861200,0.57401,0.57493,0.57389,0.57399,2656,1
1774864800,0.57399,0.57399,0.57252,0.57267,2884,1
1774868400,0.57267,0.57289,0.57216,0.57225,2436,1
1774872000,0.57225,0.57239,0.5715,0.57208,2635,1
1774875600,0.57209,0.57225,0.57162,0.57208,2072,2
1774879200,0.57207,0.57302,0.57188,0.57213,3977,1
1774882800,0.57213,0.57264,0.57169,0.57234,2933,1
1774886400,0.57235,0.57263,0.57097,0.57117,4770,1
1774890000,0.57114,0.57187,0.56995,0.57165,6225,1
1774893600,0.57165,0.57187,0.57081,0.57139,4239,1
1774897200,0.57139,0.57179,0.57111,0.57174,3157,1
1774900800,0.57174,0.57214,0.57144,0.57155,3097,1
1774904400,0.57152,0.57204,0.57148,0.57173,1963,1
1774908000,0.57171,0.57183,0.57106,0.57167,2045,1
1774911600,0.57167,0.57221,0.57158,0.57208,1085,1
1774915200,0.57208,0.57212,0.57097,0.57199,839,5
1774918800,0.57199,0.57217,0.57184,0.57184,732,2
1774922400,0.57183,0.57183,0.57131,0.57165,1152,1
1774926000,0.57165,0.57283,0.57062,0.57223,4822,1
1774929600,0.57223,0.57354,0.57174,0.57272,4806,1
1774933200,0.57272,0.57287,0.57216,0.5723,2606,2
1774936800,0.57229,0.57239,0.57141,0.57161,1848,2
1774940400,0.57161,0.57196,0.57081,0.57081,1469,2
1774944000,0.57081,0.5715,0.5704,0.57114,2157,1
1774947600,0.57113,0.57145,0.57073,0.57131,2977,1
1774951200,0.57131,0.57168,0.57047,0.5716,3267,1
1774954800,0.5716,0.57184,0.57093,0.57142,3060,1
1774958400,0.57142,0.57168,0.57055,0.57068,2486,1
1774962000,0.57068,0.5709,0.56999,0.5703,2051,1
1774965600,0.5703,0.57282,0.57026,0.57269,5722,1
1774969200,0.57269,0.57332,0.57221,0.57231,5704,1
1774972800,0.57231,0.57361,0.57184,0.57355,4875,1
1774976400,0.5736,0.57366,0.56978,0.57034,6713,1
1774980000,0.57034,0.57159,0.57033,0.57083,6397,1
1774983600,0.57083,0.57382,0.57058,0.57292,8229,1
1774987200,0.57293,0.57431,0.57281,0.57293,8447,1
1774990800,0.57293,0.57405,0.57286,0.57384,3734,1
1774994400,0.57384,0.5747,0.57347,0.57456,2600,1
1774998000,0.57456,0.57485,0.57442,0.57442,1458,1
1775001600,0.57442,0.57474,0.57379,0.57438,1139,16
1775005200,0.57435,0.57484,0.57425,0.57449,1003,2
1775008800,0.57449,0.57566,0.5744,0.57552,1035,1
1775012400,0.57552,0.57593,0.5751,0.57539,2674,2
1775016000,0.57539,0.57543,0.57381,0.57417,3928,1
1775019600,0.57417,0.57458,0.57381,0.57384,2205,1
1775023200,0.57384,0.57384,0.57306,0.57327,1464,1
1775026800,0.57327,0.57384,0.57321,0.57375,1041,2
1775030400,0.57375,0.57481,0.57368,0.57438,2087,2
1775034000,0.57442,0.57709,0.57417,0.57701,5166,1
1775037600,0.57701,0.57715,0.57508,0.5752,5118,1
1775041200,0.5752,0.57728,0.57484,0.57641,4815,1
1775044800,0.57642,0.57689,0.57614,0.57666,3528,1
1775048400,0.57666,0.57699,0.57646,0.5768,2959,1
1775052000,0.5768,0.57773,0.57659,0.57735,2775,1
1775055600,0.57735,0.57774,0.57594,0.5762,6072,0
1775059200,0.57621,0.57733,0.5757,0.57651,8925,1
1775062800,0.57547,0.57701,0.57547,0.57673,9152,1
1775066400,0.57673,0.57715,0.57618,0.57692,3997,1
1775070000,0.57692,0.57731,0.57631,0.57728,3244,1
1775073600,0.57729,0.57759,0.57586,0.57587,2236,1
1775077200,0.57586,0.57588,0.57426,0.57451,3888,1
1775080800,0.57454,0.57529,0.57436,0.57504,2301,1
1775084400,0.57504,0.57548,0.57498,0.57499,927,1
1775088000,0.57499,0.57571,0.57481,0.57503,854,9
1775091600,0.57503,0.57557,0.57489,0.57522,1085,2
1775095200,0.57522,0.57537,0.57473,0.57487,922,1
1775098800,0.57487,0.57566,0.57464,0.57553,2912,1
1775102400,0.57553,0.57588,0.57149,0.57211,11339,1
1775106000,0.5721,0.57269,0.57159,0.57187,4374,1
1775109600,0.57187,0.57219,0.57129,0.57133,2456,1
1775113200,0.57134,0.57139,0.57066,0.57098,2260,2
1775116800,0.57098,0.57104,0.57015,0.57032,2382,1
1775120400,0.57032,0.57123,0.56995,0.57122,3428,1
1775124000,0.57122,0.57164,0.57069,0.57162,3369,1
1775127600,0.57162,0.5717,0.57085,0.57108,2544,1
1775131200,0.57108,0.57159,0.5706,0.57152,2221,1
1775134800,0.57152,0.57155,0.5704,0.5704,2320,2
1775138400,0.5704,0.57064,0.57004,0.57042,2520,1
1775142000,0.57042,0.57156,0.57032,0.57112,4732,1
1775145600,0.57112,0.57205,0.57066,0.57204,6773,1
1775149200,0.57205,0.5736,0.57177,0.57281,11030,1
1775152800,0.57281,0.57334,0.57222,0.57258,6881,1
1775156400,0.57258,0.57296,0.57198,0.57227,5516,1
1775160000,0.57225,0.57265,0.57173,0.57186,3693,1
1775163600,0.57186,0.57226,0.57162,0.57189,2447,1
1775167200,0.57192,0.57226,0.57159,0.57167,2080,1
1775170800,0.57167,0.57179,0.57135,0.57138,1325,1
1775174400,0.57138,0.57163,0.57027,0.57144,1261,17
1775178000,0.57144,0.5718,0.57142,0.57175,428,2
1775181600,0.57175,0.57187,0.57165,0.57166,294,2
1775185200,0.57166,0.57202,0.57156,0.57165,582,2
1775188800,0.57165,0.57171,0.57114,0.57118,475,2
1775192400,0.57118,0.57144,0.57085,0.57093,442,1
1775196000,0.57093,0.57105,0.57082,0.57093,349,2
1775199600,0.57094,0.57097,0.57072,0.57076,359,3
1775203200,0.57076,0.57096,0.57052,0.57095,423,2
1775206800,0.57095,0.57112,0.57074,0.57096,654,2
1775210400,0.57096,0.57129,0.57089,0.5709,664,2
1775214000,0.5709,0.57091,0.57037,0.57062,658,2
1775217600,0.57061,0.57078,0.57046,0.57075,666,2
1775221200,0.57077,0.57106,0.57057,0.57085,679,2
1775224800,0.57085,0.57124,0.5708,0.57114,720,2
1775228400,0.57114,0.57154,0.56969,0.57031,2513,1
1775232000,0.57031,0.57085,0.5702,0.57049,1091,2
1775235600,0.57049,0.57053,0.56939,0.56944,928,2
1775239200,0.56944,0.56967,0.56929,0.56948,1740,2
1775242800,0.56947,0.56947,0.56925,0.56931,1503,1
1775246400,0.5693,0.56947,0.56903,0.56916,1852,1
1775250000,0.56914,0.56917,0.56887,0.56898,999,1
1775253600,0.56898,0.56981,0.56816,0.56908,1595,3
1775257200,0.56909,0.5703,0.56746,0.56843,818,8
1775433600,0.56829,0.56938,0.56829,0.56918,370,9
1775437200,0.56918,0.56935,0.56808,0.56883,3081,2
1775440800,0.56886,0.56895,0.56851,0.56856,1401,2
1775444400,0.56856,0.56944,0.56852,0.5694,2158,1
1775448000,0.5694,0.56952,0.56886,0.56897,1549,2
1775451600,0.56897,0.57064,0.56896,0.57007,2500,1
1775455200,0.57007,0.57018,0.56967,0.56985,1935,1
1775458800,0.56985,0.57041,0.56978,0.57031,1196,2
1775462400,0.57031,0.57069,0.57026,0.57027,1157,1
1775466000,0.57027,0.57116,0.57006,0.57079,2340,2
1775469600,0.57082,0.57249,0.57042,0.57228,3949,1
1775473200,0.57227,0.57269,0.57202,0.57236,3190,1
1775476800,0.57239,0.57261,0.57185,0.57191,2771,1
1775480400,0.57191,0.57244,0.57133,0.57193,2942,1
1775484000,0.57196,0.57222,0.57147,0.57205,2610,1
1775487600,0.57205,0.57233,0.57163,0.57208,2071,1
1775491200,0.57208,0.57249,0.57183,0.57214,3814,1
1775494800,0.57215,0.57295,0.57146,0.57189,6324,1
1775498400,0.57189,0.57191,0.57109,0.5718,3788,1
1775502000,0.5718,0.57197,0.57132,0.57145,2319,1
1775505600,0.57145,0.57168,0.57056,0.57114,3204,1
1775509200,0.57114,0.57189,0.5711,0.57148,2590,1
1775512800,0.57148,0.57158,0.57117,0.57135,1052,1
1775516400,0.57135,0.57147,0.57088,0.57088,788,1
1775520000,0.57088,0.57192,0.57015,0.57128,831,9
1775523600,0.57128,0.57162,0.571,0.57103,1144,2
1775527200,0.57103,0.57138,0.57101,0.57134,736,2
1775530800,0.57134,0.57135,0.57048,0.57051,2267,1
1775534400,0.5705,0.5709,0.56912,0.56928,2844,2
1775538000,0.56928,0.56979,0.56893,0.5695,2017,2
1775541600,0.5695,0.57017,0.5695,0.56985,1575,2
1775545200,0.56985,0.57046,0.56973,0.57025,1502,2
1775548800,0.57024,0.57031,0.56958,0.5702,1923,1
1775552400,0.5702,0.57071,0.57008,0.57054,2714,1
1775556000,0.57059,0.57062,0.56965,0.56987,2859,1
1775559600,0.56987,0.57224,0.56982,0.57201,5865,1
1775563200,0.57201,0.57215,0.57123,0.57128,3423,1
1775566800,0.57128,0.57149,0.56986,0.57043,5825,1
1775570400,0.57044,0.57091,0.57014,0.57049,2933,1
1775574000,0.57049,0.57112,0.56992,0.5702,5075,1
1775577600,0.5702,0.57036,0.56948,0.56994,5152,1
1775581200,0.56994,0.57143,0.5697,0.57,6152,1
1775584800,0.57,0.57056,0.56941,0.57025,4986,1
1775588400,0.57025,0.57098,0.57022,0.57071,4609,1
1775592000,0.57071,0.5715,0.57045,0.5711,3401,1
1775595600,0.5711,0.57143,0.57043,0.57062,2746,1
1775599200,0.57059,0.57278,0.57042,0.57237,5761,1
1775602800,0.57236,0.57329,0.57229,0.57269,3034,1
1775606400,0.57269,0.57352,0.57073,0.57276,1147,9
1775610000,0.57276,0.57978,0.57245,0.57965,8466,1
1775613600,0.5797,0.5818,0.57899,0.58082,8914,2
1775617200,0.58087,0.5817,0.5785,0.57876,7008,1
1775620800,0.57876,0.58015,0.57868,0.57951,4364,1
1775624400,0.57951,0.58167,0.57946,0.5799,4000,1
1775628000,0.5799,0.58273,0.57962,0.58227,4121,1
1775631600,0.58227,0.58345,0.58227,0.58329,2645,1
1775635200,0.58329,0.58498,0.58299,0.5838,3522,1
1775638800,0.58371,0.58482,0.58304,0.58414,5836,1
1775642400,0.58414,0.58416,0.58242,0.58278,5145,1
1775646000,0.58278,0.58291,0.58118,0.5817,3942,1
1775649600,0.5817,0.58238,0.58158,0.58164,3283,1
1775653200,0.58163,0.58234,0.58132,0.58213,2925,1
1775656800,0.58213,0.58353,0.58183,0.58332,3665,1
1775660400,0.58334,0.58539,0.58282,0.58516,5546,1
1775664000,0.58516,0.5859,0.58334,0.5839,7011,1
1775667600,0.58389,0.58422,0.58294,0.5838,7943,1
1775671200,0.5838,0.58397,0.583,0.58356,4637,1
1775674800,0.58356,0.58372,0.58309,0.58361,3172,1
1775678400,0.58361,0.58377,0.58247,0.58294,3288,1
1775682000,0.58339,0.58339,0.58116,0.5812,5197,1
1775685600,0.5812,0.58277,0.58086,0.58264,3371,1
1775689200,0.58264,0.58278,0.58211,0.58218,911,1
1775692800,0.58114,0.58249,0.58091,0.58205,491,11
1775696400,0.58207,0.5826,0.58205,0.58252,886,2
1775700000,0.58252,0.58276,0.58225,0.58243,994,1
1775703600,0.58243,0.58255,0.58163,0.5824,2491,1
1775707200,0.5824,0.58312,0.58221,0.5828,2815,1
1775710800,0.5828,0.58329,0.58237,0.58319,2143,1
1775714400,0.58319,0.58337,0.58282,0.58317,1729,1
1775718000,0.58317,0.58377,0.58317,0.58331,1293,1
1775721600,0.58331,0.58382,0.58283,0.58297,1598,1
1775725200,0.58298,0.58363,0.58281,0.58362,3293,1
1775728800,0.58363,0.58383,0.5829,0.58299,3446,1
1775732400,0.583,0.58325,0.58257,0.58291,2542,1
1775736000,0.58291,0.58335,0.58258,0.58323,2332,1
1775739600,0.58323,0.58355,0.58294,0.58295,2015,2
1775743200,0.58295,0.58413,0.5829,0.58387,2372,1
1775746800,0.58388,0.58399,0.58312,0.58361,3191,1
1775750400,0.58362,0.58485,0.58353,0.58434,4313,1
1775754000,0.58433,0.58503,0.58419,0.5846,3696,1
1775757600,0.5846,0.5869,0.58411,0.58682,5848,1
1775761200,0.58682,0.58735,0.58659,0.58668,3722,1
1775764800,0.58668,0.58734,0.58659,0.58682,2896,1
1775768400,0.58682,0.58684,0.58533,0.58553,3807,1
1775772000,0.5855,0.58619,0.58546,0.58602,1796,1
1775775600,0.58602,0.58613,0.58542,0.58542,1063,1
1775779200,0.58536,0.58649,0.58531,0.58617,834,12
1775782800,0.58624,0.58624,0.58511,0.58552,1183,1
1775786400,0.58552,0.58563,0.58493,0.58505,660,2
1775790000,0.58505,0.58521,0.58461,0.585,1600,2
1775793600,0.585,0.5855,0.58476,0.58524,1876,2
1775797200,0.58524,0.58537,0.58448,0.58466,1376,2
1775800800,0.58466,0.5853,0.58459,0.58511,986,2
1775804400,0.58511,0.58517,0.5846,0.58465,890,2
1775808000,0.58465,0.58475,0.58443,0.58466,995,2
1775811600,0.58466,0.5851,0.58402,0.5841,2108,1
1775815200,0.58408,0.58448,0.58339,0.58345,2092,1
1775818800,0.58341,0.58423,0.58324,0.58349,1986,1
1775822400,0.58349,0.58434,0.58337,0.58422,3231,1
1775826000,0.58422,0.58448,0.58399,0.58419,1620,1
1775829600,0.58419,0.58468,0.58413,0.58462,1548,2
1775833200,0.58464,0.58575,0.5845,0.58513,3127,1
1775836800,0.58513,0.5863,0.58497,0.58542,3280,1
1775840400,0.58544,0.58689,0.585,0.5852,4459,1
1775844000,0.58519,0.58566,0.58407,0.58414,3632,1
1775847600,0.58414,0.58421,0.58328,0.58382,2578,1
1775851200,0.58382,0.58421,0.58359,0.584,1685,1
1775854800,0.584,0.5848,0.58353,0.58446,2029,1
1775858400,0.58446,0.58455,0.58413,0.58427,1358,1
1775862000,0.58427,0.58445,0.58297,0.58313,1860,1
1776038400,0.57929,0.58131,0.5791,0.58079,700,20
1776042000,0.58089,0.58099,0.57951,0.58018,3278,2
1776045600,0.58018,0.58045,0.57974,0.58032,1602,1
1776049200,0.58032,0.5818,0.58006,0.5818,2965,1
1776052800,0.5818,0.58238,0.58149,0.58178,2369,1
1776056400,0.58178,0.5823,0.58166,0.58228,1396,1
1776060000,0.58228,0.58255,0.58199,0.5825,1152,2
1776063600,0.5825,0.58276,0.58237,0.58251,1070,2
1776067200,0.58251,0.58267,0.58224,0.58253,1446,2
1776070800,0.58254,0.58293,0.58246,0.58292,2369,2
1776074400,0.58292,0.58412,0.58292,0.58369,2957,1
1776078000,0.58369,0.58385,0.58293,0.58301,2085,1
1776081600,0.58301,0.58327,0.58268,0.58288,1681,1
1776085200,0.58287,0.58333,0.58262,0.58318,1630,2
1776088800,0.58317,0.58359,0.58188,0.58188,2392,1
1776092400,0.58188,0.58272,0.58152,0.58264,2940,1
1776096000,0.58264,0.58423,0.58243,0.58362,4622,1
1776099600,0.58362,0.58483,0.58342,0.58464,5074,1
1776103200,0.58464,0.58464,0.58379,0.58413,3213,2
1776106800,0.58413,0.58601,0.5839,0.58575,4978,1
1776110400,0.58575,0.58657,0.58574,0.58621,2269,1
1776114000,0.58621,0.58731,0.58615,0.58729,2465,1
1776117600,0.58729,0.58735,0.58667,0.58679,1365,1
1776121200,0.58679,0.58694,0.58646,0.58647,779,2
1776124800,0.58644,0.58698,0.58595,0.58677,834,6
1776128400,0.58682,0.58725,0.58666,0.58697,923,2
1776132000,0.58697,0.58732,0.58692,0.58709,841,2
1776135600,0.58709,0.58719,0.58634,0.58661,2068,2
1776139200,0.58661,0.58676,0.58568,0.58574,1826,1
1776142800,0.58574,0.58621,0.58572,0.58604,1279,2
1776146400,0.58604,0.58688,0.58592,0.58661,996,2
1776150000,0.58661,0.58722,0.5866,0.58717,731,2
1776153600,0.58717,0.58733,0.58678,0.58719,1189,2
1776157200,0.58719,0.58839,0.58709,0.5882,2436,1
1776160800,0.5882,0.58939,0.5882,0.58877,3751,1
1776164400,0.58877,0.58939,0.58844,0.58925,2811,2
1776168000,0.58925,0.5898,0.58886,0.5897,2338,1
1776171600,0.58969,0.59015,0.58929,0.5895,2645,1
1776175200,0.5895,0.59055,0.58942,0.59023,2817,1
1776178800,0.59024,0.59103,0.58981,0.591,4202,1
1776182400,0.591,0.59133,0.59027,0.59098,4489,1
1776186000,0.59098,0.59198,0.59087,0.59155,4406,1
1776189600,0.59156,0.59156,0.59048,0.59051,3991,1
1776193200,0.59051,0.59075,0.59035,0.59053,2481,1
1776196800,0.59053,0.591,0.59032,0.59079,1979,1
1776200400,0.59079,0.59086,0.59012,0.59035,2138,1
1776204000,0.59034,0.59045,0.5901,0.59021,1198,1
1776207600,0.59022,0.59037,0.58999,0.58999,847,2
1776211200,0.5889,0.59005,0.5889,0.5899,977,7
1776214800,0.5899,0.59031,0.58988,0.59022,1576,2
1776218400,0.59022,0.59061,0.59016,0.59023,1248,2
1776222000,0.59023,0.5904,0.58979,0.59008,1993,2
1776225600,0.59008,0.59036,0.58966,0.58986,1753,0
1776229200,0.58986,0.59001,0.58927,0.58971,1427,2
1776232800,0.58971,0.59031,0.58953,0.59012,1020,2
1776236400,0.59012,0.59022,0.58985,0.59008,1009,2
1776240000,0.59008,0.59091,0.59007,0.59031,2302,2
1776243600,0.59031,0.59064,0.58996,0.58997,3048,1
1776247200,0.58998,0.59064,0.58992,0.59042,2785,1
1776250800,0.59042,0.59088,0.59019,0.59061,2163,2
1776254400,0.59062,0.59079,0.58957,0.59009,3410,1
1776258000,0.59009,0.59044,0.58916,0.59002,3997,1
1776261600,0.59002,0.59032,0.58947,0.58994,3416,1
1776265200,0.58994,0.59004,0.58937,0.58963,3326,1
1776268800,0.58963,0.59029,0.58918,0.58968,4569,1
1776272400,0.58968,0.59121,0.58958,0.59038,4403,1
1776276000,0.59038,0.59119,0.59021,0.5907,4585,1
1776279600,0.5907,0.59135,0.59064,0.59122,3338,1
1776283200,0.59122,0.59134,0.59065,0.5908,1963,1
1776286800,0.5908,0.59175,0.5907,0.59156,3024,1
1776290400,0.59155,0.59193,0.59134,0.59152,1465,1
1776294000,0.59152,0.59157,0.5904,0.5904,1009,1
1776297600,0.59066,0.59149,0.59025,0.59119,1611,10
1776301200,0.59093,0.59158,0.59093,0.59156,831,2
1776304800,0.59156,0.59168,0.59109,0.59111,697,1
1776308400,0.59111,0.59141,0.59092,0.59128,1817,2
1776312000,0.59127,0.5914,0.59038,0.59097,2213,2
1776315600,0.59097,0.59212,0.59093,0.59191,1850,2
1776319200,0.59191,0.5922,0.59169,0.5918,1858,2
1776322800,0.5918,0.59204,0.59139,0.59141,1154,1
1776326400,0.5914,0.5916,0.5909,0.59135,1655,1
1776330000,0.59135,0.59156,0.59069,0.59105,2875,1
1776333600,0.59109,0.59135,0.59019,0.59033,3302,0
1776337200,0.59034,0.59047,0.58933,0.58946,2932,0
1776340800,0.58947,0.58955,0.58888,0.58901,2393,1
1776344400,0.58901,0.5892,0.58857,0.58886,1793,1
1776348000,0.58886,0.58967,0.58886,0.58959,2342,2
1776351600,0.58959,0.58965,0.58882,0.58903,3092,1
1776355200,0.58903,0.58932,0.58826,0.5889,3861,1
1776358800,0.5889,0.58946,0.58868,0.58901,5325,1
1776362400,0.589,0.58957,0.58882,0.58942,4023,1
1776366000,0.58942,0.58987,0.58834,0.58865,3934,1
1776369600,0.58865,0.58866,0.58821,0.58842,2854,1
1776373200,0.58842,0.58886,0.58839,0.58857,2801,1
1776376800,0.58857,0.58916,0.58857,0.58888,1239,1
1776380400,0.58888,0.58945,0.58877,0.58896,647,1
1776384000,0.58834,0.58919,0.58826,0.58882,666,21
1776387600,0.58882,0.58914,0.58878,0.58907,1013,2
1776391200,0.58907,0.5893,0.58842,0.5885,615,2
1776394800,0.5885,0.5889,0.58825,0.58864,2138,2
1776398400,0.58864,0.58873,0.58816,0.58834,2133,1
1776402000,0.58834,0.58853,0.58807,0.58833,1262,2
1776405600,0.58833,0.58864,0.58799,0.58847,1278,2
1776409200,0.58847,0.58881,0.58842,0.58878,1062,1
1776412800,0.58878,0.58898,0.58857,0.5888,1390,2
1776416400,0.5888,0.58893,0.58802,0.58818,2098,1
1776420000,0.58819,0.58885,0.58816,0.58881,2654,2
1776423600,0.58881,0.58939,0.58843,0.5893,2271,2
1776427200,0.5893,0.58941,0.5885,0.58863,2692,2
1776430800,0.58863,0.58886,0.58814,0.58826,2100,1
1776434400,0.58826,0.5888,0.58805,0.5886,1639,2
1776438000,0.5886,0.59207,0.58855,0.59205,6330,1
1776441600,0.59205,0.5929,0.59135,0.59198,10866,1
1776445200,0.592,0.59255,0.5915,0.59157,6681,1
1776448800,0.59156,0.59158,0.59034,0.59084,6079,1
1776452400,0.59085,0.59111,0.59034,0.59068,2858,1
1776456000,0.59068,0.59069,0.58964,0.59025,4007,1
1776459600,0.59024,0.59029,0.58878,0.58905,3418,1
1776463200,0.58905,0.58955,0.5887,0.58877,1855,1
1776466800,0.58877,0.58887,0.58761,0.58773,3134,1
1776643200,0.58509,0.58563,0.5848,0.58505,790,19
1776646800,0.58506,0.58684,0.58493,0.58673,2924,2
1776650400,0.58673,0.58691,0.58626,0.58652,2002,1
1776654000,0.58652,0.58781,0.5863,0.58757,3243,1
1776657600,0.58757,0.58797,0.58733,0.58767,2900,1
1776661200,0.58767,0.58822,0.58752,0.58789,1918,2
1776664800,0.58789,0.58829,0.58769,0.58787,1249,2
1776668400,0.58787,0.58809,0.58767,0.58786,913,2
1776672000,0.58786,0.58792,0.58667,0.58683,1988,1
1776675600,0.58683,0.58742,0.58629,0.5874,4098,1
1776679200,0.58746,0.58786,0.58634,0.58674,4355,1
1776682800,0.58672,0.58733,0.58659,0.587,3507,1
1776686400,0.587,0.58808,0.58699,0.58802,2800,1
1776690000,0.58803,0.58847,0.58758,0.58795,2428,1
1776693600,0.58795,0.5884,0.5876,0.58837,2237,2
1776697200,0.58837,0.58841,0.58753,0.58787,3153,1
1776700800,0.5879,0.58914,0.58759,0.58901,5248,1
1776704400,0.58901,0.58901,0.58747,0.58852,5838,1
1776708000,0.58852,0.58954,0.58818,0.58907,5087,1
1776711600,0.58908,0.58925,0.58854,0.589,2704,2
1776715200,0.589,0.58937,0.58877,0.58889,2148,1
1776718800,0.58892,0.58923,0.58873,0.58877,1823,1
1776722400,0.58876,0.58931,0.58874,0.58918,981,1
1776726000,0.58919,0.58922,0.58884,0.58886,908,1
1776729600,0.58766,0.58887,0.58696,0.58824,1416,22
1776733200,0.58813,0.59144,0.58813,0.59144,1918,1
1776736800,0.59144,0.59161,0.59045,0.59052,1346,1
1776740400,0.59052,0.59147,0.59052,0.59128,3048,1
1776744000,0.59128,0.59206,0.59112,0.5918,2520,1
1776747600,0.5918,0.59187,0.591,0.59131,1770,1
1776751200,0.59131,0.59133,0.58993,0.59047,2461,1
1776754800,0.59048,0.59077,0.59044,0.59054,1022,1
1776758400,0.59054,0.59146,0.59054,0.59084,1856,1
1776762000,0.59084,0.59152,0.59051,0.59138,3052,1
1776765600,0.59138,0.59156,0.59048,0.59049,3655,1
1776769200,0.59048,0.5906,0.58959,0.59033,3518,1
1776772800,0.59033,0.59057,0.58984,0.59023,2378,1
1776776400,0.59023,0.59056,0.5899,0.59042,1925,1
1776780000,0.59042,0.59127,0.58987,0.59111,2808,1
1776783600,0.59112,0.5912,0.5899,0.59041,4345,1
1776787200,0.59043,0.59169,0.59043,0.59162,5162,1
1776790800,0.59163,0.59197,0.59019,0.59024,6002,1
1776794400,0.59024,0.59095,0.58948,0.59035,6241,1
1776798000,0.59035,0.59085,0.58931,0.58934,4481,1
1776801600,0.58933,0.59057,0.58756,0.58939,7121,1
1776805200,0.58938,0.58966,0.58834,0.58937,6878,1
1776808800,0.58939,0.59007,0.5872,0.58752,6201,1
1776812400,0.58752,0.5903,0.58743,0.58876,5461,1
1776816000,0.5887,0.5892,0.58824,0.58908,1364,1
1776819600,0.58909,0.58949,0.58906,0.58932,1259,1
1776823200,0.58932,0.58985,0.58927,0.5897,1195,1
1776826800,0.5897,0.59073,0.58968,0.5905,3369,1
1776830400,0.5905,0.59077,0.59017,0.59048,3892,1
1776834000,0.59048,0.59089,0.59036,0.59039,2521,1
1776837600,0.59039,0.59073,0.59007,0.59053,1732,1
1776841200,0.59052,0.59085,0.59036,0.59046,1534,1
1776844800,0.59046,0.59214,0.59044,0.59165,4109,1
1776848400,0.59165,0.59186,0.5913,0.59159,3203,1
1776852000,0.59158,0.59205,0.59111,0.59198,3416,1
1776855600,0.59198,0.59227,0.59136,0.59167,3825,1
1776859200,0.59167,0.59187,0.59107,0.59114,2829,1
1776862800,0.59114,0.59144,0.5907,0.59117,3134,1
1776866400,0.59118,0.59124,0.59035,0.59057,2979,1
1776870000,0.59057,0.591,0.58984,0.58997,3992,1
1776873600,0.58997,0.59173,0.58982,0.59172,7048,1
1776877200,0.59172,0.59209,0.59078,0.59093,4356,1
1776880800,0.59093,0.59116,0.59057,0.59087,5452,1
1776884400,0.59087,0.59098,0.59027,0.59051,3806,1
1776888000,0.59052,0.59105,0.59037,0.59077,3266,1
1776891600,0.59077,0.59087,0.59042,0.59051,2658,1
1776895200,0.5905,0.59081,0.59034,0.59045,1687,1
1776898800,0.59045,0.59063,0.59024,0.59024,1431,1
1776902400,0.59018,0.59075,0.58951,0.59,1926,9
1776906000,0.59003,0.59082,0.59003,0.59041,1019,2
1776909600,0.59041,0.59058,0.59035,0.59048,838,1
1776913200,0.59048,0.59098,0.58876,0.59067,7942,1
1776916800,0.59067,0.59075,0.58999,0.5901,3723,1
1776920400,0.5901,0.59013,0.58897,0.58905,3749,1
1776924000,0.58905,0.58927,0.58788,0.58791,3267,1
1776927600,0.58791,0.58862,0.58761,0.58857,2284,1
1776931200,0.58857,0.58898,0.58848,0.58889,1905,1
1776934800,0.58893,0.58908,0.58862,0.58867,2978,1
1776938400,0.58867,0.58927,0.58841,0.58921,4757,1
1776942000,0.58921,0.58929,0.58863,0.58865,3873,1
1776945600,0.58865,0.58865,0.58767,0.58789,3915,1
1776949200,0.58787,0.58793,0.58721,0.58736,3682,1
1776952800,0.58737,0.5889,0.58725,0.5886,4437,1
1776956400,0.58859,0.58887,0.58722,0.58769,5827,1
1776960000,0.58769,0.58783,0.587,0.58711,4953,1
1776963600,0.58712,0.58865,0.58682,0.58826,5919,1
1776967200,0.58826,0.58853,0.58739,0.58774,6088,1
1776970800,0.58773,0.58782,0.58737,0.58748,3819,1
1776974400,0.58747,0.58763,0.58401,0.58657,11188,1
1776978000,0.58658,0.58722,0.58596,0.58599,7278,1
1776981600,0.58598,0.58613,0.58511,0.58575,3066,1
1776985200,0.58575,0.58577,0.58478,0.58522,1548,1
1776988800,0.58508,0.58596,0.58463,0.58545,2202,2
1776992400,0.58541,0.58572,0.58516,0.58565,920,1
1776996000,0.58566,0.58569,0.58518,0.58528,1222,1
1776999600,0.58527,0.58589,0.5852,0.58576,3938,1
1777003200,0.58575,0.58612,0.58566,0.586,3431,1
1777006800,0.586,0.58604,0.58477,0.58486,3130,1
1777010400,0.58486,0.58497,0.58401,0.58439,2608,1
1777014000,0.58438,0.58542,0.58424,0.58529,2006,1
1777017600,0.58529,0.58539,0.58487,0.58509,2540,1
1777021200,0.58509,0.58539,0.58467,0.58476,3239,1
1777024800,0.58475,0.58555,0.58452,0.58546,2839,1
1777028400,0.58545,0.58615,0.58501,0.58568,4132,1
1777032000,0.58568,0.58601,0.58547,0.58563,3240,1
1777035600,0.58563,0.5861,0.58548,0.58604,2402,1
1777039200,0.58604,0.5878,0.58602,0.58734,6948,1
1777042800,0.58734,0.58769,0.58649,0.58696,4569,1
1777046400,0.58697,0.58731,0.58617,0.5868,5565,1
1777050000,0.58681,0.58784,0.58618,0.58692,7876,1
1777053600,0.58691,0.58803,0.58664,0.58794,6138,1
1777057200,0.58794,0.58803,0.58737,0.58791,4021,1
1777060800,0.58791,0.58821,0.58777,0.58777,3203,1
1777064400,0.58777,0.58815,0.58757,0.58805,2164,1
1777068000,0.58805,0.58829,0.58801,0.58816,1322,1
1777071600,0.58816,0.58832,0.58705,0.58712,1740,1
1777248000,0.58588,0.58762,0.58557,0.58645,2723,10
1777251600,0.58646,0.58724,0.58634,0.58718,1497,1
1777255200,0.58718,0.58724,0.58688,0.58697,1531,1
1777258800,0.58697,0.58829,0.58697,0.58822,2970,1
1777262400,0.58823,0.58912,0.58823,0.5889,5102,1
1777266000,0.5889,0.5893,0.58864,0.58921,2843,1
1777269600,0.58921,0.58952,0.58917,0.58918,2341,1
1777273200,0.58918,0.58925,0.58865,0.58875,1760,1
1777276800,0.58875,0.5888,0.58829,0.58837,2726,1
1777280400,0.58837,0.58872,0.58789,0.58871,3765,1
1777284000,0.58871,0.58989,0.58867,0.5898,3977,1
1777287600,0.5898,0.59136,0.58967,0.59112,3770,1
1777291200,0.59112,0.59137,0.59077,0.59097,2587,1
1777294800,0.59097,0.59133,0.59083,0.59122,2786,1
1777298400,0.59123,0.59145,0.59093,0.59123,2556,1
1777302000,0.59123,0.59217,0.59123,0.59159,4388,1
1777305600,0.59159,0.59221,0.59089,0.5913,5758,1
1777309200,0.5913,0.59238,0.59106,0.59169,5755,1
1777312800,0.59169,0.59196,0.59124,0.59174,4565,1
1777316400,0.59174,0.59185,0.59133,0.59136,2416,1
1777320000,0.59136,0.59168,0.59085,0.59132,3022,1
1777323600,0.59132,0.59138,0.59082,0.5909,1958,1
1777327200,0.5909,0.59119,0.59077,0.5908,1057,1
1777330800,0.5908,0.59098,0.59055,0.59055,745,1
1777334400,0.59055,0.59078,0.58992,0.59052,2256,16
1777338000,0.59059,0.59114,0.59052,0.59107,1291,2
1777341600,0.59107,0.59125,0.59094,0.59115,961,1
1777345200,0.59115,0.59177,0.59109,0.59118,3387,1
1777348800,0.59117,0.59126,0.58998,0.59016,3307,1
1777352400,0.59016,0.59022,0.58959,0.58971,1889,1
1777356000,0.58971,0.59017,0.5896,0.59012,2503,1
1777359600,0.59012,0.59026,0.58989,0.58992,1785,1
1777363200,0.58992,0.59004,0.58922,0.58937,2350,1
1777366800,0.58937,0.58979,0.58818,0.58827,4722,1
1777370400,0.58827,0.58936,0.58825,0.58922,4452,1
1777374000,0.58922,0.58943,0.58856,0.58907,4912,1
1777377600,0.58907,0.58912,0.58836,0.58884,4405,1
1777381200,0.58884,0.58906,0.58782,0.58793,3803,1
1777384800,0.58793,0.58814,0.58673,0.58696,4606,1
1777388400,0.58696,0.58782,0.58658,0.58777,5010,1
1777392000,0.58777,0.58834,0.58717,0.58777,6499,1
1777395600,0.58778,0.58822,0.58709,0.5875,7528,1
1777399200,0.58749,0.58882,0.58749,0.5888,6125,1
1777402800,0.58882,0.58901,0.58817,0.58848,3207,1
1777406400,0.58849,0.58888,0.58818,0.58873,2884,1
1777410000,0.58873,0.58888,0.58844,0.5885,2469,1
1777413600,0.58848,0.58872,0.58811,0.58842,1174,1
1777417200,0.58842,0.58902,0.588,0.588,703,1
1777420800,0.588,0.58884,0.58714,0.58839,2747,4
1777424400,0.58839,0.58867,0.58839,0.58852,513,2
1777428000,0.58852,0.58887,0.58848,0.58874,1279,1
1777431600,0.58874,0.58919,0.58861,0.58877,3153,1
1777435200,0.58878,0.58907,0.5876,0.58765,5792,1
1777438800,0.58765,0.58797,0.58599,0.58602,3418,1
1777442400,0.58602,0.58627,0.58562,0.58599,2479,1
1777446000,0.58601,0.58643,0.58598,0.58629,1568,1
1777449600,0.58629,0.58646,0.58582,0.58616,2253,1
1777453200,0.58616,0.58697,0.58583,0.58635,3521,1
1777456800,0.58634,0.58679,0.58613,0.58648,3612,1
1777460400,0.58648,0.58667,0.58574,0.58585,4325,1
1777464000,0.58586,0.58593,0.58521,0.58528,3045,1
1777467600,0.58529,0.58603,0.58517,0.58603,2261,1
1777471200,0.58603,0.58612,0.58568,0.58571,2583,1
1777474800,0.58571,0.58603,0.58518,0.58519,4226,1
1777478400,0.58519,0.58562,0.58349,0.5839,7430,1
1777482000,0.5839,0.585,0.58303,0.58465,6435,1
1777485600,0.58465,0.58475,0.58285,0.58354,6827,1
1777489200,0.58354,0.58416,0.5833,0.58339,4780,1
1777492800,0.58339,0.58394,0.58304,0.58392,3871,1
1777496400,0.58392,0.58393,0.58149,0.58255,8374,1
1777500000,0.58255,0.58325,0.58212,0.58314,3308,1
1777503600,0.58314,0.58338,0.58252,0.58256,2663,1
1777507200,0.58256,0.58334,0.58171,0.58254,1421,10
1777510800,0.58254,0.58336,0.58245,0.58324,1555,1
1777514400,0.58324,0.58402,0.58318,0.5839,1574,1
1777518000,0.58391,0.58455,0.58376,0.58376,4811,1
1777521600,0.58376,0.58376,0.58278,0.58327,4186,1
1777525200,0.58327,0.58336,0.58253,0.58328,5068,1
1777528800,0.58328,0.58372,0.58322,0.58349,3542,1
1777532400,0.58349,0.58351,0.58249,0.58264,4322,1
1777536000,0.58264,0.58332,0.58243,0.58244,3750,1
1777539600,0.58244,0.58316,0.58212,0.58305,5288,1
1777543200,0.58304,0.58416,0.58301,0.58394,5300,1
1777546800,0.58394,0.58475,0.58377,0.58393,5809,1
1777550400,0.58393,0.58543,0.58358,0.58535,6432,1
1777554000,0.58535,0.58649,0.58502,0.58648,7757,1
1777557600,0.58648,0.58768,0.58627,0.58665,7749,1
1777561200,0.58665,0.58708,0.5862,0.58671,6759,1
1777564800,0.58671,0.58748,0.58641,0.58724,8036,1
1777568400,0.58724,0.58897,0.58716,0.58864,8839,1
1777572000,0.58864,0.58942,0.58834,0.589,7048,1
1777575600,0.589,0.58955,0.58862,0.58909,5027,1
1777579200,0.58909,0.58952,0.58882,0.58927,4501,1
1777582800,0.58927,0.59086,0.58927,0.59063,3384,1
1777586400,0.59063,0.59095,0.59043,0.59061,2240,1
1777590000,0.59059,0.59105,0.59057,0.59064,1674,1
1777593600,0.59064,0.59081,0.58954,0.59054,1410,3
1777597200,0.59054,0.59081,0.59034,0.59056,979,1
1777600800,0.59056,0.59084,0.59051,0.59059,1587,1
1777604400,0.59059,0.59068,0.5901,0.59044,3980,1
1777608000,0.59044,0.59065,0.59007,0.59062,2451,1
1777611600,0.59062,0.59087,0.59003,0.59042,2171,1
1777615200,0.59042,0.59071,0.58994,0.59001,2079,1
1777618800,0.59001,0.59001,0.58934,0.58935,2087,1
1777622400,0.58935,0.58953,0.58908,0.58914,1661,1
1777626000,0.58914,0.59003,0.58868,0.58966,4526,1
1777629600,0.58967,0.5899,0.58919,0.58946,5804,1
1777633200,0.58946,0.58977,0.58926,0.58965,4234,1
1777636800,0.58966,0.58971,0.58882,0.58895,3483,1
1777640400,0.58895,0.58945,0.58881,0.58916,2717,1
1777644000,0.58916,0.58979,0.58906,0.58953,3152,1
1777647600,0.58953,0.59069,0.58933,0.59009,5630,1
1777651200,0.59009,0.59094,0.58972,0.59083,5222,1
1777654800,0.59083,0.59248,0.59077,0.59148,7979,1
1777658400,0.59149,0.59223,0.59125,0.59175,5622,1
1777662000,0.59175,0.59201,0.59098,0.591,5017,1
1777665600,0.591,0.59112,0.59042,0.59058,2935,1
1777669200,0.59057,0.59064,0.58987,0.59042,3692,1
1777672800,0.59042,0.59049,0.5899,0.58997,1277,1
1777676400,0.58998,0.59011,0.58844,0.58872,1758,1
1777852800,0.58937,0.59128,0.58917,0.59088,700,9
1777856400,0.59088,0.59126,0.59028,0.59064,1550,1
1777860000,0.59066,0.59075,0.59033,0.59046,1258,1
1777863600,0.59046,0.59072,0.59003,0.59042,4278,1
1777867200,0.59042,0.59095,0.58989,0.59092,3530,1
1777870800,0.59092,0.59144,0.59069,0.59138,2703,1
1777874400,0.59138,0.59264,0.59114,0.59247,4226,1
1777878000,0.59247,0.59255,0.59178,0.59185,2498,1
1777881600,0.59185,0.59204,0.59143,0.59176,2176,1
1777885200,0.59176,0.59201,0.59027,0.59083,4075,1
1777888800,0.59083,0.59083,0.5896,0.58967,3783,1
1777892400,0.58967,0.59023,0.58941,0.59004,4146,1
1777896000,0.59005,0.59037,0.58984,0.58987,2915,1
1777899600,0.58987,0.58987,0.58737,0.58877,9422,1
1777903200,0.58878,0.58912,0.58807,0.58827,4698,1
1777906800,0.58827,0.58948,0.58823,0.58924,4663,1
1777910400,0.58925,0.58989,0.58861,0.58888,6149,1
1777914000,0.58888,0.58944,0.58872,0.58873,5925,1
1777917600,0.58872,0.58909,0.58681,0.58712,8650,1
1777921200,0.58712,0.58732,0.58602,0.58647,8009,1
1777924800,0.58648,0.58771,0.58647,0.58733,5108,1
1777928400,0.58732,0.58765,0.58692,0.58761,3529,1
1777932000,0.58761,0.58781,0.58713,0.5875,3060,1
1777935600,0.5875,0.5875,0.58686,0.58717,1463,1
1777939200,0.58717,0.58744,0.58656,0.5872,1027,5
1777942800,0.5872,0.58733,0.587,0.58705,1149,1
1777946400,0.58705,0.5872,0.587,0.58715,666,1
1777950000,0.58715,0.58737,0.58619,0.58629,2682,1
1777953600,0.58629,0.58644,0.58586,0.58639,2330,1
1777957200,0.58639,0.58695,0.58637,0.58662,1973,1
1777960800,0.58662,0.58673,0.58637,0.58643,1472,1
1777964400,0.58643,0.58703,0.58572,0.58577,2283,1
1777968000,0.58577,0.58709,0.58566,0.58673,3262,1
1777971600,0.58673,0.58775,0.5866,0.58743,3728,1
1777975200,0.58747,0.58799,0.58697,0.58737,3980,1
1777978800,0.58737,0.5884,0.58734,0.5879,3370,1
1777982400,0.58789,0.58834,0.58759,0.58827,3404,1
1777986000,0.58827,0.58899,0.58791,0.58812,2506,1
1777989600,0.58812,0.58824,0.58745,0.58814,2952,1
1777993200,0.58814,0.5891,0.58772,0.58828,4409,1
1777996800,0.58828,0.58912,0.5882,0.5886,4411,1
1778000400,0.58858,0.58945,0.58803,0.58944,6108,1
1778004000,0.58944,0.59058,0.58943,0.59012,4125,1
1778007600,0.59012,0.59022,0.58912,0.58917,2749,1
1778011200,0.58916,0.58952,0.5889,0.58916,2826,1
1778014800,0.58917,0.58933,0.58894,0.58898,1645,1
1778018400,0.58898,0.58939,0.58855,0.58878,1048,1
1778022000,0.58878,0.58885,0.58791,0.58793,856,1
1778025600,0.58793,0.58902,0.58705,0.5885,2045,6
1778029200,0.5885,0.58975,0.58834,0.58957,2322,1
1778032800,0.58957,0.59129,0.58937,0.59014,3000,1
1778036400,0.59014,0.59194,0.59013,0.59194,4799,1
1778040000,0.59194,0.59295,0.59173,0.59265,4378,1
1778043600,0.59265,0.5929,0.59251,0.59283,2906,1
1778047200,0.59283,0.59389,0.59282,0.59294,3159,1
1778050800,0.59294,0.59523,0.59288,0.59472,5818,1
1778054400,0.59472,0.59496,0.59402,0.59467,3538,1
1778058000,0.59467,0.59529,0.59429,0.59522,4537,1
1778061600,0.59522,0.59547,0.59418,0.59544,4942,1
1778065200,0.59544,0.59763,0.59484,0.59697,5832,1
1778068800,0.59697,0.59712,0.59608,0.59688,6394,1
1778072400,0.59689,0.59911,0.59638,0.59827,6131,1
1778076000,0.59823,0.59845,0.59707,0.59715,6575,1
1778079600,0.59715,0.59717,0.5958,0.59603,6828,1
1778083200,0.59603,0.59627,0.59507,0.59544,7297,1
1778086800,0.59544,0.59696,0.59504,0.59593,7397,1
1778090400,0.59593,0.59609,0.59546,0.59548,4962,1
1778094000,0.59548,0.59548,0.59467,0.59491,3314,1
1778097600,0.59491,0.59557,0.59475,0.59541,3014,1
1778101200,0.59541,0.59581,0.5954,0.59562,2334,1
1778104800,0.59562,0.59603,0.59555,0.59555,1510,1
1778108400,0.59555,0.59566,0.59526,0.59544,1130,1
1778112000,0.59544,0.59597,0.59459,0.59532,2774,7
1778115600,0.59532,0.59567,0.59528,0.59562,940,2
1778119200,0.59562,0.59574,0.59524,0.5953,855,1
1778122800,0.5953,0.59576,0.59513,0.59544,4928,1
1778126400,0.59544,0.59656,0.59503,0.5962,3859,1
1778130000,0.5962,0.5964,0.59574,0.59608,2793,1
1778133600,0.59607,0.59613,0.59564,0.59579,2078,1
1778137200,0.59579,0.59634,0.5957,0.59616,1757,1
1778140800,0.59616,0.59637,0.59588,0.59595,1853,1
1778144400,0.59593,0.59671,0.5954,0.59594,4206,1
1778148000,0.59594,0.59756,0.59589,0.59748,5260,1
1778151600,0.59748,0.59794,0.59721,0.59753,3988,1
1778155200,0.59754,0.59802,0.59704,0.59771,3363,1
1778158800,0.59771,0.59825,0.59763,0.59798,3213,1
1778162400,0.59798,0.59832,0.59777,0.59805,3484,1
1778166000,0.59806,0.59832,0.59734,0.59784,3675,1
1778169600,0.59784,0.59807,0.59725,0.5975,5244,1
1778173200,0.5975,0.59795,0.59698,0.59779,4862,1
1778176800,0.59779,0.59787,0.59613,0.59618,6143,1
1778180400,0.59618,0.59643,0.59562,0.596,6242,1
1778184000,0.596,0.59625,0.59481,0.59554,6733,1
1778187600,0.59554,0.59563,0.59456,0.5953,5258,1
1778191200,0.5953,0.59556,0.59423,0.59426,3601,1
1778194800,0.59426,0.59519,0.59341,0.59345,2648,1
1778198400,0.59339,0.59417,0.59304,0.59363,938,20
1778202000,0.59363,0.59397,0.59316,0.59342,2277,1
1778205600,0.59342,0.59391,0.5934,0.59381,1380,1
1778209200,0.59381,0.59418,0.59319,0.59378,4375,1
1778212800,0.59378,0.5942,0.59366,0.59384,4890,1
1778216400,0.59384,0.59399,0.59304,0.59367,4136,1
1778220000,0.59367,0.59446,0.59364,0.59402,3163,1
1778223600,0.59402,0.59459,0.59397,0.59439,2341,1
1778227200,0.59439,0.59511,0.5943,0.59474,2793,1
1778230800,0.59474,0.59562,0.59468,0.59528,3603,1
1778234400,0.59528,0.59542,0.59477,0.59512,3961,1
1778238000,0.59513,0.59651,0.59499,0.59623,3670,1
1778241600,0.59622,0.59688,0.59596,0.59626,3156,1
1778245200,0.59626,0.59684,0.59604,0.59637,2516,1
1778248800,0.59637,0.59658,0.59578,0.59607,2606,1
1778252400,0.59607,0.59687,0.59513,0.59587,5569,1
1778256000,0.59587,0.59656,0.59487,0.5962,6528,1
1778259600,0.59621,0.59623,0.59534,0.59569,5641,1
1778263200,0.59568,0.5961,0.59529,0.59586,5287,1
1778266800,0.59586,0.59623,0.59572,0.59575,3377,1
1778270400,0.59575,0.59614,0.59569,0.59597,2674,1
1778274000,0.59597,0.59645,0.59581,0.59592,2776,1
1778277600,0.59592,0.59645,0.59589,0.59627,1458,1
1778281200,0.59627,0.59652,0.59611,0.59643,1392,1
1778457600,0.59348,0.59551,0.59334,0.59487,1012,8
1778461200,0.59511,0.59523,0.59448,0.59504,1752,2
1778464800,0.59504,0.59523,0.59482,0.59493,1852,1
1778468400,0.59493,0.59564,0.59473,0.5956,4046,1
1778472000,0.5956,0.59574,0.59474,0.59503,4485,1
1778475600,0.59503,0.59537,0.59458,0.59458,2478,1
1778479200,0.59458,0.59483,0.59449,0.59452,2325,1
1778482800,0.59452,0.59454,0.59399,0.59407,1950,1
1778486400,0.59407,0.59452,0.59386,0.59413,2724,1
1778490000,0.59413,0.59509,0.59407,0.59506,3293,1
1778493600,0.59506,0.59518,0.59446,0.59478,3612,1
1778497200,0.59478,0.5956,0.59474,0.59492,3192,1
1778500800,0.59493,0.59507,0.59441,0.59441,2350,1
1778504400,0.59441,0.59504,0.59427,0.59476,3028,1
1778508000,0.59476,0.59532,0.59455,0.5949,3143,1
1778511600,0.5949,0.59531,0.59453,0.59516,4504,1
1778515200,0.59517,0.5962,0.59512,0.59589,4666,1
1778518800,0.59589,0.5966,0.59556,0.59642,4742,1
1778522400,0.59641,0.59689,0.59627,0.59672,4180,1
1778526000,0.59672,0.59678,0.59592,0.59627,3207,1
1778529600,0.59627,0.59658,0.59602,0.5964,2391,1
1778533200,0.5964,0.59666,0.59611,0.59612,1704,1
1778536800,0.59612,0.59628,0.59593,0.59617,1233,1
1778540400,0.59617,0.59639,0.59574,0.59623,786,1
1778544000,0.59623,0.59661,0.59497,0.59627,2659,1
1778547600,0.59627,0.59688,0.59626,0.59662,1135,1
1778551200,0.59662,0.59675,0.59636,0.59646,960,1
1778554800,0.59646,0.59647,0.59551,0.59554,3217,1
1778558400,0.59554,0.59582,0.59474,0.59537,4717,1
1778562000,0.59537,0.59618,0.59521,0.59598,3631,1
1778565600,0.59597,0.596,0.59533,0.59535,2281,1
1778569200,0.59535,0.59582,0.59533,0.59562,2334,1
1778572800,0.59562,0.59586,0.59522,0.59555,3808,1
1778576400,0.59555,0.59564,0.59417,0.59421,5077,1
1778580000,0.59421,0.59484,0.59372,0.59445,4301,1
1778583600,0.59446,0.59484,0.59402,0.59446,4391,1
1778587200,0.59446,0.59498,0.59426,0.59488,3822,1
1778590800,0.59488,0.59521,0.59479,0.59488,2733,1
1778594400,0.59489,0.59529,0.59449,0.59509,3558,1
1778598000,0.59511,0.59584,0.59443,0.59568,5184,1
1778601600,0.59568,0.59576,0.59409,0.59422,5505,1
1778605200,0.59422,0.59501,0.59406,0.5946,6466,1
1778608800,0.5946,0.59481,0.5934,0.59422,6347,1
1778612400,0.59423,0.59443,0.59354,0.59374,4024,1
1778616000,0.59374,0.59452,0.59373,0.5945,3502,1
1778619600,0.5945,0.59524,0.59419,0.59508,3187,1
1778623200,0.59508,0.59554,0.59503,0.59528,1503,1
1778626800,0.59528,0.59532,0.59506,0.59511,742,1
1778630400,0.59511,0.59538,0.59377,0.59454,3157,6
1778634000,0.59454,0.59533,0.59452,0.59524,812,3
1778637600,0.59524,0.59545,0.59504,0.59512,1064,1
1778641200,0.59513,0.59556,0.59496,0.59554,3375,1
1778644800,0.59554,0.59658,0.59518,0.59626,3723,1
1778648400,0.59626,0.59648,0.59593,0.59593,3247,1
1778652000,0.59594,0.59609,0.59395,0.59454,2776,1
1778655600,0.59454,0.59464,0.59379,0.59393,1903,1
1778659200,0.59393,0.59439,0.59389,0.59428,2808,1
1778662800,0.59429,0.5945,0.59356,0.59377,3557,1
1778666400,0.59377,0.59405,0.59316,0.59317,3395,1
1778670000,0.59317,0.59348,0.59287,0.59296,2743,1
1778673600,0.59296,0.59307,0.59229,0.59299,3335,1
1778677200,0.593,0.59334,0.5925,0.59309,3312,1
1778680800,0.5931,0.59324,0.59272,0.59299,2973,1
1778684400,0.59299,0.59337,0.59198,0.59233,4649,1
1778688000,0.59233,0.59289,0.59213,0.59263,5893,1
1778691600,0.59263,0.59327,0.59244,0.59296,5228,1
1778695200,0.59297,0.5941,0.59292,0.59354,4690,1
1778698800,0.59354,0.59425,0.59351,0.5936,3920,1
1778702400,0.5936,0.59379,0.59313,0.59315,2210,1
1778706000,0.59314,0.59347,0.59285,0.59321,3123,1
1778709600,0.59321,0.59357,0.5932,0.59344,1342,1
1778713200,0.59343,0.59376,0.59326,0.59343,800,1
1778716800,0.5923,0.59379,0.5923,0.59333,933,6
1778720400,0.59333,0.59375,0.59324,0.59362,666,1
1778724000,0.59362,0.59371,0.593,0.59306,910,1
1778727600,0.59306,0.59347,0.59278,0.59317,3798,1
1778731200,0.59317,0.59332,0.59276,0.59282,4502,1
1778734800,0.59282,0.59331,0.59266,0.59302,2810,1
1778738400,0.59302,0.59304,0.59265,0.5927,1755,1
1778742000,0.5927,0.5935,0.59266,0.59326,2164,1
1778745600,0.59325,0.59374,0.59299,0.59332,3129,1
1778749200,0.59332,0.59419,0.59332,0.59399,3877,1
1778752800,0.59398,0.59399,0.59275,0.59287,3772,1
1778756400,0.59287,0.59398,0.5928,0.59392,3578,1
1778760000,0.59392,0.59409,0.59328,0.59356,3463,1
1778763600,0.59356,0.59399,0.59307,0.59326,3559,1
1778767200,0.59326,0.59344,0.59289,0.59295,3444,1
1778770800,0.59295,0.5937,0.59281,0.59284,4007,1
1778774400,0.59284,0.59297,0.5919,0.59204,5425,1
1778778000,0.59204,0.59299,0.59192,0.59221,4645,1
1778781600,0.59221,0.5923,0.59176,0.59217,3693,1
1778785200,0.59217,0.59222,0.59142,0.59184,4299,1
1778788800,0.59185,0.59215,0.59167,0.59178,3604,1
1778792400,0.59178,0.59188,0.59147,0.59178,3362,1
1778796000,0.59178,0.59182,0.59116,0.59131,1252,1
1778799600,0.59131,0.5914,0.59091,0.59104,837,1
1778803200,0.59104,0.59153,0.59044,0.59118,652,5
1778806800,0.59118,0.59132,0.591,0.59102,827,1
1778810400,0.59102,0.59103,0.59018,0.59024,1460,1
1778814000,0.59024,0.59044,0.5889,0.58915,4092,1
1778817600,0.58915,0.5893,0.58821,0.58823,4769,1
1778821200,0.58823,0.58909,0.58797,0.58862,4215,1
1778824800,0.58861,0.5888,0.58825,0.58841,3529,1
1778828400,0.58841,0.58841,0.58728,0.5873,2514,1
1778832000,0.5873,0.58737,0.58571,0.5861,5200,1
1778835600,0.58609,0.58674,0.58579,0.58588,5633,1
1778839200,0.58588,0.58697,0.58564,0.58593,4678,1
1778842800,0.58593,0.58603,0.58477,0.58492,4963,1
1778846400,0.58492,0.58497,0.5839,0.58446,4868,1
1778850000,0.58447,0.58669,0.58442,0.58604,5912,1
1778853600,0.58603,0.58612,0.58428,0.58449,3748,1
1778857200,0.58449,0.58459,0.58382,0.58446,5250,1
1778860800,0.58446,0.5849,0.5838,0.58392,6701,1
1778864400,0.58372,0.58519,0.58366,0.5846,7022,1
1778868000,0.5846,0.58469,0.58367,0.58401,5955,1
1778871600,0.58401,0.5846,0.58383,0.58441,5219,1
1778875200,0.5844,0.58496,0.58432,0.58455,3129,1
1778878800,0.58455,0.58465,0.58383,0.58414,4136,1
1778882400,0.58416,0.58421,0.58376,0.58389,1816,1
1778886000,0.58389,0.58391,0.58302,0.58365,1906,1
1779062400,0.58349,0.58458,0.58349,0.58407,1346,9
1779066000,0.58407,0.58414,0.5836,0.58408,1803,4
1779069600,0.58408,0.58422,0.58301,0.58317,2082,1
1779073200,0.58316,0.58368,0.58251,0.58264,4300,1
1779076800,0.58264,0.5833,0.58231,0.58306,4317,1
1779080400,0.58306,0.58351,0.58268,0.58314,2237,1
1779084000,0.58314,0.58405,0.58314,0.584,1874,1
1779087600,0.584,0.5842,0.58356,0.58366,1931,1
1779091200,0.58366,0.58407,0.58329,0.5839,2412,1
1779094800,0.5839,0.58489,0.58377,0.58489,3189,1
1779098400,0.58493,0.58556,0.58444,0.58507,3332,1
1779102000,0.58507,0.58627,0.58506,0.58607,2997,1
1779105600,0.58607,0.58617,0.58574,0.58574,2306,1
1779109200,0.58573,0.5858,0.58528,0.58533,2106,1
1779112800,0.58533,0.58682,0.58517,0.58619,3845,1
1779116400,0.58615,0.58814,0.58609,0.58775,4310,1
1779120000,0.58775,0.5881,0.58709,0.58765,4859,1
1779123600,0.58765,0.5877,0.58607,0.58637,5320,1
1779127200,0.58637,0.58685,0.58565,0.58664,5172,1
1779130800,0.58663,0.58735,0.58637,0.58709,4015,1
1779134400,0.58709,0.58744,0.58686,0.58713,2238,1
1779138000,0.58713,0.58717,0.5859,0.58592,3477,1
1779141600,0.58594,0.5882,0.58576,0.58755,4150,1
1779145200,0.58756,0.58788,0.58741,0.58741,837,1
1779148800,0.58741,0.58754,0.58647,0.5875,1426,7
1779152400,0.5875,0.58784,0.58745,0.58779,833,1
1779156000,0.58779,0.5879,0.5873,0.58732,907,1
1779159600,0.58732,0.58753,0.58596,0.586,3461,1
1779163200,0.586,0.58628,0.58536,0.58574,2895,1
1779166800,0.58574,0.58586,0.58517,0.58558,2657,1
1779170400,0.58558,0.58593,0.58532,0.58545,2005,1
1779174000,0.58545,0.58579,0.58506,0.58516,2177,1
1779177600,0.58515,0.58574,0.58492,0.58561,2561,1
1779181200,0.5856,0.58598,0.58533,0.58572,3070,1
1779184800,0.58572,0.58573,0.58503,0.58506,3036,1
1779188400,0.58506,0.58513,0.58433,0.58456,3085,1
1779192000,0.58456,0.58456,0.58394,0.58414,3044,1
1779195600,0.58414,0.5847,0.58364,0.58447,3237,1
1779199200,0.58447,0.58478,0.58417,0.58438,2730,1
1779202800,0.58437,0.58483,0.58402,0.58408,2900,1
1779206400,0.58404,0.58407,0.58263,0.5835,5252,1
1779210000,0.5835,0.58372,0.58173,0.58224,5866,1
1779213600,0.58224,0.58319,0.58215,0.58308,4673,1
1779217200,0.58307,0.58379,0.58263,0.58369,3642,1
1779220800,0.58369,0.58412,0.58367,0.58389,2782,1
1779224400,0.58389,0.58412,0.58333,0.58343,2718,1
1779228000,0.58337,0.5838,0.58303,0.58362,1722,1
1779231600,0.58363,0.58367,0.58333,0.58335,737,1
1779235200,0.58339,0.58455,0.58261,0.58374,1179,6
1779238800,0.58373,0.58373,0.58337,0.58355,1053,2
1779242400,0.58355,0.584,0.58318,0.58323,857,1
1779246000,0.58323,0.58323,0.58208,0.58213,3739,1
1779249600,0.58213,0.58257,0.5815,0.5823,3772,1
1779253200,0.5823,0.58282,0.58179,0.58214,3382,1
1779256800,0.58214,0.58349,0.58199,0.58334,2255,1
1779260400,0.58334,0.58386,0.58263,0.5828,2181,0
1779264000,0.5828,0.5833,0.58258,0.58297,2799,1
1779267600,0.58293,0.58386,0.58282,0.58341,3517,1
1779271200,0.58341,0.58405,0.58328,0.58343,2971,1
1779274800,0.58342,0.58422,0.58332,0.5839,3201,1
1779278400,0.58389,0.58422,0.5835,0.58364,2190,1
1779282000,0.58364,0.58459,0.58362,0.58445,2219,1
1779285600,0.58445,0.58509,0.58424,0.58464,2277,1
1779289200,0.58463,0.5849,0.584,0.58409,2333,1
1779292800,0.5841,0.58461,0.58372,0.58392,4353,1
1779296400,0.58395,0.58699,0.58351,0.58689,7138,1
1779300000,0.58689,0.58881,0.58635,0.58687,6023,1
1779303600,0.58688,0.58763,0.58655,0.58709,4215,1
1779307200,0.58709,0.58734,0.58676,0.58676,3460,1
1779310800,0.58675,0.58767,0.58656,0.58739,2616,1
1779314400,0.58738,0.58777,0.58725,0.58737,1681,1
1779318000,0.58737,0.58739,0.58626,0.58629,1337,1
1779321600,0.58589,0.58708,0.58578,0.58676,691,4
1779325200,0.58678,0.58705,0.58677,0.58701,891,1
1779328800,0.58701,0.58705,0.58666,0.58673,836,1
1779332400,0.58673,0.58676,0.58603,0.5863,2762,1
1779336000,0.5863,0.58745,0.58579,0.58585,3339,1
1779339600,0.58585,0.58643,0.58502,0.58562,3270,1
1779343200,0.58562,0.58603,0.58551,0.58593,2066,1
1779346800,0.58591,0.58644,0.58585,0.58634,1690,1
1779350400,0.58634,0.58648,0.58558,0.58614,2576,1
1779354000,0.58612,0.58632,0.58515,0.58554,3451,1
1779357600,0.58554,0.58621,0.58496,0.58589,3501,1
1779361200,0.58589,0.58736,0.58578,0.58652,4503,1
1779364800,0.5865,0.5874,0.58642,0.58698,3147,1
1779368400,0.58698,0.5871,0.58491,0.58543,4994,1
1779372000,0.5854,0.58649,0.58537,0.58555,3528,1
1779375600,0.58555,0.58627,0.58529,0.58534,4029,1
1779379200,0.58534,0.58609,0.58465,0.58584,5013,1
1779382800,0.58585,0.58635,0.58525,0.58607,5055,1
1779386400,0.58607,0.58613,0.58506,0.58555,4768,1
1779390000,0.58556,0.58609,0.58553,0.58599,3403,1
1779393600,0.586,0.5888,0.58582,0.5883,6107,1
1779397200,0.58824,0.58867,0.58668,0.58701,4572,1
1779400800,0.58701,0.58798,0.58696,0.58771,2730,1
1779404400,0.58771,0.58781,0.58727,0.58739,1000,1
1779408000,0.58654,0.588,0.58637,0.5871,1146,2
1779411600,0.58713,0.58784,0.58681,0.58782,670,1
1779415200,0.58782,0.58796,0.58753,0.58775,836,1
1779418800,0.58775,0.5878,0.58711,0.58727,2261,1
1779422400,0.58727,0.58782,0.58694,0.58724,2469,1
1779426000,0.58723,0.58761,0.58717,0.58738,1693,1
1779429600,0.58737,0.58745,0.58695,0.58719,1370,1
1779433200,0.58718,0.58749,0.58718,0.58739,1115,1
1779436800,0.58739,0.58769,0.58689,0.58702,2126,1
1779440400,0.58702,0.58725,0.58654,0.58665,2782,1
1779444000,0.58667,0.58667,0.5859,0.58632,2508,1
1779447600,0.58632,0.58698,0.58585,0.58611,3279,1
1779451200,0.58611,0.58611,0.58536,0.58561,2490,1
1779454800,0.5856,0.58586,0.58517,0.58536,2508,1
1779458400,0.58536,0.58558,0.58502,0.58528,2383,1
1779462000,0.58528,0.58607,0.58499,0.58589,3625,1
1779465600,0.5859,0.58677,0.5851,0.58544,4699,1
1779469200,0.58544,0.58547,0.58445,0.58508,4865,1
1779472800,0.58507,0.58555,0.58484,0.58541,3622,1
1779476400,0.5854,0.58594,0.58519,0.58583,2858,1
1779480000,0.58583,0.58649,0.58567,0.586,2944,1
1779483600,0.58601,0.58607,0.58567,0.5858,2096,1
1779487200,0.58581,0.58585,0.58527,0.58538,1483,1
1779490800,0.58538,0.58542,0.58446,0.5845,2241,1
1779667200,0.58726,0.5876,0.58664,0.58666,638,24
1779670800,0.58674,0.58785,0.58674,0.58774,1585,1
1779674400,0.58774,0.58802,0.58721,0.58724,1343,1
1779678000,0.58723,0.58799,0.58697,0.58725,2486,1
1779681600,0.58725,0.58816,0.58724,0.58747,2722,1
1779685200,0.58747,0.58784,0.58714,0.58724,1740,1
1779688800,0.58724,0.58739,0.58687,0.58701,1944,1
1779692400,0.58701,0.58778,0.58694,0.58761,1533,1
1779696000,0.58762,0.58783,0.58729,0.58739,1528,1
1779699600,0.58739,0.5876,0.58723,0.58736,2037,1
1779703200,0.58737,0.5874,0.58622,0.58692,2736,1
1779706800,0.58692,0.58723,0.58667,0.58719,1843,1
1779710400,0.58719,0.58739,0.58701,0.58701,1233,1
1779714000,0.58701,0.58713,0.58686,0.58696,1191,1
1779717600,0.58696,0.58782,0.58675,0.58742,1499,1
1779721200,0.58742,0.58787,0.58727,0.58753,1839,1
1779724800,0.58751,0.58766,0.58701,0.58702,1702,1
1779728400,0.58702,0.58758,0.58701,0.58752,1710,1
1779732000,0.5875,0.58777,0.58715,0.58729,2096,1
1779735600,0.58729,0.5873,0.58689,0.58724,1014,1
1779739200,0.58724,0.5874,0.58716,0.58734,443,1
1779742800,0.58734,0.5874,0.58714,0.58723,350,1
1779746400,0.58721,0.58732,0.58718,0.5873,237,1
1779750000,0.58732,0.58742,0.58708,0.58708,413,1
1779753600,0.58635,0.58718,0.58635,0.587,1487,4
1779757200,0.587,0.58722,0.58684,0.5871,784,1
1779760800,0.58709,0.58715,0.58607,0.58611,1219,1
1779764400,0.58611,0.58618,0.58554,0.58595,2761,1
1779768000,0.58594,0.58605,0.58503,0.58522,2950,1
1779771600,0.58521,0.58547,0.58478,0.58515,1686,1
1779775200,0.58515,0.58585,0.58513,0.58558,1276,1
1779778800,0.58559,0.5856,0.58498,0.58499,1186,1
1779782400,0.58499,0.585,0.58453,0.58459,1618,1
1779786000,0.5846,0.58545,0.5845,0.58512,2111,1
1779789600,0.58513,0.58516,0.58431,0.58462,3163,1
1779793200,0.58462,0.58489,0.58439,0.58449,2571,1
1779796800,0.58448,0.58463,0.58427,0.58456,2327,1
1779800400,0.58456,0.58484,0.58428,0.58467,2181,1
1779804000,0.58467,0.58484,0.5841,0.58412,2185,1
1779807600,0.58412,0.58429,0.58396,0.58399,2098,1
1779811200,0.58399,0.58453,0.58349,0.5839,3364,1
1779814800,0.58395,0.58456,0.58376,0.58413,3984,1
1779818400,0.58411,0.58418,0.5833,0.58339,3553,1
1779822000,0.58343,0.58379,0.58329,0.58343,2896,1
1779825600,0.58343,0.58364,0.58318,0.58325,1838,1
1779829200,0.58325,0.58369,0.58321,0.58361,1550,1
1779832800,0.58361,0.58388,0.58336,0.58384,940,1
1779836400,0.58384,0.58388,0.58354,0.58355,508,1
1779840000,0.58329,0.58418,0.58328,0.58356,730,6
1779843600,0.58357,0.58379,0.58354,0.58371,941,1
1779847200,0.58372,0.58447,0.58371,0.58416,770,1
1779850800,0.58416,0.58479,0.58408,0.58456,2095,1
1779854400,0.58457,0.58483,0.58373,0.58439,2422,1
1779858000,0.58437,0.58782,0.58433,0.58729,3266,1
1779861600,0.58729,0.58784,0.58648,0.5866,1623,1
1779865200,0.5866,0.58773,0.58654,0.58772,1603,1
1779868800,0.5877,0.588,0.58724,0.58725,2080,1
1779872400,0.58725,0.58806,0.58681,0.58751,3061,1
1779876000,0.5875,0.58787,0.58699,0.58716,2197,1
1779879600,0.58711,0.58785,0.5871,0.58774,2436,1
1779883200,0.58774,0.58857,0.58764,0.58843,2005,1
1779886800,0.58843,0.58849,0.58776,0.588,2298,1
1779890400,0.58802,0.58877,0.58782,0.58844,2615,1
1779894000,0.58844,0.59044,0.58817,0.58957,5513,1
1779897600,0.58957,0.59045,0.58951,0.59015,5026,1
1779901200,0.59016,0.59119,0.58913,0.58928,5560,1
1779904800,0.58928,0.58992,0.58895,0.58927,4446,1
1779908400,0.58927,0.58948,0.58895,0.58936,2714,1
1779912000,0.58937,0.5894,0.58864,0.58914,2523,1
1779915600,0.58913,0.58976,0.58898,0.58964,1594,1
1779919200,0.58965,0.59018,0.58959,0.59003,1134,1
1779922800,0.59002,0.59027,0.59,0.59004,722,1
1779926400,0.59004,0.59027,0.58875,0.58965,1942,5
1779930000,0.58963,0.59023,0.58959,0.58996,824,1
1779933600,0.58996,0.59016,0.58901,0.58914,1333,1
1779937200,0.58912,0.5902,0.58906,0.59011,3076,1
1779940800,0.59011,0.59107,0.58973,0.58983,3095,1
1779944400,0.58983,0.59033,0.58904,0.58915,2237,1
1779948000,0.58914,0.5895,0.58719,0.58731,3831,1
1779951600,0.58731,0.58749,0.58641,0.58659,2813,1
1779955200,0.58659,0.58796,0.58659,0.58776,2499,1
1779958800,0.58776,0.58879,0.58767,0.58866,2632,1
1779962400,0.58867,0.58926,0.58856,0.58879,3087,1
1779966000,0.58879,0.58896,0.58822,0.58872,2568,1
1779969600,0.5887,0.58932,0.5886,0.58913,2403,1
1779973200,0.58913,0.58944,0.58849,0.58851,2574,1
1779976800,0.58849,0.58917,0.58847,0.58907,2740,1
1779980400,0.58907,0.59088,0.58903,0.59074,3626,1
1779984000,0.59074,0.5913,0.59019,0.59032,4015,1
1779987600,0.59032,0.5927,0.59011,0.59198,6499,1
1779991200,0.59197,0.59312,0.59197,0.59255,3999,1
1779994800,0.59255,0.59353,0.5924,0.5933,3252,1
1779998400,0.59333,0.59338,0.59291,0.59326,2246,1
1780002000,0.59326,0.59345,0.5927,0.59293,2122,1
1780005600,0.59294,0.59339,0.59286,0.59296,1141,1
1780009200,0.59295,0.59345,0.59284,0.59341,825,1
1780012800,0.59323,0.59343,0.59228,0.59334,1356,7
1780016400,0.59321,0.59344,0.59314,0.59338,699,1
1780020000,0.59338,0.59466,0.59336,0.59448,1446,1
1780023600,0.59448,0.59503,0.59425,0.5946,2505,1
1780027200,0.5946,0.59561,0.59455,0.59509,2872,1
1780030800,0.5951,0.59523,0.59467,0.59477,1882,1
1780034400,0.59478,0.59511,0.59453,0.59508,1761,1
1780038000,0.5951,0.59603,0.59509,0.59584,1840,1
1780041600,0.59585,0.59615,0.59562,0.59574,1771,1
1780045200,0.59574,0.59633,0.59555,0.59593,2879,1
1780048800,0.59593,0.59613,0.59541,0.59609,3168,1
1780052400,0.59609,0.59612,0.59552,0.59603,2821,1
1780056000,0.59603,0.59671,0.59602,0.59647,2751,1
1780059600,0.59647,0.59664,0.59624,0.59654,2449,1
1780063200,0.59654,0.5974,0.59647,0.59738,2175,1
1780066800,0.59739,0.59799,0.59712,0.59793,2839,1
1780070400,0.59794,0.59903,0.59782,0.59828,3618,1
1780074000,0.59827,0.59902,0.59801,0.59864,4977,0
1780077600,0.59864,0.59941,0.5986,0.59911,4761,0
1780081200,0.5991,0.5992,0.59871,0.59896,2252,0
1780084800,0.59896,0.59902,0.59815,0.59815,1384,0
1780088400,0.59815,0.59879,0.59805,0.59836,1948,0
1780092000,0.59833,0.59906,0.59828,0.59888,1180,0
1780095600,0.59887,0.59894,0.59841,0.59875,985,0
1780272000,0.59631,0.59875,0.59618,0.59799,633,7
1780275600,0.59799,0.59848,0.5978,0.59785,1183,0
1780279200,0.59786,0.59829,0.59772,0.59806,1095,0
1780282800,0.59804,0.59815,0.5974,0.59779,2198,0
1780286400,0.5978,0.59789,0.59722,0.59742,1819,0
1780290000,0.59742,0.59755,0.59669,0.59705,1639,0
1780293600,0.59705,0.59731,0.59647,0.59668,1397,0
1780297200,0.59668,0.59715,0.59666,0.59694,986,0
1780300800,0.59694,0.59734,0.59683,0.59694,1256,0
1780304400,0.59697,0.5973,0.59662,0.5972,2034,0
1780308000,0.59719,0.59729,0.59653,0.59678,1895,0
1780311600,0.59678,0.59693,0.59625,0.59661,1530,0
1780315200,0.59661,0.59666,0.59511,0.59518,1968,0
1780318800,0.59518,0.59568,0.59501,0.59561,1526,0
1780322400,0.59561,0.59569,0.59531,0.59554,1179,0
1780326000,0.59554,0.59559,0.59513,0.59552,2106,0
1780329600,0.59552,0.59554,0.59142,0.59147,6203,0
1780333200,0.59148,0.5922,0.5911,0.59167,3864,0
1780336800,0.59167,0.59345,0.5916,0.59294,3276,0
1780340400,0.59294,0.59379,0.59239,0.59369,2501,0
1780344000,0.59369,0.59446,0.5933,0.59418,2634,0
1780347600,0.59418,0.59419,0.59363,0.59365,1542,0
1780351200,0.59364,0.5938,0.59339,0.59354,953,1
1780354800,0.59353,0.59376,0.59298,0.59301,661,1
1780358400,0.59298,0.5937,0.59255,0.5934,1195,6
1780362000,0.5934,0.59358,0.59319,0.59335,790,0
1780365600,0.59335,0.59363,0.59335,0.5935,854,0
1780369200,0.5935,0.59353,0.59182,0.592,2027,0
1780372800,0.59201,0.59269,0.59183,0.5923,2259,0
1780376400,0.5923,0.59303,0.59229,0.5929,1615,0
1780380000,0.5929,0.59343,0.59277,0.59335,1277,0
1780383600,0.59335,0.59347,0.59314,0.59334,1215,0
1780387200,0.59334,0.59378,0.5933,0.59338,1240,0
1780390800,0.59338,0.59457,0.59329,0.59419,2154,0
1780394400,0.59417,0.59421,0.59344,0.59349,2092,0
1780398000,0.59352,0.59382,0.59284,0.59291,1977,0
1780401600,0.59292,0.59294,0.59232,0.5929,1775,0
1780405200,0.59289,0.59315,0.59275,0.59292,1661,0
1780408800,0.59292,0.59354,0.59282,0.59344,1735,0
1780412400,0.59344,0.59387,0.59284,0.59287,2192,0
1780416000,0.59287,0.59323,0.5922,0.59261,3377,0
1780419600,0.5926,0.59308,0.59215,0.59292,3095,0
1780423200,0.59292,0.59333,0.59264,0.59316,2719,0
1780426800,0.59319,0.59339,0.59233,0.5925,1791,0
1780430400,0.5925,0.59263,0.59195,0.59204,1337,0
1780434000,0.59206,0.59255,0.59184,0.59251,1220,0
1780437600,0.5925,0.59263,0.59247,0.59261,385,0
1780441200,0.59261,0.5927,0.59202,0.59202,474,0
1780444800,0.59228,0.59293,0.59214,0.59237,616,0
1780448400,0.59237,0.59291,0.59237,0.59274,805,0
1780452000,0.59274,0.59282,0.59198,0.59212,1473,0
1780455600,0.59212,0.59312,0.59206,0.59307,1707,0
1780459200,0.59307,0.59347,0.59269,0.59332,2101,0
1780462800,0.59332,0.59353,0.59262,0.59286,1523,0
1780466400,0.59286,0.59293,0.59209,0.59215,1119,0
1780470000,0.59215,0.59219,0.59123,0.59132,964,0
1780473600,0.59132,0.59148,0.59067,0.59071,1557,0
1780477200,0.59071,0.59086,0.58984,0.59016,2663,0
1780480800,0.59016,0.59082,0.59005,0.59039,2785,0
1780484400,0.59039,0.59045,0.58985,0.58992,1659,0
1780488000,0.58992,0.59021,0.58935,0.5894,1341,0
1780491600,0.5894,0.5904,0.58935,0.58969,2136,0
1780495200,0.58968,0.59035,0.58968,0.59008,1591,0
1780498800,0.59008,0.59014,0.58819,0.58836,2506,0
1780502400,0.58836,0.58877,0.58717,0.58743,3356,0
1780506000,0.58747,0.58798,0.58734,0.58776,3943,0
1780509600,0.58775,0.58778,0.58669,0.58696,2819,0
1780513200,0.58695,0.58697,0.58612,0.58654,2247,0
1780516800,0.58654,0.58683,0.58613,0.58641,1320,0
1780520400,0.58641,0.58648,0.58608,0.58626,1049,0
1780524000,0.58626,0.58661,0.58621,0.58649,863,0
1780527600,0.58649,0.58654,0.5858,0.58592,850,0
1780531200,0.58592,0.58666,0.58519,0.58639,766,0
1780534800,0.58639,0.5875,0.58596,0.5872,1035,0
1780538400,0.5872,0.58733,0.58656,0.58702,1212,0
1780542000,0.58702,0.58749,0.58689,0.58703,2177,0
1780545600,0.58703,0.58766,0.58664,0.58713,2185,0
1780549200,0.58713,0.58722,0.58668,0.58704,1564,0
1780552800,0.58703,0.58704,0.58654,0.587,1589,0
1780556400,0.587,0.58756,0.58689,0.58729,1165,0
1780560000,0.58729,0.58735,0.58682,0.58709,1606,0
1780563600,0.58709,0.58767,0.58689,0.58704,2369,0
1780567200,0.58704,0.58719,0.58622,0.5866,2822,0
1780570800,0.58659,0.58691,0.58635,0.58659,2469,0
1780574400,0.58661,0.58757,0.58657,0.58734,2606,0
1780578000,0.58732,0.58779,0.58721,0.58755,1974,0
1780581600,0.58755,0.58865,0.58751,0.58849,2782,0
1780585200,0.58848,0.58868,0.58784,0.58801,2826,0
1780588800,0.58801,0.58868,0.58787,0.58854,2700,0
1780592400,0.58853,0.58871,0.58767,0.58807,2728,0
1780596000,0.58807,0.58819,0.58746,0.58781,2059,0
1780599600,0.58782,0.58803,0.58761,0.58762,1420,0
1780603200,0.58762,0.58768,0.58739,0.58745,975,0
1780606800,0.58746,0.58756,0.58693,0.587,897,0
1780610400,0.587,0.58713,0.58678,0.58693,555,0
1780614000,0.58693,0.58694,0.5866,0.5866,540,0
1780617600,0.58615,0.58705,0.58615,0.58658,733,0
1780621200,0.58658,0.58696,0.58651,0.58694,493,0
1780624800,0.58693,0.58736,0.58684,0.5869,696,0
1780628400,0.5869,0.587,0.58652,0.58659,1973,0
1780632000,0.58659,0.58665,0.58509,0.58584,2433,0
1780635600,0.58584,0.58651,0.58559,0.58635,1668,0
1780639200,0.58635,0.58654,0.58604,0.5861,1427,0
1780642800,0.5861,0.58694,0.58608,0.58676,1343,0
1780646400,0.58676,0.58698,0.58633,0.5864,1164,0
1780650000,0.58639,0.58685,0.58597,0.58675,2007,0
1780653600,0.58675,0.58751,0.58669,0.58718,2420,0
1780657200,0.58718,0.58774,0.58713,0.58714,1963,0
1780660800,0.58714,0.58805,0.58697,0.58795,2245,0
1780664400,0.58795,0.58847,0.58791,0.58816,1422,0
1780668000,0.58816,0.5882,0.58773,0.58792,1601,0
1780671600,0.58792,0.58798,0.5843,0.58431,4203,0
1780675200,0.58431,0.58493,0.58302,0.58302,5764,0
1780678800,0.58302,0.58333,0.58148,0.58251,4935,0
1780682400,0.5825,0.5826,0.58074,0.58083,3740,0
1780686000,0.58083,0.58099,0.58006,0.58098,3287,0
1780689600,0.58098,0.58102,0.57997,0.58025,3042,0
1780693200,0.58025,0.58027,0.57962,0.57965,2853,0
1780696800,0.57965,0.57991,0.57919,0.57966,2074,0
1780700400,0.57966,0.57968,0.57896,0.57966,1860,0
1780876800,0.57793,0.57831,0.57784,0.57796,118,33
1780880400,0.57814,0.57945,0.57804,0.57857,2095,0
1780884000,0.57858,0.57966,0.57858,0.57952,1345,0
1780887600,0.57954,0.58075,0.57943,0.58066,1964,0
1780891200,0.58068,0.58081,0.5789,0.57989,4283,0
1780894800,0.5799,0.58032,0.57906,0.5801,3242,0
1780898400,0.5801,0.58048,0.57982,0.58039,2079,0
1780902000,0.5804,0.58081,0.58012,0.58018,1711,0
1780905600,0.58018,0.58084,0.57944,0.57961,3343,0
1780909200,0.57961,0.58026,0.57941,0.57977,3573,0
1780912800,0.57979,0.58088,0.57971,0.58014,3142,0
1780916400,0.58014,0.58071,0.5799,0.58023,3303,0
1780920000,0.58023,0.58107,0.57973,0.58099,3188,0
1780923600,0.58099,0.58188,0.58058,0.58155,2383,0
1780927200,0.58155,0.58369,0.58144,0.58267,3087,0
1780930800,0.58267,0.58323,0.58251,0.58291,3625,0
1780934400,0.58294,0.58327,0.58159,0.5816,4344,0
1780938000,0.5816,0.58217,0.58088,0.58204,4694,0
1780941600,0.58204,0.58242,0.5812,0.58161,3796,0
1780945200,0.5816,0.58186,0.58141,0.58142,2461,0
1780948800,0.58143,0.58145,0.58102,0.58133,2510,0
1780952400,0.58132,0.58176,0.58092,0.581,1941,0
1780956000,0.58098,0.58117,0.58073,0.58095,1231,0
1780959600,0.58095,0.5812,0.58068,0.58068,601,0
1780963200,0.58068,0.58138,0.58058,0.58118,161,5
1780966800,0.58118,0.58118,0.58074,0.58087,729,0
1780970400,0.58087,0.58094,0.58023,0.58025,1019,0
1780974000,0.58023,0.58048,0.57992,0.58045,2472,0
1780977600,0.58045,0.58163,0.58044,0.5816,2440,0
1780981200,0.5816,0.58179,0.58105,0.5812,1808,0
1780984800,0.5812,0.58215,0.58104,0.58189,2026,0
1780988400,0.58189,0.58301,0.58176,0.58285,1667,0
1780992000,0.58285,0.58418,0.5827,0.58391,2549,0
1780995600,0.58391,0.58477,0.58337,0.58368,2550,0
1780999200,0.58368,0.58392,0.58249,0.58254,2359,0
1781002800,0.58254,0.58324,0.58217,0.58311,2779,0
1781006400,0.58311,0.58344,0.58287,0.58307,2120,0
1781010000,0.58307,0.5838,0.58282,0.58373,2200,0
1781013600,0.58374,0.58424,0.58371,0.58414,1801,0
1781017200,0.58414,0.58429,0.5837,0.58387,2151,0
1781020800,0.58388,0.58458,0.58331,0.58353,3866,0
1781024400,0.58353,0.5842,0.58252,0.58331,5660,0
1781028000,0.58331,0.58374,0.58174,0.58225,6302,0
1781031600,0.58225,0.58251,0.58004,0.58108,7206,0
1781035200,0.58108,0.58231,0.581,0.58195,5294,0
1781038800,0.58196,0.58237,0.58179,0.58204,3516,0
1781042400,0.58202,0.58212,0.58109,0.58155,2640,0
1781046000,0.58155,0.58167,0.58127,0.58163,1064,0
1781049600,0.58071,0.58181,0.58062,0.58158,606,2
1781053200,0.58158,0.58158,0.58076,0.5809,1156,0
1781056800,0.5809,0.58114,0.5805,0.58084,1469,0
1781060400,0.58083,0.58189,0.58066,0.58169,3574,0
1781064000,0.5817,0.5823,0.58139,0.58175,4089,0
1781067600,0.58175,0.58219,0.58151,0.58164,2960,0
1781071200,0.58164,0.58233,0.58161,0.58217,2427,0
1781074800,0.58217,0.58223,0.58135,0.58141,2048,0
1781078400,0.58141,0.58201,0.58094,0.58158,2634,0
1781082000,0.58158,0.58206,0.58124,0.58127,2722,0
1781085600,0.58125,0.58178,0.58112,0.58129,3020,0
1781089200,0.58129,0.5813,0.58061,0.58102,3562,0
1781092800,0.58103,0.58153,0.5808,0.58143,3158,0
1781096400,0.58143,0.58152,0.58093,0.58134,2639,0
1781100000,0.58134,0.58139,0.58011,0.58037,4604,0
1781103600,0.58037,0.58253,0.58027,0.58129,5209,0
1781107200,0.58128,0.58327,0.58127,0.58255,5390,0
1781110800,0.58255,0.58322,0.58215,0.58241,5774,0
1781114400,0.58242,0.58282,0.58118,0.58213,5524,0
1781118000,0.58213,0.58261,0.58191,0.58202,4554,0
1781121600,0.58204,0.58227,0.58086,0.58155,4363,0
1781125200,0.58156,0.58202,0.58085,0.58094,3492,0
1781128800,0.58094,0.58117,0.58016,0.58017,2159,0
1781132400,0.58018,0.58021,0.57949,0.57962,1223,0
1781136000,0.5795,0.5802,0.57873,0.57929,459,0
1781139600,0.57929,0.57959,0.57856,0.579,1670,0
1781143200,0.579,0.57985,0.57862,0.57933,2641,0
1781146800,0.57933,0.5801,0.57924,0.57978,4523,0
1781150400,0.57978,0.5807,0.57977,0.58026,3418,0
1781154000,0.58027,0.58027,0.5797,0.58,3010,0
1781157600,0.58,0.58007,0.57951,0.57963,2573,0
1781161200,0.57964,0.57999,0.57928,0.57984,1714,0
1781164800,0.57985,0.57998,0.57932,0.57952,2075,0
1781168400,0.57952,0.57953,0.57899,0.57904,2420,0
1781172000,0.57902,0.57972,0.57879,0.57901,2518,0
1781175600,0.57899,0.57909,0.578,0.57817,2562,0
1781179200,0.57818,0.57863,0.57802,0.57835,1992,0
1781182800,0.57834,0.57847,0.57785,0.57828,1827,0
1781186400,0.57829,0.57875,0.57812,0.57854,2236,0
1781190000,0.57855,0.57881,0.57693,0.57807,4889,0
1781193600,0.57807,0.57864,0.57718,0.57827,5194,0
1781197200,0.57827,0.57834,0.57704,0.57748,5069,0
1781200800,0.57747,0.57836,0.57737,0.5778,4758,0
1781204400,0.5778,0.57801,0.57748,0.5775,3323,0
1781208000,0.5775,0.58204,0.57725,0.58154,6776,0
1781211600,0.58154,0.58248,0.58056,0.58179,5767,0
1781215200,0.58179,0.58444,0.58177,0.58389,3745,0
1781218800,0.58388,0.58442,0.58351,0.58351,1513,0
1781222400,0.58351,0.58397,0.58238,0.58314,653,5
1781226000,0.58314,0.58376,0.5831,0.58372,1135,0
1781229600,0.58372,0.584,0.58281,0.58317,1504,0
1781233200,0.58318,0.58327,0.58223,0.58244,3666,0
1781236800,0.58245,0.58247,0.58142,0.58157,3709,0
1781240400,0.58158,0.58206,0.58122,0.5817,2505,0
1781244000,0.58171,0.58252,0.58138,0.58237,2683,0
1781247600,0.58238,0.58274,0.58211,0.58244,1985,0
1781251200,0.58244,0.58255,0.58113,0.58119,2905,0
1781254800,0.58118,0.58223,0.58118,0.58192,3216,0
1781258400,0.58192,0.58209,0.58112,0.582,3251,0
1781262000,0.58201,0.58339,0.58189,0.58267,4623,0
1781265600,0.58268,0.58393,0.58255,0.58336,3407,0
1781269200,0.58336,0.58382,0.58258,0.58317,3356,0
1781272800,0.58317,0.58324,0.58271,0.58278,2568,0
1781276400,0.58278,0.58279,0.58182,0.58208,3301,0
1781280000,0.58208,0.58328,0.58193,0.58223,4921,0
1781283600,0.58228,0.5832,0.58196,0.58303,5456,0
1781287200,0.58303,0.58379,0.58275,0.58277,5412,0
1781290800,0.58277,0.58352,0.58258,0.58334,4440,0
1781294400,0.58334,0.58364,0.58316,0.58331,2209,0
1781298000,0.58331,0.5836,0.58303,0.58328,1887,0
1781301600,0.58328,0.58357,0.58305,0.58326,1622,1
1781305200,0.58326,0.58331,0.58264,0.58264,1097,0
1781481600,0.58331,0.58569,0.58263,0.58509,523,3
1781485200,0.58519,0.58638,0.58492,0.58566,2576,0
1781488800,0.58564,0.586,0.58501,0.58544,2381,0
1781492400,0.58542,0.58575,0.58445,0.58449,2829,0
1781496000,0.58449,0.58519,0.58422,0.5849,2120,0
1781499600,0.5849,0.58508,0.58449,0.58492,1450,0
1781503200,0.58492,0.58538,0.58471,0.58517,1308,0
1781506800,0.58517,0.58563,0.58495,0.58559,1152,0
1781510400,0.5856,0.58629,0.58558,0.58567,1733,0
1781514000,0.58567,0.58583,0.58467,0.58498,2339,0
1781517600,0.58498,0.58507,0.58408,0.58459,2642,0
1781521200,0.58461,0.58495,0.58413,0.58446,2232,0
1781524800,0.58446,0.58505,0.58423,0.58426,1947,0
1781528400,0.58426,0.5846,0.58398,0.58431,1298,0
1781532000,0.58431,0.58447,0.58385,0.58405,1864,0
1781535600,0.58405,0.58449,0.58359,0.58431,2169,0
1781539200,0.5843,0.5846,0.58386,0.58421,2930,0
1781542800,0.58421,0.5844,0.5835,0.58419,3392,0
1781546400,0.58419,0.58425,0.58336,0.5834,2079,0
1781550000,0.5834,0.58364,0.58296,0.58319,1784,0
1781553600,0.58319,0.58321,0.58269,0.58291,1599,0
1781557200,0.58291,0.58294,0.58248,0.58254,1693,0
1781560800,0.58253,0.58261,0.58212,0.58221,1076,0
1781564400,0.58219,0.58233,0.58197,0.58218,725,0
1781568000,0.58183,0.58268,0.58183,0.58193,273,9
1781571600,0.58194,0.58245,0.58194,0.58243,574,0
1781575200,0.58243,0.58297,0.58243,0.58264,818,0
1781578800,0.58264,0.58272,0.58194,0.58219,1896,0
1781582400,0.58219,0.58226,0.58147,0.58164,2161,0
1781586000,0.58164,0.58168,0.58098,0.58118,1573,0
1781589600,0.58118,0.5813,0.58072,0.58113,1452,0
1781593200,0.58113,0.58118,0.57949,0.58078,1877,0
1781596800,0.58078,0.58105,0.58053,0.58093,1709,0
1781600400,0.58092,0.58131,0.58048,0.58128,2250,0
1781604000,0.58127,0.58196,0.58107,0.58194,2505,0
1781607600,0.58194,0.5827,0.58176,0.58257,2180,0
1781611200,0.58257,0.58284,0.58231,0.58278,1530,0
1781614800,0.58278,0.5837,0.58277,0.58353,1494,0
1781618400,0.58353,0.58353,0.58256,0.5828,1590,0
1781622000,0.58279,0.58322,0.5823,0.58315,2120,0
1781625600,0.58315,0.58342,0.58251,0.58306,2601,0
1781629200,0.58306,0.58381,0.58271,0.58362,2755,0
1781632800,0.58363,0.58425,0.583,0.58391,3076,0
1781636400,0.58391,0.58433,0.58387,0.58394,2990,0
1781640000,0.58394,0.584,0.58353,0.58372,1851,0
1781643600,0.58372,0.58389,0.58354,0.5836,1327,0
1781647200,0.58361,0.58397,0.58314,0.58325,1305,0
1781650800,0.58325,0.58329,0.58287,0.58289,609,1
1781654400,0.58226,0.58307,0.58205,0.58262,665,0
1781658000,0.58251,0.58323,0.58251,0.58316,866,0
1781661600,0.58316,0.58342,0.58301,0.58302,845,0
1781665200,0.58302,0.58343,0.58284,0.58307,1887,0
1781668800,0.58307,0.58353,0.58287,0.58304,1436,0
1781672400,0.58304,0.58338,0.58276,0.58283,1021,0
1781676000,0.58283,0.58296,0.58252,0.58253,845,0
1781679600,0.58252,0.5828,0.58242,0.58252,1132,0
1781683200,0.58252,0.58259,0.58199,0.58214,1184,0
1781686800,0.58217,0.58217,0.58154,0.58189,1740,0
1781690400,0.58189,0.58223,0.58173,0.58221,1792,0
1781694000,0.58221,0.58222,0.58124,0.58182,2061,0
1781697600,0.58179,0.582,0.58147,0.58159,1643,0
1781701200,0.58159,0.58162,0.58111,0.58125,1533,0
1781704800,0.58125,0.58139,0.58081,0.58094,1455,0
1781708400,0.58094,0.58165,0.58087,0.58162,1900,0
1781712000,0.58162,0.58199,0.58142,0.58174,2912,0
1781715600,0.58174,0.58228,0.58109,0.58146,3649,0
1781719200,0.58146,0.58171,0.58124,0.58158,2898,0
1781722800,0.58158,0.58172,0.58129,0.58165,2034,0
1781726400,0.58164,0.58196,0.58138,0.58195,1742,0
1781730000,0.5819,0.5819,0.57803,0.57858,9005,0
1781733600,0.57854,0.57884,0.57522,0.57618,7397,0
1781737200,0.57617,0.57704,0.57594,0.57651,2121,0
1781740800,0.57642,0.57716,0.57595,0.57684,779,0
1781744400,0.57676,0.57768,0.57672,0.57757,831,0
1781748000,0.57757,0.57774,0.5773,0.57738,953,0
1781751600,0.57739,0.57858,0.57739,0.57782,2845,0
1781755200,0.5778,0.57917,0.5778,0.57892,2351,0
1781758800,0.57892,0.57956,0.57872,0.57922,1515,0
1781762400,0.57922,0.57981,0.57917,0.57975,1498,0
1781766000,0.57975,0.5799,0.57946,0.57951,1239,0
1781769600,0.5795,0.57977,0.5789,0.57894,1603,0
1781773200,0.57894,0.57962,0.5788,0.57902,2535,0
1781776800,0.579,0.57911,0.57792,0.57845,2466,0
1781780400,0.57845,0.57848,0.57669,0.5768,3023,0
1781784000,0.5768,0.57715,0.5764,0.57664,2857,0
1781787600,0.57664,0.57664,0.57577,0.57589,2715,0
1781791200,0.57589,0.57633,0.57551,0.57594,2962,0
1781794800,0.57595,0.57749,0.57586,0.5771,3736,0
1781798400,0.57711,0.57795,0.57668,0.57739,5130,0
1781802000,0.57739,0.5777,0.57672,0.57752,4198,0
1781805600,0.57752,0.57756,0.57571,0.57572,3479,0
1781809200,0.5757,0.57589,0.57543,0.57575,2644,0
1781812800,0.57574,0.57609,0.5755,0.57551,1781,0
1781816400,0.57551,0.57576,0.57533,0.57535,1557,0
1781820000,0.57535,0.57574,0.57489,0.57542,2023,0
1781823600,0.57543,0.57599,0.57532,0.57533,772,0
1781827200,0.57533,0.57575,0.57463,0.57525,486,0
1781830800,0.57525,0.5759,0.57519,0.57588,647,0
1781834400,0.57587,0.57601,0.57543,0.57545,848,0
1781838000,0.57544,0.57624,0.57541,0.57597,1869,0
1781841600,0.57598,0.57607,0.57462,0.57465,1793,0
1781845200,0.57465,0.57544,0.57462,0.57498,1523,0
1781848800,0.57501,0.57505,0.57352,0.57359,2101,0
1781852400,0.57359,0.5737,0.57281,0.57297,2283,0
1781856000,0.57297,0.5735,0.5723,0.57294,2716,0
1781859600,0.57294,0.5741,0.57292,0.57406,2079,0
1781863200,0.57406,0.57441,0.57334,0.57341,1973,0
1781866800,0.57341,0.57428,0.57338,0.57428,1824,0
1781870400,0.57429,0.57453,0.57397,0.57437,1373,0
1781874000,0.57435,0.57448,0.57386,0.57412,1679,0
1781877600,0.57411,0.5744,0.57388,0.57405,1748,0
1781881200,0.57407,0.5749,0.57392,0.5747,2610,0
1781884800,0.5747,0.57474,0.57344,0.57345,3058,0
1781888400,0.57346,0.57387,0.57301,0.57385,2563,0
1781892000,0.57385,0.57403,0.57354,0.57365,1740,0
1781895600,0.57365,0.57393,0.57359,0.57369,1030,0
1781899200,0.5737,0.57407,0.57369,0.574,983,0
1781902800,0.57402,0.57424,0.5739,0.57409,1058,0
1781906400,0.57409,0.57436,0.57393,0.57396,5222,1
1781910000,0.57396,0.57416,0.57302,0.5733,2951,0
1782086400,0.57286,0.57376,0.57286,0.5733,364,2
1782090000,0.57309,0.57345,0.57302,0.57333,1025,0
1782093600,0.57333,0.57363,0.57294,0.57337,1398,0
1782097200,0.57337,0.57363,0.57308,0.57361,1911,0
1782100800,0.57361,0.57408,0.57311,0.57311,2258,0
1782104400,0.57311,0.57338,0.57275,0.57299,1878,0
1782108000,0.573,0.57328,0.57247,0.57264,1391,0
1782111600,0.57264,0.57272,0.57231,0.57257,1622,0
1782115200,0.57257,0.57323,0.57255,0.57262,1827,0
1782118800,0.57262,0.5732,0.57255,0.57291,2742,0
1782122400,0.57291,0.57306,0.57207,0.5722,2458,0
1782126000,0.57223,0.57248,0.57184,0.57214,2634,0
1782129600,0.57214,0.57309,0.57211,0.57272,2297,0
1782133200,0.57272,0.57323,0.57262,0.57267,1933,0
1782136800,0.57268,0.57329,0.57244,0.57249,2287,0
1782140400,0.5725,0.57354,0.57246,0.57297,2494,0
1782144000,0.57299,0.57338,0.57226,0.57227,4334,0
1782147600,0.57227,0.57332,0.57214,0.57321,4643,0
1782151200,0.57321,0.57355,0.57192,0.57197,3523,0
1782154800,0.57197,0.57205,0.57157,0.57197,2453,0
1782158400,0.57198,0.57199,0.57126,0.57137,1654,0
1782162000,0.57137,0.57142,0.57112,0.57119,1354,0
1782165600,0.57119,0.57149,0.57092,0.5714,991,1
1782169200,0.57142,0.57156,0.57115,0.57131,758,1
1782172800,0.57131,0.57178,0.57104,0.57152,443,7
1782176400,0.57137,0.57157,0.5711,0.5713,691,0
1782180000,0.5713,0.57144,0.57092,0.57106,857,0
1782183600,0.57106,0.57106,0.57007,0.57026,2578,0
1782187200,0.57026,0.57073,0.5701,0.57046,2776,0
1782190800,0.57046,0.57081,0.57,0.57,2319,0
1782194400,0.57001,0.5703,0.56927,0.57029,2060,0
1782198000,0.57029,0.57033,0.56922,0.56933,1819,0
1782201600,0.56933,0.56947,0.5691,0.56935,2140,0
1782205200,0.56936,0.56945,0.56842,0.56869,3153,0
1782208800,0.56869,0.56937,0.56829,0.56844,3555,0
1782212400,0.56844,0.56894,0.56823,0.56855,2964,0
1782216000,0.56855,0.56929,0.56842,0.56928,2338,0
1782219600,0.56928,0.56951,0.56828,0.56847,2231,0
1782223200,0.56847,0.56875,0.56733,0.56737,2257,0
1782226800,0.56737,0.56788,0.56708,0.56724,2731,0
1782230400,0.56725,0.56814,0.56703,0.56769,3723,0
1782234000,0.56768,0.56802,0.56732,0.56791,3658,0
1782237600,0.56791,0.56809,0.5668,0.56709,3268,0
1782241200,0.56709,0.56732,0.56675,0.5668,1964,0
1782244800,0.5668,0.56705,0.56664,0.5667,1599,0
1782248400,0.5667,0.56685,0.56631,0.56657,1473,0
1782252000,0.56657,0.56699,0.56652,0.56661,1625,1
1782255600,0.56661,0.56681,0.56654,0.56673,698,0
1782259200,0.56623,0.56717,0.56623,0.56696,456,2
1782262800,0.56696,0.56696,0.56664,0.56679,661,1
1782266400,0.56679,0.56684,0.5662,0.56638,932,0
1782270000,0.56638,0.56697,0.56631,0.56657,3099,0
1782273600,0.56656,0.56665,0.56597,0.56627,2932,0
1782277200,0.56627,0.56635,0.5652,0.56522,2220,0
1782280800,0.56523,0.56563,0.56506,0.56538,2306,0
1782284400,0.56537,0.56559,0.56506,0.56537,1494,0
1782288000,0.56537,0.56579,0.56534,0.56556,2204,0
1782291600,0.56556,0.56612,0.56507,0.56518,2020,0
1782295200,0.56519,0.56543,0.56468,0.56471,2223,0
1782298800,0.56471,0.56487,0.56406,0.56468,2465,0
1782302400,0.56468,0.56475,0.5639,0.56392,2336,0
1782306000,0.56393,0.56396,0.5631,0.56346,2145,0
1782309600,0.56346,0.56452,0.5633,0.56413,2355,0
1782313200,0.56414,0.56445,0.56309,0.56337,3021,0
1782316800,0.56336,0.56475,0.56325,0.56459,4470,0
1782320400,0.56459,0.5648,0.56373,0.56413,3734,0
1782324000,0.56415,0.56498,0.56403,0.56444,3512,0
1782327600,0.56444,0.56541,0.56435,0.56512,2541,0
1782331200,0.56512,0.56519,0.56384,0.56384,2994,0
1782334800,0.56384,0.56447,0.56368,0.56387,2889,0
1782338400,0.56388,0.56455,0.56383,0.56434,1688,0
1782342000,0.56434,0.56515,0.56426,0.56476,1454,1
1782345600,0.56476,0.5659,0.56327,0.56438,1329,0
1782349200,0.56429,0.56513,0.56429,0.56458,640,0
1782352800,0.56458,0.56471,0.56432,0.56437,885,0
1782356400,0.56437,0.56455,0.56386,0.56441,2171,0
1782360000,0.56441,0.56526,0.56379,0.56386,2960,0
1782363600,0.56386,0.5642,0.56335,0.56381,2004,0
1782367200,0.56381,0.56435,0.5637,0.56435,1688,0
1782370800,0.56435,0.56479,0.56423,0.56472,1138,0
1782374400,0.56472,0.56496,0.56429,0.56433,1771,0
1782378000,0.56431,0.56453,0.56367,0.56382,1927,0
1782381600,0.56383,0.56437,0.56341,0.56436,2143,0
1782385200,0.56441,0.56509,0.56439,0.5647,2372,0
1782388800,0.5647,0.56514,0.56454,0.56474,1746,0
1782392400,0.56474,0.56475,0.56384,0.56397,1562,0
1782396000,0.56397,0.564,0.56347,0.56359,1376,0
1782399600,0.56359,0.56523,0.56341,0.56448,3673,0
1782403200,0.56448,0.56497,0.56408,0.56428,4879,0
1782406800,0.5643,0.56569,0.564,0.56497,5763,0
1782410400,0.56497,0.56578,0.56476,0.56576,4343,0
1782414000,0.56576,0.56613,0.56513,0.5652,2836,0
1782417600,0.5652,0.56533,0.56485,0.56508,2146,0
1782421200,0.56507,0.56533,0.56455,0.5649,2254,0
1782424800,0.5649,0.56521,0.56457,0.56487,1667,0
1782428400,0.56487,0.56503,0.56465,0.56465,752,0
1782432000,0.56465,0.56543,0.56315,0.56481,621,7
1782435600,0.56477,0.56485,0.56458,0.56473,826,0
1782439200,0.56473,0.56475,0.56414,0.56424,1215,0
1782442800,0.56425,0.56454,0.56419,0.56419,2690,0
1782446400,0.56419,0.5646,0.5637,0.56396,2578,0
1782450000,0.56399,0.56402,0.56263,0.56327,2297,0
1782453600,0.56328,0.56405,0.56314,0.56403,2666,0
1782457200,0.56403,0.56434,0.5638,0.56408,2092,0
1782460800,0.56408,0.56478,0.56402,0.56469,2328,0
1782464400,0.56468,0.56501,0.56414,0.56474,2513,0
1782468000,0.56474,0.56504,0.56443,0.56459,2659,0
1782471600,0.56458,0.56537,0.56427,0.56501,3310,0
1782475200,0.56501,0.56573,0.56476,0.56532,2836,0
1782478800,0.56532,0.56548,0.56503,0.56546,2025,0
1782482400,0.56546,0.56551,0.56462,0.56478,2314,0
1782486000,0.56478,0.56531,0.56459,0.5651,3025,0
1782489600,0.56514,0.56553,0.56469,0.56546,4689,0
1782493200,0.56547,0.56582,0.56449,0.56464,3942,0
1782496800,0.56464,0.56527,0.56448,0.56493,3151,0
1782500400,0.56493,0.56502,0.564,0.56412,2349,0
1782504000,0.56412,0.56435,0.56381,0.56395,1677,0
1782507600,0.56397,0.5642,0.5637,0.56371,1336,0
1782511200,0.56369,0.56416,0.56362,0.56396,1219,0
1782514800,0.56397,0.5642,0.5635,0.56366,1676,1
1782691200,0.56342,0.5643,0.5634,0.56415,134,11
1782694800,0.56412,0.56416,0.56373,0.56387,1060,0
1782698400,0.56387,0.56415,0.56385,0.56396,1139,0
1782702000,0.56395,0.56411,0.56317,0.56354,3264,0
1782705600,0.56354,0.56433,0.56325,0.56396,3174,0
1782709200,0.56396,0.56467,0.56389,0.56422,2372,0
1782712800,0.56422,0.56469,0.56422,0.56431,1379,0
1782716400,0.56431,0.5646,0.56424,0.56434,1691,0
1782720000,0.56434,0.56522,0.56431,0.5652,1998,0
1782723600,0.5652,0.56586,0.56501,0.56576,1967,0
1782727200,0.56576,0.56581,0.56529,0.56533,2261,0
1782730800,0.56533,0.56546,0.56467,0.56487,2340,0
1782734400,0.56487,0.56512,0.56475,0.56507,2057,0
1782738000,0.5651,0.56545,0.56494,0.56536,1880,0
1782741600,0.56536,0.5656,0.5651,0.56551,1875,0
1782745200,0.56549,0.56553,0.56471,0.56503,2282,0
1782748800,0.56502,0.56523,0.56471,0.56484,3206,0
1782752400,0.56484,0.56502,0.56399,0.56443,4170,0
1782756000,0.56443,0.56484,0.56428,0.56482,2689,0
1782759600,0.56482,0.56539,0.5648,0.56508,1641,0
1782763200,0.56508,0.56524,0.56488,0.56516,1222,0
1782766800,0.56516,0.56547,0.56515,0.56532,1164,0
1782770400,0.56532,0.56544,0.56511,0.5654,935,1
1782774000,0.5654,0.5654,0.56489,0.56489,546,0
1782777600,0.56466,0.56544,0.56466,0.56529,315,0
1782781200,0.56529,0.56534,0.56503,0.56523,435,0
1782784800,0.56523,0.56545,0.565,0.56503,589,0
1782788400,0.56499,0.56503,0.56419,0.56454,2386,0
1782792000,0.56454,0.56542,0.56408,0.56458,3031,0
1782795600,0.56457,0.56471,0.56427,0.56455,1911,0
1782799200,0.56455,0.56483,0.56454,0.5647,1457,0
1782802800,0.56469,0.56515,0.56466,0.56468,1275,0
1782806400,0.56467,0.56508,0.5645,0.56455,1876,0
1782810000,0.56454,0.56564,0.56448,0.56546,2721,0
1782813600,0.56549,0.56593,0.56525,0.56535,2343,0
1782817200,0.56535,0.56557,0.56464,0.56516,2720,0
1782820800,0.56516,0.56578,0.56509,0.56549,1861,0
1782824400,0.56549,0.5663,0.56546,0.56625,1651,0
1782828000,0.56625,0.56628,0.56557,0.5659,2154,0
1782831600,0.56589,0.56635,0.56555,0.56595,2312,0
1782835200,0.56596,0.56675,0.56595,0.56629,2558,0
1782838800,0.56629,0.56902,0.5659,0.56866,4697,0
1782842400,0.56864,0.56899,0.56738,0.56743,3293,0
1782846000,0.56742,0.56754,0.5671,0.5673,2054,0
1782849600,0.5673,0.56778,0.5673,0.56764,1418,0
1782853200,0.56765,0.5682,0.56762,0.56796,1227,0
1782856800,0.56797,0.56811,0.56762,0.56795,1318,0
1782860400,0.56797,0.568,0.56755,0.56763,869,0
1782864000,0.56724,0.56839,0.56688,0.5678,602,1
1782867600,0.5678,0.56793,0.56755,0.56765,323,0
1782871200,0.56765,0.56775,0.5674,0.56744,810,0
1782874800,0.56744,0.56776,0.56683,0.56691,1858,0
1782878400,0.56691,0.56693,0.56635,0.56654,2371,0
1782882000,0.56653,0.56674,0.56611,0.56645,1767,0
1782885600,0.56645,0.5669,0.56645,0.56689,1589,0
1782889200,0.56689,0.56758,0.56669,0.5674,1179,0
1782892800,0.5674,0.56776,0.56734,0.56753,1595,0
1782896400,0.56753,0.56761,0.56701,0.56745,2162,0
1782900000,0.56744,0.5678,0.56705,0.5677,2601,0
1782903600,0.5677,0.56787,0.56742,0.56758,1949,0
1782907200,0.56758,0.56774,0.56725,0.56726,2018,0
1782910800,0.56726,0.56823,0.56716,0.56814,1770,0
1782914400,0.56814,0.5682,0.5674,0.56744,1843,0
1782918000,0.56744,0.56758,0.56634,0.56638,2860,0
1782921600,0.56638,0.56898,0.56577,0.5679,5389,0
1782925200,0.56792,0.56873,0.56739,0.56771,4759,0
1782928800,0.56771,0.5679,0.56723,0.56767,3735,0
1782932400,0.56767,0.5682,0.56763,0.5677,2912,0
1782936000,0.5677,0.56788,0.56744,0.56744,2050,0
1782939600,0.56744,0.56756,0.56702,0.56715,1549,0
1782943200,0.56715,0.56754,0.56709,0.56716,1145,0
1782946800,0.56716,0.56726,0.56697,0.56712,742,0
1782950400,0.56701,0.5673,0.56663,0.56704,239,0
1782954000,0.567,0.56758,0.5669,0.56753,417,0
1782957600,0.56753,0.56759,0.5674,0.56742,605,1
1782961200,0.56742,0.5676,0.56704,0.56725,2027,0
1782964800,0.56725,0.568,0.56723,0.56789,1908,0
1782968400,0.56789,0.5685,0.56764,0.56764,1457,0
1782972000,0.56764,0.56786,0.56677,0.56746,1441,0
1782975600,0.56746,0.56787,0.56743,0.56782,1266,0
1782979200,0.56782,0.56788,0.56732,0.56766,1081,0
1782982800,0.56766,0.56852,0.56735,0.56791,2620,0
1782986400,0.56792,0.56831,0.56752,0.56787,2350,0
1782990000,0.56785,0.56947,0.56784,0.56939,2787,0
1782993600,0.56939,0.5694,0.56837,0.56867,1713,0
1782997200,0.56867,0.56867,0.56787,0.56811,1573,0
1783000800,0.56811,0.56812,0.56706,0.56711,1697,0
1783004400,0.56711,0.57168,0.56679,0.57004,5774,0
1783008000,0.57004,0.57136,0.56954,0.5709,5953,0
1783011600,0.5709,0.57126,0.56971,0.57036,4884,0
1783015200,0.57036,0.5711,0.57009,0.57055,3764,0
1783018800,0.57056,0.57059,0.56975,0.56996,3624,0
1783022400,0.56996,0.56996,0.56929,0.56934,3099,0
1783026000,0.56934,0.5699,0.5693,0.56972,2318,0
1783029600,0.56972,0.56978,0.56927,0.56962,1755,0
1783033200,0.56961,0.56988,0.56954,0.56956,492,1
1783036800,0.56945,0.57025,0.56906,0.56994,639,0
1783040400,0.56999,0.57019,0.56942,0.56949,389,0
1783044000,0.56949,0.56957,0.56911,0.56919,796,0
1783047600,0.56916,0.56958,0.56895,0.56957,2365,0
1783051200,0.56961,0.57084,0.56949,0.57061,3047,0
1783054800,0.57062,0.57127,0.5705,0.57089,1929,0
1783058400,0.57087,0.57099,0.57065,0.57091,1309,0
1783062000,0.57091,0.57135,0.57074,0.57129,1105,0
1783065600,0.57129,0.57188,0.57121,0.57155,1679,0
1783069200,0.57155,0.57271,0.57155,0.57206,2855,0
1783072800,0.57207,0.57254,0.57195,0.57212,2501,0
1783076400,0.57213,0.57224,0.57168,0.57168,2044,0
1783080000,0.57167,0.57187,0.57125,0.57125,1675,0
1783083600,0.57125,0.5715,0.57113,0.57113,1133,0
1783087200,0.57113,0.57164,0.57105,0.57118,1647,0
1783090800,0.57118,0.5712,0.57091,0.57095,1584,0
1783094400,0.57095,0.57109,0.57071,0.57091,1654,0
1783098000,0.57091,0.57113,0.57072,0.57072,1659,0
1783101600,0.57073,0.57106,0.57067,0.57082,1255,0
1783105200,0.57082,0.57096,0.57074,0.57095,615,0
1783108800,0.57095,0.57096,0.5708,0.57084,1139,0
1783112400,0.57084,0.571,0.57083,0.57087,2125,0
1783116000,0.57088,0.57089,0.57062,0.57067,1263,0
1783119600,0.57067,0.57084,0.57045,0.57057,801,0
1783296000,0.57022,0.57115,0.57022,0.57106,1442,16
1783299600,0.57106,0.57106,0.57026,0.57032,840,1
1783303200,0.57032,0.57036,0.57,0.57013,1031,0
1783306800,0.57013,0.57036,0.56965,0.57006,2629,0
1783310400,0.57006,0.57006,0.56863,0.56869,2505,0
1783314000,0.56868,0.5691,0.56854,0.56902,2059,0
1783317600,0.56902,0.56912,0.56825,0.56875,1390,0
1783321200,0.56875,0.56914,0.56872,0.56902,1311,0
1783324800,0.56902,0.56903,0.5683,0.56831,1538,0
1783328400,0.56831,0.56863,0.56822,0.56852,1947,0
1783332000,0.56852,0.56912,0.56829,0.56896,2125,0
1783335600,0.56896,0.56902,0.56813,0.56829,1835,0
1783339200,0.56828,0.56839,0.56801,0.5681,1910,0
1783342800,0.5681,0.56869,0.56791,0.56843,1456,0
1783346400,0.56843,0.56863,0.56821,0.5684,1317,0
1783350000,0.56842,0.5688,0.56767,0.56785,2083,0
1783353600,0.56786,0.56847,0.56774,0.56806,2536,0
1783357200,0.56806,0.56875,0.56791,0.5684,3079,0
1783360800,0.5684,0.56904,0.56834,0.56899,2087,0
1783364400,0.56899,0.5695,0.56895,0.56943,1230,0
1783368000,0.56943,0.57006,0.5694,0.56982,1235,0
1783371600,0.56982,0.57051,0.56982,0.57039,1085,0
1783375200,0.57039,0.5704,0.57011,0.57024,921,0
1783378800,0.57024,0.57028,0.56996,0.56996,572,0
1783382400,0.56996,0.57038,0.56965,0.56992,345,0
1783386000,0.56992,0.57035,0.56981,0.57025,310,1
1783389600,0.57025,0.57054,0.57001,0.57007,506,0
1783393200,0.57007,0.57026,0.56985,0.56987,2156,0
1783396800,0.56987,0.57066,0.56963,0.57035,2860,0
1783400400,0.57035,0.57052,0.56983,0.56983,1854,0
1783404000,0.56983,0.57038,0.56977,0.56992,1686,0
1783407600,0.56992,0.57014,0.56947,0.56947,1730,0
1783411200,0.56947,0.56957,0.56872,0.56916,1907,0
1783414800,0.56917,0.56933,0.56868,0.56926,1917,0
1783418400,0.56927,0.5693,0.5687,0.56871,1830,0
1783422000,0.56869,0.56947,0.56867,0.56909,2165,0
1783425600,0.56909,0.5692,0.56885,0.56896,1784,0
1783429200,0.56896,0.5691,0.56866,0.56884,1308,0
1783432800,0.56884,0.56975,0.56868,0.5691,1832,0
1783436400,0.5691,0.56983,0.56902,0.56942,2345,0
1783440000,0.56942,0.56943,0.56856,0.56861,3168,0
1783443600,0.5686,0.56924,0.56819,0.56892,3939,0
1783447200,0.56892,0.56905,0.56844,0.56848,3272,0
1783450800,0.56849,0.56866,0.56833,0.5686,2158,0
1783454400,0.5686,0.56913,0.56857,0.56906,1725,0
1783458000,0.56906,0.56911,0.56818,0.56824,2053,0
1783461600,0.56824,0.56831,0.56722,0.56823,2005,0
1783465200,0.56823,0.56824,0.56748,0.56767,586,0
1783468800,0.56767,0.56794,0.56717,0.56756,391,0
1783472400,0.56757,0.56776,0.56743,0.56776,464,0
1783476000,0.56776,0.56826,0.56746,0.56755,649,0
1783479600,0.56755,0.56866,0.56731,0.56858,2741,0
1783483200,0.56858,0.56892,0.5682,0.56864,2425,0
1783486800,0.56864,0.5705,0.5686,0.56998,2655,0
1783490400,0.56998,0.57074,0.56969,0.57042,1821,0
1783494000,0.57041,0.57122,0.56993,0.57121,1650,0
1783497600,0.57121,0.57196,0.57106,0.57167,2438,0
1783501200,0.57167,0.57188,0.5709,0.57138,2851,0
1783504800,0.57138,0.57201,0.57051,0.57174,3100,0
1783508400,0.57174,0.57179,0.56938,0.56955,5135,0
1783512000,0.56954,0.56992,0.56884,0.56949,4304,0
1783515600,0.56949,0.57036,0.56928,0.56996,3099,0
1783519200,0.56996,0.56997,0.56839,0.56903,3099,0
1783522800,0.56903,0.57031,0.56883,0.56935,3597,0
1783526400,0.56935,0.57013,0.56927,0.56945,4818,0
1783530000,0.56945,0.56989,0.56886,0.56918,4030,0
1783533600,0.56919,0.5695,0.56812,0.56829,3924,0
1783537200,0.5683,0.56975,0.56827,0.56963,3258,0
1783540800,0.56963,0.57054,0.56961,0.56997,2311,0
1783544400,0.56997,0.57102,0.56982,0.5707,1826,0
1783548000,0.57069,0.571,0.5705,0.57067,1844,0
1783551600,0.57067,0.57073,0.56978,0.56982,848,0
1783555200,0.56976,0.57046,0.56906,0.57029,1048,0
1783558800,0.57029,0.57039,0.56998,0.57036,623,1
1783562400,0.57036,0.5715,0.57034,0.57148,849,0
1783566000,0.57149,0.5729,0.57149,0.57237,2306,0
1783569600,0.57237,0.57261,0.57157,0.5722,2282,0
1783573200,0.57221,0.57243,0.57185,0.57194,2059,0
1783576800,0.57194,0.57255,0.57183,0.5723,1880,0
1783580400,0.5723,0.57258,0.57208,0.57254,1651,0
1783584000,0.57254,0.57287,0.57228,0.57258,2205,0
1783587600,0.57258,0.57365,0.57258,0.57304,2685,0
1783591200,0.57304,0.5734,0.57262,0.57335,2455,0
1783594800,0.57335,0.5739,0.5732,0.57355,2012,0
1783598400,0.57353,0.57363,0.573,0.57359,1712,0
1783602000,0.57359,0.57394,0.57302,0.57329,1866,0
1783605600,0.57332,0.57364,0.57293,0.57353,1850,0
1783609200,0.57353,0.57461,0.57353,0.57428,2795,0
1783612800,0.57427,0.57497,0.57416,0.57489,2999,0
1783616400,0.57489,0.57527,0.57462,0.57488,3556,0
1783620000,0.57488,0.57605,0.57474,0.57598,2532,0
1783623600,0.57597,0.57624,0.57577,0.57581,1851,0
1783627200,0.57581,0.57629,0.57571,0.57617,1464,0
1783630800,0.57617,0.57623,0.57571,0.57585,1296,0
1783634400,0.57585,0.57591,0.57545,0.57555,787,0
1783638000,0.57555,0.57587,0.57531,0.57531,493,1
1783641600,0.57531,0.57565,0.57444,0.57546,931,0
1783645200,0.57546,0.57583,0.57531,0.57581,452,0
1783648800,0.57581,0.57615,0.57577,0.57615,367,0
1783652400,0.57617,0.57737,0.57577,0.57729,1996,0
1783656000,0.57728,0.57862,0.57705,0.57838,2337,0
1783659600,0.57838,0.57929,0.57823,0.57888,2049,0
1783663200,0.57888,0.57901,0.57823,0.5783,1429,0
1783666800,0.5783,0.5783,0.5774,0.57752,1094,0
1783670400,0.57752,0.57773,0.57675,0.57693,1711,0
1783674000,0.57693,0.57784,0.57693,0.57728,2780,0
1783677600,0.57728,0.5773,0.57671,0.57696,2676,0
1783681200,0.57697,0.57729,0.57654,0.57668,2528,0
1783684800,0.57668,0.57717,0.57659,0.577,1955,0
1783688400,0.577,0.57734,0.57692,0.577,1569,0
1783692000,0.577,0.5771,0.5764,0.577,2045,0
1783695600,0.577,0.57784,0.57661,0.57694,2705,0
1783699200,0.57694,0.57723,0.57648,0.57655,2498,0
1783702800,0.57657,0.57685,0.57533,0.57613,3398,0
1783706400,0.57615,0.57733,0.576,0.57727,2808,0
1783710000,0.57727,0.57764,0.57706,0.57716,2961,0
1783713600,0.57715,0.57726,0.57639,0.57642,2020,0
1783717200,0.57641,0.57647,0.57622,0.57647,1733,0
1783720800,0.57646,0.57646,0.57615,0.57633,748,0
1783724400,0.57633,0.57647,0.57624,0.57641,649,0
1783900800,0.57583,0.57631,0.57563,0.57563,195,2
1783904400,0.57568,0.57593,0.57486,0.57499,1559,0
1783908000,0.57499,0.57577,0.57475,0.57577,1044,0
1783911600,0.57577,0.57586,0.57483,0.57503,2976,0
1783915200,0.57502,0.57706,0.57481,0.57689,3149,0
1783918800,0.57689,0.57693,0.57626,0.57626,1771,0
1783922400,0.57625,0.5763,0.57556,0.57583,1839,0
1783926000,0.57584,0.57589,0.57532,0.57579,1282,0
1783929600,0.57579,0.57624,0.57526,0.57545,2816,0
1783933200,0.57545,0.57617,0.57511,0.57602,3303,0
1783936800,0.57601,0.57731,0.57599,0.57731,3165,0
1783940400,0.57737,0.57864,0.5773,0.57836,2938,0
1783944000,0.57834,0.57837,0.57779,0.5781,1983,0
1783947600,0.57809,0.57819,0.57743,0.57819,2023,0
1783951200,0.57819,0.57855,0.57799,0.57811,2203,0
1783954800,0.57811,0.57861,0.57739,0.5786,2480,0
1783958400,0.57862,0.57884,0.57765,0.57794,3222,0
1783962000,0.57794,0.57805,0.57669,0.57721,4716,0
1783965600,0.57722,0.57741,0.57676,0.57696,3210,0
1783969200,0.57697,0.5772,0.57521,0.57564,3543,0
1783972800,0.57564,0.57588,0.57533,0.57537,2469,0
1783976400,0.57537,0.57552,0.57502,0.5754,2189,0
1783980000,0.5754,0.57551,0.57481,0.57507,1184,0
1783983600,0.57507,0.57507,0.57439,0.57483,648,0
1783987200,0.57439,0.57517,0.57398,0.57492,180,18
1783990800,0.57488,0.5757,0.57479,0.57544,628,0
1783994400,0.57544,0.57644,0.57537,0.57636,1138,0
1783998000,0.57633,0.57801,0.57585,0.5777,4280,0
1784001600,0.5777,0.5782,0.57749,0.57783,2912,0
1784005200,0.57784,0.57899,0.57782,0.5787,2407,0
1784008800,0.5787,0.57954,0.57858,0.57911,2171,0
1784012400,0.57911,0.57918,0.57853,0.57891,1836,0
1784016000,0.57892,0.57984,0.57886,0.57946,2082,0
1784019600,0.57943,0.57949,0.57831,0.57843,2473,0
1784023200,0.57845,0.57971,0.57837,0.57951,3529,0
1784026800,0.5795,0.58011,0.57916,0.5797,2955,0
1784030400,0.5797,0.58075,0.57964,0.58052,2691,0
1784034000,0.58052,0.58065,0.57967,0.57971,2342,0
1784037600,0.57971,0.58044,0.57951,0.5802,3010,0
1784041200,0.58019,0.58411,0.57981,0.58203,6165,0
1784044800,0.58203,0.58279,0.58193,0.58217,6252,0
1784048400,0.58217,0.5829,0.5816,0.5817,5805,0
1784052000,0.58169,0.58243,0.58053,0.58067,4456,0
1784055600,0.58069,0.58128,0.58023,0.58124,3083,0
1784059200,0.58124,0.58133,0.58045,0.58096,2517,0
1784062800,0.58096,0.58121,0.58045,0.581,2413,0
1784066400,0.581,0.58108,0.58072,0.58077,1247,0
1784070000,0.58078,0.58116,0.58073,0.58101,563,1
1784073600,0.58068,0.58136,0.58037,0.58123,546,2
1784077200,0.58123,0.58129,0.58087,0.58095,632,0
1784080800,0.58095,0.58126,0.58069,0.58125,1094,0
1784084400,0.58127,0.58225,0.58107,0.58215,2354,0
1784088000,0.58217,0.58257,0.58181,0.58241,2735,0
1784091600,0.58241,0.58253,0.58168,0.58173,2005,0
1784095200,0.58173,0.58174,0.58093,0.58154,1903,0
1784098800,0.58154,0.58165,0.58123,0.58147,1319,0
1784102400,0.58147,0.5821,0.58137,0.58176,2237,0
1784106000,0.58179,0.58243,0.58148,0.58151,2327,0
1784109600,0.58151,0.58208,0.58118,0.5819,2832,0
1784113200,0.58191,0.58226,0.58161,0.582,2575,0
1784116800,0.582,0.58233,0.58169,0.58182,2319,0
1784120400,0.58181,0.58198,0.5813,0.58189,2327,0
1784124000,0.58188,0.58221,0.58175,0.582,2439,0
1784127600,0.58202,0.58326,0.58169,0.58316,3804,0
1784131200,0.58318,0.58347,0.58259,0.58291,3977,0
1784134800,0.58293,0.58389,0.58293,0.58364,4819,0
1784138400,0.58363,0.58418,0.58323,0.58377,3705,0
1784142000,0.58378,0.58393,0.58336,0.58375,3031,0
1784145600,0.58375,0.58582,0.58374,0.58572,2899,0
1784149200,0.58572,0.58632,0.58513,0.58514,1888,0
1784152800,0.58508,0.58576,0.58468,0.58498,1628,0
1784156400,0.58498,0.5851,0.58472,0.58472,596,1
1784160000,0.58403,0.58477,0.58287,0.58454,370,12
1784163600,0.58454,0.58521,0.58454,0.58495,525,0
1784167200,0.58495,0.585,0.58463,0.58471,651,0
1784170800,0.58473,0.58495,0.58401,0.58437,1788,0
1784174400,0.58437,0.58454,0.58361,0.58377,1980,0
1784178000,0.58377,0.58427,0.58339,0.58424,1315,0
1784181600,0.58425,0.58518,0.5842,0.58518,1334,0
1784185200,0.58518,0.58533,0.58471,0.58481,1582,0
1784188800,0.58481,0.58539,0.5847,0.58509,1910,0
1784192400,0.58509,0.58582,0.58497,0.58562,2596,0
1784196000,0.58562,0.58577,0.58517,0.58544,2362,0
1784199600,0.58545,0.5858,0.58479,0.58507,2310,0
1784203200,0.58507,0.58551,0.58486,0.58511,2291,0
1784206800,0.58511,0.58552,0.58506,0.5853,1687,0
1784210400,0.5853,0.58555,0.58463,0.58547,2598,0
1784214000,0.58547,0.58573,0.58452,0.58458,3678,0
1784217600,0.58458,0.58552,0.58448,0.58481,3933,0
1784221200,0.58481,0.5855,0.58465,0.58491,4115,0
1784224800,0.58491,0.58492,0.58427,0.58438,3377,0
1784228400,0.58438,0.58451,0.58352,0.58373,3249,0
1784232000,0.58373,0.58401,0.58336,0.58384,2440,0
1784235600,0.58384,0.58427,0.58373,0.58421,1972,0
1784239200,0.58422,0.5843,0.58388,0.58418,1123,0
1784242800,0.58418,0.58431,0.58402,0.58402,520,1
1784246400,0.58401,0.58432,0.58269,0.58369,486,0
1784250000,0.58367,0.58424,0.58366,0.58404,554,0
1784253600,0.58404,0.5843,0.58395,0.58417,828,0
1784257200,0.58417,0.58462,0.58407,0.5846,2450,0
1784260800,0.5846,0.58484,0.58354,0.58374,2654,0
1784264400,0.58374,0.58392,0.58343,0.58354,1898,0
1784268000,0.58354,0.58424,0.58348,0.584,1760,0
1784271600,0.58399,0.58402,0.58327,0.58343,1419,0
1784275200,0.58343,0.58391,0.58322,0.58351,2485,0
1784278800,0.58351,0.58445,0.58345,0.58408,3099,0
1784282400,0.58408,0.58458,0.58401,0.58414,2758,0
1784286000,0.58414,0.58442,0.58293,0.58293,3573,0
1784289600,0.58293,0.58347,0.5825,0.58316,2564,0
1784293200,0.58316,0.5835,0.58294,0.58325,2621,0
1784296800,0.58325,0.58349,0.58273,0.58314,2272,0
1784300400,0.58313,0.5833,0.58257,0.58269,2420,0
1784304000,0.5827,0.58377,0.58251,0.58363,4350,0
1784307600,0.58362,0.58446,0.5834,0.58427,4035,0
1784311200,0.58426,0.58483,0.58402,0.58468,3679,0
1784314800,0.5847,0.5848,0.5842,0.5845,2841,0
1784318400,0.58452,0.58463,0.58429,0.58433,1979,0
1784322000,0.58433,0.58458,0.58415,0.58424,1687,0
1784325600,0.58424,0.58443,0.58405,0.58434,962,0
1784329200,0.58434,0.58435,0.58377,0.58377,828,1
