time,open,high,low,close,tick_volume,spread
1689778800,35017.0,35035.0,34991.0,35003.0,1262,5
1689782400,35003.0,35196.0,35000.0,35193.0,4583,5
1689786000,35191.0,35277.0,35101.0,35141.0,4967,5
1689789600,35142.0,35186.0,35120.0,35180.0,3662,5
1689793200,35180.0,35189.0,35084.0,35121.0,4427,5
1689796800,35121.0,35155.0,35091.0,35124.0,3304,5
1689800400,35125.0,35174.0,35083.0,35153.0,2922,5
1689804000,35155.0,35176.0,35106.0,35112.0,3328,5
1689807600,35109.0,35117.0,35091.0,35094.0,1364,5
1689814800,35088.0,35112.0,35053.0,35062.0,889,5
1689818400,35062.0,35093.0,35061.0,35088.0,464,5
1689822000,35089.0,35116.0,35085.0,35111.0,644,5
1689825600,35111.0,35126.0,35107.0,35110.0,767,5
1689829200,35110.0,35115.0,35095.0,35109.0,600,5
1689832800,35109.0,35114.0,35101.0,35111.0,375,5
1689836400,35111.0,35134.0,35111.0,35114.0,317,5
1689840000,35114.0,35120.0,35100.0,35114.0,805,5
1689843600,35114.0,35122.0,35070.0,35080.0,1164,5
1689847200,35080.0,35141.0,35074.0,35141.0,2246,5
1689850800,35140.0,35167.0,35137.0,35147.0,1441,5
1689854400,35147.0,35155.0,35122.0,35142.0,1161,5
1689858000,35143.0,35180.0,35135.0,35155.0,1066,5
1689861600,35155.0,35163.0,35138.0,35149.0,959,5
1689865200,35149.0,35151.0,35104.0,35105.0,1382,5
1689868800,35105.0,35317.0,35085.0,35317.0,4475,5
1689872400,35317.0,35366.0,35233.0,35355.0,5529,5
1689876000,35357.0,35385.0,35326.0,35373.0,3597,5
1689879600,35373.0,35407.0,35333.0,35358.0,3481,5
1689883200,35356.0,35369.0,35306.0,35310.0,3180,5
1689886800,35310.0,35329.0,35231.0,35294.0,3533,5
1689890400,35294.0,35314.0,35223.0,35259.0,4171,5
1689894000,35256.0,35287.0,35256.0,35267.0,728,5
1689901200,35275.0,35291.0,35272.0,35280.0,405,5
1689904800,35280.0,35291.0,35279.0,35283.0,347,5
1689908400,35283.0,35285.0,35270.0,35283.0,744,5
1689912000,35283.0,35305.0,35274.0,35298.0,692,5
1689915600,35298.0,35317.0,35296.0,35314.0,545,5
1689919200,35314.0,35322.0,35310.0,35312.0,403,5
1689922800,35312.0,35322.0,35305.0,35320.0,305,5
1689926400,35320.0,35322.0,35305.0,35320.0,542,5
1689930000,35320.0,35332.0,35293.0,35332.0,1118,5
1689933600,35332.0,35344.0,35304.0,35310.0,1731,5
1689937200,35310.0,35316.0,35292.0,35304.0,1308,5
1689940800,35304.0,35311.0,35287.0,35305.0,999,5
1689944400,35305.0,35317.0,35298.0,35308.0,770,5
1689948000,35308.0,35308.0,35248.0,35249.0,1092,5
1689951600,35251.0,35368.0,35250.0,35362.0,1239,5
1689955200,35362.0,35377.0,35212.0,35278.0,4898,5
1689958800,35280.0,35354.0,35252.0,35322.0,5217,5
1689962400,35323.0,35367.0,35317.0,35355.0,3837,5
1689966000,35354.0,35355.0,35294.0,35307.0,3349,5
1689969600,35307.0,35377.0,35303.0,35367.0,2708,5
1689973200,35367.0,35371.0,35320.0,35336.0,2881,5
1689976800,35338.0,35338.0,35255.0,35257.0,4242,5
1689980400,35256.0,35261.0,35234.0,35247.0,867,5
1690160400,35269.0,35275.0,35239.0,35240.0,527,5
1690164000,35240.0,35245.0,35229.0,35234.0,332,5
1690167600,35234.0,35262.0,35230.0,35249.0,707,5
1690171200,35248.0,35257.0,35230.0,35246.0,862,5
1690174800,35246.0,35267.0,35242.0,35262.0,674,5
1690178400,35262.0,35271.0,35249.0,35258.0,470,5
1690182000,35258.0,35262.0,35252.0,35257.0,316,5
1690185600,35258.0,35261.0,35247.0,35255.0,455,5
1690189200,35255.0,35269.0,35239.0,35263.0,932,5
1690192800,35264.0,35327.0,35260.0,35317.0,2194,5
1690196400,35317.0,35331.0,35283.0,35323.0,1265,5
1690200000,35324.0,35352.0,35315.0,35334.0,903,5
1690203600,35334.0,35338.0,35315.0,35318.0,766,5
1690207200,35318.0,35331.0,35294.0,35296.0,1084,5
1690210800,35296.0,35320.0,35268.0,35320.0,959,5
1690214400,35320.0,35401.0,35304.0,35390.0,4086,5
1690218000,35391.0,35475.0,35378.0,35467.0,4660,4
1690221600,35467.0,35486.0,35443.0,35469.0,3105,5
1690225200,35468.0,35478.0,35454.0,35470.0,1983,5
1690228800,35470.0,35496.0,35453.0,35496.0,2106,5
1690232400,35496.0,35510.0,35437.0,35468.0,2340,5
1690236000,35468.0,35485.0,35428.0,35462.0,3077,5
1690239600,35463.0,35477.0,35459.0,35463.0,685,5
1690246800,35459.0,35467.0,35447.0,35460.0,257,5
1690250400,35459.0,35470.0,35458.0,35462.0,244,5
1690254000,35462.0,35464.0,35444.0,35451.0,569,5
1690257600,35451.0,35455.0,35429.0,35442.0,627,5
1690261200,35442.0,35452.0,35436.0,35444.0,441,5
1690264800,35444.0,35448.0,35439.0,35447.0,325,5
1690268400,35446.0,35454.0,35445.0,35449.0,234,5
1690272000,35449.0,35464.0,35449.0,35463.0,320,5
1690275600,35463.0,35480.0,35446.0,35478.0,774,5
1690279200,35478.0,35479.0,35429.0,35444.0,1732,5
1690282800,35444.0,35476.0,35432.0,35456.0,1220,5
1690286400,35456.0,35460.0,35439.0,35448.0,833,5
1690290000,35448.0,35479.0,35427.0,35470.0,1003,5
1690293600,35470.0,35493.0,35461.0,35472.0,882,5
1690297200,35472.0,35483.0,35444.0,35459.0,979,5
1690300800,35459.0,35461.0,35410.0,35431.0,4179,5
1690304400,35431.0,35482.0,35409.0,35469.0,4357,5
1690308000,35469.0,35531.0,35444.0,35520.0,2827,5
1690311600,35520.0,35547.0,35502.0,35546.0,2426,5
1690315200,35546.0,35556.0,35517.0,35526.0,2192,5
1690318800,35526.0,35572.0,35500.0,35507.0,2499,5
1690322400,35507.0,35528.0,35476.0,35484.0,3203,5
1690326000,35486.0,35500.0,35439.0,35449.0,1906,4
1690333200,35458.0,35470.0,35426.0,35441.0,1126,5
1690336800,35441.0,35464.0,35439.0,35463.0,363,5
1690340400,35463.0,35464.0,35436.0,35442.0,594,5
1690344000,35442.0,35458.0,35437.0,35454.0,624,5
1690347600,35454.0,35467.0,35443.0,35461.0,386,5
1690351200,35461.0,35472.0,35455.0,35456.0,303,5
1690354800,35456.0,35469.0,35450.0,35453.0,267,5
1690358400,35453.0,35468.0,35453.0,35463.0,449,5
1690362000,35463.0,35481.0,35454.0,35476.0,770,5
1690365600,35476.0,35486.0,35452.0,35478.0,1716,5
1690369200,35477.0,35478.0,35421.0,35423.0,1298,5
1690372800,35422.0,35441.0,35393.0,35419.0,1293,5
1690376400,35419.0,35424.0,35393.0,35423.0,1159,5
1690380000,35422.0,35479.0,35411.0,35446.0,1493,5
1690383600,35446.0,35458.0,35381.0,35387.0,1298,5
1690387200,35387.0,35504.0,35356.0,35438.0,4403,4
1690390800,35434.0,35497.0,35420.0,35482.0,4500,5
1690394400,35482.0,35524.0,35479.0,35521.0,3161,4
1690398000,35521.0,35548.0,35474.0,35489.0,2305,5
1690401600,35488.0,35494.0,35449.0,35484.0,2044,5
1690405200,35482.0,35683.0,35455.0,35606.0,7423,5
1690408800,35609.0,35615.0,35431.0,35576.0,6662,4
1690412400,35577.0,35593.0,35517.0,35518.0,1607,5
1690419600,35520.0,35528.0,35490.0,35506.0,522,5
1690423200,35506.0,35526.0,35506.0,35519.0,309,5
1690426800,35519.0,35550.0,35507.0,35549.0,675,5
1690430400,35549.0,35565.0,35543.0,35558.0,715,5
1690434000,35559.0,35585.0,35557.0,35576.0,618,5
1690437600,35576.0,35585.0,35576.0,35580.0,365,5
1690441200,35580.0,35602.0,35578.0,35595.0,397,5
1690444800,35595.0,35597.0,35557.0,35570.0,629,5
1690448400,35570.0,35596.0,35565.0,35589.0,995,5
1690452000,35592.0,35637.0,35566.0,35628.0,1939,5
1690455600,35628.0,35641.0,35614.0,35626.0,1334,5
1690459200,35626.0,35642.0,35617.0,35618.0,885,5
1690462800,35617.0,35655.0,35586.0,35590.0,966,5
1690466400,35590.0,35656.0,35590.0,35649.0,1120,5
1690470000,35649.0,35730.0,35647.0,35665.0,2511,5
1690473600,35665.0,35671.0,35589.0,35646.0,5157,5
1690477200,35649.0,35649.0,35564.0,35580.0,5701,5
1690480800,35581.0,35616.0,35534.0,35578.0,4163,5
1690484400,35578.0,35672.0,35559.0,35666.0,2897,5
1690488000,35665.0,35678.0,35507.0,35518.0,5302,5
1690491600,35519.0,35525.0,35329.0,35329.0,6066,5
1690495200,35327.0,35399.0,35239.0,35311.0,6077,5
1690498800,35312.0,35346.0,35307.0,35338.0,1112,5
1690506000,35343.0,35347.0,35331.0,35341.0,423,5
1690509600,35341.0,35343.0,35313.0,35323.0,437,5
1690513200,35323.0,35351.0,35316.0,35339.0,938,5
1690516800,35339.0,35353.0,35333.0,35343.0,745,5
1690520400,35343.0,35349.0,35335.0,35349.0,551,5
1690524000,35349.0,35434.0,35291.0,35336.0,2320,5
1690527600,35336.0,35379.0,35269.0,35365.0,2006,5
1690531200,35365.0,35428.0,35364.0,35416.0,1148,5
1690534800,35416.0,35431.0,35390.0,35400.0,1451,5
1690538400,35400.0,35462.0,35386.0,35405.0,2389,5
1690542000,35405.0,35410.0,35341.0,35373.0,1714,4
1690545600,35373.0,35419.0,35362.0,35402.0,1230,5
1690549200,35402.0,35411.0,35362.0,35393.0,1123,5
1690552800,35394.0,35446.0,35388.0,35440.0,1249,5
1690556400,35440.0,35498.0,35431.0,35498.0,2064,4
1690560000,35498.0,35539.0,35421.0,35461.0,4756,5
1690563600,35460.0,35545.0,35451.0,35545.0,5138,5
1690567200,35545.0,35602.0,35514.0,35569.0,3692,5
1690570800,35568.0,35568.0,35513.0,35534.0,3038,5
1690574400,35534.0,35534.0,35383.0,35460.0,4171,5
1690578000,35458.0,35521.0,35442.0,35492.0,3564,5
1690581600,35492.0,35514.0,35457.0,35486.0,3776,5
1690585200,35488.0,35493.0,35466.0,35470.0,738,5
1690765200,35512.0,35542.0,35505.0,35528.0,753,5
1690768800,35528.0,35534.0,35510.0,35511.0,512,5
1690772400,35511.0,35512.0,35495.0,35504.0,840,5
1690776000,35504.0,35524.0,35461.0,35464.0,1238,5
1690779600,35464.0,35481.0,35443.0,35455.0,1144,5
1690783200,35455.0,35459.0,35429.0,35437.0,1003,5
1690786800,35437.0,35448.0,35420.0,35443.0,672,5
1690790400,35443.0,35468.0,35435.0,35459.0,984,5
1690794000,35459.0,35495.0,35450.0,35483.0,1209,5
1690797600,35482.0,35529.0,35473.0,35499.0,1959,5
1690801200,35499.0,35522.0,35482.0,35520.0,1217,5
1690804800,35520.0,35534.0,35511.0,35523.0,1013,5
1690808400,35523.0,35551.0,35518.0,35551.0,743,5
1690812000,35551.0,35558.0,35536.0,35552.0,735,5
1690815600,35552.0,35569.0,35542.0,35553.0,1005,5
1690819200,35553.0,35581.0,35471.0,35516.0,4668,5
1690822800,35517.0,35579.0,35500.0,35549.0,4887,5
1690826400,35548.0,35573.0,35486.0,35494.0,3596,5
1690830000,35494.0,35512.0,35472.0,35488.0,2844,5
1690833600,35488.0,35550.0,35468.0,35526.0,3007,5
1690837200,35526.0,35538.0,35493.0,35531.0,2904,5
1690840800,35531.0,35615.0,35473.0,35614.0,3647,5
1690844400,35615.0,35621.0,35597.0,35619.0,912,5
1690851600,35618.0,35627.0,35601.0,35602.0,345,5
1690855200,35602.0,35607.0,35597.0,35600.0,280,5
1690858800,35600.0,35618.0,35595.0,35618.0,518,5
1690862400,35619.0,35636.0,35610.0,35626.0,700,5
1690866000,35626.0,35628.0,35608.0,35610.0,607,5
1690869600,35610.0,35622.0,35603.0,35606.0,402,5
1690873200,35606.0,35614.0,35604.0,35609.0,345,5
1690876800,35609.0,35615.0,35594.0,35606.0,495,4
1690880400,35606.0,35606.0,35585.0,35596.0,583,4
1690884000,35595.0,35603.0,35554.0,35557.0,1022,4
1690887600,35558.0,35560.0,35490.0,35517.0,1369,4
1690891200,35517.0,35521.0,35485.0,35505.0,1222,4
1690894800,35506.0,35567.0,35501.0,35566.0,1146,4
1690898400,35567.0,35580.0,35552.0,35569.0,1214,4
1690902000,35569.0,35570.0,35489.0,35505.0,1305,4
1690905600,35505.0,35695.0,35490.0,35692.0,4136,4
1690909200,35692.0,35720.0,35593.0,35613.0,5415,4
1690912800,35614.0,35617.0,35560.0,35600.0,3757,4
1690916400,35601.0,35629.0,35567.0,35615.0,2781,4
1690920000,35615.0,35631.0,35598.0,35631.0,2393,4
1690923600,35631.0,35699.0,35631.0,35669.0,2520,4
1690927200,35669.0,35687.0,35624.0,35666.0,2890,4
1690930800,35668.0,35677.0,35648.0,35657.0,798,4
1690938000,35515.0,35607.0,35492.0,35599.0,1233,4
1690941600,35599.0,35609.0,35585.0,35607.0,512,4
1690945200,35607.0,35627.0,35574.0,35619.0,968,4
1690948800,35619.0,35646.0,35614.0,35634.0,906,4
1690952400,35634.0,35636.0,35558.0,35560.0,1092,4
1690956000,35560.0,35574.0,35553.0,35559.0,628,4
1690959600,35559.0,35566.0,35547.0,35553.0,604,5
1690963200,35553.0,35586.0,35549.0,35568.0,993,4
1690966800,35567.0,35567.0,35540.0,35549.0,1403,4
1690970400,35551.0,35554.0,35438.0,35442.0,2467,5
1690974000,35442.0,35447.0,35385.0,35444.0,2247,5
1690977600,35444.0,35492.0,35417.0,35482.0,1885,5
1690981200,35482.0,35592.0,35478.0,35587.0,1815,5
1690984800,35587.0,35602.0,35553.0,35563.0,1623,4
1690988400,35563.0,35578.0,35497.0,35499.0,2270,5
1690992000,35499.0,35565.0,35470.0,35504.0,5246,4
1690995600,35505.0,35511.0,35361.0,35381.0,5687,4
1690999200,35380.0,35462.0,35367.0,35399.0,5140,5
1691002800,35399.0,35449.0,35381.0,35388.0,4194,5
1691006400,35388.0,35430.0,35365.0,35374.0,3467,5
1691010000,35374.0,35392.0,35323.0,35338.0,3631,5
1691013600,35338.0,35359.0,35254.0,35312.0,4584,4
1691017200,35313.0,35340.0,35303.0,35326.0,1216,5
1691024400,35325.0,35371.0,35324.0,35369.0,538,4
1691028000,35369.0,35385.0,35366.0,35385.0,445,5
1691031600,35385.0,35394.0,35348.0,35369.0,1262,5
1691035200,35369.0,35417.0,35359.0,35393.0,1161,5
1691038800,35393.0,35396.0,35355.0,35369.0,1034,5
1691042400,35369.0,35393.0,35364.0,35389.0,719,5
1691046000,35389.0,35392.0,35350.0,35359.0,672,5
1691049600,35359.0,35380.0,35338.0,35354.0,1163,5
1691053200,35355.0,35361.0,35281.0,35284.0,1635,5
1691056800,35284.0,35298.0,35164.0,35174.0,3620,4
1691060400,35173.0,35239.0,35164.0,35203.0,3222,4
1691064000,35203.0,35258.0,35202.0,35256.0,2378,4
1691067600,35256.0,35294.0,35252.0,35265.0,1324,5
1691071200,35267.0,35297.0,35246.0,35264.0,1700,5
1691074800,35265.0,35289.0,35218.0,35254.0,2578,5
1691078400,35255.0,35268.0,35138.0,35199.0,5838,5
1691082000,35200.0,35257.0,35146.0,35185.0,6111,4
1691085600,35185.0,35309.0,35175.0,35275.0,4310,4
1691089200,35274.0,35358.0,35255.0,35343.0,3172,5
1691092800,35343.0,35373.0,35272.0,35276.0,3071,5
1691096400,35276.0,35318.0,35251.0,35300.0,3188,5
1691100000,35300.0,35304.0,35222.0,35226.0,3904,5
1691103600,35230.0,35317.0,35211.0,35247.0,3213,4
1691110800,35229.0,35281.0,35226.0,35276.0,918,4
1691114400,35276.0,35290.0,35257.0,35275.0,616,4
1691118000,35274.0,35313.0,35254.0,35311.0,1211,4
1691121600,35311.0,35332.0,35295.0,35309.0,1180,4
1691125200,35309.0,35325.0,35278.0,35293.0,1108,4
1691128800,35293.0,35320.0,35290.0,35296.0,695,4
1691132400,35296.0,35308.0,35295.0,35302.0,533,4
1691136000,35302.0,35343.0,35296.0,35335.0,950,4
1691139600,35335.0,35340.0,35313.0,35313.0,1034,4
1691143200,35311.0,35334.0,35253.0,35327.0,2142,4
1691146800,35327.0,35356.0,35293.0,35302.0,1593,4
1691150400,35302.0,35330.0,35283.0,35291.0,1195,4
1691154000,35291.0,35300.0,35241.0,35249.0,1334,4
1691157600,35249.0,35250.0,35191.0,35212.0,1419,4
1691161200,35211.0,35316.0,35172.0,35290.0,3654,4
1691164800,35290.0,35441.0,35273.0,35360.0,5131,4
1691168400,35360.0,35445.0,35260.0,35429.0,4640,4
1691172000,35429.0,35462.0,35397.0,35453.0,2804,4
1691175600,35453.0,35527.0,35430.0,35523.0,2419,4
1691179200,35523.0,35529.0,35386.0,35394.0,2306,4
1691182800,35394.0,35394.0,35079.0,35106.0,5561,4
1691186400,35104.0,35138.0,35045.0,35090.0,4966,4
1691190000,35093.0,35108.0,35071.0,35071.0,1049,4
1691370000,35089.0,35148.0,35089.0,35138.0,722,4
1691373600,35139.0,35142.0,35117.0,35134.0,582,4
1691377200,35134.0,35170.0,35132.0,35169.0,824,4
1691380800,35169.0,35184.0,35152.0,35180.0,941,4
1691384400,35181.0,35199.0,35179.0,35194.0,650,4
1691388000,35195.0,35203.0,35187.0,35194.0,446,5
1691391600,35195.0,35195.0,35169.0,35177.0,445,5
1691395200,35177.0,35195.0,35162.0,35188.0,693,4
1691398800,35187.0,35203.0,35164.0,35175.0,1145,4
1691402400,35175.0,35244.0,35170.0,35242.0,1835,4
1691406000,35241.0,35241.0,35139.0,35165.0,1597,4
1691409600,35164.0,35188.0,35143.0,35176.0,1296,4
1691413200,35176.0,35186.0,35111.0,35138.0,1127,5
1691416800,35138.0,35159.0,35132.0,35151.0,1063,5
1691420400,35151.0,35213.0,35126.0,35211.0,1373,4
1691424000,35211.0,35381.0,35199.0,35342.0,4903,4
1691427600,35344.0,35431.0,35305.0,35409.0,4864,4
1691431200,35407.0,35463.0,35376.0,35449.0,4148,4
1691434800,35449.0,35459.0,35412.0,35455.0,2971,4
1691438400,35455.0,35505.0,35445.0,35504.0,2605,4
1691442000,35505.0,35527.0,35440.0,35489.0,2730,4
1691445600,35489.0,35517.0,35443.0,35499.0,3096,4
1691449200,35498.0,35516.0,35490.0,35504.0,723,5
1691456400,35507.0,35515.0,35497.0,35502.0,274,5
1691460000,35502.0,35511.0,35498.0,35508.0,246,5
1691463600,35508.0,35515.0,35495.0,35503.0,819,5
1691467200,35503.0,35503.0,35438.0,35442.0,1358,5
1691470800,35442.0,35474.0,35437.0,35466.0,903,5
1691474400,35466.0,35472.0,35435.0,35438.0,726,5
1691478000,35438.0,35453.0,35430.0,35447.0,446,5
1691481600,35447.0,35454.0,35404.0,35415.0,755,5
1691485200,35416.0,35419.0,35394.0,35410.0,1249,5
1691488800,35410.0,35440.0,35382.0,35438.0,2315,5
1691492400,35438.0,35444.0,35385.0,35418.0,1844,5
1691496000,35418.0,35422.0,35321.0,35350.0,2285,5
1691499600,35350.0,35356.0,35288.0,35301.0,1982,5
1691503200,35301.0,35304.0,35239.0,35281.0,2161,5
1691506800,35283.0,35283.0,35215.0,35253.0,1934,5
1691510400,35253.0,35295.0,35097.0,35130.0,5490,4
1691514000,35125.0,35157.0,35023.0,35076.0,6267,4
1691517600,35076.0,35155.0,35062.0,35139.0,4387,5
1691521200,35138.0,35206.0,35136.0,35197.0,3029,5
1691524800,35197.0,35260.0,35196.0,35236.0,3430,4
1691528400,35237.0,35327.0,35219.0,35309.0,3431,5
1691532000,35309.0,35370.0,35294.0,35334.0,3827,5
1691535600,35336.0,35337.0,35308.0,35325.0,671,5
1691542800,35312.0,35325.0,35305.0,35311.0,409,4
1691546400,35309.0,35320.0,35301.0,35304.0,381,5
1691550000,35304.0,35338.0,35299.0,35319.0,899,4
1691553600,35319.0,35344.0,35317.0,35324.0,954,4
1691557200,35324.0,35335.0,35316.0,35335.0,780,4
1691560800,35334.0,35336.0,35316.0,35321.0,480,5
1691564400,35321.0,35333.0,35316.0,35330.0,431,5
1691568000,35330.0,35356.0,35327.0,35340.0,543,5
1691571600,35339.0,35368.0,35334.0,35347.0,1090,5
1691575200,35347.0,35403.0,35325.0,35387.0,2335,5
1691578800,35387.0,35422.0,35365.0,35415.0,1473,4
1691582400,35415.0,35434.0,35390.0,35403.0,1223,5
1691586000,35403.0,35423.0,35376.0,35376.0,1075,5
1691589600,35375.0,35416.0,35351.0,35406.0,1258,5
1691593200,35406.0,35411.0,35342.0,35349.0,1721,4
1691596800,35349.0,35362.0,35284.0,35345.0,4841,4
1691600400,35345.0,35388.0,35284.0,35299.0,4978,4
1691604000,35299.0,35307.0,35071.0,35102.0,5199,4
1691607600,35099.0,35207.0,35093.0,35179.0,3944,5
1691611200,35177.0,35293.0,35165.0,35271.0,3168,5
1691614800,35270.0,35369.0,35262.0,35329.0,3171,5
1691618400,35329.0,35333.0,35116.0,35146.0,4841,5
1691622000,35147.0,35209.0,35147.0,35209.0,1077,5
1691629200,35206.0,35213.0,35189.0,35209.0,470,4
1691632800,35208.0,35227.0,35205.0,35217.0,462,4
1691636400,35217.0,35240.0,35213.0,35236.0,743,4
1691640000,35236.0,35239.0,35212.0,35225.0,826,5
1691643600,35225.0,35260.0,35222.0,35256.0,739,4
1691647200,35257.0,35277.0,35257.0,35269.0,528,4
1691650800,35269.0,35279.0,35260.0,35260.0,333,4
1691654400,35261.0,35272.0,35240.0,35272.0,711,4
1691658000,35270.0,35291.0,35246.0,35247.0,923,5
1691661600,35249.0,35356.0,35245.0,35323.0,2085,4
1691665200,35323.0,35337.0,35297.0,35317.0,1389,4
1691668800,35316.0,35335.0,35305.0,35312.0,1011,4
1691672400,35312.0,35322.0,35287.0,35304.0,984,4
1691676000,35304.0,35315.0,35285.0,35294.0,1034,4
1691679600,35294.0,35401.0,35194.0,35352.0,4392,4
1691683200,35351.0,35561.0,35288.0,35561.0,6278,4
1691686800,35560.0,35591.0,35354.0,35435.0,6768,4
1691690400,35435.0,35441.0,35249.0,35307.0,6918,4
1691694000,35307.0,35316.0,35157.0,35185.0,5544,4
1691697600,35187.0,35251.0,35114.0,35131.0,5733,4
1691701200,35131.0,35321.0,35125.0,35317.0,5874,5
1691704800,35317.0,35319.0,35112.0,35185.0,6342,4
1691708400,35185.0,35206.0,35164.0,35192.0,748,5
1691715600,35193.0,35222.0,35193.0,35215.0,411,5
1691719200,35215.0,35230.0,35208.0,35222.0,369,5
1691722800,35222.0,35248.0,35219.0,35241.0,601,5
1691726400,35240.0,35246.0,35218.0,35220.0,847,5
1691730000,35220.0,35226.0,35192.0,35203.0,811,5
1691733600,35203.0,35219.0,35179.0,35187.0,666,5
1691737200,35187.0,35188.0,35170.0,35179.0,459,5
1691740800,35179.0,35217.0,35170.0,35213.0,721,5
1691744400,35212.0,35227.0,35186.0,35216.0,1376,5
1691748000,35216.0,35258.0,35205.0,35215.0,1826,5
1691751600,35215.0,35219.0,35151.0,35194.0,1936,5
1691755200,35195.0,35224.0,35157.0,35175.0,1850,5
1691758800,35175.0,35227.0,35167.0,35185.0,1596,5
1691762400,35185.0,35218.0,35174.0,35184.0,1661,5
1691766000,35184.0,35209.0,35091.0,35099.0,3663,5
1691769600,35100.0,35170.0,35051.0,35157.0,5747,4
1691773200,35157.0,35366.0,35157.0,35269.0,7027,4
1691776800,35269.0,35285.0,35203.0,35284.0,5159,4
1691780400,35284.0,35312.0,35208.0,35226.0,4561,5
1691784000,35227.0,35278.0,35192.0,35229.0,4191,5
1691787600,35231.0,35325.0,35222.0,35314.0,4629,5
1691791200,35312.0,35326.0,35253.0,35297.0,4747,4
1691794800,35299.0,35324.0,35290.0,35305.0,823,4
1691974800,35327.0,35368.0,35320.0,35342.0,755,4
1691978400,35342.0,35356.0,35328.0,35341.0,603,4
1691982000,35341.0,35353.0,35302.0,35308.0,1282,4
1691985600,35308.0,35324.0,35267.0,35291.0,1796,4
1691989200,35291.0,35296.0,35228.0,35234.0,1379,4
1691992800,35234.0,35249.0,35190.0,35229.0,1184,4
1691996400,35229.0,35238.0,35208.0,35209.0,994,4
1692000000,35209.0,35253.0,35208.0,35242.0,1100,4
1692003600,35242.0,35271.0,35223.0,35268.0,1190,4
1692007200,35268.0,35394.0,35250.0,35371.0,2567,4
1692010800,35371.0,35408.0,35330.0,35346.0,2722,4
1692014400,35346.0,35376.0,35330.0,35358.0,1546,4
1692018000,35358.0,35401.0,35346.0,35381.0,1393,4
1692021600,35380.0,35399.0,35335.0,35360.0,1299,4
1692025200,35361.0,35362.0,35239.0,35281.0,2545,5
1692028800,35280.0,35340.0,35178.0,35232.0,5590,4
1692032400,35232.0,35345.0,35219.0,35311.0,6274,4
1692036000,35311.0,35354.0,35255.0,35303.0,4575,4
1692039600,35304.0,35333.0,35242.0,35298.0,4161,4
1692043200,35298.0,35318.0,35257.0,35276.0,3362,5
1692046800,35276.0,35280.0,35229.0,35249.0,4026,5
1692050400,35250.0,35329.0,35226.0,35326.0,3921,4
1692054000,35323.0,35331.0,35312.0,35314.0,704,4
1692061200,35305.0,35359.0,35297.0,35352.0,563,5
1692064800,35352.0,35355.0,35319.0,35324.0,491,5
1692068400,35324.0,35335.0,35315.0,35321.0,718,5
1692072000,35321.0,35371.0,35316.0,35353.0,1412,5
1692075600,35353.0,35353.0,35324.0,35330.0,964,5
1692079200,35330.0,35347.0,35328.0,35347.0,560,5
1692082800,35347.0,35353.0,35335.0,35339.0,405,5
1692086400,35339.0,35348.0,35316.0,35327.0,869,5
1692090000,35328.0,35349.0,35292.0,35293.0,1150,5
1692093600,35293.0,35327.0,35137.0,35140.0,3353,4
1692097200,35140.0,35195.0,35117.0,35185.0,2754,5
1692100800,35185.0,35185.0,35138.0,35145.0,1986,5
1692104400,35143.0,35188.0,35089.0,35120.0,2419,5
1692108000,35119.0,35123.0,35049.0,35065.0,1919,4
1692111600,35065.0,35088.0,35017.0,35046.0,3638,5
1692115200,35046.0,35202.0,35038.0,35109.0,5963,4
1692118800,35109.0,35118.0,34982.0,35002.0,7029,5
1692122400,35002.0,35087.0,35000.0,35069.0,4974,5
1692126000,35070.0,35082.0,34976.0,35004.0,4702,5
1692129600,35006.0,35060.0,34991.0,35016.0,4139,4
1692133200,35017.0,35062.0,35001.0,35039.0,3694,5
1692136800,35039.0,35050.0,34916.0,34966.0,5164,4
1692140400,34964.0,34984.0,34953.0,34963.0,904,5
1692147600,34965.0,34976.0,34955.0,34972.0,476,5
1692151200,34972.0,34987.0,34970.0,34981.0,351,5
1692154800,34981.0,34984.0,34917.0,34953.0,1248,5
1692158400,34952.0,34994.0,34940.0,34966.0,1405,5
1692162000,34966.0,34993.0,34952.0,34966.0,1251,5
1692165600,34966.0,34990.0,34965.0,34978.0,716,5
1692169200,34979.0,34980.0,34957.0,34967.0,483,5
1692172800,34967.0,34980.0,34952.0,34960.0,1157,5
1692176400,34960.0,34983.0,34927.0,34971.0,1995,4
1692180000,34971.0,35038.0,34969.0,35019.0,2743,5
1692183600,35019.0,35060.0,35019.0,35035.0,1598,5
1692187200,35035.0,35043.0,34966.0,34983.0,1458,5
1692190800,34984.0,34992.0,34955.0,34969.0,1587,5
1692194400,34969.0,34991.0,34942.0,34989.0,1389,5
1692198000,34989.0,34998.0,34906.0,34912.0,1773,5
1692201600,34912.0,35149.0,34897.0,35083.0,4944,4
1692205200,35082.0,35109.0,35029.0,35090.0,6035,5
1692208800,35090.0,35101.0,34975.0,34989.0,4638,5
1692212400,34988.0,35007.0,34916.0,34929.0,4037,5
1692216000,34929.0,34965.0,34850.0,34946.0,4078,4
1692219600,34946.0,35004.0,34860.0,34924.0,6354,4
1692223200,34924.0,34924.0,34766.0,34778.0,6229,5
1692226800,34777.0,34817.0,34763.0,34802.0,1382,5
1692234000,34790.0,34808.0,34783.0,34784.0,442,5
1692237600,34784.0,34795.0,34775.0,34784.0,375,5
1692241200,34784.0,34784.0,34739.0,34755.0,1166,4
1692244800,34755.0,34770.0,34722.0,34770.0,1536,5
1692248400,34770.0,34796.0,34760.0,34788.0,1114,5
1692252000,34788.0,34821.0,34784.0,34819.0,771,5
1692255600,34819.0,34828.0,34811.0,34813.0,517,5
1692259200,34813.0,34816.0,34759.0,34790.0,1195,5
1692262800,34791.0,34849.0,34784.0,34838.0,1425,5
1692266400,34837.0,34853.0,34793.0,34821.0,2350,5
1692270000,34821.0,34839.0,34799.0,34805.0,1773,5
1692273600,34804.0,34838.0,34783.0,34828.0,1411,5
1692277200,34828.0,34852.0,34812.0,34829.0,1453,5
1692280800,34829.0,34867.0,34801.0,34813.0,1493,5
1692284400,34813.0,34824.0,34745.0,34812.0,2436,5
1692288000,34812.0,34894.0,34786.0,34839.0,5123,4
1692291600,34839.0,34893.0,34803.0,34827.0,6674,4
1692295200,34828.0,34833.0,34695.0,34736.0,5572,4
1692298800,34736.0,34808.0,34688.0,34780.0,4752,5
1692302400,34781.0,34788.0,34654.0,34668.0,3744,5
1692306000,34669.0,34671.0,34529.0,34542.0,4500,5
1692309600,34540.0,34561.0,34442.0,34465.0,5988,5
1692313200,34467.0,34489.0,34454.0,34465.0,1143,5
1692320400,34461.0,34486.0,34423.0,34449.0,778,5
1692324000,34449.0,34487.0,34449.0,34468.0,477,5
1692327600,34466.0,34501.0,34445.0,34489.0,1233,5
1692331200,34489.0,34521.0,34483.0,34513.0,1230,5
1692334800,34513.0,34529.0,34501.0,34512.0,863,5
1692338400,34512.0,34515.0,34485.0,34500.0,942,5
1692342000,34500.0,34506.0,34489.0,34498.0,632,5
1692345600,34498.0,34500.0,34467.0,34492.0,1108,5
1692349200,34491.0,34525.0,34485.0,34506.0,1230,5
1692352800,34507.0,34512.0,34417.0,34442.0,2971,4
1692356400,34441.0,34480.0,34424.0,34458.0,2262,5
1692360000,34458.0,34465.0,34390.0,34424.0,2099,5
1692363600,34424.0,34451.0,34409.0,34421.0,1701,5
1692367200,34421.0,34429.0,34314.0,34325.0,2271,5
1692370800,34326.0,34348.0,34267.0,34305.0,2496,5
1692374400,34305.0,34450.0,34265.0,34399.0,6450,4
1692378000,34396.0,34458.0,34339.0,34457.0,7156,4
1692381600,34458.0,34541.0,34452.0,34537.0,5868,4
1692385200,34538.0,34552.0,34492.0,34508.0,4474,5
1692388800,34507.0,34524.0,34428.0,34487.0,4834,4
1692392400,34488.0,34522.0,34455.0,34468.0,4654,5
1692396000,34468.0,34593.0,34425.0,34516.0,5320,5
1692399600,34518.0,34549.0,34469.0,34471.0,1081,5
1692579600,34510.0,34534.0,34507.0,34512.0,444,5
1692583200,34512.0,34527.0,34495.0,34525.0,565,5
1692586800,34525.0,34553.0,34514.0,34543.0,914,5
1692590400,34543.0,34543.0,34483.0,34520.0,2009,5
1692594000,34520.0,34553.0,34515.0,34544.0,1125,5
1692597600,34545.0,34549.0,34520.0,34525.0,641,5
1692601200,34525.0,34529.0,34509.0,34513.0,442,5
1692604800,34513.0,34526.0,34486.0,34496.0,1033,4
1692608400,34496.0,34514.0,34474.0,34488.0,976,5
1692612000,34488.0,34601.0,34488.0,34600.0,2204,5
1692615600,34600.0,34603.0,34567.0,34601.0,1497,4
1692619200,34601.0,34653.0,34600.0,34646.0,1278,5
1692622800,34646.0,34658.0,34607.0,34613.0,1181,5
1692626400,34613.0,34648.0,34606.0,34639.0,1350,5
1692630000,34639.0,34656.0,34549.0,34557.0,1503,5
1692633600,34556.0,34584.0,34448.0,34525.0,5307,4
1692637200,34528.0,34529.0,34322.0,34360.0,6666,4
1692640800,34360.0,34376.0,34258.0,34285.0,5604,4
1692644400,34285.0,34405.0,34279.0,34398.0,4421,4
1692648000,34397.0,34450.0,34379.0,34417.0,4275,5
1692651600,34417.0,34498.0,34405.0,34480.0,4118,5
1692655200,34479.0,34555.0,34462.0,34480.0,4140,5
1692658800,34480.0,34481.0,34447.0,34454.0,799,5
1692666000,34459.0,34463.0,34437.0,34443.0,447,5
1692669600,34442.0,34465.0,34434.0,34439.0,408,5
1692673200,34439.0,34457.0,34420.0,34453.0,966,5
1692676800,34453.0,34467.0,34424.0,34446.0,1294,5
1692680400,34446.0,34467.0,34444.0,34452.0,953,5
1692684000,34452.0,34471.0,34449.0,34462.0,675,5
1692687600,34462.0,34464.0,34449.0,34452.0,352,5
1692691200,34452.0,34465.0,34435.0,34457.0,965,5
1692694800,34457.0,34494.0,34444.0,34484.0,1170,5
1692698400,34484.0,34546.0,34466.0,34535.0,2153,5
1692702000,34535.0,34545.0,34518.0,34542.0,1599,5
1692705600,34542.0,34569.0,34522.0,34554.0,1229,5
1692709200,34554.0,34570.0,34546.0,34555.0,990,5
1692712800,34555.0,34588.0,34537.0,34584.0,1167,5
1692716400,34585.0,34607.0,34520.0,34520.0,1484,5
1692720000,34520.0,34524.0,34422.0,34452.0,5344,4
1692723600,34451.0,34475.0,34330.0,34377.0,6319,4
1692727200,34379.0,34397.0,34329.0,34348.0,4728,5
1692730800,34345.0,34378.0,34288.0,34337.0,4131,5
1692734400,34336.0,34339.0,34263.0,34302.0,4407,5
1692738000,34302.0,34349.0,34278.0,34322.0,3638,4
1692741600,34322.0,34394.0,34268.0,34304.0,4308,5
1692745200,34305.0,34311.0,34295.0,34308.0,567,5
1692752400,34308.0,34330.0,34308.0,34326.0,401,5
1692756000,34326.0,34333.0,34315.0,34322.0,292,5
1692759600,34323.0,34361.0,34319.0,34357.0,699,5
1692763200,34357.0,34390.0,34353.0,34384.0,941,5
1692766800,34384.0,34399.0,34377.0,34387.0,781,5
1692770400,34387.0,34392.0,34373.0,34383.0,631,5
1692774000,34383.0,34387.0,34372.0,34385.0,437,5
1692777600,34385.0,34409.0,34377.0,34407.0,717,5
1692781200,34407.0,34409.0,34384.0,34387.0,952,5
1692784800,34387.0,34445.0,34379.0,34395.0,2177,4
1692788400,34395.0,34457.0,34393.0,34439.0,1560,5
1692792000,34440.0,34452.0,34407.0,34436.0,1031,5
1692795600,34437.0,34447.0,34342.0,34356.0,1344,5
1692799200,34359.0,34373.0,34336.0,34363.0,2037,5
1692802800,34363.0,34366.0,34301.0,34319.0,1822,5
1692806400,34318.0,34407.0,34313.0,34373.0,4450,4
1692810000,34373.0,34440.0,34346.0,34435.0,5341,4
1692813600,34435.0,34467.0,34407.0,34449.0,4262,5
1692817200,34449.0,34472.0,34429.0,34448.0,3183,5
1692820800,34448.0,34553.0,34444.0,34528.0,3018,5
1692824400,34527.0,34530.0,34442.0,34453.0,3397,5
1692828000,34453.0,34508.0,34431.0,34492.0,3787,5
1692831600,34490.0,34543.0,34463.0,34538.0,2535,4
1692838800,34529.0,34533.0,34477.0,34498.0,870,5
1692842400,34498.0,34500.0,34488.0,34496.0,478,5
1692846000,34496.0,34512.0,34487.0,34496.0,1050,5
1692849600,34495.0,34503.0,34476.0,34484.0,1083,5
1692853200,34485.0,34534.0,34483.0,34533.0,827,5
1692856800,34533.0,34549.0,34522.0,34525.0,695,4
1692860400,34524.0,34547.0,34519.0,34545.0,447,5
1692864000,34545.0,34558.0,34537.0,34545.0,862,5
1692867600,34545.0,34546.0,34514.0,34521.0,1129,5
1692871200,34521.0,34577.0,34464.0,34479.0,2754,5
1692874800,34479.0,34514.0,34470.0,34480.0,1718,4
1692878400,34480.0,34488.0,34409.0,34422.0,1742,5
1692882000,34422.0,34481.0,34415.0,34477.0,1297,5
1692885600,34476.0,34484.0,34439.0,34445.0,1360,5
1692889200,34445.0,34457.0,34411.0,34430.0,2355,5
1692892800,34430.0,34682.0,34416.0,34682.0,5300,4
1692896400,34684.0,34701.0,34387.0,34394.0,7510,4
1692900000,34395.0,34395.0,34265.0,34269.0,6170,4
1692903600,34269.0,34328.0,34262.0,34271.0,4994,5
1692907200,34273.0,34285.0,34203.0,34225.0,4580,5
1692910800,34225.0,34252.0,34171.0,34212.0,4538,5
1692914400,34213.0,34260.0,34092.0,34096.0,5201,5
1692918000,34097.0,34118.0,34064.0,34110.0,1914,5
1692925200,34116.0,34139.0,34115.0,34137.0,599,5
1692928800,34137.0,34141.0,34110.0,34128.0,669,5
1692932400,34128.0,34168.0,34125.0,34161.0,918,5
1692936000,34161.0,34169.0,34131.0,34156.0,1169,5
1692939600,34156.0,34161.0,34129.0,34141.0,949,5
1692943200,34141.0,34151.0,34136.0,34146.0,771,5
1692946800,34146.0,34153.0,34138.0,34138.0,474,5
1692950400,34138.0,34166.0,34126.0,34159.0,979,5
1692954000,34159.0,34171.0,34123.0,34137.0,1350,5
1692957600,34137.0,34195.0,34134.0,34169.0,1973,5
1692961200,34169.0,34194.0,34154.0,34176.0,1504,4
1692964800,34176.0,34192.0,34145.0,34156.0,1129,5
1692968400,34156.0,34218.0,34155.0,34208.0,1114,4
1692972000,34209.0,34223.0,34198.0,34213.0,1155,5
1692975600,34213.0,34277.0,34207.0,34263.0,1370,4
1692979200,34262.0,34336.0,34195.0,34248.0,4451,4
1692982800,34248.0,34363.0,34034.0,34047.0,10415,4
1692986400,34049.0,34297.0,34026.0,34177.0,7780,5
1692990000,34177.0,34315.0,34171.0,34270.0,6620,4
1692993600,34271.0,34313.0,34201.0,34293.0,5827,5
1692997200,34292.0,34435.0,34282.0,34413.0,5454,4
1693000800,34413.0,34446.0,34318.0,34347.0,5743,5
1693004400,34344.0,34362.0,34328.0,34329.0,735,5
1693184400,34391.0,34423.0,34391.0,34407.0,679,5
1693188000,34407.0,34419.0,34400.0,34417.0,416,5
1693191600,34417.0,34418.0,34385.0,34392.0,969,5
1693195200,34392.0,34423.0,34392.0,34417.0,1306,5
1693198800,34418.0,34423.0,34404.0,34420.0,870,5
1693202400,34420.0,34423.0,34392.0,34393.0,590,5
1693206000,34394.0,34408.0,34394.0,34405.0,379,5
1693209600,34405.0,34444.0,34396.0,34443.0,776,5
1693213200,34442.0,34458.0,34430.0,34446.0,690,5
1693216800,34446.0,34462.0,34411.0,34421.0,1248,5
1693220400,34421.0,34449.0,34414.0,34427.0,997,5
1693224000,34427.0,34444.0,34407.0,34436.0,822,5
1693227600,34436.0,34438.0,34405.0,34432.0,886,5
1693231200,34432.0,34457.0,34424.0,34456.0,885,5
1693234800,34456.0,34532.0,34451.0,34515.0,1545,5
1693238400,34515.0,34670.0,34499.0,34620.0,4856,4
1693242000,34620.0,34632.0,34543.0,34584.0,5585,4
1693245600,34583.0,34586.0,34508.0,34540.0,4738,5
1693249200,34538.0,34576.0,34492.0,34572.0,3689,5
1693252800,34572.0,34621.0,34468.0,34484.0,4088,4
1693256400,34482.0,34512.0,34451.0,34506.0,3689,5
1693260000,34507.0,34621.0,34489.0,34569.0,4085,4
1693263600,34570.0,34594.0,34564.0,34591.0,787,5
1693270800,34589.0,34608.0,34589.0,34604.0,367,5
1693274400,34604.0,34607.0,34586.0,34589.0,357,5
1693278000,34590.0,34597.0,34568.0,34594.0,730,5
1693281600,34594.0,34601.0,34566.0,34568.0,975,5
1693285200,34569.0,34587.0,34568.0,34587.0,629,5
1693288800,34587.0,34594.0,34580.0,34591.0,385,5
1693292400,34591.0,34599.0,34586.0,34588.0,265,5
1693296000,34588.0,34614.0,34587.0,34613.0,583,5
1693299600,34613.0,34628.0,34594.0,34602.0,894,5
1693303200,34605.0,34655.0,34556.0,34565.0,1951,5
1693306800,34565.0,34600.0,34553.0,34554.0,1716,5
1693310400,34555.0,34628.0,34549.0,34622.0,1590,5
1693314000,34622.0,34627.0,34564.0,34564.0,1241,5
1693317600,34565.0,34588.0,34536.0,34545.0,1451,5
1693321200,34545.0,34571.0,34509.0,34546.0,1689,5
1693324800,34546.0,34668.0,34523.0,34633.0,4430,4
1693328400,34633.0,34749.0,34618.0,34653.0,6535,4
1693332000,34653.0,34787.0,34642.0,34766.0,3478,5
1693335600,34766.0,34824.0,34757.0,34789.0,2796,5
1693339200,34790.0,34841.0,34774.0,34804.0,2660,5
1693342800,34804.0,34841.0,34784.0,34805.0,1943,5
1693346400,34805.0,34879.0,34780.0,34871.0,3315,5
1693350000,34870.0,34892.0,34863.0,34884.0,694,5
1693357200,34852.0,34874.0,34844.0,34859.0,409,5
1693360800,34859.0,34865.0,34849.0,34852.0,360,5
1693364400,34852.0,34870.0,34848.0,34861.0,605,5
1693368000,34861.0,34884.0,34855.0,34879.0,889,5
1693371600,34879.0,34898.0,34877.0,34877.0,696,5
1693375200,34877.0,34888.0,34877.0,34886.0,383,5
1693378800,34886.0,34893.0,34877.0,34878.0,368,5
1693382400,34878.0,34888.0,34851.0,34863.0,737,5
1693386000,34864.0,34864.0,34829.0,34839.0,987,5
1693389600,34840.0,34871.0,34802.0,34867.0,2283,5
1693393200,34867.0,34870.0,34819.0,34830.0,1703,5
1693396800,34830.0,34840.0,34810.0,34818.0,1361,5
1693400400,34818.0,34864.0,34817.0,34854.0,1100,5
1693404000,34853.0,34856.0,34822.0,34823.0,1270,5
1693407600,34823.0,34898.0,34816.0,34885.0,2936,5
1693411200,34881.0,35040.0,34867.0,35035.0,4766,5
1693414800,35035.0,35042.0,34819.0,34899.0,5879,5
1693418400,34899.0,34935.0,34857.0,34923.0,4234,5
1693422000,34923.0,34947.0,34892.0,34939.0,3499,5
1693425600,34938.0,34946.0,34861.0,34887.0,3162,5
1693429200,34887.0,34910.0,34844.0,34903.0,3637,4
1693432800,34903.0,34927.0,34884.0,34909.0,3568,5
1693436400,34907.0,34990.0,34902.0,34979.0,1034,5
1693443600,34974.0,34975.0,34958.0,34960.0,265,5
1693447200,34960.0,34962.0,34947.0,34952.0,230,5
1693450800,34952.0,34974.0,34952.0,34959.0,501,5
1693454400,34959.0,34978.0,34958.0,34971.0,753,5
1693458000,34971.0,34993.0,34967.0,34968.0,569,5
1693461600,34968.0,34979.0,34960.0,34973.0,557,5
1693465200,34973.0,34985.0,34969.0,34974.0,444,5
1693468800,34974.0,34987.0,34962.0,34978.0,626,5
1693472400,34978.0,34984.0,34962.0,34974.0,827,5
1693476000,34974.0,35030.0,34969.0,35025.0,1780,5
1693479600,35025.0,35033.0,35007.0,35030.0,1253,5
1693483200,35030.0,35041.0,34985.0,35004.0,1513,5
1693486800,35004.0,35030.0,35003.0,35016.0,1076,5
1693490400,35016.0,35075.0,34996.0,35066.0,1668,4
1693494000,35066.0,35113.0,35051.0,35068.0,2441,4
1693497600,35068.0,35073.0,34956.0,35010.0,4788,4
1693501200,35011.0,35015.0,34958.0,34983.0,4969,5
1693504800,34983.0,34986.0,34890.0,34920.0,4104,4
1693508400,34920.0,34927.0,34804.0,34834.0,4074,5
1693512000,34833.0,34883.0,34815.0,34841.0,2987,4
1693515600,34840.0,34873.0,34745.0,34751.0,3312,5
1693519200,34751.0,34793.0,34722.0,34722.0,3909,4
1693522800,34725.0,34758.0,34719.0,34754.0,956,5
1693530000,34755.0,34767.0,34747.0,34763.0,395,5
1693533600,34763.0,34777.0,34761.0,34772.0,321,5
1693537200,34772.0,34790.0,34769.0,34782.0,744,5
1693540800,34782.0,34789.0,34770.0,34784.0,631,5
1693544400,34784.0,34791.0,34776.0,34779.0,464,4
1693548000,34779.0,34789.0,34778.0,34789.0,373,5
1693551600,34789.0,34803.0,34789.0,34801.0,236,5
1693555200,34801.0,34801.0,34783.0,34786.0,387,5
1693558800,34786.0,34792.0,34759.0,34792.0,894,5
1693562400,34788.0,34838.0,34778.0,34834.0,1841,5
1693566000,34834.0,34842.0,34820.0,34834.0,1368,5
1693569600,34834.0,34872.0,34832.0,34859.0,1057,5
1693573200,34859.0,34883.0,34838.0,34868.0,1161,5
1693576800,34868.0,34885.0,34860.0,34868.0,1168,5
1693580400,34868.0,34931.0,34838.0,34901.0,3571,5
1693584000,34902.0,34978.0,34841.0,34929.0,6386,4
1693587600,34927.0,34957.0,34808.0,34829.0,7432,4
1693591200,34830.0,34846.0,34713.0,34732.0,5032,4
1693594800,34731.0,34797.0,34718.0,34778.0,3466,5
1693598400,34778.0,34798.0,34761.0,34790.0,2945,5
1693602000,34790.0,34801.0,34751.0,34797.0,3100,5
1693605600,34797.0,34853.0,34787.0,34838.0,3482,5
1693609200,34840.0,34843.0,34810.0,34810.0,512,5
1693789200,34848.0,34856.0,34815.0,34823.0,331,5
1693792800,34823.0,34838.0,34817.0,34836.0,296,5
1693796400,34835.0,34858.0,34835.0,34855.0,750,5
1693800000,34855.0,34861.0,34835.0,34841.0,864,5
1693803600,34841.0,34856.0,34832.0,34855.0,664,5
1693807200,34855.0,34860.0,34846.0,34849.0,363,5
1693810800,34849.0,34849.0,34845.0,34848.0,178,5
1693814400,34848.0,34867.0,34843.0,34865.0,446,5
1693818000,34865.0,34876.0,34851.0,34871.0,697,4
1693821600,34871.0,34920.0,34866.0,34906.0,1524,5
1693825200,34907.0,34929.0,34902.0,34922.0,1028,5
1693828800,34922.0,34922.0,34900.0,34906.0,747,5
1693832400,34906.0,34923.0,34894.0,34906.0,590,5
1693836000,34906.0,34909.0,34890.0,34897.0,613,5
1693839600,34897.0,34937.0,34884.0,34892.0,925,5
1693843200,34892.0,34894.0,34852.0,34855.0,1393,4
1693846800,34856.0,34856.0,34758.0,34762.0,1467,4
1693850400,34762.0,34798.0,34759.0,34793.0,890,4
1693854000,34793.0,34803.0,34782.0,34795.0,501,5
1693875600,34801.0,34824.0,34801.0,34815.0,341,5
1693879200,34815.0,34829.0,34813.0,34823.0,260,5
1693882800,34823.0,34830.0,34786.0,34788.0,783,5
1693886400,34788.0,34815.0,34786.0,34797.0,733,5
1693890000,34797.0,34803.0,34784.0,34796.0,623,5
1693893600,34796.0,34799.0,34785.0,34791.0,473,5
1693897200,34791.0,34807.0,34788.0,34806.0,362,5
1693900800,34806.0,34812.0,34786.0,34793.0,577,5
1693904400,34793.0,34799.0,34759.0,34780.0,931,5
1693908000,34780.0,34781.0,34732.0,34745.0,2579,4
1693911600,34745.0,34815.0,34729.0,34807.0,1996,5
1693915200,34809.0,34849.0,34803.0,34832.0,1406,5
1693918800,34832.0,34861.0,34823.0,34843.0,1139,5
1693922400,34844.0,34856.0,34818.0,34846.0,1256,5
1693926000,34846.0,34889.0,34800.0,34886.0,2111,5
1693929600,34887.0,34892.0,34759.0,34787.0,5077,4
1693933200,34787.0,34815.0,34741.0,34786.0,5811,4
1693936800,34788.0,34828.0,34778.0,34799.0,4395,4
1693940400,34800.0,34816.0,34754.0,34761.0,3096,4
1693944000,34761.0,34763.0,34691.0,34741.0,2921,5
1693947600,34741.0,34766.0,34714.0,34764.0,2567,5
1693951200,34764.0,34764.0,34646.0,34655.0,3398,4
1693954800,34654.0,34673.0,34652.0,34665.0,888,5
1693962000,34664.0,34677.0,34663.0,34674.0,289,5
1693965600,34674.0,34680.0,34665.0,34677.0,293,5
1693969200,34677.0,34687.0,34667.0,34679.0,543,5
1693972800,34679.0,34685.0,34645.0,34647.0,738,5
1693976400,34647.0,34678.0,34646.0,34663.0,638,5
1693980000,34663.0,34663.0,34640.0,34646.0,493,5
1693983600,34646.0,34663.0,34643.0,34649.0,341,5
1693987200,34649.0,34664.0,34631.0,34663.0,795,5
1693990800,34663.0,34665.0,34635.0,34646.0,961,5
1693994400,34646.0,34647.0,34580.0,34592.0,2194,4
1693998000,34591.0,34628.0,34588.0,34614.0,1599,5
1694001600,34615.0,34627.0,34594.0,34615.0,1323,5
1694005200,34616.0,34633.0,34594.0,34601.0,1148,5
1694008800,34601.0,34605.0,34573.0,34596.0,1324,5
1694012400,34596.0,34596.0,34550.0,34592.0,1687,5
1694016000,34592.0,34616.0,34509.0,34554.0,4452,4
1694019600,34554.0,34599.0,34457.0,34471.0,6869,4
1694023200,34472.0,34485.0,34420.0,34437.0,4453,4
1694026800,34436.0,34443.0,34318.0,34330.0,3931,4
1694030400,34330.0,34425.0,34299.0,34409.0,3766,5
1694034000,34409.0,34481.0,34406.0,34469.0,3246,5
1694037600,34468.0,34481.0,34428.0,34455.0,4014,5
1694041200,34454.0,34460.0,34425.0,34446.0,782,4
1694048400,34447.0,34450.0,34425.0,34433.0,368,5
1694052000,34433.0,34450.0,34433.0,34449.0,344,5
1694055600,34449.0,34459.0,34434.0,34438.0,582,4
1694059200,34438.0,34455.0,34434.0,34446.0,858,5
1694062800,34446.0,34450.0,34435.0,34438.0,579,5
1694066400,34438.0,34448.0,34433.0,34442.0,379,5
1694070000,34442.0,34444.0,34394.0,34405.0,499,5
1694073600,34405.0,34412.0,34395.0,34406.0,732,5
1694077200,34407.0,34411.0,34365.0,34377.0,1379,5
1694080800,34379.0,34427.0,34355.0,34422.0,2438,5
1694084400,34422.0,34462.0,34413.0,34455.0,1764,5
1694088000,34455.0,34505.0,34455.0,34479.0,1315,5
1694091600,34479.0,34493.0,34451.0,34458.0,1077,5
1694095200,34458.0,34469.0,34412.0,34417.0,1211,5
1694098800,34416.0,34427.0,34344.0,34359.0,2137,4
1694102400,34359.0,34531.0,34352.0,34453.0,4944,4
1694106000,34453.0,34502.0,34371.0,34467.0,5482,4
1694109600,34467.0,34528.0,34454.0,34486.0,4414,5
1694113200,34486.0,34562.0,34483.0,34498.0,3515,5
1694116800,34498.0,34549.0,34485.0,34526.0,3229,5
1694120400,34526.0,34538.0,34454.0,34501.0,3219,5
1694124000,34501.0,34549.0,34459.0,34504.0,3396,5
1694127600,34506.0,34531.0,34482.0,34520.0,641,5
1694134800,34516.0,34522.0,34511.0,34518.0,247,5
1694138400,34518.0,34525.0,34501.0,34520.0,324,5
1694142000,34520.0,34527.0,34487.0,34508.0,708,5
1694145600,34508.0,34520.0,34489.0,34517.0,594,5
1694149200,34517.0,34533.0,34515.0,34527.0,356,5
1694152800,34527.0,34533.0,34521.0,34528.0,302,5
1694156400,34528.0,34528.0,34504.0,34508.0,376,5
1694160000,34508.0,34553.0,34507.0,34551.0,545,4
1694163600,34551.0,34582.0,34544.0,34580.0,904,4
1694167200,34580.0,34599.0,34523.0,34553.0,2034,5
1694170800,34553.0,34571.0,34448.0,34450.0,2437,4
1694174400,34450.0,34458.0,34417.0,34433.0,2221,5
1694178000,34431.0,34478.0,34425.0,34471.0,1746,4
1694181600,34471.0,34478.0,34432.0,34463.0,1474,4
1694185200,34463.0,34522.0,34458.0,34484.0,1612,4
1694188800,34484.0,34536.0,34476.0,34526.0,4003,4
1694192400,34525.0,34630.0,34519.0,34598.0,4483,4
1694196000,34596.0,34640.0,34570.0,34578.0,3150,4
1694199600,34578.0,34631.0,34562.0,34600.0,3178,4
1694203200,34600.0,34628.0,34574.0,34602.0,2760,4
1694206800,34602.0,34621.0,34543.0,34546.0,3424,4
1694210400,34546.0,34606.0,34512.0,34596.0,3263,4
1694214000,34598.0,34623.0,34584.0,34595.0,846,5
1694394000,34619.0,34629.0,34594.0,34613.0,412,4
1694397600,34613.0,34626.0,34603.0,34625.0,411,5
1694401200,34625.0,34637.0,34598.0,34601.0,832,5
1694404800,34601.0,34616.0,34585.0,34614.0,1070,5
1694408400,34614.0,34624.0,34600.0,34620.0,634,5
1694412000,34620.0,34623.0,34607.0,34610.0,467,5
1694415600,34610.0,34646.0,34609.0,34645.0,407,5
1694419200,34645.0,34678.0,34641.0,34677.0,864,5
1694422800,34677.0,34688.0,34665.0,34682.0,862,4
1694426400,34681.0,34741.0,34681.0,34729.0,2021,4
1694430000,34729.0,34729.0,34652.0,34661.0,1385,5
1694433600,34660.0,34700.0,34660.0,34696.0,1124,5
1694437200,34695.0,34703.0,34666.0,34702.0,1011,4
1694440800,34702.0,34706.0,34645.0,34649.0,1395,5
1694444400,34648.0,34699.0,34632.0,34694.0,1236,5
1694448000,34694.0,34823.0,34690.0,34694.0,4139,4
1694451600,34694.0,34752.0,34637.0,34660.0,4869,4
1694455200,34659.0,34666.0,34605.0,34621.0,3911,4
1694458800,34622.0,34699.0,34616.0,34695.0,3044,4
1694462400,34695.0,34729.0,34677.0,34705.0,2331,4
1694466000,34705.0,34725.0,34690.0,34711.0,1987,5
1694469600,34711.0,34713.0,34663.0,34698.0,2400,5
1694473200,34696.0,34703.0,34685.0,34686.0,707,5
1694480400,34684.0,34699.0,34678.0,34683.0,311,5
1694484000,34683.0,34695.0,34679.0,34686.0,305,5
1694487600,34686.0,34688.0,34662.0,34667.0,768,5
1694491200,34666.0,34681.0,34649.0,34661.0,928,5
1694494800,34661.0,34683.0,34656.0,34683.0,637,5
1694498400,34683.0,34693.0,34675.0,34690.0,418,5
1694502000,34690.0,34696.0,34673.0,34676.0,359,5
1694505600,34676.0,34684.0,34666.0,34676.0,573,5
1694509200,34676.0,34693.0,34671.0,34679.0,776,5
1694512800,34679.0,34692.0,34627.0,34638.0,2480,5
1694516400,34638.0,34675.0,34620.0,34641.0,1480,5
1694520000,34641.0,34657.0,34620.0,34646.0,1167,5
1694523600,34646.0,34665.0,34635.0,34657.0,1099,5
1694527200,34657.0,34660.0,34618.0,34628.0,1433,5
1694530800,34628.0,34685.0,34624.0,34641.0,1486,5
1694534400,34641.0,34678.0,34568.0,34635.0,4028,5
1694538000,34635.0,34645.0,34593.0,34627.0,4596,5
1694541600,34626.0,34756.0,34625.0,34751.0,3141,4
1694545200,34751.0,34795.0,34751.0,34782.0,2311,5
1694548800,34782.0,34890.0,34772.0,34774.0,3225,5
1694552400,34774.0,34777.0,34682.0,34690.0,3764,5
1694556000,34689.0,34690.0,34627.0,34677.0,3544,5
1694559600,34676.0,34703.0,34674.0,34682.0,721,5
1694566800,34686.0,34686.0,34672.0,34681.0,264,5
1694570400,34681.0,34689.0,34675.0,34686.0,250,5
1694574000,34686.0,34693.0,34679.0,34683.0,581,5
1694577600,34683.0,34694.0,34646.0,34654.0,887,5
1694581200,34654.0,34666.0,34625.0,34636.0,696,5
1694584800,34636.0,34639.0,34618.0,34620.0,476,5
1694588400,34620.0,34656.0,34615.0,34655.0,462,5
1694592000,34655.0,34660.0,34623.0,34639.0,767,5
1694595600,34638.0,34669.0,34624.0,34669.0,1096,5
1694599200,34669.0,34722.0,34651.0,34687.0,2609,5
1694602800,34686.0,34695.0,34634.0,34639.0,1996,5
1694606400,34638.0,34669.0,34633.0,34664.0,1554,5
1694610000,34663.0,34667.0,34618.0,34650.0,1391,5
1694613600,34649.0,34676.0,34615.0,34668.0,1429,5
1694617200,34670.0,34723.0,34586.0,34698.0,4582,4
1694620800,34698.0,34809.0,34646.0,34756.0,5843,4
1694624400,34759.0,34772.0,34622.0,34760.0,5896,4
1694628000,34760.0,34769.0,34700.0,34733.0,4112,4
1694631600,34734.0,34758.0,34688.0,34719.0,3571,5
1694635200,34719.0,34737.0,34692.0,34698.0,3136,5
1694638800,34698.0,34709.0,34552.0,34601.0,3525,5
1694642400,34601.0,34637.0,34534.0,34616.0,4507,4
1694646000,34614.0,34634.0,34604.0,34626.0,817,5
1694653200,34620.0,34621.0,34603.0,34609.0,300,5
1694656800,34609.0,34630.0,34607.0,34628.0,363,5
1694660400,34628.0,34660.0,34622.0,34658.0,653,5
1694664000,34658.0,34667.0,34638.0,34650.0,868,5
1694667600,34650.0,34663.0,34636.0,34662.0,565,5
1694671200,34662.0,34680.0,34659.0,34679.0,518,5
1694674800,34679.0,34684.0,34662.0,34666.0,394,5
1694678400,34666.0,34693.0,34662.0,34678.0,812,5
1694682000,34678.0,34685.0,34651.0,34663.0,1096,5
1694685600,34661.0,34666.0,34630.0,34641.0,2291,4
1694689200,34641.0,34658.0,34613.0,34646.0,2022,5
1694692800,34646.0,34694.0,34631.0,34693.0,1586,5
1694696400,34692.0,34720.0,34677.0,34712.0,1671,5
1694700000,34711.0,34721.0,34679.0,34682.0,1450,5
1694703600,34682.0,34767.0,34662.0,34761.0,4202,5
1694707200,34758.0,34853.0,34716.0,34828.0,6232,4
1694710800,34831.0,34854.0,34712.0,34842.0,5523,5
1694714400,34844.0,34870.0,34819.0,34864.0,3630,5
1694718000,34864.0,34971.0,34860.0,34954.0,3171,5
1694721600,34954.0,34969.0,34928.0,34931.0,2553,5
1694725200,34931.0,34988.0,34923.0,34981.0,2411,4
1694728800,34981.0,35014.0,34936.0,34953.0,3022,4
1694732400,34952.0,35002.0,34943.0,34977.0,915,5
1694739600,34977.0,34985.0,34974.0,34980.0,429,5
1694743200,34980.0,34989.0,34975.0,34978.0,338,5
1694746800,34978.0,35004.0,34977.0,34996.0,703,5
1694750400,34996.0,35009.0,34980.0,35009.0,747,5
1694754000,35009.0,35027.0,35008.0,35019.0,770,5
1694757600,35019.0,35038.0,35018.0,35032.0,463,5
1694761200,35032.0,35039.0,35028.0,35032.0,363,5
1694764800,35032.0,35041.0,35025.0,35034.0,894,5
1694768400,35034.0,35038.0,35010.0,35025.0,1090,5
1694772000,35027.0,35041.0,34997.0,35018.0,2739,5
1694775600,35018.0,35034.0,35004.0,35020.0,1677,5
1694779200,35020.0,35050.0,35019.0,35041.0,1346,5
1694782800,35041.0,35053.0,35031.0,35052.0,1006,5
1694786400,35052.0,35052.0,35015.0,35019.0,1118,5
1694790000,35019.0,35038.0,34923.0,34925.0,1759,5
1694793600,34925.0,34942.0,34792.0,34854.0,4634,5
1694797200,34873.0,34909.0,34726.0,34730.0,5993,5
1694800800,34731.0,34779.0,34684.0,34738.0,4442,5
1694804400,34739.0,34759.0,34717.0,34739.0,3180,5
1694808000,34738.0,34738.0,34581.0,34672.0,3841,5
1694811600,34672.0,34693.0,34627.0,34691.0,3402,5
1694815200,34691.0,34691.0,34600.0,34629.0,4040,5
1694818800,34626.0,34653.0,34615.0,34637.0,1136,5
1694998800,34648.0,34674.0,34641.0,34671.0,470,5
1695002400,34671.0,34690.0,34665.0,34687.0,338,5
1695006000,34687.0,34699.0,34676.0,34689.0,590,5
1695009600,34689.0,34694.0,34670.0,34677.0,895,5
1695013200,34676.0,34687.0,34672.0,34681.0,687,5
1695016800,34681.0,34696.0,34676.0,34694.0,409,5
1695020400,34694.0,34703.0,34691.0,34694.0,283,5
1695024000,34694.0,34700.0,34681.0,34685.0,513,5
1695027600,34685.0,34698.0,34663.0,34670.0,957,4
1695031200,34669.0,34696.0,34651.0,34687.0,2095,5
1695034800,34688.0,34696.0,34666.0,34667.0,1364,4
1695038400,34668.0,34681.0,34642.0,34664.0,1239,4
1695042000,34664.0,34679.0,34645.0,34671.0,1255,5
1695045600,34671.0,34676.0,34590.0,34610.0,1511,4
1695049200,34608.0,34653.0,34600.0,34643.0,1692,4
1695052800,34644.0,34703.0,34576.0,34602.0,4673,4
1695056400,34602.0,34669.0,34559.0,34646.0,5155,4
1695060000,34646.0,34740.0,34617.0,34729.0,3333,4
1695063600,34729.0,34751.0,34708.0,34731.0,2569,4
1695067200,34731.0,34746.0,34701.0,34703.0,2477,4
1695070800,34703.0,34717.0,34634.0,34660.0,2525,4
1695074400,34659.0,34670.0,34621.0,34644.0,3071,5
1695078000,34650.0,34663.0,34638.0,34653.0,618,4
1695085200,34661.0,34672.0,34658.0,34664.0,369,5
1695088800,34664.0,34669.0,34661.0,34664.0,292,5
1695092400,34673.0,34674.0,34655.0,34661.0,504,5
1695096000,34661.0,34665.0,34641.0,34643.0,768,5
1695099600,34643.0,34655.0,34641.0,34651.0,565,5
1695103200,34652.0,34659.0,34650.0,34651.0,418,5
1695106800,34651.0,34655.0,34637.0,34640.0,287,5
1695110400,34640.0,34641.0,34626.0,34636.0,492,5
1695114000,34636.0,34640.0,34621.0,34634.0,738,5
1695117600,34634.0,34692.0,34626.0,34682.0,1560,5
1695121200,34682.0,34694.0,34669.0,34677.0,1203,5
1695124800,34677.0,34704.0,34670.0,34695.0,869,5
1695128400,34695.0,34706.0,34685.0,34686.0,839,5
1695132000,34686.0,34688.0,34660.0,34676.0,872,5
1695135600,34676.0,34684.0,34607.0,34607.0,1482,5
1695139200,34605.0,34615.0,34546.0,34562.0,4319,4
1695142800,34562.0,34564.0,34397.0,34399.0,4644,4
1695146400,34398.0,34417.0,34362.0,34384.0,3645,4
1695150000,34384.0,34387.0,34325.0,34365.0,3224,4
1695153600,34364.0,34483.0,34358.0,34469.0,3068,4
1695157200,34469.0,34557.0,34460.0,34492.0,3573,4
1695160800,34489.0,34573.0,34472.0,34541.0,3346,4
1695164400,34544.0,34556.0,34526.0,34531.0,697,4
1695171600,34533.0,34549.0,34531.0,34540.0,311,5
1695175200,34540.0,34549.0,34533.0,34544.0,312,5
1695178800,34544.0,34545.0,34520.0,34525.0,763,5
1695182400,34525.0,34538.0,34514.0,34522.0,898,5
1695186000,34522.0,34527.0,34505.0,34509.0,570,5
1695189600,34508.0,34514.0,34495.0,34499.0,485,5
1695193200,34498.0,34508.0,34497.0,34504.0,305,5
1695196800,34504.0,34525.0,34499.0,34514.0,665,4
1695200400,34514.0,34560.0,34513.0,34537.0,1077,4
1695204000,34537.0,34561.0,34528.0,34547.0,1869,5
1695207600,34547.0,34588.0,34541.0,34585.0,1283,5
1695211200,34585.0,34613.0,34572.0,34609.0,1014,5
1695214800,34609.0,34619.0,34594.0,34617.0,949,5
1695218400,34617.0,34637.0,34609.0,34629.0,985,4
1695222000,34628.0,34659.0,34616.0,34650.0,1103,4
1695225600,34651.0,34691.0,34595.0,34676.0,3753,4
1695229200,34676.0,34715.0,34651.0,34699.0,4386,4
1695232800,34700.0,34750.0,34696.0,34749.0,3219,4
1695236400,34748.0,34773.0,34728.0,34769.0,2401,4
1695240000,34769.0,34800.0,34712.0,34743.0,2514,4
1695243600,34744.0,34767.0,34598.0,34646.0,8368,4
1695247200,34645.0,34675.0,34445.0,34457.0,6280,4
1695250800,34460.0,34469.0,34439.0,34451.0,1229,4
1695258000,34463.0,34472.0,34428.0,34444.0,727,5
1695261600,34444.0,34452.0,34429.0,34437.0,625,5
1695265200,34437.0,34461.0,34417.0,34419.0,1310,5
1695268800,34419.0,34424.0,34400.0,34402.0,1230,4
1695272400,34402.0,34410.0,34368.0,34377.0,1022,5
1695276000,34377.0,34404.0,34372.0,34402.0,581,5
1695279600,34403.0,34404.0,34387.0,34395.0,511,5
1695283200,34395.0,34400.0,34370.0,34388.0,704,5
1695286800,34388.0,34424.0,34378.0,34413.0,1188,4
1695290400,34415.0,34422.0,34361.0,34413.0,2487,5
1695294000,34412.0,34425.0,34358.0,34367.0,1791,5
1695297600,34367.0,34382.0,34335.0,34337.0,1368,4
1695301200,34338.0,34340.0,34282.0,34299.0,1496,4
1695304800,34299.0,34310.0,34255.0,34269.0,2368,4
1695308400,34270.0,34283.0,34213.0,34283.0,2702,4
1695312000,34284.0,34348.0,34185.0,34244.0,5403,4
1695315600,34245.0,34379.0,34237.0,34263.0,5963,4
1695319200,34262.0,34315.0,34227.0,34269.0,4763,4
1695322800,34270.0,34273.0,34217.0,34219.0,3673,4
1695326400,34218.0,34318.0,34205.0,34286.0,3461,4
1695330000,34287.0,34290.0,34200.0,34213.0,3660,4
1695333600,34213.0,34229.0,34055.0,34067.0,5297,4
1695337200,34071.0,34085.0,34027.0,34051.0,1383,4
1695344400,34068.0,34090.0,34065.0,34081.0,565,5
1695348000,34081.0,34084.0,34054.0,34061.0,604,4
1695351600,34061.0,34080.0,34039.0,34075.0,1422,4
1695355200,34075.0,34098.0,34057.0,34086.0,1458,4
1695358800,34086.0,34103.0,34085.0,34095.0,1347,4
1695362400,34095.0,34139.0,34092.0,34133.0,972,4
1695366000,34132.0,34146.0,34127.0,34135.0,543,4
1695369600,34135.0,34147.0,34125.0,34136.0,921,4
1695373200,34136.0,34148.0,34116.0,34116.0,1150,4
1695376800,34115.0,34142.0,34076.0,34087.0,3300,4
1695380400,34087.0,34094.0,34047.0,34077.0,2379,4
1695384000,34078.0,34113.0,34059.0,34106.0,1437,4
1695387600,34106.0,34120.0,34078.0,34097.0,1293,4
1695391200,34097.0,34109.0,34078.0,34104.0,1437,4
1695394800,34104.0,34139.0,34100.0,34109.0,1681,4
1695398400,34109.0,34117.0,34000.0,34072.0,4541,4
1695402000,34072.0,34147.0,34056.0,34131.0,5209,4
1695405600,34131.0,34154.0,34069.0,34090.0,4103,4
1695409200,34089.0,34147.0,34074.0,34115.0,3122,4
1695412800,34115.0,34133.0,33987.0,34033.0,3920,4
1695416400,34032.0,34052.0,33975.0,34012.0,4003,4
1695420000,34012.0,34151.0,33944.0,33965.0,5256,4
1695423600,33968.0,34005.0,33968.0,33983.0,1090,5
1695603600,34017.0,34041.0,34016.0,34025.0,560,4
1695607200,34025.0,34030.0,34017.0,34024.0,426,5
1695610800,34024.0,34028.0,33983.0,34012.0,957,4
1695614400,34012.0,34047.0,34011.0,34026.0,997,4
1695618000,34025.0,34058.0,34023.0,34054.0,842,5
1695621600,34054.0,34067.0,34052.0,34057.0,517,5
1695625200,34057.0,34065.0,34045.0,34056.0,404,4
1695628800,34056.0,34065.0,34040.0,34043.0,661,4
1695632400,34042.0,34066.0,34038.0,34049.0,911,5
1695636000,34049.0,34110.0,34045.0,34095.0,1928,4
1695639600,34095.0,34097.0,33900.0,33930.0,2779,4
1695643200,33929.0,33982.0,33920.0,33979.0,1971,4
1695646800,33979.0,33991.0,33939.0,33963.0,1824,4
1695650400,33963.0,33985.0,33901.0,33911.0,2040,5
1695654000,33911.0,33932.0,33881.0,33899.0,2474,4
1695657600,33899.0,33935.0,33842.0,33932.0,5222,4
1695661200,33932.0,33941.0,33805.0,33806.0,5657,4
1695664800,33806.0,33984.0,33792.0,33964.0,4859,4
1695668400,33964.0,34008.0,33930.0,33957.0,3343,5
1695672000,33957.0,34006.0,33913.0,33984.0,3822,4
1695675600,33984.0,34000.0,33932.0,33934.0,3814,4
1695679200,33935.0,34035.0,33881.0,34029.0,4872,4
1695682800,34028.0,34051.0,34021.0,34045.0,988,5
1695690000,34040.0,34045.0,34026.0,34027.0,296,5
1695693600,34027.0,34029.0,34013.0,34013.0,291,5
1695697200,34014.0,34015.0,33930.0,33940.0,1095,5
1695700800,33940.0,33951.0,33904.0,33912.0,1358,5
1695704400,33912.0,33919.0,33893.0,33901.0,902,5
1695708000,33901.0,33931.0,33899.0,33929.0,596,5
1695711600,33929.0,33940.0,33924.0,33936.0,484,5
1695715200,33936.0,33943.0,33909.0,33919.0,775,5
1695718800,33919.0,33924.0,33860.0,33863.0,1307,5
1695722400,33863.0,33872.0,33796.0,33859.0,3251,5
1695726000,33859.0,33932.0,33859.0,33902.0,2836,4
1695729600,33902.0,33914.0,33864.0,33869.0,2162,5
1695733200,33871.0,33917.0,33866.0,33914.0,1856,5
1695736800,33914.0,33935.0,33869.0,33907.0,1792,5
1695740400,33907.0,33943.0,33844.0,33854.0,2328,4
1695744000,33856.0,33898.0,33805.0,33853.0,4470,4
1695747600,33847.0,33865.0,33710.0,33779.0,5790,4
1695751200,33779.0,33795.0,33662.0,33701.0,4490,4
1695754800,33701.0,33751.0,33692.0,33733.0,3275,5
1695758400,33733.0,33754.0,33604.0,33654.0,4159,4
1695762000,33653.0,33654.0,33587.0,33617.0,3749,4
1695765600,33616.0,33650.0,33572.0,33628.0,4047,4
1695769200,33627.0,33686.0,33627.0,33668.0,793,5
1695776400,33684.0,33689.0,33658.0,33664.0,506,5
1695780000,33664.0,33681.0,33661.0,33677.0,613,5
1695783600,33678.0,33686.0,33649.0,33659.0,876,5
1695787200,33659.0,33706.0,33656.0,33702.0,1138,5
1695790800,33701.0,33704.0,33688.0,33692.0,929,5
1695794400,33692.0,33694.0,33675.0,33681.0,699,5
1695798000,33681.0,33710.0,33675.0,33709.0,554,5
1695801600,33709.0,33727.0,33693.0,33726.0,894,5
1695805200,33727.0,33738.0,33709.0,33732.0,1004,5
1695808800,33732.0,33762.0,33702.0,33761.0,2021,4
1695812400,33761.0,33769.0,33736.0,33744.0,1535,4
1695816000,33744.0,33750.0,33705.0,33718.0,1404,5
1695819600,33718.0,33727.0,33698.0,33722.0,1275,5
1695823200,33722.0,33753.0,33708.0,33746.0,1525,5
1695826800,33745.0,33755.0,33703.0,33754.0,2017,5
1695830400,33754.0,33774.0,33594.0,33635.0,4664,4
1695834000,33636.0,33650.0,33499.0,33515.0,5383,4
1695837600,33516.0,33580.0,33471.0,33491.0,5033,4
1695841200,33491.0,33505.0,33428.0,33449.0,4257,5
1695844800,33449.0,33485.0,33310.0,33388.0,4856,4
1695848400,33387.0,33601.0,33347.0,33565.0,5490,4
1695852000,33565.0,33653.0,33489.0,33571.0,6473,4
1695855600,33568.0,33620.0,33563.0,33608.0,1082,4
1695862800,33625.0,33626.0,33560.0,33583.0,729,5
1695866400,33583.0,33607.0,33574.0,33601.0,474,5
1695870000,33600.0,33632.0,33590.0,33618.0,967,5
1695873600,33618.0,33623.0,33599.0,33612.0,1051,5
1695877200,33612.0,33615.0,33552.0,33559.0,1047,5
1695880800,33559.0,33560.0,33542.0,33552.0,886,4
1695884400,33552.0,33563.0,33510.0,33562.0,761,5
1695888000,33563.0,33610.0,33560.0,33605.0,1164,4
1695891600,33605.0,33606.0,33555.0,33555.0,1333,4
1695895200,33555.0,33596.0,33539.0,33549.0,3025,5
1695898800,33548.0,33558.0,33497.0,33531.0,2625,5
1695902400,33531.0,33597.0,33475.0,33593.0,2535,5
1695906000,33593.0,33620.0,33570.0,33606.0,1940,5
1695909600,33604.0,33607.0,33540.0,33576.0,2250,4
1695913200,33576.0,33666.0,33514.0,33538.0,4105,4
1695916800,33538.0,33613.0,33465.0,33600.0,6639,4
1695920400,33600.0,33642.0,33518.0,33626.0,7417,4
1695924000,33624.0,33749.0,33607.0,33729.0,5648,4
1695927600,33729.0,33780.0,33660.0,33680.0,4234,4
1695931200,33681.0,33696.0,33587.0,33626.0,5008,4
1695934800,33626.0,33696.0,33585.0,33657.0,4954,5
1695938400,33657.0,33749.0,33613.0,33667.0,5386,4
1695942000,33671.0,33707.0,33646.0,33705.0,981,5
1695949200,33726.0,33756.0,33725.0,33730.0,549,5
1695952800,33730.0,33731.0,33706.0,33708.0,380,4
1695956400,33709.0,33709.0,33639.0,33640.0,918,5
1695960000,33640.0,33652.0,33625.0,33649.0,1055,5
1695963600,33649.0,33708.0,33649.0,33701.0,817,5
1695967200,33701.0,33723.0,33700.0,33718.0,582,5
1695970800,33718.0,33722.0,33692.0,33693.0,566,5
1695974400,33693.0,33729.0,33677.0,33706.0,972,5
1695978000,33706.0,33767.0,33700.0,33753.0,1432,5
1695981600,33753.0,33823.0,33747.0,33805.0,2538,5
1695985200,33804.0,33824.0,33786.0,33786.0,1830,5
1695988800,33786.0,33820.0,33782.0,33811.0,1492,5
1695992400,33811.0,33844.0,33804.0,33822.0,1396,5
1695996000,33822.0,33842.0,33787.0,33789.0,1750,5
1695999600,33789.0,33887.0,33776.0,33877.0,3163,5
1696003200,33877.0,33902.0,33715.0,33760.0,5585,4
1696006800,33760.0,33787.0,33677.0,33707.0,6130,4
1696010400,33707.0,33774.0,33574.0,33610.0,5948,4
1696014000,33610.0,33650.0,33525.0,33548.0,5198,5
1696017600,33548.0,33548.0,33426.0,33427.0,5386,4
1696021200,33426.0,33550.0,33399.0,33550.0,5509,4
1696024800,33551.0,33598.0,33452.0,33508.0,6699,4
1696028400,33502.0,33542.0,33475.0,33518.0,1071,5
1696208400,33666.0,33677.0,33604.0,33638.0,1531,5
1696212000,33638.0,33677.0,33632.0,33667.0,859,4
1696215600,33666.0,33712.0,33663.0,33688.0,1301,5
1696219200,33688.0,33711.0,33687.0,33700.0,939,5
1696222800,33700.0,33716.0,33694.0,33700.0,623,5
1696226400,33700.0,33708.0,33681.0,33686.0,629,5
1696230000,33686.0,33690.0,33656.0,33660.0,789,5
1696233600,33661.0,33668.0,33614.0,33618.0,1021,5
1696237200,33618.0,33693.0,33604.0,33687.0,1304,5
1696240800,33685.0,33727.0,33663.0,33685.0,2525,5
1696244400,33682.0,33708.0,33645.0,33649.0,2309,5
1696248000,33648.0,33650.0,33515.0,33528.0,2336,5
1696251600,33528.0,33528.0,33489.0,33501.0,1865,5
1696255200,33503.0,33520.0,33451.0,33464.0,1748,5
1696258800,33464.0,33471.0,33421.0,33443.0,2492,5
1696262400,33441.0,33496.0,33351.0,33400.0,6077,4
1696266000,33400.0,33472.0,33326.0,33361.0,8831,4
1696269600,33361.0,33523.0,33299.0,33324.0,7319,4
1696273200,33323.0,33337.0,33225.0,33259.0,5581,4
1696276800,33258.0,33365.0,33257.0,33333.0,4951,5
1696280400,33331.0,33439.0,33284.0,33316.0,5244,4
1696284000,33316.0,33440.0,33273.0,33434.0,6087,5
1696287600,33433.0,33465.0,33427.0,33427.0,924,5
1696294800,33423.0,33452.0,33419.0,33423.0,473,5
1696298400,33424.0,33449.0,33411.0,33429.0,581,5
1696302000,33429.0,33433.0,33376.0,33421.0,1354,5
1696305600,33421.0,33437.0,33393.0,33415.0,1659,5
1696309200,33416.0,33429.0,33403.0,33408.0,1073,5
1696312800,33408.0,33428.0,33401.0,33405.0,829,5
1696316400,33406.0,33406.0,33355.0,33355.0,956,5
1696320000,33355.0,33374.0,33340.0,33374.0,1291,5
1696323600,33374.0,33416.0,33370.0,33409.0,1209,5
1696327200,33409.0,33458.0,33404.0,33430.0,2706,5
1696330800,33431.0,33501.0,33430.0,33482.0,2380,5
1696334400,33482.0,33486.0,33442.0,33450.0,2069,5
1696338000,33450.0,33480.0,33419.0,33419.0,1918,5
1696341600,33417.0,33417.0,33277.0,33297.0,2997,5
1696345200,33296.0,33317.0,33249.0,33259.0,3341,5
1696348800,33258.0,33403.0,33246.0,33375.0,6223,5
1696352400,33375.0,33376.0,33042.0,33079.0,8766,5
1696356000,33079.0,33102.0,32987.0,33018.0,6441,5
1696359600,33018.0,33110.0,33010.0,33076.0,5392,5
1696363200,33076.0,33115.0,32955.0,32967.0,4692,5
1696366800,32968.0,33009.0,32913.0,32984.0,4816,5
1696370400,32983.0,33021.0,32918.0,33008.0,5759,5
1696374000,33008.0,33026.0,32972.0,32973.0,1204,5
1696381200,32976.0,33008.0,32971.0,33000.0,495,5
1696384800,33000.0,33014.0,32983.0,33009.0,710,5
1696388400,33010.0,33026.0,32967.0,32984.0,1661,5
1696392000,32985.0,32990.0,32870.0,32920.0,2203,5
1696395600,32920.0,32936.0,32902.0,32934.0,1436,5
1696399200,32934.0,32943.0,32874.0,32893.0,1302,5
1696402800,32894.0,32962.0,32884.0,32952.0,1347,5
1696406400,32954.0,32959.0,32883.0,32904.0,1639,5
1696410000,32904.0,32913.0,32829.0,32830.0,2440,5
1696413600,32829.0,32950.0,32822.0,32948.0,4425,5
1696417200,32947.0,33018.0,32927.0,32987.0,3568,5
1696420800,32988.0,33043.0,32975.0,33033.0,2430,5
1696424400,33033.0,33040.0,32984.0,33007.0,2031,5
1696428000,33006.0,33063.0,32994.0,33051.0,2973,5
1696431600,33051.0,33097.0,33034.0,33061.0,3903,5
1696435200,33061.0,33068.0,32962.0,33001.0,5701,4
1696438800,33001.0,33034.0,32874.0,32904.0,8300,4
1696442400,32902.0,33109.0,32879.0,33109.0,6350,5
1696446000,33109.0,33145.0,33063.0,33080.0,5147,5
1696449600,33081.0,33086.0,32951.0,32958.0,4799,5
1696453200,32957.0,33019.0,32911.0,33007.0,4983,5
1696456800,33008.0,33163.0,32999.0,33118.0,5189,5
1696460400,33114.0,33117.0,33077.0,33077.0,953,5
1696467600,33071.0,33078.0,33062.0,33067.0,570,5
1696471200,33067.0,33077.0,33060.0,33077.0,514,5
1696474800,33077.0,33088.0,33038.0,33084.0,1488,5
1696478400,33084.0,33129.0,33079.0,33126.0,1485,5
1696482000,33126.0,33126.0,33106.0,33114.0,1036,5
1696485600,33114.0,33148.0,33112.0,33144.0,946,5
1696489200,33144.0,33150.0,33127.0,33131.0,703,5
1696492800,33131.0,33132.0,33098.0,33115.0,1050,5
1696496400,33115.0,33122.0,33047.0,33064.0,1496,5
1696500000,33062.0,33062.0,33020.0,33048.0,2951,4
1696503600,33048.0,33100.0,33019.0,33019.0,2350,5
1696507200,33019.0,33024.0,32979.0,33007.0,2208,5
1696510800,33007.0,33074.0,32992.0,33060.0,2090,4
1696514400,33060.0,33101.0,33031.0,33097.0,2296,5
1696518000,33097.0,33128.0,32988.0,33036.0,3781,4
1696521600,33035.0,33151.0,33016.0,33106.0,6263,4
1696525200,33107.0,33124.0,32979.0,33005.0,7332,5
1696528800,33005.0,33012.0,32929.0,32947.0,6603,4
1696532400,32947.0,33041.0,32935.0,32976.0,5058,5
1696536000,32977.0,33113.0,32929.0,33096.0,4733,5
1696539600,33095.0,33168.0,33070.0,33147.0,4404,5
1696543200,33145.0,33160.0,33086.0,33111.0,4709,5
1696546800,33110.0,33117.0,33084.0,33093.0,901,5
1696554000,33086.0,33104.0,33086.0,33098.0,381,5
1696557600,33098.0,33100.0,33076.0,33080.0,438,5
1696561200,33081.0,33106.0,33073.0,33103.0,1413,5
1696564800,33103.0,33118.0,33088.0,33106.0,1672,5
1696568400,33106.0,33124.0,33091.0,33120.0,1095,5
1696572000,33119.0,33120.0,33087.0,33095.0,794,5
1696575600,33095.0,33099.0,33071.0,33074.0,587,5
1696579200,33074.0,33075.0,33046.0,33051.0,906,5
1696582800,33051.0,33078.0,33047.0,33069.0,1164,5
1696586400,33066.0,33121.0,33052.0,33117.0,2566,5
1696590000,33117.0,33148.0,33109.0,33115.0,2168,5
1696593600,33115.0,33154.0,33108.0,33152.0,1644,5
1696597200,33152.0,33212.0,33143.0,33184.0,1594,5
1696600800,33185.0,33187.0,33143.0,33144.0,1694,5
1696604400,33144.0,33171.0,32842.0,32893.0,6151,5
1696608000,32892.0,33075.0,32870.0,32954.0,8590,5
1696611600,32945.0,33106.0,32836.0,33049.0,8060,5
1696615200,33052.0,33458.0,33045.0,33452.0,6671,5
1696618800,33452.0,33470.0,33330.0,33352.0,5115,5
1696622400,33350.0,33465.0,33340.0,33455.0,4538,5
1696626000,33455.0,33559.0,33423.0,33527.0,3902,5
1696629600,33528.0,33532.0,33395.0,33408.0,4533,5
1696633200,33406.0,33439.0,33396.0,33425.0,931,5
1696813200,33268.0,33275.0,33152.0,33204.0,2511,5
1696816800,33204.0,33245.0,33199.0,33240.0,1193,5
1696820400,33240.0,33248.0,33194.0,33226.0,1458,5
1696824000,33226.0,33226.0,33189.0,33214.0,1245,5
1696827600,33215.0,33227.0,33209.0,33219.0,738,5
1696831200,33219.0,33220.0,33176.0,33177.0,601,5
1696834800,33178.0,33209.0,33178.0,33203.0,608,5
1696838400,33203.0,33227.0,33201.0,33226.0,842,5
1696842000,33225.0,33263.0,33191.0,33193.0,1702,5
1696845600,33193.0,33210.0,33115.0,33171.0,3918,5
1696849200,33171.0,33255.0,33163.0,33253.0,3021,5
1696852800,33254.0,33309.0,33246.0,33275.0,2191,5
1696856400,33275.0,33300.0,33258.0,33260.0,1576,5
1696860000,33260.0,33268.0,33220.0,33247.0,1787,5
1696863600,33247.0,33291.0,33199.0,33201.0,2451,5
1696867200,33201.0,33419.0,33197.0,33392.0,5635,5
1696870800,33393.0,33424.0,33263.0,33293.0,5621,5
1696874400,33293.0,33427.0,33289.0,33421.0,3807,5
1696878000,33420.0,33479.0,33358.0,33387.0,3264,5
1696881600,33387.0,33604.0,33373.0,33602.0,3871,5
1696885200,33603.0,33652.0,33574.0,33632.0,4072,5
1696888800,33630.0,33636.0,33559.0,33626.0,4044,5
1696892400,33624.0,33635.0,33608.0,33610.0,707,5
1696899600,33615.0,33628.0,33612.0,33622.0,343,5
1696903200,33622.0,33633.0,33621.0,33632.0,331,5
1696906800,33632.0,33655.0,33621.0,33647.0,1183,5
1696910400,33647.0,33685.0,33645.0,33666.0,1126,5
1696914000,33666.0,33675.0,33649.0,33649.0,828,5
1696917600,33649.0,33656.0,33645.0,33648.0,734,5
1696921200,33647.0,33648.0,33633.0,33634.0,516,5
1696924800,33634.0,33644.0,33625.0,33635.0,912,5
1696928400,33635.0,33638.0,33600.0,33634.0,1526,5
1696932000,33634.0,33691.0,33627.0,33654.0,3132,5
1696935600,33654.0,33721.0,33630.0,33710.0,3123,5
1696939200,33709.0,33710.0,33672.0,33690.0,1931,5
1696942800,33689.0,33719.0,33680.0,33693.0,1359,5
1696946400,33692.0,33695.0,33636.0,33647.0,1955,5
1696950000,33646.0,33699.0,33637.0,33696.0,2742,5
1696953600,33694.0,33744.0,33612.0,33658.0,5221,5
1696957200,33659.0,33813.0,33658.0,33766.0,5014,5
1696960800,33767.0,33892.0,33753.0,33888.0,4058,5
1696964400,33889.0,33913.0,33862.0,33887.0,3051,5
1696968000,33887.0,33887.0,33763.0,33812.0,4801,5
1696971600,33813.0,33838.0,33730.0,33749.0,4135,5
1696975200,33750.0,33787.0,33740.0,33761.0,4044,5
1696978800,33758.0,33769.0,33747.0,33752.0,642,5
1696986000,33752.0,33763.0,33738.0,33749.0,431,5
1696989600,33749.0,33765.0,33745.0,33761.0,380,5
1696993200,33760.0,33777.0,33750.0,33750.0,1082,5
1696996800,33750.0,33765.0,33739.0,33755.0,1249,5
1697000400,33755.0,33775.0,33747.0,33768.0,986,5
1697004000,33770.0,33774.0,33759.0,33766.0,503,5
1697007600,33767.0,33776.0,33755.0,33758.0,453,5
1697011200,33758.0,33770.0,33747.0,33749.0,759,5
1697014800,33749.0,33770.0,33733.0,33752.0,1121,5
1697018400,33752.0,33818.0,33747.0,33764.0,3046,5
1697022000,33763.0,33820.0,33756.0,33810.0,2787,5
1697025600,33810.0,33830.0,33789.0,33816.0,1811,5
1697029200,33816.0,33849.0,33809.0,33841.0,1605,5
1697032800,33841.0,33886.0,33839.0,33854.0,1641,5
1697036400,33853.0,33890.0,33796.0,33890.0,3561,5
1697040000,33888.0,33906.0,33803.0,33830.0,5424,5
1697043600,33829.0,33858.0,33781.0,33830.0,4868,5
1697047200,33829.0,33851.0,33703.0,33723.0,3804,5
1697050800,33723.0,33738.0,33665.0,33706.0,3337,5
1697054400,33706.0,33718.0,33627.0,33670.0,2951,5
1697058000,33670.0,33763.0,33665.0,33743.0,3765,5
1697061600,33743.0,33832.0,33726.0,33813.0,3316,5
1697065200,33815.0,33880.0,33814.0,33873.0,936,5
1697072400,33869.0,33871.0,33847.0,33866.0,443,5
1697076000,33866.0,33879.0,33860.0,33879.0,395,5
1697079600,33879.0,33894.0,33862.0,33882.0,917,5
1697083200,33882.0,33889.0,33873.0,33878.0,1132,5
1697086800,33878.0,33883.0,33867.0,33871.0,820,5
1697090400,33871.0,33890.0,33870.0,33890.0,558,5
1697094000,33890.0,33898.0,33887.0,33897.0,387,5
1697097600,33897.0,33902.0,33886.0,33897.0,709,5
1697101200,33897.0,33929.0,33894.0,33927.0,1197,5
1697104800,33927.0,33927.0,33867.0,33873.0,2251,5
1697108400,33872.0,33930.0,33865.0,33927.0,1513,5
1697112000,33927.0,33951.0,33916.0,33946.0,1212,5
1697115600,33947.0,33968.0,33936.0,33940.0,991,5
1697119200,33939.0,33954.0,33925.0,33951.0,1311,5
1697122800,33951.0,33986.0,33846.0,33879.0,3905,5
1697126400,33878.0,33893.0,33676.0,33700.0,5479,5
1697130000,33702.0,33739.0,33653.0,33724.0,5148,5
1697133600,33725.0,33761.0,33688.0,33759.0,4159,5
1697137200,33759.0,33838.0,33751.0,33782.0,3520,5
1697140800,33782.0,33783.0,33500.0,33505.0,5443,5
1697144400,33507.0,33602.0,33450.0,33579.0,4557,5
1697148000,33580.0,33685.0,33577.0,33629.0,4443,5
1697151600,33627.0,33654.0,33622.0,33627.0,951,5
1697158800,33626.0,33632.0,33600.0,33630.0,406,5
1697162400,33630.0,33649.0,33620.0,33644.0,553,5
1697166000,33647.0,33659.0,33633.0,33655.0,1355,5
1697169600,33655.0,33673.0,33646.0,33669.0,1154,5
1697173200,33669.0,33687.0,33661.0,33668.0,923,5
1697176800,33668.0,33678.0,33661.0,33668.0,660,5
1697180400,33667.0,33682.0,33661.0,33666.0,581,5
1697184000,33666.0,33677.0,33662.0,33673.0,731,5
1697187600,33674.0,33680.0,33644.0,33676.0,1183,5
1697191200,33676.0,33723.0,33669.0,33701.0,2608,5
1697194800,33702.0,33734.0,33665.0,33670.0,2347,5
1697198400,33670.0,33676.0,33577.0,33594.0,2562,5
1697202000,33594.0,33662.0,33573.0,33629.0,2676,5
1697205600,33630.0,33694.0,33617.0,33667.0,2421,5
1697209200,33667.0,33753.0,33625.0,33752.0,3186,5
1697212800,33752.0,33961.0,33736.0,33898.0,5648,4
1697216400,33896.0,33896.0,33670.0,33686.0,6531,5
1697220000,33684.0,33710.0,33589.0,33620.0,5448,5
1697223600,33621.0,33782.0,33604.0,33691.0,4591,5
1697227200,33690.0,33716.0,33545.0,33666.0,5297,5
1697230800,33664.0,33709.0,33609.0,33661.0,5419,5
1697234400,33662.0,33721.0,33585.0,33671.0,6094,5
1697238000,33671.0,33671.0,33616.0,33623.0,1057,5
1697418000,33685.0,33736.0,33676.0,33723.0,932,5
1697421600,33723.0,33756.0,33720.0,33745.0,813,5
1697425200,33745.0,33764.0,33719.0,33725.0,1682,5
1697428800,33726.0,33748.0,33715.0,33718.0,1546,5
1697432400,33718.0,33749.0,33704.0,33720.0,909,5
1697436000,33720.0,33723.0,33699.0,33716.0,792,5
1697439600,33716.0,33719.0,33702.0,33719.0,636,5
1697443200,33719.0,33722.0,33676.0,33704.0,1078,5
1697446800,33705.0,33780.0,33699.0,33773.0,1624,5
1697450400,33772.0,33785.0,33699.0,33727.0,3302,5
1697454000,33725.0,33801.0,33705.0,33779.0,2429,5
1697457600,33779.0,33801.0,33764.0,33785.0,1922,5
1697461200,33785.0,33820.0,33763.0,33820.0,1787,5
1697464800,33819.0,33865.0,33799.0,33839.0,1574,5
1697468400,33838.0,33893.0,33814.0,33886.0,2523,5
1697472000,33885.0,33963.0,33872.0,33923.0,5125,5
1697475600,33923.0,34079.0,33851.0,34078.0,5650,5
1697479200,34078.0,34107.0,33986.0,34034.0,3900,5
1697482800,34036.0,34043.0,33975.0,34010.0,3255,5
1697486400,34011.0,34073.0,33904.0,34035.0,4409,5
1697490000,34036.0,34044.0,33963.0,34022.0,3692,5
1697493600,34022.0,34057.0,33978.0,33997.0,3716,5
1697497200,33995.0,34027.0,33980.0,34017.0,873,5
1697504400,34030.0,34032.0,34004.0,34005.0,318,5
1697508000,34004.0,34018.0,33984.0,34011.0,457,5
1697511600,34010.0,34022.0,33993.0,34005.0,1126,5
1697515200,34005.0,34005.0,33976.0,33982.0,1027,5
1697518800,33982.0,33988.0,33969.0,33971.0,735,5
1697522400,33971.0,33985.0,33944.0,33963.0,824,5
1697526000,33962.0,33963.0,33944.0,33946.0,546,5
1697529600,33946.0,33973.0,33940.0,33971.0,728,5
1697533200,33971.0,33976.0,33934.0,33950.0,1047,5
1697536800,33949.0,34005.0,33940.0,33997.0,2353,5
1697540400,33997.0,34000.0,33894.0,33902.0,2363,5
1697544000,33901.0,33962.0,33896.0,33942.0,1891,5
1697547600,33941.0,33954.0,33897.0,33929.0,2349,5
1697551200,33929.0,33941.0,33894.0,33939.0,2186,5
1697554800,33937.0,33951.0,33879.0,33897.0,3249,5
1697558400,33896.0,33988.0,33825.0,33905.0,6585,5
1697562000,33903.0,34000.0,33874.0,33954.0,6619,5
1697565600,33955.0,34125.0,33948.0,34101.0,5611,5
1697569200,34101.0,34163.0,34029.0,34043.0,4905,5
1697572800,34044.0,34065.0,33899.0,33917.0,4508,5
1697576400,33917.0,33966.0,33864.0,33890.0,4965,5
1697580000,33892.0,34008.0,33876.0,34005.0,5160,5
1697583600,34004.0,34015.0,33971.0,33996.0,1050,5
1697590800,33980.0,33987.0,33964.0,33975.0,378,5
1697594400,33975.0,33983.0,33947.0,33947.0,474,5
1697598000,33947.0,33952.0,33916.0,33922.0,1033,5
1697601600,33922.0,33955.0,33915.0,33950.0,1290,5
1697605200,33950.0,33990.0,33950.0,33981.0,1243,5
1697608800,33981.0,33994.0,33964.0,33987.0,729,5
1697612400,33987.0,33998.0,33980.0,33982.0,485,5
1697616000,33982.0,34010.0,33971.0,34005.0,936,5
1697619600,34005.0,34009.0,33945.0,33945.0,1501,5
1697623200,33946.0,33968.0,33919.0,33967.0,2907,5
1697626800,33967.0,34007.0,33945.0,33990.0,2265,5
1697630400,33991.0,34007.0,33934.0,33937.0,2134,5
1697634000,33937.0,33950.0,33873.0,33901.0,2254,5
1697637600,33900.0,33941.0,33893.0,33937.0,1977,5
1697641200,33938.0,33972.0,33904.0,33912.0,2254,5
1697644800,33912.0,34007.0,33853.0,33889.0,5736,5
1697648400,33887.0,33976.0,33786.0,33831.0,7244,5
1697652000,33832.0,33892.0,33794.0,33813.0,5948,5
1697655600,33812.0,33876.0,33749.0,33758.0,5367,5
1697659200,33757.0,33917.0,33724.0,33832.0,6206,5
1697662800,33833.0,33897.0,33729.0,33764.0,5707,5
1697666400,33765.0,33765.0,33601.0,33671.0,5531,5
1697670000,33674.0,33713.0,33674.0,33686.0,1585,5
1697677200,33692.0,33707.0,33665.0,33670.0,823,5
1697680800,33670.0,33685.0,33659.0,33676.0,850,5
1697684400,33676.0,33691.0,33643.0,33680.0,1399,5
1697688000,33680.0,33701.0,33638.0,33645.0,1582,5
1697691600,33645.0,33654.0,33612.0,33617.0,1204,5
1697695200,33617.0,33622.0,33584.0,33607.0,976,5
1697698800,33607.0,33631.0,33606.0,33628.0,694,5
1697702400,33628.0,33636.0,33599.0,33610.0,1140,5
1697706000,33611.0,33651.0,33600.0,33630.0,1762,5
1697709600,33630.0,33666.0,33541.0,33563.0,4192,5
1697713200,33562.0,33593.0,33547.0,33560.0,3079,5
1697716800,33559.0,33643.0,33551.0,33643.0,2263,5
1697720400,33642.0,33692.0,33632.0,33690.0,2078,5
1697724000,33690.0,33694.0,33610.0,33622.0,2155,5
1697727600,33622.0,33704.0,33616.0,33690.0,3090,5
1697731200,33690.0,33708.0,33639.0,33683.0,5409,5
1697734800,33684.0,33687.0,33506.0,33528.0,6893,5
1697738400,33528.0,33686.0,33520.0,33643.0,5795,5
1697742000,33644.0,33843.0,33497.0,33765.0,10908,5
1697745600,33766.0,33851.0,33606.0,33639.0,8077,5
1697749200,33638.0,33675.0,33443.0,33467.0,6767,5
1697752800,33468.0,33493.0,33360.0,33398.0,6957,5
1697756400,33399.0,33406.0,33355.0,33392.0,1507,5
1697763600,33386.0,33401.0,33368.0,33376.0,648,5
1697767200,33376.0,33383.0,33355.0,33381.0,786,5
1697770800,33381.0,33383.0,33350.0,33373.0,1609,5
1697774400,33372.0,33378.0,33328.0,33367.0,1708,5
1697778000,33366.0,33404.0,33362.0,33404.0,1127,5
1697781600,33403.0,33404.0,33383.0,33391.0,751,5
1697785200,33391.0,33407.0,33384.0,33395.0,656,5
1697788800,33395.0,33398.0,33365.0,33369.0,1035,5
1697792400,33369.0,33373.0,33310.0,33349.0,1785,5
1697796000,33345.0,33390.0,33293.0,33371.0,3746,4
1697799600,33371.0,33419.0,33338.0,33383.0,2440,4
1697803200,33384.0,33391.0,33311.0,33337.0,2460,5
1697806800,33338.0,33347.0,33300.0,33320.0,1951,5
1697810400,33320.0,33367.0,33306.0,33353.0,2196,4
1697814000,33350.0,33359.0,33263.0,33307.0,2854,5
1697817600,33309.0,33417.0,33306.0,33328.0,6855,4
1697821200,33327.0,33337.0,33203.0,33240.0,7543,5
1697824800,33239.0,33311.0,33195.0,33290.0,5880,5
1697828400,33290.0,33330.0,33211.0,33317.0,4720,5
1697832000,33316.0,33343.0,33233.0,33296.0,5525,5
1697835600,33295.0,33301.0,33177.0,33200.0,5231,5
1697839200,33199.0,33226.0,33108.0,33115.0,5743,5
1697842800,33113.0,33130.0,33079.0,33082.0,1105,5
1698022800,33180.0,33203.0,33112.0,33193.0,884,5
1698026400,33193.0,33212.0,33185.0,33210.0,535,5
1698030000,33210.0,33214.0,33173.0,33189.0,1185,5
1698033600,33189.0,33203.0,33176.0,33193.0,909,5
1698037200,33193.0,33195.0,33157.0,33158.0,756,5
1698040800,33158.0,33186.0,33158.0,33166.0,586,5
1698044400,33167.0,33178.0,33161.0,33174.0,644,5
1698048000,33174.0,33194.0,33170.0,33179.0,851,5
1698051600,33179.0,33194.0,33168.0,33176.0,968,5
1698055200,33176.0,33176.0,33037.0,33040.0,3117,5
1698058800,33040.0,33094.0,33023.0,33066.0,2961,5
1698062400,33066.0,33067.0,32902.0,32910.0,3346,5
1698066000,32908.0,32963.0,32905.0,32956.0,2565,5
1698069600,32957.0,33005.0,32946.0,32976.0,2198,5
1698073200,32976.0,33028.0,32940.0,32973.0,2896,5
1698076800,32972.0,33084.0,32891.0,33082.0,6430,5
1698080400,33083.0,33137.0,33029.0,33108.0,7227,5
1698084000,33109.0,33180.0,33095.0,33151.0,5341,5
1698087600,33151.0,33239.0,33065.0,33239.0,4512,5
1698091200,33236.0,33241.0,33094.0,33115.0,5018,5
1698094800,33115.0,33152.0,33054.0,33112.0,5017,5
1698098400,33113.0,33128.0,32920.0,32936.0,6532,5
1698102000,32938.0,33010.0,32936.0,33000.0,1088,5
1698109200,33017.0,33017.0,32993.0,33005.0,494,5
1698112800,33005.0,33023.0,33005.0,33021.0,514,5
1698116400,33020.0,33026.0,32969.0,32988.0,1377,5
1698120000,32988.0,33007.0,32937.0,32956.0,1989,5
1698123600,32956.0,33021.0,32950.0,33007.0,1589,5
1698127200,33008.0,33013.0,32988.0,32999.0,981,5
1698130800,32999.0,33019.0,32992.0,33018.0,837,5
1698134400,33018.0,33026.0,33006.0,33021.0,1056,5
1698138000,33021.0,33053.0,33018.0,33042.0,1266,5
1698141600,33044.0,33054.0,32977.0,33001.0,3020,5
1698145200,33007.0,33040.0,32956.0,33032.0,2656,5
1698148800,33032.0,33056.0,33016.0,33051.0,1828,4
1698152400,33052.0,33096.0,33030.0,33091.0,1781,4
1698156000,33091.0,33114.0,33084.0,33101.0,1776,4
1698159600,33101.0,33120.0,33063.0,33120.0,2253,5
1698163200,33120.0,33228.0,33076.0,33206.0,6224,5
1698166800,33201.0,33277.0,33099.0,33240.0,7199,5
1698170400,33239.0,33242.0,33120.0,33158.0,5848,5
1698174000,33157.0,33176.0,32988.0,33025.0,4868,5
1698177600,33025.0,33100.0,32997.0,33069.0,4512,5
1698181200,33069.0,33200.0,33057.0,33182.0,4353,5
1698184800,33182.0,33214.0,33141.0,33149.0,4329,5
1698188400,33148.0,33300.0,33136.0,33233.0,2758,4
1698195600,33198.0,33232.0,33162.0,33222.0,1253,5
1698199200,33222.0,33235.0,33215.0,33230.0,593,5
1698202800,33229.0,33231.0,33194.0,33212.0,1508,5
1698206400,33212.0,33233.0,33207.0,33232.0,1348,5
1698210000,33232.0,33236.0,33218.0,33226.0,893,5
1698213600,33226.0,33233.0,33193.0,33194.0,827,5
1698217200,33194.0,33201.0,33189.0,33200.0,550,5
1698220800,33199.0,33205.0,33157.0,33173.0,1099,5
1698224400,33173.0,33211.0,33158.0,33159.0,1453,4
1698228000,33159.0,33170.0,33109.0,33158.0,3091,4
1698231600,33158.0,33209.0,33124.0,33193.0,2906,4
1698235200,33193.0,33213.0,33140.0,33165.0,2299,4
1698238800,33165.0,33211.0,33137.0,33207.0,2151,4
1698242400,33207.0,33231.0,33179.0,33223.0,1651,4
1698246000,33223.0,33258.0,33196.0,33199.0,2221,4
1698249600,33199.0,33249.0,33047.0,33087.0,5802,5
1698253200,33087.0,33144.0,32984.0,33110.0,7365,5
1698256800,33111.0,33275.0,33106.0,33198.0,7064,5
1698260400,33194.0,33195.0,33074.0,33092.0,5518,5
1698264000,33092.0,33109.0,32996.0,33048.0,5927,4
1698267600,33048.0,33085.0,33013.0,33051.0,4948,5
1698271200,33050.0,33105.0,33018.0,33043.0,5433,5
1698274800,33042.0,33121.0,33042.0,33067.0,2951,4
1698282000,33049.0,33071.0,32997.0,33031.0,1581,5
1698285600,33031.0,33034.0,32979.0,33011.0,1054,5
1698289200,33012.0,33042.0,32967.0,32972.0,1463,5
1698292800,32972.0,33002.0,32964.0,32978.0,1552,5
1698296400,32978.0,32985.0,32936.0,32953.0,1282,5
1698300000,32953.0,32985.0,32952.0,32972.0,833,5
1698303600,32972.0,32978.0,32950.0,32960.0,813,5
1698307200,32960.0,32985.0,32951.0,32954.0,1274,5
1698310800,32954.0,32983.0,32932.0,32952.0,1813,5
1698314400,32952.0,32975.0,32896.0,32950.0,3407,5
1698318000,32951.0,32975.0,32912.0,32925.0,2542,5
1698321600,32925.0,32980.0,32908.0,32946.0,2227,5
1698325200,32945.0,32973.0,32897.0,32902.0,1859,5
1698328800,32902.0,32917.0,32852.0,32912.0,2071,5
1698332400,32910.0,33066.0,32881.0,33056.0,4317,4
1698336000,33056.0,33097.0,32990.0,33021.0,6970,4
1698339600,33020.0,33070.0,32921.0,33050.0,8382,5
1698343200,33051.0,33073.0,32871.0,32908.0,6710,5
1698346800,32907.0,32908.0,32786.0,32791.0,5884,5
1698350400,32792.0,32861.0,32730.0,32854.0,5494,5
1698354000,32854.0,32994.0,32835.0,32993.0,5342,5
1698357600,32993.0,33019.0,32758.0,32779.0,6226,5
1698361200,32778.0,32830.0,32736.0,32816.0,2539,4
1698368400,32827.0,32862.0,32827.0,32860.0,821,5
1698372000,32860.0,32893.0,32860.0,32888.0,676,5
1698375600,32888.0,32888.0,32837.0,32849.0,1428,5
1698379200,32849.0,32889.0,32844.0,32882.0,1370,5
1698382800,32882.0,32907.0,32877.0,32881.0,995,5
1698386400,32881.0,32885.0,32857.0,32876.0,723,5
1698390000,32876.0,32900.0,32870.0,32898.0,536,5
1698393600,32897.0,32899.0,32880.0,32891.0,890,5
1698397200,32891.0,32891.0,32853.0,32853.0,1302,5
1698400800,32853.0,32857.0,32806.0,32837.0,2755,5
1698404400,32835.0,32898.0,32829.0,32894.0,1970,5
1698408000,32895.0,32907.0,32832.0,32841.0,1645,5
1698411600,32841.0,32861.0,32786.0,32786.0,1453,5
1698415200,32789.0,32801.0,32682.0,32694.0,2245,5
1698418800,32694.0,32816.0,32690.0,32779.0,2862,5
1698422400,32779.0,32821.0,32663.0,32710.0,5904,5
1698426000,32712.0,32760.0,32585.0,32691.0,8106,5
1698429600,32692.0,32743.0,32601.0,32645.0,6195,5
1698433200,32645.0,32647.0,32540.0,32548.0,5456,5
1698436800,32548.0,32571.0,32427.0,32440.0,6214,5
1698440400,32440.0,32473.0,32316.0,32337.0,6526,5
1698444000,32336.0,32420.0,32310.0,32404.0,7034,5
1698447600,32408.0,32419.0,32369.0,32370.0,1253,5
1698627600,32458.0,32488.0,32422.0,32473.0,1127,4
1698631200,32473.0,32475.0,32449.0,32468.0,707,5
1698634800,32466.0,32511.0,32464.0,32511.0,1354,5
1698638400,32511.0,32512.0,32480.0,32506.0,1394,5
1698642000,32505.0,32506.0,32477.0,32486.0,908,5
1698645600,32487.0,32500.0,32479.0,32493.0,644,5
1698649200,32493.0,32493.0,32470.0,32481.0,521,5
1698652800,32481.0,32500.0,32478.0,32499.0,718,5
1698656400,32499.0,32535.0,32499.0,32532.0,650,5
1698660000,32532.0,32566.0,32517.0,32548.0,1231,5
1698663600,32559.0,32578.0,32523.0,32555.0,2445,5
1698667200,32555.0,32604.0,32553.0,32582.0,1872,5
1698670800,32582.0,32605.0,32566.0,32585.0,1408,5
1698674400,32583.0,32643.0,32583.0,32624.0,1547,5
1698678000,32624.0,32628.0,32588.0,32612.0,1678,5
1698681600,32612.0,32749.0,32600.0,32707.0,5290,5
1698685200,32708.0,32731.0,32641.0,32693.0,7016,5
1698688800,32695.0,32783.0,32677.0,32774.0,5464,5
1698692400,32774.0,32806.0,32716.0,32765.0,4730,5
1698696000,32766.0,32939.0,32747.0,32934.0,4547,5
1698699600,32934.0,32993.0,32902.0,32958.0,3748,5
1698703200,32960.0,33005.0,32922.0,32934.0,4934,5
1698706800,32933.0,32947.0,32916.0,32937.0,1009,5
1698714000,32938.0,32944.0,32922.0,32940.0,314,5
1698717600,32940.0,32951.0,32930.0,32936.0,407,5
1698721200,32936.0,32939.0,32900.0,32925.0,1204,5
1698724800,32925.0,32935.0,32882.0,32904.0,1434,5
1698728400,32906.0,32920.0,32896.0,32897.0,883,5
1698732000,32898.0,32911.0,32867.0,32891.0,1733,5
1698735600,32889.0,32913.0,32877.0,32888.0,1177,5
1698739200,32888.0,32891.0,32864.0,32872.0,1264,5
1698742800,32873.0,32925.0,32857.0,32918.0,919,5
1698746400,32918.0,32956.0,32918.0,32925.0,1321,5
1698750000,32925.0,33048.0,32921.0,33046.0,2368,5
1698753600,33046.0,33067.0,32993.0,33058.0,2035,5
1698757200,33058.0,33139.0,33036.0,33051.0,2275,5
1698760800,33051.0,33083.0,32979.0,32991.0,1930,5
1698764400,32992.0,33007.0,32922.0,32930.0,2559,5
1698768000,32932.0,32958.0,32799.0,32845.0,5343,4
1698771600,32845.0,32963.0,32789.0,32943.0,6841,5
1698775200,32943.0,32954.0,32872.0,32953.0,5749,5
1698778800,32952.0,32985.0,32858.0,32966.0,5510,5
1698782400,32966.0,33039.0,32941.0,33035.0,4311,5
1698786000,33035.0,33060.0,32974.0,33052.0,4049,5
1698789600,33052.0,33078.0,32992.0,33054.0,4099,5
1698793200,33056.0,33056.0,32998.0,33007.0,1375,5
1698800400,33007.0,33016.0,32992.0,33014.0,391,5
1698804000,33014.0,33017.0,32992.0,32995.0,477,5
1698807600,32994.0,33008.0,32968.0,32982.0,1076,5
1698811200,32982.0,32986.0,32958.0,32971.0,1326,5
1698814800,32971.0,33011.0,32964.0,33010.0,1126,5
1698818400,33010.0,33015.0,33002.0,33002.0,588,5
1698822000,33002.0,33011.0,32989.0,33001.0,538,5
1698825600,33001.0,33004.0,32968.0,32973.0,895,5
1698829200,32974.0,33041.0,32971.0,33038.0,735,5
1698832800,33039.0,33039.0,32986.0,32987.0,1106,5
1698836400,32987.0,33016.0,32920.0,32937.0,2506,5
1698840000,32937.0,32976.0,32924.0,32938.0,1659,5
1698843600,32938.0,32969.0,32915.0,32955.0,1424,5
1698847200,32955.0,32972.0,32924.0,32942.0,1433,5
1698850800,32941.0,33049.0,32935.0,33032.0,2937,5
1698854400,33032.0,33128.0,32997.0,33098.0,5538,5
1698858000,33098.0,33287.0,33072.0,33243.0,6803,5
1698861600,33243.0,33274.0,33161.0,33180.0,4559,5
1698865200,33181.0,33181.0,33059.0,33082.0,4101,5
1698868800,33083.0,33150.0,33070.0,33128.0,3558,5
1698872400,33128.0,33235.0,33056.0,33210.0,9317,5
1698876000,33209.0,33342.0,33209.0,33280.0,7020,5
1698879600,33279.0,33283.0,33254.0,33279.0,1191,5
1698886800,33285.0,33293.0,33269.0,33282.0,423,5
1698890400,33282.0,33324.0,33281.0,33314.0,646,5
1698894000,33314.0,33323.0,33291.0,33318.0,1069,5
1698897600,33318.0,33334.0,33314.0,33323.0,990,5
1698901200,33323.0,33324.0,33305.0,33305.0,667,5
1698904800,33305.0,33309.0,33297.0,33303.0,516,5
1698908400,33303.0,33304.0,33286.0,33292.0,523,5
1698912000,33291.0,33299.0,33284.0,33288.0,630,5
1698915600,33288.0,33300.0,33273.0,33289.0,875,5
1698919200,33289.0,33306.0,33284.0,33305.0,1030,5
1698922800,33306.0,33396.0,33293.0,33379.0,2192,5
1698926400,33379.0,33408.0,33369.0,33389.0,2286,5
1698930000,33389.0,33415.0,33360.0,33410.0,1505,5
1698933600,33410.0,33417.0,33391.0,33399.0,1461,5
1698937200,33399.0,33522.0,33394.0,33515.0,2223,5
1698940800,33515.0,33582.0,33440.0,33535.0,4896,5
1698944400,33536.0,33673.0,33503.0,33670.0,5528,5
1698948000,33672.0,33681.0,33601.0,33642.0,4445,5
1698951600,33642.0,33705.0,33616.0,33667.0,3668,5
1698955200,33667.0,33795.0,33658.0,33783.0,3113,5
1698958800,33783.0,33799.0,33757.0,33785.0,2974,5
1698962400,33785.0,33854.0,33776.0,33843.0,2906,5
1698966000,33841.0,33858.0,33818.0,33840.0,1681,5
1698973200,33838.0,33860.0,33831.0,33836.0,509,5
1698976800,33837.0,33842.0,33820.0,33828.0,382,5
1698980400,33828.0,33849.0,33826.0,33845.0,481,5
1698984000,33845.0,33881.0,33836.0,33877.0,799,5
1698987600,33877.0,33896.0,33875.0,33893.0,494,5
1698991200,33894.0,33899.0,33884.0,33884.0,365,5
1698994800,33884.0,33893.0,33880.0,33891.0,273,5
1698998400,33891.0,33901.0,33888.0,33897.0,382,5
1699002000,33897.0,33907.0,33891.0,33892.0,487,5
1699005600,33892.0,33901.0,33860.0,33862.0,1079,5
1699009200,33862.0,33869.0,33840.0,33852.0,1834,4
1699012800,33852.0,33865.0,33830.0,33857.0,1204,5
1699016400,33857.0,33868.0,33838.0,33839.0,1077,5
1699020000,33838.0,33865.0,33833.0,33862.0,1128,5
1699023600,33862.0,34039.0,33841.0,34002.0,3278,5
1699027200,34003.0,34071.0,33979.0,34022.0,5743,5
1699030800,34024.0,34075.0,33943.0,34008.0,6732,5
1699034400,34010.0,34099.0,33981.0,34083.0,4688,5
1699038000,34084.0,34146.0,34073.0,34145.0,3488,5
1699041600,34145.0,34168.0,34071.0,34125.0,3406,5
1699045200,34125.0,34156.0,34081.0,34151.0,3250,5
1699048800,34151.0,34152.0,34055.0,34067.0,3410,5
1699052400,34065.0,34100.0,34061.0,34096.0,751,5
1699232400,34119.0,34140.0,34087.0,34100.0,674,5
1699236000,34100.0,34105.0,34088.0,34095.0,905,4
1699239600,34095.0,34111.0,34090.0,34103.0,1092,5
1699243200,34103.0,34113.0,34100.0,34108.0,629,5
1699246800,34108.0,34117.0,34102.0,34112.0,557,5
1699250400,34112.0,34120.0,34105.0,34107.0,422,5
1699254000,34108.0,34118.0,34103.0,34109.0,522,5
1699257600,34108.0,34130.0,34101.0,34128.0,469,5
1699261200,34128.0,34136.0,34112.0,34122.0,830,5
1699264800,34122.0,34148.0,34117.0,34134.0,1804,5
1699268400,34134.0,34134.0,34103.0,34112.0,1379,5
1699272000,34112.0,34123.0,34092.0,34106.0,1034,5
1699275600,34106.0,34135.0,34097.0,34114.0,976,5
1699279200,34114.0,34126.0,34097.0,34113.0,1119,5
1699282800,34113.0,34117.0,34085.0,34092.0,1401,5
1699286400,34093.0,34179.0,34073.0,34087.0,4227,5
1699290000,34091.0,34134.0,34056.0,34104.0,4505,5
1699293600,34105.0,34138.0,34096.0,34134.0,3136,5
1699297200,34134.0,34141.0,34065.0,34090.0,2428,5
1699300800,34091.0,34092.0,34018.0,34050.0,3033,5
1699304400,34050.0,34093.0,34001.0,34089.0,3244,5
1699308000,34090.0,34121.0,34065.0,34116.0,3188,5
1699311600,34115.0,34122.0,34081.0,34082.0,670,5
1699318800,34081.0,34087.0,34061.0,34068.0,500,5
1699322400,34068.0,34071.0,34050.0,34052.0,761,5
1699326000,34052.0,34073.0,34042.0,34061.0,940,5
1699329600,34061.0,34066.0,34046.0,34051.0,663,5
1699333200,34051.0,34057.0,34036.0,34046.0,771,5
1699336800,34046.0,34046.0,34030.0,34032.0,500,5
1699340400,34032.0,34039.0,34023.0,34036.0,621,5
1699344000,34036.0,34037.0,34009.0,34019.0,542,5
1699347600,34019.0,34035.0,34009.0,34026.0,821,5
1699351200,34024.0,34070.0,34013.0,34056.0,1866,5
1699354800,34057.0,34059.0,34020.0,34021.0,1491,5
1699358400,34021.0,34069.0,34016.0,34051.0,1281,5
1699362000,34050.0,34056.0,33987.0,34021.0,1162,5
1699365600,34020.0,34034.0,34004.0,34033.0,1349,5
1699369200,34033.0,34069.0,34025.0,34065.0,1583,5
1699372800,34065.0,34099.0,34031.0,34093.0,4241,5
1699376400,34093.0,34208.0,34092.0,34190.0,4197,5
1699380000,34190.0,34223.0,34154.0,34178.0,3307,5
1699383600,34178.0,34178.0,34114.0,34166.0,3369,5
1699387200,34167.0,34194.0,34154.0,34176.0,2642,5
1699390800,34176.0,34192.0,34152.0,34165.0,2259,5
1699394400,34165.0,34218.0,34123.0,34171.0,2681,5
1699398000,34162.0,34188.0,34162.0,34187.0,573,5
1699405200,34181.0,34182.0,34166.0,34171.0,446,5
1699408800,34171.0,34175.0,34158.0,34161.0,750,5
1699412400,34161.0,34165.0,34150.0,34160.0,921,5
1699416000,34160.0,34172.0,34149.0,34170.0,597,5
1699419600,34170.0,34171.0,34131.0,34139.0,593,5
1699423200,34139.0,34153.0,34138.0,34148.0,485,5
1699426800,34148.0,34155.0,34130.0,34134.0,609,5
1699430400,34134.0,34144.0,34122.0,34129.0,614,5
1699434000,34129.0,34141.0,34121.0,34137.0,881,5
1699437600,34137.0,34188.0,34130.0,34179.0,2018,5
1699441200,34179.0,34181.0,34147.0,34161.0,1567,5
1699444800,34161.0,34179.0,34148.0,34172.0,1170,5
1699448400,34172.0,34204.0,34172.0,34188.0,985,5
1699452000,34188.0,34204.0,34172.0,34198.0,1123,5
1699455600,34198.0,34228.0,34185.0,34206.0,1548,5
1699459200,34206.0,34270.0,34199.0,34247.0,3757,5
1699462800,34247.0,34258.0,34156.0,34158.0,4874,5
1699466400,34158.0,34191.0,34085.0,34096.0,3906,5
1699470000,34096.0,34101.0,34009.0,34064.0,3691,5
1699473600,34064.0,34104.0,34034.0,34087.0,3152,5
1699477200,34087.0,34123.0,34067.0,34071.0,2592,5
1699480800,34071.0,34162.0,34070.0,34127.0,3057,5
1699484400,34121.0,34131.0,34102.0,34121.0,830,5
1699491600,34089.0,34098.0,34081.0,34096.0,422,5
1699495200,34096.0,34106.0,34085.0,34099.0,585,5
1699498800,34098.0,34133.0,34096.0,34122.0,810,5
1699502400,34122.0,34133.0,34113.0,34114.0,489,5
1699506000,34114.0,34115.0,34099.0,34104.0,455,5
1699509600,34104.0,34118.0,34104.0,34118.0,314,5
1699513200,34118.0,34130.0,34108.0,34108.0,505,5
1699516800,34108.0,34137.0,34103.0,34134.0,596,5
1699520400,34134.0,34137.0,34105.0,34120.0,864,5
1699524000,34119.0,34175.0,34087.0,34147.0,2166,5
1699527600,34147.0,34165.0,34115.0,34148.0,1679,5
1699531200,34148.0,34218.0,34146.0,34211.0,1320,5
1699534800,34211.0,34217.0,34144.0,34149.0,1160,5
1699538400,34149.0,34173.0,34149.0,34173.0,1112,5
1699542000,34173.0,34226.0,34169.0,34220.0,1797,5
1699545600,34220.0,34226.0,34072.0,34110.0,4321,5
1699549200,34111.0,34134.0,33989.0,34062.0,4986,5
1699552800,34063.0,34134.0,34063.0,34098.0,3458,5
1699556400,34098.0,34120.0,34084.0,34112.0,2922,5
1699560000,34112.0,34116.0,33951.0,33983.0,6244,5
1699563600,33981.0,33981.0,33865.0,33888.0,6090,5
1699567200,33889.0,33933.0,33861.0,33895.0,4804,5
1699570800,33897.0,33931.0,33893.0,33927.0,829,5
1699578000,33928.0,33930.0,33883.0,33899.0,705,5
1699581600,33899.0,33901.0,33863.0,33897.0,1062,5
1699585200,33897.0,33923.0,33893.0,33917.0,975,5
1699588800,33917.0,33933.0,33907.0,33927.0,801,5
1699592400,33927.0,33935.0,33924.0,33931.0,572,5
1699596000,33931.0,33949.0,33928.0,33947.0,502,5
1699599600,33947.0,33958.0,33935.0,33951.0,550,5
1699603200,33950.0,33966.0,33942.0,33960.0,540,5
1699606800,33960.0,33998.0,33954.0,33990.0,988,5
1699610400,33991.0,34008.0,33960.0,33972.0,2408,5
1699614000,33972.0,33976.0,33910.0,33975.0,1920,5
1699617600,33976.0,33976.0,33914.0,33939.0,1557,5
1699621200,33939.0,33943.0,33896.0,33939.0,1434,5
1699624800,33939.0,34000.0,33926.0,33985.0,1692,5
1699628400,33985.0,34048.0,33970.0,34030.0,2096,5
1699632000,34030.0,34076.0,33967.0,33987.0,4578,5
1699635600,33985.0,33996.0,33908.0,33965.0,5863,5
1699639200,33964.0,34057.0,33964.0,34036.0,4139,5
1699642800,34036.0,34192.0,34035.0,34174.0,3517,5
1699646400,34172.0,34216.0,34120.0,34201.0,3347,5
1699650000,34201.0,34234.0,34196.0,34208.0,2717,5
1699653600,34208.0,34313.0,34206.0,34290.0,3483,5
1699657200,34284.0,34321.0,34217.0,34232.0,1269,5
1699837200,34264.0,34274.0,34238.0,34243.0,701,5
1699840800,34243.0,34246.0,34212.0,34216.0,790,5
1699844400,34216.0,34228.0,34207.0,34226.0,825,5
1699848000,34226.0,34230.0,34196.0,34197.0,625,5
1699851600,34197.0,34200.0,34168.0,34180.0,564,5
1699855200,34180.0,34182.0,34169.0,34173.0,480,5
1699858800,34173.0,34190.0,34163.0,34179.0,618,5
1699862400,34179.0,34211.0,34176.0,34210.0,510,5
1699866000,34210.0,34228.0,34203.0,34217.0,896,5
1699869600,34219.0,34246.0,34195.0,34244.0,1673,5
1699873200,34244.0,34296.0,34244.0,34291.0,1414,4
1699876800,34291.0,34310.0,34271.0,34307.0,1056,5
1699880400,34307.0,34311.0,34269.0,34292.0,1140,5
1699884000,34292.0,34293.0,34248.0,34264.0,1242,5
1699887600,34264.0,34270.0,34212.0,34231.0,1621,5
1699891200,34231.0,34278.0,34211.0,34263.0,4068,5
1699894800,34263.0,34310.0,34228.0,34296.0,4718,5
1699898400,34297.0,34416.0,34278.0,34410.0,3647,5
1699902000,34410.0,34420.0,34339.0,34364.0,3047,5
1699905600,34364.0,34383.0,34315.0,34348.0,2984,5
1699909200,34348.0,34390.0,34337.0,34350.0,2515,5
1699912800,34350.0,34380.0,34330.0,34345.0,2805,5
1699916400,34344.0,34362.0,34341.0,34358.0,514,5
1699923600,34363.0,34364.0,34349.0,34358.0,258,5
1699927200,34358.0,34361.0,34343.0,34348.0,639,5
1699930800,34348.0,34356.0,34341.0,34348.0,577,5
1699934400,34348.0,34357.0,34341.0,34344.0,596,5
1699938000,34344.0,34357.0,34331.0,34354.0,476,5
1699941600,34353.0,34359.0,34347.0,34349.0,277,5
1699945200,34349.0,34349.0,34335.0,34338.0,397,5
1699948800,34338.0,34348.0,34331.0,34342.0,451,5
1699952400,34342.0,34368.0,34335.0,34368.0,682,5
1699956000,34368.0,34378.0,34337.0,34372.0,1431,5
1699959600,34372.0,34410.0,34368.0,34395.0,1480,5
1699963200,34395.0,34412.0,34351.0,34353.0,1289,5
1699966800,34353.0,34398.0,34339.0,34378.0,1289,5
1699970400,34380.0,34380.0,34335.0,34359.0,1057,5
1699974000,34359.0,34744.0,34349.0,34722.0,4123,5
1699977600,34722.0,34816.0,34660.0,34810.0,5737,5
1699981200,34811.0,34892.0,34776.0,34879.0,5008,5
1699984800,34879.0,34940.0,34852.0,34853.0,3574,5
1699988400,34854.0,34870.0,34798.0,34846.0,3122,5
1699992000,34846.0,34867.0,34810.0,34810.0,2437,5
1699995600,34811.0,34909.0,34783.0,34905.0,2767,5
1699999200,34905.0,34948.0,34814.0,34845.0,2858,5
1700002800,34842.0,34884.0,34839.0,34877.0,863,5
1700010000,34890.0,34906.0,34877.0,34888.0,514,5
1700013600,34889.0,34894.0,34871.0,34876.0,789,5
1700017200,34876.0,34889.0,34864.0,34878.0,879,5
1700020800,34878.0,34920.0,34875.0,34919.0,658,5
1700024400,34919.0,34923.0,34901.0,34909.0,617,5
1700028000,34909.0,34913.0,34903.0,34903.0,278,5
1700031600,34903.0,34932.0,34901.0,34920.0,606,5
1700035200,34920.0,34943.0,34910.0,34931.0,714,5
1700038800,34931.0,34937.0,34894.0,34902.0,1080,5
1700042400,34900.0,34971.0,34899.0,34961.0,1956,4
1700046000,34961.0,34968.0,34895.0,34906.0,1672,4
1700049600,34906.0,34952.0,34901.0,34945.0,1066,5
1700053200,34946.0,34965.0,34925.0,34961.0,1145,5
1700056800,34962.0,34980.0,34945.0,34971.0,1367,5
1700060400,34971.0,35002.0,34885.0,34922.0,2895,5
1700064000,34923.0,34998.0,34879.0,34933.0,4862,5
1700067600,34934.0,35006.0,34915.0,34991.0,4372,5
1700071200,34991.0,35014.0,34893.0,34951.0,3981,5
1700074800,34950.0,34998.0,34943.0,34955.0,3220,5
1700078400,34955.0,35020.0,34927.0,35016.0,2834,5
1700082000,35016.0,35057.0,34981.0,35042.0,2677,5
1700085600,35042.0,35065.0,34981.0,35015.0,3334,5
1700089200,35012.0,35012.0,34966.0,34986.0,1076,5
1700096400,34957.0,34969.0,34952.0,34967.0,434,5
1700100000,34967.0,34991.0,34962.0,34978.0,734,5
1700103600,34978.0,34978.0,34927.0,34928.0,1174,5
1700107200,34928.0,34932.0,34906.0,34924.0,1208,5
1700110800,34925.0,34941.0,34920.0,34924.0,694,5
1700114400,34924.0,34951.0,34923.0,34949.0,492,5
1700118000,34949.0,34969.0,34947.0,34958.0,684,5
1700121600,34959.0,34984.0,34958.0,34983.0,757,5
1700125200,34983.0,34985.0,34964.0,34977.0,959,5
1700128800,34976.0,34999.0,34965.0,34989.0,1865,5
1700132400,34987.0,35011.0,34963.0,34968.0,1545,5
1700136000,34968.0,34996.0,34962.0,34973.0,1145,5
1700139600,34973.0,34992.0,34968.0,34991.0,994,5
1700143200,34991.0,34993.0,34884.0,34905.0,1894,5
1700146800,34905.0,34967.0,34899.0,34961.0,2516,5
1700150400,34961.0,35025.0,34881.0,35017.0,4609,5
1700154000,35017.0,35025.0,34887.0,34916.0,5204,5
1700157600,34915.0,34926.0,34830.0,34853.0,4063,5
1700161200,34854.0,34921.0,34849.0,34897.0,2986,5
1700164800,34897.0,34914.0,34835.0,34854.0,3167,5
1700168400,34855.0,34883.0,34822.0,34874.0,2821,5
1700172000,34872.0,34960.0,34861.0,34948.0,3000,5
1700175600,34949.0,34999.0,34941.0,34992.0,670,5
1700182800,34996.0,34996.0,34966.0,34966.0,422,5
1700186400,34966.0,34986.0,34964.0,34979.0,566,5
1700190000,34979.0,34987.0,34966.0,34985.0,895,5
1700193600,34984.0,34999.0,34978.0,34995.0,649,5
1700197200,34995.0,35009.0,34994.0,35007.0,418,5
1700200800,35007.0,35008.0,34994.0,34997.0,351,5
1700204400,34997.0,34997.0,34974.0,34982.0,496,5
1700208000,34982.0,34988.0,34974.0,34984.0,460,5
1700211600,34984.0,34990.0,34961.0,34977.0,807,5
1700215200,34977.0,35052.0,34972.0,35030.0,1747,5
1700218800,35030.0,35048.0,35010.0,35027.0,1418,5
1700222400,35027.0,35067.0,35023.0,35055.0,1162,5
1700226000,35055.0,35056.0,35025.0,35042.0,1273,5
1700229600,35042.0,35066.0,35033.0,35050.0,1097,5
1700233200,35050.0,35105.0,35050.0,35060.0,1751,5
1700236800,35060.0,35074.0,35050.0,35052.0,257,5
1700244000,34922.0,34946.0,34884.0,34930.0,3773,5
1700247600,34930.0,34963.0,34912.0,34927.0,2432,5
1700251200,34927.0,34986.0,34907.0,34984.0,2047,5
1700254800,34984.0,34995.0,34942.0,34965.0,2037,5
1700258400,34965.0,34991.0,34912.0,34954.0,2827,5
1700262000,34955.0,34961.0,34927.0,34928.0,680,5
1700442000,34941.0,34963.0,34934.0,34957.0,915,5
1700445600,34957.0,34970.0,34952.0,34958.0,753,5
1700449200,34958.0,34965.0,34939.0,34945.0,1000,5
1700452800,34945.0,34969.0,34945.0,34964.0,804,5
1700456400,34964.0,34967.0,34947.0,34948.0,524,5
1700460000,34948.0,34956.0,34946.0,34947.0,369,5
1700463600,34947.0,34958.0,34933.0,34933.0,466,5
1700467200,34933.0,34942.0,34926.0,34931.0,467,5
1700470800,34931.0,34948.0,34923.0,34931.0,757,5
1700474400,34931.0,34968.0,34931.0,34939.0,1563,5
1700478000,34939.0,34985.0,34939.0,34984.0,1282,5
1700481600,34984.0,35004.0,34964.0,34977.0,920,5
1700485200,34977.0,34985.0,34958.0,34977.0,886,5
1700488800,34976.0,34977.0,34909.0,34926.0,1214,5
1700492400,34926.0,34956.0,34922.0,34949.0,1282,5
1700496000,34949.0,35030.0,34922.0,35029.0,3849,5
1700499600,35028.0,35070.0,34992.0,35054.0,3754,5
1700503200,35054.0,35079.0,35036.0,35071.0,2777,5
1700506800,35071.0,35091.0,35056.0,35076.0,2009,5
1700510400,35075.0,35167.0,35073.0,35157.0,2651,5
1700514000,35158.0,35214.0,35133.0,35201.0,2161,5
1700517600,35202.0,35240.0,35144.0,35172.0,2549,5
1700521200,35173.0,35174.0,35147.0,35169.0,734,5
1700528400,35174.0,35189.0,35168.0,35187.0,516,5
1700532000,35187.0,35198.0,35176.0,35188.0,662,5
1700535600,35188.0,35196.0,35182.0,35186.0,846,5
1700539200,35186.0,35191.0,35176.0,35189.0,540,5
1700542800,35189.0,35197.0,35183.0,35186.0,445,5
1700546400,35186.0,35189.0,35175.0,35179.0,380,5
1700550000,35179.0,35189.0,35173.0,35176.0,507,5
1700553600,35176.0,35179.0,35159.0,35178.0,527,5
1700557200,35178.0,35182.0,35139.0,35139.0,724,4
1700560800,35140.0,35165.0,35134.0,35139.0,1450,4
1700564400,35139.0,35148.0,35112.0,35114.0,1146,5
1700568000,35114.0,35143.0,35108.0,35126.0,886,5
1700571600,35125.0,35134.0,35104.0,35116.0,903,5
1700575200,35116.0,35148.0,35111.0,35124.0,1052,5
1700578800,35124.0,35140.0,35093.0,35103.0,1653,4
1700582400,35103.0,35137.0,35051.0,35081.0,3533,5
1700586000,35082.0,35106.0,35053.0,35095.0,4085,5
1700589600,35095.0,35111.0,35049.0,35082.0,2922,5
1700593200,35083.0,35113.0,35071.0,35107.0,2097,5
1700596800,35107.0,35118.0,35061.0,35091.0,2389,5
1700600400,35091.0,35105.0,35057.0,35094.0,2970,5
1700604000,35095.0,35115.0,35061.0,35099.0,2681,5
1700607600,35098.0,35103.0,35067.0,35096.0,1613,4
1700614800,35095.0,35097.0,35076.0,35089.0,487,5
1700618400,35089.0,35107.0,35086.0,35103.0,581,5
1700622000,35103.0,35127.0,35101.0,35121.0,665,5
1700625600,35121.0,35144.0,35112.0,35138.0,577,5
1700629200,35138.0,35140.0,35121.0,35126.0,432,5
1700632800,35126.0,35133.0,35121.0,35133.0,304,5
1700636400,35133.0,35142.0,35117.0,35119.0,520,5
1700640000,35119.0,35122.0,35104.0,35117.0,585,5
1700643600,35117.0,35141.0,35111.0,35130.0,763,5
1700647200,35130.0,35149.0,35118.0,35142.0,1352,5
1700650800,35142.0,35160.0,35121.0,35128.0,1149,5
1700654400,35128.0,35159.0,35122.0,35159.0,990,5
1700658000,35159.0,35164.0,35089.0,35093.0,1173,5
1700661600,35093.0,35148.0,35092.0,35148.0,1214,5
1700665200,35148.0,35166.0,35127.0,35154.0,2020,5
1700668800,35154.0,35271.0,35140.0,35198.0,4022,5
1700672400,35198.0,35246.0,35149.0,35179.0,4862,5
1700676000,35179.0,35293.0,35178.0,35286.0,3671,5
1700679600,35286.0,35318.0,35208.0,35252.0,2993,5
1700683200,35252.0,35285.0,35245.0,35250.0,2272,5
1700686800,35250.0,35279.0,35190.0,35250.0,2883,5
1700690400,35250.0,35297.0,35240.0,35271.0,2520,5
1700694000,35270.0,35288.0,35264.0,35279.0,579,5
1700701200,35270.0,35271.0,35248.0,35251.0,668,5
1700704800,35251.0,35258.0,35244.0,35257.0,409,5
1700708400,35257.0,35285.0,35251.0,35281.0,599,5
1700712000,35281.0,35283.0,35267.0,35268.0,506,5
1700715600,35268.0,35270.0,35256.0,35261.0,321,5
1700719200,35261.0,35269.0,35257.0,35262.0,172,5
1700722800,35262.0,35284.0,35262.0,35283.0,326,5
1700726400,35284.0,35300.0,35279.0,35285.0,477,5
1700730000,35285.0,35297.0,35280.0,35293.0,728,5
1700733600,35292.0,35301.0,35269.0,35295.0,1434,5
1700737200,35296.0,35298.0,35276.0,35291.0,1103,4
1700740800,35291.0,35299.0,35265.0,35280.0,851,4
1700744400,35281.0,35291.0,35268.0,35286.0,777,4
1700748000,35286.0,35295.0,35269.0,35271.0,678,4
1700751600,35272.0,35297.0,35269.0,35297.0,699,4
1700755200,35297.0,35332.0,35287.0,35311.0,1570,4
1700758800,35310.0,35346.0,35301.0,35335.0,1044,5
1700762400,35335.0,35351.0,35326.0,35332.0,677,4
1700766000,35332.0,35333.0,35306.0,35312.0,347,5
1700787600,35323.0,35328.0,35304.0,35318.0,440,4
1700791200,35318.0,35323.0,35313.0,35321.0,554,5
1700794800,35321.0,35326.0,35309.0,35325.0,602,5
1700798400,35325.0,35325.0,35311.0,35313.0,530,5
1700802000,35313.0,35316.0,35304.0,35311.0,384,5
1700805600,35311.0,35312.0,35302.0,35305.0,254,5
1700809200,35305.0,35309.0,35300.0,35307.0,385,5
1700812800,35308.0,35312.0,35301.0,35311.0,336,5
1700816400,35311.0,35323.0,35295.0,35323.0,592,5
1700820000,35323.0,35334.0,35315.0,35321.0,994,4
1700823600,35321.0,35355.0,35321.0,35344.0,815,5
1700827200,35344.0,35376.0,35339.0,35373.0,954,4
1700830800,35373.0,35376.0,35357.0,35376.0,627,5
1700834400,35376.0,35388.0,35362.0,35364.0,825,4
1700838000,35364.0,35365.0,35314.0,35338.0,1025,4
1700841600,35338.0,35372.0,35312.0,35363.0,3115,5
1700845200,35363.0,35407.0,35363.0,35394.0,2986,5
1700848800,35393.0,35405.0,35337.0,35347.0,2233,5
1700852400,35347.0,35403.0,35340.0,35397.0,2135,5
1700856000,35396.0,35400.0,35386.0,35399.0,47,5
1701046800,35400.0,35402.0,35373.0,35376.0,564,5
1701050400,35375.0,35377.0,35349.0,35355.0,682,5
1701054000,35356.0,35379.0,35353.0,35357.0,768,5
1701057600,35357.0,35359.0,35336.0,35340.0,550,5
1701061200,35340.0,35342.0,35324.0,35336.0,499,5
1701064800,35336.0,35337.0,35328.0,35331.0,311,5
1701068400,35332.0,35335.0,35313.0,35313.0,443,5
1701072000,35313.0,35338.0,35313.0,35333.0,558,5
1701075600,35333.0,35363.0,35333.0,35363.0,686,5
1701079200,35362.0,35387.0,35351.0,35363.0,1185,5
1701082800,35363.0,35363.0,35319.0,35325.0,990,5
1701086400,35325.0,35388.0,35324.0,35386.0,920,5
1701090000,35386.0,35387.0,35352.0,35365.0,725,5
1701093600,35365.0,35382.0,35355.0,35360.0,938,5
1701097200,35360.0,35376.0,35344.0,35355.0,1256,5
1701100800,35355.0,35436.0,35336.0,35354.0,3551,5
1701104400,35354.0,35386.0,35336.0,35347.0,3638,5
1701108000,35348.0,35367.0,35314.0,35333.0,2965,5
1701111600,35333.0,35340.0,35299.0,35333.0,2114,5
1701115200,35333.0,35362.0,35315.0,35357.0,2146,5
1701118800,35357.0,35373.0,35309.0,35340.0,2184,5
1701122400,35341.0,35393.0,35324.0,35352.0,2290,5
1701126000,35353.0,35372.0,35334.0,35372.0,674,5
1701133200,35370.0,35389.0,35370.0,35388.0,327,4
1701136800,35388.0,35388.0,35365.0,35370.0,653,5
1701140400,35370.0,35378.0,35358.0,35374.0,708,4
1701144000,35374.0,35391.0,35374.0,35384.0,460,5
1701147600,35384.0,35386.0,35373.0,35374.0,377,5
1701151200,35374.0,35377.0,35368.0,35371.0,276,5
1701154800,35371.0,35382.0,35368.0,35378.0,351,5
1701158400,35378.0,35392.0,35376.0,35390.0,375,5
1701162000,35389.0,35390.0,35334.0,35346.0,878,5
1701165600,35346.0,35357.0,35319.0,35343.0,1744,5
1701169200,35343.0,35381.0,35331.0,35376.0,1170,5
1701172800,35376.0,35386.0,35360.0,35371.0,898,5
1701176400,35371.0,35380.0,35349.0,35350.0,695,5
1701180000,35351.0,35365.0,35331.0,35336.0,908,5
1701183600,35336.0,35353.0,35308.0,35343.0,1510,5
1701187200,35343.0,35392.0,35332.0,35346.0,3689,5
1701190800,35347.0,35488.0,35330.0,35472.0,4368,5
1701194400,35471.0,35537.0,35459.0,35525.0,3372,5
1701198000,35526.0,35531.0,35412.0,35428.0,2699,5
1701201600,35428.0,35437.0,35355.0,35406.0,3215,5
1701205200,35406.0,35464.0,35397.0,35450.0,2879,5
1701208800,35451.0,35467.0,35399.0,35435.0,2895,5
1701212400,35434.0,35453.0,35426.0,35439.0,660,5
1701219600,35414.0,35423.0,35411.0,35419.0,383,5
1701223200,35419.0,35443.0,35418.0,35437.0,533,4
1701226800,35437.0,35465.0,35437.0,35451.0,857,5
1701230400,35452.0,35463.0,35448.0,35452.0,528,4
1701234000,35452.0,35465.0,35439.0,35461.0,444,4
1701237600,35461.0,35466.0,35458.0,35458.0,279,5
1701241200,35458.0,35462.0,35445.0,35457.0,492,5
1701244800,35457.0,35470.0,35445.0,35469.0,581,5
1701248400,35469.0,35469.0,35451.0,35457.0,817,5
1701252000,35458.0,35501.0,35453.0,35492.0,1640,5
1701255600,35492.0,35518.0,35484.0,35510.0,1256,5
1701259200,35510.0,35512.0,35494.0,35503.0,1067,5
1701262800,35503.0,35520.0,35486.0,35507.0,869,5
1701266400,35507.0,35529.0,35492.0,35518.0,1004,5
1701270000,35518.0,35552.0,35504.0,35511.0,2090,5
1701273600,35511.0,35534.0,35460.0,35532.0,4160,4
1701277200,35532.0,35537.0,35445.0,35500.0,4741,4
1701280800,35499.0,35508.0,35426.0,35478.0,3780,5
1701284400,35479.0,35564.0,35470.0,35559.0,2892,5
1701288000,35559.0,35580.0,35538.0,35567.0,2710,4
1701291600,35566.0,35599.0,35495.0,35513.0,2864,5
1701295200,35513.0,35518.0,35421.0,35450.0,3444,5
1701298800,35449.0,35564.0,35432.0,35541.0,1095,4
1701306000,35536.0,35540.0,35522.0,35536.0,506,4
1701309600,35537.0,35546.0,35513.0,35522.0,795,4
1701313200,35522.0,35530.0,35510.0,35523.0,824,5
1701316800,35523.0,35560.0,35521.0,35560.0,712,5
1701320400,35560.0,35560.0,35544.0,35556.0,454,5
1701324000,35556.0,35571.0,35555.0,35567.0,333,5
1701327600,35567.0,35581.0,35563.0,35573.0,464,5
1701331200,35572.0,35582.0,35559.0,35562.0,489,5
1701334800,35562.0,35565.0,35537.0,35565.0,871,5
1701338400,35564.0,35580.0,35518.0,35541.0,1644,5
1701342000,35541.0,35591.0,35540.0,35578.0,1333,5
1701345600,35580.0,35609.0,35565.0,35600.0,1165,5
1701349200,35600.0,35607.0,35584.0,35595.0,966,5
1701352800,35595.0,35649.0,35595.0,35640.0,1003,5
1701356400,35640.0,35685.0,35633.0,35642.0,2430,5
1701360000,35641.0,35725.0,35602.0,35710.0,4665,4
1701363600,35710.0,35754.0,35664.0,35751.0,5359,4
1701367200,35752.0,35778.0,35708.0,35717.0,4160,5
1701370800,35717.0,35748.0,35646.0,35691.0,2992,5
1701374400,35690.0,35737.0,35660.0,35736.0,2884,5
1701378000,35734.0,35830.0,35727.0,35827.0,2860,5
1701381600,35827.0,35972.0,35754.0,35939.0,3944,5
1701385200,35938.0,35951.0,35929.0,35934.0,1296,5
1701392400,35919.0,35933.0,35916.0,35929.0,573,4
1701396000,35929.0,35957.0,35923.0,35952.0,587,4
1701399600,35952.0,35969.0,35944.0,35962.0,715,4
1701403200,35962.0,35994.0,35959.0,35986.0,603,5
1701406800,35986.0,35986.0,35955.0,35964.0,425,5
1701410400,35964.0,35972.0,35960.0,35969.0,308,5
1701414000,35969.0,35973.0,35953.0,35967.0,574,5
1701417600,35967.0,35973.0,35955.0,35961.0,448,4
1701421200,35961.0,35993.0,35957.0,35984.0,784,4
1701424800,35983.0,36036.0,35980.0,36032.0,1662,4
1701428400,36032.0,36038.0,36010.0,36014.0,1340,5
1701432000,36014.0,36014.0,35985.0,35986.0,918,5
1701435600,35986.0,36008.0,35974.0,36000.0,952,5
1701439200,36000.0,36000.0,35924.0,35929.0,1254,5
1701442800,35929.0,35948.0,35916.0,35921.0,1472,5
1701446400,35920.0,36011.0,35900.0,36005.0,3995,4
1701450000,36010.0,36076.0,35971.0,36012.0,5470,4
1701453600,36012.0,36161.0,35936.0,36142.0,6064,4
1701457200,36142.0,36272.0,36123.0,36256.0,3542,4
1701460800,36257.0,36261.0,36178.0,36188.0,3214,4
1701464400,36188.0,36246.0,36181.0,36246.0,2572,5
1701468000,36246.0,36268.0,36188.0,36245.0,3033,5
1701471600,36244.0,36272.0,36236.0,36262.0,980,5
1701651600,36276.0,36286.0,36241.0,36243.0,925,4
1701655200,36243.0,36267.0,36221.0,36257.0,900,5
1701658800,36257.0,36260.0,36241.0,36251.0,956,5
1701662400,36251.0,36256.0,36242.0,36250.0,531,5
1701666000,36250.0,36257.0,36244.0,36257.0,488,5
1701669600,36257.0,36265.0,36251.0,36260.0,339,5
1701673200,36260.0,36261.0,36247.0,36252.0,429,5
1701676800,36252.0,36253.0,36224.0,36230.0,501,5
1701680400,36230.0,36241.0,36191.0,36200.0,931,5
1701684000,36200.0,36230.0,36188.0,36213.0,1577,5
1701687600,36213.0,36215.0,36161.0,36200.0,1484,5
1701691200,36200.0,36207.0,36179.0,36199.0,1172,5
1701694800,36199.0,36205.0,36177.0,36181.0,1119,5
1701698400,36181.0,36194.0,36158.0,36189.0,1254,5
1701702000,36189.0,36191.0,36107.0,36112.0,1648,5
1701705600,36113.0,36253.0,36049.0,36163.0,4567,4
1701709200,36164.0,36176.0,36079.0,36096.0,5133,4
1701712800,36096.0,36148.0,36082.0,36143.0,3580,5
1701716400,36145.0,36188.0,36118.0,36183.0,2933,5
1701720000,36183.0,36212.0,36169.0,36191.0,2752,5
1701723600,36191.0,36216.0,36171.0,36200.0,2844,5
1701727200,36201.0,36253.0,36178.0,36225.0,3296,5
1701730800,36225.0,36226.0,36198.0,36201.0,728,5
1701738000,36204.0,36204.0,36176.0,36184.0,427,5
1701741600,36184.0,36189.0,36171.0,36172.0,573,5
1701745200,36173.0,36182.0,36159.0,36173.0,877,5
1701748800,36173.0,36174.0,36157.0,36171.0,605,5
1701752400,36171.0,36182.0,36169.0,36181.0,471,5
1701756000,36180.0,36183.0,36166.0,36169.0,365,5
1701759600,36169.0,36175.0,36165.0,36173.0,458,5
1701763200,36173.0,36174.0,36143.0,36149.0,495,5
1701766800,36149.0,36149.0,36127.0,36129.0,929,5
1701770400,36128.0,36187.0,36128.0,36179.0,1829,5
1701774000,36179.0,36210.0,36173.0,36191.0,1569,5
1701777600,36191.0,36191.0,36129.0,36142.0,1466,5
1701781200,36142.0,36174.0,36114.0,36115.0,1382,5
1701784800,36114.0,36149.0,36111.0,36124.0,1609,4
1701788400,36123.0,36159.0,36113.0,36115.0,1948,4
1701792000,36115.0,36154.0,36047.0,36063.0,4445,4
1701795600,36063.0,36150.0,36028.0,36147.0,6236,4
1701799200,36147.0,36172.0,36048.0,36083.0,4935,4
1701802800,36085.0,36127.0,36068.0,36124.0,4271,5
1701806400,36124.0,36164.0,36107.0,36142.0,3532,5
1701810000,36143.0,36170.0,36114.0,36159.0,2927,5
1701813600,36159.0,36185.0,36127.0,36154.0,3007,5
1701817200,36155.0,36166.0,36130.0,36138.0,658,5
1701824400,36140.0,36164.0,36128.0,36163.0,442,4
1701828000,36163.0,36203.0,36162.0,36199.0,691,5
1701831600,36199.0,36232.0,36192.0,36226.0,869,5
1701835200,36226.0,36231.0,36213.0,36219.0,530,5
1701838800,36219.0,36242.0,36219.0,36229.0,455,5
1701842400,36229.0,36231.0,36221.0,36225.0,322,5
1701846000,36225.0,36234.0,36211.0,36224.0,640,5
1701849600,36224.0,36227.0,36200.0,36201.0,524,5
1701853200,36201.0,36207.0,36174.0,36190.0,768,5
1701856800,36191.0,36211.0,36173.0,36183.0,1824,4
1701860400,36182.0,36191.0,36158.0,36184.0,1330,4
1701864000,36184.0,36213.0,36178.0,36211.0,1025,5
1701867600,36211.0,36214.0,36182.0,36192.0,958,5
1701871200,36193.0,36204.0,36180.0,36199.0,869,5
1701874800,36199.0,36261.0,36186.0,36234.0,1905,4
1701878400,36234.0,36319.0,36211.0,36269.0,3876,5
1701882000,36270.0,36279.0,36172.0,36192.0,4941,5
1701885600,36191.0,36215.0,36138.0,36172.0,3976,5
1701889200,36172.0,36192.0,36143.0,36158.0,3549,5
1701892800,36158.0,36216.0,36148.0,36201.0,3036,5
1701896400,36201.0,36204.0,36145.0,36146.0,2612,5
1701900000,36146.0,36153.0,36046.0,36079.0,3455,5
1701903600,36076.0,36091.0,36066.0,36087.0,723,5
1701910800,36072.0,36074.0,36047.0,36056.0,628,5
1701914400,36055.0,36070.0,36045.0,36047.0,922,5
1701918000,36047.0,36068.0,36042.0,36046.0,859,5
1701921600,36047.0,36057.0,36032.0,36040.0,782,5
1701925200,36041.0,36053.0,36032.0,36038.0,562,5
1701928800,36038.0,36051.0,36037.0,36048.0,323,5
1701932400,36049.0,36056.0,36037.0,36042.0,598,5
1701936000,36042.0,36060.0,36037.0,36041.0,531,5
1701939600,36041.0,36074.0,36037.0,36060.0,862,5
1701943200,36060.0,36076.0,36002.0,36003.0,1851,5
1701946800,36003.0,36016.0,35983.0,36009.0,1502,5
1701950400,36009.0,36012.0,35984.0,35999.0,1156,5
1701954000,35999.0,36020.0,35995.0,35998.0,1003,5
1701957600,35997.0,36031.0,35995.0,36031.0,1120,5
1701961200,36031.0,36083.0,36020.0,36079.0,1902,5
1701964800,36078.0,36163.0,36054.0,36055.0,4255,5
1701968400,36056.0,36117.0,36035.0,36107.0,4543,5
1701972000,36107.0,36127.0,36027.0,36103.0,4063,5
1701975600,36103.0,36141.0,36063.0,36129.0,3455,5
1701979200,36130.0,36172.0,36130.0,36148.0,2569,5
1701982800,36148.0,36171.0,36118.0,36120.0,2349,5
1701986400,36121.0,36145.0,36103.0,36124.0,2634,4
1701990000,36122.0,36132.0,36097.0,36100.0,802,5
1701997200,36103.0,36117.0,36099.0,36103.0,402,4
1702000800,36103.0,36127.0,36100.0,36124.0,769,5
1702004400,36124.0,36126.0,36106.0,36110.0,763,5
1702008000,36110.0,36140.0,36109.0,36139.0,510,5
1702011600,36139.0,36146.0,36133.0,36146.0,471,5
1702015200,36146.0,36150.0,36142.0,36149.0,334,5
1702018800,36149.0,36152.0,36133.0,36139.0,383,5
1702022400,36139.0,36143.0,36134.0,36140.0,349,5
1702026000,36140.0,36141.0,36105.0,36105.0,602,5
1702029600,36105.0,36130.0,36087.0,36129.0,1140,5
1702033200,36129.0,36160.0,36125.0,36140.0,881,5
1702036800,36140.0,36169.0,36137.0,36155.0,747,5
1702040400,36155.0,36159.0,36090.0,36099.0,746,5
1702044000,36099.0,36107.0,36072.0,36080.0,1026,5
1702047600,36080.0,36130.0,35979.0,36083.0,3296,5
1702051200,36084.0,36210.0,36057.0,36147.0,4893,5
1702054800,36193.0,36273.0,36165.0,36253.0,5091,5
1702058400,36253.0,36258.0,36114.0,36135.0,3988,5
1702062000,36136.0,36193.0,36089.0,36186.0,3320,5
1702065600,36186.0,36234.0,36174.0,36213.0,2473,4
1702069200,36214.0,36287.0,36210.0,36282.0,2153,5
1702072800,36282.0,36316.0,36258.0,36263.0,2660,5
1702076400,36262.0,36274.0,36240.0,36271.0,565,5
1702256400,36294.0,36330.0,36294.0,36309.0,706,5
1702260000,36309.0,36332.0,36302.0,36309.0,917,5
1702263600,36309.0,36316.0,36288.0,36301.0,1116,5
1702267200,36301.0,36308.0,36288.0,36292.0,591,5
1702270800,36292.0,36295.0,36282.0,36289.0,458,5
1702274400,36289.0,36296.0,36279.0,36284.0,323,5
1702278000,36284.0,36300.0,36277.0,36294.0,484,5
1702281600,36293.0,36304.0,36276.0,36277.0,618,5
1702285200,36277.0,36288.0,36263.0,36265.0,1005,5
1702288800,36265.0,36278.0,36249.0,36261.0,1590,5
1702292400,36261.0,36305.0,36256.0,36272.0,1148,5
1702296000,36272.0,36294.0,36264.0,36266.0,913,5
1702299600,36266.0,36291.0,36249.0,36286.0,1034,5
1702303200,36286.0,36294.0,36270.0,36287.0,1042,5
1702306800,36287.0,36306.0,36260.0,36272.0,1461,5
1702310400,36272.0,36378.0,36266.0,36328.0,4311,5
1702314000,36332.0,36405.0,36298.0,36379.0,4011,4
1702317600,36380.0,36413.0,36360.0,36389.0,3559,5
1702321200,36389.0,36396.0,36345.0,36387.0,2249,5
1702324800,36385.0,36439.0,36365.0,36432.0,1955,5
1702328400,36432.0,36433.0,36384.0,36397.0,1771,5
1702332000,36397.0,36462.0,36389.0,36448.0,2303,5
1702335600,36447.0,36465.0,36435.0,36455.0,754,5
1702342800,36455.0,36469.0,36447.0,36467.0,418,5
1702346400,36467.0,36486.0,36462.0,36475.0,795,5
1702350000,36475.0,36476.0,36454.0,36470.0,823,5
1702353600,36470.0,36488.0,36469.0,36486.0,576,5
1702357200,36486.0,36498.0,36479.0,36481.0,478,5
1702360800,36481.0,36482.0,36470.0,36472.0,360,5
1702364400,36472.0,36483.0,36468.0,36471.0,342,5
1702368000,36472.0,36476.0,36456.0,36464.0,431,5
1702371600,36464.0,36487.0,36457.0,36477.0,647,5
1702375200,36477.0,36506.0,36467.0,36482.0,1343,5
1702378800,36481.0,36546.0,36480.0,36540.0,1206,5
1702382400,36540.0,36546.0,36500.0,36502.0,1221,5
1702386000,36502.0,36519.0,36492.0,36505.0,850,4
1702389600,36504.0,36552.0,36502.0,36525.0,1239,5
1702393200,36525.0,36627.0,36476.0,36481.0,3592,5
1702396800,36481.0,36522.0,36416.0,36432.0,4123,5
1702400400,36432.0,36566.0,36427.0,36565.0,3006,5
1702404000,36565.0,36605.0,36538.0,36585.0,2381,5
1702407600,36585.0,36618.0,36551.0,36556.0,1895,5
1702411200,36556.0,36592.0,36547.0,36579.0,1987,5
1702414800,36579.0,36606.0,36553.0,36602.0,1495,5
1702418400,36602.0,36652.0,36600.0,36628.0,2256,5
1702422000,36625.0,36653.0,36619.0,36645.0,570,5
1702429200,36653.0,36679.0,36647.0,36678.0,518,5
1702432800,36677.0,36684.0,36672.0,36681.0,564,5
1702436400,36681.0,36688.0,36668.0,36684.0,629,5
1702440000,36684.0,36692.0,36674.0,36678.0,411,5
1702443600,36678.0,36679.0,36666.0,36673.0,332,5
1702447200,36672.0,36677.0,36661.0,36675.0,296,5
1702450800,36675.0,36683.0,36672.0,36675.0,393,5
1702454400,36675.0,36678.0,36661.0,36665.0,386,5
1702458000,36666.0,36680.0,36657.0,36662.0,589,5
1702461600,36661.0,36697.0,36658.0,36697.0,1142,5
1702465200,36697.0,36697.0,36672.0,36680.0,883,5
1702468800,36680.0,36682.0,36662.0,36668.0,696,5
1702472400,36668.0,36692.0,36661.0,36681.0,661,5
1702476000,36681.0,36686.0,36660.0,36665.0,757,5
1702479600,36665.0,36709.0,36661.0,36700.0,1362,5
1702483200,36700.0,36713.0,36581.0,36620.0,3523,5
1702486800,36620.0,36654.0,36581.0,36638.0,2909,5
1702490400,36639.0,36666.0,36624.0,36629.0,2289,5
1702494000,36629.0,36648.0,36613.0,36637.0,1905,5
1702497600,36637.0,36657.0,36620.0,36640.0,1585,5
1702501200,36643.0,37076.0,36642.0,37054.0,7098,5
1702504800,37054.0,37157.0,36969.0,37151.0,6162,5
1702508400,37149.0,37195.0,37140.0,37148.0,1345,5
1702515600,37158.0,37203.0,37151.0,37199.0,745,5
1702519200,37199.0,37248.0,37198.0,37237.0,1035,5
1702522800,37237.0,37243.0,37219.0,37234.0,937,5
1702526400,37234.0,37262.0,37232.0,37247.0,753,5
1702530000,37247.0,37249.0,37212.0,37223.0,745,5
1702533600,37223.0,37259.0,37221.0,37256.0,594,5
1702537200,37256.0,37258.0,37227.0,37232.0,600,5
1702540800,37233.0,37250.0,37226.0,37248.0,530,5
1702544400,37248.0,37248.0,37214.0,37214.0,1002,5
1702548000,37214.0,37301.0,37213.0,37255.0,2602,5
1702551600,37255.0,37255.0,37192.0,37211.0,2219,5
1702555200,37211.0,37261.0,37188.0,37243.0,1520,5
1702558800,37242.0,37260.0,37221.0,37235.0,1526,5
1702562400,37235.0,37281.0,37230.0,37262.0,1577,5
1702566000,37262.0,37351.0,37222.0,37351.0,3052,5
1702569600,37352.0,37359.0,37139.0,37241.0,5077,5
1702573200,37242.0,37258.0,37158.0,37240.0,6203,5
1702576800,37240.0,37270.0,37191.0,37241.0,4869,5
1702580400,37241.0,37334.0,37238.0,37272.0,3477,5
1702584000,37270.0,37271.0,37087.0,37156.0,3906,5
1702587600,37156.0,37255.0,37154.0,37245.0,3334,5
1702591200,37245.0,37317.0,37233.0,37311.0,3264,5
1702594800,37306.0,37315.0,37270.0,37272.0,966,5
1702602000,37272.0,37302.0,37263.0,37300.0,550,5
1702605600,37300.0,37322.0,37299.0,37315.0,883,5
1702609200,37315.0,37328.0,37284.0,37322.0,967,5
1702612800,37322.0,37339.0,37320.0,37332.0,720,5
1702616400,37332.0,37357.0,37328.0,37356.0,450,5
1702620000,37357.0,37363.0,37348.0,37363.0,454,5
1702623600,37363.0,37367.0,37343.0,37363.0,665,5
1702627200,37362.0,37363.0,37348.0,37354.0,524,5
1702630800,37354.0,37409.0,37352.0,37400.0,861,5
1702634400,37401.0,37421.0,37391.0,37418.0,1738,5
1702638000,37418.0,37432.0,37393.0,37431.0,1106,5
1702641600,37431.0,37453.0,37413.0,37422.0,1218,5
1702645200,37422.0,37426.0,37403.0,37410.0,1117,5
1702648800,37411.0,37420.0,37375.0,37379.0,1223,5
1702652400,37379.0,37395.0,37251.0,37285.0,2812,5
1702656000,37286.0,37332.0,37205.0,37208.0,5844,5
1702659600,37209.0,37315.0,37193.0,37299.0,4862,5
1702663200,37299.0,37344.0,37266.0,37329.0,3158,5
1702666800,37329.0,37352.0,37297.0,37316.0,2607,5
1702670400,37314.0,37342.0,37240.0,37250.0,3155,5
1702674000,37249.0,37270.0,37205.0,37244.0,3408,5
1702677600,37245.0,37401.0,37232.0,37321.0,3799,5
1702681200,37318.0,37355.0,37310.0,37334.0,1197,5
1702861200,37353.0,37383.0,37346.0,37382.0,593,5
1702864800,37382.0,37413.0,37379.0,37405.0,617,5
1702868400,37405.0,37411.0,37388.0,37394.0,615,5
1702872000,37394.0,37401.0,37391.0,37398.0,382,5
1702875600,37398.0,37418.0,37394.0,37414.0,269,5
1702879200,37414.0,37427.0,37409.0,37425.0,296,5
1702882800,37425.0,37432.0,37423.0,37428.0,318,5
1702886400,37428.0,37436.0,37421.0,37424.0,364,4
1702890000,37424.0,37434.0,37402.0,37402.0,620,5
1702893600,37402.0,37402.0,37365.0,37391.0,1577,4
1702897200,37392.0,37425.0,37382.0,37414.0,1187,5
1702900800,37414.0,37444.0,37401.0,37410.0,901,5
1702904400,37410.0,37436.0,37393.0,37405.0,1014,5
1702908000,37404.0,37432.0,37404.0,37424.0,976,5
1702911600,37425.0,37431.0,37385.0,37407.0,1529,5
1702915200,37407.0,37451.0,37368.0,37393.0,3701,5
1702918800,37394.0,37403.0,37355.0,37379.0,4075,5
1702922400,37380.0,37457.0,37370.0,37427.0,2760,5
1702926000,37427.0,37436.0,37382.0,37399.0,2060,5
1702929600,37399.0,37400.0,37358.0,37382.0,1851,5
1702933200,37382.0,37405.0,37340.0,37391.0,2195,5
1702936800,37391.0,37407.0,37358.0,37363.0,2495,5
1702940400,37365.0,37365.0,37333.0,37353.0,744,5
1702947600,37347.0,37353.0,37330.0,37344.0,430,5
1702951200,37344.0,37357.0,37337.0,37344.0,464,5
1702954800,37344.0,37347.0,37330.0,37346.0,494,5
1702958400,37346.0,37374.0,37346.0,37361.0,658,5
1702962000,37362.0,37374.0,37358.0,37364.0,461,5
1702965600,37364.0,37368.0,37359.0,37360.0,354,5
1702969200,37360.0,37370.0,37357.0,37367.0,355,5
1702972800,37368.0,37374.0,37355.0,37361.0,434,5
1702976400,37361.0,37374.0,37358.0,37358.0,712,5
1702980000,37358.0,37394.0,37358.0,37378.0,1228,5
1702983600,37378.0,37405.0,37376.0,37384.0,977,5
1702987200,37384.0,37397.0,37378.0,37385.0,833,5
1702990800,37385.0,37401.0,37369.0,37392.0,790,5
1702994400,37393.0,37458.0,37389.0,37449.0,1194,5
1702998000,37449.0,37459.0,37431.0,37436.0,1193,5
1703001600,37436.0,37524.0,37381.0,37509.0,3794,4
1703005200,37510.0,37568.0,37476.0,37556.0,3773,5
1703008800,37556.0,37598.0,37544.0,37555.0,2717,5
1703012400,37555.0,37575.0,37525.0,37562.0,2163,5
1703016000,37561.0,37584.0,37543.0,37581.0,2023,5
1703019600,37581.0,37590.0,37547.0,37561.0,1768,5
1703023200,37561.0,37631.0,37545.0,37621.0,2504,5
1703026800,37615.0,37621.0,37593.0,37606.0,648,5
1703034000,37608.0,37611.0,37596.0,37600.0,337,5
1703037600,37601.0,37616.0,37599.0,37609.0,478,5
1703041200,37609.0,37617.0,37599.0,37614.0,471,5
1703044800,37614.0,37621.0,37609.0,37619.0,426,5
1703048400,37619.0,37635.0,37619.0,37627.0,372,5
1703052000,37627.0,37632.0,37616.0,37630.0,269,5
1703055600,37630.0,37642.0,37625.0,37630.0,499,5
1703059200,37630.0,37636.0,37620.0,37623.0,442,5
1703062800,37623.0,37643.0,37618.0,37630.0,762,5
1703066400,37630.0,37636.0,37613.0,37619.0,1537,5
1703070000,37619.0,37621.0,37581.0,37603.0,1279,5
1703073600,37603.0,37611.0,37574.0,37580.0,1019,5
1703077200,37580.0,37591.0,37565.0,37571.0,978,5
1703080800,37572.0,37572.0,37540.0,37554.0,957,5
1703084400,37554.0,37576.0,37548.0,37556.0,948,5
1703088000,37556.0,37571.0,37522.0,37555.0,3297,5
1703091600,37555.0,37638.0,37555.0,37612.0,3276,5
1703095200,37612.0,37662.0,37606.0,37648.0,2476,5
1703098800,37648.0,37709.0,37645.0,37700.0,2050,5
1703102400,37700.0,37701.0,37649.0,37650.0,2005,5
1703106000,37649.0,37655.0,37374.0,37374.0,4189,5
1703109600,37374.0,37391.0,37131.0,37149.0,7641,5
1703113200,37147.0,37172.0,37087.0,37172.0,1857,5
1703120400,37178.0,37234.0,37177.0,37230.0,653,5
1703124000,37230.0,37231.0,37199.0,37205.0,669,5
1703127600,37205.0,37213.0,37197.0,37205.0,824,5
1703131200,37204.0,37216.0,37196.0,37212.0,542,5
1703134800,37213.0,37213.0,37204.0,37208.0,386,5
1703138400,37208.0,37238.0,37203.0,37237.0,349,4
1703142000,37237.0,37263.0,37233.0,37259.0,472,5
1703145600,37260.0,37273.0,37254.0,37270.0,594,5
1703149200,37270.0,37293.0,37265.0,37281.0,761,5
1703152800,37281.0,37305.0,37266.0,37297.0,1517,5
1703156400,37297.0,37340.0,37296.0,37322.0,1005,5
1703160000,37321.0,37324.0,37282.0,37291.0,1066,5
1703163600,37291.0,37318.0,37289.0,37295.0,946,5
1703167200,37295.0,37311.0,37279.0,37295.0,945,5
1703170800,37295.0,37435.0,37283.0,37377.0,2089,5
1703174400,37377.0,37452.0,37328.0,37366.0,4697,4
1703178000,37366.0,37440.0,37300.0,37354.0,6454,5
1703181600,37354.0,37382.0,37274.0,37279.0,4793,5
1703185200,37279.0,37280.0,37205.0,37222.0,5015,5
1703188800,37221.0,37294.0,37166.0,37288.0,5033,5
1703192400,37289.0,37307.0,37249.0,37274.0,3579,5
1703196000,37273.0,37467.0,37252.0,37449.0,4238,5
1703199600,37446.0,37458.0,37417.0,37417.0,803,5
1703206800,37390.0,37401.0,37355.0,37369.0,733,5
1703210400,37368.0,37374.0,37349.0,37351.0,655,5
1703214000,37351.0,37357.0,37337.0,37343.0,697,5
1703217600,37343.0,37350.0,37336.0,37349.0,479,5
1703221200,37349.0,37355.0,37320.0,37343.0,567,5
1703224800,37343.0,37348.0,37333.0,37338.0,322,5
1703228400,37338.0,37339.0,37321.0,37323.0,593,5
1703232000,37325.0,37337.0,37315.0,37331.0,443,5
1703235600,37331.0,37339.0,37318.0,37319.0,736,5
1703239200,37319.0,37369.0,37319.0,37323.0,1493,5
1703242800,37324.0,37375.0,37324.0,37353.0,1107,5
1703246400,37353.0,37363.0,37326.0,37350.0,902,5
1703250000,37349.0,37370.0,37347.0,37364.0,920,5
1703253600,37364.0,37368.0,37331.0,37335.0,996,5
1703257200,37335.0,37410.0,37294.0,37408.0,2142,4
1703260800,37408.0,37587.0,37389.0,37551.0,3516,5
1703264400,37554.0,37580.0,37483.0,37485.0,4403,5
1703268000,37484.0,37518.0,37440.0,37496.0,3761,5
1703271600,37496.0,37518.0,37470.0,37517.0,3104,5
1703275200,37517.0,37528.0,37481.0,37483.0,1868,5
1703278800,37483.0,37490.0,37317.0,37465.0,5247,5
1703282400,37465.0,37478.0,37398.0,37455.0,3751,5
1703286000,37453.0,37467.0,37401.0,37412.0,920,5
1703552400,37429.0,37524.0,37428.0,37523.0,637,5
1703556000,37523.0,37523.0,37496.0,37505.0,648,5
1703559600,37505.0,37514.0,37496.0,37513.0,383,5
1703563200,37513.0,37515.0,37498.0,37501.0,237,5
1703566800,37501.0,37519.0,37501.0,37509.0,274,5
1703570400,37509.0,37518.0,37505.0,37513.0,266,5
1703574000,37513.0,37526.0,37512.0,37519.0,278,5
1703577600,37519.0,37523.0,37510.0,37514.0,230,5
1703581200,37514.0,37530.0,37514.0,37529.0,296,5
1703584800,37529.0,37536.0,37515.0,37522.0,289,5
1703588400,37522.0,37529.0,37511.0,37517.0,283,5
1703592000,37517.0,37530.0,37511.0,37530.0,254,5
1703595600,37530.0,37536.0,37498.0,37502.0,390,5
1703599200,37502.0,37502.0,37480.0,37496.0,550,5
1703602800,37496.0,37507.0,37479.0,37506.0,635,5
1703606400,37506.0,37516.0,37434.0,37502.0,2824,5
1703610000,37501.0,37563.0,37490.0,37554.0,2548,5
1703613600,37554.0,37576.0,37531.0,37569.0,2278,5
1703617200,37569.0,37603.0,37555.0,37575.0,1934,5
1703620800,37575.0,37611.0,37571.0,37598.0,1660,5
1703624400,37598.0,37653.0,37596.0,37643.0,1493,5
1703628000,37643.0,37693.0,37601.0,37628.0,2613,5
1703631600,37630.0,37651.0,37617.0,37649.0,597,5
1703638800,37652.0,37661.0,37624.0,37635.0,552,5
1703642400,37634.0,37638.0,37611.0,37611.0,510,5
1703646000,37611.0,37624.0,37605.0,37623.0,613,5
1703649600,37623.0,37634.0,37619.0,37621.0,438,5
1703653200,37621.0,37624.0,37614.0,37615.0,313,5
1703656800,37615.0,37628.0,37613.0,37627.0,265,5
1703660400,37627.0,37633.0,37619.0,37632.0,417,5
1703664000,37632.0,37643.0,37627.0,37634.0,410,5
1703667600,37634.0,37648.0,37615.0,37620.0,672,5
1703671200,37621.0,37634.0,37594.0,37621.0,1540,5
1703674800,37621.0,37631.0,37608.0,37628.0,1149,5
1703678400,37628.0,37636.0,37611.0,37632.0,810,5
1703682000,37632.0,37639.0,37613.0,37620.0,738,5
1703685600,37621.0,37625.0,37597.0,37615.0,932,5
1703689200,37616.0,37635.0,37599.0,37601.0,891,5
1703692800,37601.0,37674.0,37556.0,37657.0,3095,5
1703696400,37658.0,37710.0,37643.0,37665.0,3674,5
1703700000,37665.0,37705.0,37645.0,37692.0,2429,5
1703703600,37692.0,37715.0,37663.0,37683.0,2059,5
1703707200,37683.0,37763.0,37679.0,37690.0,2883,5
1703710800,37690.0,37701.0,37614.0,37668.0,3453,5
1703714400,37669.0,37757.0,37641.0,37747.0,3318,5
1703718000,37749.0,37760.0,37732.0,37738.0,726,5
1703725200,37745.0,37748.0,37720.0,37732.0,439,5
1703728800,37732.0,37752.0,37730.0,37751.0,560,5
1703732400,37751.0,37767.0,37749.0,37766.0,567,4
1703736000,37766.0,37775.0,37763.0,37774.0,502,5
1703739600,37774.0,37774.0,37754.0,37763.0,350,5
1703743200,37763.0,37771.0,37753.0,37753.0,265,5
1703746800,37753.0,37771.0,37753.0,37765.0,412,5
1703750400,37765.0,37766.0,37755.0,37762.0,399,5
1703754000,37763.0,37764.0,37749.0,37754.0,525,5
1703757600,37754.0,37757.0,37705.0,37708.0,1109,5
1703761200,37710.0,37711.0,37682.0,37702.0,1097,5
1703764800,37702.0,37718.0,37679.0,37687.0,953,5
1703768400,37687.0,37708.0,37675.0,37687.0,925,5
1703772000,37687.0,37709.0,37676.0,37697.0,800,5
1703775600,37697.0,37721.0,37669.0,37669.0,1114,5
1703779200,37669.0,37771.0,37668.0,37749.0,3339,5
1703782800,37749.0,37788.0,37739.0,37752.0,3215,5
1703786400,37753.0,37772.0,37729.0,37754.0,2618,5
1703790000,37754.0,37807.0,37744.0,37793.0,2093,5
1703793600,37793.0,37817.0,37734.0,37781.0,3004,5
1703797200,37781.0,37820.0,37778.0,37813.0,2162,5
1703800800,37813.0,37831.0,37742.0,37775.0,2987,5
1703804400,37773.0,37782.0,37755.0,37772.0,713,5
1703811600,37769.0,37800.0,37767.0,37796.0,374,5
1703815200,37796.0,37803.0,37791.0,37799.0,488,5
1703818800,37799.0,37808.0,37785.0,37796.0,565,5
1703822400,37796.0,37804.0,37793.0,37800.0,333,5
1703826000,37800.0,37809.0,37795.0,37797.0,230,5
1703829600,37797.0,37804.0,37792.0,37796.0,276,5
1703833200,37796.0,37803.0,37794.0,37801.0,316,5
1703836800,37802.0,37808.0,37801.0,37806.0,218,5
1703840400,37806.0,37818.0,37805.0,37817.0,403,5
1703844000,37817.0,37839.0,37809.0,37818.0,993,5
1703847600,37818.0,37831.0,37792.0,37797.0,848,5
1703851200,37797.0,37807.0,37784.0,37800.0,926,5
1703854800,37800.0,37807.0,37791.0,37793.0,684,5
1703858400,37793.0,37797.0,37760.0,37770.0,1008,5
1703862000,37770.0,37786.0,37761.0,37764.0,768,5
1703865600,37764.0,37803.0,37746.0,37765.0,2491,5
1703869200,37765.0,37787.0,37693.0,37724.0,3585,5
1703872800,37726.0,37750.0,37621.0,37640.0,4482,5
1703876400,37640.0,37685.0,37591.0,37677.0,3481,5
1703880000,37676.0,37718.0,37663.0,37699.0,2944,5
1703883600,37700.0,37745.0,37693.0,37735.0,2435,5
1703887200,37734.0,37777.0,37677.0,37751.0,3991,5
1703890800,37755.0,37755.0,37707.0,37707.0,893,5
1704157200,37774.0,37817.0,37771.0,37797.0,598,5
1704160800,37797.0,37805.0,37785.0,37791.0,304,5
1704164400,37791.0,37811.0,37773.0,37781.0,639,5
1704168000,37781.0,37791.0,37779.0,37790.0,385,5
1704171600,37790.0,37799.0,37786.0,37796.0,291,5
1704175200,37796.0,37811.0,37793.0,37807.0,261,5
1704178800,37807.0,37827.0,37807.0,37814.0,356,5
1704182400,37814.0,37816.0,37799.0,37805.0,438,5
1704186000,37805.0,37831.0,37804.0,37816.0,669,5
1704189600,37819.0,37884.0,37819.0,37881.0,1763,5
1704193200,37881.0,37881.0,37775.0,37783.0,1481,5
1704196800,37782.0,37787.0,37741.0,37757.0,1331,5
1704200400,37758.0,37759.0,37586.0,37620.0,2338,5
1704204000,37620.0,37620.0,37536.0,37544.0,1865,5
1704207600,37544.0,37589.0,37534.0,37553.0,1899,5
1704211200,37553.0,37715.0,37531.0,37715.0,5046,5
1704214800,37713.0,37767.0,37674.0,37743.0,5289,5
1704218400,37742.0,37798.0,37711.0,37791.0,3619,5
1704222000,37791.0,37839.0,37782.0,37810.0,3462,5
1704225600,37810.0,37811.0,37735.0,37747.0,3261,5
1704229200,37748.0,37753.0,37650.0,37651.0,3232,5
1704232800,37651.0,37775.0,37627.0,37773.0,4135,5
1704236400,37767.0,37781.0,37755.0,37771.0,898,5
1704243600,37777.0,37787.0,37763.0,37783.0,415,5
1704247200,37783.0,37784.0,37761.0,37768.0,432,5
1704250800,37768.0,37772.0,37759.0,37763.0,554,5
1704254400,37763.0,37767.0,37753.0,37757.0,379,5
1704258000,37757.0,37764.0,37747.0,37747.0,395,5
1704261600,37747.0,37753.0,37742.0,37744.0,370,5
1704265200,37744.0,37745.0,37731.0,37739.0,432,5
1704268800,37739.0,37749.0,37736.0,37745.0,338,5
1704272400,37745.0,37756.0,37730.0,37743.0,650,5
1704276000,37743.0,37775.0,37736.0,37747.0,1939,5
1704279600,37747.0,37752.0,37703.0,37707.0,1653,5
1704283200,37707.0,37715.0,37679.0,37697.0,1518,5
1704286800,37697.0,37707.0,37653.0,37668.0,1231,5
1704290400,37669.0,37669.0,37629.0,37647.0,1521,5
1704294000,37647.0,37684.0,37630.0,37633.0,1584,5
1704297600,37633.0,37668.0,37550.0,37567.0,4643,5
1704301200,37560.0,37622.0,37444.0,37486.0,5660,5
1704304800,37485.0,37530.0,37475.0,37507.0,4634,5
1704308400,37507.0,37597.0,37480.0,37593.0,3271,5
1704312000,37592.0,37630.0,37578.0,37582.0,2978,5
1704315600,37582.0,37656.0,37506.0,37599.0,6257,5
1704319200,37599.0,37599.0,37440.0,37474.0,4583,5
1704322800,37475.0,37493.0,37456.0,37493.0,939,5
1704330000,37509.0,37520.0,37482.0,37495.0,425,5
1704333600,37495.0,37512.0,37475.0,37510.0,587,5
1704337200,37510.0,37517.0,37500.0,37511.0,589,5
1704340800,37511.0,37515.0,37491.0,37507.0,483,5
1704344400,37507.0,37517.0,37494.0,37498.0,390,5
1704348000,37498.0,37508.0,37494.0,37494.0,317,5
1704351600,37494.0,37497.0,37477.0,37481.0,351,5
1704355200,37481.0,37512.0,37481.0,37510.0,485,5
1704358800,37510.0,37524.0,37500.0,37507.0,765,5
1704362400,37507.0,37550.0,37502.0,37513.0,1949,5
1704366000,37513.0,37522.0,37487.0,37519.0,1724,5
1704369600,37519.0,37533.0,37488.0,37520.0,1306,5
1704373200,37520.0,37547.0,37489.0,37507.0,1340,5
1704376800,37507.0,37576.0,37499.0,37558.0,1670,5
1704380400,37557.0,37573.0,37532.0,37551.0,2026,5
1704384000,37551.0,37596.0,37488.0,37588.0,4585,5
1704387600,37588.0,37673.0,37581.0,37655.0,4377,5
1704391200,37655.0,37753.0,37649.0,37667.0,4030,5
1704394800,37667.0,37671.0,37536.0,37569.0,3748,5
1704398400,37570.0,37605.0,37561.0,37580.0,3063,5
1704402000,37580.0,37606.0,37537.0,37581.0,3310,5
1704405600,37582.0,37593.0,37468.0,37491.0,4077,5
1704409200,37493.0,37526.0,37476.0,37522.0,885,5
1704416400,37539.0,37553.0,37532.0,37532.0,481,5
1704420000,37532.0,37544.0,37524.0,37532.0,557,5
1704423600,37532.0,37545.0,37523.0,37539.0,589,5
1704427200,37539.0,37539.0,37516.0,37518.0,495,5
1704430800,37518.0,37527.0,37513.0,37513.0,394,5
1704434400,37514.0,37529.0,37506.0,37511.0,434,5
1704438000,37511.0,37514.0,37500.0,37501.0,490,5
1704441600,37501.0,37511.0,37451.0,37470.0,675,5
1704445200,37470.0,37495.0,37449.0,37461.0,871,5
1704448800,37461.0,37486.0,37449.0,37456.0,1960,5
1704452400,37455.0,37457.0,37395.0,37400.0,1660,5
1704456000,37400.0,37418.0,37378.0,37414.0,1466,5
1704459600,37414.0,37425.0,37362.0,37401.0,1256,5
1704463200,37402.0,37426.0,37379.0,37391.0,1368,5
1704466800,37392.0,37441.0,37280.0,37414.0,4105,5
1704470400,37415.0,37517.0,37407.0,37487.0,5529,5
1704474000,37487.0,37656.0,37487.0,37589.0,6559,5
1704477600,37589.0,37612.0,37476.0,37478.0,4207,5
1704481200,37477.0,37481.0,37363.0,37394.0,4513,5
1704484800,37394.0,37534.0,37347.0,37507.0,4404,5
1704488400,37508.0,37556.0,37406.0,37417.0,4371,5
1704492000,37416.0,37531.0,37402.0,37493.0,4220,5
1704495600,37497.0,37510.0,37474.0,37481.0,712,5
1704675600,37463.0,37496.0,37442.0,37453.0,749,4
1704679200,37453.0,37466.0,37439.0,37443.0,391,5
1704682800,37443.0,37447.0,37378.0,37383.0,612,4
1704686400,37383.0,37389.0,37359.0,37384.0,646,4
1704690000,37384.0,37385.0,37357.0,37363.0,503,4
1704693600,37363.0,37378.0,37358.0,37377.0,259,5
1704697200,37377.0,37383.0,37366.0,37372.0,413,5
1704700800,37372.0,37386.0,37357.0,37357.0,639,5
1704704400,37358.0,37384.0,37355.0,37356.0,844,5
1704708000,37356.0,37415.0,37346.0,37380.0,2392,5
1704711600,37379.0,37380.0,37259.0,37333.0,2394,4
1704715200,37333.0,37343.0,37310.0,37315.0,1680,5
1704718800,37315.0,37362.0,37297.0,37349.0,1467,5
1704722400,37349.0,37368.0,37327.0,37367.0,1435,5
1704726000,37366.0,37403.0,37354.0,37364.0,1856,5
1704729600,37364.0,37406.0,37283.0,37342.0,4702,5
1704733200,37342.0,37472.0,37330.0,37418.0,3721,5
1704736800,37418.0,37453.0,37383.0,37445.0,3824,5
1704740400,37444.0,37507.0,37413.0,37494.0,2935,5
1704744000,37494.0,37537.0,37473.0,37532.0,2534,5
1704747600,37532.0,37677.0,37524.0,37657.0,2768,5
1704751200,37658.0,37735.0,37637.0,37720.0,4023,5
1704754800,37715.0,37718.0,37678.0,37681.0,839,5
1704762000,37682.0,37688.0,37674.0,37688.0,436,5
1704765600,37688.0,37692.0,37675.0,37676.0,550,5
1704769200,37676.0,37682.0,37665.0,37674.0,524,5
1704772800,37674.0,37681.0,37667.0,37673.0,394,5
1704776400,37673.0,37682.0,37667.0,37675.0,350,5
1704780000,37675.0,37676.0,37661.0,37670.0,349,5
1704783600,37670.0,37674.0,37662.0,37664.0,373,5
1704787200,37664.0,37677.0,37661.0,37670.0,450,5
1704790800,37670.0,37670.0,37653.0,37655.0,746,5
1704794400,37655.0,37658.0,37597.0,37611.0,1851,5
1704798000,37610.0,37622.0,37571.0,37613.0,1695,5
1704801600,37613.0,37622.0,37595.0,37604.0,1437,5
1704805200,37604.0,37608.0,37545.0,37551.0,1337,5
1704808800,37551.0,37596.0,37538.0,37585.0,1260,5
1704812400,37585.0,37586.0,37523.0,37525.0,1793,5
1704816000,37525.0,37540.0,37403.0,37444.0,4696,5
1704819600,37444.0,37501.0,37400.0,37428.0,4667,5
1704823200,37428.0,37558.0,37426.0,37558.0,3395,5
1704826800,37558.0,37574.0,37530.0,37545.0,2665,5
1704830400,37545.0,37589.0,37463.0,37567.0,3863,5
1704834000,37567.0,37577.0,37491.0,37528.0,3668,5
1704837600,37527.0,37580.0,37492.0,37555.0,4445,5
1704841200,37553.0,37562.0,37523.0,37528.0,966,5
1704848400,37532.0,37541.0,37510.0,37540.0,378,5
1704852000,37540.0,37559.0,37534.0,37539.0,680,5
1704855600,37539.0,37540.0,37522.0,37527.0,784,5
1704859200,37527.0,37536.0,37519.0,37533.0,482,5
1704862800,37533.0,37537.0,37505.0,37514.0,527,5
1704866400,37514.0,37529.0,37508.0,37512.0,447,5
1704870000,37512.0,37521.0,37502.0,37516.0,530,5
1704873600,37516.0,37525.0,37495.0,37506.0,562,5
1704877200,37506.0,37540.0,37502.0,37529.0,845,5
1704880800,37529.0,37539.0,37503.0,37527.0,1782,5
1704884400,37527.0,37587.0,37525.0,37561.0,1354,5
1704888000,37561.0,37564.0,37527.0,37530.0,1190,5
1704891600,37530.0,37540.0,37502.0,37510.0,1147,5
1704895200,37510.0,37552.0,37507.0,37538.0,1180,5
1704898800,37538.0,37571.0,37526.0,37546.0,1567,5
1704902400,37546.0,37696.0,37534.0,37616.0,4358,5
1704906000,37618.0,37646.0,37555.0,37633.0,4730,5
1704909600,37632.0,37636.0,37575.0,37600.0,3320,5
1704913200,37601.0,37627.0,37577.0,37618.0,2566,5
1704916800,37618.0,37653.0,37582.0,37640.0,3394,5
1704920400,37640.0,37765.0,37632.0,37758.0,2918,5
1704924000,37757.0,37780.0,37637.0,37722.0,4816,5
1704927600,37723.0,37738.0,37713.0,37733.0,905,5
1704934800,37730.0,37745.0,37703.0,37736.0,635,5
1704938400,37736.0,37766.0,37728.0,37757.0,764,5
1704942000,37758.0,37774.0,37757.0,37774.0,773,5
1704945600,37774.0,37790.0,37768.0,37773.0,605,5
1704949200,37773.0,37792.0,37772.0,37791.0,368,5
1704952800,37791.0,37792.0,37784.0,37791.0,422,5
1704956400,37791.0,37798.0,37779.0,37785.0,620,5
1704960000,37785.0,37821.0,37783.0,37810.0,606,5
1704963600,37810.0,37828.0,37808.0,37809.0,774,5
1704967200,37808.0,37839.0,37796.0,37827.0,1843,5
1704970800,37827.0,37829.0,37760.0,37769.0,1456,5
1704974400,37769.0,37777.0,37713.0,37724.0,1166,5
1704978000,37724.0,37766.0,37722.0,37728.0,1158,5
1704981600,37728.0,37750.0,37704.0,37733.0,1201,5
1704985200,37733.0,37788.0,37618.0,37653.0,4543,5
1704988800,37655.0,37829.0,37608.0,37631.0,6202,4
1704992400,37630.0,37644.0,37448.0,37506.0,7589,5
1704996000,37506.0,37529.0,37431.0,37452.0,6095,5
1704999600,37453.0,37575.0,37447.0,37557.0,4151,5
1705003200,37558.0,37666.0,37554.0,37661.0,3872,5
1705006800,37661.0,37754.0,37636.0,37744.0,3818,5
1705010400,37744.0,37752.0,37662.0,37726.0,4618,4
1705014000,37723.0,37727.0,37700.0,37713.0,775,5
1705021200,37716.0,37732.0,37705.0,37722.0,632,5
1705024800,37722.0,37737.0,37691.0,37698.0,1229,5
1705028400,37699.0,37713.0,37680.0,37705.0,1098,5
1705032000,37705.0,37734.0,37704.0,37726.0,756,5
1705035600,37726.0,37728.0,37716.0,37717.0,486,5
1705039200,37717.0,37717.0,37680.0,37701.0,560,5
1705042800,37701.0,37718.0,37697.0,37698.0,821,5
1705046400,37698.0,37717.0,37696.0,37715.0,668,5
1705050000,37717.0,37723.0,37656.0,37657.0,1306,5
1705053600,37657.0,37804.0,37657.0,37788.0,2527,5
1705057200,37786.0,37812.0,37766.0,37769.0,1903,5
1705060800,37770.0,37805.0,37697.0,37714.0,2140,5
1705064400,37715.0,37752.0,37459.0,37529.0,2633,4
1705068000,37529.0,37599.0,37529.0,37560.0,2326,5
1705071600,37560.0,37646.0,37533.0,37636.0,3919,5
1705075200,37637.0,37839.0,37626.0,37651.0,5464,5
1705078800,37652.0,37667.0,37479.0,37513.0,7498,5
1705082400,37513.0,37578.0,37490.0,37524.0,5492,5
1705086000,37525.0,37573.0,37499.0,37547.0,4270,4
1705089600,37548.0,37622.0,37548.0,37614.0,3089,5
1705093200,37614.0,37642.0,37551.0,37560.0,3206,5
1705096800,37558.0,37615.0,37540.0,37598.0,3564,5
1705100400,37599.0,37602.0,37541.0,37549.0,846,5
1705280400,37565.0,37585.0,37536.0,37580.0,774,4
1705284000,37579.0,37595.0,37563.0,37591.0,755,4
1705287600,37591.0,37600.0,37572.0,37597.0,843,5
1705291200,37597.0,37636.0,37597.0,37633.0,539,5
1705294800,37633.0,37639.0,37625.0,37631.0,484,5
1705298400,37631.0,37639.0,37625.0,37639.0,391,5
1705302000,37639.0,37639.0,37612.0,37617.0,405,5
1705305600,37617.0,37634.0,37616.0,37629.0,467,5
1705309200,37629.0,37644.0,37589.0,37591.0,840,5
1705312800,37591.0,37621.0,37548.0,37548.0,2125,5
1705316400,37548.0,37611.0,37529.0,37566.0,2094,5
1705320000,37567.0,37593.0,37539.0,37564.0,2120,4
1705323600,37564.0,37591.0,37542.0,37551.0,1727,5
1705327200,37551.0,37593.0,37526.0,37564.0,2623,4
1705330800,37564.0,37571.0,37518.0,37531.0,1921,4
1705334400,37531.0,37585.0,37525.0,37580.0,1823,4
1705338000,37580.0,37609.0,37577.0,37588.0,1226,5
1705341600,37588.0,37605.0,37568.0,37574.0,995,5
1705345200,37574.0,37600.0,37567.0,37589.0,527,5
1705366800,37576.0,37591.0,37554.0,37558.0,603,5
1705370400,37558.0,37559.0,37497.0,37497.0,1073,5
1705374000,37497.0,37534.0,37483.0,37520.0,1245,5
1705377600,37520.0,37534.0,37506.0,37517.0,844,5
1705381200,37517.0,37519.0,37489.0,37505.0,762,5
1705384800,37505.0,37506.0,37483.0,37497.0,419,5
1705388400,37497.0,37499.0,37473.0,37475.0,642,5
1705392000,37475.0,37480.0,37453.0,37474.0,816,5
1705395600,37474.0,37487.0,37447.0,37467.0,1192,5
1705399200,37467.0,37467.0,37402.0,37444.0,3398,5
1705402800,37444.0,37485.0,37432.0,37449.0,2179,5
1705406400,37449.0,37453.0,37402.0,37424.0,1821,5
1705410000,37424.0,37501.0,37416.0,37487.0,1474,5
1705413600,37485.0,37570.0,37476.0,37553.0,2039,5
1705417200,37553.0,37568.0,37463.0,37464.0,2666,5
1705420800,37464.0,37568.0,37333.0,37399.0,5622,5
1705424400,37399.0,37535.0,37399.0,37481.0,5379,5
1705428000,37481.0,37491.0,37367.0,37412.0,6852,5
1705431600,37413.0,37422.0,37306.0,37313.0,4429,5
1705435200,37313.0,37390.0,37261.0,37292.0,3813,5
1705438800,37292.0,37298.0,37213.0,37287.0,3587,5
1705442400,37287.0,37383.0,37278.0,37373.0,3274,5
1705446000,37375.0,37386.0,37357.0,37360.0,929,5
1705453200,37373.0,37381.0,37359.0,37378.0,452,5
1705456800,37378.0,37379.0,37349.0,37357.0,836,5
1705460400,37357.0,37361.0,37334.0,37348.0,931,5
1705464000,37348.0,37353.0,37326.0,37326.0,777,5
1705467600,37326.0,37331.0,37293.0,37297.0,633,5
1705471200,37297.0,37326.0,37297.0,37322.0,537,5
1705474800,37322.0,37322.0,37289.0,37292.0,678,5
1705478400,37291.0,37300.0,37239.0,37250.0,1421,5
1705482000,37250.0,37262.0,37219.0,37251.0,2084,5
1705485600,37248.0,37282.0,37233.0,37243.0,2909,5
1705489200,37241.0,37257.0,37208.0,37243.0,2354,5
1705492800,37243.0,37254.0,37213.0,37228.0,1728,5
1705496400,37228.0,37240.0,37194.0,37231.0,1530,5
1705500000,37231.0,37276.0,37223.0,37255.0,1495,5
1705503600,37255.0,37257.0,37179.0,37190.0,3012,5
1705507200,37190.0,37285.0,37166.0,37261.0,5220,5
1705510800,37259.0,37356.0,37252.0,37337.0,5820,5
1705514400,37336.0,37387.0,37329.0,37335.0,3576,5
1705518000,37334.0,37339.0,37240.0,37267.0,3278,5
1705521600,37267.0,37295.0,37143.0,37202.0,3708,5
1705525200,37202.0,37247.0,37187.0,37231.0,3042,5
1705528800,37231.0,37315.0,37173.0,37288.0,3570,5
1705532400,37289.0,37299.0,37276.0,37284.0,769,5
1705539600,37269.0,37294.0,37260.0,37288.0,716,5
1705543200,37289.0,37300.0,37273.0,37299.0,948,5
1705546800,37299.0,37299.0,37265.0,37286.0,969,5
1705550400,37285.0,37292.0,37266.0,37270.0,766,5
1705554000,37270.0,37282.0,37255.0,37257.0,699,4
1705557600,37257.0,37260.0,37235.0,37249.0,500,5
1705561200,37249.0,37268.0,37241.0,37263.0,701,5
1705564800,37263.0,37284.0,37261.0,37275.0,756,5
1705568400,37275.0,37286.0,37253.0,37272.0,889,5
1705572000,37272.0,37290.0,37256.0,37279.0,2035,5
1705575600,37279.0,37292.0,37260.0,37272.0,1548,5
1705579200,37272.0,37323.0,37248.0,37322.0,963,5
1705582800,37322.0,37346.0,37251.0,37252.0,1700,5
1705586400,37252.0,37289.0,37200.0,37217.0,1706,5
1705590000,37218.0,37261.0,37193.0,37198.0,2568,4
1705593600,37199.0,37255.0,37135.0,37192.0,5122,4
1705597200,37191.0,37297.0,37184.0,37224.0,5318,5
1705600800,37224.0,37304.0,37191.0,37256.0,4282,5
1705604400,37256.0,37262.0,37163.0,37201.0,3646,5
1705608000,37201.0,37312.0,37163.0,37292.0,3934,5
1705611600,37292.0,37446.0,37289.0,37422.0,3822,5
1705615200,37422.0,37538.0,37417.0,37485.0,3928,5
1705618800,37484.0,37494.0,37446.0,37482.0,932,5
1705626000,37476.0,37491.0,37461.0,37489.0,782,5
1705629600,37487.0,37492.0,37464.0,37471.0,862,5
1705633200,37471.0,37477.0,37425.0,37459.0,1102,5
1705636800,37459.0,37468.0,37447.0,37459.0,764,5
1705640400,37459.0,37466.0,37454.0,37463.0,515,5
1705644000,37463.0,37465.0,37452.0,37452.0,391,5
1705647600,37452.0,37461.0,37434.0,37436.0,543,5
1705651200,37436.0,37462.0,37434.0,37456.0,590,5
1705654800,37456.0,37518.0,37452.0,37501.0,1265,5
1705658400,37501.0,37516.0,37479.0,37514.0,2029,5
1705662000,37514.0,37570.0,37512.0,37563.0,1723,5
1705665600,37563.0,37566.0,37532.0,37559.0,1434,5
1705669200,37560.0,37624.0,37552.0,37617.0,1394,5
1705672800,37617.0,37665.0,37612.0,37661.0,1627,5
1705676400,37661.0,37724.0,37653.0,37664.0,2051,5
1705680000,37664.0,37669.0,37462.0,37548.0,4934,5
1705683600,37548.0,37618.0,37490.0,37607.0,6198,5
1705687200,37608.0,37676.0,37584.0,37618.0,4003,5
1705690800,37618.0,37727.0,37584.0,37727.0,3681,5
1705694400,37728.0,37854.0,37697.0,37849.0,3326,5
1705698000,37851.0,37957.0,37838.0,37901.0,4049,5
1705701600,37901.0,37919.0,37847.0,37877.0,4167,5
1705705200,37875.0,37906.0,37860.0,37874.0,1075,5
1705885200,37913.0,37956.0,37903.0,37919.0,982,4
1705888800,37919.0,37992.0,37910.0,37988.0,1063,4
1705892400,37987.0,38000.0,37948.0,37959.0,1319,4
1705896000,37959.0,37969.0,37937.0,37949.0,771,4
1705899600,37949.0,37960.0,37936.0,37947.0,596,4
1705903200,37947.0,37957.0,37941.0,37944.0,387,5
1705906800,37944.0,37949.0,37930.0,37937.0,662,4
1705910400,37937.0,37950.0,37924.0,37931.0,830,5
1705914000,37931.0,37936.0,37903.0,37931.0,1212,4
1705917600,37930.0,37965.0,37922.0,37943.0,2164,4
1705921200,37943.0,37947.0,37907.0,37941.0,1494,4
1705924800,37941.0,37949.0,37927.0,37930.0,1106,5
1705928400,37930.0,37958.0,37928.0,37939.0,1041,5
1705932000,37942.0,37982.0,37940.0,37979.0,1218,5
1705935600,37979.0,38003.0,37963.0,38001.0,1680,5
1705939200,38000.0,38121.0,37956.0,38100.0,4738,5
1705942800,38103.0,38142.0,38052.0,38071.0,5601,5
1705946400,38071.0,38073.0,37998.0,38034.0,3881,5
1705950000,38034.0,38043.0,37994.0,38018.0,3382,5
1705953600,38018.0,38021.0,37938.0,38007.0,3355,5
1705957200,38007.0,38021.0,37959.0,38006.0,3161,5
1705960800,38006.0,38051.0,37989.0,38040.0,3403,5
1705964400,38044.0,38047.0,38023.0,38026.0,849,5
1705971600,38039.0,38039.0,38018.0,38024.0,508,4
1705975200,38024.0,38037.0,38019.0,38034.0,759,5
1705978800,38035.0,38042.0,38007.0,38033.0,967,5
1705982400,38033.0,38051.0,38022.0,38031.0,877,5
1705986000,38031.0,38040.0,38020.0,38022.0,976,5
1705989600,38022.0,38038.0,38022.0,38026.0,508,5
1705993200,38027.0,38035.0,38021.0,38026.0,676,5
1705996800,38026.0,38039.0,38023.0,38034.0,575,5
1706000400,38033.0,38051.0,38030.0,38044.0,947,5
1706004000,38044.0,38056.0,38001.0,38006.0,1667,5
1706007600,38006.0,38031.0,38002.0,38026.0,1292,5
1706011200,38026.0,38033.0,38011.0,38021.0,1289,5
1706014800,38021.0,38032.0,37955.0,37982.0,1662,5
1706018400,37983.0,38019.0,37981.0,37997.0,1188,5
1706022000,37997.0,38028.0,37990.0,37991.0,1421,5
1706025600,37990.0,38018.0,37924.0,37952.0,4527,5
1706029200,37954.0,37986.0,37874.0,37878.0,4723,5
1706032800,37879.0,37902.0,37822.0,37857.0,3395,5
1706036400,37857.0,37891.0,37838.0,37888.0,2609,5
1706040000,37889.0,37925.0,37868.0,37919.0,2277,5
1706043600,37919.0,37939.0,37887.0,37929.0,2288,5
1706047200,37930.0,37962.0,37905.0,37936.0,3199,5
1706050800,37939.0,37956.0,37928.0,37951.0,1161,5
1706058000,37949.0,37968.0,37946.0,37965.0,443,5
1706061600,37965.0,37965.0,37952.0,37960.0,497,5
1706065200,37960.0,37964.0,37943.0,37946.0,745,5
1706068800,37946.0,37952.0,37938.0,37952.0,452,5
1706072400,37952.0,37965.0,37950.0,37953.0,460,5
1706076000,37953.0,37960.0,37952.0,37957.0,289,5
1706079600,37957.0,37971.0,37954.0,37962.0,536,5
1706083200,37962.0,37974.0,37962.0,37966.0,564,5
1706086800,37965.0,38005.0,37957.0,37987.0,957,5
1706090400,37987.0,38006.0,37980.0,37989.0,1860,5
1706094000,37987.0,38004.0,37976.0,38002.0,1368,5
1706097600,38003.0,38009.0,37964.0,37993.0,1027,5
1706101200,37993.0,38032.0,37993.0,38019.0,1018,5
1706104800,38019.0,38043.0,38011.0,38042.0,1067,5
1706108400,38042.0,38105.0,38040.0,38085.0,1631,5
1706112000,38084.0,38096.0,37987.0,38003.0,4919,4
1706115600,38002.0,38062.0,37950.0,38019.0,5172,5
1706119200,38020.0,38090.0,38018.0,38068.0,4326,5
1706122800,38067.0,38081.0,38028.0,38078.0,3170,5
1706126400,38078.0,38080.0,37931.0,37963.0,4179,4
1706130000,37963.0,37968.0,37881.0,37929.0,4145,5
1706133600,37929.0,37947.0,37821.0,37841.0,4038,5
1706137200,37839.0,37900.0,37804.0,37897.0,1477,5
1706144400,37919.0,37923.0,37843.0,37880.0,725,5
1706148000,37880.0,37901.0,37866.0,37901.0,671,5
1706151600,37901.0,37916.0,37870.0,37889.0,954,5
1706155200,37889.0,37905.0,37872.0,37889.0,820,5
1706158800,37889.0,37898.0,37882.0,37894.0,616,5
1706162400,37894.0,37915.0,37892.0,37905.0,371,5
1706166000,37905.0,37920.0,37900.0,37919.0,652,5
1706169600,37918.0,37931.0,37908.0,37924.0,630,5
1706173200,37922.0,37947.0,37917.0,37924.0,853,5
1706176800,37923.0,37935.0,37899.0,37925.0,1911,5
1706180400,37925.0,37948.0,37903.0,37933.0,1473,5
1706184000,37933.0,37941.0,37909.0,37927.0,1047,5
1706187600,37927.0,37943.0,37788.0,37839.0,1591,4
1706191200,37839.0,37855.0,37796.0,37800.0,1176,5
1706194800,37800.0,37936.0,37770.0,37919.0,2648,5
1706198400,37919.0,38002.0,37877.0,38002.0,5449,5
1706202000,38002.0,38055.0,37847.0,37869.0,6085,5
1706205600,37870.0,37947.0,37853.0,37915.0,4511,5
1706209200,37915.0,37924.0,37809.0,37845.0,4105,5
1706212800,37845.0,37908.0,37835.0,37869.0,4426,5
1706216400,37869.0,37936.0,37827.0,37928.0,4215,5
1706220000,37929.0,38076.0,37901.0,38072.0,3906,5
1706223600,38075.0,38075.0,38005.0,38010.0,1535,5
1706230800,38014.0,38022.0,37992.0,37993.0,784,5
1706234400,37993.0,38001.0,37980.0,37990.0,745,5
1706238000,37987.0,37998.0,37975.0,37992.0,774,5
1706241600,37992.0,38011.0,37987.0,37988.0,554,5
1706245200,37988.0,37998.0,37982.0,37987.0,471,5
1706248800,37987.0,37988.0,37932.0,37937.0,652,5
1706252400,37937.0,37970.0,37937.0,37959.0,718,5
1706256000,37960.0,37960.0,37916.0,37933.0,919,5
1706259600,37934.0,37956.0,37919.0,37926.0,1182,5
1706263200,37926.0,37968.0,37923.0,37961.0,1947,5
1706266800,37962.0,38005.0,37942.0,37998.0,1420,5
1706270400,37998.0,38016.0,37994.0,38006.0,1192,5
1706274000,38005.0,38030.0,37996.0,38007.0,1125,5
1706277600,38007.0,38076.0,38007.0,38047.0,1445,5
1706281200,38047.0,38088.0,37967.0,38075.0,2858,5
1706284800,38074.0,38145.0,37991.0,38102.0,5309,5
1706288400,38102.0,38238.0,38069.0,38219.0,5194,5
1706292000,38216.0,38225.0,38154.0,38198.0,3492,5
1706295600,38199.0,38208.0,38056.0,38087.0,3678,4
1706299200,38085.0,38128.0,38039.0,38073.0,3454,4
1706302800,38073.0,38151.0,38069.0,38138.0,3081,5
1706306400,38139.0,38145.0,38084.0,38124.0,3281,4
1706310000,38121.0,38123.0,38103.0,38104.0,716,4
1706490000,38089.0,38089.0,38036.0,38048.0,915,4
1706493600,38049.0,38054.0,38035.0,38051.0,560,4
1706497200,38051.0,38079.0,38046.0,38075.0,897,5
1706500800,38075.0,38077.0,38060.0,38067.0,552,5
1706504400,38067.0,38075.0,38060.0,38072.0,501,5
1706508000,38072.0,38077.0,38069.0,38073.0,360,5
1706511600,38073.0,38086.0,38070.0,38086.0,479,5
1706515200,38086.0,38098.0,38086.0,38091.0,514,5
1706518800,38091.0,38130.0,38090.0,38130.0,733,5
1706522400,38130.0,38136.0,38105.0,38119.0,1222,5
1706526000,38119.0,38123.0,38075.0,38077.0,1153,5
1706529600,38077.0,38114.0,38066.0,38111.0,906,5
1706533200,38111.0,38130.0,38106.0,38121.0,728,5
1706536800,38121.0,38139.0,38106.0,38114.0,988,5
1706540400,38114.0,38130.0,38105.0,38120.0,1299,5
1706544000,38120.0,38186.0,38096.0,38174.0,3389,5
1706547600,38174.0,38200.0,38094.0,38109.0,3787,5
1706551200,38110.0,38153.0,38100.0,38141.0,2741,5
1706554800,38140.0,38155.0,38091.0,38111.0,2536,5
1706558400,38111.0,38149.0,38084.0,38132.0,2042,5
1706562000,38132.0,38199.0,38120.0,38181.0,1993,5
1706565600,38185.0,38340.0,38184.0,38340.0,3177,5
1706569200,38340.0,38340.0,38314.0,38314.0,836,5
1706576400,38310.0,38332.0,38305.0,38325.0,529,5
1706580000,38325.0,38340.0,38312.0,38332.0,597,5
1706583600,38331.0,38340.0,38329.0,38336.0,535,5
1706587200,38336.0,38340.0,38326.0,38336.0,443,5
1706590800,38336.0,38340.0,38322.0,38323.0,331,5
1706594400,38323.0,38332.0,38316.0,38317.0,331,5
1706598000,38317.0,38336.0,38313.0,38325.0,405,5
1706601600,38325.0,38333.0,38312.0,38313.0,471,5
1706605200,38313.0,38315.0,38286.0,38314.0,816,5
1706608800,38314.0,38334.0,38302.0,38323.0,1538,5
1706612400,38324.0,38338.0,38313.0,38319.0,1084,5
1706616000,38319.0,38334.0,38313.0,38317.0,881,5
1706619600,38317.0,38322.0,38301.0,38317.0,891,5
1706623200,38317.0,38326.0,38293.0,38308.0,761,5
1706626800,38308.0,38311.0,38271.0,38285.0,1304,5
1706630400,38285.0,38340.0,38281.0,38340.0,2361,5
1706634000,38339.0,38340.0,38277.0,38320.0,4241,5
1706637600,38320.0,38340.0,38318.0,38339.0,605,5
1706698800,38543.0,38555.0,38522.0,38526.0,1381,5
1706702400,38526.0,38552.0,38521.0,38549.0,922,5
1706706000,38549.0,38577.0,38545.0,38553.0,837,5
1706709600,38554.0,38558.0,38501.0,38551.0,1363,5
1706713200,38551.0,38594.0,38522.0,38542.0,2554,5
1706716800,38541.0,38610.0,38490.0,38521.0,4955,5
1706720400,38522.0,38541.0,38477.0,38515.0,5003,5
1706724000,38515.0,38555.0,38438.0,38497.0,3978,5
1706727600,38496.0,38542.0,38468.0,38535.0,3170,5
1706731200,38535.0,38541.0,38472.0,38490.0,2844,5
1706734800,38490.0,38580.0,38390.0,38424.0,9616,5
1706738400,38428.0,38430.0,38162.0,38165.0,8515,5
1706742000,38161.0,38208.0,38140.0,38183.0,1761,5
1706749200,38193.0,38207.0,38162.0,38199.0,787,5
1706752800,38199.0,38238.0,38199.0,38210.0,733,5
1706756400,38210.0,38222.0,38197.0,38215.0,962,5
1706760000,38215.0,38248.0,38214.0,38233.0,847,5
1706763600,38233.0,38237.0,38217.0,38228.0,526,5
1706767200,38228.0,38238.0,38222.0,38226.0,243,5
1706770800,38224.0,38226.0,38209.0,38210.0,330,5
1706774400,38211.0,38217.0,38179.0,38181.0,717,5
1706778000,38181.0,38215.0,38171.0,38209.0,1154,5
1706781600,38209.0,38225.0,38184.0,38214.0,1986,5
1706785200,38214.0,38227.0,38198.0,38219.0,1434,5
1706788800,38219.0,38234.0,38208.0,38228.0,920,5
1706792400,38228.0,38228.0,38175.0,38212.0,1096,5
1706796000,38212.0,38255.0,38204.0,38247.0,1097,5
1706799600,38247.0,38247.0,38136.0,38183.0,2101,5
1706803200,38183.0,38266.0,38136.0,38197.0,4345,5
1706806800,38197.0,38306.0,38141.0,38144.0,5838,5
1706810400,38144.0,38276.0,38111.0,38272.0,5055,5
1706814000,38272.0,38499.0,38272.0,38439.0,4347,5
1706817600,38439.0,38447.0,38354.0,38415.0,4857,5
1706821200,38415.0,38488.0,38383.0,38479.0,3775,5
1706824800,38481.0,38529.0,38458.0,38525.0,3478,5
1706828400,38526.0,38557.0,38461.0,38519.0,3148,5
1706835600,38530.0,38565.0,38526.0,38540.0,1006,4
1706839200,38540.0,38542.0,38516.0,38540.0,712,5
1706842800,38540.0,38559.0,38535.0,38559.0,782,5
1706846400,38559.0,38560.0,38540.0,38559.0,548,5
1706850000,38559.0,38561.0,38538.0,38547.0,427,5
1706853600,38547.0,38549.0,38531.0,38535.0,328,5
1706857200,38535.0,38548.0,38531.0,38536.0,535,5
1706860800,38536.0,38557.0,38528.0,38544.0,680,5
1706864400,38544.0,38544.0,38519.0,38519.0,792,5
1706868000,38519.0,38548.0,38507.0,38536.0,1322,5
1706871600,38536.0,38543.0,38510.0,38524.0,1086,5
1706875200,38524.0,38542.0,38523.0,38533.0,847,5
1706878800,38533.0,38564.0,38523.0,38556.0,821,5
1706882400,38556.0,38590.0,38549.0,38586.0,934,5
1706886000,38585.0,38601.0,38377.0,38387.0,3601,5
1706889600,38387.0,38460.0,38338.0,38396.0,5939,5
1706893200,38388.0,38525.0,38366.0,38498.0,6464,5
1706896800,38500.0,38617.0,38456.0,38570.0,4932,4
1706900400,38570.0,38618.0,38467.0,38573.0,4776,5
1706904000,38573.0,38670.0,38573.0,38662.0,5457,5
1706907600,38662.0,38786.0,38662.0,38780.0,4446,5
1706911200,38782.0,38793.0,38660.0,38666.0,4533,5
1706914800,38661.0,38677.0,38607.0,38640.0,1348,5
1707094800,38662.0,38694.0,38632.0,38683.0,1218,4
1707098400,38683.0,38704.0,38605.0,38623.0,1710,5
1707102000,38623.0,38634.0,38591.0,38630.0,1045,4
1707105600,38630.0,38634.0,38601.0,38612.0,750,5
1707109200,38612.0,38617.0,38581.0,38594.0,612,5
1707112800,38594.0,38602.0,38589.0,38600.0,339,5
1707116400,38600.0,38618.0,38596.0,38603.0,727,5
1707120000,38603.0,38622.0,38601.0,38610.0,550,5
1707123600,38610.0,38628.0,38580.0,38580.0,692,5
1707127200,38582.0,38623.0,38578.0,38608.0,1452,5
1707130800,38608.0,38613.0,38545.0,38565.0,1286,5
1707134400,38564.0,38619.0,38564.0,38602.0,1001,5
1707138000,38602.0,38718.0,38568.0,38695.0,1553,5
1707141600,38694.0,38694.0,38621.0,38630.0,1385,5
1707145200,38630.0,38631.0,38557.0,38570.0,1340,5
1707148800,38570.0,38626.0,38486.0,38494.0,4534,5
1707152400,38494.0,38494.0,38232.0,38258.0,6383,5
1707156000,38258.0,38321.0,38244.0,38317.0,3763,5
1707159600,38317.0,38412.0,38303.0,38390.0,3016,5
1707163200,38390.0,38440.0,38373.0,38437.0,3230,5
1707166800,38437.0,38496.0,38421.0,38483.0,3129,5
1707170400,38484.0,38508.0,38376.0,38380.0,4117,5
1707174000,38379.0,38387.0,38343.0,38372.0,1069,5
1707181200,38359.0,38380.0,38338.0,38343.0,515,5
1707184800,38342.0,38363.0,38338.0,38358.0,562,5
1707188400,38358.0,38376.0,38357.0,38374.0,845,5
1707192000,38374.0,38385.0,38369.0,38373.0,533,5
1707195600,38373.0,38394.0,38373.0,38381.0,488,5
1707199200,38381.0,38393.0,38376.0,38390.0,352,5
1707202800,38391.0,38396.0,38379.0,38381.0,559,5
1707206400,38381.0,38384.0,38363.0,38375.0,487,5
1707210000,38375.0,38412.0,38374.0,38381.0,848,5
1707213600,38382.0,38401.0,38350.0,38351.0,1384,4
1707217200,38351.0,38371.0,38328.0,38330.0,994,5
1707220800,38330.0,38332.0,38293.0,38328.0,1180,5
1707224400,38328.0,38352.0,38308.0,38339.0,1200,5
1707228000,38338.0,38370.0,38315.0,38363.0,1183,4
1707231600,38363.0,38412.0,38360.0,38405.0,1399,5
1707235200,38405.0,38559.0,38372.0,38476.0,4340,4
1707238800,38477.0,38506.0,38416.0,38461.0,5603,4
1707242400,38460.0,38504.0,38432.0,38446.0,4134,4
1707246000,38445.0,38516.0,38440.0,38495.0,3625,4
1707249600,38495.0,38524.0,38429.0,38518.0,3268,4
1707253200,38518.0,38524.0,38416.0,38467.0,3343,4
1707256800,38466.0,38547.0,38435.0,38537.0,3435,4
1707260400,38536.0,38538.0,38482.0,38509.0,986,4
1707267600,38527.0,38541.0,38520.0,38530.0,614,5
1707271200,38530.0,38539.0,38522.0,38530.0,669,5
1707274800,38530.0,38598.0,38530.0,38570.0,1191,4
1707278400,38570.0,38583.0,38569.0,38580.0,597,5
1707282000,38580.0,38584.0,38551.0,38551.0,527,4
1707285600,38551.0,38558.0,38545.0,38555.0,435,5
1707289200,38555.0,38558.0,38544.0,38557.0,640,5
1707292800,38557.0,38561.0,38538.0,38559.0,539,4
1707296400,38560.0,38570.0,38540.0,38541.0,835,5
1707300000,38541.0,38575.0,38541.0,38571.0,1277,4
1707303600,38571.0,38581.0,38542.0,38555.0,1070,4
1707307200,38554.0,38555.0,38498.0,38504.0,898,4
1707310800,38504.0,38528.0,38493.0,38505.0,879,4
1707314400,38506.0,38554.0,38479.0,38545.0,1237,4
1707318000,38545.0,38619.0,38540.0,38603.0,1761,4
1707321600,38604.0,38713.0,38590.0,38636.0,4323,4
1707325200,38634.0,38752.0,38591.0,38717.0,4987,4
1707328800,38718.0,38723.0,38677.0,38709.0,4116,4
1707332400,38710.0,38716.0,38664.0,38708.0,3451,4
1707336000,38708.0,38773.0,38687.0,38722.0,3845,4
1707339600,38722.0,38751.0,38713.0,38737.0,2850,4
1707343200,38737.0,38752.0,38681.0,38705.0,3015,4
1707346800,38700.0,38723.0,38673.0,38716.0,998,4
1707354000,38710.0,38712.0,38676.0,38704.0,496,4
1707357600,38704.0,38709.0,38686.0,38690.0,448,4
1707361200,38691.0,38711.0,38686.0,38707.0,479,4
1707364800,38707.0,38717.0,38694.0,38698.0,406,4
1707368400,38699.0,38704.0,38690.0,38693.0,299,4
1707372000,38693.0,38706.0,38692.0,38704.0,240,4
1707375600,38704.0,38707.0,38694.0,38701.0,299,4
1707379200,38701.0,38718.0,38694.0,38716.0,384,4
1707382800,38716.0,38721.0,38696.0,38715.0,650,4
1707386400,38714.0,38729.0,38677.0,38694.0,1271,4
1707390000,38694.0,38702.0,38671.0,38686.0,802,4
1707393600,38687.0,38688.0,38664.0,38666.0,755,4
1707397200,38666.0,38670.0,38635.0,38668.0,841,4
1707400800,38668.0,38701.0,38666.0,38684.0,1031,4
1707404400,38684.0,38734.0,38674.0,38714.0,1789,4
1707408000,38714.0,38769.0,38679.0,38694.0,3658,4
1707411600,38696.0,38721.0,38602.0,38626.0,3898,4
1707415200,38628.0,38628.0,38550.0,38587.0,2952,4
1707418800,38587.0,38628.0,38570.0,38626.0,2623,5
1707422400,38626.0,38684.0,38622.0,38683.0,2879,5
1707426000,38684.0,38713.0,38652.0,38708.0,2496,5
1707429600,38708.0,38757.0,38690.0,38743.0,2484,5
1707433200,38742.0,38745.0,38713.0,38722.0,737,4
1707440400,38724.0,38727.0,38713.0,38724.0,382,4
1707444000,38724.0,38736.0,38711.0,38711.0,308,4
1707447600,38711.0,38722.0,38711.0,38716.0,219,4
1707451200,38716.0,38722.0,38713.0,38720.0,130,4
1707454800,38720.0,38730.0,38719.0,38729.0,115,4
1707458400,38729.0,38731.0,38716.0,38716.0,94,4
1707462000,38716.0,38721.0,38707.0,38707.0,85,4
1707465600,38707.0,38717.0,38707.0,38712.0,106,4
1707469200,38712.0,38722.0,38710.0,38716.0,344,4
1707472800,38716.0,38759.0,38712.0,38748.0,1126,5
1707476400,38749.0,38749.0,38729.0,38743.0,824,5
1707480000,38743.0,38762.0,38736.0,38756.0,740,5
1707483600,38756.0,38772.0,38745.0,38764.0,639,5
1707487200,38765.0,38784.0,38761.0,38779.0,849,5
1707490800,38779.0,38906.0,38770.0,38805.0,2629,5
1707494400,38805.0,38806.0,38650.0,38697.0,4220,4
1707498000,38700.0,38705.0,38637.0,38656.0,3926,5
1707501600,38657.0,38677.0,38579.0,38587.0,3091,5
1707505200,38587.0,38666.0,38573.0,38660.0,2470,5
1707508800,38660.0,38689.0,38645.0,38667.0,2317,5
1707512400,38667.0,38731.0,38664.0,38701.0,1988,5
1707516000,38701.0,38704.0,38633.0,38677.0,2925,5
1707519600,38675.0,38676.0,38643.0,38643.0,701,4
1707699600,38663.0,38696.0,38650.0,38693.0,761,4
1707703200,38693.0,38713.0,38692.0,38711.0,415,4
1707706800,38711.0,38711.0,38687.0,38690.0,316,4
1707710400,38691.0,38692.0,38681.0,38689.0,229,4
1707714000,38689.0,38698.0,38686.0,38693.0,218,4
1707717600,38693.0,38704.0,38682.0,38683.0,302,4
1707721200,38683.0,38689.0,38682.0,38683.0,253,5
1707724800,38683.0,38689.0,38680.0,38683.0,252,5
1707728400,38682.0,38695.0,38669.0,38670.0,556,4
1707732000,38670.0,38684.0,38628.0,38628.0,1309,4
1707735600,38628.0,38657.0,38625.0,38646.0,994,5
1707739200,38646.0,38674.0,38646.0,38665.0,661,5
1707742800,38665.0,38672.0,38654.0,38666.0,610,5
1707746400,38666.0,38676.0,38663.0,38672.0,740,4
1707750000,38672.0,38685.0,38643.0,38648.0,804,4
1707753600,38648.0,38733.0,38644.0,38717.0,3289,4
1707757200,38717.0,38759.0,38691.0,38752.0,3139,4
1707760800,38752.0,38918.0,38748.0,38908.0,3294,4
1707764400,38908.0,38919.0,38860.0,38913.0,2767,4
1707768000,38914.0,38958.0,38875.0,38891.0,3240,4
1707771600,38890.0,38908.0,38776.0,38794.0,4364,4
1707775200,38793.0,38844.0,38786.0,38834.0,3527,5
1707778800,38831.0,38832.0,38792.0,38814.0,1088,5
1707786000,38815.0,38821.0,38783.0,38805.0,605,4
1707789600,38806.0,38809.0,38784.0,38793.0,754,4
1707793200,38794.0,38798.0,38787.0,38796.0,378,4
1707796800,38796.0,38798.0,38786.0,38797.0,266,4
1707800400,38797.0,38799.0,38779.0,38781.0,334,5
1707804000,38781.0,38784.0,38776.0,38778.0,271,5
1707807600,38778.0,38794.0,38777.0,38788.0,349,5
1707811200,38788.0,38828.0,38788.0,38820.0,460,5
1707814800,38820.0,38846.0,38805.0,38845.0,752,5
1707818400,38847.0,38849.0,38727.0,38757.0,1892,4
1707822000,38757.0,38777.0,38746.0,38774.0,1834,4
1707825600,38774.0,38793.0,38743.0,38771.0,1461,4
1707829200,38772.0,38803.0,38767.0,38770.0,1233,4
1707832800,38770.0,38788.0,38751.0,38776.0,1724,5
1707836400,38776.0,38797.0,38466.0,38480.0,4876,4
1707840000,38481.0,38534.0,38280.0,38290.0,6867,4
1707843600,38290.0,38361.0,38262.0,38324.0,6268,4
1707847200,38327.0,38421.0,38316.0,38370.0,4178,4
1707850800,38370.0,38378.0,38294.0,38308.0,3764,5
1707854400,38307.0,38312.0,38202.0,38213.0,3486,5
1707858000,38213.0,38214.0,38048.0,38077.0,4753,4
1707861600,38077.0,38293.0,38053.0,38284.0,5144,4
1707865200,38290.0,38296.0,38248.0,38277.0,1473,4
1707872400,38296.0,38297.0,38263.0,38276.0,762,5
1707876000,38275.0,38277.0,38247.0,38270.0,810,5
1707879600,38270.0,38274.0,38247.0,38264.0,867,5
1707883200,38264.0,38281.0,38256.0,38259.0,515,5
1707886800,38259.0,38265.0,38254.0,38261.0,486,5
1707890400,38261.0,38268.0,38252.0,38266.0,349,5
1707894000,38266.0,38282.0,38265.0,38268.0,412,5
1707897600,38268.0,38283.0,38266.0,38281.0,445,5
1707901200,38281.0,38324.0,38278.0,38303.0,1183,4
1707904800,38304.0,38365.0,38303.0,38333.0,1581,5
1707908400,38333.0,38401.0,38327.0,38391.0,1563,5
1707912000,38391.0,38393.0,38360.0,38388.0,1068,5
1707915600,38388.0,38391.0,38336.0,38391.0,1226,4
1707919200,38391.0,38400.0,38368.0,38377.0,1532,4
1707922800,38377.0,38436.0,38369.0,38386.0,2413,4
1707926400,38386.0,38438.0,38309.0,38342.0,4722,4
1707930000,38346.0,38431.0,38307.0,38310.0,5324,5
1707933600,38309.0,38346.0,38260.0,38273.0,5075,4
1707937200,38272.0,38320.0,38210.0,38317.0,3813,4
1707940800,38318.0,38379.0,38267.0,38330.0,4031,5
1707944400,38332.0,38366.0,38238.0,38334.0,4132,4
1707948000,38335.0,38455.0,38319.0,38433.0,4250,4
1707951600,38431.0,38478.0,38415.0,38454.0,1519,4
1707958800,38414.0,38434.0,38410.0,38421.0,515,4
1707962400,38421.0,38423.0,38398.0,38403.0,540,5
1707966000,38403.0,38405.0,38378.0,38390.0,702,4
1707969600,38390.0,38414.0,38386.0,38411.0,483,4
1707973200,38411.0,38421.0,38411.0,38414.0,435,5
1707976800,38414.0,38420.0,38413.0,38418.0,306,5
1707980400,38418.0,38433.0,38417.0,38432.0,372,5
1707984000,38432.0,38464.0,38418.0,38460.0,515,4
1707987600,38460.0,38485.0,38453.0,38463.0,805,4
1707991200,38462.0,38512.0,38462.0,38502.0,1085,4
1707994800,38502.0,38502.0,38475.0,38496.0,747,4
1707998400,38496.0,38505.0,38463.0,38473.0,672,4
1708002000,38473.0,38490.0,38447.0,38466.0,981,4
1708005600,38465.0,38493.0,38444.0,38480.0,976,5
1708009200,38480.0,38532.0,38462.0,38485.0,3143,4
1708012800,38485.0,38624.0,38433.0,38591.0,4069,4
1708016400,38591.0,38671.0,38564.0,38594.0,3479,4
1708020000,38598.0,38644.0,38547.0,38611.0,2930,4
1708023600,38614.0,38652.0,38607.0,38609.0,2189,4
1708027200,38608.0,38713.0,38589.0,38695.0,2648,4
1708030800,38695.0,38785.0,38690.0,38759.0,2617,4
1708034400,38759.0,38790.0,38729.0,38782.0,2791,4
1708038000,38783.0,38792.0,38758.0,38783.0,744,4
1708045200,38771.0,38776.0,38755.0,38757.0,538,4
1708048800,38757.0,38760.0,38708.0,38717.0,690,4
1708052400,38717.0,38727.0,38702.0,38725.0,715,4
1708056000,38725.0,38736.0,38718.0,38734.0,490,4
1708059600,38734.0,38736.0,38721.0,38726.0,426,4
1708063200,38726.0,38731.0,38714.0,38715.0,481,4
1708066800,38715.0,38723.0,38710.0,38711.0,448,4
1708070400,38711.0,38724.0,38710.0,38723.0,419,4
1708074000,38723.0,38734.0,38716.0,38716.0,740,4
1708077600,38715.0,38757.0,38715.0,38748.0,1235,4
1708081200,38748.0,38758.0,38720.0,38725.0,1050,4
1708084800,38725.0,38751.0,38721.0,38732.0,882,4
1708088400,38732.0,38751.0,38727.0,38745.0,944,4
1708092000,38745.0,38751.0,38728.0,38737.0,945,4
1708095600,38737.0,38762.0,38612.0,38672.0,3023,4
1708099200,38672.0,38739.0,38586.0,38619.0,5582,4
1708102800,38619.0,38716.0,38575.0,38687.0,6119,4
1708106400,38688.0,38782.0,38677.0,38762.0,3903,4
1708110000,38762.0,38781.0,38739.0,38753.0,3334,4
1708113600,38753.0,38798.0,38667.0,38797.0,3448,4
1708117200,38798.0,38829.0,38626.0,38667.0,3770,4
1708120800,38664.0,38696.0,38583.0,38619.0,4718,4
1708124400,38618.0,38619.0,38575.0,38576.0,927,4
1708304400,38632.0,38658.0,38631.0,38651.0,977,5
1708308000,38650.0,38672.0,38643.0,38669.0,704,4
1708311600,38669.0,38681.0,38635.0,38657.0,884,5
1708315200,38657.0,38659.0,38646.0,38651.0,501,5
1708318800,38651.0,38660.0,38643.0,38645.0,381,5
1708322400,38645.0,38659.0,38645.0,38656.0,335,5
1708326000,38656.0,38665.0,38651.0,38662.0,408,5
1708329600,38662.0,38670.0,38659.0,38664.0,379,5
1708333200,38664.0,38666.0,38629.0,38630.0,705,4
1708336800,38630.0,38667.0,38616.0,38654.0,2068,4
1708340400,38654.0,38667.0,38642.0,38658.0,1367,4
1708344000,38659.0,38673.0,38640.0,38671.0,977,4
1708347600,38671.0,38681.0,38644.0,38656.0,1383,4
1708351200,38656.0,38676.0,38652.0,38665.0,912,4
1708354800,38665.0,38673.0,38645.0,38665.0,969,4
1708358400,38665.0,38671.0,38649.0,38657.0,1271,4
1708362000,38657.0,38663.0,38626.0,38630.0,818,4
1708365600,38630.0,38642.0,38617.0,38636.0,814,5
1708369200,38636.0,38667.0,38628.0,38650.0,612,4
1708390800,38647.0,38654.0,38576.0,38589.0,836,4
1708394400,38589.0,38590.0,38571.0,38589.0,816,4
1708398000,38589.0,38604.0,38521.0,38521.0,1233,4
1708401600,38523.0,38540.0,38516.0,38531.0,1044,4
1708405200,38531.0,38537.0,38520.0,38527.0,557,4
1708408800,38527.0,38546.0,38524.0,38528.0,437,4
1708412400,38528.0,38538.0,38518.0,38534.0,589,4
1708416000,38534.0,38558.0,38533.0,38542.0,613,4
1708419600,38542.0,38567.0,38539.0,38549.0,894,4
1708423200,38549.0,38575.0,38507.0,38563.0,2281,4
1708426800,38561.0,38595.0,38553.0,38586.0,1894,4
1708430400,38586.0,38586.0,38550.0,38568.0,1656,4
1708434000,38568.0,38571.0,38471.0,38523.0,2025,4
1708437600,38523.0,38541.0,38470.0,38508.0,1822,4
1708441200,38508.0,38541.0,38496.0,38514.0,2153,4
1708444800,38514.0,38657.0,38500.0,38624.0,5532,4
1708448400,38624.0,38678.0,38565.0,38666.0,6206,4
1708452000,38666.0,38676.0,38544.0,38555.0,4304,4
1708455600,38554.0,38557.0,38473.0,38539.0,4367,4
1708459200,38540.0,38591.0,38510.0,38581.0,4295,4
1708462800,38581.0,38616.0,38529.0,38613.0,4348,4
1708466400,38615.0,38623.0,38496.0,38592.0,4970,4
1708470000,38590.0,38616.0,38565.0,38615.0,1044,4
1708477200,38591.0,38607.0,38563.0,38581.0,958,4
1708480800,38581.0,38603.0,38564.0,38567.0,814,4
1708484400,38567.0,38568.0,38537.0,38551.0,1000,4
1708488000,38551.0,38558.0,38532.0,38547.0,693,5
1708491600,38546.0,38549.0,38533.0,38547.0,502,4
1708495200,38547.0,38552.0,38544.0,38549.0,392,4
1708498800,38549.0,38556.0,38541.0,38549.0,550,4
1708502400,38550.0,38577.0,38549.0,38573.0,696,4
1708506000,38573.0,38575.0,38547.0,38547.0,681,4
1708509600,38547.0,38553.0,38476.0,38484.0,2150,4
1708513200,38485.0,38523.0,38484.0,38508.0,1868,4
1708516800,38509.0,38541.0,38500.0,38524.0,1402,5
1708520400,38524.0,38538.0,38504.0,38523.0,1208,5
1708524000,38524.0,38547.0,38498.0,38509.0,1647,4
1708527600,38509.0,38534.0,38494.0,38515.0,1924,4
1708531200,38515.0,38564.0,38398.0,38463.0,4686,4
1708534800,38463.0,38545.0,38457.0,38487.0,4843,4
1708538400,38488.0,38548.0,38482.0,38520.0,3759,4
1708542000,38520.0,38527.0,38442.0,38521.0,3656,4
1708545600,38521.0,38542.0,38441.0,38525.0,3875,4
1708549200,38513.0,38576.0,38387.0,38449.0,5573,4
1708552800,38449.0,38633.0,38350.0,38627.0,5374,4
1708556400,38622.0,38694.0,38519.0,38580.0,4184,4
1708563600,38619.0,38632.0,38588.0,38631.0,1106,4
1708567200,38631.0,38702.0,38629.0,38690.0,1510,4
1708570800,38690.0,38700.0,38655.0,38658.0,1140,4
1708574400,38658.0,38662.0,38641.0,38662.0,709,4
1708578000,38662.0,38667.0,38655.0,38660.0,548,4
1708581600,38661.0,38678.0,38655.0,38677.0,403,4
1708585200,38677.0,38702.0,38672.0,38685.0,555,4
1708588800,38685.0,38727.0,38680.0,38723.0,674,4
1708592400,38723.0,38737.0,38712.0,38725.0,1013,4
1708596000,38725.0,38859.0,38724.0,38817.0,2571,4
1708599600,38817.0,38817.0,38684.0,38712.0,2446,5
1708603200,38712.0,38753.0,38698.0,38752.0,1451,5
1708606800,38751.0,38819.0,38740.0,38770.0,1765,5
1708610400,38770.0,38795.0,38755.0,38778.0,1785,5
1708614000,38774.0,38847.0,38759.0,38834.0,2310,5
1708617600,38834.0,39012.0,38799.0,38978.0,5564,4
1708621200,38981.0,39002.0,38848.0,38851.0,6007,4
1708624800,38853.0,38913.0,38828.0,38873.0,4338,5
1708628400,38873.0,38980.0,38855.0,38972.0,3390,5
1708632000,38972.0,39047.0,38938.0,39041.0,3265,4
1708635600,39041.0,39167.0,39028.0,39044.0,4062,4
1708639200,39040.0,39134.0,39023.0,39072.0,4640,4
1708642800,39074.0,39082.0,39048.0,39054.0,1084,4
1708650000,39068.0,39104.0,39066.0,39095.0,685,4
1708653600,39092.0,39097.0,39047.0,39072.0,952,4
1708657200,39072.0,39112.0,39067.0,39106.0,918,4
1708660800,39106.0,39126.0,39105.0,39113.0,631,4
1708664400,39113.0,39125.0,39109.0,39121.0,464,4
1708668000,39121.0,39131.0,39117.0,39130.0,289,4
1708671600,39130.0,39138.0,39122.0,39132.0,411,4
1708675200,39132.0,39138.0,39114.0,39119.0,462,4
1708678800,39119.0,39121.0,39088.0,39103.0,859,4
1708682400,39102.0,39109.0,39070.0,39084.0,1605,4
1708686000,39084.0,39087.0,39053.0,39070.0,1179,4
1708689600,39070.0,39103.0,39060.0,39087.0,943,4
1708693200,39087.0,39130.0,39084.0,39121.0,954,4
1708696800,39121.0,39155.0,39119.0,39134.0,1137,4
1708700400,39136.0,39149.0,39118.0,39140.0,1454,4
1708704000,39139.0,39285.0,39138.0,39281.0,5062,4
1708707600,39283.0,39304.0,39228.0,39278.0,5429,4
1708711200,39278.0,39282.0,39184.0,39209.0,4958,4
1708714800,39210.0,39247.0,39161.0,39185.0,3912,5
1708718400,39185.0,39209.0,39158.0,39165.0,3207,5
1708722000,39165.0,39170.0,39105.0,39153.0,3753,5
1708725600,39153.0,39209.0,39138.0,39142.0,3929,5
1708729200,39141.0,39145.0,39108.0,39108.0,955,4
1708909200,39156.0,39164.0,39128.0,39148.0,735,4
1708912800,39149.0,39152.0,39097.0,39101.0,1208,4
1708916400,39101.0,39128.0,39084.0,39101.0,967,5
1708920000,39101.0,39122.0,39095.0,39107.0,694,5
1708923600,39107.0,39117.0,39099.0,39110.0,468,5
1708927200,39110.0,39118.0,39099.0,39116.0,370,5
1708930800,39116.0,39127.0,39109.0,39111.0,437,5
1708934400,39111.0,39121.0,39101.0,39115.0,539,5
1708938000,39115.0,39136.0,39107.0,39135.0,652,5
1708941600,39135.0,39146.0,39090.0,39104.0,1134,5
1708945200,39104.0,39116.0,39082.0,39099.0,1178,5
1708948800,39099.0,39129.0,39094.0,39118.0,898,5
1708952400,39118.0,39138.0,39113.0,39133.0,679,5
1708956000,39133.0,39140.0,39123.0,39123.0,883,5
1708959600,39123.0,39192.0,39123.0,39179.0,1039,5
1708963200,39179.0,39267.0,39147.0,39251.0,3734,4
1708966800,39253.0,39254.0,39156.0,39168.0,4624,5
1708970400,39169.0,39181.0,39137.0,39179.0,3498,5
1708974000,39180.0,39182.0,39130.0,39141.0,2723,5
1708977600,39141.0,39170.0,39048.0,39111.0,3489,5
1708981200,39110.0,39156.0,39107.0,39129.0,3269,5
1708984800,39130.0,39168.0,39085.0,39095.0,3649,5
1708988400,39097.0,39097.0,39068.0,39076.0,956,5
1708995600,39091.0,39106.0,39075.0,39088.0,517,5
1708999200,39088.0,39091.0,39049.0,39080.0,975,5
1709002800,39080.0,39094.0,39068.0,39076.0,772,5
1709006400,39076.0,39090.0,39057.0,39062.0,701,5
1709010000,39062.0,39081.0,39055.0,39076.0,429,5
1709013600,39077.0,39083.0,39068.0,39083.0,343,5
1709017200,39083.0,39096.0,39065.0,39082.0,595,5
1709020800,39081.0,39087.0,39073.0,39078.0,542,5
1709024400,39078.0,39117.0,39076.0,39106.0,763,4
1709028000,39105.0,39127.0,39079.0,39083.0,1448,5
1709031600,39083.0,39127.0,39081.0,39111.0,1158,4
1709035200,39111.0,39118.0,39095.0,39118.0,954,5
1709038800,39118.0,39119.0,39097.0,39104.0,762,5
1709042400,39104.0,39135.0,39103.0,39122.0,940,5
1709046000,39122.0,39126.0,39059.0,39084.0,1954,4
1709049600,39084.0,39086.0,38955.0,38984.0,4381,4
1709053200,38984.0,39011.0,38919.0,38959.0,4644,4
1709056800,38959.0,38970.0,38902.0,38915.0,3129,5
1709060400,38915.0,38937.0,38900.0,38914.0,2556,5
1709064000,38911.0,38954.0,38895.0,38941.0,2895,5
1709067600,38941.0,38974.0,38932.0,38971.0,2536,5
1709071200,38971.0,39015.0,38949.0,38993.0,3328,5
1709074800,38992.0,38996.0,38974.0,38978.0,798,5
1709082000,38948.0,38956.0,38932.0,38932.0,439,4
1709085600,38932.0,38947.0,38929.0,38939.0,520,4
1709089200,38939.0,38959.0,38935.0,38952.0,652,4
1709092800,38952.0,38959.0,38945.0,38958.0,431,5
1709096400,38958.0,38968.0,38953.0,38967.0,391,5
1709100000,38967.0,38968.0,38949.0,38953.0,273,5
1709103600,38953.0,38963.0,38945.0,38951.0,338,5
1709107200,38951.0,38953.0,38939.0,38946.0,395,5
1709110800,38946.0,38953.0,38921.0,38931.0,666,5
1709114400,38928.0,38930.0,38885.0,38888.0,1199,5
1709118000,38887.0,38906.0,38814.0,38822.0,1758,5
1709121600,38822.0,38876.0,38815.0,38859.0,1524,5
1709125200,38859.0,38883.0,38844.0,38860.0,1031,5
1709128800,38860.0,38870.0,38841.0,38850.0,1106,5
1709132400,38850.0,38908.0,38844.0,38882.0,2246,5
1709136000,38882.0,38884.0,38757.0,38797.0,4303,5
1709139600,38797.0,38925.0,38789.0,38916.0,3708,4
1709143200,38916.0,38953.0,38877.0,38911.0,2796,5
1709146800,38911.0,38930.0,38878.0,38887.0,2711,5
1709150400,38887.0,38953.0,38872.0,38935.0,2496,5
1709154000,38936.0,38939.0,38834.0,38900.0,3342,5
1709157600,38902.0,38967.0,38876.0,38960.0,3259,5
1709161200,38960.0,38961.0,38801.0,38847.0,1634,5
1709168400,38867.0,38902.0,38858.0,38864.0,605,4
1709172000,38864.0,38897.0,38862.0,38895.0,500,4
1709175600,38895.0,38911.0,38889.0,38906.0,792,5
1709179200,38907.0,38933.0,38907.0,38928.0,568,4
1709182800,38928.0,38934.0,38916.0,38932.0,518,5
1709186400,38932.0,38956.0,38932.0,38951.0,455,5
1709190000,38952.0,38956.0,38936.0,38943.0,436,5
1709193600,38943.0,38943.0,38923.0,38924.0,480,5
1709197200,38923.0,38942.0,38892.0,38895.0,993,4
1709200800,38895.0,38903.0,38801.0,38857.0,2437,5
1709204400,38854.0,38860.0,38791.0,38827.0,1933,5
1709208000,38827.0,38837.0,38806.0,38815.0,1109,5
1709211600,38815.0,38849.0,38812.0,38849.0,1117,5
1709215200,38850.0,38850.0,38817.0,38828.0,1038,5
1709218800,38827.0,39014.0,38810.0,39005.0,3428,4
1709222400,39007.0,39076.0,38970.0,39000.0,4741,4
1709226000,39002.0,39009.0,38852.0,38935.0,5891,4
1709229600,38936.0,38999.0,38808.0,38873.0,5329,4
1709233200,38872.0,38933.0,38858.0,38925.0,4233,4
1709236800,38924.0,38936.0,38895.0,38921.0,2864,5
1709240400,38921.0,38968.0,38887.0,38932.0,3313,4
1709244000,38932.0,39055.0,38925.0,38952.0,3909,4
1709247600,38941.0,38992.0,38926.0,38971.0,1676,5
1709254800,38984.0,39014.0,38945.0,38967.0,997,5
1709258400,38967.0,38988.0,38966.0,38987.0,706,5
1709262000,38987.0,39034.0,38978.0,39032.0,984,5
1709265600,39032.0,39041.0,39025.0,39037.0,632,5
1709269200,39037.0,39046.0,39033.0,39038.0,482,5
1709272800,39038.0,39039.0,39022.0,39022.0,388,5
1709276400,39022.0,39036.0,39017.0,39028.0,401,5
1709280000,39028.0,39045.0,39026.0,39039.0,422,5
1709283600,39039.0,39056.0,39015.0,39015.0,860,5
1709287200,39015.0,39021.0,38968.0,38981.0,1447,5
1709290800,38982.0,39019.0,38977.0,38985.0,1404,5
1709294400,38986.0,38986.0,38893.0,38926.0,2340,5
1709298000,38926.0,38965.0,38924.0,38963.0,1094,5
1709301600,38963.0,38971.0,38922.0,38955.0,1039,5
1709305200,38955.0,38991.0,38950.0,38975.0,1706,5
1709308800,38975.0,39014.0,38857.0,38872.0,4335,5
1709312400,38876.0,39074.0,38849.0,39039.0,6001,5
1709316000,39039.0,39091.0,38962.0,39042.0,4199,5
1709319600,39043.0,39097.0,39027.0,39065.0,3193,5
1709323200,39066.0,39090.0,39042.0,39085.0,2922,5
1709326800,39085.0,39133.0,39072.0,39091.0,3314,5
1709330400,39092.0,39115.0,39042.0,39096.0,3720,5
1709334000,39098.0,39098.0,39037.0,39038.0,997,5
1709514000,39080.0,39097.0,39069.0,39077.0,737,5
1709517600,39077.0,39087.0,39061.0,39077.0,722,5
1709521200,39077.0,39080.0,39069.0,39071.0,628,5
1709524800,39071.0,39073.0,39060.0,39064.0,456,5
1709528400,39064.0,39065.0,39049.0,39053.0,242,5
1709532000,39053.0,39065.0,39053.0,39061.0,235,5
1709535600,39061.0,39063.0,39051.0,39052.0,279,5
1709539200,39052.0,39060.0,39048.0,39058.0,314,5
1709542800,39058.0,39063.0,39044.0,39051.0,604,5
1709546400,39051.0,39062.0,39032.0,39044.0,905,5
1709550000,39044.0,39066.0,39035.0,39044.0,911,5
1709553600,39044.0,39047.0,39030.0,39033.0,667,5
1709557200,39033.0,39035.0,38999.0,39027.0,964,5
1709560800,39026.0,39027.0,38999.0,39000.0,808,5
1709564400,39000.0,39001.0,38910.0,38916.0,1339,5
1709568000,38916.0,39052.0,38883.0,39030.0,4514,5
1709571600,39030.0,39049.0,38984.0,39006.0,3849,5
1709575200,39007.0,39033.0,38970.0,39030.0,2944,5
1709578800,39030.0,39088.0,39011.0,39060.0,2442,5
1709582400,39060.0,39063.0,38992.0,39008.0,2462,5
1709586000,39007.0,39102.0,38991.0,39076.0,2681,5
1709589600,39076.0,39094.0,38984.0,39000.0,3638,5
1709593200,38999.0,39002.0,38959.0,38969.0,852,5
1709600400,38957.0,38971.0,38940.0,38948.0,692,4
1709604000,38948.0,38971.0,38943.0,38961.0,734,5
1709607600,38961.0,38969.0,38946.0,38961.0,745,5
1709611200,38961.0,38963.0,38949.0,38957.0,552,5
1709614800,38957.0,38965.0,38952.0,38960.0,419,5
1709618400,38961.0,38962.0,38944.0,38944.0,280,5
1709622000,38943.0,38943.0,38919.0,38925.0,410,5
1709625600,38925.0,38930.0,38912.0,38922.0,493,5
1709629200,38923.0,38944.0,38918.0,38940.0,661,5
1709632800,38940.0,38953.0,38896.0,38897.0,1306,5
1709636400,38897.0,38962.0,38894.0,38941.0,1259,5
1709640000,38941.0,38964.0,38936.0,38959.0,861,5
1709643600,38960.0,38975.0,38951.0,38958.0,805,4
1709647200,38958.0,38966.0,38900.0,38901.0,1158,4
1709650800,38901.0,38922.0,38845.0,38874.0,1543,5
1709654400,38874.0,38902.0,38762.0,38799.0,4390,4
1709658000,38802.0,38900.0,38735.0,38769.0,6654,4
1709661600,38769.0,38771.0,38663.0,38709.0,4814,4
1709665200,38708.0,38773.0,38696.0,38704.0,3594,4
1709668800,38705.0,38726.0,38614.0,38622.0,4327,4
1709672400,38622.0,38661.0,38517.0,38530.0,4582,4
1709676000,38526.0,38612.0,38464.0,38587.0,5066,4
1709679600,38587.0,38616.0,38585.0,38609.0,1193,4
1709686800,38582.0,38605.0,38571.0,38592.0,669,4
1709690400,38592.0,38592.0,38564.0,38567.0,635,4
1709694000,38566.0,38591.0,38559.0,38574.0,721,4
1709697600,38574.0,38591.0,38570.0,38576.0,594,4
1709701200,38576.0,38592.0,38573.0,38589.0,510,4
1709704800,38589.0,38592.0,38571.0,38577.0,343,4
1709708400,38577.0,38586.0,38574.0,38577.0,352,4
1709712000,38577.0,38587.0,38571.0,38585.0,447,4
1709715600,38585.0,38599.0,38576.0,38590.0,739,4
1709719200,38590.0,38659.0,38585.0,38650.0,1239,4
1709722800,38650.0,38678.0,38647.0,38669.0,1196,4
1709726400,38669.0,38688.0,38643.0,38652.0,1090,4
1709730000,38652.0,38676.0,38650.0,38664.0,948,4
1709733600,38664.0,38694.0,38659.0,38686.0,1249,4
1709737200,38686.0,38773.0,38681.0,38771.0,2504,4
1709740800,38771.0,38872.0,38694.0,38743.0,4842,4
1709744400,38740.0,38786.0,38701.0,38771.0,6998,4
1709748000,38772.0,38876.0,38769.0,38816.0,4896,4
1709751600,38817.0,38844.0,38769.0,38780.0,4173,4
1709755200,38780.0,38816.0,38635.0,38698.0,5733,4
1709758800,38695.0,38712.0,38576.0,38628.0,7855,4
1709762400,38626.0,38712.0,38583.0,38683.0,7043,4
1709766000,38681.0,38709.0,38676.0,38687.0,889,4
1709773200,38687.0,38689.0,38651.0,38651.0,584,5
1709776800,38651.0,38666.0,38615.0,38634.0,1011,5
1709780400,38634.0,38650.0,38592.0,38596.0,1639,5
1709784000,38596.0,38610.0,38575.0,38594.0,1155,5
1709787600,38594.0,38628.0,38587.0,38625.0,740,5
1709791200,38625.0,38638.0,38609.0,38633.0,568,5
1709794800,38633.0,38654.0,38626.0,38633.0,729,4
1709798400,38633.0,38657.0,38614.0,38618.0,756,4
1709802000,38618.0,38621.0,38566.0,38566.0,1332,4
1709805600,38566.0,38600.0,38523.0,38595.0,2294,4
1709809200,38596.0,38651.0,38585.0,38641.0,1738,5
1709812800,38641.0,38719.0,38641.0,38710.0,1349,5
1709816400,38710.0,38721.0,38693.0,38707.0,998,5
1709820000,38707.0,38740.0,38707.0,38712.0,1209,5
1709823600,38712.0,38792.0,38687.0,38775.0,2474,5
1709827200,38775.0,38893.0,38769.0,38854.0,5613,4
1709830800,38854.0,38919.0,38793.0,38868.0,5390,4
1709834400,38867.0,38869.0,38759.0,38832.0,4502,5
1709838000,38832.0,38835.0,38729.0,38787.0,3714,4
1709841600,38787.0,38889.0,38769.0,38876.0,3327,4
1709845200,38876.0,38889.0,38770.0,38783.0,3117,5
1709848800,38782.0,38841.0,38726.0,38791.0,4380,4
1709852400,38789.0,38802.0,38760.0,38799.0,2109,4
1709859600,38782.0,38791.0,38761.0,38775.0,759,4
1709863200,38774.0,38781.0,38753.0,38767.0,925,5
1709866800,38767.0,38774.0,38754.0,38769.0,742,5
1709870400,38769.0,38769.0,38750.0,38753.0,466,5
1709874000,38753.0,38773.0,38747.0,38767.0,549,5
1709877600,38767.0,38792.0,38767.0,38777.0,464,5
1709881200,38777.0,38783.0,38769.0,38781.0,572,5
1709884800,38781.0,38784.0,38771.0,38781.0,447,5
1709888400,38781.0,38790.0,38757.0,38790.0,844,5
1709892000,38791.0,38825.0,38760.0,38799.0,1436,5
1709895600,38799.0,38801.0,38741.0,38753.0,1747,5
1709899200,38753.0,38770.0,38747.0,38760.0,1159,4
1709902800,38760.0,38781.0,38723.0,38727.0,1072,4
1709906400,38726.0,38730.0,38645.0,38696.0,1271,4
1709910000,38696.0,38854.0,38624.0,38818.0,4227,4
1709913600,38816.0,38982.0,38751.0,38979.0,6104,4
1709917200,38979.0,39006.0,38843.0,38947.0,5653,5
1709920800,38946.0,38951.0,38868.0,38873.0,7059,4
1709924400,38871.0,38945.0,38808.0,38825.0,6205,4
1709928000,38825.0,38862.0,38740.0,38776.0,5340,4
1709931600,38776.0,38971.0,38772.0,38928.0,4561,4
1709935200,38927.0,38952.0,38763.0,38768.0,5864,4
1709938800,38770.0,38828.0,38767.0,38794.0,1246,4
1710118800,38821.0,38829.0,38746.0,38750.0,982,4
1710122400,38751.0,38795.0,38747.0,38795.0,1087,4
1710126000,38795.0,38806.0,38763.0,38771.0,1121,4
1710129600,38771.0,38814.0,38771.0,38774.0,884,4
1710133200,38774.0,38778.0,38747.0,38756.0,726,4
1710136800,38756.0,38766.0,38723.0,38724.0,546,5
1710140400,38724.0,38724.0,38704.0,38713.0,554,5
1710144000,38713.0,38750.0,38705.0,38750.0,770,5
1710147600,38750.0,38762.0,38735.0,38747.0,615,5
1710151200,38748.0,38760.0,38702.0,38730.0,1251,5
1710154800,38731.0,38746.0,38611.0,38657.0,3105,4
1710158400,38657.0,38676.0,38638.0,38649.0,2103,4
1710162000,38649.0,38703.0,38624.0,38689.0,1479,4
1710165600,38689.0,38715.0,38665.0,38698.0,1633,4
1710169200,38699.0,38699.0,38593.0,38628.0,2700,4
1710172800,38628.0,38755.0,38620.0,38660.0,5696,4
1710176400,38663.0,38663.0,38523.0,38642.0,6505,4
1710180000,38641.0,38725.0,38600.0,38723.0,5259,4
1710183600,38723.0,38780.0,38689.0,38756.0,4124,4
1710187200,38756.0,38825.0,38719.0,38801.0,4232,4
1710190800,38802.0,38821.0,38766.0,38820.0,3866,4
1710194400,38820.0,38850.0,38784.0,38826.0,4463,5
1710198000,38829.0,38841.0,38810.0,38840.0,987,5
1710205200,38858.0,38880.0,38848.0,38869.0,638,4
1710208800,38869.0,38869.0,38857.0,38864.0,434,4
1710212400,38863.0,38877.0,38849.0,38852.0,781,4
1710216000,38852.0,38870.0,38849.0,38860.0,701,4
1710219600,38860.0,38871.0,38855.0,38866.0,557,4
1710223200,38866.0,38877.0,38865.0,38872.0,375,4
1710226800,38872.0,38883.0,38866.0,38879.0,269,4
1710230400,38879.0,38903.0,38878.0,38900.0,565,4
1710234000,38900.0,38901.0,38875.0,38887.0,516,4
1710237600,38889.0,38899.0,38878.0,38885.0,852,4
1710241200,38886.0,38899.0,38808.0,38821.0,1726,4
1710244800,38821.0,38827.0,38790.0,38792.0,1181,4
1710248400,38791.0,38842.0,38788.0,38831.0,1150,4
1710252000,38831.0,38834.0,38792.0,38812.0,1274,4
1710255600,38812.0,38975.0,38689.0,38894.0,5229,4
1710259200,38898.0,38956.0,38760.0,38926.0,7821,4
1710262800,38926.0,39130.0,38871.0,39081.0,6709,4
1710266400,39082.0,39114.0,39013.0,39047.0,5064,4
1710270000,39047.0,39049.0,38870.0,38934.0,4226,5
1710273600,38935.0,39077.0,38885.0,39058.0,4489,5
1710277200,39059.0,39143.0,39051.0,39123.0,3705,5
1710280800,39122.0,39141.0,39068.0,39075.0,3881,5
1710284400,39073.0,39103.0,39057.0,39059.0,1102,5
1710291600,39051.0,39085.0,39048.0,39073.0,355,5
1710295200,39073.0,39094.0,39067.0,39074.0,460,5
1710298800,39074.0,39083.0,39057.0,39059.0,570,5
1710302400,39059.0,39059.0,39043.0,39050.0,576,5
1710306000,39050.0,39056.0,39033.0,39034.0,498,5
1710309600,39034.0,39050.0,39026.0,39048.0,461,5
1710313200,39048.0,39066.0,39048.0,39065.0,335,5
1710316800,39065.0,39084.0,39064.0,39079.0,503,5
1710320400,39079.0,39080.0,39060.0,39070.0,514,5
1710324000,39070.0,39105.0,39070.0,39081.0,1016,5
1710327600,39081.0,39098.0,39063.0,39081.0,1559,5
1710331200,39080.0,39109.0,39078.0,39094.0,1379,5
1710334800,39094.0,39123.0,39086.0,39116.0,993,5
1710338400,39114.0,39125.0,39099.0,39101.0,1019,5
1710342000,39103.0,39119.0,39081.0,39118.0,1357,5
1710345600,39118.0,39169.0,39091.0,39150.0,4103,5
1710349200,39151.0,39241.0,39137.0,39212.0,5217,5
1710352800,39212.0,39261.0,39192.0,39227.0,4010,5
1710356400,39227.0,39262.0,39209.0,39212.0,3151,5
1710360000,39212.0,39282.0,39193.0,39218.0,3553,5
1710363600,39214.0,39222.0,39145.0,39154.0,3049,5
1710367200,39153.0,39159.0,39004.0,39125.0,5240,5
1710370800,39128.0,39164.0,39118.0,39152.0,925,5
1710378000,39157.0,39166.0,39133.0,39138.0,487,5
1710381600,39138.0,39154.0,39133.0,39150.0,430,4
1710385200,39150.0,39150.0,39127.0,39144.0,477,4
1710388800,39144.0,39155.0,39137.0,39150.0,534,4
1710392400,39150.0,39154.0,39138.0,39138.0,391,4
1710396000,39139.0,39142.0,39134.0,39142.0,356,4
1710399600,39142.0,39150.0,39133.0,39148.0,287,4
1710403200,39148.0,39159.0,39143.0,39158.0,310,4
1710406800,39158.0,39187.0,39154.0,39187.0,432,4
1710410400,39187.0,39212.0,39173.0,39207.0,730,4
1710414000,39207.0,39248.0,39196.0,39242.0,1574,4
1710417600,39243.0,39272.0,39236.0,39237.0,1036,4
1710421200,39238.0,39241.0,39218.0,39237.0,870,5
1710424800,39237.0,39283.0,39226.0,39266.0,996,5
1710428400,39266.0,39294.0,39202.0,39237.0,2919,5
1710432000,39238.0,39251.0,38948.0,38953.0,6250,5
1710435600,38954.0,39072.0,38904.0,39011.0,6615,5
1710439200,39015.0,39055.0,38960.0,39023.0,5652,5
1710442800,39021.0,39028.0,38941.0,38942.0,4893,5
1710446400,38941.0,38955.0,38827.0,38948.0,4651,5
1710450000,38950.0,38989.0,38882.0,38891.0,4571,5
1710453600,38891.0,38957.0,38733.0,38957.0,6377,4
1710457200,38958.0,38962.0,38933.0,38946.0,1707,4
1710464400,38943.0,38950.0,38924.0,38928.0,661,5
1710468000,38928.0,38928.0,38898.0,38915.0,844,4
1710471600,38915.0,38944.0,38913.0,38934.0,791,4
1710475200,38935.0,38952.0,38923.0,38931.0,786,5
1710478800,38931.0,38932.0,38918.0,38923.0,684,5
1710482400,38922.0,38945.0,38922.0,38943.0,548,5
1710486000,38943.0,38943.0,38918.0,38923.0,453,5
1710489600,38923.0,38931.0,38910.0,38921.0,608,5
1710493200,38921.0,38937.0,38905.0,38913.0,558,5
1710496800,38913.0,38961.0,38908.0,38919.0,869,5
1710500400,38919.0,38975.0,38918.0,38954.0,1559,4
1710504000,38954.0,39010.0,38954.0,39000.0,1152,5
1710507600,39001.0,39012.0,38985.0,38995.0,1235,4
1710511200,38995.0,39029.0,38992.0,39012.0,1041,4
1710514800,39012.0,39029.0,38980.0,39001.0,2202,4
1710518400,39001.0,39008.0,38771.0,38799.0,6990,4
1710522000,38799.0,38916.0,38760.0,38888.0,6978,4
1710525600,38890.0,38909.0,38781.0,38794.0,5255,4
1710529200,38794.0,38807.0,38650.0,38659.0,4690,4
1710532800,38658.0,38759.0,38653.0,38757.0,4647,4
1710536400,38756.0,38814.0,38711.0,38772.0,4518,4
1710540000,38771.0,38796.0,38710.0,38756.0,5333,4
1710543600,38755.0,38777.0,38736.0,38742.0,1351,5
1710723600,38757.0,38779.0,38739.0,38748.0,689,5
1710727200,38748.0,38755.0,38734.0,38746.0,658,5
1710730800,38746.0,38752.0,38720.0,38748.0,810,5
1710734400,38748.0,38772.0,38739.0,38768.0,708,4
1710738000,38768.0,38780.0,38761.0,38778.0,539,4
1710741600,38779.0,38794.0,38776.0,38785.0,378,4
1710745200,38786.0,38804.0,38784.0,38798.0,334,4
1710748800,38799.0,38807.0,38794.0,38803.0,451,4
1710752400,38804.0,38814.0,38796.0,38796.0,366,4
1710756000,38797.0,38797.0,38759.0,38760.0,746,4
1710759600,38760.0,38773.0,38709.0,38770.0,1585,4
1710763200,38770.0,38781.0,38738.0,38762.0,1080,4
1710766800,38762.0,38766.0,38724.0,38738.0,1076,4
1710770400,38738.0,38845.0,38727.0,38826.0,1666,4
1710774000,38826.0,38877.0,38826.0,38840.0,1596,4
1710777600,38841.0,38935.0,38821.0,38851.0,4664,4
1710781200,38855.0,38945.0,38842.0,38937.0,5155,4
1710784800,38937.0,38957.0,38916.0,38941.0,4086,4
1710788400,38942.0,38942.0,38885.0,38887.0,3779,4
1710792000,38887.0,38937.0,38842.0,38886.0,3386,4
1710795600,38886.0,38947.0,38872.0,38918.0,3423,4
1710799200,38918.0,38935.0,38815.0,38843.0,3578,4
1710802800,38847.0,38854.0,38813.0,38844.0,1580,4
1710810000,38872.0,38881.0,38837.0,38851.0,790,5
1710813600,38851.0,38858.0,38835.0,38852.0,604,4
1710817200,38853.0,38856.0,38825.0,38826.0,743,4
1710820800,38828.0,38831.0,38805.0,38818.0,930,4
1710824400,38818.0,38844.0,38817.0,38826.0,645,4
1710828000,38826.0,38858.0,38805.0,38829.0,1279,4
1710831600,38829.0,38853.0,38823.0,38844.0,853,4
1710835200,38844.0,38856.0,38829.0,38855.0,710,4
1710838800,38855.0,38857.0,38824.0,38848.0,787,4
1710842400,38848.0,38865.0,38837.0,38853.0,1186,4
1710846000,38853.0,38876.0,38820.0,38844.0,2118,4
1710849600,38844.0,38854.0,38786.0,38790.0,1651,5
1710853200,38790.0,38824.0,38773.0,38783.0,1269,5
1710856800,38783.0,38786.0,38742.0,38780.0,1874,5
1710860400,38774.0,38820.0,38750.0,38815.0,2275,5
1710864000,38815.0,38925.0,38798.0,38904.0,4963,4
1710867600,38907.0,39013.0,38899.0,38986.0,5423,5
1710871200,38985.0,39079.0,38981.0,39065.0,3893,5
1710874800,39064.0,39172.0,39035.0,39138.0,3963,4
1710878400,39138.0,39170.0,39088.0,39097.0,3820,5
1710882000,39097.0,39118.0,39053.0,39090.0,3505,5
1710885600,39089.0,39181.0,39075.0,39169.0,4115,5
1710889200,39170.0,39176.0,39156.0,39164.0,1145,5
1710896400,39161.0,39173.0,39158.0,39169.0,314,5
1710900000,39169.0,39181.0,39165.0,39167.0,357,5
1710903600,39167.0,39170.0,39156.0,39161.0,443,5
1710907200,39161.0,39166.0,39145.0,39152.0,555,5
1710910800,39153.0,39161.0,39148.0,39158.0,389,5
1710914400,39158.0,39159.0,39149.0,39158.0,325,5
1710918000,39158.0,39165.0,39151.0,39151.0,268,5
1710921600,39151.0,39161.0,39148.0,39156.0,312,5
1710925200,39156.0,39162.0,39151.0,39161.0,351,5
1710928800,39161.0,39192.0,39160.0,39167.0,815,5
1710932400,39167.0,39169.0,39135.0,39163.0,1257,5
1710936000,39162.0,39165.0,39123.0,39137.0,1105,5
1710939600,39137.0,39147.0,39116.0,39144.0,920,5
1710943200,39144.0,39161.0,39142.0,39147.0,870,5
1710946800,39147.0,39150.0,39097.0,39102.0,1125,5
1710950400,39102.0,39148.0,39058.0,39131.0,3444,5
1710954000,39130.0,39209.0,39125.0,39201.0,3762,5
1710957600,39201.0,39234.0,39166.0,39183.0,3026,5
1710961200,39183.0,39234.0,39154.0,39226.0,2602,5
1710964800,39226.0,39226.0,39135.0,39159.0,2510,5
1710968400,39159.0,39496.0,39159.0,39468.0,9936,5
1710972000,39471.0,39606.0,39463.0,39580.0,7043,5
1710975600,39575.0,39619.0,39565.0,39603.0,1673,5
1710982800,39613.0,39638.0,39588.0,39637.0,725,5
1710986400,39637.0,39666.0,39633.0,39656.0,782,5
1710990000,39656.0,39656.0,39640.0,39650.0,656,5
1710993600,39650.0,39667.0,39644.0,39655.0,666,4
1710997200,39655.0,39685.0,39654.0,39680.0,537,4
1711000800,39681.0,39694.0,39679.0,39692.0,418,4
1711004400,39692.0,39704.0,39688.0,39704.0,411,4
1711008000,39704.0,39712.0,39699.0,39711.0,539,4
1711011600,39712.0,39719.0,39694.0,39703.0,584,4
1711015200,39703.0,39742.0,39697.0,39742.0,876,4
1711018800,39738.0,39750.0,39695.0,39701.0,1968,4
1711022400,39701.0,39701.0,39659.0,39676.0,1493,4
1711026000,39675.0,39682.0,39656.0,39668.0,1124,4
1711029600,39668.0,39690.0,39653.0,39677.0,1195,4
1711033200,39677.0,39718.0,39677.0,39705.0,1648,4
1711036800,39705.0,39847.0,39651.0,39846.0,4521,4
1711040400,39842.0,39955.0,39817.0,39912.0,5735,4
1711044000,39911.0,39926.0,39864.0,39915.0,4294,4
1711047600,39914.0,39930.0,39865.0,39916.0,3585,4
1711051200,39916.0,39935.0,39868.0,39881.0,3700,4
1711054800,39881.0,39906.0,39848.0,39858.0,3939,4
1711058400,39859.0,39914.0,39830.0,39843.0,4200,4
1711062000,39842.0,39916.0,39838.0,39899.0,1377,4
1711069200,39860.0,39883.0,39840.0,39881.0,519,5
1711072800,39881.0,39896.0,39874.0,39891.0,358,4
1711076400,39891.0,39902.0,39887.0,39899.0,599,4
1711080000,39899.0,39900.0,39856.0,39857.0,709,4
1711083600,39857.0,39870.0,39843.0,39848.0,828,4
1711087200,39848.0,39865.0,39847.0,39864.0,558,4
1711090800,39865.0,39877.0,39862.0,39874.0,367,4
1711094400,39873.0,39885.0,39870.0,39875.0,555,4
1711098000,39875.0,39887.0,39866.0,39867.0,443,4
1711101600,39867.0,39870.0,39828.0,39842.0,901,4
1711105200,39846.0,39881.0,39837.0,39872.0,1589,4
1711108800,39871.0,39892.0,39866.0,39884.0,1116,4
1711112400,39884.0,39909.0,39879.0,39889.0,915,4
1711116000,39890.0,39913.0,39807.0,39818.0,1307,4
1711119600,39818.0,39856.0,39799.0,39832.0,2033,4
1711123200,39832.0,39879.0,39772.0,39784.0,4479,4
1711126800,39786.0,39799.0,39648.0,39651.0,4771,4
1711130400,39652.0,39695.0,39646.0,39657.0,3572,4
1711134000,39657.0,39665.0,39591.0,39647.0,3197,4
1711137600,39648.0,39666.0,39624.0,39660.0,2662,5
1711141200,39660.0,39670.0,39614.0,39632.0,3065,4
1711144800,39632.0,39637.0,39503.0,39504.0,4069,4
1711148400,39504.0,39511.0,39466.0,39470.0,1099,4
1711328400,39506.0,39506.0,39469.0,39496.0,581,4
1711332000,39496.0,39507.0,39487.0,39503.0,644,4
1711335600,39503.0,39510.0,39489.0,39492.0,612,4
1711339200,39492.0,39506.0,39479.0,39492.0,832,4
1711342800,39492.0,39494.0,39466.0,39479.0,637,4
1711346400,39480.0,39480.0,39460.0,39473.0,452,4
1711350000,39473.0,39475.0,39463.0,39470.0,283,4
1711353600,39470.0,39477.0,39455.0,39459.0,505,4
1711357200,39459.0,39462.0,39437.0,39459.0,535,4
1711360800,39460.0,39466.0,39437.0,39450.0,692,4
1711364400,39448.0,39516.0,39448.0,39492.0,1309,4
1711368000,39492.0,39496.0,39442.0,39449.0,1187,4
1711371600,39449.0,39464.0,39429.0,39462.0,1115,4
1711375200,39462.0,39473.0,39420.0,39437.0,1146,4
1711378800,39437.0,39482.0,39435.0,39467.0,1501,4
1711382400,39467.0,39488.0,39401.0,39438.0,4264,4
1711386000,39438.0,39451.0,39384.0,39418.0,4397,4
1711389600,39420.0,39424.0,39380.0,39411.0,3245,4
1711393200,39411.0,39422.0,39372.0,39388.0,2941,4
1711396800,39388.0,39392.0,39358.0,39372.0,2679,4
1711400400,39372.0,39415.0,39357.0,39383.0,2315,5
1711404000,39384.0,39392.0,39344.0,39357.0,3185,5
1711407600,39357.0,39375.0,39348.0,39375.0,854,5
1711414800,39378.0,39397.0,39376.0,39380.0,345,5
1711418400,39380.0,39391.0,39371.0,39389.0,405,5
1711422000,39389.0,39418.0,39385.0,39414.0,533,5
1711425600,39414.0,39416.0,39404.0,39407.0,556,5
1711429200,39407.0,39411.0,39398.0,39401.0,410,5
1711432800,39401.0,39405.0,39381.0,39388.0,429,5
1711436400,39388.0,39404.0,39388.0,39397.0,318,5
1711440000,39397.0,39405.0,39394.0,39403.0,476,5
1711443600,39402.0,39422.0,39390.0,39415.0,483,5
1711447200,39415.0,39430.0,39387.0,39387.0,884,4
1711450800,39387.0,39438.0,39382.0,39420.0,1201,5
1711454400,39420.0,39459.0,39417.0,39456.0,1097,5
1711458000,39457.0,39479.0,39457.0,39474.0,907,5
1711461600,39474.0,39474.0,39439.0,39450.0,961,4
1711465200,39450.0,39458.0,39401.0,39412.0,1706,4
1711468800,39412.0,39440.0,39361.0,39380.0,4009,4
1711472400,39389.0,39476.0,39353.0,39471.0,4329,4
1711476000,39471.0,39491.0,39425.0,39480.0,2898,4
1711479600,39479.0,39479.0,39444.0,39456.0,2789,4
1711483200,39456.0,39467.0,39417.0,39435.0,2470,5
1711486800,39435.0,39465.0,39425.0,39447.0,2135,5
1711490400,39447.0,39468.0,39326.0,39361.0,3687,5
1711494000,39359.0,39423.0,39346.0,39414.0,1066,5
1711501200,39429.0,39442.0,39419.0,39426.0,429,5
1711504800,39426.0,39444.0,39416.0,39442.0,409,5
1711508400,39441.0,39454.0,39436.0,39449.0,415,5
1711512000,39450.0,39463.0,39446.0,39463.0,554,4
1711515600,39462.0,39463.0,39451.0,39455.0,373,4
1711519200,39455.0,39471.0,39455.0,39465.0,411,4
1711522800,39464.0,39494.0,39463.0,39493.0,388,4
1711526400,39493.0,39519.0,39490.0,39501.0,649,4
1711530000,39501.0,39505.0,39483.0,39484.0,578,4
1711533600,39483.0,39488.0,39459.0,39460.0,683,4
1711537200,39461.0,39490.0,39461.0,39475.0,1209,4
1711540800,39475.0,39513.0,39475.0,39498.0,1295,4
1711544400,39498.0,39524.0,39486.0,39522.0,911,5
1711548000,39523.0,39538.0,39512.0,39515.0,838,5
1711551600,39515.0,39531.0,39487.0,39520.0,1044,5
1711555200,39519.0,39655.0,39513.0,39648.0,4061,4
1711558800,39648.0,39649.0,39534.0,39539.0,5230,4
1711562400,39540.0,39579.0,39531.0,39534.0,3621,4
1711566000,39534.0,39612.0,39501.0,39609.0,3017,4
1711569600,39608.0,39629.0,39579.0,39586.0,2919,4
1711573200,39585.0,39669.0,39579.0,39630.0,3044,4
1711576800,39630.0,39827.0,39610.0,39825.0,4702,4
1711580400,39826.0,39857.0,39818.0,39819.0,1377,4
1711587600,39803.0,39809.0,39769.0,39795.0,998,5
1711591200,39795.0,39806.0,39782.0,39787.0,538,4
1711594800,39787.0,39816.0,39786.0,39813.0,758,5
1711598400,39813.0,39815.0,39796.0,39797.0,747,4
1711602000,39797.0,39802.0,39790.0,39792.0,426,4
1711605600,39792.0,39796.0,39787.0,39791.0,364,4
1711609200,39791.0,39804.0,39786.0,39801.0,327,4
1711612800,39801.0,39811.0,39794.0,39807.0,545,4
1711616400,39807.0,39809.0,39791.0,39799.0,411,4
1711620000,39799.0,39804.0,39777.0,39784.0,640,4
1711623600,39784.0,39840.0,39775.0,39820.0,1134,4
1711627200,39820.0,39836.0,39807.0,39817.0,918,4
1711630800,39817.0,39839.0,39808.0,39819.0,946,4
1711634400,39819.0,39829.0,39795.0,39827.0,1002,4
1711638000,39827.0,39869.0,39824.0,39865.0,2017,4
1711641600,39865.0,39917.0,39817.0,39833.0,4231,4
1711645200,39837.0,39863.0,39782.0,39821.0,4061,4
1711648800,39820.0,39861.0,39782.0,39854.0,2817,4
1711652400,39854.0,39866.0,39818.0,39840.0,2592,4
1711656000,39840.0,39848.0,39799.0,39847.0,2289,4
1711659600,39847.0,39887.0,39799.0,39880.0,2497,4
1711663200,39879.0,39920.0,39825.0,39835.0,4030,4
1711666800,39841.0,39853.0,39817.0,39818.0,1394,4
1711933200,39896.0,39990.0,39896.0,39989.0,1239,4
1711936800,39989.0,40062.0,39988.0,40049.0,739,4
1711940400,40049.0,40051.0,40007.0,40020.0,734,4
1711944000,40020.0,40022.0,39995.0,39999.0,589,4
1711947600,39999.0,40000.0,39987.0,39997.0,506,4
1711951200,39998.0,40021.0,39991.0,40020.0,404,4
1711954800,40020.0,40032.0,40017.0,40032.0,343,4
1711958400,40032.0,40032.0,40012.0,40014.0,413,4
1711962000,40014.0,40026.0,40009.0,40012.0,426,4
1711965600,40013.0,40031.0,40008.0,40014.0,401,4
1711969200,40014.0,40014.0,39984.0,40002.0,597,4
1711972800,40002.0,40005.0,39983.0,39988.0,397,4
1711976400,39988.0,40004.0,39983.0,39994.0,377,4
1711980000,39994.0,40003.0,39973.0,39982.0,570,4
1711983600,39982.0,39982.0,39839.0,39871.0,1608,4
1711987200,39872.0,39888.0,39687.0,39731.0,4327,4
1711990800,39731.0,39731.0,39590.0,39621.0,4808,4
1711994400,39621.0,39648.0,39544.0,39544.0,3737,4
1711998000,39544.0,39611.0,39536.0,39597.0,2775,4
1712001600,39597.0,39599.0,39533.0,39576.0,2610,4
1712005200,39577.0,39601.0,39564.0,39573.0,2328,4
1712008800,39573.0,39634.0,39555.0,39588.0,3216,4
1712012400,39586.0,39599.0,39412.0,39478.0,1716,4
1712019600,39507.0,39509.0,39468.0,39477.0,557,5
1712023200,39477.0,39483.0,39452.0,39478.0,614,4
1712026800,39478.0,39494.0,39467.0,39485.0,836,4
1712030400,39485.0,39500.0,39472.0,39485.0,1007,4
1712034000,39485.0,39496.0,39479.0,39492.0,618,4
1712037600,39492.0,39494.0,39472.0,39473.0,475,4
1712041200,39473.0,39477.0,39460.0,39469.0,376,4
1712044800,39469.0,39471.0,39452.0,39462.0,660,4
1712048400,39462.0,39487.0,39457.0,39463.0,950,4
1712052000,39463.0,39495.0,39451.0,39483.0,2050,4
1712055600,39483.0,39515.0,39459.0,39475.0,2016,4
1712059200,39476.0,39506.0,39472.0,39478.0,1351,4
1712062800,39478.0,39482.0,39432.0,39461.0,1600,4
1712066400,39462.0,39468.0,39393.0,39395.0,1572,4
1712070000,39395.0,39404.0,39291.0,39293.0,2273,4
1712073600,39293.0,39305.0,39086.0,39136.0,5871,4
1712077200,39145.0,39230.0,39109.0,39165.0,6109,4
1712080800,39164.0,39209.0,39110.0,39119.0,4042,4
1712084400,39119.0,39166.0,39092.0,39156.0,3369,4
1712088000,39156.0,39162.0,39085.0,39127.0,2627,5
1712091600,39127.0,39188.0,39114.0,39173.0,2593,5
1712095200,39173.0,39254.0,39167.0,39218.0,3759,4
1712098800,39219.0,39234.0,39212.0,39223.0,774,5
1712106000,39229.0,39233.0,39201.0,39204.0,508,5
1712109600,39204.0,39214.0,39195.0,39198.0,431,5
1712113200,39198.0,39198.0,39160.0,39169.0,913,4
1712116800,39168.0,39176.0,39155.0,39159.0,1065,4
1712120400,39159.0,39173.0,39156.0,39164.0,683,4
1712124000,39163.0,39176.0,39163.0,39172.0,412,4
1712127600,39172.0,39174.0,39151.0,39166.0,472,4
1712131200,39167.0,39170.0,39140.0,39140.0,650,4
1712134800,39140.0,39184.0,39125.0,39173.0,1076,4
1712138400,39173.0,39200.0,39145.0,39149.0,2150,4
1712142000,39149.0,39207.0,39147.0,39183.0,1647,4
1712145600,39183.0,39204.0,39167.0,39178.0,1268,4
1712149200,39178.0,39193.0,39170.0,39192.0,1055,4
1712152800,39193.0,39219.0,39190.0,39215.0,1373,5
1712156400,39216.0,39238.0,39149.0,39174.0,2368,4
1712160000,39174.0,39239.0,39153.0,39211.0,4449,4
1712163600,39212.0,39343.0,39212.0,39290.0,5586,4
1712167200,39290.0,39318.0,39247.0,39254.0,3240,4
1712170800,39254.0,39315.0,39206.0,39262.0,4534,4
1712174400,39265.0,39290.0,39252.0,39267.0,2845,4
1712178000,39268.0,39278.0,39199.0,39206.0,2248,4
1712181600,39205.0,39215.0,39055.0,39188.0,4996,4
1712185200,39186.0,39224.0,39186.0,39208.0,946,5
1712192400,39200.0,39200.0,39181.0,39189.0,305,5
1712196000,39189.0,39269.0,39185.0,39228.0,986,5
1712199600,39228.0,39229.0,39207.0,39212.0,936,4
1712203200,39212.0,39220.0,39207.0,39218.0,586,4
1712206800,39218.0,39232.0,39212.0,39227.0,397,4
1712210400,39227.0,39239.0,39223.0,39239.0,400,4
1712214000,39239.0,39260.0,39236.0,39253.0,386,4
1712217600,39253.0,39255.0,39233.0,39233.0,475,4
1712221200,39233.0,39243.0,39217.0,39236.0,813,4
1712224800,39236.0,39275.0,39229.0,39264.0,1868,4
1712228400,39264.0,39300.0,39263.0,39278.0,1499,4
1712232000,39278.0,39300.0,39272.0,39291.0,986,4
1712235600,39291.0,39311.0,39270.0,39308.0,1033,4
1712239200,39308.0,39313.0,39275.0,39284.0,1008,4
1712242800,39284.0,39393.0,39269.0,39385.0,2036,4
1712246400,39385.0,39461.0,39278.0,39308.0,4177,4
1712250000,39307.0,39344.0,39283.0,39322.0,3613,5
1712253600,39321.0,39369.0,39275.0,39358.0,2531,4
1712257200,39358.0,39400.0,39333.0,39343.0,2735,4
1712260800,39343.0,39355.0,39216.0,39224.0,3061,4
1712264400,39221.0,39222.0,38757.0,38787.0,8941,4
1712268000,38781.0,38799.0,38581.0,38626.0,9465,4
1712271600,38626.0,38673.0,38590.0,38628.0,2429,4
1712278800,38656.0,38685.0,38628.0,38638.0,1709,5
1712282400,38638.0,38669.0,38626.0,38641.0,1110,4
1712286000,38641.0,38664.0,38579.0,38634.0,1419,4
1712289600,38634.0,38642.0,38596.0,38602.0,1185,4
1712293200,38602.0,38632.0,38598.0,38629.0,889,4
1712296800,38629.0,38659.0,38620.0,38657.0,753,4
1712300400,38657.0,38660.0,38641.0,38648.0,555,4
1712304000,38648.0,38670.0,38642.0,38662.0,792,4
1712307600,38662.0,38700.0,38659.0,38682.0,1390,4
1712311200,38682.0,38696.0,38652.0,38686.0,2181,4
1712314800,38686.0,38703.0,38666.0,38686.0,1441,4
1712318400,38685.0,38700.0,38673.0,38689.0,1187,4
1712322000,38691.0,38701.0,38673.0,38699.0,968,4
1712325600,38702.0,38749.0,38691.0,38715.0,1292,4
1712329200,38714.0,38783.0,38607.0,38691.0,4964,4
1712332800,38691.0,38759.0,38631.0,38731.0,7107,4
1712336400,38730.0,38882.0,38674.0,38879.0,6977,4
1712340000,38879.0,39026.0,38787.0,39001.0,5978,4
1712343600,39003.0,39079.0,38969.0,39071.0,4531,4
1712347200,39070.0,39075.0,38879.0,38906.0,4967,4
1712350800,38908.0,39026.0,38864.0,38928.0,7261,4
1712354400,38931.0,38997.0,38907.0,38922.0,5337,4
1712358000,38919.0,38961.0,38908.0,38955.0,1218,4
1712538000,39022.0,39066.0,39001.0,39005.0,756,4
1712541600,39005.0,39025.0,39000.0,39011.0,547,4
1712545200,39012.0,39014.0,38944.0,38976.0,1365,4
1712548800,38975.0,38994.0,38963.0,38978.0,1205,4
1712552400,38978.0,38981.0,38965.0,38974.0,709,4
1712556000,38974.0,38976.0,38908.0,38923.0,962,4
1712559600,38923.0,38933.0,38920.0,38929.0,457,4
1712563200,38929.0,38946.0,38913.0,38928.0,866,4
1712566800,38928.0,38946.0,38898.0,38906.0,1245,4
1712570400,38907.0,39005.0,38894.0,38986.0,2368,4
1712574000,38985.0,38998.0,38845.0,38910.0,2606,4
1712577600,38910.0,38955.0,38895.0,38932.0,2002,4
1712581200,38932.0,38963.0,38905.0,38960.0,1539,4
1712584800,38960.0,38983.0,38926.0,38969.0,1716,4
1712588400,38969.0,39020.0,38940.0,39010.0,2158,4
1712592000,39010.0,39059.0,38943.0,38971.0,5256,4
1712595600,38971.0,39037.0,38918.0,39009.0,5615,4
1712599200,39010.0,39042.0,38920.0,38944.0,4970,4
1712602800,38944.0,38991.0,38893.0,38988.0,4381,4
1712606400,38989.0,39012.0,38950.0,39000.0,3514,4
1712610000,39001.0,39008.0,38940.0,38982.0,3365,4
1712613600,38982.0,39018.0,38920.0,38953.0,3961,4
1712617200,38954.0,38976.0,38950.0,38965.0,826,4
1712624400,38971.0,38984.0,38960.0,38971.0,319,5
1712628000,38971.0,38972.0,38954.0,38955.0,337,4
1712631600,38955.0,38962.0,38942.0,38944.0,670,4
1712635200,38944.0,38950.0,38930.0,38930.0,700,4
1712638800,38930.0,38937.0,38921.0,38927.0,529,4
1712642400,38927.0,38940.0,38925.0,38938.0,463,4
1712646000,38938.0,38956.0,38935.0,38952.0,353,4
1712649600,38952.0,38962.0,38942.0,38942.0,482,4
1712653200,38942.0,38955.0,38927.0,38933.0,829,4
1712656800,38933.0,38944.0,38901.0,38902.0,1782,4
1712660400,38902.0,38918.0,38884.0,38912.0,1611,4
1712664000,38912.0,38954.0,38903.0,38939.0,1501,4
1712667600,38938.0,38953.0,38887.0,38906.0,1715,4
1712671200,38906.0,38975.0,38903.0,38973.0,1757,4
1712674800,38973.0,39012.0,38969.0,38986.0,2004,4
1712678400,38987.0,39036.0,38847.0,38874.0,5160,4
1712682000,38875.0,38933.0,38602.0,38667.0,7623,4
1712685600,38665.0,38783.0,38636.0,38768.0,6300,4
1712689200,38768.0,38842.0,38745.0,38763.0,4726,4
1712692800,38763.0,38834.0,38755.0,38770.0,4439,4
1712696400,38770.0,38811.0,38736.0,38758.0,4514,4
1712700000,38756.0,38936.0,38705.0,38925.0,5636,4
1712703600,38923.0,39014.0,38919.0,38952.0,1540,4
1712710800,38956.0,38969.0,38946.0,38955.0,477,5
1712714400,38955.0,38960.0,38950.0,38952.0,340,4
1712718000,38952.0,38975.0,38948.0,38969.0,515,4
1712721600,38969.0,38970.0,38938.0,38964.0,656,4
1712725200,38964.0,38964.0,38949.0,38957.0,608,4
1712728800,38958.0,38959.0,38947.0,38952.0,361,4
1712732400,38952.0,38965.0,38951.0,38961.0,307,4
1712736000,38961.0,38972.0,38941.0,38947.0,593,4
1712739600,38947.0,38974.0,38942.0,38955.0,893,4
1712743200,38955.0,38990.0,38954.0,38969.0,1799,4
1712746800,38969.0,39006.0,38949.0,38996.0,1384,4
1712750400,38997.0,39006.0,38950.0,38964.0,1449,4
1712754000,38964.0,38997.0,38946.0,38996.0,1480,4
1712757600,38996.0,39004.0,38984.0,39001.0,1314,4
1712761200,39001.0,39075.0,38406.0,38501.0,6358,4
1712764800,38502.0,38553.0,38375.0,38437.0,9552,4
1712768400,38437.0,38626.0,38400.0,38520.0,8538,4
1712772000,38520.0,38524.0,38391.0,38406.0,5718,4
1712775600,38406.0,38492.0,38388.0,38474.0,4337,4
1712779200,38474.0,38526.0,38328.0,38428.0,8137,4
1712782800,38428.0,38490.0,38336.0,38339.0,7432,4
1712786400,38340.0,38538.0,38335.0,38481.0,6503,4
1712790000,38485.0,38493.0,38412.0,38462.0,1331,5
1712797200,38451.0,38451.0,38412.0,38432.0,752,4
1712800800,38432.0,38432.0,38392.0,38415.0,882,4
1712804400,38415.0,38459.0,38410.0,38435.0,1372,4
1712808000,38435.0,38472.0,38422.0,38458.0,1336,4
1712811600,38458.0,38474.0,38457.0,38463.0,795,4
1712815200,38463.0,38498.0,38458.0,38495.0,598,4
1712818800,38495.0,38507.0,38490.0,38507.0,471,5
1712822400,38507.0,38510.0,38491.0,38492.0,757,5
1712826000,38492.0,38507.0,38460.0,38461.0,1289,5
1712829600,38462.0,38501.0,38458.0,38487.0,2868,4
1712833200,38487.0,38504.0,38398.0,38399.0,2496,4
1712836800,38399.0,38437.0,38379.0,38401.0,2527,4
1712840400,38401.0,38418.0,38380.0,38404.0,2253,4
1712844000,38404.0,38417.0,38298.0,38323.0,2880,4
1712847600,38323.0,38537.0,38283.0,38505.0,5734,4
1712851200,38505.0,38583.0,38391.0,38419.0,7277,4
1712854800,38420.0,38420.0,38215.0,38255.0,7661,4
1712858400,38256.0,38409.0,38225.0,38395.0,5764,4
1712862000,38396.0,38405.0,38334.0,38366.0,4606,4
1712865600,38366.0,38539.0,38338.0,38520.0,5963,4
1712869200,38520.0,38621.0,38515.0,38566.0,5250,4
1712872800,38567.0,38602.0,38464.0,38471.0,4875,4
1712876400,38467.0,38504.0,38462.0,38495.0,1053,4
1712883600,38499.0,38532.0,38493.0,38527.0,510,5
1712887200,38527.0,38531.0,38492.0,38519.0,566,5
1712890800,38519.0,38528.0,38489.0,38523.0,957,5
1712894400,38523.0,38528.0,38505.0,38526.0,927,5
1712898000,38526.0,38526.0,38511.0,38515.0,623,5
1712901600,38515.0,38533.0,38509.0,38511.0,465,5
1712905200,38511.0,38524.0,38507.0,38515.0,421,5
1712908800,38515.0,38526.0,38508.0,38512.0,577,5
1712912400,38513.0,38544.0,38504.0,38530.0,1232,5
1712916000,38530.0,38569.0,38526.0,38565.0,2280,5
1712919600,38568.0,38585.0,38516.0,38533.0,2042,5
1712923200,38533.0,38544.0,38500.0,38511.0,1887,5
1712926800,38512.0,38518.0,38327.0,38367.0,2611,5
1712930400,38367.0,38437.0,38333.0,38416.0,2642,5
1712934000,38416.0,38438.0,38207.0,38209.0,3263,5
1712937600,38210.0,38304.0,38138.0,38267.0,6545,5
1712941200,38267.0,38275.0,38052.0,38075.0,6749,5
1712944800,38077.0,38202.0,38067.0,38162.0,4649,5
1712948400,38162.0,38177.0,37982.0,37982.0,5222,5
1712952000,37984.0,38013.0,37883.0,37957.0,5522,5
1712955600,37954.0,38031.0,37918.0,37924.0,5995,5
1712959200,37925.0,38001.0,37882.0,37997.0,5552,5
1712962800,37996.0,38011.0,37978.0,37980.0,1145,5
1713142800,38015.0,38132.0,37998.0,38093.0,2754,4
1713146400,38093.0,38127.0,38086.0,38099.0,1007,4
1713150000,38099.0,38117.0,38031.0,38086.0,1845,4
1713153600,38086.0,38088.0,38028.0,38076.0,1676,4
1713157200,38076.0,38094.0,38070.0,38072.0,979,4
1713160800,38072.0,38098.0,38057.0,38090.0,830,4
1713164400,38091.0,38126.0,38086.0,38121.0,641,5
1713168000,38121.0,38157.0,38121.0,38150.0,1165,4
1713171600,38150.0,38177.0,38125.0,38141.0,1670,4
1713175200,38142.0,38196.0,38126.0,38188.0,3367,4
1713178800,38189.0,38204.0,38122.0,38123.0,2571,4
1713182400,38123.0,38149.0,38076.0,38103.0,2236,4
1713186000,38103.0,38130.0,38088.0,38104.0,1577,4
1713189600,38106.0,38226.0,38106.0,38222.0,2178,4
1713193200,38222.0,38349.0,38188.0,38301.0,3831,4
1713196800,38302.0,38408.0,38302.0,38349.0,5945,4
1713200400,38349.0,38351.0,38081.0,38085.0,8357,5
1713204000,38085.0,38183.0,38063.0,38159.0,6203,4
1713207600,38162.0,38185.0,38002.0,38035.0,5489,4
1713211200,38034.0,38073.0,37754.0,37851.0,7990,4
1713214800,37849.0,37857.0,37715.0,37780.0,7282,4
1713218400,37779.0,37826.0,37682.0,37762.0,7274,5
1713222000,37764.0,37769.0,37708.0,37755.0,1287,5
1713229200,37785.0,37798.0,37762.0,37789.0,751,5
1713232800,37789.0,37789.0,37720.0,37771.0,1200,5
1713236400,37774.0,37800.0,37757.0,37758.0,1388,4
1713240000,37758.0,37767.0,37707.0,37730.0,1487,4
1713243600,37730.0,37735.0,37618.0,37687.0,2014,4
1713247200,37687.0,37693.0,37652.0,37692.0,1253,4
1713250800,37692.0,37696.0,37661.0,37692.0,919,4
1713254400,37692.0,37739.0,37687.0,37729.0,1323,5
1713258000,37729.0,37738.0,37662.0,37682.0,2139,4
1713261600,37683.0,37753.0,37667.0,37741.0,4398,4
1713265200,37741.0,37754.0,37708.0,37733.0,2827,4
1713268800,37733.0,37773.0,37683.0,37771.0,2899,4
1713272400,37772.0,37919.0,37756.0,37895.0,3175,4
1713276000,37896.0,38039.0,37888.0,38027.0,2756,4
1713279600,38027.0,38062.0,37935.0,38004.0,3365,4
1713283200,38004.0,38026.0,37827.0,37908.0,7481,4
1713286800,37910.0,37963.0,37779.0,37809.0,8503,4
1713290400,37807.0,37972.0,37792.0,37900.0,6622,4
1713294000,37901.0,37948.0,37858.0,37893.0,6146,5
1713297600,37893.0,37926.0,37727.0,37845.0,8827,4
1713301200,37845.0,38018.0,37742.0,37958.0,8469,4
1713304800,37955.0,37973.0,37812.0,37824.0,6501,4
1713308400,37823.0,37858.0,37800.0,37855.0,1478,5
1713315600,37870.0,37909.0,37870.0,37886.0,737,5
1713319200,37886.0,37941.0,37875.0,37938.0,699,5
1713322800,37939.0,37939.0,37854.0,37882.0,1596,4
1713326400,37882.0,37909.0,37866.0,37899.0,1555,4
1713330000,37899.0,37926.0,37895.0,37915.0,963,4
1713333600,37915.0,37923.0,37905.0,37911.0,661,4
1713337200,37911.0,37918.0,37902.0,37916.0,500,4
1713340800,37916.0,37916.0,37834.0,37846.0,1581,4
1713344400,37846.0,37854.0,37761.0,37816.0,3152,4
1713348000,37816.0,37911.0,37812.0,37905.0,3664,4
1713351600,37905.0,37999.0,37898.0,37974.0,2570,4
1713355200,37974.0,37991.0,37927.0,37979.0,2185,4
1713358800,37979.0,38026.0,37973.0,37995.0,1797,4
1713362400,37995.0,38006.0,37909.0,37915.0,2092,4
1713366000,37915.0,37947.0,37840.0,37858.0,3259,4
1713369600,37858.0,38041.0,37853.0,37987.0,6978,4
1713373200,37986.0,37992.0,37743.0,37786.0,8128,4
1713376800,37790.0,37840.0,37662.0,37729.0,7413,4
1713380400,37728.0,37746.0,37628.0,37686.0,7103,4
1713384000,37686.0,37873.0,37674.0,37864.0,6530,4
1713387600,37864.0,37983.0,37805.0,37821.0,7062,4
1713391200,37820.0,37832.0,37728.0,37769.0,7577,4
1713394800,37764.0,37771.0,37734.0,37763.0,1289,4
1713402000,37769.0,37785.0,37762.0,37777.0,621,4
1713405600,37777.0,37794.0,37764.0,37787.0,520,4
1713409200,37787.0,37802.0,37777.0,37795.0,934,4
1713412800,37795.0,37810.0,37780.0,37809.0,1094,4
1713416400,37809.0,37839.0,37804.0,37827.0,743,4
1713420000,37827.0,37844.0,37826.0,37842.0,505,4
1713423600,37842.0,37851.0,37832.0,37833.0,489,4
1713427200,37833.0,37869.0,37817.0,37866.0,992,4
1713430800,37865.0,37885.0,37862.0,37868.0,1157,4
1713434400,37868.0,37884.0,37841.0,37852.0,2417,4
1713438000,37852.0,37859.0,37793.0,37812.0,2265,4
1713441600,37811.0,37825.0,37767.0,37823.0,1856,4
1713445200,37823.0,37884.0,37807.0,37851.0,1513,4
1713448800,37851.0,37898.0,37839.0,37877.0,1689,4
1713452400,37877.0,37881.0,37811.0,37859.0,3124,4
1713456000,37860.0,37973.0,37837.0,37967.0,6610,4
1713459600,37964.0,38083.0,37904.0,38063.0,7442,4
1713463200,38064.0,38104.0,37975.0,37988.0,5773,4
1713466800,37988.0,38022.0,37797.0,37815.0,5753,4
1713470400,37815.0,37833.0,37687.0,37750.0,6826,4
1713474000,37750.0,37823.0,37689.0,37741.0,6816,4
1713477600,37741.0,37880.0,37740.0,37789.0,6528,4
1713481200,37787.0,37821.0,37763.0,37789.0,2306,4
1713488400,37794.0,37810.0,37774.0,37781.0,580,4
1713492000,37780.0,37782.0,37708.0,37732.0,924,5
1713495600,37731.0,37748.0,37603.0,37622.0,2319,4
1713499200,37621.0,37636.0,37306.0,37385.0,6120,4
1713502800,37385.0,37400.0,37247.0,37384.0,5973,4
1713506400,37382.0,37497.0,37366.0,37482.0,2873,4
1713510000,37482.0,37537.0,37482.0,37502.0,1238,4
1713513600,37501.0,37532.0,37466.0,37517.0,1296,5
1713517200,37515.0,37655.0,37489.0,37610.0,2756,4
1713520800,37616.0,37668.0,37602.0,37658.0,3522,4
1713524400,37658.0,37691.0,37606.0,37641.0,2756,4
1713528000,37641.0,37705.0,37632.0,37662.0,2497,4
1713531600,37661.0,37705.0,37629.0,37692.0,2211,4
1713535200,37689.0,37771.0,37686.0,37745.0,3186,4
1713538800,37745.0,37830.0,37709.0,37780.0,3292,4
1713542400,37780.0,37987.0,37770.0,37953.0,7337,4
1713546000,37950.0,38019.0,37898.0,37961.0,8756,4
1713549600,37959.0,38002.0,37914.0,37943.0,7071,4
1713553200,37942.0,37997.0,37845.0,37989.0,6833,4
1713556800,37987.0,38128.0,37973.0,38057.0,7175,4
1713560400,38056.0,38058.0,37873.0,37935.0,8288,4
1713564000,37935.0,38026.0,37905.0,37994.0,8179,4
1713567600,37993.0,38010.0,37967.0,37989.0,1821,4
1713747600,38088.0,38119.0,38053.0,38111.0,1685,4
1713751200,38111.0,38133.0,38091.0,38130.0,850,4
1713754800,38129.0,38156.0,38066.0,38069.0,1891,4
1713758400,38069.0,38109.0,38054.0,38093.0,1985,4
1713762000,38093.0,38105.0,38080.0,38090.0,959,4
1713765600,38090.0,38100.0,38071.0,38077.0,635,4
1713769200,38077.0,38105.0,38075.0,38100.0,541,4
1713772800,38100.0,38114.0,38083.0,38114.0,714,4
1713776400,38113.0,38192.0,38113.0,38184.0,1210,4
1713780000,38184.0,38198.0,38082.0,38098.0,2144,4
1713783600,38098.0,38155.0,38087.0,38140.0,2150,4
1713787200,38140.0,38208.0,38134.0,38174.0,1807,4
1713790800,38174.0,38211.0,38173.0,38207.0,1478,4
1713794400,38208.0,38252.0,38183.0,38243.0,1968,4
1713798000,38241.0,38250.0,38176.0,38207.0,2250,4
1713801600,38207.0,38243.0,38029.0,38093.0,5368,4
1713805200,38091.0,38159.0,38062.0,38070.0,6618,4
1713808800,38068.0,38126.0,38009.0,38125.0,4801,4
1713812400,38125.0,38233.0,38119.0,38232.0,4181,4
1713816000,38233.0,38468.0,38220.0,38438.0,4894,4
1713819600,38437.0,38480.0,38366.0,38399.0,5020,4
1713823200,38399.0,38399.0,38227.0,38273.0,5921,4
1713826800,38270.0,38293.0,38233.0,38292.0,1532,4
1713834000,38311.0,38314.0,38266.0,38290.0,757,4
1713837600,38290.0,38297.0,38236.0,38284.0,934,4
1713841200,38286.0,38309.0,38273.0,38304.0,1009,5
1713844800,38304.0,38305.0,38247.0,38259.0,1089,4
1713848400,38259.0,38291.0,38257.0,38276.0,812,4
1713852000,38276.0,38291.0,38258.0,38284.0,707,4
1713855600,38284.0,38297.0,38269.0,38274.0,514,4
1713859200,38275.0,38288.0,38260.0,38282.0,771,4
1713862800,38282.0,38301.0,38254.0,38300.0,1005,4
1713866400,38300.0,38338.0,38291.0,38314.0,2331,4
1713870000,38314.0,38353.0,38282.0,38284.0,1834,4
1713873600,38283.0,38318.0,38277.0,38295.0,1672,4
1713877200,38295.0,38379.0,38291.0,38377.0,1504,4
1713880800,38376.0,38385.0,38311.0,38319.0,1596,4
1713884400,38320.0,38394.0,38286.0,38387.0,2105,4
1713888000,38387.0,38469.0,38323.0,38434.0,5495,4
1713891600,38437.0,38542.0,38378.0,38532.0,6705,4
1713895200,38533.0,38538.0,38439.0,38451.0,5245,4
1713898800,38451.0,38542.0,38442.0,38515.0,3828,4
1713902400,38514.0,38595.0,38485.0,38566.0,4036,4
1713906000,38564.0,38572.0,38507.0,38531.0,3744,4
1713909600,38532.0,38552.0,38496.0,38544.0,4419,4
1713913200,38540.0,38571.0,38500.0,38553.0,1526,4
1713920400,38547.0,38547.0,38531.0,38547.0,642,4
1713924000,38547.0,38563.0,38540.0,38546.0,761,4
1713927600,38546.0,38567.0,38530.0,38565.0,806,4
1713931200,38565.0,38576.0,38554.0,38576.0,606,4
1713934800,38576.0,38586.0,38565.0,38581.0,525,4
1713938400,38581.0,38606.0,38581.0,38592.0,692,4
1713942000,38592.0,38593.0,38581.0,38587.0,373,4
1713945600,38587.0,38612.0,38585.0,38604.0,663,4
1713949200,38604.0,38606.0,38555.0,38569.0,1041,4
1713952800,38569.0,38569.0,38521.0,38547.0,1984,4
1713956400,38547.0,38568.0,38527.0,38539.0,1632,4
1713960000,38539.0,38549.0,38496.0,38509.0,1404,4
1713963600,38508.0,38540.0,38502.0,38505.0,1332,4
1713967200,38505.0,38564.0,38484.0,38546.0,1944,4
1713970800,38546.0,38564.0,38463.0,38478.0,2605,4
1713974400,38478.0,38537.0,38448.0,38499.0,6074,4
1713978000,38500.0,38555.0,38435.0,38438.0,7054,4
1713981600,38437.0,38448.0,38332.0,38375.0,5852,4
1713985200,38374.0,38427.0,38343.0,38414.0,5133,4
1713988800,38415.0,38581.0,38396.0,38569.0,4270,4
1713992400,38570.0,38573.0,38438.0,38449.0,5964,4
1713996000,38449.0,38541.0,38413.0,38481.0,5332,4
1713999600,38485.0,38511.0,38373.0,38414.0,3489,4
1714006800,38399.0,38427.0,38388.0,38404.0,1086,5
1714010400,38404.0,38429.0,38390.0,38403.0,736,4
1714014000,38403.0,38455.0,38403.0,38449.0,895,4
1714017600,38450.0,38452.0,38416.0,38421.0,793,4
1714021200,38421.0,38436.0,38412.0,38419.0,781,4
1714024800,38419.0,38423.0,38411.0,38420.0,418,4
1714028400,38420.0,38428.0,38413.0,38421.0,314,4
1714032000,38421.0,38422.0,38389.0,38400.0,857,4
1714035600,38400.0,38439.0,38390.0,38430.0,1173,4
1714039200,38431.0,38442.0,38370.0,38390.0,2255,4
1714042800,38391.0,38412.0,38374.0,38392.0,1708,4
1714046400,38392.0,38393.0,38349.0,38352.0,1288,4
1714050000,38352.0,38379.0,38230.0,38250.0,2122,4
1714053600,38250.0,38303.0,38247.0,38290.0,1950,4
1714057200,38287.0,38300.0,38033.0,38058.0,4737,4
1714060800,38058.0,38076.0,37797.0,37800.0,7308,4
1714064400,37803.0,37853.0,37763.0,37777.0,7588,4
1714068000,37778.0,37923.0,37774.0,37916.0,5685,4
1714071600,37914.0,38024.0,37883.0,38013.0,5181,4
1714075200,38013.0,38171.0,37981.0,38143.0,5397,4
1714078800,38143.0,38149.0,37981.0,38029.0,5339,4
1714082400,38030.0,38172.0,38026.0,38112.0,5875,4
1714086000,38108.0,38221.0,38095.0,38161.0,2836,4
1714093200,38207.0,38207.0,38135.0,38151.0,1113,5
1714096800,38151.0,38154.0,38125.0,38137.0,766,4
1714100400,38137.0,38148.0,38111.0,38139.0,1043,4
1714104000,38139.0,38160.0,38123.0,38148.0,983,4
1714107600,38148.0,38157.0,38126.0,38139.0,632,4
1714111200,38138.0,38172.0,38138.0,38162.0,810,4
1714114800,38162.0,38173.0,38152.0,38158.0,549,4
1714118400,38158.0,38200.0,38154.0,38196.0,784,4
1714122000,38198.0,38205.0,38173.0,38174.0,973,4
1714125600,38174.0,38183.0,38148.0,38167.0,1739,4
1714129200,38167.0,38196.0,38145.0,38174.0,1401,4
1714132800,38174.0,38180.0,38137.0,38171.0,1163,4
1714136400,38171.0,38178.0,38135.0,38148.0,1174,4
1714140000,38148.0,38172.0,38134.0,38153.0,1308,4
1714143600,38154.0,38290.0,38112.0,38158.0,4796,4
1714147200,38158.0,38276.0,38067.0,38229.0,6742,4
1714150800,38234.0,38324.0,38194.0,38222.0,6347,4
1714154400,38224.0,38272.0,38159.0,38260.0,5277,4
1714158000,38260.0,38329.0,38237.0,38329.0,3782,4
1714161600,38329.0,38357.0,38304.0,38327.0,3246,4
1714165200,38328.0,38346.0,38278.0,38320.0,3589,4
1714168800,38321.0,38326.0,38247.0,38250.0,3380,4
1714172400,38252.0,38279.0,38247.0,38276.0,725,4
1714352400,38327.0,38343.0,38321.0,38330.0,452,4
1714356000,38330.0,38372.0,38324.0,38371.0,478,4
1714359600,38371.0,38391.0,38355.0,38385.0,568,4
1714363200,38386.0,38410.0,38381.0,38408.0,765,4
1714366800,38408.0,38409.0,38387.0,38393.0,661,4
1714370400,38393.0,38397.0,38383.0,38384.0,363,4
1714374000,38384.0,38406.0,38375.0,38397.0,753,4
1714377600,38397.0,38399.0,38384.0,38398.0,541,5
1714381200,38398.0,38400.0,38345.0,38346.0,753,5
1714384800,38347.0,38376.0,38342.0,38367.0,1389,4
1714388400,38367.0,38367.0,38325.0,38329.0,1106,4
1714392000,38329.0,38335.0,38301.0,38309.0,1143,4
1714395600,38309.0,38341.0,38305.0,38331.0,955,4
1714399200,38331.0,38357.0,38314.0,38339.0,1133,4
1714402800,38339.0,38351.0,38304.0,38345.0,1230,4
1714406400,38345.0,38434.0,38321.0,38336.0,4514,4
1714410000,38336.0,38404.0,38307.0,38347.0,4733,4
1714413600,38348.0,38364.0,38315.0,38343.0,3579,4
1714417200,38343.0,38400.0,38333.0,38384.0,2661,4
1714420800,38384.0,38435.0,38364.0,38429.0,2419,4
1714424400,38428.0,38428.0,38307.0,38394.0,3197,4
1714428000,38391.0,38417.0,38235.0,38408.0,6006,4
1714431600,38408.0,38434.0,38398.0,38400.0,1042,5
1714438800,38411.0,38412.0,38380.0,38389.0,443,5
1714442400,38389.0,38397.0,38382.0,38388.0,252,4
1714446000,38388.0,38389.0,38368.0,38371.0,519,4
1714449600,38372.0,38382.0,38369.0,38371.0,509,4
1714453200,38371.0,38374.0,38356.0,38359.0,322,4
1714456800,38359.0,38379.0,38357.0,38378.0,310,4
1714460400,38378.0,38380.0,38366.0,38370.0,180,4
1714464000,38370.0,38373.0,38339.0,38367.0,617,4
1714467600,38366.0,38402.0,38366.0,38386.0,828,4
1714471200,38390.0,38405.0,38369.0,38374.0,1391,4
1714474800,38374.0,38386.0,38353.0,38356.0,1115,4
1714478400,38355.0,38399.0,38348.0,38397.0,1226,4
1714482000,38397.0,38420.0,38366.0,38418.0,1259,4
1714485600,38418.0,38418.0,38362.0,38371.0,1312,4
1714489200,38371.0,38397.0,38218.0,38243.0,3218,4
1714492800,38244.0,38302.0,38160.0,38183.0,5200,4
1714496400,38182.0,38305.0,38171.0,38273.0,5957,4
1714500000,38273.0,38275.0,38068.0,38102.0,5588,4
1714503600,38103.0,38118.0,37969.0,38008.0,4951,4
1714507200,38008.0,38085.0,37986.0,38073.0,4479,4
1714510800,38073.0,38097.0,37921.0,37961.0,4736,4
1714514400,37961.0,37995.0,37832.0,37839.0,5479,4
1714518000,37836.0,37887.0,37773.0,37812.0,3484,4
1714525200,37843.0,37850.0,37817.0,37827.0,1313,4
1714528800,37827.0,37844.0,37805.0,37827.0,928,4
1714532400,37827.0,37841.0,37815.0,37834.0,759,4
1714536000,37834.0,37862.0,37829.0,37850.0,718,4
1714539600,37851.0,37863.0,37832.0,37857.0,615,4
1714543200,37857.0,37877.0,37857.0,37876.0,580,4
1714546800,37876.0,37879.0,37865.0,37873.0,501,4
1714550400,37873.0,37873.0,37849.0,37850.0,418,4
1714554000,37850.0,37864.0,37821.0,37822.0,837,4
1714557600,37822.0,37836.0,37777.0,37795.0,980,4
1714561200,37796.0,37818.0,37787.0,37810.0,1001,4
1714564800,37810.0,37812.0,37729.0,37758.0,1351,4
1714568400,37758.0,37765.0,37721.0,37760.0,1303,4
1714572000,37760.0,37790.0,37741.0,37760.0,1219,4
1714575600,37757.0,37825.0,37742.0,37791.0,2704,4
1714579200,37791.0,37956.0,37778.0,37855.0,4349,4
1714582800,37852.0,37951.0,37824.0,37941.0,6095,4
1714586400,37941.0,37981.0,37889.0,37937.0,4309,4
1714590000,37937.0,37981.0,37912.0,37925.0,4131,4
1714593600,37925.0,38005.0,37906.0,37960.0,3405,4
1714597200,37960.0,38348.0,37933.0,38337.0,10884,4
1714600800,38339.0,38379.0,37899.0,37910.0,11132,4
1714604400,37912.0,37984.0,37897.0,37974.0,2557,4
1714611600,37996.0,38012.0,37980.0,38005.0,951,5
1714615200,38005.0,38046.0,37996.0,38040.0,704,5
1714618800,38040.0,38086.0,38038.0,38072.0,933,4
1714622400,38073.0,38094.0,38057.0,38092.0,910,4
1714626000,38092.0,38107.0,38087.0,38093.0,704,4
1714629600,38093.0,38094.0,38073.0,38078.0,581,4
1714633200,38078.0,38081.0,38068.0,38081.0,362,4
1714636800,38081.0,38097.0,38070.0,38082.0,680,4
1714640400,38082.0,38090.0,38038.0,38042.0,1377,4
1714644000,38042.0,38092.0,38026.0,38071.0,2281,4
1714647600,38072.0,38109.0,38036.0,38041.0,1752,4
1714651200,38042.0,38071.0,38039.0,38070.0,1343,4
1714654800,38069.0,38114.0,38050.0,38104.0,1416,4
1714658400,38104.0,38127.0,38078.0,38090.0,1373,4
1714662000,38090.0,38176.0,38078.0,38118.0,2857,4
1714665600,38119.0,38180.0,37980.0,38026.0,5737,4
1714669200,38029.0,38105.0,37899.0,38088.0,8212,4
1714672800,38087.0,38145.0,38030.0,38102.0,5694,4
1714676400,38102.0,38111.0,37998.0,38065.0,5153,4
1714680000,38065.0,38193.0,38065.0,38171.0,4822,4
1714683600,38172.0,38293.0,38157.0,38277.0,5043,4
1714687200,38279.0,38308.0,38156.0,38246.0,6252,4
1714690800,38244.0,38497.0,38192.0,38488.0,2978,4
1714698000,38507.0,38553.0,38455.0,38470.0,1445,4
1714701600,38470.0,38480.0,38458.0,38472.0,676,5
1714705200,38472.0,38499.0,38458.0,38490.0,688,4
1714708800,38491.0,38503.0,38478.0,38479.0,753,4
1714712400,38479.0,38485.0,38468.0,38473.0,556,4
1714716000,38473.0,38485.0,38470.0,38480.0,339,4
1714719600,38480.0,38484.0,38462.0,38465.0,326,4
1714723200,38465.0,38488.0,38460.0,38487.0,484,4
1714726800,38487.0,38496.0,38467.0,38479.0,950,4
1714730400,38479.0,38484.0,38445.0,38477.0,1609,5
1714734000,38477.0,38522.0,38472.0,38503.0,1218,5
1714737600,38503.0,38547.0,38499.0,38544.0,939,5
1714741200,38543.0,38568.0,38534.0,38534.0,966,4
1714744800,38533.0,38552.0,38509.0,38519.0,1142,4
1714748400,38522.0,38795.0,38512.0,38728.0,4949,4
1714752000,38728.0,38819.0,38650.0,38761.0,7223,4
1714755600,38763.0,38816.0,38523.0,38554.0,9699,4
1714759200,38555.0,38689.0,38526.0,38663.0,5734,4
1714762800,38663.0,38703.0,38650.0,38663.0,4106,4
1714766400,38664.0,38730.0,38654.0,38713.0,3663,4
1714770000,38712.0,38751.0,38687.0,38705.0,3093,4
1714773600,38706.0,38724.0,38666.0,38692.0,3889,4
1714777200,38690.0,38746.0,38690.0,38729.0,1134,4
1714957200,38787.0,38793.0,38759.0,38775.0,731,5
1714960800,38776.0,38784.0,38748.0,38752.0,647,4
1714964400,38752.0,38765.0,38726.0,38742.0,605,4
1714968000,38742.0,38753.0,38736.0,38748.0,509,4
1714971600,38749.0,38755.0,38744.0,38744.0,342,4
1714975200,38744.0,38754.0,38737.0,38749.0,271,4
1714978800,38749.0,38750.0,38737.0,38737.0,210,4
1714982400,38738.0,38747.0,38727.0,38742.0,457,4
1714986000,38742.0,38773.0,38738.0,38760.0,653,4
1714989600,38761.0,38770.0,38747.0,38749.0,945,4
1714993200,38750.0,38776.0,38735.0,38770.0,875,4
1714996800,38770.0,38799.0,38767.0,38793.0,733,4
1715000400,38794.0,38843.0,38787.0,38836.0,793,4
1715004000,38836.0,38840.0,38821.0,38837.0,691,4
1715007600,38837.0,38874.0,38827.0,38862.0,1031,4
1715011200,38862.0,38904.0,38804.0,38807.0,3608,4
1715014800,38808.0,38858.0,38788.0,38807.0,3670,4
1715018400,38806.0,38807.0,38718.0,38757.0,3058,4
1715022000,38754.0,38791.0,38710.0,38780.0,2788,4
1715025600,38781.0,38842.0,38768.0,38826.0,2601,4
1715029200,38826.0,38886.0,38809.0,38811.0,2480,4
1715032800,38811.0,38880.0,38773.0,38877.0,3036,4
1715036400,38875.0,38881.0,38855.0,38865.0,816,5
1715043600,38866.0,38888.0,38858.0,38886.0,398,5
1715047200,38886.0,38891.0,38869.0,38879.0,444,5
1715050800,38879.0,38893.0,38879.0,38889.0,514,5
1715054400,38889.0,38889.0,38865.0,38872.0,565,4
1715058000,38872.0,38891.0,38864.0,38881.0,429,4
1715061600,38882.0,38902.0,38881.0,38900.0,320,4
1715065200,38900.0,38903.0,38888.0,38892.0,298,4
1715068800,38893.0,38899.0,38880.0,38882.0,347,4
1715072400,38881.0,38921.0,38881.0,38911.0,640,4
1715076000,38914.0,38929.0,38879.0,38886.0,1204,4
1715079600,38886.0,38949.0,38872.0,38947.0,1038,4
1715083200,38947.0,38962.0,38938.0,38947.0,1091,4
1715086800,38948.0,38964.0,38916.0,38920.0,1084,4
1715090400,38921.0,38930.0,38892.0,38907.0,1180,4
1715094000,38907.0,38918.0,38892.0,38911.0,993,4
1715097600,38912.0,38980.0,38889.0,38955.0,3458,4
1715101200,38956.0,39009.0,38938.0,38989.0,3668,4
1715104800,38991.0,39001.0,38926.0,38941.0,2744,4
1715108400,38941.0,38943.0,38893.0,38921.0,2371,4
1715112000,38921.0,38974.0,38875.0,38884.0,2910,4
1715115600,38884.0,38914.0,38860.0,38894.0,3389,4
1715119200,38895.0,38957.0,38876.0,38899.0,3465,4
1715122800,38902.0,38921.0,38888.0,38890.0,864,4
1715130000,38900.0,38913.0,38880.0,38913.0,633,5
1715133600,38913.0,38916.0,38900.0,38906.0,444,4
1715137200,38907.0,38918.0,38903.0,38911.0,492,4
1715140800,38911.0,38917.0,38899.0,38902.0,440,4
1715144400,38902.0,38909.0,38884.0,38898.0,432,4
1715148000,38899.0,38917.0,38893.0,38905.0,318,4
1715151600,38905.0,38905.0,38891.0,38893.0,293,4
1715155200,38893.0,38905.0,38889.0,38905.0,404,4
1715158800,38905.0,38917.0,38897.0,38908.0,615,4
1715162400,38908.0,38943.0,38904.0,38920.0,1170,4
1715166000,38920.0,38929.0,38899.0,38906.0,970,4
1715169600,38907.0,38940.0,38903.0,38931.0,755,4
1715173200,38931.0,38942.0,38907.0,38907.0,918,4
1715176800,38908.0,38917.0,38877.0,38896.0,1285,4
1715180400,38896.0,38902.0,38824.0,38849.0,1738,4
1715184000,38848.0,38925.0,38845.0,38915.0,3852,4
1715187600,38916.0,38994.0,38891.0,38986.0,4357,4
1715191200,38988.0,39008.0,38959.0,38987.0,3473,4
1715194800,38988.0,39009.0,38946.0,38989.0,3015,4
1715198400,38990.0,39033.0,38963.0,39028.0,3249,4
1715202000,39029.0,39080.0,39022.0,39048.0,2944,4
1715205600,39048.0,39124.0,39020.0,39075.0,3339,4
1715209200,39075.0,39089.0,39060.0,39085.0,999,4
1715216400,39060.0,39092.0,39060.0,39083.0,447,5
1715220000,39083.0,39085.0,39070.0,39074.0,341,5
1715223600,39074.0,39079.0,39063.0,39072.0,623,4
1715227200,39072.0,39080.0,39058.0,39077.0,690,4
1715230800,39077.0,39078.0,39057.0,39061.0,483,4
1715234400,39061.0,39066.0,39047.0,39056.0,360,4
1715238000,39056.0,39064.0,39048.0,39049.0,271,4
1715241600,39049.0,39056.0,39043.0,39048.0,456,4
1715245200,39047.0,39054.0,39011.0,39012.0,835,4
1715248800,39012.0,39040.0,39007.0,39020.0,1547,4
1715252400,39020.0,39032.0,38994.0,38998.0,1292,4
1715256000,38998.0,39007.0,38966.0,38988.0,1371,4
1715259600,38988.0,39023.0,38986.0,39000.0,1237,4
1715263200,39000.0,39022.0,38977.0,39007.0,1991,4
1715266800,39007.0,39044.0,38973.0,39011.0,2729,4
1715270400,39011.0,39143.0,38991.0,39142.0,5131,4
1715274000,39141.0,39291.0,39135.0,39263.0,5714,4
1715277600,39261.0,39277.0,39225.0,39231.0,3288,4
1715281200,39231.0,39284.0,39216.0,39277.0,3486,4
1715284800,39277.0,39347.0,39270.0,39326.0,4076,4
1715288400,39326.0,39399.0,39311.0,39388.0,2689,4
1715292000,39388.0,39435.0,39378.0,39414.0,2911,4
1715295600,39416.0,39469.0,39413.0,39441.0,822,5
1715302800,39440.0,39478.0,39439.0,39468.0,470,5
1715306400,39468.0,39479.0,39463.0,39464.0,327,4
1715310000,39464.0,39469.0,39450.0,39466.0,509,4
1715313600,39466.0,39471.0,39446.0,39450.0,632,4
1715317200,39450.0,39457.0,39446.0,39454.0,406,4
1715320800,39455.0,39458.0,39445.0,39450.0,242,4
1715324400,39450.0,39469.0,39450.0,39465.0,280,4
1715328000,39465.0,39477.0,39462.0,39466.0,473,4
1715331600,39466.0,39489.0,39464.0,39482.0,671,4
1715335200,39487.0,39513.0,39486.0,39507.0,1239,4
1715338800,39507.0,39519.0,39472.0,39517.0,888,4
1715342400,39517.0,39554.0,39513.0,39534.0,1035,4
1715346000,39534.0,39540.0,39523.0,39524.0,717,4
1715349600,39523.0,39534.0,39495.0,39499.0,905,4
1715353200,39499.0,39527.0,39489.0,39501.0,1195,4
1715356800,39501.0,39599.0,39498.0,39576.0,3446,4
1715360400,39576.0,39576.0,39457.0,39489.0,5285,4
1715364000,39489.0,39500.0,39414.0,39465.0,3986,4
1715367600,39462.0,39525.0,39440.0,39509.0,3119,4
1715371200,39509.0,39512.0,39469.0,39507.0,2811,4
1715374800,39507.0,39517.0,39457.0,39512.0,2517,4
1715378400,39512.0,39558.0,39490.0,39519.0,2864,4
1715382000,39518.0,39521.0,39493.0,39498.0,775,4
1715562000,39523.0,39534.0,39477.0,39515.0,611,4
1715565600,39515.0,39532.0,39509.0,39531.0,342,4
1715569200,39532.0,39539.0,39517.0,39532.0,588,4
1715572800,39533.0,39539.0,39525.0,39535.0,605,5
1715576400,39535.0,39539.0,39518.0,39521.0,365,5
1715580000,39521.0,39550.0,39517.0,39536.0,558,4
1715583600,39536.0,39546.0,39528.0,39545.0,438,5
1715587200,39545.0,39556.0,39537.0,39548.0,520,5
1715590800,39547.0,39566.0,39536.0,39550.0,566,5
1715594400,39550.0,39561.0,39533.0,39553.0,1017,4
1715598000,39558.0,39581.0,39546.0,39549.0,1145,4
1715601600,39549.0,39573.0,39543.0,39571.0,887,4
1715605200,39571.0,39582.0,39564.0,39575.0,656,4
1715608800,39574.0,39615.0,39564.0,39609.0,914,4
1715612400,39609.0,39634.0,39595.0,39617.0,939,4
1715616000,39617.0,39679.0,39604.0,39648.0,4089,4
1715619600,39650.0,39651.0,39560.0,39579.0,4066,4
1715623200,39580.0,39586.0,39507.0,39526.0,3747,4
1715626800,39527.0,39547.0,39500.0,39500.0,2488,4
1715630400,39499.0,39499.0,39420.0,39462.0,3561,4
1715634000,39462.0,39486.0,39434.0,39468.0,2433,4
1715637600,39465.0,39495.0,39439.0,39462.0,2931,4
1715641200,39461.0,39470.0,39425.0,39451.0,728,5
1715648400,39446.0,39461.0,39446.0,39458.0,375,5
1715652000,39458.0,39476.0,39457.0,39472.0,254,5
1715655600,39473.0,39481.0,39459.0,39461.0,443,4
1715659200,39461.0,39466.0,39452.0,39464.0,492,4
1715662800,39464.0,39468.0,39456.0,39457.0,316,4
1715666400,39457.0,39463.0,39453.0,39460.0,379,4
1715670000,39460.0,39465.0,39455.0,39461.0,314,4
1715673600,39461.0,39479.0,39456.0,39477.0,470,5
1715677200,39477.0,39481.0,39464.0,39466.0,564,4
1715680800,39466.0,39480.0,39449.0,39476.0,897,4
1715684400,39476.0,39489.0,39462.0,39483.0,842,4
1715688000,39483.0,39490.0,39475.0,39489.0,706,4
1715691600,39489.0,39531.0,39430.0,39521.0,1261,4
1715695200,39521.0,39521.0,39477.0,39501.0,999,4
1715698800,39500.0,39526.0,39313.0,39496.0,4368,4
1715702400,39496.0,39548.0,39451.0,39517.0,6242,4
1715706000,39516.0,39576.0,39431.0,39511.0,6698,4
1715709600,39513.0,39520.0,39437.0,39448.0,4559,4
1715713200,39446.0,39464.0,39426.0,39440.0,3472,4
1715716800,39440.0,39444.0,39395.0,39430.0,3032,4
1715720400,39430.0,39608.0,39424.0,39588.0,3967,4
1715724000,39587.0,39643.0,39563.0,39579.0,4158,4
1715727600,39580.0,39595.0,39563.0,39588.0,997,4
1715734800,39572.0,39608.0,39566.0,39606.0,558,4
1715738400,39606.0,39607.0,39591.0,39597.0,324,5
1715742000,39597.0,39610.0,39590.0,39602.0,624,4
1715745600,39601.0,39620.0,39596.0,39618.0,478,4
1715749200,39618.0,39632.0,39615.0,39620.0,435,4
1715752800,39620.0,39632.0,39619.0,39623.0,367,5
1715756400,39623.0,39624.0,39596.0,39597.0,341,5
1715760000,39597.0,39610.0,39592.0,39605.0,443,5
1715763600,39605.0,39615.0,39586.0,39591.0,634,5
1715767200,39591.0,39602.0,39574.0,39588.0,1107,5
1715770800,39587.0,39598.0,39569.0,39597.0,997,4
1715774400,39596.0,39608.0,39585.0,39598.0,856,4
1715778000,39598.0,39612.0,39588.0,39603.0,792,4
1715781600,39603.0,39603.0,39578.0,39587.0,987,4
1715785200,39586.0,39803.0,39559.0,39739.0,4402,4
1715788800,39739.0,39824.0,39697.0,39717.0,5724,4
1715792400,39718.0,39802.0,39708.0,39788.0,4359,4
1715796000,39789.0,39873.0,39780.0,39830.0,2901,4
1715799600,39832.0,39880.0,39787.0,39870.0,2292,4
1715803200,39871.0,39894.0,39834.0,39876.0,2139,4
1715806800,39876.0,39897.0,39843.0,39874.0,2361,4
1715810400,39874.0,39970.0,39854.0,39953.0,2850,4
1715814000,39953.0,39953.0,39908.0,39937.0,1235,4
1715821200,39905.0,39939.0,39898.0,39931.0,627,5
1715824800,39932.0,39968.0,39931.0,39960.0,664,4
1715828400,39960.0,39985.0,39960.0,39985.0,784,4
1715832000,39985.0,39990.0,39974.0,39981.0,781,4
1715835600,39981.0,39988.0,39970.0,39987.0,579,4
1715839200,39988.0,40000.0,39984.0,39998.0,454,4
1715842800,39998.0,39998.0,39981.0,39984.0,326,4
1715846400,39985.0,39986.0,39969.0,39970.0,521,4
1715850000,39970.0,39970.0,39943.0,39953.0,891,4
1715853600,39954.0,39961.0,39933.0,39946.0,1193,4
1715857200,39946.0,39953.0,39930.0,39943.0,1063,4
1715860800,39944.0,39960.0,39937.0,39943.0,909,4
1715864400,39944.0,39953.0,39920.0,39933.0,759,4
1715868000,39935.0,39961.0,39927.0,39927.0,1029,4
1715871600,39927.0,39962.0,39903.0,39915.0,1944,4
1715875200,39915.0,39980.0,39891.0,39925.0,4066,4
1715878800,39924.0,40068.0,39917.0,40060.0,3797,4
1715882400,40060.0,40068.0,39980.0,40032.0,3632,4
1715886000,40032.0,40033.0,39980.0,40009.0,3000,5
1715889600,40009.0,40021.0,39911.0,39955.0,3905,5
1715893200,39956.0,39991.0,39885.0,39986.0,3057,5
1715896800,39986.0,39994.0,39879.0,39887.0,3707,5
1715900400,39885.0,39901.0,39856.0,39870.0,1190,5
1715907600,39887.0,39900.0,39879.0,39895.0,509,5
1715911200,39895.0,39907.0,39889.0,39900.0,369,5
1715914800,39900.0,39906.0,39891.0,39900.0,524,4
1715918400,39900.0,39909.0,39896.0,39902.0,558,4
1715922000,39903.0,39904.0,39883.0,39885.0,428,4
1715925600,39886.0,39887.0,39866.0,39868.0,307,4
1715929200,39868.0,39876.0,39865.0,39872.0,324,4
1715932800,39873.0,39879.0,39866.0,39876.0,410,4
1715936400,39876.0,39902.0,39873.0,39885.0,716,4
1715940000,39887.0,39908.0,39877.0,39878.0,1126,4
1715943600,39878.0,39881.0,39838.0,39859.0,1262,4
1715947200,39859.0,39894.0,39859.0,39876.0,1126,4
1715950800,39876.0,39891.0,39866.0,39888.0,925,4
1715954400,39888.0,39920.0,39870.0,39901.0,990,4
1715958000,39901.0,39920.0,39888.0,39917.0,1151,4
1715961600,39916.0,39950.0,39857.0,39931.0,3795,4
1715965200,39930.0,39946.0,39899.0,39929.0,3621,4
1715968800,39929.0,39929.0,39874.0,39913.0,3251,4
1715972400,39912.0,39948.0,39897.0,39947.0,2480,4
1715976000,39947.0,39969.0,39930.0,39951.0,2385,4
1715979600,39951.0,39977.0,39870.0,39964.0,3499,4
1715983200,39965.0,40024.0,39948.0,40021.0,3237,4
1715986800,40019.0,40019.0,39997.0,40013.0,809,5
1716166800,40053.0,40071.0,40046.0,40054.0,626,5
1716170400,40054.0,40076.0,40054.0,40071.0,422,4
1716174000,40072.0,40079.0,40051.0,40075.0,659,4
1716177600,40075.0,40084.0,40064.0,40070.0,521,4
1716181200,40071.0,40076.0,40061.0,40072.0,373,4
1716184800,40073.0,40074.0,40060.0,40062.0,305,4
1716188400,40063.0,40070.0,40055.0,40061.0,265,4
1716192000,40061.0,40068.0,40056.0,40068.0,428,4
1716195600,40067.0,40067.0,40045.0,40046.0,567,4
1716199200,40044.0,40060.0,40040.0,40054.0,743,5
1716202800,40050.0,40055.0,40024.0,40037.0,641,4
1716206400,40037.0,40041.0,40026.0,40037.0,578,5
1716210000,40037.0,40055.0,40035.0,40049.0,550,5
1716213600,40053.0,40060.0,40037.0,40057.0,572,4
1716217200,40057.0,40072.0,40015.0,40029.0,1150,4
1716220800,40031.0,40039.0,39927.0,40022.0,3884,4
1716224400,40023.0,40090.0,39982.0,40079.0,3749,5
1716228000,40079.0,40104.0,40040.0,40043.0,2920,5
1716231600,40043.0,40053.0,39988.0,39999.0,2660,5
1716235200,40000.0,40018.0,39893.0,39902.0,2954,4
1716238800,39902.0,39909.0,39811.0,39847.0,3677,4
1716242400,39847.0,39880.0,39815.0,39845.0,3405,4
1716246000,39848.0,39863.0,39810.0,39834.0,1140,5
1716253200,39836.0,39847.0,39814.0,39819.0,324,5
1716256800,39820.0,39825.0,39813.0,39822.0,330,5
1716260400,39822.0,39836.0,39815.0,39827.0,562,4
1716264000,39827.0,39836.0,39821.0,39827.0,622,4
1716267600,39827.0,39838.0,39822.0,39832.0,450,5
1716271200,39832.0,39841.0,39828.0,39838.0,336,4
1716274800,39839.0,39851.0,39838.0,39851.0,274,5
1716278400,39851.0,39854.0,39839.0,39841.0,399,5
1716282000,39841.0,39858.0,39838.0,39839.0,549,5
1716285600,39840.0,39863.0,39838.0,39845.0,961,4
1716289200,39844.0,39847.0,39821.0,39839.0,956,4
1716292800,39839.0,39854.0,39821.0,39822.0,743,4
1716296400,39822.0,39853.0,39822.0,39853.0,745,4
1716300000,39855.0,39857.0,39837.0,39850.0,826,4
1716303600,39852.0,39866.0,39820.0,39846.0,1453,4
1716307200,39847.0,39882.0,39806.0,39861.0,5219,4
1716310800,39862.0,39915.0,39854.0,39867.0,3815,4
1716314400,39864.0,39916.0,39849.0,39858.0,2372,4
1716318000,39860.0,39865.0,39828.0,39841.0,2189,5
1716321600,39841.0,39877.0,39805.0,39876.0,2583,5
1716325200,39877.0,39888.0,39841.0,39857.0,2491,4
1716328800,39856.0,39931.0,39842.0,39908.0,3245,4
1716332400,39907.0,39908.0,39885.0,39891.0,613,4
1716339600,39890.0,39919.0,39890.0,39914.0,276,5
1716343200,39914.0,39924.0,39914.0,39920.0,212,5
1716346800,39920.0,39925.0,39912.0,39914.0,471,4
1716350400,39914.0,39932.0,39908.0,39929.0,494,4
1716354000,39929.0,39938.0,39917.0,39921.0,471,4
1716357600,39921.0,39922.0,39912.0,39915.0,249,4
1716361200,39915.0,39917.0,39905.0,39912.0,272,4
1716364800,39912.0,39921.0,39906.0,39919.0,316,4
1716368400,39919.0,39920.0,39876.0,39878.0,875,4
1716372000,39881.0,39892.0,39848.0,39890.0,1323,4
1716375600,39889.0,39895.0,39863.0,39873.0,975,4
1716379200,39873.0,39881.0,39852.0,39871.0,862,4
1716382800,39871.0,39881.0,39856.0,39862.0,1090,4
1716386400,39862.0,39870.0,39807.0,39813.0,1224,4
1716390000,39812.0,39849.0,39808.0,39838.0,1348,4
1716393600,39837.0,39912.0,39812.0,39886.0,3719,4
1716397200,39886.0,39912.0,39859.0,39880.0,3930,4
1716400800,39881.0,39890.0,39784.0,39819.0,3015,4
1716404400,39818.0,39881.0,39815.0,39859.0,2655,4
1716408000,39859.0,39882.0,39723.0,39764.0,3540,4
1716411600,39764.0,39764.0,39573.0,39633.0,6388,4
1716415200,39632.0,39722.0,39595.0,39695.0,4960,4
1716418800,39699.0,39741.0,39598.0,39625.0,3805,4
1716426000,39632.0,39642.0,39606.0,39623.0,790,4
1716429600,39623.0,39650.0,39623.0,39644.0,401,4
1716433200,39644.0,39653.0,39626.0,39630.0,712,4
1716436800,39630.0,39668.0,39621.0,39662.0,788,5
1716440400,39662.0,39723.0,39656.0,39721.0,667,5
1716444000,39729.0,39771.0,39715.0,39766.0,1036,4
1716447600,39766.0,39775.0,39741.0,39741.0,485,4
1716451200,39741.0,39745.0,39727.0,39730.0,606,5
1716454800,39730.0,39739.0,39712.0,39715.0,762,5
1716458400,39717.0,39731.0,39704.0,39717.0,1379,5
1716462000,39717.0,39718.0,39680.0,39685.0,1255,5
1716465600,39685.0,39729.0,39678.0,39723.0,917,5
1716469200,39723.0,39741.0,39719.0,39741.0,749,5
1716472800,39741.0,39763.0,39719.0,39749.0,1008,5
1716476400,39749.0,39787.0,39742.0,39752.0,1627,5
1716480000,39752.0,39759.0,39420.0,39444.0,5093,5
1716483600,39441.0,39493.0,39368.0,39378.0,6376,5
1716487200,39378.0,39453.0,39359.0,39423.0,4562,5
1716490800,39421.0,39441.0,39284.0,39290.0,4297,5
1716494400,39290.0,39326.0,39118.0,39130.0,5800,5
1716498000,39129.0,39136.0,39028.0,39042.0,6684,5
1716501600,39042.0,39101.0,39023.0,39068.0,5977,5
1716505200,39072.0,39072.0,39037.0,39049.0,1296,5
1716512400,39059.0,39077.0,39047.0,39051.0,476,5
1716516000,39051.0,39078.0,39050.0,39056.0,467,5
1716519600,39056.0,39094.0,39049.0,39091.0,761,5
1716523200,39092.0,39112.0,39088.0,39106.0,561,5
1716526800,39106.0,39121.0,39104.0,39115.0,544,5
1716530400,39115.0,39118.0,39098.0,39101.0,339,5
1716534000,39101.0,39110.0,39092.0,39099.0,328,5
1716537600,39099.0,39099.0,39081.0,39094.0,549,5
1716541200,39094.0,39096.0,39052.0,39059.0,838,5
1716544800,39059.0,39115.0,39055.0,39112.0,1392,5
1716548400,39112.0,39130.0,39098.0,39126.0,1202,5
1716552000,39126.0,39130.0,39105.0,39117.0,838,5
1716555600,39117.0,39138.0,39112.0,39121.0,757,5
1716559200,39121.0,39133.0,39095.0,39121.0,1059,5
1716562800,39121.0,39157.0,39083.0,39120.0,1987,5
1716566400,39120.0,39195.0,39081.0,39086.0,4482,5
1716570000,39087.0,39159.0,39042.0,39132.0,5296,4
1716573600,39132.0,39228.0,39115.0,39168.0,4236,5
1716577200,39167.0,39199.0,39128.0,39128.0,3167,5
1716580800,39128.0,39143.0,39128.0,39142.0,67,5
1716858000,39166.0,39166.0,39113.0,39138.0,522,5
1716861600,39137.0,39137.0,39116.0,39117.0,327,5
1716865200,39117.0,39123.0,39100.0,39106.0,796,4
1716868800,39106.0,39121.0,39096.0,39115.0,719,4
1716872400,39115.0,39125.0,39113.0,39122.0,390,4
1716876000,39122.0,39128.0,39120.0,39125.0,329,5
1716879600,39125.0,39134.0,39119.0,39119.0,297,5
1716883200,39119.0,39129.0,39112.0,39128.0,395,4
1716886800,39128.0,39138.0,39103.0,39127.0,743,5
1716890400,39127.0,39155.0,39107.0,39119.0,1296,5
1716894000,39113.0,39133.0,39105.0,39113.0,1358,5
1716897600,39113.0,39126.0,39107.0,39113.0,910,5
1716901200,39113.0,39114.0,39033.0,39064.0,1402,5
1716904800,39065.0,39065.0,39041.0,39060.0,1288,5
1716908400,39060.0,39077.0,39020.0,39067.0,1617,4
1716912000,39066.0,39069.0,38931.0,38958.0,4907,4
1716915600,38957.0,38987.0,38912.0,38950.0,4755,4
1716919200,38949.0,38973.0,38926.0,38948.0,3382,4
1716922800,38949.0,38956.0,38881.0,38887.0,3079,4
1716926400,38888.0,38892.0,38784.0,38816.0,3981,4
1716930000,38816.0,38836.0,38724.0,38799.0,4588,4
1716933600,38797.0,38889.0,38779.0,38886.0,4017,5
1716937200,38888.0,38914.0,38848.0,38856.0,1030,5
1716944400,38860.0,38860.0,38828.0,38837.0,328,5
1716948000,38837.0,38843.0,38812.0,38820.0,289,5
1716951600,38820.0,38833.0,38784.0,38796.0,903,4
1716955200,38796.0,38807.0,38782.0,38800.0,943,5
1716958800,38800.0,38809.0,38773.0,38775.0,706,5
1716962400,38775.0,38777.0,38753.0,38759.0,701,5
1716966000,38758.0,38778.0,38754.0,38776.0,435,5
1716969600,38775.0,38780.0,38721.0,38724.0,863,5
1716973200,38724.0,38760.0,38698.0,38737.0,1266,4
1716976800,38737.0,38755.0,38684.0,38685.0,2119,4
1716980400,38685.0,38737.0,38670.0,38705.0,2455,4
1716984000,38705.0,38720.0,38666.0,38672.0,1615,4
1716987600,38672.0,38680.0,38650.0,38665.0,1311,4
1716991200,38664.0,38671.0,38627.0,38655.0,1395,4
1716994800,38655.0,38682.0,38621.0,38624.0,2065,4
1716998400,38624.0,38635.0,38441.0,38532.0,4995,4
1717002000,38532.0,38591.0,38498.0,38522.0,5007,4
1717005600,38521.0,38551.0,38490.0,38514.0,3811,4
1717009200,38514.0,38553.0,38469.0,38525.0,2930,4
1717012800,38525.0,38538.0,38479.0,38522.0,3165,4
1717016400,38522.0,38526.0,38458.0,38470.0,3277,4
1717020000,38470.0,38548.0,38454.0,38484.0,3326,4
1717023600,38484.0,38499.0,38164.0,38186.0,2016,4
1717030800,38183.0,38204.0,38174.0,38184.0,643,5
1717034400,38184.0,38193.0,38160.0,38191.0,687,4
1717038000,38191.0,38195.0,38170.0,38176.0,983,5
1717041600,38175.0,38192.0,38167.0,38178.0,893,5
1717045200,38178.0,38190.0,38147.0,38157.0,748,5
1717048800,38157.0,38157.0,38130.0,38144.0,725,4
1717052400,38144.0,38147.0,38111.0,38121.0,614,5
1717056000,38121.0,38121.0,38086.0,38104.0,1006,5
1717059600,38105.0,38120.0,38058.0,38063.0,1131,5
1717063200,38063.0,38140.0,38063.0,38136.0,1839,5
1717066800,38136.0,38143.0,38081.0,38139.0,1618,5
1717070400,38139.0,38149.0,38104.0,38116.0,1182,5
1717074000,38116.0,38128.0,38097.0,38115.0,1198,5
1717077600,38114.0,38122.0,38091.0,38094.0,1191,5
1717081200,38094.0,38152.0,38084.0,38133.0,2130,4
1717084800,38133.0,38209.0,38082.0,38101.0,5149,4
1717088400,38105.0,38129.0,38029.0,38074.0,5877,4
1717092000,38074.0,38163.0,38067.0,38112.0,4057,4
1717095600,38113.0,38213.0,38105.0,38206.0,3455,4
1717099200,38207.0,38230.0,38185.0,38204.0,3116,5
1717102800,38204.0,38204.0,38122.0,38173.0,3744,4
1717106400,38173.0,38190.0,38041.0,38141.0,4971,4
1717110000,38142.0,38143.0,38095.0,38119.0,1624,5
1717117200,38126.0,38136.0,38085.0,38110.0,854,5
1717120800,38110.0,38114.0,38083.0,38095.0,628,5
1717124400,38095.0,38106.0,38061.0,38097.0,1658,4
1717128000,38096.0,38126.0,38095.0,38110.0,1320,4
1717131600,38110.0,38120.0,38085.0,38094.0,909,5
1717135200,38093.0,38137.0,38093.0,38131.0,871,5
1717138800,38131.0,38132.0,38110.0,38122.0,498,5
1717142400,38122.0,38140.0,38115.0,38118.0,979,5
1717146000,38118.0,38152.0,38118.0,38140.0,1075,5
1717149600,38140.0,38164.0,38123.0,38136.0,1486,5
1717153200,38136.0,38173.0,38128.0,38142.0,1340,5
1717156800,38142.0,38142.0,38107.0,38112.0,1221,5
1717160400,38112.0,38128.0,38058.0,38108.0,1456,5
1717164000,38108.0,38133.0,38093.0,38129.0,1440,5
1717167600,38129.0,38255.0,38120.0,38228.0,3190,4
1717171200,38227.0,38291.0,38142.0,38158.0,5336,4
1717174800,38158.0,38196.0,38102.0,38172.0,6752,4
1717178400,38172.0,38204.0,38137.0,38171.0,4682,5
1717182000,38170.0,38232.0,38128.0,38230.0,3820,5
1717185600,38230.0,38343.0,38230.0,38342.0,3416,5
1717189200,38342.0,38410.0,38336.0,38385.0,3802,5
1717192800,38384.0,38730.0,38348.0,38722.0,5612,5
1717196400,38719.0,38776.0,38689.0,38743.0,2682,5
1717376400,38749.0,38779.0,38692.0,38740.0,1208,5
1717380000,38740.0,38781.0,38733.0,38768.0,1040,5
1717383600,38768.0,38823.0,38767.0,38809.0,1504,5
1717387200,38809.0,38825.0,38784.0,38794.0,965,5
1717390800,38794.0,38819.0,38792.0,38814.0,680,5
1717394400,38814.0,38825.0,38799.0,38807.0,631,5
1717398000,38807.0,38843.0,38807.0,38830.0,418,5
1717401600,38830.0,38836.0,38805.0,38818.0,787,5
1717405200,38818.0,38840.0,38798.0,38800.0,1355,5
1717408800,38800.0,38820.0,38698.0,38698.0,2149,5
1717412400,38698.0,38734.0,38661.0,38711.0,2185,5
1717416000,38713.0,38715.0,38659.0,38681.0,1562,5
1717419600,38681.0,38698.0,38673.0,38690.0,1481,5
1717423200,38690.0,38725.0,38683.0,38715.0,1739,5
1717426800,38715.0,38731.0,38689.0,38701.0,1560,5
1717430400,38701.0,38765.0,38588.0,38626.0,5364,5
1717434000,38671.0,38701.0,38498.0,38515.0,7759,5
1717437600,38515.0,38521.0,38405.0,38452.0,5342,5
1717441200,38452.0,38476.0,38265.0,38315.0,6176,5
1717444800,38314.0,38421.0,38258.0,38404.0,4852,5
1717448400,38405.0,38487.0,38386.0,38468.0,4312,5
1717452000,38466.0,38591.0,38460.0,38591.0,4198,5
1717455600,38592.0,38608.0,38574.0,38581.0,1337,5
1717462800,38592.0,38604.0,38580.0,38596.0,511,5
1717466400,38596.0,38605.0,38567.0,38570.0,499,5
1717470000,38570.0,38611.0,38570.0,38604.0,978,5
1717473600,38604.0,38607.0,38581.0,38599.0,802,5
1717477200,38599.0,38600.0,38584.0,38591.0,692,5
1717480800,38591.0,38592.0,38567.0,38588.0,567,5
1717484400,38588.0,38599.0,38579.0,38579.0,457,5
1717488000,38580.0,38586.0,38569.0,38582.0,702,5
1717491600,38584.0,38584.0,38518.0,38526.0,1194,5
1717495200,38526.0,38546.0,38484.0,38521.0,2054,5
1717498800,38521.0,38521.0,38408.0,38418.0,2887,5
1717502400,38418.0,38431.0,38365.0,38387.0,2529,5
1717506000,38387.0,38419.0,38354.0,38406.0,1884,4
1717509600,38407.0,38484.0,38404.0,38484.0,1607,4
1717513200,38484.0,38507.0,38433.0,38506.0,2004,5
1717516800,38506.0,38619.0,38419.0,38612.0,4239,4
1717520400,38619.0,38697.0,38555.0,38562.0,7040,4
1717524000,38562.0,38606.0,38506.0,38519.0,4705,4
1717527600,38520.0,38618.0,38495.0,38592.0,4049,5
1717531200,38591.0,38688.0,38551.0,38676.0,4209,4
1717534800,38676.0,38807.0,38665.0,38747.0,4168,5
1717538400,38745.0,38748.0,38614.0,38717.0,5556,5
1717542000,38719.0,38746.0,38702.0,38731.0,1066,5
1717549200,38734.0,38767.0,38724.0,38767.0,447,5
1717552800,38767.0,38792.0,38767.0,38786.0,602,5
1717556400,38786.0,38792.0,38776.0,38781.0,809,5
1717560000,38781.0,38802.0,38777.0,38790.0,894,5
1717563600,38790.0,38810.0,38789.0,38800.0,566,5
1717567200,38800.0,38812.0,38794.0,38803.0,486,5
1717570800,38803.0,38813.0,38803.0,38806.0,317,5
1717574400,38806.0,38820.0,38798.0,38817.0,568,5
1717578000,38817.0,38824.0,38785.0,38786.0,1017,5
1717581600,38786.0,38805.0,38777.0,38781.0,1447,5
1717585200,38781.0,38797.0,38754.0,38767.0,1224,5
1717588800,38767.0,38778.0,38750.0,38770.0,1023,5
1717592400,38770.0,38794.0,38762.0,38773.0,902,5
1717596000,38773.0,38817.0,38752.0,38805.0,1098,5
1717599600,38805.0,38836.0,38776.0,38830.0,1610,5
1717603200,38830.0,38850.0,38666.0,38669.0,4121,5
1717606800,38674.0,38681.0,38562.0,38660.0,6234,4
1717610400,38660.0,38812.0,38660.0,38799.0,3830,5
1717614000,38799.0,38803.0,38719.0,38753.0,3029,5
1717617600,38752.0,38793.0,38711.0,38790.0,3186,4
1717621200,38790.0,38870.0,38781.0,38845.0,2826,5
1717624800,38845.0,38869.0,38767.0,38823.0,3887,5
1717628400,38821.0,38827.0,38798.0,38810.0,1213,5
1717635600,38811.0,38839.0,38794.0,38834.0,722,5
1717639200,38834.0,38848.0,38832.0,38840.0,450,5
1717642800,38840.0,38840.0,38812.0,38834.0,852,5
1717646400,38833.0,38844.0,38823.0,38842.0,946,5
1717650000,38842.0,38845.0,38831.0,38832.0,599,5
1717653600,38832.0,38847.0,38831.0,38833.0,481,5
1717657200,38833.0,38834.0,38817.0,38819.0,346,5
1717660800,38818.0,38819.0,38804.0,38809.0,657,4
1717664400,38809.0,38819.0,38795.0,38806.0,783,5
1717668000,38806.0,38820.0,38781.0,38794.0,1267,5
1717671600,38793.0,38811.0,38775.0,38790.0,1294,4
1717675200,38790.0,38819.0,38790.0,38817.0,945,5
1717678800,38817.0,38819.0,38794.0,38804.0,659,5
1717682400,38805.0,38812.0,38788.0,38807.0,824,5
1717686000,38807.0,38821.0,38770.0,38813.0,2483,4
1717689600,38812.0,39031.0,38752.0,39013.0,5532,4
1717693200,39016.0,39023.0,38833.0,38845.0,5603,5
1717696800,38845.0,38908.0,38823.0,38870.0,3907,5
1717700400,38869.0,38875.0,38829.0,38852.0,3654,5
1717704000,38852.0,38893.0,38828.0,38866.0,3237,5
1717707600,38864.0,38918.0,38749.0,38907.0,4633,4
1717711200,38906.0,38929.0,38872.0,38903.0,4385,4
1717714800,38904.0,38904.0,38872.0,38902.0,1050,5
1717722000,38912.0,38922.0,38903.0,38917.0,256,5
1717725600,38917.0,38926.0,38913.0,38924.0,293,5
1717729200,38924.0,38938.0,38916.0,38928.0,613,4
1717732800,38929.0,38950.0,38923.0,38944.0,585,5
1717736400,38944.0,38959.0,38942.0,38952.0,456,5
1717740000,38952.0,38958.0,38938.0,38941.0,383,5
1717743600,38941.0,38959.0,38938.0,38959.0,341,5
1717747200,38958.0,38988.0,38958.0,38981.0,501,5
1717750800,38980.0,38980.0,38958.0,38962.0,723,5
1717754400,38964.0,38972.0,38924.0,38933.0,1043,5
1717758000,38933.0,38933.0,38868.0,38881.0,1297,4
1717761600,38881.0,38899.0,38870.0,38889.0,1111,4
1717765200,38889.0,38911.0,38874.0,38882.0,944,4
1717768800,38882.0,38922.0,38863.0,38910.0,1348,4
1717772400,38910.0,38923.0,38662.0,38756.0,4663,4
1717776000,38756.0,38887.0,38740.0,38868.0,6813,4
1717779600,38867.0,39116.0,38852.0,38988.0,6402,4
1717783200,38988.0,38994.0,38900.0,38961.0,5582,4
1717786800,38961.0,38990.0,38905.0,38980.0,4593,4
1717790400,38978.0,39022.0,38929.0,38961.0,4225,4
1717794000,38961.0,38964.0,38824.0,38936.0,6150,4
1717797600,38935.0,38953.0,38785.0,38801.0,6122,4
1717801200,38797.0,38819.0,38778.0,38805.0,1436,4
1717981200,38786.0,38848.0,38773.0,38823.0,755,4
1717984800,38823.0,38825.0,38804.0,38805.0,386,5
1717988400,38806.0,38825.0,38796.0,38806.0,590,4
1717992000,38805.0,38812.0,38795.0,38804.0,405,4
1717995600,38803.0,38804.0,38792.0,38802.0,261,4
1717999200,38802.0,38827.0,38800.0,38801.0,334,4
1718002800,38801.0,38809.0,38794.0,38805.0,323,4
1718006400,38804.0,38810.0,38794.0,38801.0,428,4
1718010000,38800.0,38801.0,38708.0,38714.0,1314,4
1718013600,38713.0,38760.0,38684.0,38749.0,2876,4
1718017200,38747.0,38766.0,38691.0,38700.0,1889,4
1718020800,38700.0,38709.0,38674.0,38690.0,1349,4
1718024400,38690.0,38743.0,38677.0,38726.0,1498,4
1718028000,38727.0,38771.0,38722.0,38759.0,1167,4
1718031600,38759.0,38793.0,38736.0,38740.0,1443,4
1718035200,38740.0,38844.0,38672.0,38841.0,5675,4
1718038800,38841.0,38866.0,38702.0,38703.0,5126,4
1718042400,38703.0,38808.0,38702.0,38798.0,3576,4
1718046000,38798.0,38805.0,38758.0,38774.0,2606,4
1718049600,38774.0,38883.0,38739.0,38849.0,3269,4
1718053200,38849.0,38877.0,38829.0,38863.0,3888,4
1718056800,38863.0,38896.0,38819.0,38887.0,4147,4
1718060400,38885.0,38893.0,38846.0,38855.0,999,5
1718067600,38863.0,38875.0,38855.0,38857.0,370,5
1718071200,38857.0,38860.0,38827.0,38834.0,394,5
1718074800,38834.0,38838.0,38814.0,38816.0,558,4
1718078400,38816.0,38834.0,38812.0,38833.0,596,4
1718082000,38833.0,38834.0,38813.0,38816.0,425,4
1718085600,38816.0,38833.0,38814.0,38833.0,350,4
1718089200,38833.0,38842.0,38818.0,38831.0,374,4
1718092800,38831.0,38847.0,38827.0,38847.0,458,5
1718096400,38849.0,38890.0,38849.0,38862.0,871,5
1718100000,38861.0,38874.0,38830.0,38831.0,1420,4
1718103600,38831.0,38839.0,38789.0,38795.0,1378,4
1718107200,38795.0,38810.0,38741.0,38742.0,1718,4
1718110800,38742.0,38763.0,38716.0,38753.0,1856,4
1718114400,38753.0,38754.0,38702.0,38738.0,1918,4
1718118000,38738.0,38767.0,38723.0,38736.0,1622,4
1718121600,38736.0,38764.0,38440.0,38537.0,6024,4
1718125200,38536.0,38692.0,38486.0,38684.0,6231,4
1718128800,38684.0,38704.0,38628.0,38650.0,4780,4
1718132400,38650.0,38653.0,38560.0,38604.0,3837,4
1718136000,38604.0,38678.0,38573.0,38666.0,3771,4
1718139600,38666.0,38769.0,38656.0,38737.0,4057,4
1718143200,38737.0,38772.0,38677.0,38753.0,4633,4
1718146800,38753.0,38757.0,38721.0,38729.0,1144,5
1718154000,38738.0,38748.0,38716.0,38748.0,367,5
1718157600,38748.0,38758.0,38738.0,38739.0,320,4
1718161200,38738.0,38757.0,38725.0,38735.0,585,4
1718164800,38736.0,38754.0,38730.0,38745.0,555,4
1718168400,38745.0,38754.0,38741.0,38753.0,355,4
1718172000,38752.0,38764.0,38751.0,38759.0,252,4
1718175600,38759.0,38768.0,38758.0,38767.0,163,4
1718179200,38766.0,38797.0,38765.0,38795.0,430,4
1718182800,38795.0,38821.0,38772.0,38776.0,838,4
1718186400,38776.0,38803.0,38769.0,38795.0,1384,4
1718190000,38792.0,38809.0,38778.0,38796.0,1275,4
1718193600,38794.0,38807.0,38776.0,38794.0,1033,4
1718197200,38793.0,38806.0,38780.0,38800.0,810,4
1718200800,38800.0,38811.0,38787.0,38799.0,1067,4
1718204400,38799.0,39131.0,38775.0,39107.0,3892,4
1718208000,39107.0,39160.0,39014.0,39043.0,6658,4
1718211600,39042.0,39045.0,38939.0,38952.0,6987,4
1718215200,38953.0,38957.0,38832.0,38863.0,5706,4
1718218800,38862.0,38869.0,38775.0,38805.0,4446,4
1718222400,38805.0,38845.0,38766.0,38798.0,3643,4
1718226000,38798.0,38814.0,38666.0,38758.0,9945,4
1718229600,38759.0,38872.0,38626.0,38715.0,9073,4
1718233200,38712.0,38729.0,38669.0,38707.0,1954,4
1718240400,38704.0,38712.0,38687.0,38698.0,481,5
1718244000,38698.0,38707.0,38686.0,38703.0,354,5
1718247600,38703.0,38708.0,38689.0,38699.0,620,5
1718251200,38699.0,38713.0,38692.0,38695.0,535,5
1718254800,38695.0,38703.0,38687.0,38694.0,395,5
1718258400,38694.0,38706.0,38693.0,38704.0,328,5
1718262000,38704.0,38707.0,38698.0,38701.0,190,5
1718265600,38701.0,38702.0,38670.0,38674.0,315,5
1718269200,38674.0,38700.0,38667.0,38697.0,557,4
1718272800,38697.0,38704.0,38652.0,38653.0,1346,4
1718276400,38653.0,38664.0,38592.0,38611.0,1368,5
1718280000,38611.0,38637.0,38593.0,38602.0,1141,5
1718283600,38602.0,38614.0,38558.0,38598.0,1177,4
1718287200,38598.0,38619.0,38586.0,38603.0,1081,4
1718290800,38603.0,38733.0,38601.0,38664.0,2881,4
1718294400,38664.0,38665.0,38465.0,38479.0,6000,4
1718298000,38478.0,38525.0,38408.0,38466.0,6612,4
1718301600,38467.0,38520.0,38420.0,38460.0,4508,4
1718305200,38459.0,38529.0,38417.0,38512.0,4309,4
1718308800,38511.0,38614.0,38502.0,38598.0,3716,4
1718312400,38599.0,38662.0,38577.0,38656.0,3371,4
1718316000,38656.0,38720.0,38624.0,38637.0,4177,4
1718319600,38635.0,38662.0,38613.0,38616.0,1498,4
1718326800,38617.0,38631.0,38594.0,38623.0,452,4
1718330400,38623.0,38630.0,38615.0,38623.0,420,4
1718334000,38623.0,38631.0,38613.0,38616.0,604,4
1718337600,38616.0,38632.0,38614.0,38628.0,423,4
1718341200,38628.0,38637.0,38619.0,38635.0,290,4
1718344800,38635.0,38642.0,38631.0,38641.0,458,4
1718348400,38642.0,38644.0,38625.0,38635.0,299,4
1718352000,38636.0,38648.0,38633.0,38646.0,413,4
1718355600,38646.0,38648.0,38580.0,38596.0,847,4
1718359200,38598.0,38605.0,38521.0,38530.0,2095,4
1718362800,38530.0,38536.0,38448.0,38450.0,2163,4
1718366400,38450.0,38468.0,38365.0,38370.0,2301,4
1718370000,38370.0,38370.0,38285.0,38325.0,3053,4
1718373600,38325.0,38417.0,38281.0,38360.0,2789,4
1718377200,38360.0,38406.0,38348.0,38378.0,2532,4
1718380800,38378.0,38526.0,38359.0,38433.0,4858,4
1718384400,38407.0,38444.0,38297.0,38437.0,6406,4
1718388000,38436.0,38555.0,38419.0,38550.0,4710,5
1718391600,38549.0,38590.0,38500.0,38574.0,3610,5
1718395200,38574.0,38598.0,38489.0,38501.0,3489,5
1718398800,38500.0,38578.0,38457.0,38556.0,3789,5
1718402400,38554.0,38594.0,38531.0,38594.0,3714,4
1718406000,38592.0,38592.0,38551.0,38563.0,1092,4
1718586000,38573.0,38590.0,38557.0,38589.0,629,5
1718589600,38589.0,38591.0,38566.0,38573.0,389,4
1718593200,38573.0,38581.0,38562.0,38566.0,695,4
1718596800,38566.0,38567.0,38533.0,38549.0,604,5
1718600400,38549.0,38562.0,38543.0,38546.0,541,5
1718604000,38546.0,38567.0,38546.0,38564.0,386,5
1718607600,38564.0,38573.0,38554.0,38557.0,265,5
1718611200,38557.0,38589.0,38553.0,38588.0,575,5
1718614800,38587.0,38611.0,38555.0,38587.0,1354,5
1718618400,38588.0,38624.0,38579.0,38589.0,1983,5
1718622000,38589.0,38599.0,38512.0,38524.0,1908,4
1718625600,38524.0,38545.0,38517.0,38526.0,1277,4
1718629200,38526.0,38530.0,38460.0,38518.0,1416,4
1718632800,38518.0,38547.0,38515.0,38523.0,1241,4
1718636400,38524.0,38544.0,38481.0,38504.0,1529,4
1718640000,38504.0,38568.0,38436.0,38483.0,5531,4
1718643600,38482.0,38576.0,38468.0,38573.0,6108,4
1718647200,38573.0,38674.0,38573.0,38605.0,3723,4
1718650800,38605.0,38734.0,38604.0,38696.0,3816,4
1718654400,38695.0,38788.0,38685.0,38774.0,3662,4
1718658000,38774.0,38866.0,38772.0,38808.0,4240,4
1718661600,38808.0,38878.0,38793.0,38819.0,4512,4
1718665200,38818.0,38844.0,38794.0,38832.0,1173,4
1718672400,38844.0,38881.0,38843.0,38870.0,423,5
1718676000,38870.0,38884.0,38858.0,38874.0,447,4
1718679600,38874.0,38885.0,38857.0,38859.0,874,5
1718683200,38859.0,38859.0,38825.0,38830.0,853,5
1718686800,38830.0,38846.0,38828.0,38845.0,550,5
1718690400,38845.0,38856.0,38840.0,38846.0,502,5
1718694000,38845.0,38852.0,38831.0,38837.0,343,5
1718697600,38837.0,38856.0,38828.0,38855.0,556,4
1718701200,38855.0,38871.0,38840.0,38840.0,942,4
1718704800,38844.0,38861.0,38792.0,38793.0,1743,5
1718708400,38793.0,38809.0,38758.0,38790.0,1507,5
1718712000,38790.0,38828.0,38790.0,38809.0,1291,5
1718715600,38809.0,38818.0,38788.0,38798.0,1114,5
1718719200,38798.0,38799.0,38778.0,38785.0,1009,5
1718722800,38785.0,38855.0,38784.0,38803.0,2142,5
1718726400,38804.0,38975.0,38774.0,38863.0,5628,4
1718730000,38863.0,38903.0,38764.0,38780.0,6121,4
1718733600,38779.0,38837.0,38758.0,38828.0,4175,4
1718737200,38828.0,38874.0,38797.0,38815.0,3516,4
1718740800,38803.0,38869.0,38799.0,38853.0,2674,5
1718744400,38853.0,38855.0,38794.0,38830.0,3329,5
1718748000,38830.0,38888.0,38778.0,38879.0,3552,5
1718751600,38878.0,38882.0,38850.0,38874.0,1004,5
1718845200,38825.0,38841.0,38794.0,38811.0,335,4
1718848800,38811.0,38827.0,38809.0,38821.0,236,5
1718852400,38821.0,38838.0,38821.0,38836.0,554,5
1718856000,38836.0,38846.0,38831.0,38834.0,485,5
1718859600,38834.0,38837.0,38820.0,38830.0,273,5
1718863200,38830.0,38855.0,38829.0,38851.0,378,5
1718866800,38851.0,38859.0,38842.0,38855.0,475,5
1718870400,38855.0,38889.0,38855.0,38882.0,685,5
1718874000,38882.0,38887.0,38867.0,38867.0,764,5
1718877600,38867.0,38943.0,38860.0,38899.0,1606,5
1718881200,38899.0,38905.0,38874.0,38900.0,1374,5
1718884800,38900.0,38929.0,38899.0,38925.0,1090,4
1718888400,38925.0,38939.0,38920.0,38924.0,857,5
1718892000,38924.0,38942.0,38898.0,38909.0,1182,5
1718895600,38909.0,38917.0,38843.0,38849.0,1699,4
1718899200,38849.0,39026.0,38805.0,38965.0,5232,4
1718902800,38965.0,39062.0,38923.0,38945.0,6342,5
1718906400,38946.0,38986.0,38926.0,38952.0,4379,5
1718910000,38952.0,39069.0,38946.0,39055.0,5036,5
1718913600,39055.0,39180.0,39024.0,39165.0,4953,5
1718917200,39165.0,39290.0,39163.0,39260.0,4645,5
1718920800,39261.0,39265.0,39126.0,39182.0,5688,5
1718924400,39184.0,39188.0,39149.0,39165.0,1197,5
1718931600,39189.0,39201.0,39177.0,39184.0,425,5
1718935200,39184.0,39194.0,39177.0,39189.0,353,5
1718938800,39189.0,39198.0,39153.0,39158.0,911,5
1718942400,39158.0,39165.0,39146.0,39157.0,799,4
1718946000,39157.0,39188.0,39156.0,39184.0,466,5
1718949600,39184.0,39191.0,39182.0,39185.0,372,5
1718953200,39185.0,39195.0,39183.0,39194.0,262,5
1718956800,39194.0,39207.0,39192.0,39200.0,456,5
1718960400,39200.0,39200.0,39167.0,39167.0,738,5
1718964000,39167.0,39170.0,39094.0,39105.0,1714,4
1718967600,39105.0,39160.0,39097.0,39141.0,1969,4
1718971200,39141.0,39156.0,39114.0,39135.0,1375,5
1718974800,39135.0,39159.0,39110.0,39150.0,1219,5
1718978400,39150.0,39190.0,39148.0,39153.0,1262,5
1718982000,39150.0,39170.0,39084.0,39165.0,1745,5
1718985600,39165.0,39247.0,39089.0,39202.0,6290,5
1718989200,39202.0,39293.0,39187.0,39208.0,6819,5
1718992800,39207.0,39231.0,39109.0,39141.0,5191,5
1718996400,39141.0,39204.0,39123.0,39178.0,3839,5
1719000000,39179.0,39199.0,39140.0,39172.0,3851,5
1719003600,39171.0,39224.0,39148.0,39173.0,3545,5
1719007200,39174.0,39229.0,39170.0,39174.0,4307,5
1719010800,39170.0,39208.0,39170.0,39191.0,1163,5
1719190800,39215.0,39224.0,39203.0,39205.0,280,5
1719194400,39205.0,39208.0,39197.0,39199.0,188,5
1719198000,39199.0,39201.0,39188.0,39189.0,466,5
1719201600,39189.0,39191.0,39088.0,39123.0,1604,4
1719205200,39123.0,39130.0,39107.0,39115.0,792,5
1719208800,39115.0,39135.0,39115.0,39121.0,567,4
1719212400,39121.0,39135.0,39114.0,39130.0,464,5
1719216000,39130.0,39163.0,39129.0,39158.0,892,5
1719219600,39158.0,39192.0,39156.0,39179.0,885,4
1719223200,39181.0,39241.0,39172.0,39238.0,1228,4
1719226800,39238.0,39292.0,39230.0,39277.0,1177,4
1719230400,39276.0,39324.0,39275.0,39316.0,1223,4
1719234000,39316.0,39344.0,39299.0,39337.0,1186,4
1719237600,39337.0,39340.0,39295.0,39312.0,1061,4
1719241200,39312.0,39315.0,39270.0,39284.0,1407,4
1719244800,39284.0,39486.0,39243.0,39479.0,4830,4
1719248400,39477.0,39622.0,39450.0,39601.0,7139,4
1719252000,39600.0,39614.0,39531.0,39546.0,4689,5
1719255600,39546.0,39568.0,39489.0,39507.0,3672,5
1719259200,39507.0,39524.0,39419.0,39429.0,4475,5
1719262800,39430.0,39488.0,39403.0,39475.0,3950,5
1719266400,39475.0,39526.0,39453.0,39457.0,4209,4
1719270000,39453.0,39483.0,39425.0,39482.0,1424,5
1719277200,39486.0,39502.0,39475.0,39491.0,456,5
1719280800,39491.0,39512.0,39488.0,39510.0,370,5
1719284400,39510.0,39512.0,39489.0,39495.0,556,5
1719288000,39495.0,39511.0,39484.0,39505.0,622,5
1719291600,39505.0,39512.0,39504.0,39507.0,321,5
1719295200,39507.0,39548.0,39507.0,39544.0,427,5
1719298800,39544.0,39548.0,39530.0,39544.0,284,4
1719302400,39544.0,39558.0,39541.0,39542.0,376,5
1719306000,39542.0,39542.0,39507.0,39530.0,706,4
1719309600,39530.0,39541.0,39486.0,39495.0,1469,4
1719313200,39495.0,39507.0,39413.0,39438.0,1532,4
1719316800,39436.0,39467.0,39415.0,39430.0,1268,5
1719320400,39430.0,39450.0,39421.0,39447.0,968,5
1719324000,39447.0,39469.0,39402.0,39434.0,1335,4
1719327600,39434.0,39447.0,39378.0,39401.0,1659,4
1719331200,39401.0,39472.0,39293.0,39299.0,5307,4
1719334800,39298.0,39371.0,39260.0,39271.0,6820,4
1719338400,39271.0,39274.0,39138.0,39146.0,4913,4
1719342000,39144.0,39147.0,39025.0,39084.0,4763,5
1719345600,39084.0,39151.0,39071.0,39129.0,3742,5
1719349200,39129.0,39193.0,39115.0,39171.0,3578,4
1719352800,39171.0,39198.0,39117.0,39146.0,3880,5
1719356400,39149.0,39151.0,39107.0,39122.0,877,5
1719363600,39102.0,39124.0,39098.0,39121.0,402,5
1719367200,39121.0,39124.0,39110.0,39114.0,307,5
1719370800,39115.0,39136.0,39106.0,39134.0,613,4
1719374400,39134.0,39153.0,39131.0,39149.0,741,5
1719378000,39149.0,39154.0,39141.0,39153.0,462,5
1719381600,39153.0,39156.0,39144.0,39148.0,368,5
1719385200,39148.0,39161.0,39142.0,39155.0,311,5
1719388800,39155.0,39170.0,39155.0,39167.0,490,4
1719392400,39167.0,39176.0,39147.0,39147.0,733,4
1719396000,39147.0,39192.0,39143.0,39192.0,1250,4
1719399600,39193.0,39195.0,39155.0,39158.0,1070,5
1719403200,39158.0,39174.0,39135.0,39138.0,913,5
1719406800,39138.0,39145.0,39103.0,39116.0,993,5
1719410400,39117.0,39117.0,39060.0,39079.0,1173,5
1719414000,39079.0,39091.0,39037.0,39050.0,1446,5
1719417600,39050.0,39080.0,38945.0,38995.0,4930,4
1719421200,38996.0,39083.0,38965.0,39082.0,6101,4
1719424800,39081.0,39179.0,39033.0,39178.0,5336,4
1719428400,39176.0,39207.0,39161.0,39191.0,4136,4
1719432000,39189.0,39210.0,39142.0,39192.0,3901,5
1719435600,39191.0,39222.0,39170.0,39199.0,3378,4
1719439200,39199.0,39221.0,39148.0,39169.0,3879,5
1719442800,39168.0,39208.0,39116.0,39120.0,1912,4
1719450000,39111.0,39133.0,39106.0,39117.0,503,5
1719453600,39117.0,39118.0,39077.0,39090.0,527,4
1719457200,39090.0,39090.0,39031.0,39049.0,943,4
1719460800,39049.0,39077.0,39046.0,39073.0,952,5
1719464400,39073.0,39084.0,39065.0,39068.0,571,5
1719468000,39068.0,39073.0,39058.0,39061.0,395,4
1719471600,39061.0,39091.0,39058.0,39090.0,356,5
1719475200,39090.0,39115.0,39086.0,39109.0,539,5
1719478800,39110.0,39139.0,39110.0,39112.0,751,5
1719482400,39114.0,39138.0,39114.0,39125.0,1232,5
1719486000,39125.0,39128.0,39074.0,39087.0,1080,5
1719489600,39088.0,39118.0,39084.0,39110.0,939,5
1719493200,39110.0,39130.0,39106.0,39126.0,805,4
1719496800,39126.0,39128.0,39096.0,39105.0,1101,5
1719500400,39104.0,39131.0,39086.0,39105.0,2036,4
1719504000,39105.0,39216.0,39060.0,39170.0,5170,4
1719507600,39171.0,39289.0,39158.0,39255.0,5521,4
1719511200,39256.0,39259.0,39198.0,39237.0,4160,4
1719514800,39237.0,39285.0,39216.0,39225.0,2756,5
1719518400,39225.0,39288.0,39216.0,39218.0,2553,4
1719522000,39218.0,39220.0,39055.0,39105.0,3564,4
1719525600,39106.0,39203.0,39105.0,39202.0,3078,5
1719529200,39201.0,39244.0,39165.0,39166.0,1280,5
1719536400,39138.0,39165.0,39135.0,39158.0,408,5
1719540000,39158.0,39172.0,39158.0,39171.0,222,5
1719543600,39171.0,39180.0,39151.0,39152.0,578,5
1719547200,39152.0,39199.0,39149.0,39195.0,832,5
1719550800,39195.0,39217.0,39195.0,39204.0,533,5
1719554400,39204.0,39208.0,39194.0,39200.0,292,5
1719558000,39200.0,39201.0,39186.0,39192.0,313,5
1719561600,39192.0,39195.0,39181.0,39185.0,334,5
1719565200,39185.0,39232.0,39185.0,39230.0,741,5
1719568800,39230.0,39245.0,39197.0,39203.0,1396,5
1719572400,39202.0,39228.0,39181.0,39223.0,1072,5
1719576000,39223.0,39248.0,39219.0,39231.0,1070,5
1719579600,39231.0,39242.0,39218.0,39238.0,767,5
1719583200,39238.0,39242.0,39205.0,39220.0,988,5
1719586800,39220.0,39251.0,39190.0,39209.0,2632,4
1719590400,39209.0,39437.0,39119.0,39253.0,5490,4
1719594000,39271.0,39469.0,39271.0,39364.0,6736,4
1719597600,39364.0,39365.0,39222.0,39243.0,5349,4
1719601200,39243.0,39246.0,39148.0,39190.0,4727,4
1719604800,39190.0,39225.0,39095.0,39104.0,3386,5
1719608400,39104.0,39138.0,39022.0,39026.0,3676,5
1719612000,39026.0,39139.0,38935.0,39139.0,5744,5
1719615600,39135.0,39190.0,39120.0,39174.0,1717,5
1719795600,39180.0,39201.0,39156.0,39191.0,1050,5
1719799200,39190.0,39190.0,39158.0,39160.0,591,5
1719802800,39160.0,39203.0,39151.0,39197.0,931,5
1719806400,39197.0,39202.0,39186.0,39194.0,491,5
1719810000,39194.0,39200.0,39190.0,39191.0,309,5
1719813600,39191.0,39200.0,39186.0,39190.0,336,5
1719817200,39190.0,39190.0,39176.0,39177.0,282,5
1719820800,39177.0,39215.0,39176.0,39213.0,573,4
1719824400,39213.0,39243.0,39213.0,39238.0,1010,4
1719828000,39243.0,39263.0,39162.0,39176.0,2091,4
1719831600,39176.0,39235.0,39173.0,39220.0,2271,4
1719835200,39220.0,39233.0,39197.0,39225.0,1351,4
1719838800,39225.0,39238.0,39206.0,39226.0,863,5
1719842400,39226.0,39270.0,39215.0,39267.0,1012,5
1719846000,39267.0,39277.0,39196.0,39208.0,1328,5
1719849600,39210.0,39493.0,39198.0,39408.0,5840,4
1719853200,39445.0,39445.0,39077.0,39143.0,8217,4
1719856800,39142.0,39212.0,39105.0,39206.0,4712,4
1719860400,39206.0,39259.0,39154.0,39230.0,3204,5
1719864000,39230.0,39252.0,39206.0,39220.0,2816,4
1719867600,39220.0,39247.0,39171.0,39176.0,3116,4
1719871200,39176.0,39243.0,39113.0,39206.0,3481,5
1719874800,39210.0,39215.0,39184.0,39190.0,798,5
1719882000,39196.0,39214.0,39187.0,39192.0,388,5
1719885600,39192.0,39193.0,39173.0,39183.0,368,5
1719889200,39184.0,39192.0,39157.0,39174.0,755,5
1719892800,39174.0,39183.0,39162.0,39171.0,564,5
1719896400,39171.0,39180.0,39147.0,39158.0,510,5
1719900000,39158.0,39162.0,39148.0,39151.0,417,5
1719903600,39151.0,39168.0,39151.0,39164.0,332,5
1719907200,39164.0,39181.0,39157.0,39177.0,476,5
1719910800,39178.0,39184.0,39136.0,39148.0,783,5
1719914400,39147.0,39147.0,39049.0,39091.0,2224,4
1719918000,39092.0,39119.0,39078.0,39114.0,1850,5
1719921600,39114.0,39123.0,39078.0,39096.0,1442,5
1719925200,39096.0,39104.0,39087.0,39091.0,1074,5
1719928800,39091.0,39093.0,39043.0,39080.0,1392,5
1719932400,39080.0,39124.0,39070.0,39123.0,1762,5
1719936000,39122.0,39267.0,39090.0,39188.0,5528,4
1719939600,39188.0,39230.0,39145.0,39207.0,6164,4
1719943200,39208.0,39248.0,39186.0,39192.0,3526,5
1719946800,39192.0,39197.0,39135.0,39146.0,2872,5
1719950400,39146.0,39295.0,39137.0,39269.0,2524,4
1719954000,39268.0,39343.0,39268.0,39319.0,2384,5
1719957600,39318.0,39398.0,39305.0,39395.0,2869,5
1719961200,39394.0,39395.0,39346.0,39357.0,944,5
1719968400,39360.0,39387.0,39360.0,39382.0,394,5
1719972000,39382.0,39387.0,39351.0,39359.0,314,5
1719975600,39359.0,39389.0,39358.0,39377.0,415,5
1719979200,39377.0,39377.0,39356.0,39362.0,413,5
1719982800,39362.0,39372.0,39358.0,39365.0,315,5
1719986400,39365.0,39373.0,39347.0,39352.0,414,5
1719990000,39352.0,39369.0,39351.0,39364.0,233,5
1719993600,39364.0,39366.0,39350.0,39356.0,431,5
1719997200,39356.0,39395.0,39356.0,39392.0,836,5
1720000800,39391.0,39435.0,39377.0,39417.0,1238,5
1720004400,39417.0,39446.0,39406.0,39438.0,1187,5
1720008000,39437.0,39454.0,39434.0,39449.0,937,5
1720011600,39449.0,39465.0,39441.0,39450.0,756,5
1720015200,39450.0,39457.0,39421.0,39429.0,836,5
1720018800,39428.0,39433.0,39367.0,39380.0,1873,4
1720022400,39380.0,39473.0,39344.0,39408.0,4484,4
1720026000,39408.0,39457.0,39292.0,39314.0,5404,4
1720029600,39314.0,39359.0,39286.0,39295.0,3500,5
1720033200,39295.0,39386.0,39279.0,39349.0,3178,5
1720036800,39350.0,39364.0,39332.0,39346.0,803,5
1720054800,39367.0,39368.0,39342.0,39352.0,396,5
1720058400,39352.0,39380.0,39352.0,39376.0,228,5
1720062000,39376.0,39383.0,39343.0,39344.0,449,5
1720065600,39344.0,39363.0,39344.0,39349.0,334,5
1720069200,39349.0,39355.0,39342.0,39345.0,331,5
1720072800,39345.0,39356.0,39342.0,39348.0,249,5
1720076400,39348.0,39356.0,39344.0,39355.0,174,5
1720080000,39355.0,39369.0,39348.0,39368.0,338,5
1720083600,39368.0,39376.0,39339.0,39371.0,569,5
1720087200,39371.0,39405.0,39362.0,39403.0,1004,5
1720090800,39403.0,39435.0,39403.0,39425.0,842,5
1720094400,39425.0,39439.0,39420.0,39425.0,592,5
1720098000,39425.0,39450.0,39418.0,39446.0,524,5
1720101600,39446.0,39464.0,39440.0,39450.0,497,5
1720105200,39450.0,39475.0,39449.0,39475.0,585,5
1720108800,39475.0,39497.0,39377.0,39378.0,1078,5
1720112400,39378.0,39386.0,39347.0,39373.0,874,5
1720116000,39373.0,39409.0,39371.0,39405.0,758,5
1720119600,39405.0,39408.0,39383.0,39394.0,663,5
1720141200,39383.0,39396.0,39355.0,39357.0,364,5
1720144800,39357.0,39368.0,39357.0,39357.0,193,5
1720148400,39357.0,39386.0,39357.0,39376.0,504,5
1720152000,39376.0,39381.0,39372.0,39376.0,384,5
1720155600,39376.0,39380.0,39369.0,39377.0,252,5
1720159200,39377.0,39389.0,39376.0,39384.0,301,5
1720162800,39384.0,39394.0,39380.0,39390.0,232,5
1720166400,39390.0,39410.0,39383.0,39405.0,347,5
1720170000,39405.0,39413.0,39397.0,39405.0,484,4
1720173600,39405.0,39413.0,39377.0,39395.0,1055,5
1720177200,39395.0,39402.0,39345.0,39363.0,966,5
1720180800,39363.0,39376.0,39352.0,39367.0,664,5
1720184400,39367.0,39370.0,39333.0,39339.0,628,5
1720188000,39339.0,39351.0,39316.0,39321.0,907,5
1720191600,39321.0,39425.0,39310.0,39366.0,3288,5
1720195200,39365.0,39380.0,39249.0,39322.0,5406,4
1720198800,39322.0,39327.0,39196.0,39323.0,5185,5
1720202400,39323.0,39389.0,39302.0,39361.0,2927,5
1720206000,39361.0,39364.0,39255.0,39296.0,2028,5
1720209600,39296.0,39382.0,39277.0,39360.0,1893,5
1720213200,39360.0,39424.0,39337.0,39408.0,1768,5
1720216800,39408.0,39438.0,39375.0,39405.0,2143,5
1720220400,39404.0,39404.0,39360.0,39363.0,759,5
1720400400,39377.0,39394.0,39354.0,39366.0,623,5
1720404000,39367.0,39375.0,39355.0,39356.0,283,5
1720407600,39355.0,39369.0,39342.0,39344.0,615,5
1720411200,39344.0,39365.0,39335.0,39358.0,506,5
1720414800,39358.0,39364.0,39351.0,39355.0,342,5
1720418400,39356.0,39365.0,39355.0,39357.0,252,5
1720422000,39357.0,39358.0,39344.0,39344.0,217,5
1720425600,39344.0,39345.0,39329.0,39331.0,431,5
1720429200,39330.0,39356.0,39320.0,39354.0,709,5
1720432800,39356.0,39406.0,39334.0,39405.0,1585,5
1720436400,39403.0,39449.0,39403.0,39427.0,1151,5
1720440000,39426.0,39434.0,39404.0,39431.0,840,5
1720443600,39430.0,39430.0,39400.0,39410.0,732,5
1720447200,39410.0,39447.0,39409.0,39446.0,847,5
1720450800,39448.0,39508.0,39442.0,39504.0,1031,5
1720454400,39504.0,39729.0,39484.0,39653.0,5180,4
1720458000,39652.0,39697.0,39566.0,39601.0,5183,4
1720461600,39602.0,39607.0,39359.0,39365.0,3760,5
1720465200,39364.0,39403.0,39334.0,39371.0,2665,5
1720468800,39371.0,39394.0,39317.0,39382.0,2364,5
1720472400,39383.0,39391.0,39331.0,39378.0,2091,5
1720476000,39377.0,39393.0,39347.0,39380.0,2392,5
1720479600,39383.0,39404.0,39375.0,39394.0,811,5
1720486800,39390.0,39410.0,39384.0,39402.0,305,5
1720490400,39402.0,39438.0,39402.0,39437.0,452,5
1720494000,39437.0,39444.0,39421.0,39421.0,357,5
1720497600,39421.0,39439.0,39420.0,39421.0,381,5
1720501200,39421.0,39431.0,39414.0,39426.0,327,5
1720504800,39426.0,39451.0,39425.0,39451.0,270,5
1720508400,39451.0,39454.0,39446.0,39453.0,188,5
1720512000,39453.0,39456.0,39441.0,39446.0,392,5
1720515600,39446.0,39448.0,39404.0,39417.0,582,5
1720519200,39417.0,39428.0,39379.0,39425.0,1218,5
1720522800,39427.0,39439.0,39412.0,39436.0,982,5
1720526400,39436.0,39444.0,39413.0,39414.0,640,5
1720530000,39415.0,39436.0,39413.0,39417.0,690,5
1720533600,39416.0,39420.0,39392.0,39410.0,761,5
1720537200,39411.0,39423.0,39368.0,39384.0,1132,5
1720540800,39385.0,39403.0,39226.0,39236.0,4498,4
1720544400,39235.0,39311.0,39177.0,39293.0,5512,5
1720548000,39294.0,39344.0,39253.0,39344.0,3639,4
1720551600,39345.0,39497.0,39332.0,39493.0,2874,4
1720555200,39495.0,39542.0,39406.0,39409.0,3271,5
1720558800,39408.0,39408.0,39311.0,39320.0,2573,4
1720562400,39321.0,39356.0,39281.0,39323.0,2733,5
1720566000,39326.0,39343.0,39310.0,39322.0,733,5
1720573200,39319.0,39321.0,39304.0,39313.0,274,5
1720576800,39312.0,39321.0,39312.0,39315.0,200,5
1720580400,39315.0,39328.0,39315.0,39326.0,333,5
1720584000,39326.0,39330.0,39300.0,39300.0,309,5
1720587600,39300.0,39315.0,39299.0,39315.0,232,4
1720591200,39315.0,39319.0,39309.0,39309.0,219,5
1720594800,39309.0,39316.0,39303.0,39315.0,247,5
1720598400,39314.0,39317.0,39286.0,39286.0,422,5
1720602000,39287.0,39319.0,39287.0,39310.0,652,4
1720605600,39309.0,39319.0,39288.0,39308.0,1290,4
1720609200,39309.0,39329.0,39300.0,39328.0,998,4
1720612800,39329.0,39349.0,39322.0,39344.0,844,4
1720616400,39344.0,39350.0,39310.0,39315.0,764,5
1720620000,39315.0,39351.0,39314.0,39347.0,769,5
1720623600,39347.0,39369.0,39338.0,39339.0,994,5
1720627200,39339.0,39395.0,39297.0,39323.0,5167,4
1720630800,39324.0,39361.0,39294.0,39355.0,5455,4
1720634400,39355.0,39446.0,39351.0,39442.0,3691,4
1720638000,39442.0,39541.0,39438.0,39528.0,3405,4
1720641600,39529.0,39578.0,39518.0,39562.0,2833,4
1720645200,39564.0,39596.0,39527.0,39587.0,2602,4
1720648800,39588.0,39788.0,39577.0,39759.0,3392,4
1720652400,39760.0,39771.0,39732.0,39732.0,1165,5
1720659600,39732.0,39763.0,39728.0,39754.0,413,5
1720663200,39753.0,39755.0,39744.0,39751.0,273,5
1720666800,39750.0,39751.0,39722.0,39728.0,521,4
1720670400,39728.0,39752.0,39728.0,39747.0,404,5
1720674000,39746.0,39758.0,39743.0,39753.0,316,5
1720677600,39752.0,39769.0,39746.0,39769.0,309,5
1720681200,39768.0,39770.0,39761.0,39766.0,202,5
1720684800,39765.0,39779.0,39765.0,39769.0,298,5
1720688400,39769.0,39774.0,39758.0,39770.0,538,5
1720692000,39771.0,39775.0,39725.0,39741.0,963,5
1720695600,39740.0,39759.0,39734.0,39740.0,697,5
1720699200,39739.0,39745.0,39725.0,39737.0,524,5
1720702800,39737.0,39742.0,39702.0,39717.0,595,5
1720706400,39718.0,39725.0,39696.0,39705.0,583,5
1720710000,39704.0,39893.0,39692.0,39730.0,4211,4
1720713600,39729.0,39856.0,39667.0,39796.0,6806,4
1720717200,39798.0,39928.0,39773.0,39852.0,8109,4
1720720800,39851.0,39915.0,39810.0,39848.0,6738,4
1720724400,39848.0,39851.0,39749.0,39784.0,5109,5
1720728000,39785.0,39828.0,39743.0,39821.0,4305,5
1720731600,39821.0,39862.0,39790.0,39809.0,3753,5
1720735200,39809.0,39835.0,39771.0,39800.0,4279,5
1720738800,39801.0,39836.0,39786.0,39835.0,1181,5
1720746000,39842.0,39864.0,39817.0,39861.0,657,5
1720749600,39861.0,39881.0,39837.0,39853.0,583,5
1720753200,39853.0,39882.0,39843.0,39849.0,840,5
1720756800,39849.0,39858.0,39838.0,39843.0,483,5
1720760400,39843.0,39851.0,39828.0,39843.0,418,5
1720764000,39843.0,39853.0,39836.0,39845.0,325,5
1720767600,39845.0,39857.0,39843.0,39850.0,304,5
1720771200,39849.0,39868.0,39839.0,39865.0,564,5
1720774800,39865.0,39880.0,39853.0,39866.0,791,5
1720778400,39868.0,39879.0,39849.0,39862.0,1174,5
1720782000,39863.0,39885.0,39854.0,39868.0,1043,4
1720785600,39868.0,39870.0,39839.0,39854.0,808,4
1720789200,39853.0,39934.0,39829.0,39844.0,1312,5
1720792800,39845.0,39872.0,39828.0,39838.0,1259,5
1720796400,39840.0,39906.0,39754.0,39901.0,3571,5
1720800000,39902.0,39961.0,39852.0,39888.0,5772,5
1720803600,39886.0,40040.0,39839.0,40038.0,6063,5
1720807200,40041.0,40143.0,40031.0,40102.0,3841,5
1720810800,40104.0,40153.0,40071.0,40150.0,3549,5
1720814400,40149.0,40304.0,40137.0,40244.0,3045,5
1720818000,40244.0,40270.0,40204.0,40238.0,2893,5
1720821600,40237.0,40258.0,40013.0,40059.0,4977,5
1720825200,40057.0,40099.0,40047.0,40057.0,1250,5
1721005200,40147.0,40147.0,40092.0,40114.0,1819,5
1721008800,40114.0,40120.0,40092.0,40116.0,514,5
1721012400,40117.0,40133.0,40093.0,40122.0,568,5
1721016000,40122.0,40128.0,40115.0,40124.0,517,5
1721019600,40125.0,40132.0,40115.0,40124.0,477,5
1721023200,40124.0,40133.0,40120.0,40124.0,277,5
1721026800,40124.0,40139.0,40119.0,40135.0,246,5
1721030400,40135.0,40157.0,40129.0,40152.0,405,5
1721034000,40152.0,40175.0,40143.0,40173.0,692,5
1721037600,40170.0,40198.0,40142.0,40197.0,1281,5
1721041200,40197.0,40244.0,40177.0,40243.0,1173,5
1721044800,40243.0,40277.0,40238.0,40248.0,976,5
1721048400,40248.0,40290.0,40242.0,40290.0,810,5
1721052000,40290.0,40335.0,40239.0,40260.0,1941,5
1721055600,40261.0,40285.0,40246.0,40275.0,1643,5
1721059200,40275.0,40361.0,40190.0,40204.0,6056,4
1721062800,40202.0,40314.0,40187.0,40306.0,6017,5
1721066400,40307.0,40407.0,40300.0,40400.0,4660,5
1721070000,40400.0,40400.0,40246.0,40281.0,4905,5
1721073600,40281.0,40305.0,40183.0,40224.0,5049,5
1721077200,40226.0,40347.0,40211.0,40347.0,3833,5
1721080800,40347.0,40389.0,40190.0,40279.0,4479,5
1721084400,40278.0,40303.0,40271.0,40297.0,1043,5
1721091600,40314.0,40341.0,40309.0,40328.0,483,5
1721095200,40328.0,40340.0,40327.0,40335.0,320,5
1721098800,40335.0,40341.0,40320.0,40329.0,458,5
1721102400,40329.0,40333.0,40317.0,40325.0,578,5
1721106000,40325.0,40334.0,40320.0,40333.0,386,5
1721109600,40333.0,40342.0,40327.0,40327.0,314,5
1721113200,40327.0,40339.0,40315.0,40331.0,468,5
1721116800,40331.0,40338.0,40322.0,40332.0,375,5
1721120400,40332.0,40332.0,40283.0,40288.0,688,5
1721124000,40289.0,40298.0,40245.0,40247.0,1621,5
1721127600,40247.0,40299.0,40215.0,40289.0,1569,5
1721131200,40288.0,40318.0,40268.0,40297.0,1469,5
1721134800,40297.0,40383.0,40241.0,40245.0,2080,5
1721138400,40246.0,40306.0,40230.0,40302.0,1401,5
1721142000,40302.0,40424.0,40293.0,40415.0,2501,5
1721145600,40411.0,40705.0,40403.0,40699.0,5839,4
1721149200,40698.0,40862.0,40698.0,40852.0,6615,4
1721152800,40853.0,40911.0,40760.0,40781.0,4877,5
1721156400,40782.0,40907.0,40782.0,40903.0,4395,5
1721160000,40903.0,40916.0,40818.0,40909.0,3489,5
1721163600,40908.0,41010.0,40899.0,41004.0,3547,5
1721167200,41004.0,41048.0,40972.0,41014.0,3774,4
1721170800,41012.0,41020.0,40982.0,41014.0,1067,4
1721178000,41035.0,41057.0,41026.0,41044.0,490,4
1721181600,41044.0,41046.0,41019.0,41027.0,385,5
1721185200,41027.0,41036.0,41012.0,41028.0,433,5
1721188800,41028.0,41050.0,41024.0,41046.0,459,5
1721192400,41046.0,41063.0,41045.0,41051.0,329,5
1721196000,41051.0,41058.0,41032.0,41051.0,432,5
1721199600,41051.0,41052.0,41035.0,41043.0,368,5
1721203200,41043.0,41049.0,41011.0,41016.0,596,5
1721206800,41016.0,41019.0,40911.0,40944.0,1622,5
1721210400,40944.0,40962.0,40889.0,40919.0,2883,5
1721214000,40922.0,40961.0,40905.0,40944.0,2704,5
1721217600,40944.0,40958.0,40922.0,40948.0,1575,5
1721221200,40948.0,40969.0,40926.0,40932.0,1680,5
1721224800,40928.0,40940.0,40866.0,40931.0,2577,5
1721228400,40931.0,40932.0,40858.0,40875.0,2514,5
1721232000,40874.0,41156.0,40866.0,41129.0,6406,4
1721235600,41127.0,41192.0,41076.0,41085.0,8723,4
1721239200,41085.0,41229.0,41077.0,41229.0,6017,5
1721242800,41230.0,41267.0,41194.0,41255.0,5186,4
1721246400,41255.0,41255.0,41152.0,41222.0,5067,5
1721250000,41222.0,41277.0,41171.0,41226.0,4415,5
1721253600,41226.0,41287.0,41202.0,41247.0,5217,5
1721257200,41248.0,41306.0,41227.0,41306.0,1549,5
1721264400,41296.0,41324.0,41296.0,41319.0,909,5
1721268000,41320.0,41330.0,41309.0,41325.0,464,5
1721271600,41325.0,41366.0,41321.0,41351.0,674,5
1721275200,41351.0,41378.0,41351.0,41378.0,642,5
1721278800,41378.0,41379.0,41355.0,41371.0,439,5
1721282400,41371.0,41375.0,41348.0,41362.0,527,5
1721286000,41362.0,41367.0,41334.0,41345.0,458,5
1721289600,41345.0,41345.0,41322.0,41323.0,636,5
1721293200,41323.0,41339.0,41299.0,41334.0,1447,5
1721296800,41335.0,41336.0,41203.0,41244.0,2924,5
1721300400,41244.0,41266.0,41212.0,41230.0,2100,4
1721304000,41230.0,41249.0,41207.0,41217.0,1483,5
1721307600,41217.0,41228.0,41189.0,41216.0,1495,5
1721311200,41216.0,41234.0,41183.0,41233.0,1151,5
1721314800,41233.0,41233.0,41163.0,41164.0,2375,5
1721318400,41164.0,41372.0,41089.0,41371.0,6200,4
1721322000,41371.0,41440.0,41226.0,41264.0,8798,4
1721325600,41263.0,41299.0,40996.0,41005.0,7864,5
1721329200,41005.0,41030.0,40900.0,40977.0,6189,5
1721332800,40976.0,41009.0,40908.0,40918.0,5393,5
1721336400,40917.0,40921.0,40735.0,40796.0,6124,4
1721340000,40796.0,40827.0,40654.0,40723.0,7569,4
1721343600,40717.0,40758.0,40712.0,40735.0,2022,4
1721350800,40745.0,40768.0,40733.0,40754.0,1026,5
1721354400,40754.0,40767.0,40749.0,40758.0,470,5
1721358000,40758.0,40774.0,40734.0,40758.0,798,5
1721361600,40758.0,40767.0,40740.0,40753.0,659,5
1721365200,40753.0,40758.0,40729.0,40753.0,490,5
1721368800,40753.0,40761.0,40735.0,40747.0,397,5
1721372400,40747.0,40747.0,40734.0,40742.0,356,5
1721376000,40742.0,40761.0,40737.0,40761.0,397,5
1721379600,40761.0,40766.0,40664.0,40668.0,1219,5
1721383200,40668.0,40686.0,40580.0,40632.0,4954,5
1721386800,40632.0,40692.0,40603.0,40620.0,3504,5
1721390400,40620.0,40656.0,40585.0,40626.0,3617,4
1721394000,40626.0,40674.0,40606.0,40636.0,2654,5
1721397600,40636.0,40693.0,40625.0,40669.0,2640,5
1721401200,40670.0,40676.0,40599.0,40658.0,2832,5
1721404800,40658.0,40662.0,40416.0,40543.0,7889,4
1721408400,40541.0,40563.0,40377.0,40407.0,8437,4
1721412000,40409.0,40450.0,40249.0,40381.0,6718,5
1721415600,40380.0,40454.0,40291.0,40296.0,6050,5
1721419200,40296.0,40334.0,40236.0,40333.0,5527,5
1721422800,40333.0,40361.0,40267.0,40328.0,5107,5
1721426400,40328.0,40423.0,40268.0,40335.0,6103,5
1721430000,40333.0,40361.0,40266.0,40315.0,1468,5
1721610000,40359.0,40393.0,40340.0,40386.0,1803,5
1721613600,40386.0,40435.0,40386.0,40434.0,1152,5
1721617200,40434.0,40436.0,40393.0,40412.0,987,5
1721620800,40413.0,40415.0,40327.0,40328.0,1414,5
1721624400,40328.0,40361.0,40316.0,40354.0,1236,5
1721628000,40353.0,40392.0,40353.0,40359.0,871,5
1721631600,40359.0,40374.0,40341.0,40364.0,725,5
1721635200,40364.0,40378.0,40355.0,40368.0,648,5
1721638800,40367.0,40400.0,40341.0,40366.0,1273,5
1721642400,40366.0,40386.0,40339.0,40373.0,2638,5
1721646000,40373.0,40426.0,40364.0,40399.0,1397,5
1721649600,40399.0,40408.0,40381.0,40394.0,1151,5
1721653200,40394.0,40411.0,40376.0,40411.0,1032,5
1721656800,40413.0,40421.0,40376.0,40397.0,1133,4
1721660400,40398.0,40436.0,40388.0,40396.0,1342,5
1721664000,40396.0,40521.0,40321.0,40328.0,6389,4
1721667600,40327.0,40523.0,40268.0,40496.0,7910,4
1721671200,40497.0,40522.0,40293.0,40328.0,7171,4
1721674800,40327.0,40422.0,40300.0,40418.0,4544,5
1721678400,40418.0,40472.0,40414.0,40454.0,4385,5
1721682000,40454.0,40495.0,40397.0,40469.0,3693,5
1721685600,40469.0,40503.0,40426.0,40459.0,4515,5
1721689200,40460.0,40490.0,40453.0,40463.0,1120,5
1721696400,40475.0,40499.0,40462.0,40482.0,604,5
1721700000,40482.0,40484.0,40458.0,40462.0,495,5
1721703600,40462.0,40467.0,40439.0,40451.0,663,5
1721707200,40451.0,40469.0,40441.0,40449.0,777,5
1721710800,40449.0,40460.0,40437.0,40453.0,503,5
1721714400,40453.0,40459.0,40413.0,40434.0,763,5
1721718000,40434.0,40454.0,40434.0,40443.0,397,5
1721721600,40443.0,40451.0,40421.0,40435.0,550,5
1721725200,40435.0,40439.0,40389.0,40429.0,1365,5
1721728800,40429.0,40439.0,40380.0,40394.0,2875,5
1721732400,40394.0,40465.0,40375.0,40452.0,2141,5
1721736000,40453.0,40504.0,40450.0,40491.0,1140,5
1721739600,40490.0,40539.0,40485.0,40521.0,1249,5
1721743200,40521.0,40527.0,40493.0,40502.0,1525,5
1721746800,40502.0,40510.0,40441.0,40465.0,1747,5
1721750400,40465.0,40494.0,40362.0,40424.0,5447,4
1721754000,40423.0,40555.0,40377.0,40415.0,7239,4
1721757600,40415.0,40566.0,40413.0,40557.0,4917,4
1721761200,40557.0,40579.0,40399.0,40429.0,5268,4
1721764800,40429.0,40505.0,40419.0,40493.0,4460,5
1721768400,40493.0,40548.0,40487.0,40525.0,3607,5
1721772000,40526.0,40527.0,40369.0,40398.0,4363,5
1721775600,40402.0,40440.0,40352.0,40383.0,2948,4
1721782800,40306.0,40359.0,40304.0,40340.0,1997,5
1721786400,40342.0,40342.0,40310.0,40313.0,748,5
1721790000,40313.0,40351.0,40310.0,40350.0,889,5
1721793600,40351.0,40357.0,40338.0,40338.0,669,5
1721797200,40338.0,40345.0,40323.0,40332.0,462,5
1721800800,40332.0,40336.0,40309.0,40313.0,500,5
1721804400,40313.0,40314.0,40223.0,40268.0,1153,4
1721808000,40269.0,40304.0,40266.0,40285.0,794,5
1721811600,40285.0,40305.0,40233.0,40242.0,1617,4
1721815200,40243.0,40289.0,40207.0,40215.0,2812,5
1721818800,40215.0,40232.0,40161.0,40228.0,2606,4
1721822400,40228.0,40238.0,40178.0,40233.0,1645,4
1721826000,40233.0,40261.0,40217.0,40218.0,1255,4
1721829600,40217.0,40270.0,40206.0,40245.0,1637,4
1721833200,40245.0,40260.0,40193.0,40203.0,1868,4
1721836800,40204.0,40308.0,40067.0,40082.0,6315,4
1721840400,40081.0,40140.0,39984.0,40092.0,7656,4
1721844000,40093.0,40097.0,39987.0,40061.0,5311,5
1721847600,40061.0,40132.0,40036.0,40053.0,4983,5
1721851200,40053.0,40125.0,40045.0,40045.0,4151,5
1721854800,40045.0,40081.0,39940.0,39995.0,4223,4
1721858400,39994.0,40003.0,39844.0,39896.0,5774,4
1721862000,39898.0,40003.0,39886.0,39982.0,2487,4
1721869200,39999.0,40015.0,39982.0,39992.0,1053,5
1721872800,39992.0,40012.0,39981.0,39991.0,734,5
1721876400,39991.0,40019.0,39977.0,40005.0,1158,5
1721880000,40005.0,40012.0,39969.0,39976.0,1088,5
1721883600,39976.0,39999.0,39941.0,39950.0,1341,5
1721887200,39950.0,40006.0,39950.0,39990.0,988,5
1721890800,39990.0,39995.0,39974.0,39986.0,722,5
1721894400,39986.0,39997.0,39966.0,39967.0,902,5
1721898000,39967.0,39993.0,39880.0,39974.0,2806,4
1721901600,39972.0,39983.0,39870.0,39920.0,4715,4
1721905200,39920.0,40045.0,39892.0,40030.0,4344,4
1721908800,40030.0,40040.0,39941.0,39966.0,3214,4
1721912400,39967.0,39973.0,39852.0,39903.0,3493,4
1721916000,39904.0,39931.0,39871.0,39880.0,3196,5
1721919600,39877.0,39972.0,39872.0,39964.0,4291,4
1721923200,39964.0,40097.0,39873.0,40071.0,7684,4
1721926800,40070.0,40124.0,39993.0,40084.0,10086,4
1721930400,40086.0,40254.0,40076.0,40245.0,6869,4
1721934000,40244.0,40424.0,40235.0,40376.0,6315,4
1721937600,40378.0,40483.0,40247.0,40273.0,6589,4
1721941200,40273.0,40273.0,40075.0,40101.0,7570,4
1721944800,40099.0,40276.0,39980.0,39993.0,8771,4
1721948400,39993.0,40043.0,39958.0,40042.0,2865,5
1721955600,40060.0,40080.0,40037.0,40039.0,1602,5
1721959200,40039.0,40078.0,40039.0,40077.0,753,5
1721962800,40077.0,40111.0,40070.0,40087.0,1098,4
1721966400,40087.0,40150.0,40082.0,40134.0,1065,5
1721970000,40134.0,40147.0,40121.0,40125.0,778,5
1721973600,40125.0,40142.0,40117.0,40136.0,799,5
1721977200,40136.0,40154.0,40128.0,40145.0,492,4
1721980800,40145.0,40160.0,40112.0,40114.0,916,5
1721984400,40114.0,40149.0,40106.0,40116.0,1654,5
1721988000,40113.0,40180.0,40094.0,40178.0,3410,4
1721991600,40178.0,40204.0,40163.0,40201.0,2142,4
1721995200,40200.0,40209.0,40168.0,40180.0,1626,4
1721998800,40180.0,40249.0,40177.0,40240.0,1366,4
1722002400,40238.0,40278.0,40217.0,40277.0,1590,4
1722006000,40277.0,40300.0,40199.0,40234.0,3011,4
1722009600,40234.0,40562.0,40197.0,40512.0,6403,4
1722013200,40499.0,40635.0,40423.0,40585.0,9633,4
1722016800,40584.0,40701.0,40536.0,40695.0,7591,4
1722020400,40695.0,40787.0,40636.0,40783.0,5701,4
1722024000,40783.0,40797.0,40592.0,40653.0,6318,4
1722027600,40651.0,40701.0,40588.0,40606.0,6166,5
1722031200,40606.0,40700.0,40547.0,40640.0,7422,4
1722034800,40636.0,40680.0,40618.0,40653.0,1350,4
1722214800,40696.0,40743.0,40685.0,40737.0,1668,5
1722218400,40737.0,40761.0,40734.0,40745.0,1093,5
1722222000,40745.0,40850.0,40737.0,40823.0,1482,5
1722225600,40823.0,40837.0,40799.0,40811.0,1774,5
1722229200,40811.0,40822.0,40799.0,40805.0,991,5
1722232800,40805.0,40815.0,40793.0,40803.0,498,5
1722236400,40803.0,40815.0,40789.0,40795.0,301,5
1722240000,40795.0,40819.0,40795.0,40816.0,633,5
1722243600,40816.0,40822.0,40781.0,40819.0,1408,4
1722247200,40819.0,40822.0,40692.0,40702.0,3150,4
1722250800,40698.0,40762.0,40686.0,40752.0,2684,4
1722254400,40752.0,40790.0,40717.0,40786.0,2065,4
1722258000,40787.0,40819.0,40780.0,40803.0,1180,4
1722261600,40802.0,40839.0,40762.0,40828.0,2082,4
1722265200,40826.0,40874.0,40796.0,40803.0,2490,4
1722268800,40803.0,40803.0,40486.0,40619.0,7576,4
1722272400,40621.0,40690.0,40431.0,40530.0,9124,4
1722276000,40530.0,40647.0,40466.0,40639.0,8466,4
1722279600,40639.0,40694.0,40615.0,40634.0,5973,4
1722283200,40636.0,40697.0,40589.0,40634.0,5724,5
1722286800,40635.0,40651.0,40586.0,40626.0,5324,4
1722290400,40625.0,40684.0,40572.0,40592.0,4896,4
1722294000,40594.0,40602.0,40571.0,40590.0,1126,5
1722301200,40602.0,40626.0,40585.0,40598.0,553,5
1722304800,40598.0,40603.0,40496.0,40518.0,1232,5
1722308400,40518.0,40550.0,40510.0,40538.0,1360,5
1722312000,40538.0,40544.0,40478.0,40497.0,1391,5
1722315600,40498.0,40524.0,40488.0,40520.0,813,5
1722319200,40520.0,40542.0,40518.0,40540.0,811,4
1722322800,40540.0,40586.0,40539.0,40585.0,756,5
1722326400,40585.0,40602.0,40570.0,40597.0,881,5
1722330000,40597.0,40617.0,40567.0,40607.0,937,4
1722333600,40616.0,40682.0,40609.0,40648.0,1342,4
1722337200,40648.0,40655.0,40602.0,40632.0,1801,4
1722340800,40632.0,40656.0,40616.0,40643.0,1452,4
1722344400,40642.0,40680.0,40608.0,40611.0,1204,4
1722348000,40612.0,40633.0,40582.0,40582.0,1117,4
1722351600,40582.0,40596.0,40548.0,40560.0,1347,4
1722355200,40559.0,40823.0,40557.0,40817.0,5332,4
1722358800,40818.0,40830.0,40660.0,40735.0,7293,4
1722362400,40735.0,40739.0,40590.0,40614.0,5319,4
1722366000,40613.0,40720.0,40582.0,40616.0,6477,5
1722369600,40620.0,40714.0,40570.0,40706.0,6469,5
1722373200,40706.0,40819.0,40686.0,40720.0,5390,5
1722376800,40720.0,40923.0,40681.0,40787.0,6134,4
1722380400,40792.0,40812.0,40536.0,40601.0,4717,4
1722387600,40611.0,40693.0,40587.0,40611.0,2712,5
1722391200,40611.0,40646.0,40606.0,40632.0,1307,5
1722394800,40632.0,40670.0,40608.0,40663.0,787,5
1722398400,40663.0,40674.0,40644.0,40666.0,1514,5
1722402000,40666.0,40703.0,40660.0,40697.0,1181,5
1722405600,40697.0,40725.0,40684.0,40722.0,866,5
1722409200,40721.0,40730.0,40692.0,40714.0,1501,5
1722412800,40714.0,40819.0,40708.0,40804.0,1840,4
1722416400,40804.0,40884.0,40793.0,40857.0,2338,4
1722420000,40858.0,40911.0,40842.0,40911.0,3590,4
1722423600,40911.0,40986.0,40864.0,40962.0,2555,5
1722427200,40962.0,40971.0,40922.0,40949.0,2229,5
1722430800,40949.0,40954.0,40901.0,40903.0,1674,5
1722434400,40902.0,40916.0,40805.0,40817.0,2642,5
1722438000,40817.0,40903.0,40804.0,40883.0,2967,5
1722441600,40883.0,40924.0,40695.0,40747.0,6896,4
1722445200,40747.0,40990.0,40723.0,40934.0,8146,4
1722448800,40935.0,41055.0,40928.0,41021.0,5953,4
1722452400,41021.0,41100.0,41005.0,41044.0,4206,5
1722456000,41043.0,41108.0,40952.0,41058.0,4957,5
1722459600,41071.0,41257.0,40995.0,41235.0,8640,4
1722463200,41235.0,41257.0,40860.0,40904.0,10700,4
1722466800,40901.0,40993.0,40900.0,40914.0,3157,4
1722474000,40925.0,40974.0,40919.0,40968.0,1492,5
1722477600,40968.0,40995.0,40960.0,40968.0,1131,5
1722481200,40970.0,41000.0,40936.0,40939.0,2134,5
1722484800,40939.0,40978.0,40932.0,40960.0,2476,5
1722488400,40960.0,40998.0,40944.0,40990.0,1487,5
1722492000,40990.0,40994.0,40969.0,40987.0,924,5
1722495600,40987.0,41002.0,40975.0,40993.0,964,5
1722499200,40993.0,41027.0,40985.0,41024.0,1037,5
1722502800,41022.0,41024.0,40901.0,40904.0,2342,5
1722506400,40904.0,40942.0,40828.0,40834.0,3720,5
1722510000,40834.0,40895.0,40814.0,40863.0,4184,5
1722513600,40864.0,40936.0,40854.0,40935.0,2510,5
1722517200,40935.0,40976.0,40932.0,40961.0,2006,5
1722520800,40954.0,40964.0,40901.0,40911.0,2775,4
1722524400,40911.0,41003.0,40890.0,40980.0,3750,4
1722528000,40979.0,41143.0,40876.0,40894.0,7360,4
1722531600,40885.0,40897.0,40492.0,40514.0,10003,4
1722535200,40513.0,40524.0,40315.0,40345.0,8538,4
1722538800,40344.0,40466.0,40300.0,40329.0,7674,4
1722542400,40329.0,40345.0,40188.0,40283.0,7134,4
1722546000,40284.0,40297.0,40121.0,40182.0,6974,4
1722549600,40182.0,40381.0,40147.0,40356.0,8545,5
1722553200,40355.0,40357.0,40187.0,40262.0,4842,5
1722560400,40271.0,40290.0,40184.0,40220.0,3008,5
1722564000,40220.0,40274.0,40211.0,40243.0,2298,5
1722567600,40238.0,40255.0,40175.0,40216.0,3144,5
1722571200,40216.0,40266.0,40182.0,40224.0,2131,5
1722574800,40225.0,40230.0,40089.0,40158.0,3487,5
1722578400,40158.0,40205.0,40158.0,40185.0,1686,5
1722582000,40185.0,40192.0,40150.0,40168.0,1381,5
1722585600,40167.0,40199.0,40125.0,40147.0,2162,5
1722589200,40147.0,40174.0,40067.0,40070.0,3570,5
1722592800,40070.0,40153.0,40027.0,40104.0,5660,4
1722596400,40104.0,40156.0,40076.0,40151.0,4676,4
1722600000,40150.0,40154.0,40019.0,40020.0,2926,4
1722603600,40021.0,40041.0,39957.0,39982.0,3761,5
1722607200,39983.0,40056.0,39961.0,40044.0,3520,5
1722610800,40044.0,40072.0,39791.0,39878.0,6266,4
1722614400,39878.0,40081.0,39838.0,39893.0,9145,4
1722618000,39894.0,39971.0,39464.0,39499.0,11457,4
1722621600,39499.0,39550.0,39368.0,39522.0,10236,4
1722625200,39520.0,39659.0,39499.0,39577.0,9994,4
1722628800,39581.0,39599.0,39446.0,39470.0,8904,5
1722632400,39472.0,39628.0,39424.0,39586.0,8210,4
1722636000,39584.0,39741.0,39557.0,39723.0,9380,4
1722639600,39728.0,39728.0,39599.0,39602.0,2595,5
1722819600,39497.0,39615.0,39470.0,39571.0,1832,4
1722823200,39571.0,39585.0,39455.0,39513.0,2577,4
1722826800,39513.0,39519.0,39330.0,39404.0,4521,4
1722830400,39404.0,39477.0,39346.0,39467.0,3478,4
1722834000,39467.0,39548.0,39418.0,39489.0,2710,4
1722837600,39489.0,39515.0,39455.0,39458.0,2007,4
1722841200,39460.0,39483.0,39414.0,39422.0,2627,4
1722844800,39423.0,39514.0,39237.0,39285.0,4539,4
1722848400,39288.0,39375.0,39144.0,39212.0,4065,4
1722852000,39208.0,39265.0,39041.0,39125.0,6469,4
1722855600,39125.0,39261.0,39092.0,39134.0,5078,4
1722859200,39134.0,39181.0,39069.0,39140.0,3523,4
1722862800,39139.0,39146.0,38914.0,38975.0,3623,5
1722866400,38978.0,39023.0,38825.0,38840.0,3910,4
1722870000,38840.0,38869.0,38412.0,38520.0,6526,4
1722873600,38520.0,38833.0,38494.0,38648.0,9661,4
1722877200,38684.0,38997.0,38599.0,38651.0,12969,4
1722880800,38648.0,38989.0,38606.0,38932.0,10941,4
1722884400,38931.0,39041.0,38802.0,38829.0,9547,4
1722888000,38830.0,38915.0,38758.0,38796.0,10029,4
1722891600,38797.0,38881.0,38670.0,38674.0,10767,4
1722895200,38674.0,38734.0,38589.0,38726.0,10755,4
1722898800,38717.0,38886.0,38697.0,38878.0,4864,4
1722906000,38889.0,38985.0,38880.0,38920.0,2227,4
1722909600,38920.0,38991.0,38890.0,38979.0,2486,5
1722913200,38979.0,39083.0,38889.0,39071.0,2865,5
1722916800,39071.0,39158.0,38975.0,39056.0,2532,5
1722920400,39056.0,39067.0,38996.0,39035.0,1655,5
1722924000,39035.0,39131.0,39031.0,39104.0,1485,5
1722927600,39104.0,39121.0,39056.0,39080.0,1501,4
1722931200,39081.0,39152.0,38979.0,39125.0,3182,4
1722934800,39125.0,39147.0,38961.0,38980.0,3550,4
1722938400,38980.0,39040.0,38889.0,38940.0,5141,4
1722942000,38940.0,38970.0,38862.0,38895.0,4520,4
1722945600,38895.0,38895.0,38779.0,38812.0,4347,4
1722949200,38812.0,39068.0,38780.0,39051.0,4059,4
1722952800,39053.0,39061.0,38919.0,38971.0,3835,4
1722956400,38971.0,38977.0,38845.0,38865.0,4072,4
1722960000,38866.0,39045.0,38638.0,39018.0,8217,4
1722963600,39012.0,39272.0,38980.0,39195.0,11795,4
1722967200,39195.0,39234.0,38945.0,39167.0,11166,4
1722970800,39168.0,39301.0,39157.0,39257.0,8556,5
1722974400,39258.0,39362.0,39239.0,39327.0,8047,5
1722978000,39327.0,39476.0,39245.0,39310.0,7719,5
1722981600,39312.0,39354.0,39000.0,39013.0,11683,4
1722985200,39015.0,39041.0,38858.0,38922.0,5493,4
1722992400,38927.0,39026.0,38927.0,38968.0,1729,5
1722996000,38968.0,38983.0,38912.0,38934.0,2023,5
1722999600,38934.0,39060.0,38920.0,39043.0,3635,5
1723003200,39043.0,39184.0,39017.0,39180.0,2198,5
1723006800,39180.0,39253.0,39150.0,39209.0,1312,5
1723010400,39209.0,39302.0,39203.0,39285.0,1379,5
1723014000,39285.0,39324.0,39284.0,39312.0,1531,5
1723017600,39312.0,39330.0,39247.0,39265.0,1795,4
1723021200,39268.0,39279.0,39161.0,39253.0,2766,4
1723024800,39253.0,39278.0,39149.0,39213.0,4347,4
1723028400,39213.0,39307.0,39193.0,39305.0,3673,4
1723032000,39308.0,39355.0,39289.0,39337.0,3484,4
1723035600,39335.0,39394.0,39316.0,39336.0,2670,4
1723039200,39336.0,39382.0,39326.0,39340.0,3001,5
1723042800,39342.0,39350.0,39290.0,39339.0,3884,4
1723046400,39339.0,39472.0,39179.0,39464.0,7448,4
1723050000,39463.0,39500.0,39309.0,39454.0,10545,4
1723053600,39459.0,39481.0,39254.0,39290.0,9273,4
1723057200,39289.0,39290.0,39073.0,39102.0,8814,5
1723060800,39102.0,39128.0,38914.0,38958.0,9592,4
1723064400,38952.0,38954.0,38742.0,38785.0,10214,5
1723068000,38785.0,38957.0,38763.0,38794.0,10648,4
1723071600,38791.0,38850.0,38636.0,38659.0,4004,4
1723078800,38750.0,38768.0,38683.0,38728.0,2166,5
1723082400,38728.0,38739.0,38579.0,38689.0,2798,5
1723086000,38689.0,38768.0,38662.0,38699.0,2516,5
1723089600,38701.0,38775.0,38691.0,38739.0,1205,5
1723093200,38739.0,38803.0,38739.0,38786.0,1447,5
1723096800,38786.0,38834.0,38768.0,38797.0,1431,4
1723100400,38794.0,38817.0,38743.0,38784.0,2264,5
1723104000,38787.0,38827.0,38725.0,38737.0,2182,5
1723107600,38734.0,38865.0,38716.0,38811.0,2708,4
1723111200,38811.0,38828.0,38616.0,38668.0,4090,4
1723114800,38668.0,38762.0,38642.0,38749.0,3315,4
1723118400,38749.0,38786.0,38617.0,38672.0,2418,5
1723122000,38672.0,38734.0,38627.0,38691.0,2786,5
1723125600,38691.0,38768.0,38670.0,38757.0,2605,4
1723129200,38757.0,39000.0,38731.0,38928.0,4267,4
1723132800,38928.0,39283.0,38909.0,39259.0,8010,4
1723136400,39260.0,39366.0,39232.0,39350.0,9181,4
1723140000,39351.0,39392.0,39268.0,39314.0,7313,4
1723143600,39314.0,39395.0,39245.0,39303.0,6404,5
1723147200,39304.0,39468.0,39239.0,39452.0,6294,5
1723150800,39451.0,39548.0,39412.0,39451.0,6009,5
1723154400,39446.0,39516.0,39353.0,39484.0,8573,5
1723158000,39487.0,39551.0,39487.0,39505.0,3044,5
1723165200,39487.0,39532.0,39473.0,39493.0,1215,5
1723168800,39493.0,39555.0,39476.0,39515.0,1864,5
1723172400,39514.0,39514.0,39410.0,39467.0,3901,5
1723176000,39467.0,39505.0,39450.0,39484.0,2299,4
1723179600,39486.0,39533.0,39467.0,39528.0,1414,5
1723183200,39528.0,39534.0,39485.0,39527.0,1147,5
1723186800,39527.0,39536.0,39398.0,39412.0,1522,5
1723190400,39411.0,39512.0,39390.0,39494.0,2276,5
1723194000,39496.0,39520.0,39457.0,39492.0,1776,5
1723197600,39493.0,39536.0,39463.0,39532.0,3348,5
1723201200,39532.0,39598.0,39492.0,39584.0,3131,4
1723204800,39584.0,39590.0,39523.0,39556.0,2220,4
1723208400,39555.0,39556.0,39468.0,39480.0,2206,5
1723212000,39480.0,39555.0,39453.0,39477.0,2914,5
1723215600,39477.0,39480.0,39350.0,39397.0,3212,4
1723219200,39398.0,39455.0,39236.0,39352.0,6655,4
1723222800,39350.0,39490.0,39338.0,39466.0,9108,5
1723226400,39468.0,39537.0,39382.0,39395.0,7092,5
1723230000,39396.0,39487.0,39372.0,39485.0,5419,5
1723233600,39486.0,39649.0,39466.0,39476.0,5641,5
1723237200,39478.0,39498.0,39402.0,39474.0,5719,5
1723240800,39472.0,39545.0,39446.0,39512.0,6286,5
1723244400,39509.0,39536.0,39472.0,39486.0,1509,5
1723424400,39521.0,39556.0,39431.0,39487.0,2040,4
1723428000,39487.0,39519.0,39469.0,39508.0,1222,5
1723431600,39508.0,39513.0,39473.0,39488.0,1428,5
1723435200,39486.0,39517.0,39467.0,39496.0,1400,5
1723438800,39496.0,39545.0,39494.0,39535.0,638,5
1723442400,39535.0,39541.0,39480.0,39503.0,811,5
1723446000,39503.0,39534.0,39499.0,39527.0,533,5
1723449600,39527.0,39541.0,39514.0,39534.0,798,5
1723453200,39534.0,39541.0,39493.0,39515.0,1302,5
1723456800,39511.0,39575.0,39497.0,39568.0,2234,4
1723460400,39569.0,39587.0,39497.0,39505.0,1767,5
1723464000,39505.0,39551.0,39503.0,39520.0,1381,5
1723467600,39520.0,39575.0,39506.0,39571.0,1346,5
1723471200,39576.0,39615.0,39560.0,39614.0,1543,5
1723474800,39614.0,39636.0,39578.0,39588.0,1550,4
1723478400,39588.0,39613.0,39263.0,39311.0,6125,4
1723482000,39312.0,39544.0,39293.0,39536.0,6881,5
1723485600,39536.0,39549.0,39307.0,39485.0,7196,4
1723489200,39484.0,39511.0,39359.0,39361.0,5767,4
1723492800,39355.0,39443.0,39286.0,39305.0,6299,5
1723496400,39307.0,39378.0,39301.0,39359.0,4921,5
1723500000,39359.0,39388.0,39298.0,39384.0,4872,4
1723503600,39386.0,39405.0,39364.0,39383.0,1441,5
1723510800,39410.0,39415.0,39392.0,39399.0,756,5
1723514400,39399.0,39427.0,39383.0,39404.0,890,5
1723518000,39405.0,39446.0,39382.0,39428.0,2287,4
1723521600,39429.0,39429.0,39391.0,39408.0,2018,4
1723525200,39409.0,39439.0,39408.0,39439.0,970,5
1723528800,39439.0,39464.0,39434.0,39438.0,1025,4
1723532400,39438.0,39464.0,39438.0,39458.0,814,5
1723536000,39457.0,39472.0,39438.0,39454.0,1018,5
1723539600,39455.0,39495.0,39434.0,39486.0,1455,4
1723543200,39487.0,39543.0,39480.0,39508.0,2821,4
1723546800,39509.0,39519.0,39440.0,39466.0,1908,4
1723550400,39466.0,39488.0,39436.0,39463.0,1675,4
1723554000,39463.0,39468.0,39247.0,39295.0,2930,5
1723557600,39294.0,39381.0,39289.0,39379.0,2077,4
1723561200,39383.0,39548.0,39377.0,39506.0,3538,4
1723564800,39506.0,39667.0,39420.0,39534.0,6713,4
1723568400,39533.0,39562.0,39405.0,39553.0,7142,4
1723572000,39553.0,39629.0,39523.0,39615.0,4000,4
1723575600,39615.0,39763.0,39601.0,39738.0,3841,5
1723579200,39737.0,39737.0,39632.0,39711.0,3598,5
1723582800,39711.0,39771.0,39698.0,39759.0,3160,5
1723586400,39755.0,39826.0,39737.0,39787.0,4388,5
1723590000,39788.0,39794.0,39759.0,39772.0,1628,4
1723597200,39773.0,39797.0,39763.0,39775.0,733,5
1723600800,39775.0,39789.0,39767.0,39783.0,756,5
1723604400,39784.0,39793.0,39770.0,39780.0,1719,5
1723608000,39778.0,39804.0,39775.0,39795.0,1492,5
1723611600,39795.0,39798.0,39751.0,39780.0,2066,4
1723615200,39783.0,39802.0,39779.0,39794.0,987,5
1723618800,39794.0,39815.0,39789.0,39803.0,769,5
1723622400,39803.0,39830.0,39796.0,39825.0,1061,5
1723626000,39821.0,39845.0,39804.0,39827.0,1380,4
1723629600,39827.0,39846.0,39804.0,39810.0,2194,4
1723633200,39814.0,39851.0,39798.0,39849.0,1956,5
1723636800,39849.0,39855.0,39799.0,39802.0,1093,5
1723640400,39802.0,39811.0,39770.0,39802.0,1293,4
1723644000,39802.0,39805.0,39772.0,39786.0,1339,4
1723647600,39787.0,39870.0,39695.0,39827.0,4680,4
1723651200,39827.0,39899.0,39761.0,39835.0,6459,4
1723654800,39837.0,39881.0,39753.0,39853.0,6887,4
1723658400,39854.0,40017.0,39842.0,40013.0,4372,5
1723662000,40013.0,40084.0,39922.0,40016.0,5679,5
1723665600,40016.0,40065.0,39952.0,40049.0,4510,5
1723669200,40049.0,40099.0,39986.0,40091.0,3690,5
1723672800,40092.0,40095.0,39988.0,40016.0,4843,5
1723676400,40015.0,40098.0,40013.0,40073.0,1525,5
1723683600,40069.0,40076.0,40031.0,40053.0,775,4
1723687200,40053.0,40068.0,40022.0,40040.0,866,4
1723690800,40041.0,40084.0,40038.0,40074.0,1690,5
1723694400,40074.0,40096.0,40064.0,40095.0,1631,5
1723698000,40095.0,40119.0,40090.0,40107.0,1167,5
1723701600,40107.0,40111.0,40092.0,40098.0,701,5
1723705200,40098.0,40114.0,40094.0,40099.0,481,5
1723708800,40099.0,40103.0,40084.0,40101.0,937,5
1723712400,40102.0,40130.0,40070.0,40129.0,1212,4
1723716000,40131.0,40140.0,40104.0,40133.0,1865,4
1723719600,40134.0,40142.0,40092.0,40106.0,1498,4
1723723200,40106.0,40127.0,40098.0,40120.0,1103,5
1723726800,40120.0,40132.0,40078.0,40078.0,1515,5
1723730400,40079.0,40166.0,40027.0,40162.0,2156,4
1723734000,40161.0,40433.0,40153.0,40422.0,4485,4
1723737600,40422.0,40573.0,40400.0,40416.0,6918,4
1723741200,40417.0,40446.0,40318.0,40444.0,6704,4
1723744800,40445.0,40525.0,40433.0,40483.0,3735,4
1723748400,40481.0,40570.0,40472.0,40526.0,3460,5
1723752000,40527.0,40552.0,40486.0,40538.0,3013,5
1723755600,40539.0,40594.0,40525.0,40571.0,2634,5
1723759200,40567.0,40623.0,40521.0,40594.0,4096,5
1723762800,40590.0,40630.0,40567.0,40605.0,1803,5
1723770000,40591.0,40647.0,40581.0,40629.0,1019,5
1723773600,40630.0,40647.0,40616.0,40632.0,881,5
1723777200,40632.0,40632.0,40594.0,40619.0,1900,5
1723780800,40620.0,40646.0,40605.0,40637.0,1427,5
1723784400,40637.0,40648.0,40633.0,40641.0,678,5
1723788000,40642.0,40651.0,40633.0,40641.0,505,5
1723791600,40641.0,40644.0,40621.0,40637.0,654,5
1723795200,40638.0,40664.0,40636.0,40655.0,853,5
1723798800,40654.0,40674.0,40647.0,40651.0,1024,5
1723802400,40652.0,40659.0,40615.0,40638.0,1915,4
1723806000,40633.0,40658.0,40607.0,40619.0,1721,5
1723809600,40619.0,40638.0,40600.0,40606.0,1710,5
1723813200,40606.0,40606.0,40544.0,40572.0,1927,5
1723816800,40574.0,40575.0,40527.0,40537.0,1896,5
1723820400,40542.0,40553.0,40438.0,40464.0,3419,5
1723824000,40465.0,40594.0,40459.0,40551.0,5989,4
1723827600,40551.0,40647.0,40459.0,40534.0,6909,4
1723831200,40533.0,40636.0,40529.0,40623.0,4421,5
1723834800,40623.0,40736.0,40616.0,40718.0,2857,4
1723838400,40718.0,40725.0,40670.0,40711.0,2844,5
1723842000,40712.0,40745.0,40665.0,40736.0,2808,5
1723845600,40737.0,40748.0,40664.0,40683.0,3544,4
1723849200,40684.0,40716.0,40683.0,40698.0,1074,5
1724029200,40724.0,40760.0,40706.0,40719.0,1393,4
1724032800,40719.0,40750.0,40719.0,40746.0,806,4
1724036400,40746.0,40766.0,40721.0,40747.0,1632,4
1724040000,40747.0,40749.0,40722.0,40738.0,1310,5
1724043600,40738.0,40744.0,40721.0,40724.0,674,5
1724047200,40724.0,40737.0,40709.0,40714.0,850,5
1724050800,40714.0,40716.0,40679.0,40693.0,994,5
1724054400,40693.0,40706.0,40673.0,40678.0,1451,5
1724058000,40678.0,40686.0,40642.0,40649.0,1260,5
1724061600,40649.0,40694.0,40647.0,40667.0,1842,4
1724065200,40667.0,40737.0,40653.0,40733.0,2177,5
1724068800,40732.0,40733.0,40700.0,40709.0,1487,5
1724072400,40709.0,40720.0,40688.0,40695.0,1337,4
1724076000,40694.0,40701.0,40681.0,40688.0,1123,5
1724079600,40688.0,40718.0,40676.0,40716.0,1206,5
1724083200,40716.0,40838.0,40705.0,40785.0,4762,4
1724086800,40785.0,40924.0,40754.0,40908.0,5313,4
1724090400,40910.0,40911.0,40816.0,40847.0,3295,5
1724094000,40848.0,40946.0,40830.0,40933.0,2700,5
1724097600,40933.0,40935.0,40852.0,40866.0,2248,5
1724101200,40866.0,40897.0,40831.0,40889.0,2427,5
1724104800,40888.0,40926.0,40838.0,40923.0,2936,5
1724108400,40924.0,40929.0,40878.0,40881.0,1079,5
1724115600,40927.0,40934.0,40915.0,40922.0,547,5
1724119200,40922.0,40926.0,40910.0,40915.0,382,5
1724122800,40915.0,40919.0,40898.0,40909.0,685,5
1724126400,40909.0,40922.0,40892.0,40920.0,639,5
1724130000,40920.0,40942.0,40917.0,40941.0,589,5
1724133600,40941.0,40941.0,40908.0,40912.0,491,5
1724137200,40911.0,40928.0,40911.0,40927.0,449,5
1724140800,40927.0,40934.0,40922.0,40929.0,574,5
1724144400,40929.0,40970.0,40913.0,40969.0,898,5
1724148000,40970.0,40991.0,40959.0,40981.0,1558,5
1724151600,40981.0,40981.0,40895.0,40938.0,1502,5
1724155200,40938.0,40945.0,40906.0,40911.0,1126,4
1724158800,40911.0,40931.0,40895.0,40917.0,1166,5
1724162400,40917.0,40926.0,40903.0,40914.0,904,5
1724166000,40914.0,40922.0,40879.0,40893.0,1125,5
1724169600,40894.0,40932.0,40822.0,40887.0,4602,4
1724173200,40888.0,40921.0,40828.0,40872.0,5893,4
1724176800,40872.0,40899.0,40783.0,40890.0,4119,5
1724180400,40892.0,40904.0,40835.0,40865.0,3226,5
1724184000,40865.0,40877.0,40811.0,40853.0,3171,5
1724187600,40853.0,40945.0,40849.0,40866.0,2554,5
1724191200,40866.0,40881.0,40822.0,40859.0,3054,4
1724194800,40863.0,40897.0,40857.0,40869.0,1017,5
1724202000,40871.0,40888.0,40862.0,40883.0,579,5
1724205600,40883.0,40900.0,40879.0,40893.0,546,5
1724209200,40893.0,40923.0,40891.0,40916.0,1035,5
1724212800,40916.0,40917.0,40891.0,40896.0,1004,5
1724216400,40896.0,40913.0,40891.0,40910.0,521,5
1724220000,40910.0,40928.0,40909.0,40917.0,385,5
1724223600,40917.0,40930.0,40914.0,40930.0,304,5
1724227200,40930.0,40935.0,40911.0,40916.0,649,5
1724230800,40916.0,40932.0,40904.0,40929.0,723,5
1724234400,40928.0,40939.0,40910.0,40918.0,1285,5
1724238000,40919.0,40919.0,40886.0,40897.0,1232,5
1724241600,40897.0,40925.0,40894.0,40907.0,982,4
1724245200,40908.0,40931.0,40887.0,40930.0,981,5
1724248800,40928.0,40943.0,40910.0,40932.0,1175,5
1724252400,40932.0,40946.0,40926.0,40930.0,971,5
1724256000,40930.0,40986.0,40869.0,40932.0,4486,4
1724259600,40932.0,41009.0,40764.0,40822.0,7432,5
1724263200,40821.0,40901.0,40776.0,40816.0,5362,5
1724266800,40816.0,40901.0,40774.0,40887.0,3652,5
1724270400,40888.0,40914.0,40875.0,40877.0,2482,5
1724274000,40877.0,40957.0,40855.0,40924.0,4577,5
1724277600,40924.0,40944.0,40838.0,40912.0,4314,5
1724281200,40911.0,40936.0,40901.0,40923.0,1362,5
1724288400,40930.0,40954.0,40917.0,40946.0,607,5
1724292000,40946.0,40953.0,40936.0,40952.0,432,5
1724295600,40952.0,40964.0,40941.0,40944.0,698,5
1724299200,40944.0,40947.0,40930.0,40940.0,581,5
1724302800,40940.0,40942.0,40896.0,40898.0,865,5
1724306400,40898.0,40901.0,40882.0,40889.0,620,5
1724310000,40889.0,40896.0,40881.0,40892.0,386,5
1724313600,40892.0,40910.0,40889.0,40908.0,417,5
1724317200,40908.0,40932.0,40898.0,40930.0,571,5
1724320800,40930.0,40967.0,40925.0,40957.0,1402,5
1724324400,40957.0,40980.0,40949.0,40965.0,975,5
1724328000,40965.0,40986.0,40947.0,40949.0,771,5
1724331600,40949.0,40978.0,40947.0,40957.0,935,5
1724335200,40957.0,40967.0,40935.0,40956.0,1191,5
1724338800,40956.0,40977.0,40910.0,40971.0,2036,5
1724342400,40971.0,41059.0,40886.0,40921.0,5176,5
1724346000,40921.0,40941.0,40800.0,40854.0,6379,5
1724349600,40855.0,40886.0,40716.0,40744.0,5759,5
1724353200,40744.0,40902.0,40717.0,40733.0,4938,5
1724356800,40733.0,40772.0,40604.0,40617.0,5823,5
1724360400,40615.0,40745.0,40606.0,40682.0,4850,5
1724364000,40686.0,40764.0,40671.0,40760.0,5705,5
1724367600,40757.0,40777.0,40734.0,40758.0,1720,5
1724374800,40770.0,40809.0,40764.0,40802.0,621,5
1724378400,40802.0,40810.0,40792.0,40810.0,535,5
1724382000,40811.0,40821.0,40798.0,40802.0,955,5
1724385600,40802.0,40809.0,40793.0,40802.0,872,5
1724389200,40802.0,40829.0,40793.0,40825.0,573,5
1724392800,40825.0,40842.0,40821.0,40827.0,433,5
1724396400,40827.0,40840.0,40825.0,40832.0,332,5
1724400000,40832.0,40842.0,40830.0,40841.0,443,5
1724403600,40841.0,40860.0,40840.0,40847.0,595,5
1724407200,40850.0,40863.0,40834.0,40839.0,1034,5
1724410800,40839.0,40878.0,40828.0,40876.0,979,5
1724414400,40876.0,40895.0,40861.0,40878.0,744,5
1724418000,40878.0,40916.0,40868.0,40910.0,899,5
1724421600,40910.0,40919.0,40891.0,40915.0,956,5
1724425200,40915.0,40947.0,40905.0,40943.0,1214,5
1724428800,40943.0,40981.0,40860.0,40924.0,4412,5
1724432400,40924.0,41178.0,40924.0,41078.0,10078,5
1724436000,41077.0,41230.0,41039.0,41056.0,7993,2
1724439600,41062.0,41066.0,40855.0,40999.0,7197,5
1724443200,40997.0,41095.0,40983.0,41076.0,4806,5
1724446800,41076.0,41115.0,41060.0,41098.0,4056,5
1724450400,41095.0,41233.0,41074.0,41186.0,4985,5
1724454000,41183.0,41211.0,41172.0,41197.0,1292,5
1724634000,41193.0,41266.0,41180.0,41184.0,1537,5
1724637600,41185.0,41196.0,41171.0,41191.0,1149,5
1724641200,41191.0,41225.0,41172.0,41219.0,1376,5
1724644800,41219.0,41236.0,41203.0,41205.0,1175,5
1724648400,41205.0,41211.0,41191.0,41193.0,743,5
1724652000,41193.0,41208.0,41175.0,41178.0,715,5
1724655600,41178.0,41189.0,41178.0,41185.0,444,5
1724659200,41185.0,41199.0,41174.0,41190.0,572,5
1724662800,41190.0,41203.0,41179.0,41189.0,842,5
1724666400,41189.0,41228.0,41186.0,41227.0,1499,5
1724670000,41227.0,41268.0,41214.0,41249.0,1354,5
1724673600,41249.0,41253.0,41216.0,41230.0,1108,5
1724677200,41230.0,41255.0,41223.0,41255.0,1165,5
1724680800,41254.0,41265.0,41224.0,41256.0,1572,5
1724684400,41256.0,41292.0,41249.0,41289.0,1786,5
1724688000,41289.0,41429.0,41259.0,41404.0,5360,5
1724691600,41405.0,41463.0,41308.0,41334.0,7063,5
1724695200,41333.0,41336.0,41208.0,41229.0,5552,5
1724698800,41229.0,41329.0,41212.0,41322.0,3821,5
1724702400,41322.0,41347.0,41169.0,41203.0,4429,5
1724706000,41203.0,41281.0,41182.0,41265.0,3983,5
1724709600,41265.0,41285.0,41232.0,41283.0,3917,5
1724713200,41280.0,41287.0,41231.0,41241.0,1406,5
1724720400,41230.0,41253.0,41204.0,41216.0,913,5
1724724000,41216.0,41257.0,41215.0,41253.0,873,5
1724727600,41254.0,41270.0,41227.0,41232.0,1395,5
1724731200,41233.0,41254.0,41225.0,41248.0,1180,5
1724734800,41248.0,41269.0,41241.0,41262.0,788,5
1724738400,41262.0,41265.0,41251.0,41253.0,531,5
1724742000,41253.0,41261.0,41245.0,41257.0,414,5
1724745600,41257.0,41272.0,41255.0,41270.0,530,5
1724749200,41270.0,41281.0,41255.0,41276.0,884,5
1724752800,41276.0,41296.0,41262.0,41294.0,1616,5
1724756400,41291.0,41329.0,41291.0,41298.0,1096,5
1724760000,41298.0,41305.0,41270.0,41271.0,814,5
1724763600,41271.0,41273.0,41205.0,41232.0,1384,5
1724767200,41232.0,41275.0,41221.0,41248.0,1587,5
1724770800,41248.0,41248.0,41152.0,41170.0,2023,5
1724774400,41170.0,41298.0,41123.0,41217.0,6489,5
1724778000,41216.0,41283.0,41171.0,41265.0,6301,5
1724781600,41265.0,41296.0,41154.0,41217.0,4591,5
1724785200,41215.0,41228.0,41131.0,41198.0,3480,5
1724788800,41198.0,41277.0,41196.0,41258.0,3043,4
1724792400,41258.0,41289.0,41247.0,41274.0,2822,4
1724796000,41274.0,41306.0,41249.0,41287.0,3468,4
1724799600,41285.0,41306.0,41279.0,41281.0,853,5
1724806800,41296.0,41303.0,41244.0,41260.0,1227,5
1724810400,41260.0,41278.0,41239.0,41268.0,833,4
1724814000,41269.0,41285.0,41264.0,41281.0,833,5
1724817600,41281.0,41289.0,41265.0,41282.0,919,5
1724821200,41282.0,41302.0,41273.0,41293.0,802,5
1724824800,41292.0,41303.0,41291.0,41297.0,408,5
1724828400,41297.0,41311.0,41296.0,41302.0,329,5
1724832000,41302.0,41306.0,41292.0,41305.0,526,5
1724835600,41305.0,41319.0,41297.0,41318.0,527,5
1724839200,41318.0,41319.0,41296.0,41314.0,957,5
1724842800,41315.0,41315.0,41290.0,41297.0,818,4
1724846400,41297.0,41304.0,41284.0,41301.0,609,5
1724850000,41302.0,41310.0,41284.0,41289.0,719,5
1724853600,41287.0,41311.0,41263.0,41268.0,1089,5
1724857200,41267.0,41278.0,41244.0,41272.0,1311,5
1724860800,41272.0,41391.0,41197.0,41331.0,5130,4
1724864400,41331.0,41372.0,41262.0,41309.0,6291,4
1724868000,41307.0,41349.0,41128.0,41153.0,6248,5
1724871600,41150.0,41174.0,41037.0,41132.0,5070,5
1724875200,41133.0,41163.0,40884.0,40891.0,4689,5
1724878800,40892.0,41081.0,40861.0,41078.0,5613,5
1724882400,41076.0,41163.0,40980.0,41123.0,6710,5
1724886000,41126.0,41201.0,41057.0,41190.0,5391,4
1724893200,41182.0,41204.0,41084.0,41110.0,2668,5
1724896800,41109.0,41128.0,41094.0,41112.0,1166,5
1724900400,41111.0,41176.0,41105.0,41172.0,1805,5
1724904000,41172.0,41178.0,41149.0,41165.0,1428,5
1724907600,41165.0,41207.0,41159.0,41204.0,1089,5
1724911200,41204.0,41218.0,41198.0,41206.0,748,5
1724914800,41206.0,41220.0,41204.0,41219.0,773,5
1724918400,41219.0,41244.0,41214.0,41233.0,1126,5
1724922000,41233.0,41261.0,41218.0,41260.0,1433,5
1724925600,41258.0,41300.0,41253.0,41290.0,2115,5
1724929200,41288.0,41312.0,41251.0,41308.0,2494,5
1724932800,41308.0,41327.0,41291.0,41307.0,1877,5
1724936400,41308.0,41335.0,41300.0,41327.0,1767,5
1724940000,41327.0,41381.0,41315.0,41373.0,1860,5
1724943600,41373.0,41427.0,41347.0,41379.0,3175,5
1724947200,41379.0,41438.0,41104.0,41221.0,6982,5
1724950800,41221.0,41425.0,41220.0,41326.0,8070,5
1724954400,41329.0,41492.0,41329.0,41488.0,5612,5
1724958000,41487.0,41613.0,41485.0,41582.0,4384,5
1724961600,41583.0,41605.0,41517.0,41599.0,4020,5
1724965200,41598.0,41603.0,41288.0,41378.0,7130,5
1724968800,41377.0,41480.0,41329.0,41367.0,7973,5
1724972400,41364.0,41430.0,41364.0,41414.0,1580,5
1724979600,41399.0,41409.0,41352.0,41363.0,1081,5
1724983200,41364.0,41375.0,41348.0,41349.0,777,5
1724986800,41349.0,41377.0,41319.0,41366.0,1647,5
1724990400,41366.0,41383.0,41351.0,41356.0,1262,5
1724994000,41356.0,41389.0,41351.0,41387.0,822,5
1724997600,41387.0,41388.0,41349.0,41367.0,688,5
1725001200,41367.0,41378.0,41354.0,41372.0,567,5
1725004800,41372.0,41384.0,41358.0,41367.0,879,5
1725008400,41367.0,41398.0,41354.0,41354.0,1265,5
1725012000,41354.0,41429.0,41354.0,41415.0,1767,5
1725015600,41415.0,41447.0,41407.0,41408.0,1332,5
1725019200,41408.0,41436.0,41402.0,41436.0,781,5
1725022800,41436.0,41454.0,41398.0,41454.0,1023,5
1725026400,41455.0,41463.0,41423.0,41444.0,1178,5
1725030000,41444.0,41469.0,41388.0,41392.0,2412,5
1725033600,41391.0,41511.0,41326.0,41403.0,6027,5
1725037200,41403.0,41460.0,41358.0,41358.0,7443,5
1725040800,41356.0,41396.0,41224.0,41265.0,6321,5
1725044400,41264.0,41307.0,41146.0,41264.0,5889,5
1725048000,41263.0,41310.0,41216.0,41255.0,4546,5
1725051600,41256.0,41366.0,41242.0,41339.0,3929,5
1725055200,41337.0,41589.0,41301.0,41548.0,5659,5
1725058800,41547.0,41568.0,41509.0,41553.0,2025,5
1725238800,41555.0,41579.0,41552.0,41554.0,722,5
1725242400,41554.0,41571.0,41550.0,41558.0,603,5
1725246000,41558.0,41568.0,41548.0,41557.0,1028,5
1725249600,41558.0,41585.0,41556.0,41579.0,637,5
1725253200,41579.0,41579.0,41546.0,41559.0,697,5
1725256800,41559.0,41566.0,41540.0,41553.0,581,5
1725260400,41553.0,41560.0,41536.0,41560.0,508,5
1725264000,41560.0,41574.0,41551.0,41556.0,418,5
1725267600,41556.0,41563.0,41528.0,41529.0,936,5
1725271200,41529.0,41538.0,41442.0,41498.0,2199,5
1725274800,41498.0,41544.0,41479.0,41535.0,1421,5
1725278400,41535.0,41553.0,41524.0,41543.0,780,5
1725282000,41543.0,41546.0,41515.0,41517.0,665,5
1725285600,41517.0,41541.0,41517.0,41539.0,647,5
1725289200,41539.0,41551.0,41533.0,41547.0,579,5
1725292800,41547.0,41554.0,41524.0,41525.0,1111,5
1725296400,41525.0,41586.0,41489.0,41574.0,1381,5
1725300000,41574.0,41575.0,41541.0,41553.0,1007,5
1725303600,41553.0,41569.0,41534.0,41568.0,758,5
1725325200,41561.0,41568.0,41509.0,41518.0,832,5
1725328800,41518.0,41527.0,41492.0,41515.0,1277,5
1725332400,41515.0,41531.0,41502.0,41517.0,1082,5
1725336000,41517.0,41546.0,41517.0,41543.0,850,5
1725339600,41543.0,41544.0,41506.0,41510.0,585,5
1725343200,41509.0,41512.0,41477.0,41510.0,1096,5
1725346800,41511.0,41511.0,41494.0,41496.0,551,5
1725350400,41496.0,41522.0,41496.0,41521.0,851,4
1725354000,41521.0,41534.0,41488.0,41517.0,1299,4
1725357600,41515.0,41550.0,41515.0,41542.0,1666,4
1725361200,41542.0,41546.0,41438.0,41438.0,1641,4
1725364800,41438.0,41449.0,41380.0,41383.0,1954,5
1725368400,41383.0,41388.0,41347.0,41381.0,1757,4
1725372000,41381.0,41400.0,41353.0,41372.0,1742,5
1725375600,41372.0,41387.0,41340.0,41344.0,2178,5
1725379200,41344.0,41454.0,41227.0,41314.0,7010,5
1725382800,41314.0,41314.0,41066.0,41119.0,9048,5
1725386400,41120.0,41193.0,41098.0,41126.0,6179,5
1725390000,41126.0,41173.0,41066.0,41072.0,4832,5
1725393600,41072.0,41157.0,41068.0,41072.0,4557,5
1725397200,41071.0,41072.0,40944.0,40960.0,5115,5
1725400800,40958.0,41010.0,40793.0,40957.0,6690,5
1725404400,40959.0,40972.0,40911.0,40957.0,2625,5
1725411600,40949.0,40961.0,40903.0,40933.0,1735,5
1725415200,40934.0,40952.0,40897.0,40930.0,1455,5
1725418800,40930.0,40962.0,40797.0,40814.0,3324,5
1725422400,40814.0,40900.0,40791.0,40868.0,3612,5
1725426000,40868.0,40889.0,40832.0,40845.0,2821,5
1725429600,40845.0,40868.0,40806.0,40823.0,2145,5
1725433200,40822.0,40854.0,40806.0,40815.0,1568,5
1725436800,40815.0,40831.0,40790.0,40799.0,2416,5
1725440400,40799.0,40852.0,40784.0,40788.0,2837,5
1725444000,40792.0,40910.0,40792.0,40891.0,4170,4
1725447600,40891.0,40930.0,40837.0,40866.0,2224,5
1725451200,40866.0,40900.0,40848.0,40872.0,1935,5
1725454800,40872.0,40888.0,40845.0,40865.0,1792,5
1725458400,40866.0,40911.0,40858.0,40874.0,2130,5
1725462000,40874.0,40921.0,40867.0,40906.0,2418,5
1725465600,40902.0,41093.0,40887.0,41060.0,6531,5
1725469200,41060.0,41165.0,40938.0,41162.0,9897,5
1725472800,41163.0,41193.0,40984.0,41010.0,7680,5
1725476400,41009.0,41048.0,40941.0,40968.0,6658,5
1725480000,40968.0,40970.0,40855.0,40884.0,5930,5
1725483600,40883.0,40971.0,40870.0,40887.0,5523,5
1725487200,40888.0,41026.0,40861.0,40976.0,6747,5
1725490800,40975.0,40986.0,40923.0,40962.0,1903,5
1725498000,40969.0,40993.0,40967.0,40978.0,943,5
1725501600,40978.0,40982.0,40902.0,40950.0,1676,5
1725505200,40952.0,41028.0,40949.0,41008.0,2241,5
1725508800,41009.0,41033.0,41000.0,41013.0,1551,5
1725512400,41013.0,41019.0,40986.0,41008.0,1355,5
1725516000,41008.0,41011.0,40949.0,40957.0,1865,5
1725519600,40957.0,40969.0,40947.0,40959.0,1045,5
1725523200,40959.0,40989.0,40940.0,40971.0,1576,5
1725526800,40971.0,40985.0,40925.0,40933.0,1756,5
1725530400,40933.0,41058.0,40914.0,41056.0,2966,5
1725534000,41056.0,41061.0,41020.0,41046.0,1761,5
1725537600,41046.0,41053.0,40989.0,41012.0,2138,5
1725541200,41012.0,41031.0,41002.0,41029.0,1765,5
1725544800,41029.0,41052.0,40996.0,41004.0,2274,5
1725548400,41004.0,41052.0,40950.0,40996.0,5046,5
1725552000,40996.0,41109.0,40846.0,40891.0,6640,5
1725555600,40891.0,41023.0,40796.0,40818.0,8521,5
1725559200,40817.0,40838.0,40599.0,40604.0,7483,5
1725562800,40603.0,40721.0,40534.0,40690.0,5317,5
1725566400,40690.0,40841.0,40641.0,40840.0,5203,5
1725570000,40841.0,40891.0,40804.0,40824.0,4560,5
1725573600,40824.0,40834.0,40699.0,40783.0,6442,5
1725577200,40784.0,40826.0,40778.0,40809.0,2756,5
1725584400,40822.0,40831.0,40783.0,40816.0,981,5
1725588000,40815.0,40821.0,40789.0,40820.0,849,5
1725591600,40819.0,40822.0,40758.0,40759.0,2202,5
1725595200,40759.0,40813.0,40716.0,40807.0,1960,5
1725598800,40806.0,40822.0,40801.0,40815.0,1204,5
1725602400,40814.0,40825.0,40795.0,40796.0,887,5
1725606000,40796.0,40811.0,40789.0,40804.0,923,5
1725609600,40804.0,40808.0,40747.0,40786.0,1668,5
1725613200,40786.0,40805.0,40738.0,40740.0,2128,5
1725616800,40739.0,40744.0,40563.0,40631.0,4340,5
1725620400,40631.0,40681.0,40598.0,40625.0,2558,5
1725624000,40625.0,40656.0,40592.0,40653.0,2529,5
1725627600,40650.0,40661.0,40611.0,40622.0,1651,5
1725631200,40621.0,40648.0,40604.0,40643.0,1950,5
1725634800,40643.0,40816.0,40610.0,40770.0,6198,5
1725638400,40772.0,41025.0,40748.0,40900.0,8901,5
1725642000,40901.0,40913.0,40451.0,40477.0,10043,5
1725645600,40478.0,40748.0,40346.0,40375.0,10910,5
1725649200,40376.0,40431.0,40310.0,40366.0,6963,5
1725652800,40366.0,40461.0,40331.0,40391.0,6404,5
1725656400,40391.0,40408.0,40292.0,40372.0,5597,5
1725660000,40373.0,40448.0,40316.0,40360.0,6824,5
1725663600,40362.0,40362.0,40209.0,40264.0,2954,5
1725843600,40317.0,40362.0,40291.0,40348.0,1923,5
1725847200,40347.0,40380.0,40323.0,40364.0,1873,5
1725850800,40364.0,40422.0,40362.0,40402.0,2630,5
1725854400,40402.0,40452.0,40402.0,40438.0,2170,5
1725858000,40438.0,40452.0,40423.0,40442.0,1306,5
1725861600,40442.0,40461.0,40442.0,40458.0,845,5
1725865200,40458.0,40511.0,40454.0,40491.0,1362,5
1725868800,40492.0,40492.0,40462.0,40474.0,1766,5
1725872400,40474.0,40511.0,40469.0,40509.0,1746,5
1725876000,40510.0,40582.0,40509.0,40579.0,2969,5
1725879600,40579.0,40582.0,40524.0,40553.0,2234,5
1725883200,40553.0,40616.0,40546.0,40614.0,1873,5
1725886800,40614.0,40651.0,40607.0,40636.0,1609,5
1725890400,40637.0,40678.0,40623.0,40640.0,1950,5
1725894000,40640.0,40656.0,40592.0,40650.0,2099,5
1725897600,40650.0,40714.0,40539.0,40675.0,6598,5
1725901200,40677.0,40826.0,40661.0,40738.0,7740,5
1725904800,40737.0,40947.0,40682.0,40907.0,5972,5
1725908400,40906.0,41027.0,40892.0,41005.0,3693,5
1725912000,41006.0,41015.0,40818.0,40826.0,4113,5
1725915600,40823.0,40847.0,40746.0,40797.0,4949,5
1725919200,40797.0,40878.0,40751.0,40843.0,5266,5
1725922800,40845.0,40884.0,40837.0,40859.0,1517,5
1725930000,40861.0,40880.0,40835.0,40841.0,962,5
1725933600,40841.0,40869.0,40835.0,40845.0,1006,5
1725937200,40845.0,40852.0,40781.0,40843.0,2721,5
1725940800,40842.0,40848.0,40809.0,40836.0,1829,5
1725944400,40836.0,40837.0,40794.0,40818.0,1421,5
1725948000,40819.0,40823.0,40797.0,40810.0,1152,5
1725951600,40810.0,40820.0,40772.0,40781.0,1046,5
1725955200,40781.0,40798.0,40765.0,40786.0,1521,5
1725958800,40785.0,40796.0,40753.0,40790.0,1653,5
1725962400,40791.0,40878.0,40759.0,40875.0,2689,5
1725966000,40875.0,40908.0,40820.0,40826.0,2339,5
1725969600,40826.0,40850.0,40743.0,40832.0,2476,5
1725973200,40832.0,40868.0,40784.0,40809.0,2373,5
1725976800,40807.0,40842.0,40791.0,40831.0,2676,5
1725980400,40831.0,40898.0,40809.0,40894.0,1931,5
1725984000,40893.0,40951.0,40727.0,40752.0,6240,5
1725987600,40751.0,40759.0,40567.0,40658.0,8981,5
1725991200,40657.0,40744.0,40489.0,40493.0,7027,5
1725994800,40492.0,40605.0,40426.0,40559.0,6017,5
1725998400,40559.0,40688.0,40549.0,40657.0,4851,5
1726002000,40657.0,40744.0,40656.0,40739.0,4190,5
1726005600,40739.0,40771.0,40691.0,40753.0,4355,5
1726009200,40751.0,40789.0,40725.0,40761.0,1159,5
1726016400,40752.0,40752.0,40731.0,40750.0,510,5
1726020000,40750.0,40765.0,40723.0,40738.0,675,5
1726023600,40738.0,40747.0,40695.0,40701.0,1836,5
1726027200,40701.0,40720.0,40627.0,40645.0,3271,5
1726030800,40645.0,40655.0,40629.0,40639.0,1964,5
1726034400,40639.0,40648.0,40589.0,40612.0,1824,5
1726038000,40612.0,40615.0,40589.0,40604.0,1410,5
1726041600,40604.0,40605.0,40566.0,40592.0,1915,5
1726045200,40588.0,40659.0,40584.0,40631.0,2100,5
1726048800,40631.0,40682.0,40628.0,40651.0,3349,5
1726052400,40649.0,40657.0,40574.0,40583.0,2326,5
1726056000,40580.0,40621.0,40553.0,40617.0,2265,5
1726059600,40617.0,40634.0,40591.0,40616.0,1814,5
1726063200,40619.0,40671.0,40594.0,40658.0,1568,5
1726066800,40658.0,40667.0,40462.0,40597.0,4943,5
1726070400,40598.0,40654.0,40236.0,40242.0,7791,5
1726074000,40239.0,40273.0,40005.0,40118.0,9602,5
1726077600,40119.0,40341.0,40077.0,40276.0,7539,5
1726081200,40274.0,40499.0,40259.0,40485.0,6833,5
1726084800,40487.0,40700.0,40487.0,40631.0,6058,5
1726088400,40631.0,40818.0,40604.0,40733.0,5924,5
1726092000,40731.0,40920.0,40717.0,40845.0,6636,5
1726095600,40850.0,40878.0,40838.0,40842.0,1966,5
1726102800,40858.0,40864.0,40841.0,40858.0,696,5
1726106400,40859.0,40863.0,40848.0,40855.0,604,5
1726110000,40855.0,40887.0,40849.0,40857.0,1302,5
1726113600,40857.0,40885.0,40842.0,40877.0,1847,5
1726117200,40876.0,40894.0,40866.0,40877.0,1188,5
1726120800,40877.0,40913.0,40867.0,40910.0,991,5
1726124400,40910.0,40925.0,40904.0,40925.0,593,5
1726128000,40925.0,40949.0,40919.0,40942.0,989,5
1726131600,40940.0,40954.0,40898.0,40899.0,1334,5
1726135200,40899.0,40990.0,40899.0,40940.0,3543,5
1726138800,40940.0,40959.0,40903.0,40932.0,3031,5
1726142400,40932.0,40976.0,40923.0,40941.0,1925,5
1726146000,40941.0,40970.0,40936.0,40952.0,1728,5
1726149600,40951.0,40961.0,40933.0,40954.0,1739,5
1726153200,40955.0,41008.0,40903.0,40916.0,4202,5
1726156800,40915.0,41013.0,40708.0,40714.0,7933,5
1726160400,40712.0,40900.0,40677.0,40753.0,9229,5
1726164000,40752.0,40889.0,40732.0,40801.0,8229,5
1726167600,40803.0,40993.0,40786.0,40980.0,5556,5
1726171200,40981.0,41108.0,40977.0,41074.0,4714,5
1726174800,41075.0,41103.0,40897.0,41035.0,6372,5
1726178400,41033.0,41132.0,41005.0,41128.0,5956,5
1726182000,41127.0,41132.0,41089.0,41092.0,1843,5
1726189200,41110.0,41142.0,41105.0,41134.0,490,5
1726192800,41134.0,41168.0,41134.0,41152.0,691,5
1726196400,41152.0,41182.0,41150.0,41169.0,1440,5
1726200000,41169.0,41174.0,41144.0,41154.0,1247,5
1726203600,41154.0,41158.0,41120.0,41128.0,859,5
1726207200,41128.0,41161.0,41126.0,41151.0,715,5
1726210800,41151.0,41157.0,41143.0,41147.0,569,5
1726214400,41147.0,41182.0,41132.0,41133.0,1008,5
1726218000,41134.0,41145.0,41123.0,41130.0,1020,5
1726221600,41129.0,41217.0,41129.0,41170.0,2311,5
1726225200,41164.0,41166.0,41120.0,41146.0,2185,5
1726228800,41146.0,41214.0,41142.0,41188.0,1605,5
1726232400,41189.0,41213.0,41184.0,41210.0,1289,5
1726236000,41204.0,41211.0,41154.0,41180.0,1554,5
1726239600,41179.0,41225.0,41150.0,41207.0,2046,5
1726243200,41207.0,41358.0,41150.0,41349.0,5962,5
1726246800,41362.0,41482.0,41254.0,41400.0,7753,5
1726250400,41399.0,41550.0,41359.0,41522.0,5625,5
1726254000,41523.0,41536.0,41362.0,41403.0,5062,5
1726257600,41401.0,41519.0,41400.0,41438.0,3695,5
1726261200,41438.0,41482.0,41344.0,41408.0,5111,5
1726264800,41407.0,41465.0,41376.0,41436.0,3854,5
1726268400,41435.0,41458.0,41405.0,41423.0,1185,5
1726448400,41409.0,41438.0,41401.0,41428.0,809,5
1726452000,41427.0,41475.0,41427.0,41474.0,527,5
1726455600,41474.0,41477.0,41455.0,41463.0,611,5
1726459200,41462.0,41469.0,41431.0,41468.0,654,5
1726462800,41467.0,41472.0,41459.0,41468.0,366,5
1726466400,41468.0,41475.0,41460.0,41472.0,404,5
1726470000,41472.0,41473.0,41462.0,41463.0,246,5
1726473600,41463.0,41467.0,41448.0,41457.0,380,5
1726477200,41457.0,41458.0,41413.0,41421.0,665,5
1726480800,41420.0,41456.0,41402.0,41456.0,1257,5
1726484400,41455.0,41495.0,41441.0,41495.0,1161,5
1726488000,41495.0,41534.0,41493.0,41501.0,911,5
1726491600,41501.0,41529.0,41492.0,41523.0,1031,5
1726495200,41519.0,41550.0,41511.0,41549.0,1016,5
1726498800,41549.0,41550.0,41507.0,41535.0,1497,5
1726502400,41534.0,41790.0,41518.0,41770.0,6108,5
1726506000,41769.0,41769.0,41501.0,41573.0,7344,5
1726509600,41569.0,41603.0,41496.0,41563.0,5182,5
1726513200,41564.0,41592.0,41508.0,41568.0,3827,5
1726516800,41569.0,41631.0,41539.0,41627.0,3205,5
1726520400,41627.0,41689.0,41610.0,41687.0,2935,5
1726524000,41686.0,41704.0,41626.0,41667.0,3599,5
1726527600,41672.0,41672.0,41639.0,41639.0,944,5
1726534800,41652.0,41680.0,41650.0,41668.0,633,4
1726538400,41668.0,41675.0,41647.0,41653.0,507,4
1726542000,41650.0,41666.0,41629.0,41633.0,808,5
1726545600,41633.0,41655.0,41627.0,41652.0,669,5
1726549200,41652.0,41652.0,41632.0,41643.0,509,5
1726552800,41643.0,41648.0,41630.0,41641.0,415,5
1726556400,41641.0,41656.0,41635.0,41655.0,404,4
1726560000,41655.0,41664.0,41649.0,41664.0,479,5
1726563600,41665.0,41694.0,41662.0,41693.0,529,4
1726567200,41692.0,41739.0,41685.0,41713.0,1248,4
1726570800,41711.0,41749.0,41711.0,41742.0,1003,5
1726574400,41742.0,41777.0,41740.0,41767.0,899,5
1726578000,41767.0,41796.0,41764.0,41767.0,956,5
1726581600,41768.0,41813.0,41738.0,41794.0,1130,5
1726585200,41795.0,41816.0,41773.0,41809.0,2311,5
1726588800,41809.0,41836.0,41687.0,41702.0,6049,5
1726592400,41699.0,41885.0,41693.0,41761.0,7722,5
1726596000,41767.0,41865.0,41759.0,41780.0,5894,5
1726599600,41778.0,41796.0,41528.0,41598.0,6455,5
1726603200,41600.0,41698.0,41544.0,41676.0,6285,5
1726606800,41670.0,41717.0,41566.0,41634.0,5528,5
1726610400,41633.0,41684.0,41575.0,41681.0,5186,5
1726614000,41679.0,41718.0,41669.0,41687.0,1010,5
1726621200,41689.0,41702.0,41677.0,41696.0,336,5
1726624800,41695.0,41720.0,41688.0,41713.0,381,5
1726628400,41716.0,41719.0,41699.0,41714.0,625,5
1726632000,41715.0,41734.0,41706.0,41729.0,525,5
1726635600,41729.0,41735.0,41723.0,41731.0,333,5
1726639200,41731.0,41732.0,41709.0,41712.0,419,5
1726642800,41712.0,41729.0,41708.0,41715.0,439,5
1726646400,41713.0,41734.0,41705.0,41731.0,592,5
1726650000,41730.0,41760.0,41723.0,41735.0,665,5
1726653600,41736.0,41745.0,41693.0,41693.0,1152,5
1726657200,41693.0,41722.0,41686.0,41717.0,1103,5
1726660800,41717.0,41746.0,41701.0,41739.0,660,5
1726664400,41739.0,41746.0,41724.0,41724.0,557,5
1726668000,41725.0,41732.0,41705.0,41705.0,700,5
1726671600,41706.0,41739.0,41681.0,41725.0,1101,5
1726675200,41725.0,41732.0,41546.0,41564.0,5183,5
1726678800,41563.0,41630.0,41535.0,41584.0,6321,5
1726682400,41588.0,41631.0,41575.0,41579.0,4364,5
1726686000,41576.0,41690.0,41548.0,41683.0,3426,5
1726689600,41683.0,41747.0,41630.0,41658.0,3481,5
1726693200,41788.0,42055.0,41648.0,41703.0,11640,4
1726696800,41697.0,41835.0,41504.0,41565.0,12235,4
1726700400,41573.0,41647.0,41557.0,41621.0,2358,4
1726707600,41636.0,41684.0,41620.0,41661.0,902,4
1726711200,41663.0,41763.0,41623.0,41763.0,1307,5
1726714800,41762.0,41814.0,41656.0,41668.0,2680,4
1726718400,41670.0,41710.0,41631.0,41709.0,1686,5
1726722000,41709.0,41827.0,41709.0,41814.0,1543,5
1726725600,41814.0,41845.0,41793.0,41840.0,1379,5
1726729200,41842.0,41843.0,41814.0,41827.0,735,5
1726732800,41828.0,41831.0,41795.0,41819.0,907,5
1726736400,41816.0,41859.0,41796.0,41846.0,1313,5
1726740000,41848.0,41916.0,41806.0,41914.0,2063,5
1726743600,41907.0,41978.0,41891.0,41968.0,1872,5
1726747200,41969.0,42056.0,41963.0,42034.0,1489,5
1726750800,42034.0,42074.0,42024.0,42051.0,1277,5
1726754400,42053.0,42096.0,42021.0,42059.0,1444,5
1726758000,42060.0,42083.0,42018.0,42021.0,1811,5
1726761600,42020.0,42170.0,41926.0,42055.0,6649,5
1726765200,42050.0,42124.0,41924.0,41958.0,8895,5
1726768800,41959.0,42022.0,41884.0,41978.0,6511,5
1726772400,41979.0,42151.0,41972.0,42092.0,4813,5
1726776000,42093.0,42237.0,42083.0,42200.0,4383,5
1726779600,42200.0,42223.0,42070.0,42152.0,5351,5
1726783200,42150.0,42177.0,42049.0,42095.0,6112,5
1726786800,42092.0,42140.0,42067.0,42119.0,1512,5
1726794000,42115.0,42130.0,42090.0,42111.0,654,5
1726797600,42111.0,42124.0,42095.0,42099.0,507,5
1726801200,42098.0,42105.0,42071.0,42083.0,865,5
1726804800,42083.0,42106.0,42081.0,42101.0,530,5
1726808400,42100.0,42110.0,42076.0,42082.0,510,5
1726812000,42082.0,42100.0,42071.0,42095.0,588,5
1726815600,42095.0,42106.0,42089.0,42102.0,449,5
1726819200,42102.0,42103.0,42072.0,42088.0,592,5
1726822800,42088.0,42102.0,42073.0,42077.0,852,5
1726826400,42078.0,42104.0,42054.0,42094.0,1497,5
1726830000,42095.0,42104.0,42075.0,42090.0,1177,5
1726833600,42090.0,42109.0,42083.0,42103.0,955,5
1726837200,42106.0,42144.0,42090.0,42123.0,1065,5
1726840800,42124.0,42124.0,42073.0,42091.0,1002,5
1726844400,42091.0,42133.0,42091.0,42128.0,1395,5
1726848000,42127.0,42128.0,41951.0,41972.0,6263,5
1726851600,41971.0,42054.0,41908.0,41998.0,7037,5
1726855200,41996.0,42038.0,41933.0,42001.0,5837,5
1726858800,42000.0,42155.0,41978.0,42129.0,4185,5
1726862400,42129.0,42193.0,42119.0,42144.0,3692,5
1726866000,42144.0,42146.0,41966.0,42046.0,4960,5
1726869600,42047.0,42173.0,42004.0,42103.0,5554,5
1726873200,42102.0,42103.0,42044.0,42092.0,1510,5
1727053200,42119.0,42128.0,42069.0,42106.0,602,5
1727056800,42105.0,42135.0,42101.0,42133.0,399,5
1727060400,42133.0,42179.0,42120.0,42170.0,715,5
1727064000,42170.0,42190.0,42166.0,42178.0,572,5
1727067600,42178.0,42190.0,42168.0,42182.0,574,5
1727071200,42183.0,42196.0,42177.0,42179.0,398,5
1727074800,42179.0,42193.0,42179.0,42190.0,361,5
1727078400,42190.0,42196.0,42174.0,42178.0,448,5
1727082000,42178.0,42180.0,42132.0,42134.0,682,5
1727085600,42133.0,42135.0,41993.0,42095.0,2433,5
1727089200,42098.0,42128.0,42078.0,42121.0,1824,5
1727092800,42122.0,42144.0,42085.0,42143.0,1222,5
1727096400,42143.0,42157.0,42128.0,42128.0,877,5
1727100000,42130.0,42149.0,42108.0,42141.0,1220,5
1727103600,42141.0,42166.0,42121.0,42159.0,1169,5
1727107200,42159.0,42232.0,42063.0,42070.0,5725,5
1727110800,42072.0,42205.0,42053.0,42178.0,7075,5
1727114400,42178.0,42178.0,42097.0,42127.0,4930,5
1727118000,42127.0,42155.0,42075.0,42123.0,4690,5
1727121600,42121.0,42181.0,42087.0,42172.0,3617,5
1727125200,42171.0,42197.0,42150.0,42174.0,2948,5
1727128800,42170.0,42194.0,42143.0,42175.0,3345,5
1727132400,42174.0,42185.0,42151.0,42160.0,772,5
1727139600,42161.0,42166.0,42131.0,42131.0,384,5
1727143200,42132.0,42145.0,42124.0,42139.0,379,5
1727146800,42138.0,42147.0,42105.0,42119.0,796,5
1727150400,42120.0,42161.0,42100.0,42114.0,1062,5
1727154000,42113.0,42119.0,42093.0,42105.0,648,5
1727157600,42105.0,42112.0,42091.0,42107.0,505,5
1727161200,42106.0,42138.0,42104.0,42135.0,430,5
1727164800,42135.0,42165.0,42135.0,42153.0,662,5
1727168400,42154.0,42213.0,42147.0,42204.0,856,5
1727172000,42205.0,42234.0,42166.0,42230.0,1303,5
1727175600,42231.0,42273.0,42221.0,42271.0,1114,5
1727179200,42271.0,42278.0,42234.0,42246.0,943,5
1727182800,42246.0,42264.0,42210.0,42213.0,857,5
1727186400,42218.0,42252.0,42152.0,42228.0,1527,5
1727190000,42229.0,42251.0,42209.0,42246.0,1279,5
1727193600,42246.0,42296.0,42167.0,42211.0,5135,5
1727197200,42211.0,42302.0,42129.0,42282.0,7155,5
1727200800,42282.0,42337.0,42171.0,42208.0,4681,5
1727204400,42209.0,42235.0,42155.0,42187.0,3623,5
1727208000,42187.0,42234.0,42164.0,42173.0,3071,5
1727211600,42174.0,42196.0,42099.0,42173.0,3471,5
1727215200,42171.0,42289.0,42167.0,42277.0,3433,5
1727218800,42276.0,42283.0,42173.0,42241.0,1145,5
1727226000,42235.0,42240.0,42224.0,42232.0,285,5
1727229600,42232.0,42242.0,42225.0,42229.0,258,5
1727233200,42230.0,42234.0,42196.0,42198.0,560,5
1727236800,42198.0,42207.0,42181.0,42188.0,728,5
1727240400,42187.0,42195.0,42178.0,42181.0,542,5
1727244000,42181.0,42206.0,42175.0,42196.0,520,5
1727247600,42196.0,42202.0,42186.0,42188.0,347,5
1727251200,42188.0,42203.0,42150.0,42166.0,697,5
1727254800,42166.0,42177.0,42149.0,42151.0,882,5
1727258400,42154.0,42225.0,42153.0,42222.0,1152,5
1727262000,42225.0,42257.0,42223.0,42252.0,1095,5
1727265600,42252.0,42263.0,42232.0,42256.0,837,5
1727269200,42256.0,42320.0,42256.0,42320.0,886,5
1727272800,42322.0,42325.0,42261.0,42278.0,841,5
1727276400,42278.0,42285.0,42254.0,42256.0,871,5
1727280000,42257.0,42364.0,42160.0,42175.0,5460,5
1727283600,42173.0,42216.0,42061.0,42114.0,6339,5
1727287200,42116.0,42126.0,42021.0,42036.0,4814,5
1727290800,42036.0,42058.0,41981.0,41999.0,3828,5
1727294400,42000.0,42026.0,41894.0,42023.0,4562,5
1727298000,42023.0,42031.0,41940.0,41998.0,3899,5
1727301600,41998.0,42018.0,41935.0,41969.0,3715,5
1727305200,41969.0,41987.0,41930.0,41948.0,1053,5
1727312400,41943.0,41957.0,41925.0,41947.0,417,5
1727316000,41949.0,41981.0,41941.0,41978.0,466,5
1727319600,41977.0,42024.0,41977.0,42019.0,664,5
1727323200,42019.0,42037.0,42009.0,42031.0,567,5
1727326800,42031.0,42044.0,42029.0,42039.0,481,5
1727330400,42039.0,42071.0,42038.0,42069.0,630,5
1727334000,42068.0,42071.0,42059.0,42067.0,503,5
1727337600,42067.0,42115.0,42055.0,42107.0,788,5
1727341200,42111.0,42146.0,42106.0,42125.0,1079,5
1727344800,42126.0,42145.0,42099.0,42144.0,1540,5
1727348400,42146.0,42185.0,42129.0,42181.0,1386,5
1727352000,42181.0,42181.0,42160.0,42172.0,837,5
1727355600,42172.0,42189.0,42162.0,42185.0,593,5
1727359200,42191.0,42197.0,42137.0,42142.0,990,5
1727362800,42141.0,42178.0,42119.0,42157.0,1559,5
1727366400,42156.0,42255.0,42144.0,42180.0,5745,5
1727370000,42180.0,42262.0,42093.0,42180.0,7609,5
1727373600,42180.0,42264.0,42139.0,42246.0,5114,5
1727377200,42245.0,42255.0,42193.0,42205.0,4017,5
1727380800,42203.0,42237.0,42128.0,42227.0,3722,5
1727384400,42228.0,42287.0,42224.0,42251.0,3117,5
1727388000,42251.0,42274.0,42167.0,42236.0,3289,5
1727391600,42239.0,42257.0,42230.0,42233.0,832,5
1727398800,42235.0,42294.0,42234.0,42262.0,581,5
1727402400,42262.0,42268.0,42233.0,42249.0,431,5
1727406000,42245.0,42253.0,42222.0,42243.0,945,5
1727409600,42243.0,42251.0,42209.0,42214.0,759,5
1727413200,42214.0,42231.0,42207.0,42227.0,760,5
1727416800,42227.0,42238.0,42218.0,42233.0,577,5
1727420400,42233.0,42252.0,42231.0,42249.0,542,5
1727424000,42250.0,42264.0,42224.0,42259.0,1223,5
1727427600,42261.0,42279.0,42208.0,42211.0,1201,5
1727431200,42210.0,42239.0,42186.0,42187.0,1813,5
1727434800,42191.0,42245.0,42187.0,42225.0,1187,5
1727438400,42225.0,42257.0,42214.0,42239.0,1109,5
1727442000,42238.0,42264.0,42224.0,42224.0,843,5
1727445600,42227.0,42260.0,42219.0,42255.0,844,5
1727449200,42255.0,42347.0,42253.0,42333.0,1919,5
1727452800,42333.0,42440.0,42285.0,42414.0,5309,5
1727456400,42418.0,42614.0,42373.0,42599.0,6408,5
1727460000,42598.0,42701.0,42589.0,42610.0,4643,5
1727463600,42610.0,42610.0,42417.0,42422.0,3704,5
1727467200,42423.0,42469.0,42384.0,42441.0,3294,5
1727470800,42439.0,42456.0,42301.0,42438.0,4145,5
1727474400,42437.0,42447.0,42344.0,42351.0,4203,5
1727478000,42355.0,42361.0,42316.0,42317.0,1322,5
1727658000,42332.0,42380.0,42296.0,42374.0,899,5
1727661600,42374.0,42421.0,42366.0,42405.0,644,5
1727665200,42405.0,42426.0,42388.0,42397.0,944,5
1727668800,42397.0,42400.0,42346.0,42364.0,1189,5
1727672400,42363.0,42387.0,42350.0,42385.0,761,5
1727676000,42385.0,42392.0,42378.0,42386.0,593,5
1727679600,42386.0,42392.0,42372.0,42381.0,422,5
1727683200,42381.0,42388.0,42353.0,42358.0,718,5
1727686800,42358.0,42364.0,42297.0,42306.0,980,5
1727690400,42305.0,42354.0,42285.0,42328.0,1530,5
1727694000,42328.0,42361.0,42317.0,42344.0,1440,5
1727697600,42344.0,42370.0,42311.0,42349.0,1099,5
1727701200,42349.0,42362.0,42320.0,42330.0,949,5
1727704800,42330.0,42338.0,42287.0,42316.0,1303,5
1727708400,42316.0,42323.0,42284.0,42289.0,1101,5
1727712000,42289.0,42321.0,42116.0,42175.0,5385,5
1727715600,42174.0,42360.0,42149.0,42285.0,6012,5
1727719200,42285.0,42314.0,42195.0,42249.0,4598,5
1727722800,42249.0,42285.0,42230.0,42251.0,3145,5
1727726400,42252.0,42259.0,42198.0,42231.0,3184,5
1727730000,42229.0,42233.0,41961.0,42158.0,6766,5
1727733600,42157.0,42386.0,42111.0,42366.0,5843,5
1727737200,42370.0,42370.0,42308.0,42309.0,1405,5
1727744400,42319.0,42328.0,42288.0,42315.0,652,5
1727748000,42315.0,42319.0,42293.0,42317.0,405,5
1727751600,42317.0,42345.0,42296.0,42334.0,787,5
1727755200,42335.0,42372.0,42333.0,42369.0,782,5
1727758800,42369.0,42373.0,42347.0,42352.0,421,5
1727762400,42354.0,42356.0,42339.0,42349.0,455,5
1727766000,42349.0,42351.0,42336.0,42338.0,404,5
1727769600,42338.0,42343.0,42317.0,42322.0,558,5
1727773200,42322.0,42360.0,42316.0,42334.0,736,5
1727776800,42334.0,42334.0,42241.0,42303.0,1948,5
1727780400,42303.0,42306.0,42251.0,42259.0,1516,5
1727784000,42259.0,42260.0,42234.0,42250.0,1020,5
1727787600,42250.0,42266.0,42204.0,42261.0,1054,5
1727791200,42261.0,42298.0,42249.0,42258.0,1073,5
1727794800,42258.0,42276.0,42228.0,42249.0,1213,5
1727798400,42249.0,42320.0,42038.0,42137.0,6466,5
1727802000,42136.0,42192.0,41971.0,42142.0,9930,5
1727805600,42142.0,42262.0,42003.0,42231.0,7186,5
1727809200,42231.0,42279.0,42064.0,42190.0,6724,5
1727812800,42191.0,42252.0,42028.0,42250.0,7444,5
1727816400,42246.0,42374.0,42245.0,42331.0,5898,5
1727820000,42330.0,42336.0,42180.0,42202.0,5949,5
1727823600,42207.0,42238.0,42154.0,42158.0,1632,5
1727830800,42172.0,42195.0,42077.0,42104.0,1077,5
1727834400,42104.0,42131.0,42065.0,42106.0,970,5
1727838000,42107.0,42158.0,42103.0,42128.0,1092,5
1727841600,42129.0,42169.0,42122.0,42163.0,881,5
1727845200,42164.0,42177.0,42127.0,42135.0,761,5
1727848800,42135.0,42158.0,42116.0,42141.0,723,5
1727852400,42142.0,42143.0,42082.0,42098.0,640,5
1727856000,42098.0,42109.0,42031.0,42082.0,1306,5
1727859600,42081.0,42086.0,42037.0,42054.0,1424,5
1727863200,42065.0,42115.0,42029.0,42082.0,2239,5
1727866800,42083.0,42123.0,42064.0,42074.0,1363,5
1727870400,42074.0,42076.0,42007.0,42038.0,1498,5
1727874000,42035.0,42106.0,42008.0,42097.0,1715,5
1727877600,42097.0,42109.0,42015.0,42096.0,1855,5
1727881200,42096.0,42159.0,42081.0,42154.0,2390,5
1727884800,42155.0,42240.0,42007.0,42172.0,6827,4
1727888400,42174.0,42292.0,42099.0,42200.0,7947,5
1727892000,42200.0,42303.0,42174.0,42272.0,5314,5
1727895600,42272.0,42272.0,42148.0,42148.0,4311,5
1727899200,42149.0,42245.0,42137.0,42240.0,4119,5
1727902800,42239.0,42270.0,42147.0,42245.0,3508,5
1727906400,42245.0,42273.0,42215.0,42234.0,3524,5
1727910000,42232.0,42285.0,42222.0,42263.0,1060,5
1727917200,42274.0,42303.0,42266.0,42271.0,493,5
1727920800,42271.0,42280.0,42255.0,42271.0,401,5
1727924400,42270.0,42270.0,42206.0,42230.0,1176,5
1727928000,42230.0,42247.0,42190.0,42216.0,1097,5
1727931600,42216.0,42228.0,42197.0,42197.0,740,5
1727935200,42197.0,42213.0,42182.0,42189.0,753,5
1727938800,42189.0,42196.0,42170.0,42172.0,342,5
1727942400,42172.0,42189.0,42165.0,42166.0,619,5
1727946000,42166.0,42202.0,42159.0,42184.0,816,5
1727949600,42184.0,42198.0,42004.0,42041.0,2404,4
1727953200,42041.0,42105.0,42026.0,42086.0,1959,5
1727956800,42086.0,42117.0,42063.0,42091.0,1115,5
1727960400,42090.0,42113.0,42064.0,42111.0,1054,5
1727964000,42111.0,42167.0,42092.0,42166.0,1168,5
1727967600,42166.0,42177.0,42082.0,42083.0,2148,5
1727971200,42084.0,42132.0,41871.0,41956.0,5868,5
1727974800,41955.0,42167.0,41933.0,41955.0,10138,5
1727978400,41955.0,42112.0,41924.0,42079.0,6290,5
1727982000,42079.0,42157.0,41902.0,41940.0,5181,5
1727985600,41941.0,41987.0,41886.0,41983.0,5401,5
1727989200,41984.0,42019.0,41956.0,41983.0,3799,5
1727992800,41982.0,42068.0,41933.0,42040.0,4032,5
1727996400,42042.0,42054.0,42012.0,42023.0,1214,5
1728003600,42012.0,42039.0,41983.0,42018.0,500,5
1728007200,42018.0,42032.0,41996.0,42020.0,734,5
1728010800,42019.0,42025.0,41979.0,42012.0,1296,4
1728014400,42012.0,42072.0,41991.0,42061.0,1377,5
1728018000,42061.0,42075.0,42047.0,42052.0,1035,5
1728021600,42052.0,42054.0,42028.0,42034.0,755,5
1728025200,42034.0,42055.0,42017.0,42025.0,614,5
1728028800,42025.0,42043.0,42021.0,42027.0,760,5
1728032400,42027.0,42036.0,41987.0,41992.0,736,5
1728036000,41992.0,42063.0,41975.0,42057.0,1669,4
1728039600,42057.0,42060.0,41992.0,41996.0,1472,4
1728043200,41997.0,42033.0,41992.0,42025.0,1114,5
1728046800,42025.0,42088.0,42021.0,42055.0,964,5
1728050400,42055.0,42118.0,42054.0,42114.0,1142,5
1728054000,42113.0,42310.0,42091.0,42296.0,3752,5
1728057600,42296.0,42364.0,42185.0,42208.0,6445,5
1728061200,42208.0,42288.0,41989.0,42106.0,8577,5
1728064800,42107.0,42171.0,41995.0,42170.0,6038,5
1728068400,42170.0,42261.0,42115.0,42224.0,4391,5
1728072000,42224.0,42275.0,42132.0,42170.0,4216,5
1728075600,42170.0,42277.0,42129.0,42272.0,3447,5
1728079200,42272.0,42389.0,42246.0,42364.0,3706,5
1728082800,42365.0,42385.0,42344.0,42354.0,932,5
1728262800,42393.0,42438.0,42392.0,42426.0,945,5
1728266400,42426.0,42444.0,42412.0,42413.0,617,5
1728270000,42413.0,42417.0,42378.0,42389.0,982,5
1728273600,42389.0,42432.0,42375.0,42392.0,1301,5
1728277200,42395.0,42414.0,42372.0,42376.0,948,5
1728280800,42376.0,42387.0,42358.0,42373.0,640,5
1728284400,42373.0,42387.0,42367.0,42373.0,420,5
1728288000,42373.0,42375.0,42339.0,42346.0,614,5
1728291600,42346.0,42359.0,42317.0,42346.0,934,5
1728295200,42341.0,42345.0,42220.0,42239.0,2145,5
1728298800,42239.0,42277.0,42224.0,42226.0,1634,5
1728302400,42225.0,42226.0,42165.0,42197.0,1806,5
1728306000,42197.0,42222.0,42184.0,42216.0,1179,5
1728309600,42216.0,42227.0,42190.0,42219.0,1067,5
1728313200,42219.0,42241.0,42212.0,42229.0,903,5
1728316800,42229.0,42305.0,42162.0,42264.0,5707,5
1728320400,42266.0,42334.0,42221.0,42225.0,6297,5
1728324000,42225.0,42285.0,42168.0,42169.0,4804,5
1728327600,42168.0,42178.0,42095.0,42157.0,3813,5
1728331200,42157.0,42183.0,42055.0,42085.0,3406,5
1728334800,42084.0,42087.0,41860.0,41871.0,5856,5
1728338400,41872.0,42052.0,41862.0,41994.0,6182,5
1728342000,42000.0,42020.0,41987.0,41998.0,1065,5
1728349200,42010.0,42020.0,41842.0,41956.0,1641,5
1728352800,41956.0,41999.0,41947.0,41970.0,1076,5
1728356400,41970.0,42028.0,41970.0,42010.0,875,5
1728360000,42010.0,42013.0,41954.0,41980.0,1293,5
1728363600,41980.0,41988.0,41940.0,41979.0,1646,5
1728367200,41978.0,41987.0,41946.0,41961.0,963,5
1728370800,41960.0,41981.0,41956.0,41973.0,438,5
1728374400,41973.0,41983.0,41939.0,41957.0,1102,5
1728378000,41957.0,41986.0,41933.0,41974.0,1180,5
1728381600,41975.0,42013.0,41910.0,41982.0,2680,5
1728385200,41980.0,42004.0,41936.0,41994.0,2056,5
1728388800,41994.0,42089.0,41994.0,42034.0,1626,4
1728392400,42034.0,42067.0,42016.0,42065.0,1192,5
1728396000,42066.0,42076.0,42025.0,42061.0,1183,5
1728399600,42061.0,42072.0,42032.0,42055.0,1234,5
1728403200,42055.0,42128.0,41912.0,42014.0,5444,4
1728406800,42013.0,42064.0,41932.0,42020.0,6006,5
1728410400,42021.0,42086.0,41999.0,42078.0,3365,5
1728414000,42078.0,42102.0,42047.0,42063.0,2462,5
1728417600,42063.0,42068.0,41973.0,42051.0,3126,5
1728421200,42054.0,42142.0,42050.0,42126.0,2028,5
1728424800,42126.0,42176.0,42101.0,42125.0,2795,5
1728428400,42122.0,42137.0,42104.0,42111.0,914,5
1728435600,42120.0,42135.0,42114.0,42133.0,363,5
1728439200,42133.0,42142.0,42112.0,42115.0,347,5
1728442800,42115.0,42116.0,42091.0,42096.0,514,5
1728446400,42096.0,42116.0,42095.0,42110.0,823,5
1728450000,42109.0,42109.0,42076.0,42087.0,827,5
1728453600,42087.0,42094.0,42078.0,42090.0,526,5
1728457200,42090.0,42094.0,42077.0,42082.0,242,5
1728460800,42082.0,42107.0,42071.0,42078.0,893,5
1728464400,42078.0,42093.0,42055.0,42060.0,787,5
1728468000,42059.0,42071.0,42019.0,42064.0,1619,5
1728471600,42064.0,42065.0,42009.0,42032.0,1269,5
1728475200,42032.0,42107.0,42031.0,42086.0,764,5
1728478800,42086.0,42124.0,42080.0,42104.0,756,5
1728482400,42104.0,42116.0,42082.0,42108.0,827,5
1728486000,42108.0,42130.0,42070.0,42112.0,1089,5
1728489600,42112.0,42297.0,42044.0,42280.0,5372,5
1728493200,42281.0,42345.0,42188.0,42300.0,6039,5
1728496800,42301.0,42546.0,42300.0,42501.0,4467,5
1728500400,42500.0,42534.0,42441.0,42471.0,3741,5
1728504000,42471.0,42557.0,42412.0,42479.0,3315,5
1728507600,42479.0,42522.0,42446.0,42497.0,3752,5
1728511200,42497.0,42618.0,42475.0,42560.0,4047,5
1728514800,42561.0,42572.0,42532.0,42561.0,1065,5
1728522000,42561.0,42577.0,42548.0,42575.0,412,5
1728525600,42575.0,42590.0,42567.0,42581.0,488,5
1728529200,42580.0,42594.0,42568.0,42582.0,609,5
1728532800,42582.0,42601.0,42580.0,42592.0,827,5
1728536400,42592.0,42600.0,42578.0,42595.0,618,5
1728540000,42595.0,42599.0,42577.0,42589.0,477,5
1728543600,42589.0,42591.0,42578.0,42580.0,264,5
1728547200,42580.0,42587.0,42550.0,42551.0,530,5
1728550800,42551.0,42562.0,42532.0,42548.0,689,5
1728554400,42548.0,42563.0,42497.0,42500.0,1024,5
1728558000,42501.0,42526.0,42488.0,42512.0,856,5
1728561600,42512.0,42533.0,42497.0,42529.0,741,5
1728565200,42529.0,42543.0,42513.0,42513.0,753,5
1728568800,42514.0,42541.0,42501.0,42538.0,764,5
1728572400,42538.0,42563.0,42432.0,42469.0,3259,5
1728576000,42470.0,42548.0,42404.0,42457.0,6440,5
1728579600,42460.0,42538.0,42372.0,42400.0,6525,5
1728583200,42400.0,42512.0,42377.0,42485.0,4169,5
1728586800,42485.0,42550.0,42432.0,42455.0,3882,5
1728590400,42455.0,42470.0,42354.0,42460.0,4218,5
1728594000,42460.0,42461.0,42344.0,42385.0,3678,5
1728597600,42385.0,42515.0,42368.0,42504.0,3545,5
1728601200,42502.0,42532.0,42489.0,42506.0,780,5
1728608400,42516.0,42532.0,42508.0,42518.0,327,5
1728612000,42518.0,42560.0,42518.0,42552.0,512,5
1728615600,42552.0,42559.0,42525.0,42527.0,600,5
1728619200,42527.0,42542.0,42522.0,42527.0,407,5
1728622800,42527.0,42527.0,42510.0,42515.0,307,5
1728626400,42515.0,42522.0,42504.0,42520.0,360,5
1728630000,42519.0,42520.0,42499.0,42501.0,234,5
1728633600,42501.0,42505.0,42484.0,42499.0,352,5
1728637200,42499.0,42500.0,42476.0,42477.0,478,5
1728640800,42477.0,42490.0,42444.0,42480.0,1167,5
1728644400,42480.0,42496.0,42443.0,42461.0,1160,5
1728648000,42461.0,42483.0,42429.0,42439.0,997,5
1728651600,42440.0,42521.0,42433.0,42521.0,1223,5
1728655200,42521.0,42538.0,42490.0,42492.0,805,5
1728658800,42492.0,42565.0,42476.0,42498.0,2126,5
1728662400,42500.0,42701.0,42489.0,42677.0,5467,5
1728666000,42671.0,42832.0,42646.0,42798.0,6148,5
1728669600,42798.0,42877.0,42779.0,42852.0,3763,5
1728673200,42852.0,42856.0,42740.0,42793.0,3177,5
1728676800,42793.0,42840.0,42750.0,42835.0,2830,5
1728680400,42835.0,42904.0,42813.0,42876.0,2498,5
1728684000,42875.0,42941.0,42865.0,42904.0,3278,5
1728687600,42905.0,42912.0,42854.0,42863.0,1058,5
1728867600,42891.0,42924.0,42868.0,42919.0,619,5
1728871200,42917.0,42931.0,42893.0,42902.0,484,5
1728874800,42902.0,42921.0,42895.0,42912.0,570,5
1728878400,42912.0,42927.0,42898.0,42908.0,922,5
1728882000,42908.0,42924.0,42887.0,42923.0,714,5
1728885600,42923.0,42933.0,42913.0,42924.0,401,5
1728889200,42924.0,42925.0,42910.0,42913.0,239,5
1728892800,42913.0,42921.0,42898.0,42905.0,457,5
1728896400,42906.0,42920.0,42896.0,42917.0,559,5
1728900000,42915.0,42950.0,42897.0,42949.0,947,5
1728903600,42949.0,42949.0,42876.0,42884.0,1042,5
1728907200,42884.0,42904.0,42883.0,42890.0,605,5
1728910800,42890.0,42910.0,42852.0,42857.0,904,5
1728914400,42857.0,42866.0,42837.0,42843.0,874,5
1728918000,42843.0,42865.0,42839.0,42855.0,839,5
1728921600,42855.0,42911.0,42766.0,42864.0,5111,5
1728925200,42868.0,42985.0,42842.0,42972.0,5220,5
1728928800,42972.0,43093.0,42943.0,43090.0,3419,5
1728932400,43091.0,43129.0,43078.0,43115.0,2309,5
1728936000,43115.0,43127.0,43061.0,43071.0,1937,5
1728939600,43070.0,43168.0,43048.0,43137.0,2203,5
1728943200,43138.0,43194.0,43112.0,43144.0,2764,5
1728946800,43142.0,43199.0,43129.0,43193.0,988,5
1728954000,43188.0,43207.0,43179.0,43192.0,389,5
1728957600,43192.0,43215.0,43187.0,43206.0,337,5
1728961200,43208.0,43212.0,43178.0,43201.0,624,5
1728964800,43201.0,43222.0,43195.0,43216.0,600,5
1728968400,43216.0,43221.0,43209.0,43209.0,326,5
1728972000,43209.0,43214.0,43200.0,43206.0,278,5
1728975600,43206.0,43208.0,43201.0,43203.0,223,5
1728979200,43203.0,43204.0,43174.0,43179.0,511,5
1728982800,43178.0,43204.0,43175.0,43203.0,500,5
1728986400,43199.0,43230.0,43182.0,43213.0,955,5
1728990000,43212.0,43228.0,43187.0,43202.0,1108,5
1728993600,43202.0,43218.0,43142.0,43156.0,1065,5
1728997200,43156.0,43172.0,43108.0,43132.0,1575,5
1729000800,43132.0,43204.0,43116.0,43161.0,1186,5
1729004400,43161.0,43168.0,43099.0,43105.0,1232,5
1729008000,43105.0,43106.0,42805.0,42820.0,6501,5
1729011600,42819.0,43005.0,42815.0,42969.0,8776,5
1729015200,42968.0,43058.0,42931.0,42955.0,6132,5
1729018800,42955.0,43059.0,42938.0,42986.0,4022,5
1729022400,42985.0,43010.0,42896.0,42904.0,3634,5
1729026000,42904.0,42923.0,42828.0,42848.0,3898,5
1729029600,42849.0,42855.0,42751.0,42802.0,5335,5
1729033200,42803.0,42814.0,42766.0,42786.0,1028,5
1729040400,42808.0,42810.0,42756.0,42800.0,637,5
1729044000,42800.0,42817.0,42793.0,42796.0,546,5
1729047600,42796.0,42810.0,42788.0,42793.0,708,5
1729051200,42793.0,42816.0,42781.0,42803.0,589,5
1729054800,42803.0,42809.0,42797.0,42800.0,495,5
1729058400,42800.0,42811.0,42795.0,42805.0,360,5
1729062000,42806.0,42808.0,42792.0,42797.0,225,5
1729065600,42797.0,42799.0,42781.0,42793.0,455,5
1729069200,42792.0,42792.0,42767.0,42772.0,778,5
1729072800,42777.0,42798.0,42728.0,42784.0,1641,5
1729076400,42784.0,42799.0,42761.0,42781.0,1338,5
1729080000,42781.0,42796.0,42765.0,42794.0,942,5
1729083600,42794.0,42797.0,42774.0,42796.0,810,5
1729087200,42795.0,42837.0,42795.0,42831.0,946,5
1729090800,42830.0,42843.0,42806.0,42809.0,1141,5
1729094400,42809.0,42948.0,42741.0,42916.0,5586,5
1729098000,42917.0,43034.0,42914.0,43004.0,6594,5
1729101600,43005.0,43016.0,42960.0,43007.0,4234,5
1729105200,43007.0,43074.0,43007.0,43059.0,2831,5
1729108800,43061.0,43073.0,43015.0,43060.0,2600,5
1729112400,43060.0,43160.0,43059.0,43136.0,2726,5
1729116000,43136.0,43157.0,43103.0,43126.0,2887,5
1729119600,43118.0,43146.0,43110.0,43127.0,719,5
1729126800,43128.0,43135.0,43107.0,43123.0,504,5
1729130400,43123.0,43123.0,43095.0,43100.0,309,5
1729134000,43100.0,43114.0,43081.0,43105.0,777,5
1729137600,43105.0,43117.0,43084.0,43100.0,526,5
1729141200,43100.0,43107.0,43063.0,43089.0,590,5
1729144800,43088.0,43095.0,43077.0,43079.0,402,5
1729148400,43079.0,43083.0,43069.0,43076.0,275,5
1729152000,43076.0,43106.0,43068.0,43089.0,639,5
1729155600,43089.0,43110.0,43051.0,43109.0,1274,5
1729159200,43107.0,43158.0,43101.0,43149.0,1229,5
1729162800,43147.0,43156.0,43102.0,43153.0,1208,5
1729166400,43153.0,43182.0,43147.0,43175.0,802,5
1729170000,43175.0,43198.0,43104.0,43181.0,1113,5
1729173600,43183.0,43223.0,43157.0,43163.0,1202,5
1729177200,43163.0,43255.0,43155.0,43232.0,1928,5
1729180800,43231.0,43338.0,43200.0,43280.0,6344,5
1729184400,43282.0,43295.0,43188.0,43227.0,7264,5
1729188000,43229.0,43313.0,43171.0,43283.0,4794,5
1729191600,43283.0,43332.0,43233.0,43331.0,3493,5
1729195200,43331.0,43346.0,43300.0,43339.0,2808,5
1729198800,43339.0,43343.0,43222.0,43313.0,4031,5
1729202400,43313.0,43332.0,43281.0,43297.0,3421,5
1729206000,43294.0,43323.0,43286.0,43286.0,1057,5
1729213200,43289.0,43324.0,43280.0,43312.0,481,5
1729216800,43312.0,43316.0,43303.0,43313.0,339,5
1729220400,43312.0,43314.0,43250.0,43287.0,944,5
1729224000,43287.0,43308.0,43284.0,43299.0,633,5
1729227600,43299.0,43306.0,43280.0,43283.0,553,5
1729231200,43282.0,43290.0,43266.0,43275.0,398,5
1729234800,43275.0,43286.0,43271.0,43283.0,262,5
1729238400,43283.0,43291.0,43271.0,43289.0,421,5
1729242000,43289.0,43291.0,43246.0,43260.0,611,5
1729245600,43258.0,43323.0,43252.0,43318.0,782,5
1729249200,43318.0,43332.0,43308.0,43322.0,817,5
1729252800,43322.0,43341.0,43310.0,43317.0,773,5
1729256400,43317.0,43325.0,43294.0,43320.0,840,5
1729260000,43328.0,43357.0,43236.0,43258.0,1217,5
1729263600,43258.0,43270.0,43215.0,43215.0,1134,5
1729267200,43215.0,43301.0,43084.0,43096.0,5715,5
1729270800,43098.0,43218.0,43086.0,43195.0,5553,5
1729274400,43194.0,43246.0,43178.0,43236.0,3640,5
1729278000,43235.0,43369.0,43229.0,43314.0,2893,5
1729281600,43313.0,43346.0,43295.0,43307.0,2826,5
1729285200,43307.0,43377.0,43245.0,43328.0,2758,5
1729288800,43327.0,43331.0,43281.0,43314.0,3255,5
1729292400,43315.0,43343.0,43305.0,43328.0,781,5
1729472400,43353.0,43372.0,43352.0,43368.0,540,5
1729476000,43368.0,43379.0,43364.0,43373.0,523,5
1729479600,43373.0,43381.0,43361.0,43378.0,684,5
1729483200,43378.0,43384.0,43367.0,43368.0,632,5
1729486800,43368.0,43372.0,43356.0,43359.0,484,5
1729490400,43359.0,43361.0,43351.0,43353.0,395,5
1729494000,43353.0,43355.0,43340.0,43344.0,330,5
1729497600,43344.0,43348.0,43333.0,43334.0,592,5
1729501200,43334.0,43347.0,43329.0,43335.0,644,5
1729504800,43339.0,43381.0,43333.0,43356.0,1084,5
1729508400,43355.0,43370.0,43340.0,43346.0,821,5
1729512000,43346.0,43353.0,43266.0,43287.0,1023,5
1729515600,43287.0,43294.0,43218.0,43221.0,1270,5
1729519200,43220.0,43246.0,43212.0,43226.0,1546,5
1729522800,43226.0,43282.0,43217.0,43277.0,1141,5
1729526400,43278.0,43358.0,43215.0,43221.0,5036,5
1729530000,43223.0,43251.0,43094.0,43100.0,5926,5
1729533600,43103.0,43107.0,42919.0,43028.0,5689,5
1729537200,43028.0,43048.0,42971.0,43042.0,3848,5
1729540800,43042.0,43052.0,42987.0,42995.0,3023,5
1729544400,42996.0,43009.0,42937.0,42946.0,3050,5
1729548000,42946.0,43004.0,42931.0,42987.0,3630,5
1729551600,42986.0,43005.0,42971.0,42986.0,1002,5
1729558800,42998.0,43001.0,42974.0,42975.0,360,5
1729562400,42975.0,42979.0,42963.0,42964.0,449,5
1729566000,42964.0,42965.0,42930.0,42931.0,986,5
1729569600,42932.0,42948.0,42922.0,42941.0,1200,5
1729573200,42941.0,42956.0,42927.0,42931.0,749,5
1729576800,42931.0,42949.0,42923.0,42928.0,573,5
1729580400,42928.0,42935.0,42913.0,42914.0,464,5
1729584000,42913.0,42939.0,42910.0,42912.0,760,5
1729587600,42912.0,42919.0,42890.0,42910.0,712,5
1729591200,42910.0,42921.0,42884.0,42891.0,1574,5
1729594800,42890.0,42910.0,42855.0,42860.0,1689,5
1729598400,42860.0,42864.0,42764.0,42783.0,1759,5
1729602000,42784.0,42836.0,42770.0,42813.0,1861,5
1729605600,42814.0,42833.0,42791.0,42813.0,1427,5
1729609200,42814.0,42868.0,42807.0,42838.0,1519,5
1729612800,42839.0,42901.0,42769.0,42800.0,5605,5
1729616400,42796.0,42898.0,42759.0,42870.0,5913,5
1729620000,42871.0,42937.0,42844.0,42896.0,3865,5
1729623600,42897.0,42996.0,42881.0,42977.0,3292,5
1729627200,42977.0,43063.0,42950.0,43061.0,2861,5
1729630800,43062.0,43096.0,42983.0,42990.0,2830,5
1729634400,42987.0,43060.0,42975.0,42978.0,2833,5
1729638000,42977.0,42981.0,42782.0,42782.0,2102,5
1729645200,42844.0,42848.0,42816.0,42839.0,519,5
1729648800,42839.0,42877.0,42829.0,42875.0,612,5
1729652400,42875.0,42879.0,42847.0,42850.0,503,5
1729656000,42850.0,42868.0,42845.0,42854.0,462,5
1729659600,42854.0,42866.0,42852.0,42856.0,529,5
1729663200,42857.0,42870.0,42849.0,42851.0,447,5
1729666800,42851.0,42876.0,42847.0,42872.0,334,5
1729670400,42871.0,42875.0,42857.0,42862.0,451,5
1729674000,42862.0,42867.0,42834.0,42836.0,506,5
1729677600,42836.0,42880.0,42835.0,42845.0,1098,5
1729681200,42845.0,42870.0,42815.0,42818.0,911,5
1729684800,42817.0,42845.0,42809.0,42811.0,974,5
1729688400,42811.0,42816.0,42761.0,42775.0,992,5
1729692000,42775.0,42789.0,42738.0,42781.0,1248,5
1729695600,42781.0,42792.0,42723.0,42736.0,1335,5
1729699200,42736.0,42770.0,42667.0,42758.0,5172,5
1729702800,42759.0,42820.0,42674.0,42706.0,6452,5
1729706400,42705.0,42709.0,42565.0,42675.0,4450,5
1729710000,42675.0,42685.0,42533.0,42586.0,4746,5
1729713600,42585.0,42598.0,42454.0,42454.0,4655,5
1729717200,42454.0,42561.0,42331.0,42554.0,4813,5
1729720800,42549.0,42577.0,42505.0,42557.0,4353,5
1729724400,42555.0,42561.0,42412.0,42492.0,2122,5
1729731600,42501.0,42508.0,42485.0,42494.0,483,4
1729735200,42494.0,42499.0,42475.0,42494.0,502,5
1729738800,42494.0,42535.0,42469.0,42533.0,1004,5
1729742400,42533.0,42538.0,42514.0,42532.0,943,5
1729746000,42532.0,42532.0,42503.0,42520.0,725,5
1729749600,42520.0,42525.0,42496.0,42497.0,511,5
1729753200,42497.0,42505.0,42489.0,42494.0,512,5
1729756800,42494.0,42496.0,42483.0,42488.0,615,5
1729760400,42488.0,42524.0,42486.0,42493.0,906,5
1729764000,42495.0,42570.0,42492.0,42554.0,1627,5
1729767600,42554.0,42562.0,42517.0,42536.0,1318,5
1729771200,42536.0,42542.0,42505.0,42508.0,942,5
1729774800,42508.0,42535.0,42457.0,42503.0,1032,5
1729778400,42505.0,42522.0,42481.0,42515.0,985,5
1729782000,42515.0,42529.0,42493.0,42523.0,1745,5
1729785600,42523.0,42532.0,42390.0,42465.0,5591,5
1729789200,42467.0,42502.0,42395.0,42449.0,5872,5
1729792800,42451.0,42467.0,42271.0,42324.0,4608,5
1729796400,42324.0,42393.0,42233.0,42378.0,4716,5
1729800000,42377.0,42466.0,42370.0,42381.0,3566,5
1729803600,42382.0,42437.0,42347.0,42390.0,3506,5
1729807200,42390.0,42463.0,42361.0,42430.0,3790,5
1729810800,42427.0,42464.0,42418.0,42445.0,964,5
1729818000,42449.0,42456.0,42426.0,42432.0,445,5
1729821600,42432.0,42446.0,42418.0,42445.0,418,5
1729825200,42446.0,42454.0,42429.0,42447.0,811,5
1729828800,42447.0,42459.0,42432.0,42433.0,747,5
1729832400,42433.0,42456.0,42430.0,42446.0,453,5
1729836000,42446.0,42449.0,42411.0,42414.0,500,5
1729839600,42414.0,42419.0,42403.0,42408.0,450,5
1729843200,42408.0,42427.0,42391.0,42422.0,585,5
1729846800,42423.0,42445.0,42412.0,42413.0,664,5
1729850400,42413.0,42475.0,42411.0,42475.0,1543,5
1729854000,42473.0,42486.0,42441.0,42480.0,1255,5
1729857600,42480.0,42528.0,42479.0,42515.0,884,5
1729861200,42515.0,42542.0,42502.0,42506.0,753,5
1729864800,42504.0,42541.0,42489.0,42520.0,1020,5
1729868400,42519.0,42562.0,42512.0,42554.0,1167,5
1729872000,42554.0,42633.0,42520.0,42560.0,4703,5
1729875600,42564.0,42640.0,42514.0,42521.0,5731,5
1729879200,42522.0,42543.0,42305.0,42344.0,4811,5
1729882800,42343.0,42395.0,42296.0,42338.0,3627,5
1729886400,42340.0,42340.0,42082.0,42135.0,5398,5
1729890000,42136.0,42244.0,42074.0,42227.0,5448,5
1729893600,42226.0,42239.0,42115.0,42147.0,4422,5
1729897200,42148.0,42156.0,42112.0,42115.0,1198,5
1730077200,42237.0,42335.0,42237.0,42314.0,1343,5
1730080800,42314.0,42329.0,42281.0,42294.0,754,5
1730084400,42294.0,42381.0,42288.0,42345.0,1416,5
1730088000,42345.0,42370.0,42335.0,42342.0,1004,5
1730091600,42342.0,42356.0,42332.0,42353.0,851,5
1730095200,42353.0,42363.0,42311.0,42326.0,689,5
1730098800,42326.0,42358.0,42322.0,42356.0,696,5
1730102400,42357.0,42359.0,42309.0,42312.0,771,5
1730106000,42312.0,42340.0,42302.0,42327.0,740,5
1730109600,42327.0,42390.0,42323.0,42348.0,1097,5
1730113200,42348.0,42386.0,42307.0,42365.0,2238,5
1730116800,42365.0,42381.0,42341.0,42381.0,1576,5
1730120400,42381.0,42399.0,42360.0,42370.0,1493,5
1730124000,42370.0,42370.0,42284.0,42284.0,1663,5
1730127600,42285.0,42351.0,42249.0,42344.0,1883,5
1730131200,42344.0,42519.0,42342.0,42447.0,5371,5
1730134800,42446.0,42528.0,42379.0,42487.0,5710,5
1730138400,42487.0,42536.0,42406.0,42406.0,4898,5
1730142000,42404.0,42486.0,42382.0,42432.0,4135,5
1730145600,42431.0,42504.0,42414.0,42497.0,3385,5
1730149200,42497.0,42519.0,42456.0,42466.0,3459,5
1730152800,42462.0,42517.0,42433.0,42454.0,3508,5
1730156400,42456.0,42481.0,42444.0,42471.0,871,5
1730163600,42482.0,42484.0,42434.0,42441.0,493,5
1730167200,42441.0,42453.0,42431.0,42440.0,499,5
1730170800,42440.0,42447.0,42416.0,42432.0,902,5
1730174400,42432.0,42441.0,42412.0,42424.0,1193,5
1730178000,42424.0,42433.0,42408.0,42413.0,832,5
1730181600,42413.0,42436.0,42368.0,42374.0,833,5
1730185200,42374.0,42413.0,42370.0,42412.0,640,5
1730188800,42412.0,42425.0,42399.0,42420.0,728,5
1730192400,42422.0,42456.0,42422.0,42450.0,544,5
1730196000,42450.0,42476.0,42433.0,42434.0,999,5
1730199600,42434.0,42484.0,42381.0,42448.0,2472,5
1730203200,42448.0,42477.0,42425.0,42459.0,2010,5
1730206800,42459.0,42461.0,42394.0,42405.0,1577,5
1730210400,42411.0,42415.0,42302.0,42321.0,2081,5
1730214000,42321.0,42337.0,42262.0,42271.0,1917,5
1730217600,42271.0,42388.0,42218.0,42359.0,5620,5
1730221200,42347.0,42550.0,42327.0,42447.0,6892,5
1730224800,42449.0,42457.0,42339.0,42362.0,4367,5
1730228400,42361.0,42414.0,42309.0,42397.0,3772,5
1730232000,42397.0,42442.0,42318.0,42361.0,3476,5
1730235600,42363.0,42407.0,42336.0,42370.0,2741,5
1730239200,42371.0,42377.0,42282.0,42300.0,3100,5
1730242800,42302.0,42373.0,42277.0,42356.0,2302,5
1730250000,42364.0,42369.0,42341.0,42364.0,565,5
1730253600,42364.0,42366.0,42333.0,42342.0,663,5
1730257200,42342.0,42383.0,42339.0,42376.0,984,5
1730260800,42375.0,42398.0,42366.0,42393.0,925,5
1730264400,42393.0,42393.0,42342.0,42344.0,704,5
1730268000,42345.0,42348.0,42311.0,42319.0,869,5
1730271600,42319.0,42319.0,42289.0,42292.0,614,5
1730275200,42292.0,42313.0,42284.0,42299.0,803,5
1730278800,42298.0,42355.0,42291.0,42349.0,779,5
1730282400,42349.0,42356.0,42324.0,42325.0,955,5
1730286000,42325.0,42373.0,42304.0,42334.0,1912,5
1730289600,42334.0,42335.0,42302.0,42314.0,1607,5
1730293200,42314.0,42353.0,42167.0,42212.0,2029,5
1730296800,42215.0,42253.0,42202.0,42222.0,1489,5
1730300400,42222.0,42251.0,42205.0,42228.0,2264,5
1730304000,42228.0,42416.0,42190.0,42410.0,5874,5
1730307600,42409.0,42490.0,42396.0,42419.0,6340,5
1730311200,42418.0,42518.0,42387.0,42490.0,5055,5
1730314800,42490.0,42503.0,42356.0,42358.0,3504,5
1730318400,42357.0,42407.0,42281.0,42299.0,4041,5
1730322000,42300.0,42381.0,42299.0,42326.0,3495,5
1730325600,42326.0,42326.0,42190.0,42227.0,4501,5
1730329200,42225.0,42286.0,42152.0,42205.0,3089,5
1730336400,42192.0,42220.0,42144.0,42204.0,1467,5
1730340000,42204.0,42212.0,42185.0,42189.0,818,5
1730343600,42189.0,42202.0,42173.0,42181.0,1001,5
1730347200,42182.0,42220.0,42180.0,42188.0,955,5
1730350800,42188.0,42193.0,42160.0,42174.0,981,5
1730354400,42174.0,42184.0,42158.0,42165.0,744,5
1730358000,42165.0,42167.0,42153.0,42158.0,606,5
1730361600,42158.0,42162.0,42140.0,42140.0,718,5
1730365200,42141.0,42150.0,42065.0,42069.0,714,5
1730368800,42069.0,42085.0,42028.0,42044.0,1497,5
1730372400,42044.0,42052.0,41997.0,42007.0,2352,5
1730376000,42007.0,42019.0,41965.0,42018.0,1583,5
1730379600,42018.0,42043.0,42002.0,42033.0,1480,5
1730383200,42030.0,42038.0,42001.0,42031.0,1485,5
1730386800,42032.0,42058.0,41985.0,41995.0,2556,5
1730390400,41995.0,42032.0,41889.0,42016.0,6455,5
1730394000,42017.0,42029.0,41792.0,41796.0,7884,5
1730397600,41797.0,41863.0,41737.0,41862.0,6175,5
1730401200,41861.0,41953.0,41840.0,41952.0,4583,5
1730404800,41951.0,42023.0,41901.0,41916.0,4239,5
1730408400,41916.0,41990.0,41885.0,41976.0,4595,5
1730412000,41976.0,42003.0,41793.0,41813.0,5685,5
1730415600,41812.0,41910.0,41801.0,41813.0,3791,5
1730422800,41830.0,41876.0,41800.0,41843.0,999,5
1730426400,41841.0,41849.0,41803.0,41815.0,978,5
1730430000,41817.0,41848.0,41782.0,41834.0,1308,5
1730433600,41834.0,41846.0,41806.0,41816.0,1222,5
1730437200,41816.0,41832.0,41765.0,41832.0,1194,5
1730440800,41832.0,41861.0,41827.0,41859.0,815,5
1730444400,41859.0,41869.0,41852.0,41861.0,549,5
1730448000,41861.0,41887.0,41857.0,41879.0,956,5
1730451600,41879.0,41879.0,41837.0,41847.0,773,5
1730455200,41847.0,41869.0,41810.0,41856.0,1234,5
1730458800,41853.0,41908.0,41841.0,41886.0,2064,5
1730462400,41887.0,41923.0,41887.0,41918.0,1371,5
1730466000,41918.0,41967.0,41917.0,41962.0,1028,5
1730469600,41960.0,42005.0,41954.0,41997.0,1165,5
1730473200,41998.0,42051.0,41924.0,42039.0,2957,5
1730476800,42040.0,42148.0,41963.0,42103.0,5866,5
1730480400,42116.0,42324.0,42066.0,42262.0,7194,5
1730484000,42263.0,42366.0,42226.0,42235.0,4955,5
1730487600,42235.0,42301.0,42153.0,42173.0,4393,5
1730491200,42174.0,42248.0,42069.0,42077.0,4840,5
1730494800,42075.0,42178.0,42043.0,42153.0,4305,5
1730498400,42149.0,42194.0,42028.0,42069.0,4968,5
1730502000,42063.0,42117.0,42063.0,42074.0,1087,5
1730682000,42024.0,42032.0,41953.0,41974.0,1547,5
1730685600,41975.0,41977.0,41933.0,41953.0,1020,5
1730689200,41953.0,42008.0,41945.0,41998.0,1161,5
1730692800,41999.0,42055.0,41989.0,42032.0,1106,5
1730696400,42032.0,42058.0,42028.0,42052.0,780,5
1730700000,42052.0,42098.0,42048.0,42080.0,626,4
1730703600,42080.0,42080.0,42054.0,42066.0,689,4
1730707200,42066.0,42098.0,42063.0,42077.0,736,5
1730710800,42077.0,42092.0,42000.0,42006.0,1234,5
1730714400,42007.0,42085.0,42000.0,42048.0,2428,5
1730718000,42048.0,42111.0,42044.0,42109.0,2060,5
1730721600,42109.0,42164.0,42103.0,42161.0,1427,5
1730725200,42161.0,42168.0,42122.0,42137.0,1256,5
1730728800,42139.0,42149.0,42060.0,42101.0,1821,5
1730732400,42101.0,42112.0,42054.0,42062.0,1813,5
1730736000,42061.0,42072.0,41899.0,42005.0,6214,5
1730739600,42004.0,42041.0,41940.0,41957.0,7246,5
1730743200,41958.0,41978.0,41683.0,41720.0,6002,5
1730746800,41721.0,41926.0,41693.0,41918.0,5239,5
1730750400,41917.0,41936.0,41810.0,41870.0,4892,5
1730754000,41872.0,41909.0,41831.0,41876.0,3753,5
1730757600,41876.0,41885.0,41805.0,41850.0,4395,5
1730761200,41849.0,41875.0,41830.0,41875.0,1118,5
1730768400,41891.0,41900.0,41850.0,41851.0,974,5
1730772000,41850.0,41853.0,41831.0,41845.0,936,5
1730775600,41843.0,41891.0,41814.0,41879.0,1541,5
1730779200,41877.0,41894.0,41846.0,41878.0,996,5
1730782800,41878.0,41885.0,41860.0,41861.0,692,5
1730786400,41861.0,41883.0,41853.0,41859.0,534,5
1730790000,41859.0,41903.0,41859.0,41896.0,709,5
1730793600,41896.0,41913.0,41886.0,41905.0,625,5
1730797200,41905.0,41929.0,41872.0,41905.0,960,5
1730800800,41913.0,41919.0,41843.0,41918.0,2034,5
1730804400,41917.0,41922.0,41887.0,41892.0,1471,5
1730808000,41892.0,41912.0,41856.0,41903.0,1073,5
1730811600,41903.0,41932.0,41895.0,41896.0,916,5
1730815200,41897.0,41913.0,41854.0,41877.0,1210,5
1730818800,41877.0,41912.0,41864.0,41881.0,1504,5
1730822400,41881.0,42057.0,41813.0,42055.0,5538,5
1730826000,42063.0,42229.0,42032.0,42137.0,6757,5
1730829600,42133.0,42195.0,42107.0,42168.0,5080,5
1730833200,42170.0,42313.0,42147.0,42300.0,3716,5
1730836800,42302.0,42302.0,42146.0,42205.0,4262,5
1730840400,42206.0,42258.0,42160.0,42174.0,4158,5
1730844000,42172.0,42285.0,42158.0,42277.0,4521,5
1730847600,42276.0,42354.0,42272.0,42341.0,1600,5
1730854800,42341.0,42365.0,42318.0,42330.0,1130,5
1730858400,42329.0,42599.0,42326.0,42500.0,2931,5
1730862000,42501.0,42633.0,42497.0,42568.0,2145,5
1730865600,42568.0,42859.0,42547.0,42852.0,3092,5
1730869200,42855.0,42922.0,42762.0,42812.0,3848,5
1730872800,42812.0,42860.0,42747.0,42838.0,2700,5
1730876400,42838.0,42864.0,42748.0,42856.0,2766,5
1730880000,42856.0,43031.0,42810.0,42979.0,2290,5
1730883600,42979.0,43254.0,42978.0,43136.0,3918,5
1730887200,43128.0,43449.0,43113.0,43408.0,4725,5
1730890800,43412.0,43465.0,43362.0,43465.0,3439,5
1730894400,43465.0,43544.0,43437.0,43513.0,2346,5
1730898000,43513.0,43558.0,43434.0,43476.0,2942,5
1730901600,43477.0,43681.0,43437.0,43633.0,3433,5
1730905200,43634.0,43641.0,43487.0,43520.0,3541,5
1730908800,43520.0,43636.0,43426.0,43474.0,8417,5
1730912400,43483.0,43693.0,43456.0,43574.0,9356,5
1730916000,43576.0,43687.0,43530.0,43651.0,6182,5
1730919600,43651.0,43697.0,43607.0,43679.0,4092,5
1730923200,43680.0,43789.0,43670.0,43741.0,3649,5
1730926800,43741.0,43767.0,43707.0,43737.0,3225,5
1730930400,43736.0,43853.0,43734.0,43798.0,4351,5
1730934000,43799.0,43862.0,43779.0,43858.0,1504,5
1730941200,43846.0,43848.0,43807.0,43809.0,930,5
1730944800,43809.0,43841.0,43776.0,43790.0,1399,5
1730948400,43791.0,43866.0,43786.0,43848.0,1763,5
1730952000,43848.0,43868.0,43834.0,43842.0,1314,5
1730955600,43842.0,43907.0,43842.0,43892.0,895,5
1730959200,43892.0,43919.0,43880.0,43904.0,621,5
1730962800,43904.0,43920.0,43890.0,43904.0,718,5
1730966400,43904.0,43909.0,43870.0,43870.0,789,5
1730970000,43870.0,43890.0,43829.0,43848.0,1361,5
1730973600,43852.0,43913.0,43845.0,43888.0,1980,5
1730977200,43889.0,43922.0,43856.0,43860.0,1300,5
1730980800,43860.0,43902.0,43860.0,43898.0,964,5
1730984400,43898.0,43916.0,43854.0,43913.0,964,5
1730988000,43913.0,43918.0,43857.0,43882.0,1505,5
1730991600,43883.0,43906.0,43767.0,43825.0,2304,5
1730995200,43825.0,43870.0,43709.0,43829.0,5823,5
1730998800,43827.0,43850.0,43780.0,43822.0,5828,5
1731002400,43824.0,43837.0,43746.0,43789.0,4265,5
1731006000,43789.0,43865.0,43780.0,43844.0,2761,5
1731009600,43844.0,43850.0,43752.0,43799.0,2832,5
1731013200,43799.0,43850.0,43709.0,43850.0,6244,5
1731016800,43850.0,43892.0,43785.0,43808.0,5316,5
1731020400,43807.0,43858.0,43802.0,43831.0,1238,5
1731027600,43850.0,43859.0,43810.0,43852.0,862,5
1731031200,43852.0,43857.0,43817.0,43822.0,800,5
1731034800,43822.0,43835.0,43812.0,43829.0,1097,5
1731038400,43829.0,43833.0,43796.0,43802.0,898,5
1731042000,43802.0,43814.0,43802.0,43809.0,551,5
1731045600,43809.0,43823.0,43796.0,43798.0,461,5
1731049200,43798.0,43837.0,43795.0,43828.0,604,5
1731052800,43828.0,43836.0,43797.0,43810.0,593,5
1731056400,43812.0,43854.0,43803.0,43845.0,751,5
1731060000,43845.0,43847.0,43793.0,43806.0,2126,5
1731063600,43806.0,43831.0,43792.0,43798.0,1248,5
1731067200,43798.0,43813.0,43761.0,43797.0,1646,5
1731070800,43797.0,43829.0,43785.0,43811.0,1450,5
1731074400,43811.0,43847.0,43797.0,43841.0,1206,5
1731078000,43841.0,43856.0,43816.0,43835.0,1498,5
1731081600,43836.0,43945.0,43785.0,43924.0,5028,5
1731085200,43923.0,44075.0,43891.0,44053.0,6017,5
1731088800,44053.0,44093.0,44004.0,44016.0,4162,5
1731092400,44017.0,44061.0,43987.0,44045.0,3241,5
1731096000,44044.0,44102.0,44005.0,44091.0,2913,5
1731099600,44090.0,44204.0,44085.0,44118.0,3233,5
1731103200,44118.0,44140.0,44018.0,44055.0,4236,5
1731106800,44056.0,44078.0,44034.0,44036.0,1116,5
1731286800,44091.0,44113.0,44061.0,44111.0,906,5
1731290400,44111.0,44116.0,44081.0,44083.0,634,4
1731294000,44083.0,44094.0,44070.0,44086.0,796,4
1731297600,44086.0,44101.0,44076.0,44080.0,625,5
1731301200,44079.0,44088.0,44073.0,44086.0,373,5
1731304800,44086.0,44094.0,44082.0,44089.0,365,5
1731308400,44089.0,44102.0,44087.0,44090.0,363,5
1731312000,44090.0,44120.0,44087.0,44116.0,357,5
1731315600,44116.0,44142.0,44109.0,44141.0,520,4
1731319200,44141.0,44170.0,44130.0,44161.0,1234,4
1731322800,44161.0,44187.0,44138.0,44181.0,1100,5
1731326400,44181.0,44226.0,44175.0,44215.0,851,5
1731330000,44215.0,44261.0,44206.0,44254.0,714,5
1731333600,44254.0,44271.0,44229.0,44258.0,927,5
1731337200,44258.0,44265.0,44220.0,44223.0,1316,5
1731340800,44223.0,44543.0,44204.0,44541.0,5243,5
1731344400,44541.0,44543.0,44387.0,44446.0,5926,5
1731348000,44447.0,44482.0,44363.0,44426.0,4017,5
1731351600,44426.0,44426.0,44364.0,44366.0,2844,5
1731355200,44366.0,44389.0,44295.0,44368.0,3778,5
1731358800,44368.0,44394.0,44347.0,44378.0,2682,5
1731362400,44377.0,44377.0,44307.0,44358.0,3333,5
1731366000,44354.0,44361.0,44334.0,44338.0,987,5
1731373200,44320.0,44320.0,44294.0,44320.0,616,5
1731376800,44315.0,44323.0,44278.0,44295.0,1035,5
1731380400,44295.0,44329.0,44290.0,44307.0,1210,5
1731384000,44307.0,44314.0,44269.0,44281.0,970,5
1731387600,44281.0,44306.0,44277.0,44286.0,557,5
1731391200,44286.0,44298.0,44276.0,44298.0,487,5
1731394800,44298.0,44298.0,44280.0,44290.0,587,5
1731398400,44290.0,44297.0,44281.0,44295.0,537,5
1731402000,44294.0,44305.0,44265.0,44305.0,844,5
1731405600,44305.0,44335.0,44270.0,44323.0,1247,5
1731409200,44323.0,44332.0,44292.0,44300.0,1315,5
1731412800,44300.0,44324.0,44255.0,44266.0,1589,5
1731416400,44266.0,44355.0,44266.0,44313.0,1342,5
1731420000,44313.0,44325.0,44269.0,44308.0,1450,5
1731423600,44308.0,44440.0,44278.0,44415.0,2101,5
1731427200,44415.0,44466.0,44338.0,44347.0,4746,5
1731430800,44349.0,44350.0,44193.0,44228.0,5401,5
1731434400,44229.0,44234.0,44095.0,44098.0,4446,5
1731438000,44098.0,44116.0,43969.0,43977.0,3848,5
1731441600,43977.0,44176.0,43960.0,44156.0,4080,5
1731445200,44156.0,44202.0,44087.0,44093.0,3694,5
1731448800,44093.0,44114.0,43950.0,43984.0,3969,5
1731452400,43982.0,44018.0,43968.0,43990.0,959,5
1731459600,43993.0,43995.0,43930.0,43971.0,951,5
1731463200,43971.0,43974.0,43943.0,43956.0,951,5
1731466800,43956.0,43966.0,43934.0,43943.0,1181,5
1731470400,43943.0,43957.0,43929.0,43952.0,792,5
1731474000,43952.0,43966.0,43934.0,43937.0,776,5
1731477600,43937.0,43943.0,43921.0,43929.0,642,5
1731481200,43929.0,43935.0,43891.0,43893.0,687,5
1731484800,43893.0,43900.0,43834.0,43844.0,1120,5
1731488400,43844.0,43860.0,43823.0,43834.0,1345,5
1731492000,43834.0,43898.0,43814.0,43893.0,1964,5
1731495600,43893.0,43918.0,43867.0,43907.0,1196,5
1731499200,43907.0,43950.0,43900.0,43902.0,1165,4
1731502800,43903.0,43916.0,43840.0,43842.0,1089,5
1731506400,43842.0,43909.0,43842.0,43892.0,1668,5
1731510000,43892.0,44090.0,43883.0,43994.0,3352,5
1731513600,43996.0,44076.0,43975.0,44043.0,6639,5
1731517200,44040.0,44107.0,43882.0,44086.0,7316,5
1731520800,44086.0,44178.0,44055.0,44132.0,4848,5
1731524400,44131.0,44195.0,44114.0,44185.0,4094,5
1731528000,44185.0,44195.0,44089.0,44097.0,3303,5
1731531600,44097.0,44121.0,43985.0,43997.0,4178,5
1731535200,43997.0,44096.0,43979.0,44022.0,4663,5
1731538800,44016.0,44084.0,44006.0,44056.0,1195,5
1731546000,44050.0,44076.0,44037.0,44066.0,718,5
1731549600,44066.0,44074.0,44024.0,44054.0,800,5
1731553200,44054.0,44054.0,44019.0,44020.0,904,5
1731556800,44020.0,44023.0,43990.0,43993.0,811,5
1731560400,43993.0,44019.0,43988.0,44004.0,757,5
1731564000,44004.0,44028.0,43999.0,44000.0,586,5
1731567600,44000.0,44005.0,43967.0,43981.0,829,5
1731571200,43981.0,43990.0,43953.0,43955.0,808,5
1731574800,43955.0,44044.0,43951.0,44036.0,1171,5
1731578400,44036.0,44091.0,44029.0,44053.0,1868,5
1731582000,44053.0,44100.0,44053.0,44072.0,1565,5
1731585600,44072.0,44091.0,44057.0,44062.0,1163,5
1731589200,44062.0,44147.0,44035.0,44140.0,1425,5
1731592800,44140.0,44143.0,44106.0,44110.0,1316,5
1731596400,44110.0,44170.0,44077.0,44111.0,2596,5
1731600000,44111.0,44139.0,43956.0,44007.0,6067,5
1731603600,44006.0,44045.0,43919.0,43995.0,6351,5
1731607200,43993.0,44036.0,43912.0,43938.0,4571,5
1731610800,43940.0,43942.0,43813.0,43891.0,5200,5
1731614400,43890.0,43921.0,43795.0,43804.0,4239,5
1731618000,43802.0,43947.0,43801.0,43920.0,3892,5
1731621600,43920.0,43920.0,43754.0,43821.0,6895,5
1731625200,43823.0,43827.0,43739.0,43811.0,1778,5
1731632400,43816.0,43816.0,43754.0,43769.0,990,5
1731636000,43769.0,43769.0,43707.0,43728.0,1253,5
1731639600,43727.0,43731.0,43691.0,43699.0,1456,5
1731643200,43699.0,43713.0,43674.0,43705.0,973,5
1731646800,43705.0,43731.0,43693.0,43709.0,849,5
1731650400,43709.0,43719.0,43686.0,43706.0,777,5
1731654000,43706.0,43721.0,43677.0,43683.0,753,5
1731657600,43684.0,43685.0,43609.0,43642.0,1465,5
1731661200,43642.0,43642.0,43572.0,43574.0,1432,5
1731664800,43574.0,43637.0,43531.0,43635.0,2627,5
1731668400,43635.0,43645.0,43602.0,43603.0,1461,5
1731672000,43603.0,43632.0,43590.0,43629.0,1261,5
1731675600,43629.0,43650.0,43624.0,43634.0,943,5
1731679200,43634.0,43690.0,43634.0,43679.0,1067,5
1731682800,43679.0,43708.0,43628.0,43638.0,2766,5
1731686400,43639.0,43693.0,43559.0,43576.0,6311,5
1731690000,43570.0,43580.0,43463.0,43480.0,7899,5
1731693600,43478.0,43591.0,43438.0,43475.0,6358,5
1731697200,43475.0,43482.0,43390.0,43443.0,5327,5
1731700800,43443.0,43505.0,43396.0,43440.0,4983,5
1731704400,43440.0,43519.0,43417.0,43466.0,4538,5
1731708000,43466.0,43559.0,43426.0,43487.0,5228,5
1731711600,43489.0,43534.0,43489.0,43497.0,1260,5
1731891600,43487.0,43492.0,43420.0,43464.0,1117,5
1731895200,43464.0,43517.0,43457.0,43513.0,803,5
1731898800,43513.0,43526.0,43503.0,43512.0,693,5
1731902400,43512.0,43512.0,43479.0,43482.0,706,5
1731906000,43482.0,43486.0,43451.0,43456.0,592,5
1731909600,43456.0,43489.0,43455.0,43476.0,423,5
1731913200,43476.0,43499.0,43457.0,43482.0,531,5
1731916800,43482.0,43514.0,43469.0,43506.0,523,5
1731920400,43506.0,43508.0,43400.0,43413.0,1246,5
1731924000,43413.0,43444.0,43360.0,43383.0,2345,5
1731927600,43383.0,43424.0,43348.0,43382.0,2660,5
1731931200,43382.0,43405.0,43355.0,43395.0,1196,5
1731934800,43395.0,43403.0,43304.0,43334.0,1130,5
1731938400,43339.0,43444.0,43335.0,43417.0,1450,5
1731942000,43417.0,43433.0,43352.0,43423.0,2023,5
1731945600,43423.0,43474.0,43374.0,43401.0,5227,5
1731949200,43402.0,43499.0,43341.0,43498.0,5491,5
1731952800,43498.0,43559.0,43462.0,43488.0,4118,5
1731956400,43487.0,43522.0,43450.0,43516.0,4173,5
1731960000,43516.0,43521.0,43366.0,43448.0,3689,5
1731963600,43448.0,43466.0,43361.0,43429.0,4057,5
1731967200,43426.0,43454.0,43402.0,43445.0,3374,5
1731970800,43443.0,43443.0,43412.0,43425.0,704,5
1731978000,43427.0,43430.0,43389.0,43422.0,730,5
1731981600,43422.0,43456.0,43405.0,43424.0,1028,5
1731985200,43424.0,43447.0,43403.0,43444.0,1149,5
1731988800,43445.0,43474.0,43431.0,43473.0,932,5
1731992400,43473.0,43519.0,43473.0,43513.0,800,5
1731996000,43513.0,43535.0,43507.0,43515.0,713,5
1731999600,43515.0,43516.0,43490.0,43504.0,728,5
1732003200,43503.0,43504.0,43481.0,43482.0,598,5
1732006800,43482.0,43508.0,43455.0,43485.0,971,5
1732010400,43484.0,43525.0,43347.0,43409.0,3261,5
1732014000,43409.0,43437.0,43155.0,43187.0,5272,5
1732017600,43187.0,43232.0,43157.0,43211.0,3436,5
1732021200,43211.0,43235.0,43171.0,43200.0,2408,5
1732024800,43200.0,43265.0,43181.0,43263.0,2292,5
1732028400,43263.0,43263.0,42942.0,42947.0,3225,5
1732032000,42947.0,43128.0,42906.0,43074.0,7556,4
1732035600,43075.0,43279.0,43006.0,43238.0,7461,5
1732039200,43240.0,43338.0,43210.0,43320.0,4632,5
1732042800,43319.0,43370.0,43252.0,43325.0,4073,5
1732046400,43325.0,43442.0,43298.0,43431.0,3632,5
1732050000,43431.0,43436.0,43256.0,43283.0,3957,5
1732053600,43282.0,43325.0,43260.0,43312.0,3412,5
1732057200,43313.0,43344.0,43308.0,43312.0,1103,5
1732064400,43319.0,43386.0,43319.0,43378.0,791,5
1732068000,43378.0,43437.0,43375.0,43396.0,1059,5
1732071600,43396.0,43407.0,43367.0,43378.0,1292,5
1732075200,43378.0,43423.0,43376.0,43415.0,852,5
1732078800,43415.0,43420.0,43359.0,43370.0,810,5
1732082400,43370.0,43408.0,43370.0,43407.0,590,5
1732086000,43407.0,43414.0,43387.0,43399.0,624,5
1732089600,43399.0,43460.0,43396.0,43442.0,866,5
1732093200,43442.0,43471.0,43400.0,43448.0,1376,5
1732096800,43448.0,43475.0,43425.0,43434.0,2343,5
1732100400,43434.0,43465.0,43416.0,43439.0,1847,5
1732104000,43439.0,43440.0,43363.0,43397.0,1830,5
1732107600,43397.0,43422.0,43375.0,43409.0,1850,5
1732111200,43408.0,43467.0,43388.0,43462.0,1534,5
1732114800,43462.0,43483.0,43398.0,43402.0,1741,5
1732118400,43401.0,43403.0,43219.0,43249.0,5285,5
1732122000,43246.0,43291.0,43101.0,43277.0,6551,5
1732125600,43276.0,43328.0,43138.0,43294.0,5174,5
1732129200,43294.0,43307.0,43127.0,43224.0,4408,4
1732132800,43223.0,43267.0,43155.0,43193.0,4010,5
1732136400,43192.0,43293.0,43169.0,43264.0,3467,5
1732140000,43264.0,43507.0,43241.0,43445.0,4412,5
1732143600,43443.0,43505.0,43374.0,43493.0,3906,5
1732150800,43487.0,43495.0,43414.0,43478.0,1155,5
1732154400,43478.0,43487.0,43381.0,43386.0,1627,5
1732158000,43387.0,43415.0,43356.0,43367.0,1615,5
1732161600,43367.0,43404.0,43366.0,43372.0,1155,5
1732165200,43372.0,43425.0,43370.0,43392.0,885,5
1732168800,43392.0,43422.0,43374.0,43418.0,749,5
1732172400,43418.0,43447.0,43414.0,43433.0,729,5
1732176000,43433.0,43463.0,43425.0,43460.0,774,5
1732179600,43461.0,43497.0,43342.0,43421.0,2586,5
1732183200,43424.0,43460.0,43334.0,43395.0,4088,5
1732186800,43395.0,43395.0,43304.0,43363.0,3622,5
1732190400,43362.0,43416.0,43346.0,43403.0,1995,5
1732194000,43403.0,43537.0,43401.0,43520.0,2540,5
1732197600,43519.0,43643.0,43513.0,43587.0,2475,5
1732201200,43587.0,43670.0,43570.0,43598.0,2549,5
1732204800,43599.0,43639.0,43366.0,43497.0,6895,5
1732208400,43496.0,43800.0,43447.0,43772.0,8731,5
1732212000,43772.0,43879.0,43744.0,43829.0,6240,5
1732215600,43828.0,44016.0,43769.0,43990.0,4393,5
1732219200,43990.0,44067.0,43944.0,43980.0,3684,5
1732222800,43980.0,44012.0,43953.0,43998.0,3344,5
1732226400,43998.0,44020.0,43905.0,43905.0,3354,5
1732230000,43904.0,43935.0,43891.0,43908.0,972,5
1732237200,43888.0,43906.0,43875.0,43892.0,840,5
1732240800,43894.0,43925.0,43882.0,43894.0,1308,5
1732244400,43894.0,43930.0,43894.0,43912.0,1205,5
1732248000,43912.0,43937.0,43900.0,43929.0,977,5
1732251600,43929.0,43955.0,43864.0,43902.0,1355,5
1732255200,43902.0,43930.0,43896.0,43918.0,1001,5
1732258800,43918.0,43924.0,43881.0,43882.0,1119,5
1732262400,43882.0,43939.0,43879.0,43918.0,1138,5
1732266000,43918.0,43979.0,43913.0,43930.0,1354,5
1732269600,43930.0,43973.0,43917.0,43939.0,2642,5
1732273200,43939.0,43939.0,43746.0,43848.0,3631,5
1732276800,43848.0,43856.0,43756.0,43839.0,2604,5
1732280400,43839.0,43880.0,43786.0,43876.0,2070,4
1732284000,43877.0,43960.0,43872.0,43952.0,1984,5
1732287600,43952.0,43981.0,43915.0,43940.0,2103,5
1732291200,43940.0,44238.0,43927.0,44221.0,6142,5
1732294800,44213.0,44236.0,44027.0,44193.0,8434,5
1732298400,44193.0,44200.0,44074.0,44195.0,5997,5
1732302000,44196.0,44281.0,44169.0,44255.0,4191,5
1732305600,44252.0,44292.0,44221.0,44257.0,3958,5
1732309200,44259.0,44308.0,44185.0,44282.0,3607,5
1732312800,44282.0,44363.0,44192.0,44320.0,4518,5
1732316400,44319.0,44382.0,44308.0,44377.0,1216,5
1732496400,44492.0,44579.0,44492.0,44549.0,1062,5
1732500000,44549.0,44585.0,44547.0,44584.0,714,5
1732503600,44584.0,44602.0,44572.0,44587.0,803,5
1732507200,44587.0,44604.0,44585.0,44603.0,622,5
1732510800,44603.0,44608.0,44586.0,44596.0,544,5
1732514400,44597.0,44601.0,44590.0,44595.0,420,5
1732518000,44595.0,44604.0,44587.0,44600.0,533,5
1732521600,44600.0,44603.0,44588.0,44599.0,581,5
1732525200,44599.0,44606.0,44562.0,44591.0,896,5
1732528800,44591.0,44620.0,44582.0,44583.0,1734,5
1732532400,44583.0,44650.0,44572.0,44637.0,1523,5
1732536000,44638.0,44649.0,44623.0,44643.0,985,5
1732539600,44642.0,44661.0,44634.0,44647.0,984,5
1732543200,44647.0,44659.0,44586.0,44656.0,1576,5
1732546800,44656.0,44741.0,44646.0,44725.0,1877,5
1732550400,44725.0,44862.0,44669.0,44817.0,6499,5
1732554000,44816.0,44852.0,44703.0,44744.0,7626,5
1732557600,44744.0,44759.0,44628.0,44647.0,5183,5
1732561200,44648.0,44707.0,44557.0,44646.0,4968,5
1732564800,44646.0,44769.0,44646.0,44763.0,3637,5
1732568400,44763.0,44781.0,44714.0,44754.0,3317,5
1732572000,44754.0,44788.0,44707.0,44771.0,3605,5
1732575600,44770.0,44837.0,44753.0,44806.0,1243,5
1732582800,44805.0,44832.0,44635.0,44679.0,2148,5
1732586400,44679.0,44684.0,44627.0,44639.0,2450,5
1732590000,44640.0,44719.0,44599.0,44707.0,2250,5
1732593600,44707.0,44757.0,44706.0,44741.0,1366,5
1732597200,44742.0,44780.0,44738.0,44776.0,954,5
1732600800,44776.0,44802.0,44769.0,44780.0,753,5
1732604400,44780.0,44790.0,44757.0,44765.0,882,5
1732608000,44765.0,44807.0,44762.0,44784.0,913,5
1732611600,44784.0,44806.0,44746.0,44748.0,1559,5
1732615200,44752.0,44768.0,44725.0,44747.0,2646,5
1732618800,44747.0,44783.0,44733.0,44779.0,2016,5
1732622400,44779.0,44800.0,44732.0,44789.0,1508,5
1732626000,44789.0,44866.0,44779.0,44857.0,1436,5
1732629600,44857.0,44857.0,44651.0,44735.0,2348,5
1732633200,44735.0,44753.0,44582.0,44623.0,2170,5
1732636800,44623.0,44705.0,44567.0,44601.0,6037,5
1732640400,44623.0,44623.0,44479.0,44555.0,6633,5
1732644000,44556.0,44685.0,44536.0,44662.0,4245,5
1732647600,44662.0,44748.0,44618.0,44737.0,3246,5
1732651200,44737.0,44811.0,44728.0,44798.0,2430,5
1732654800,44796.0,44854.0,44736.0,44839.0,3417,5
1732658400,44839.0,44944.0,44834.0,44895.0,3295,5
1732662000,44899.0,44948.0,44890.0,44918.0,797,5
1732669200,44914.0,44932.0,44890.0,44922.0,625,5
1732672800,44921.0,44929.0,44901.0,44925.0,720,5
1732676400,44925.0,44940.0,44919.0,44936.0,646,5
1732680000,44936.0,44965.0,44936.0,44951.0,583,5
1732683600,44951.0,44951.0,44918.0,44936.0,579,5
1732687200,44936.0,44936.0,44899.0,44915.0,540,5
1732690800,44914.0,44922.0,44899.0,44901.0,610,5
1732694400,44901.0,44926.0,44901.0,44911.0,672,5
1732698000,44911.0,44940.0,44897.0,44898.0,957,5
1732701600,44904.0,44906.0,44845.0,44869.0,2837,5
1732705200,44869.0,44882.0,44829.0,44859.0,2076,5
1732708800,44859.0,44897.0,44838.0,44883.0,1394,5
1732712400,44883.0,44893.0,44836.0,44889.0,1205,5
1732716000,44887.0,44920.0,44882.0,44899.0,1216,5
1732719600,44899.0,44979.0,44894.0,44953.0,1835,5
1732723200,44953.0,45058.0,44909.0,44969.0,4643,5
1732726800,44970.0,45039.0,44923.0,44927.0,5848,5
1732730400,44927.0,44957.0,44859.0,44868.0,4358,5
1732734000,44867.0,44879.0,44794.0,44807.0,3587,5
1732737600,44806.0,44815.0,44751.0,44801.0,2712,5
1732741200,44801.0,44822.0,44764.0,44782.0,2459,5
1732744800,44783.0,44803.0,44729.0,44764.0,3228,5
1732748400,44766.0,44788.0,44756.0,44783.0,738,5
1732755600,44791.0,44827.0,44789.0,44819.0,431,5
1732759200,44819.0,44832.0,44816.0,44820.0,534,5
1732762800,44820.0,44842.0,44811.0,44833.0,709,5
1732766400,44833.0,44856.0,44832.0,44851.0,598,5
1732770000,44850.0,44851.0,44828.0,44835.0,363,5
1732773600,44835.0,44835.0,44824.0,44827.0,318,5
1732777200,44827.0,44840.0,44827.0,44834.0,236,5
1732780800,44834.0,44836.0,44817.0,44819.0,286,5
1732784400,44819.0,44820.0,44765.0,44775.0,623,5
1732788000,44775.0,44824.0,44775.0,44811.0,1124,5
1732791600,44811.0,44840.0,44808.0,44811.0,715,5
1732795200,44811.0,44814.0,44791.0,44812.0,863,5
1732798800,44812.0,44851.0,44808.0,44828.0,777,5
1732802400,44828.0,44833.0,44790.0,44825.0,723,5
1732806000,44825.0,44851.0,44823.0,44834.0,796,5
1732809600,44834.0,44863.0,44817.0,44847.0,1041,5
1732813200,44848.0,44887.0,44834.0,44871.0,1755,5
1732816800,44871.0,44889.0,44868.0,44885.0,772,5
1732820400,44885.0,44915.0,44881.0,44893.0,623,5
1732842000,44889.0,44901.0,44863.0,44896.0,616,5
1732845600,44894.0,44899.0,44824.0,44836.0,1271,5
1732849200,44836.0,44883.0,44826.0,44880.0,1333,5
1732852800,44880.0,44905.0,44879.0,44902.0,775,5
1732856400,44902.0,44914.0,44893.0,44904.0,721,5
1732860000,44904.0,44913.0,44896.0,44912.0,483,5
1732863600,44912.0,44916.0,44892.0,44894.0,710,5
1732867200,44894.0,44907.0,44880.0,44895.0,792,5
1732870800,44896.0,44902.0,44863.0,44889.0,1466,5
1732874400,44889.0,44935.0,44875.0,44894.0,1893,5
1732878000,44895.0,44938.0,44879.0,44924.0,1315,5
1732881600,44924.0,44945.0,44899.0,44911.0,1086,5
1732885200,44911.0,44952.0,44891.0,44949.0,1074,5
1732888800,44949.0,44953.0,44890.0,44909.0,1313,5
1732892400,44909.0,44916.0,44825.0,44852.0,1749,5
1732896000,44852.0,44939.0,44801.0,44861.0,4552,5
1732899600,44862.0,44971.0,44858.0,44964.0,4505,5
1732903200,44963.0,45077.0,44953.0,45056.0,3269,5
1732906800,45056.0,45118.0,44983.0,45001.0,3461,5
1733101200,44974.0,44998.0,44933.0,44945.0,1101,5
1733104800,44945.0,44971.0,44930.0,44951.0,1065,5
1733108400,44951.0,44955.0,44918.0,44919.0,936,5
1733112000,44919.0,44926.0,44903.0,44922.0,617,5
1733115600,44922.0,44928.0,44898.0,44902.0,497,5
1733119200,44902.0,44926.0,44898.0,44907.0,501,5
1733122800,44907.0,44924.0,44900.0,44901.0,502,5
1733126400,44901.0,44908.0,44877.0,44907.0,593,5
1733130000,44907.0,44912.0,44874.0,44887.0,871,5
1733133600,44882.0,44920.0,44876.0,44916.0,993,5
1733137200,44916.0,44942.0,44903.0,44930.0,1004,5
1733140800,44930.0,44963.0,44919.0,44935.0,1119,5
1733144400,44935.0,44979.0,44935.0,44951.0,960,5
1733148000,44951.0,44989.0,44948.0,44960.0,1260,5
1733151600,44961.0,44987.0,44944.0,44965.0,1365,5
1733155200,44966.0,45070.0,44788.0,44816.0,5074,5
1733158800,44817.0,44875.0,44754.0,44808.0,5710,5
1733162400,44808.0,44879.0,44767.0,44842.0,3889,5
1733166000,44842.0,44862.0,44794.0,44807.0,2714,5
1733169600,44806.0,44882.0,44798.0,44874.0,2514,5
1733173200,44874.0,44898.0,44836.0,44886.0,2517,5
1733176800,44886.0,44903.0,44816.0,44837.0,3011,5
1733180400,44838.0,44866.0,44799.0,44812.0,1029,5
1733187600,44816.0,44846.0,44805.0,44824.0,484,5
1733191200,44824.0,44835.0,44809.0,44818.0,517,5
1733194800,44818.0,44818.0,44795.0,44797.0,591,5
1733198400,44797.0,44805.0,44790.0,44803.0,452,5
1733202000,44803.0,44849.0,44802.0,44839.0,479,5
1733205600,44839.0,44849.0,44835.0,44835.0,372,5
1733209200,44835.0,44852.0,44825.0,44848.0,417,5
1733212800,44848.0,44854.0,44809.0,44812.0,454,5
1733216400,44811.0,44825.0,44796.0,44810.0,606,5
1733220000,44810.0,44867.0,44802.0,44861.0,1642,4
1733223600,44860.0,44860.0,44815.0,44843.0,1168,4
1733227200,44843.0,44848.0,44812.0,44814.0,749,5
1733230800,44814.0,44834.0,44786.0,44827.0,895,5
1733234400,44827.0,44851.0,44819.0,44822.0,1030,5
1733238000,44822.0,44851.0,44811.0,44817.0,1258,4
1733241600,44818.0,44922.0,44699.0,44764.0,4867,4
1733245200,44764.0,44774.0,44666.0,44718.0,5300,4
1733248800,44718.0,44730.0,44621.0,44645.0,3975,4
1733252400,44645.0,44827.0,44642.0,44803.0,2823,5
1733256000,44803.0,44811.0,44729.0,44747.0,2308,5
1733259600,44746.0,44812.0,44710.0,44793.0,2677,5
1733263200,44793.0,44793.0,44735.0,44748.0,2610,5
1733266800,44746.0,44925.0,44670.0,44812.0,1897,5
1733274000,44858.0,44868.0,44817.0,44866.0,921,5
1733277600,44866.0,44867.0,44832.0,44844.0,896,5
1733281200,44844.0,44852.0,44830.0,44843.0,893,5
1733284800,44843.0,44868.0,44843.0,44866.0,704,5
1733288400,44866.0,44870.0,44850.0,44869.0,611,5
1733292000,44869.0,44892.0,44868.0,44887.0,406,5
1733295600,44888.0,44898.0,44878.0,44893.0,466,5
1733299200,44893.0,44897.0,44867.0,44890.0,456,5
1733302800,44890.0,44904.0,44860.0,44902.0,745,5
1733306400,44907.0,44920.0,44879.0,44911.0,1492,5
1733310000,44911.0,44952.0,44895.0,44944.0,1407,5
1733313600,44944.0,44969.0,44938.0,44962.0,983,5
1733317200,44962.0,44981.0,44928.0,44959.0,1241,5
1733320800,44959.0,44973.0,44915.0,44924.0,1216,5
1733324400,44924.0,44971.0,44823.0,44940.0,1993,4
1733328000,44937.0,45064.0,44921.0,45000.0,5168,5
1733331600,44986.0,45006.0,44858.0,44919.0,5980,5
1733335200,44919.0,45021.0,44903.0,44989.0,3826,5
1733338800,44989.0,44991.0,44906.0,44947.0,2852,5
1733342400,44947.0,44958.0,44833.0,44916.0,3110,5
1733346000,44918.0,45034.0,44903.0,45006.0,2870,5
1733349600,45006.0,45120.0,44997.0,45052.0,3216,5
1733353200,45051.0,45071.0,45035.0,45044.0,909,5
1733360400,45037.0,45061.0,45031.0,45043.0,577,5
1733364000,45043.0,45044.0,45029.0,45035.0,728,5
1733367600,45035.0,45063.0,45031.0,45056.0,774,5
1733371200,45056.0,45071.0,45046.0,45047.0,518,5
1733374800,45047.0,45055.0,45040.0,45050.0,427,5
1733378400,45050.0,45050.0,45030.0,45039.0,430,5
1733382000,45039.0,45062.0,45037.0,45062.0,483,5
1733385600,45062.0,45081.0,45060.0,45074.0,575,5
1733389200,45074.0,45077.0,45059.0,45070.0,854,5
1733392800,45070.0,45105.0,45065.0,45079.0,1445,5
1733396400,45079.0,45079.0,45042.0,45058.0,1115,5
1733400000,45058.0,45069.0,45011.0,45019.0,842,5
1733403600,45019.0,45054.0,45014.0,45033.0,806,5
1733407200,45032.0,45057.0,45030.0,45051.0,932,5
1733410800,45051.0,45055.0,44977.0,45007.0,1496,5
1733414400,45009.0,45098.0,44959.0,45076.0,5116,5
1733418000,45075.0,45103.0,44900.0,44962.0,5618,5
1733421600,44962.0,44991.0,44918.0,44943.0,3922,5
1733425200,44943.0,44958.0,44882.0,44952.0,3086,5
1733428800,44952.0,44960.0,44846.0,44915.0,3821,5
1733432400,44915.0,44932.0,44862.0,44879.0,3236,5
1733436000,44879.0,44880.0,44792.0,44827.0,4185,5
1733439600,44826.0,44827.0,44763.0,44813.0,1191,5
1733446800,44809.0,44820.0,44786.0,44809.0,602,5
1733450400,44809.0,44809.0,44783.0,44796.0,658,5
1733454000,44794.0,44795.0,44771.0,44780.0,639,5
1733457600,44780.0,44802.0,44775.0,44790.0,534,5
1733461200,44790.0,44791.0,44766.0,44767.0,488,5
1733464800,44766.0,44784.0,44753.0,44784.0,424,5
1733468400,44784.0,44784.0,44771.0,44782.0,401,5
1733472000,44782.0,44795.0,44781.0,44789.0,371,5
1733475600,44790.0,44803.0,44785.0,44802.0,483,5
1733479200,44802.0,44825.0,44793.0,44814.0,979,5
1733482800,44814.0,44820.0,44780.0,44807.0,1056,5
1733486400,44807.0,44820.0,44781.0,44783.0,734,5
1733490000,44784.0,44796.0,44763.0,44793.0,855,5
1733493600,44793.0,44805.0,44778.0,44780.0,861,5
1733497200,44780.0,44901.0,44739.0,44865.0,2356,5
1733500800,44865.0,44939.0,44842.0,44869.0,5050,5
1733504400,44869.0,44877.0,44802.0,44862.0,5298,5
1733508000,44862.0,44868.0,44704.0,44750.0,4266,5
1733511600,44750.0,44751.0,44651.0,44670.0,3484,5
1733515200,44670.0,44756.0,44666.0,44698.0,2797,5
1733518800,44698.0,44705.0,44619.0,44648.0,2868,5
1733522400,44649.0,44676.0,44633.0,44657.0,2829,5
1733526000,44655.0,44666.0,44640.0,44649.0,695,5
1733706000,44662.0,44707.0,44646.0,44695.0,808,5
1733709600,44695.0,44695.0,44654.0,44668.0,922,5
1733713200,44668.0,44676.0,44646.0,44650.0,987,5
1733716800,44650.0,44665.0,44634.0,44645.0,696,5
1733720400,44645.0,44654.0,44625.0,44626.0,538,5
1733724000,44626.0,44641.0,44615.0,44634.0,567,5
1733727600,44634.0,44644.0,44624.0,44632.0,551,5
1733731200,44632.0,44640.0,44625.0,44631.0,477,5
1733734800,44631.0,44673.0,44609.0,44667.0,1309,4
1733738400,44667.0,44685.0,44626.0,44632.0,1890,5
1733742000,44632.0,44689.0,44630.0,44664.0,1701,4
1733745600,44664.0,44674.0,44638.0,44671.0,1088,5
1733749200,44671.0,44703.0,44651.0,44698.0,1436,4
1733752800,44697.0,44697.0,44662.0,44686.0,1166,5
1733756400,44686.0,44722.0,44674.0,44715.0,1053,4
1733760000,44715.0,44772.0,44653.0,44677.0,4694,4
1733763600,44679.0,44729.0,44551.0,44582.0,6150,4
1733767200,44582.0,44692.0,44553.0,44683.0,5060,4
1733770800,44681.0,44684.0,44565.0,44567.0,3701,5
1733774400,44567.0,44635.0,44540.0,44582.0,3820,4
1733778000,44581.0,44598.0,44520.0,44547.0,3698,4
1733781600,44548.0,44552.0,44416.0,44443.0,3665,5
1733785200,44444.0,44444.0,44415.0,44424.0,913,4
1733792400,44431.0,44439.0,44414.0,44429.0,572,5
1733796000,44428.0,44429.0,44405.0,44425.0,578,5
1733799600,44425.0,44428.0,44396.0,44412.0,638,5
1733803200,44412.0,44419.0,44404.0,44409.0,363,5
1733806800,44409.0,44434.0,44409.0,44431.0,344,5
1733810400,44431.0,44434.0,44421.0,44425.0,213,5
1733814000,44425.0,44448.0,44424.0,44439.0,398,5
1733817600,44439.0,44450.0,44434.0,44437.0,397,5
1733821200,44437.0,44485.0,44436.0,44454.0,537,5
1733824800,44454.0,44472.0,44417.0,44418.0,1085,5
1733828400,44418.0,44436.0,44393.0,44409.0,1151,5
1733832000,44407.0,44440.0,44407.0,44433.0,838,5
1733835600,44433.0,44452.0,44413.0,44434.0,935,5
1733839200,44434.0,44445.0,44394.0,44397.0,1014,5
1733842800,44397.0,44397.0,44321.0,44357.0,1673,5
1733846400,44357.0,44393.0,44225.0,44362.0,5384,5
1733850000,44361.0,44482.0,44299.0,44463.0,5876,5
1733853600,44462.0,44516.0,44437.0,44465.0,4657,5
1733857200,44464.0,44489.0,44404.0,44406.0,3673,5
1733860800,44406.0,44464.0,44390.0,44421.0,2864,5
1733864400,44422.0,44471.0,44379.0,44454.0,3146,5
1733868000,44453.0,44458.0,44252.0,44303.0,3989,5
1733871600,44302.0,44351.0,44297.0,44323.0,881,5
1733878800,44344.0,44351.0,44314.0,44322.0,431,5
1733882400,44322.0,44326.0,44303.0,44316.0,482,5
1733886000,44315.0,44321.0,44305.0,44307.0,485,5
1733889600,44307.0,44309.0,44293.0,44297.0,348,5
1733893200,44297.0,44299.0,44285.0,44296.0,359,5
1733896800,44296.0,44297.0,44268.0,44289.0,360,5
1733900400,44289.0,44305.0,44283.0,44301.0,370,5
1733904000,44301.0,44311.0,44300.0,44310.0,324,5
1733907600,44310.0,44313.0,44262.0,44270.0,1014,5
1733911200,44272.0,44299.0,44262.0,44290.0,1325,5
1733914800,44290.0,44290.0,44240.0,44243.0,1047,5
1733918400,44243.0,44253.0,44220.0,44229.0,745,5
1733922000,44229.0,44275.0,44224.0,44269.0,665,5
1733925600,44270.0,44310.0,44257.0,44304.0,790,5
1733929200,44304.0,44411.0,44261.0,44403.0,2086,5
1733932800,44403.0,44410.0,44222.0,44222.0,5516,5
1733936400,44221.0,44309.0,44190.0,44260.0,6398,5
1733940000,44260.0,44364.0,44220.0,44330.0,4140,5
1733943600,44329.0,44352.0,44270.0,44341.0,3281,5
1733947200,44341.0,44376.0,44261.0,44265.0,2951,5
1733950800,44266.0,44312.0,44251.0,44270.0,2844,5
1733954400,44271.0,44281.0,44178.0,44189.0,2786,5
1733958000,44188.0,44192.0,44150.0,44152.0,849,5
1733965200,44159.0,44163.0,44135.0,44141.0,640,5
1733968800,44141.0,44145.0,44099.0,44119.0,801,5
1733972400,44119.0,44137.0,44106.0,44111.0,763,5
1733976000,44111.0,44119.0,44098.0,44104.0,564,5
1733979600,44104.0,44109.0,44088.0,44097.0,603,5
1733983200,44097.0,44106.0,44094.0,44105.0,357,5
1733986800,44106.0,44124.0,44099.0,44123.0,465,5
1733990400,44123.0,44128.0,44082.0,44099.0,577,5
1733994000,44099.0,44109.0,44073.0,44079.0,746,5
1733997600,44077.0,44097.0,44071.0,44084.0,1344,5
1734001200,44084.0,44119.0,44082.0,44116.0,1105,5
1734004800,44116.0,44138.0,44104.0,44104.0,836,5
1734008400,44104.0,44149.0,44094.0,44130.0,1158,5
1734012000,44130.0,44172.0,44117.0,44146.0,1147,5
1734015600,44146.0,44198.0,44126.0,44165.0,2356,5
1734019200,44166.0,44247.0,44124.0,44204.0,5856,5
1734022800,44209.0,44215.0,44075.0,44154.0,6141,5
1734026400,44153.0,44209.0,44071.0,44073.0,4315,5
1734030000,44073.0,44165.0,44035.0,44097.0,3847,5
1734033600,44097.0,44117.0,44007.0,44009.0,3599,5
1734037200,44008.0,44038.0,43936.0,43959.0,4018,5
1734040800,43959.0,44011.0,43933.0,43953.0,3848,5
1734044400,43953.0,43970.0,43917.0,43954.0,1650,5
1734051600,43918.0,43934.0,43900.0,43924.0,1046,4
1734055200,43920.0,43964.0,43912.0,43956.0,875,4
1734058800,43954.0,43957.0,43933.0,43948.0,733,5
1734062400,43948.0,43962.0,43912.0,43959.0,979,4
1734066000,43959.0,43961.0,43937.0,43944.0,636,5
1734069600,43944.0,43983.0,43941.0,43982.0,488,5
1734073200,43982.0,43985.0,43960.0,43963.0,513,5
1734076800,43963.0,43993.0,43959.0,43992.0,616,5
1734080400,43992.0,44019.0,43975.0,44005.0,1141,5
1734084000,44005.0,44059.0,44001.0,44046.0,1380,5
1734087600,44043.0,44110.0,44030.0,44098.0,1167,4
1734091200,44098.0,44112.0,44092.0,44100.0,844,4
1734094800,44101.0,44116.0,44076.0,44089.0,989,5
1734098400,44089.0,44091.0,44046.0,44046.0,936,5
1734102000,44046.0,44070.0,44030.0,44038.0,1241,5
1734105600,44038.0,44117.0,43951.0,43957.0,5418,5
1734109200,43958.0,44033.0,43919.0,43988.0,5727,5
1734112800,43989.0,44061.0,43966.0,44012.0,4903,5
1734116400,44010.0,44010.0,43887.0,43913.0,3830,5
1734120000,43913.0,43994.0,43887.0,43950.0,3154,5
1734123600,43948.0,44003.0,43933.0,43957.0,2694,5
1734127200,43957.0,43983.0,43915.0,43940.0,3408,5
1734130800,43942.0,43942.0,43881.0,43917.0,1194,5
1734310800,43935.0,43992.0,43930.0,43990.0,749,4
1734314400,43990.0,44046.0,43990.0,44038.0,670,4
1734318000,44038.0,44048.0,44028.0,44047.0,557,4
1734321600,44047.0,44058.0,44034.0,44051.0,419,5
1734325200,44051.0,44052.0,44032.0,44039.0,356,5
1734328800,44039.0,44050.0,44037.0,44038.0,311,5
1734332400,44038.0,44040.0,44023.0,44025.0,347,5
1734336000,44025.0,44043.0,44025.0,44037.0,358,5
1734339600,44037.0,44039.0,44012.0,44019.0,517,5
1734343200,44022.0,44052.0,44013.0,44017.0,1296,5
1734346800,44017.0,44034.0,43993.0,44031.0,865,5
1734350400,44031.0,44056.0,44026.0,44027.0,820,5
1734354000,44027.0,44069.0,44019.0,44056.0,827,5
1734357600,44056.0,44095.0,44052.0,44087.0,807,5
1734361200,44087.0,44091.0,44057.0,44089.0,979,5
1734364800,44089.0,44106.0,43972.0,44037.0,4916,5
1734368400,44038.0,44143.0,43991.0,44062.0,5789,5
1734372000,44063.0,44065.0,43978.0,44009.0,4359,5
1734375600,44009.0,44015.0,43946.0,43963.0,3569,5
1734379200,43963.0,44014.0,43950.0,44003.0,2925,5
1734382800,44003.0,44025.0,43965.0,44018.0,2466,5
1734386400,44017.0,44018.0,43874.0,43915.0,3657,5
1734390000,43917.0,43929.0,43868.0,43884.0,990,5
1734397200,43876.0,43883.0,43843.0,43865.0,747,5
1734400800,43866.0,43879.0,43851.0,43872.0,732,4
1734404400,43872.0,43907.0,43863.0,43905.0,867,5
1734408000,43905.0,43926.0,43901.0,43918.0,613,4
1734411600,43918.0,43920.0,43884.0,43888.0,435,5
1734415200,43888.0,43910.0,43879.0,43880.0,473,5
1734418800,43880.0,43889.0,43849.0,43852.0,621,5
1734422400,43852.0,43860.0,43806.0,43821.0,617,4
1734426000,43821.0,43827.0,43781.0,43787.0,992,5
1734429600,43787.0,43794.0,43744.0,43751.0,1316,4
1734433200,43752.0,43796.0,43752.0,43791.0,1477,5
1734436800,43791.0,43805.0,43754.0,43772.0,1006,5
1734440400,43772.0,43804.0,43736.0,43749.0,982,5
1734444000,43749.0,43778.0,43738.0,43742.0,1048,5
1734447600,43742.0,43742.0,43684.0,43729.0,2070,5
1734451200,43729.0,43756.0,43620.0,43726.0,5688,5
1734454800,43722.0,43723.0,43604.0,43654.0,6795,5
1734458400,43654.0,43723.0,43631.0,43719.0,5196,5
1734462000,43719.0,43729.0,43639.0,43655.0,4067,5
1734465600,43655.0,43656.0,43572.0,43637.0,3564,5
1734469200,43636.0,43648.0,43541.0,43559.0,3726,5
1734472800,43560.0,43681.0,43525.0,43633.0,4156,5
1734476400,43634.0,43660.0,43601.0,43624.0,1390,5
1734483600,43648.0,43652.0,43595.0,43641.0,922,4
1734487200,43641.0,43673.0,43636.0,43667.0,640,5
1734490800,43667.0,43708.0,43663.0,43703.0,834,5
1734494400,43703.0,43716.0,43700.0,43709.0,495,5
1734498000,43709.0,43714.0,43675.0,43683.0,637,5
1734501600,43683.0,43722.0,43678.0,43722.0,562,5
1734505200,43722.0,43722.0,43702.0,43717.0,555,5
1734508800,43716.0,43727.0,43693.0,43709.0,643,5
1734512400,43709.0,43731.0,43706.0,43709.0,705,5
1734516000,43708.0,43735.0,43690.0,43702.0,1505,5
1734519600,43701.0,43711.0,43681.0,43704.0,1278,5
1734523200,43704.0,43749.0,43703.0,43744.0,1056,5
1734526800,43744.0,43764.0,43734.0,43755.0,791,5
1734530400,43752.0,43799.0,43751.0,43790.0,1149,5
1734534000,43790.0,43825.0,43748.0,43760.0,1713,5
1734537600,43760.0,43776.0,43633.0,43774.0,5979,5
1734541200,43774.0,43882.0,43742.0,43841.0,6063,5
1734544800,43839.0,43871.0,43742.0,43800.0,4854,5
1734548400,43801.0,43871.0,43761.0,43800.0,3891,5
1734552000,43799.0,43813.0,43730.0,43789.0,3464,5
1734555600,43789.0,43789.0,43075.0,43094.0,10049,5
1734559200,43099.0,43146.0,42417.0,42448.0,11690,5
1734562800,42444.0,42528.0,42309.0,42490.0,6877,5
1734570000,42524.0,42557.0,42469.0,42478.0,2391,4
1734573600,42477.0,42562.0,42477.0,42540.0,2185,4
1734577200,42541.0,42574.0,42512.0,42565.0,2347,4
1734580800,42565.0,42572.0,42516.0,42533.0,1591,5
1734584400,42533.0,42564.0,42514.0,42552.0,1517,5
1734588000,42552.0,42564.0,42525.0,42539.0,1026,5
1734591600,42539.0,42556.0,42485.0,42485.0,1144,5
1734595200,42486.0,42539.0,42480.0,42512.0,1733,5
1734598800,42512.0,42622.0,42509.0,42609.0,2542,5
1734602400,42609.0,42637.0,42557.0,42631.0,3150,5
1734606000,42631.0,42632.0,42541.0,42611.0,2698,5
1734609600,42610.0,42647.0,42584.0,42584.0,1965,5
1734613200,42584.0,42633.0,42574.0,42623.0,1850,5
1734616800,42618.0,42744.0,42613.0,42741.0,3007,5
1734620400,42741.0,42810.0,42727.0,42735.0,3337,5
1734624000,42731.0,42913.0,42674.0,42734.0,7807,5
1734627600,42733.0,42752.0,42543.0,42657.0,10620,5
1734631200,42655.0,42761.0,42544.0,42644.0,8850,5
1734634800,42643.0,42690.0,42540.0,42636.0,7449,5
1734638400,42635.0,42812.0,42531.0,42810.0,6709,5
1734642000,42809.0,42812.0,42586.0,42586.0,6647,5
1734645600,42586.0,42697.0,42457.0,42472.0,7768,5
1734649200,42468.0,42546.0,42460.0,42511.0,2610,5
1734656400,42507.0,42515.0,42442.0,42445.0,1097,5
1734660000,42446.0,42469.0,42346.0,42353.0,2203,5
1734663600,42352.0,42386.0,42335.0,42343.0,1543,5
1734667200,42343.0,42345.0,42299.0,42339.0,1216,5
1734670800,42340.0,42351.0,42278.0,42301.0,1089,5
1734674400,42301.0,42362.0,42301.0,42357.0,1133,5
1734678000,42357.0,42391.0,42351.0,42391.0,796,5
1734681600,42391.0,42452.0,42366.0,42452.0,965,5
1734685200,42452.0,42463.0,42383.0,42426.0,1490,4
1734688800,42426.0,42431.0,42219.0,42301.0,3189,5
1734692400,42301.0,42305.0,42198.0,42250.0,3133,5
1734696000,42249.0,42266.0,42190.0,42250.0,2793,5
1734699600,42249.0,42313.0,42239.0,42271.0,2252,5
1734703200,42271.0,42282.0,42174.0,42272.0,2751,5
1734706800,42270.0,42406.0,42223.0,42331.0,4460,5
1734710400,42331.0,42532.0,42283.0,42433.0,8158,5
1734714000,42459.0,42866.0,42396.0,42803.0,9307,5
1734717600,42805.0,43243.0,42788.0,43223.0,7920,5
1734721200,43224.0,43339.0,43190.0,43253.0,6668,5
1734724800,43252.0,43253.0,43053.0,43070.0,6648,5
1734728400,43067.0,43212.0,43052.0,43092.0,6217,5
1734732000,43094.0,43125.0,42923.0,42988.0,7579,5
1734735600,42990.0,43095.0,42906.0,42957.0,3359,5
1734915600,43050.0,43171.0,43050.0,43120.0,1831,4
1734919200,43121.0,43128.0,43079.0,43094.0,1530,5
1734922800,43092.0,43133.0,43072.0,43124.0,1146,5
1734926400,43124.0,43131.0,43102.0,43129.0,903,5
1734930000,43128.0,43134.0,43102.0,43107.0,614,5
1734933600,43107.0,43148.0,43107.0,43144.0,478,5
1734937200,43144.0,43163.0,43136.0,43156.0,573,5
1734940800,43155.0,43161.0,43142.0,43147.0,593,5
1734944400,43147.0,43155.0,43107.0,43119.0,1324,5
1734948000,43117.0,43117.0,43028.0,43083.0,2469,5
1734951600,43078.0,43097.0,43030.0,43047.0,2202,5
1734955200,43046.0,43065.0,42978.0,42979.0,1676,5
1734958800,42979.0,42987.0,42868.0,42886.0,2173,5
1734962400,42887.0,42951.0,42883.0,42913.0,2142,5
1734966000,42913.0,42918.0,42754.0,42797.0,2443,5
1734969600,42798.0,42916.0,42684.0,42725.0,6485,5
1734973200,42727.0,42782.0,42621.0,42654.0,8557,5
1734976800,42651.0,42889.0,42644.0,42883.0,5345,5
1734980400,42883.0,42930.0,42812.0,42899.0,6255,4
1734984000,42899.0,42967.0,42882.0,42931.0,4894,4
1734987600,42930.0,42967.0,42884.0,42901.0,4552,5
1734991200,42896.0,43073.0,42874.0,43015.0,5781,5
1734994800,43019.0,43047.0,42982.0,43023.0,1528,5
1735002000,43044.0,43058.0,43015.0,43026.0,841,5
1735005600,43027.0,43028.0,42992.0,43023.0,971,5
1735009200,43023.0,43033.0,43006.0,43014.0,1085,5
1735012800,43014.0,43021.0,43001.0,43016.0,842,5
1735016400,43016.0,43032.0,42996.0,43005.0,726,5
1735020000,43005.0,43020.0,42993.0,43020.0,390,4
1735023600,43020.0,43022.0,42991.0,43003.0,445,4
1735027200,43004.0,43023.0,42990.0,43011.0,466,4
1735030800,43011.0,43033.0,43008.0,43008.0,698,5
1735034400,43009.0,43013.0,42976.0,42998.0,1076,5
1735038000,42994.0,43050.0,42992.0,43045.0,946,5
1735041600,43045.0,43048.0,43019.0,43027.0,740,5
1735045200,43026.0,43039.0,42984.0,43000.0,725,5
1735048800,43001.0,43012.0,42985.0,43011.0,862,5
1735052400,43008.0,43013.0,42985.0,43002.0,959,5
1735056000,43002.0,43040.0,42943.0,43012.0,5045,4
1735059600,43012.0,43226.0,43012.0,43219.0,5406,5
1735063200,43220.0,43261.0,43159.0,43199.0,4043,5
1735066800,43201.0,43360.0,43189.0,43342.0,4646,5
1735070400,43343.0,43351.0,43313.0,43326.0,484,5
1735174800,43331.0,43375.0,43286.0,43329.0,848,5
1735178400,43328.0,43337.0,43319.0,43320.0,463,5
1735182000,43320.0,43343.0,43306.0,43336.0,428,5
1735185600,43336.0,43340.0,43326.0,43332.0,307,5
1735189200,43332.0,43358.0,43331.0,43350.0,307,5
1735192800,43350.0,43351.0,43327.0,43328.0,356,5
1735196400,43328.0,43356.0,43325.0,43350.0,396,5
1735200000,43350.0,43353.0,43325.0,43326.0,366,5
1735203600,43326.0,43359.0,43322.0,43352.0,375,5
1735207200,43350.0,43351.0,43250.0,43260.0,1380,5
1735210800,43259.0,43264.0,43224.0,43236.0,1467,5
1735214400,43236.0,43237.0,43187.0,43199.0,1093,5
1735218000,43199.0,43206.0,43138.0,43199.0,1035,5
1735221600,43199.0,43215.0,43181.0,43212.0,1055,5
1735225200,43212.0,43228.0,43150.0,43195.0,1532,5
1735228800,43195.0,43303.0,43170.0,43291.0,5203,5
1735232400,43292.0,43335.0,43243.0,43334.0,4921,5
1735236000,43334.0,43433.0,43316.0,43416.0,3294,5
1735239600,43416.0,43455.0,43323.0,43356.0,3776,5
1735243200,43355.0,43437.0,43347.0,43393.0,4173,5
1735246800,43393.0,43410.0,43333.0,43400.0,3759,5
1735250400,43397.0,43450.0,43362.0,43414.0,3631,5
1735254000,43415.0,43423.0,43383.0,43393.0,980,5
1735261200,43382.0,43424.0,43371.0,43424.0,570,5
1735264800,43424.0,43424.0,43351.0,43369.0,1060,5
1735268400,43368.0,43375.0,43348.0,43370.0,979,5
1735272000,43370.0,43374.0,43349.0,43349.0,604,5
1735275600,43349.0,43358.0,43339.0,43354.0,558,5
1735279200,43355.0,43365.0,43345.0,43351.0,411,5
1735282800,43351.0,43367.0,43345.0,43346.0,533,5
1735286400,43346.0,43346.0,43320.0,43329.0,661,5
1735290000,43327.0,43349.0,43298.0,43310.0,805,5
1735293600,43311.0,43317.0,43269.0,43283.0,1921,5
1735297200,43284.0,43308.0,43277.0,43289.0,1270,5
1735300800,43289.0,43302.0,43270.0,43285.0,1009,5
1735304400,43287.0,43293.0,43272.0,43290.0,888,5
1735308000,43293.0,43302.0,43259.0,43286.0,1004,5
1735311600,43286.0,43286.0,43222.0,43223.0,1574,5
1735315200,43224.0,43291.0,43097.0,43266.0,5629,4
1735318800,43266.0,43274.0,42915.0,43014.0,9468,5
1735322400,43016.0,43070.0,42839.0,42865.0,7432,5
1735326000,42863.0,42901.0,42791.0,42864.0,6914,5
1735329600,42864.0,43003.0,42860.0,42991.0,5413,5
1735333200,42988.0,43128.0,42970.0,43109.0,5178,5
1735336800,43106.0,43109.0,42915.0,43068.0,6854,5
1735340400,43065.0,43076.0,43044.0,43067.0,1491,5
1735520400,43076.0,43111.0,42996.0,43039.0,1344,5
1735524000,43039.0,43043.0,43001.0,43021.0,1250,5
1735527600,43020.0,43047.0,42999.0,43039.0,940,5
1735531200,43039.0,43039.0,43005.0,43009.0,828,5
1735534800,43009.0,43015.0,42985.0,42992.0,799,5
1735538400,42992.0,43008.0,42979.0,42993.0,637,5
1735542000,42993.0,43002.0,42965.0,42981.0,868,5
1735545600,42981.0,43017.0,42969.0,42974.0,946,5
1735549200,42972.0,42976.0,42922.0,42941.0,1567,5
1735552800,42937.0,42983.0,42921.0,42973.0,2093,5
1735556400,42961.0,43015.0,42957.0,42975.0,1445,5
1735560000,42975.0,42997.0,42968.0,42989.0,853,5
1735563600,42989.0,43018.0,42989.0,43002.0,650,5
1735567200,43003.0,43003.0,42682.0,42732.0,3067,5
1735570800,42726.0,42753.0,42576.0,42602.0,3821,5
1735574400,42600.0,42668.0,42385.0,42394.0,7678,5
1735578000,42390.0,42508.0,42315.0,42504.0,9449,5
1735581600,42503.0,42722.0,42474.0,42675.0,6575,5
1735585200,42674.0,42809.0,42672.0,42793.0,5663,5
1735588800,42788.0,42844.0,42736.0,42818.0,6354,5
1735592400,42817.0,42836.0,42709.0,42799.0,5859,5
1735596000,42798.0,42847.0,42647.0,42659.0,6746,5
1735599600,42662.0,42675.0,42625.0,42657.0,2187,5
1735606800,42648.0,42663.0,42607.0,42656.0,835,5
1735610400,42656.0,42663.0,42608.0,42624.0,796,5
1735614000,42625.0,42701.0,42624.0,42693.0,936,5
1735617600,42693.0,42722.0,42680.0,42687.0,911,5
1735621200,42687.0,42689.0,42650.0,42670.0,969,5
1735624800,42670.0,42673.0,42627.0,42656.0,765,5
1735628400,42656.0,42664.0,42640.0,42661.0,698,5
1735632000,42661.0,42661.0,42614.0,42639.0,703,5
1735635600,42639.0,42669.0,42627.0,42641.0,1177,5
1735639200,42646.0,42667.0,42627.0,42655.0,1543,5
1735642800,42653.0,42752.0,42642.0,42747.0,1798,5
1735646400,42746.0,42779.0,42733.0,42758.0,1039,5
1735650000,42758.0,42773.0,42744.0,42764.0,1148,5
1735653600,42765.0,42799.0,42733.0,42738.0,1296,5
1735657200,42737.0,42785.0,42724.0,42743.0,1975,5
1735660800,42742.0,42796.0,42685.0,42794.0,6297,5
1735664400,42784.0,42837.0,42674.0,42687.0,8827,5
1735668000,42689.0,42696.0,42545.0,42560.0,7106,5
1735671600,42557.0,42630.0,42467.0,42626.0,5166,5
1735675200,42624.0,42626.0,42589.0,42590.0,118,5
1735779600,42673.0,42732.0,42575.0,42614.0,1457,4
1735783200,42614.0,42624.0,42457.0,42602.0,2878,4
1735786800,42602.0,42691.0,42602.0,42666.0,2258,4
1735790400,42665.0,42745.0,42660.0,42735.0,1429,5
1735794000,42735.0,42752.0,42704.0,42715.0,1008,5
1735797600,42715.0,42739.0,42691.0,42730.0,991,5
1735801200,42730.0,42788.0,42724.0,42777.0,1014,5
1735804800,42777.0,42800.0,42771.0,42782.0,817,5
1735808400,42782.0,42821.0,42765.0,42766.0,1327,4
1735812000,42775.0,42869.0,42712.0,42775.0,3465,4
1735815600,42773.0,42823.0,42755.0,42821.0,2648,4
1735819200,42821.0,42832.0,42781.0,42825.0,1787,5
1735822800,42825.0,42951.0,42796.0,42950.0,1525,5
1735826400,42952.0,42995.0,42879.0,42928.0,2163,5
1735830000,42930.0,42957.0,42880.0,42888.0,2458,5
1735833600,42891.0,42965.0,42722.0,42929.0,7509,5
1735837200,42936.0,42942.0,42612.0,42672.0,9961,5
1735840800,42676.0,42717.0,42496.0,42650.0,7925,5
1735844400,42649.0,42717.0,42242.0,42359.0,8718,5
1735848000,42361.0,42375.0,42212.0,42291.0,7935,5
1735851600,42290.0,42421.0,42260.0,42309.0,6662,5
1735855200,42310.0,42526.0,42310.0,42450.0,7056,5
1735858800,42449.0,42488.0,42449.0,42465.0,1485,5
1735866000,42451.0,42453.0,42401.0,42425.0,759,5
1735869600,42425.0,42503.0,42416.0,42501.0,1060,5
1735873200,42502.0,42516.0,42459.0,42473.0,985,5
1735876800,42473.0,42525.0,42472.0,42497.0,934,5
1735880400,42497.0,42518.0,42496.0,42500.0,689,5
1735884000,42500.0,42508.0,42478.0,42479.0,526,5
1735887600,42481.0,42485.0,42464.0,42474.0,732,5
1735891200,42473.0,42515.0,42467.0,42498.0,662,5
1735894800,42494.0,42527.0,42470.0,42503.0,1409,5
1735898400,42505.0,42545.0,42475.0,42500.0,2575,5
1735902000,42494.0,42601.0,42492.0,42584.0,1744,5
1735905600,42583.0,42585.0,42497.0,42504.0,1275,5
1735909200,42504.0,42515.0,42482.0,42500.0,1047,5
1735912800,42501.0,42557.0,42496.0,42552.0,1206,5
1735916400,42552.0,42590.0,42541.0,42543.0,1337,5
1735920000,42543.0,42741.0,42514.0,42525.0,5369,5
1735923600,42552.0,42699.0,42468.0,42686.0,8071,5
1735927200,42688.0,42718.0,42591.0,42667.0,5088,5
1735930800,42669.0,42731.0,42655.0,42693.0,3766,5
1735934400,42692.0,42780.0,42661.0,42749.0,2942,5
1735938000,42744.0,42825.0,42740.0,42766.0,2717,5
1735941600,42762.0,42784.0,42715.0,42760.0,3721,5
1735945200,42757.0,42772.0,42734.0,42740.0,1040,5
1736125200,42787.0,42797.0,42746.0,42772.0,1312,5
1736128800,42776.0,42788.0,42722.0,42743.0,1182,5
1736132400,42743.0,42752.0,42712.0,42725.0,655,5
1736136000,42725.0,42741.0,42705.0,42730.0,678,5
1736139600,42730.0,42732.0,42714.0,42717.0,400,5
1736143200,42717.0,42738.0,42714.0,42727.0,358,5
1736146800,42727.0,42766.0,42725.0,42755.0,495,5
1736150400,42755.0,42781.0,42750.0,42776.0,543,5
1736154000,42771.0,42803.0,42760.0,42786.0,806,5
1736157600,42792.0,42822.0,42768.0,42813.0,1493,5
1736161200,42815.0,42851.0,42802.0,42840.0,1347,5
1736164800,42841.0,42843.0,42759.0,42773.0,1394,5
1736168400,42776.0,42932.0,42739.0,42931.0,2828,5
1736172000,42933.0,42967.0,42898.0,42937.0,2015,5
1736175600,42937.0,43023.0,42929.0,43013.0,1839,5
1736179200,43013.0,43024.0,42839.0,43009.0,7313,5
1736182800,43009.0,43099.0,42973.0,43017.0,7418,5
1736186400,43020.0,43159.0,42951.0,43153.0,5358,4
1736190000,43152.0,43152.0,42938.0,42975.0,5111,5
1736193600,42976.0,42981.0,42790.0,42818.0,5945,5
1736197200,42821.0,42849.0,42720.0,42729.0,6015,5
1736200800,42728.0,42754.0,42638.0,42744.0,5771,5
1736204400,42747.0,42782.0,42747.0,42782.0,1285,5
1736211600,42786.0,42805.0,42755.0,42759.0,794,5
1736215200,42757.0,42770.0,42734.0,42743.0,1035,5
1736218800,42741.0,42746.0,42699.0,42729.0,1017,5
1736222400,42729.0,42748.0,42701.0,42709.0,916,5
1736226000,42709.0,42732.0,42691.0,42732.0,999,5
1736229600,42732.0,42733.0,42713.0,42713.0,678,5
1736233200,42713.0,42718.0,42682.0,42716.0,1283,5
1736236800,42716.0,42725.0,42696.0,42721.0,961,5
1736240400,42721.0,42737.0,42695.0,42736.0,1369,5
1736244000,42736.0,42796.0,42699.0,42776.0,2183,5
1736247600,42780.0,42780.0,42723.0,42740.0,1752,5
1736251200,42740.0,42787.0,42734.0,42769.0,1224,5
1736254800,42769.0,42805.0,42765.0,42773.0,1373,5
1736258400,42774.0,42844.0,42762.0,42805.0,1478,5
1736262000,42805.0,42869.0,42803.0,42868.0,1462,5
1736265600,42866.0,42969.0,42840.0,42930.0,5853,5
1736269200,42880.0,42906.0,42617.0,42813.0,10268,5
1736272800,42816.0,42852.0,42650.0,42662.0,8741,5
1736276400,42661.0,42748.0,42575.0,42646.0,6482,5
1736280000,42648.0,42741.0,42646.0,42683.0,5244,5
1736283600,42680.0,42726.0,42608.0,42615.0,4872,5
1736287200,42616.0,42621.0,42410.0,42562.0,6732,5
1736290800,42563.0,42573.0,42537.0,42537.0,1221,5
1736298000,42550.0,42576.0,42516.0,42574.0,761,5
1736301600,42576.0,42611.0,42569.0,42601.0,991,5
1736305200,42601.0,42638.0,42595.0,42637.0,863,5
1736308800,42637.0,42657.0,42615.0,42637.0,803,5
1736312400,42638.0,42642.0,42616.0,42639.0,926,5
1736316000,42639.0,42657.0,42626.0,42633.0,646,5
1736319600,42633.0,42671.0,42633.0,42670.0,696,5
1736323200,42670.0,42670.0,42617.0,42618.0,704,5
1736326800,42620.0,42632.0,42597.0,42629.0,1205,5
1736330400,42629.0,42667.0,42620.0,42636.0,1782,5
1736334000,42636.0,42678.0,42631.0,42672.0,1595,5
1736337600,42672.0,42702.0,42669.0,42694.0,1083,5
1736341200,42694.0,42703.0,42466.0,42576.0,3850,5
1736344800,42577.0,42577.0,42435.0,42463.0,4332,5
1736348400,42469.0,42611.0,42468.0,42596.0,4544,5
1736352000,42593.0,42611.0,42363.0,42366.0,6929,5
1736355600,42362.0,42542.0,42356.0,42540.0,8124,5
1736359200,42542.0,42637.0,42492.0,42586.0,5195,5
1736362800,42586.0,42600.0,42377.0,42452.0,5387,5
1736366400,42447.0,42606.0,42433.0,42481.0,5152,5
1736370000,42489.0,42687.0,42451.0,42569.0,6414,5
1736373600,42568.0,42682.0,42542.0,42636.0,4914,5
1736377200,42639.0,42676.0,42613.0,42642.0,1431,5
1736384400,42639.0,42653.0,42607.0,42610.0,625,5
1736388000,42613.0,42622.0,42557.0,42587.0,1118,5
1736391600,42587.0,42594.0,42560.0,42563.0,1083,5
1736395200,42563.0,42609.0,42561.0,42605.0,793,5
1736398800,42605.0,42613.0,42571.0,42575.0,658,5
1736402400,42575.0,42583.0,42548.0,42567.0,648,5
1736406000,42567.0,42603.0,42555.0,42601.0,580,5
1736409600,42601.0,42606.0,42588.0,42600.0,686,5
1736413200,42600.0,42600.0,42513.0,42523.0,1371,5
1736416800,42522.0,42617.0,42494.0,42616.0,1474,5
1736424000,42667.0,42669.0,42636.0,42644.0,533,5
1736427600,42644.0,42644.0,42587.0,42611.0,1618,5
1736431200,42614.0,42641.0,42578.0,42637.0,1610,5
1736434800,42637.0,42655.0,42591.0,42601.0,1599,5
1736438400,42601.0,42601.0,42535.0,42596.0,1299,5
1736470800,42568.0,42586.0,42473.0,42507.0,1727,5
1736474400,42506.0,42514.0,42453.0,42461.0,1616,5
1736478000,42465.0,42527.0,42462.0,42520.0,1428,5
1736481600,42521.0,42548.0,42512.0,42541.0,958,5
1736485200,42541.0,42571.0,42539.0,42558.0,785,5
1736488800,42558.0,42581.0,42545.0,42577.0,768,5
1736492400,42579.0,42604.0,42573.0,42599.0,805,5
1736496000,42599.0,42603.0,42570.0,42580.0,1018,5
1736499600,42579.0,42634.0,42563.0,42613.0,1389,5
1736503200,42609.0,42663.0,42597.0,42621.0,2254,5
1736506800,42623.0,42629.0,42529.0,42583.0,2159,5
1736510400,42586.0,42626.0,42561.0,42607.0,1544,5
1736514000,42607.0,42676.0,42606.0,42613.0,1665,5
1736517600,42614.0,42629.0,42558.0,42627.0,2045,5
1736521200,42626.0,42633.0,42220.0,42323.0,5750,5
1736524800,42325.0,42445.0,42230.0,42254.0,8929,5
1736528400,42195.0,42207.0,41998.0,42040.0,10376,5
1736532000,42043.0,42055.0,41907.0,41920.0,7661,5
1736535600,41923.0,42048.0,41881.0,42027.0,6042,5
1736539200,42029.0,42190.0,41996.0,42185.0,5554,5
1736542800,42187.0,42189.0,41998.0,42036.0,6209,5
1736546400,42031.0,42064.0,41892.0,41938.0,6696,5
1736550000,41944.0,42044.0,41863.0,41986.0,1998,5
1736730000,41996.0,42034.0,41893.0,41961.0,1722,5
1736733600,41964.0,42006.0,41934.0,41951.0,1551,5
1736737200,41954.0,41959.0,41850.0,41875.0,1995,5
1736740800,41875.0,41904.0,41856.0,41868.0,1184,5
1736744400,41868.0,41881.0,41802.0,41841.0,1344,5
1736748000,41840.0,41872.0,41839.0,41871.0,687,5
1736751600,41871.0,41874.0,41838.0,41859.0,642,5
1736755200,41858.0,41913.0,41858.0,41887.0,758,5
1736758800,41884.0,41899.0,41850.0,41866.0,1595,5
1736762400,41864.0,41907.0,41791.0,41801.0,3064,5
1736766000,41804.0,41847.0,41763.0,41790.0,3112,5
1736769600,41790.0,41827.0,41770.0,41792.0,1752,5
1736773200,41792.0,41841.0,41757.0,41829.0,1917,5
1736776800,41831.0,41915.0,41799.0,41889.0,2758,5
1736780400,41890.0,41945.0,41855.0,41910.0,2797,5
1736784000,41911.0,42154.0,41851.0,42151.0,7342,5
1736787600,42146.0,42201.0,42040.0,42152.0,8704,5
1736791200,42158.0,42163.0,41963.0,41975.0,7312,5
1736794800,41976.0,42205.0,41961.0,42202.0,6783,5
1736798400,42201.0,42272.0,42155.0,42233.0,5803,5
1736802000,42233.0,42286.0,42169.0,42246.0,5964,5
1736805600,42244.0,42344.0,42209.0,42318.0,6398,5
1736809200,42313.0,42353.0,42299.0,42346.0,1492,5
1736816400,42390.0,42450.0,42373.0,42403.0,1072,5
1736820000,42405.0,42410.0,42370.0,42385.0,1210,5
1736823600,42385.0,42385.0,42359.0,42377.0,1110,5
1736827200,42377.0,42382.0,42341.0,42376.0,918,5
1736830800,42376.0,42378.0,42359.0,42365.0,705,5
1736834400,42365.0,42388.0,42354.0,42385.0,469,5
1736838000,42385.0,42408.0,42380.0,42405.0,582,5
1736841600,42407.0,42421.0,42378.0,42388.0,750,5
1736845200,42388.0,42420.0,42357.0,42404.0,1119,5
1736848800,42405.0,42494.0,42397.0,42466.0,1998,5
1736852400,42462.0,42491.0,42447.0,42463.0,2074,5
1736856000,42463.0,42486.0,42445.0,42471.0,1215,5
1736859600,42470.0,42478.0,42425.0,42429.0,1371,5
1736863200,42429.0,42438.0,42366.0,42410.0,2330,5
1736866800,42411.0,42579.0,42325.0,42437.0,4289,5
1736870400,42439.0,42518.0,42361.0,42386.0,7003,5
1736874000,42388.0,42545.0,42386.0,42461.0,7992,5
1736877600,42464.0,42468.0,42179.0,42179.0,7408,5
1736881200,42178.0,42328.0,42167.0,42314.0,5820,5
1736884800,42313.0,42560.0,42306.0,42547.0,4760,5
1736888400,42548.0,42578.0,42384.0,42396.0,5218,4
1736892000,42394.0,42556.0,42308.0,42543.0,7630,4
1736895600,42541.0,42620.0,42540.0,42608.0,1587,4
1736902800,42602.0,42610.0,42582.0,42600.0,659,4
1736906400,42600.0,42601.0,42583.0,42599.0,574,5
1736910000,42599.0,42615.0,42595.0,42610.0,516,5
1736913600,42609.0,42613.0,42586.0,42589.0,464,5
1736917200,42589.0,42589.0,42578.0,42580.0,316,5
1736920800,42580.0,42580.0,42567.0,42576.0,266,5
1736924400,42576.0,42577.0,42557.0,42558.0,408,5
1736928000,42558.0,42574.0,42554.0,42568.0,341,5
1736931600,42568.0,42588.0,42567.0,42587.0,668,5
1736935200,42586.0,42597.0,42565.0,42583.0,1282,5
1736938800,42583.0,42626.0,42577.0,42604.0,1069,5
1736942400,42605.0,42647.0,42578.0,42647.0,987,5
1736946000,42649.0,42787.0,42635.0,42774.0,1417,5
1736949600,42769.0,42790.0,42710.0,42746.0,1829,5
1736953200,42749.0,43246.0,42742.0,43235.0,4481,5
1736956800,43235.0,43291.0,43109.0,43273.0,7088,4
1736960400,43268.0,43315.0,43137.0,43192.0,7353,5
1736964000,43195.0,43239.0,43086.0,43133.0,6492,5
1736967600,43132.0,43237.0,43118.0,43169.0,4895,5
1736971200,43170.0,43298.0,43170.0,43284.0,3631,5
1736974800,43284.0,43348.0,43251.0,43337.0,3429,5
1736978400,43338.0,43369.0,43254.0,43265.0,4164,5
1736982000,43258.0,43292.0,43257.0,43285.0,1076,5
1736989200,43282.0,43329.0,43273.0,43313.0,657,5
1736992800,43313.0,43369.0,43305.0,43344.0,917,5
1736996400,43344.0,43344.0,43296.0,43300.0,1067,5
1737000000,43299.0,43305.0,43283.0,43302.0,616,5
1737003600,43302.0,43323.0,43300.0,43310.0,495,5
1737007200,43310.0,43322.0,43301.0,43305.0,374,5
1737010800,43305.0,43307.0,43264.0,43277.0,752,5
1737014400,43277.0,43330.0,43273.0,43311.0,1390,5
1737018000,43310.0,43374.0,43299.0,43352.0,1709,5
1737021600,43353.0,43363.0,43248.0,43250.0,2324,5
1737025200,43247.0,43297.0,43242.0,43278.0,1909,5
1737028800,43279.0,43374.0,43241.0,43285.0,1651,4
1737032400,43285.0,43298.0,43141.0,43218.0,1768,5
1737036000,43236.0,43238.0,43146.0,43155.0,2016,5
1737039600,43155.0,43172.0,43091.0,43121.0,2922,5
1737043200,43119.0,43324.0,43116.0,43167.0,5899,4
1737046800,43166.0,43220.0,43117.0,43212.0,8643,4
1737050400,43212.0,43290.0,43148.0,43288.0,7050,5
1737054000,43286.0,43301.0,43219.0,43229.0,4994,5
1737057600,43230.0,43261.0,43120.0,43132.0,5205,5
1737061200,43133.0,43232.0,43106.0,43216.0,4290,5
1737064800,43216.0,43266.0,43166.0,43181.0,5163,4
1737068400,43184.0,43197.0,43103.0,43136.0,1732,5
1737075600,43144.0,43177.0,43126.0,43177.0,787,5
1737079200,43176.0,43186.0,43159.0,43174.0,758,5
1737082800,43174.0,43235.0,43174.0,43225.0,774,5
1737086400,43225.0,43242.0,43195.0,43197.0,706,5
1737090000,43197.0,43229.0,43188.0,43226.0,596,5
1737093600,43227.0,43252.0,43225.0,43238.0,579,5
1737097200,43238.0,43251.0,43226.0,43238.0,610,5
1737100800,43238.0,43250.0,43226.0,43241.0,626,5
1737104400,43243.0,43260.0,43211.0,43247.0,1191,5
1737108000,43248.0,43294.0,43244.0,43290.0,1590,5
1737111600,43284.0,43323.0,43275.0,43287.0,1347,5
1737115200,43288.0,43324.0,43277.0,43317.0,1279,5
1737118800,43317.0,43363.0,43317.0,43330.0,1300,5
1737122400,43329.0,43361.0,43303.0,43348.0,1605,5
1737126000,43348.0,43459.0,43347.0,43428.0,2641,5
1737129600,43428.0,43550.0,43428.0,43502.0,6712,5
1737133200,43503.0,43577.0,43466.0,43570.0,6515,5
1737136800,43568.0,43645.0,43545.0,43612.0,5085,4
1737140400,43608.0,43676.0,43581.0,43624.0,3774,4
1737144000,43625.0,43643.0,43558.0,43584.0,3657,5
1737147600,43583.0,43587.0,43524.0,43542.0,3780,5
1737151200,43538.0,43580.0,43494.0,43499.0,4836,5
1737154800,43501.0,43507.0,43473.0,43485.0,1115,5
1737334800,43529.0,43545.0,43450.0,43477.0,1358,5
1737338400,43481.0,43488.0,43459.0,43485.0,903,5
1737342000,43485.0,43498.0,43466.0,43483.0,987,5
1737345600,43483.0,43486.0,43470.0,43483.0,832,5
1737349200,43483.0,43510.0,43479.0,43508.0,691,5
1737352800,43508.0,43533.0,43502.0,43532.0,415,5
1737356400,43532.0,43537.0,43526.0,43530.0,397,5
1737360000,43531.0,43551.0,43513.0,43541.0,508,5
1737363600,43543.0,43582.0,43524.0,43581.0,702,5
1737367200,43579.0,43584.0,43524.0,43545.0,1414,5
1737370800,43544.0,43565.0,43529.0,43542.0,913,5
1737374400,43542.0,43552.0,43517.0,43540.0,895,5
1737378000,43540.0,43572.0,43536.0,43543.0,844,5
1737381600,43543.0,43545.0,43485.0,43504.0,1270,5
1737385200,43504.0,43710.0,43459.0,43703.0,3487,5
1737388800,43697.0,43824.0,43649.0,43774.0,3366,5
1737392400,43774.0,43774.0,43568.0,43639.0,3268,5
1737396000,43639.0,43709.0,43637.0,43679.0,1935,5
1737399600,43679.0,43682.0,43675.0,43677.0,33,5
1737421200,43721.0,43781.0,43690.0,43778.0,1143,5
1737424800,43779.0,43802.0,43389.0,43415.0,3037,5
1737428400,43414.0,43653.0,43318.0,43592.0,4723,5
1737432000,43596.0,43648.0,43587.0,43624.0,1932,5
1737435600,43623.0,43686.0,43622.0,43660.0,1326,5
1737439200,43660.0,43666.0,43634.0,43640.0,767,5
1737442800,43640.0,43655.0,43609.0,43619.0,810,5
1737446400,43619.0,43638.0,43599.0,43614.0,939,5
1737450000,43614.0,43663.0,43594.0,43649.0,1404,5
1737453600,43645.0,43692.0,43608.0,43651.0,2036,5
1737457200,43651.0,43693.0,43633.0,43692.0,1503,5
1737460800,43693.0,43750.0,43664.0,43666.0,1228,5
1737464400,43666.0,43689.0,43615.0,43670.0,1408,5
1737468000,43670.0,43730.0,43645.0,43714.0,1523,5
1737471600,43716.0,43731.0,43665.0,43702.0,1631,5
1737475200,43704.0,43868.0,43672.0,43812.0,5903,5
1737478800,43814.0,43880.0,43722.0,43865.0,7188,5
1737482400,43861.0,43971.0,43837.0,43956.0,5316,5
1737486000,43957.0,44010.0,43928.0,43977.0,4052,5
1737489600,43977.0,44009.0,43950.0,43996.0,3475,5
1737493200,43996.0,44012.0,43948.0,43987.0,3614,5
1737496800,43987.0,44091.0,43973.0,44067.0,3332,5
1737500400,44071.0,44098.0,44057.0,44073.0,1042,5
1737507600,44053.0,44094.0,44023.0,44075.0,1539,5
1737511200,44076.0,44092.0,44063.0,44091.0,894,5
1737514800,44089.0,44089.0,44061.0,44084.0,829,5
1737518400,44084.0,44103.0,44082.0,44086.0,595,5
1737522000,44086.0,44091.0,44074.0,44080.0,407,5
1737525600,44080.0,44096.0,44070.0,44091.0,446,5
1737529200,44091.0,44091.0,44079.0,44083.0,406,5
1737532800,44083.0,44086.0,44054.0,44056.0,458,5
1737536400,44056.0,44076.0,44048.0,44060.0,794,5
1737540000,44057.0,44142.0,44056.0,44130.0,1424,5
1737543600,44130.0,44152.0,44123.0,44133.0,1244,5
1737547200,44133.0,44142.0,44118.0,44129.0,807,5
1737550800,44129.0,44165.0,44097.0,44165.0,1101,5
1737554400,44165.0,44235.0,44162.0,44187.0,1374,5
1737558000,44185.0,44230.0,44185.0,44230.0,1312,5
1737561600,44230.0,44235.0,44106.0,44182.0,4975,5
1737565200,44186.0,44234.0,44110.0,44133.0,4864,5
1737568800,44133.0,44201.0,44078.0,44176.0,3549,5
1737572400,44176.0,44188.0,44144.0,44151.0,2537,5
1737576000,44151.0,44226.0,44149.0,44169.0,2518,5
1737579600,44168.0,44227.0,44148.0,44224.0,2473,5
1737583200,44224.0,44243.0,44151.0,44177.0,2863,5
1737586800,44177.0,44190.0,44153.0,44181.0,758,5
1737594000,44190.0,44194.0,44172.0,44173.0,693,5
1737597600,44173.0,44196.0,44169.0,44193.0,689,5
1737601200,44193.0,44204.0,44166.0,44170.0,681,5
1737604800,44170.0,44178.0,44154.0,44168.0,546,5
1737608400,44168.0,44179.0,44161.0,44167.0,493,5
1737612000,44167.0,44179.0,44167.0,44175.0,318,5
1737615600,44175.0,44180.0,44160.0,44162.0,443,5
1737619200,44162.0,44175.0,44157.0,44159.0,482,5
1737622800,44159.0,44167.0,44146.0,44166.0,695,5
1737626400,44169.0,44180.0,44144.0,44151.0,1351,5
1737630000,44151.0,44184.0,44147.0,44178.0,1106,5
1737633600,44178.0,44214.0,44176.0,44181.0,890,5
1737637200,44181.0,44237.0,44176.0,44225.0,1127,5
1737640800,44225.0,44260.0,44207.0,44255.0,1146,5
1737644400,44255.0,44256.0,44200.0,44235.0,1518,5
1737648000,44235.0,44319.0,44193.0,44296.0,4326,5
1737651600,44296.0,44365.0,44250.0,44365.0,4379,5
1737655200,44365.0,44473.0,44331.0,44453.0,4316,5
1737658800,44453.0,44536.0,44436.0,44534.0,2866,5
1737662400,44534.0,44572.0,44511.0,44534.0,2609,5
1737666000,44534.0,44553.0,44499.0,44532.0,2759,5
1737669600,44533.0,44588.0,44490.0,44583.0,3528,5
1737673200,44582.0,44585.0,44529.0,44561.0,1051,5
1737680400,44553.0,44569.0,44543.0,44564.0,547,5
1737684000,44564.0,44568.0,44549.0,44559.0,553,5
1737687600,44559.0,44570.0,44548.0,44560.0,783,5
1737691200,44560.0,44602.0,44554.0,44597.0,939,5
1737694800,44597.0,44605.0,44554.0,44561.0,833,5
1737698400,44561.0,44569.0,44548.0,44555.0,616,5
1737702000,44555.0,44559.0,44542.0,44553.0,454,5
1737705600,44553.0,44569.0,44544.0,44555.0,651,5
1737709200,44555.0,44574.0,44552.0,44570.0,838,5
1737712800,44570.0,44593.0,44557.0,44580.0,1378,5
1737716400,44580.0,44587.0,44529.0,44540.0,1146,5
1737720000,44540.0,44546.0,44496.0,44519.0,948,5
1737723600,44519.0,44546.0,44513.0,44541.0,896,5
1737727200,44541.0,44541.0,44439.0,44495.0,1514,5
1737730800,44495.0,44498.0,44456.0,44494.0,1289,5
1737734400,44494.0,44554.0,44427.0,44461.0,4991,5
1737738000,44461.0,44517.0,44418.0,44460.0,5281,5
1737741600,44460.0,44548.0,44455.0,44521.0,3496,5
1737745200,44521.0,44575.0,44490.0,44504.0,3696,5
1737748800,44505.0,44516.0,44425.0,44444.0,3885,5
1737752400,44444.0,44463.0,44403.0,44418.0,3855,5
1737756000,44418.0,44447.0,44355.0,44433.0,4002,5
1737759600,44428.0,44429.0,44378.0,44421.0,960,5
1737939600,44289.0,44403.0,44273.0,44364.0,1950,5
1737943200,44364.0,44373.0,44284.0,44288.0,1069,5
1737946800,44288.0,44311.0,44221.0,44250.0,1734,5
1737950400,44250.0,44278.0,44231.0,44270.0,1077,5
1737954000,44270.0,44315.0,44259.0,44302.0,950,5
1737957600,44302.0,44305.0,44259.0,44275.0,896,5
1737961200,44275.0,44280.0,44179.0,44194.0,1410,5
1737964800,44195.0,44204.0,44060.0,44092.0,1881,5
1737968400,44092.0,44122.0,43999.0,44002.0,2703,5
1737972000,44006.0,44082.0,43857.0,43941.0,4257,5
1737975600,43941.0,44089.0,43925.0,44085.0,3642,5
1737979200,44085.0,44114.0,43972.0,44036.0,4361,5
1737982800,44036.0,44081.0,44018.0,44027.0,5028,5
1737986400,44025.0,44172.0,43992.0,44127.0,3527,5
1737990000,44127.0,44182.0,44099.0,44131.0,3262,5
1737993600,44128.0,44393.0,44067.0,44357.0,7074,5
1737997200,44355.0,44462.0,44287.0,44402.0,8632,5
1738000800,44402.0,44455.0,44361.0,44439.0,6816,5
1738004400,44439.0,44606.0,44422.0,44512.0,6095,5
1738008000,44513.0,44591.0,44484.0,44577.0,5445,5
1738011600,44577.0,44759.0,44577.0,44663.0,5922,5
1738015200,44665.0,44762.0,44583.0,44746.0,6847,5
1738018800,44747.0,44781.0,44734.0,44736.0,1938,5
1738026000,44739.0,44747.0,44642.0,44726.0,3009,5
1738029600,44726.0,44729.0,44656.0,44685.0,1825,5
1738033200,44685.0,44733.0,44635.0,44648.0,1575,5
1738036800,44648.0,44715.0,44634.0,44675.0,1901,5
1738040400,44675.0,44712.0,44668.0,44672.0,1111,5
1738044000,44672.0,44683.0,44654.0,44681.0,892,5
1738047600,44681.0,44701.0,44624.0,44663.0,913,5
1738051200,44663.0,44673.0,44609.0,44617.0,1095,5
1738054800,44617.0,44670.0,44595.0,44655.0,1720,5
1738058400,44653.0,44768.0,44634.0,44761.0,2791,5
1738062000,44761.0,44789.0,44744.0,44780.0,2197,5
1738065600,44779.0,44812.0,44765.0,44771.0,1282,5
1738069200,44771.0,44791.0,44748.0,44749.0,1454,5
1738072800,44749.0,44778.0,44691.0,44764.0,2413,5
1738076400,44764.0,44769.0,44685.0,44699.0,2014,5
1738080000,44699.0,44825.0,44649.0,44718.0,5861,5
1738083600,44716.0,44999.0,44709.0,44984.0,6474,5
1738087200,44984.0,45012.0,44746.0,44840.0,6235,5
1738090800,44839.0,44911.0,44807.0,44893.0,4174,5
1738094400,44893.0,44943.0,44854.0,44854.0,3667,5
1738098000,44855.0,44904.0,44809.0,44900.0,3526,5
1738101600,44900.0,44935.0,44874.0,44877.0,3904,5
1738105200,44878.0,44878.0,44847.0,44866.0,1042,5
1738112400,44865.0,44882.0,44843.0,44848.0,705,5
1738116000,44850.0,44880.0,44843.0,44863.0,962,5
1738119600,44863.0,44872.0,44853.0,44856.0,561,5
1738123200,44856.0,44882.0,44854.0,44874.0,425,5
1738126800,44874.0,44877.0,44843.0,44866.0,453,5
1738130400,44866.0,44891.0,44866.0,44881.0,387,5
1738134000,44881.0,44883.0,44861.0,44863.0,334,5
1738137600,44863.0,44934.0,44863.0,44899.0,1712,5
1738141200,44899.0,44899.0,44844.0,44861.0,819,5
1738144800,44861.0,44867.0,44832.0,44835.0,1147,5
1738148400,44835.0,44854.0,44807.0,44840.0,1296,5
1738152000,44840.0,44886.0,44840.0,44886.0,915,5
1738155600,44886.0,44907.0,44870.0,44895.0,834,5
1738159200,44895.0,44900.0,44856.0,44873.0,1061,5
1738162800,44871.0,44872.0,44785.0,44827.0,1971,5
1738166400,44827.0,44960.0,44814.0,44912.0,4756,5
1738170000,44913.0,44995.0,44890.0,44909.0,5771,5
1738173600,44909.0,44934.0,44841.0,44853.0,4562,5
1738177200,44853.0,44921.0,44807.0,44823.0,3895,5
1738180800,44823.0,44850.0,44700.0,44797.0,5905,5
1738184400,44796.0,44862.0,44605.0,44806.0,8826,5
1738188000,44805.0,44881.0,44696.0,44753.0,8591,5
1738191600,44751.0,44889.0,44612.0,44812.0,5222,5
1738198800,44762.0,44803.0,44721.0,44791.0,2259,5
1738202400,44791.0,44852.0,44777.0,44851.0,1144,5
1738206000,44851.0,44880.0,44828.0,44857.0,953,5
1738209600,44857.0,44881.0,44848.0,44849.0,651,5
1738213200,44851.0,44869.0,44841.0,44867.0,505,5
1738216800,44867.0,44875.0,44840.0,44841.0,503,5
1738220400,44841.0,44850.0,44824.0,44841.0,539,5
1738224000,44841.0,44850.0,44824.0,44845.0,590,5
1738227600,44845.0,44885.0,44828.0,44882.0,820,5
1738231200,44881.0,44930.0,44878.0,44926.0,1210,5
1738234800,44926.0,44941.0,44905.0,44922.0,1456,5
1738238400,44922.0,44951.0,44916.0,44923.0,1056,5
1738242000,44923.0,44953.0,44805.0,44831.0,1622,5
1738245600,44830.0,44839.0,44682.0,44705.0,2316,5
1738249200,44705.0,44722.0,44647.0,44719.0,2653,5
1738252800,44719.0,44908.0,44647.0,44842.0,5856,5
1738256400,44838.0,44909.0,44755.0,44807.0,6760,5
1738260000,44807.0,44933.0,44739.0,44924.0,5050,5
1738263600,44923.0,44925.0,44794.0,44863.0,4380,5
1738267200,44863.0,45037.0,44860.0,45011.0,3301,5
1738270800,45011.0,45028.0,44963.0,45023.0,3241,5
1738274400,45023.0,45052.0,44669.0,44916.0,6576,5
1738278000,44914.0,44976.0,44870.0,44932.0,3290,5
1738285200,44965.0,44993.0,44935.0,44975.0,1252,5
1738288800,44975.0,44986.0,44946.0,44967.0,1175,5
1738292400,44967.0,44987.0,44900.0,44983.0,1155,5
1738296000,44983.0,44996.0,44965.0,44967.0,633,5
1738299600,44967.0,44982.0,44961.0,44963.0,457,5
1738303200,44963.0,44979.0,44955.0,44964.0,448,5
1738306800,44964.0,44999.0,44962.0,44994.0,445,5
1738310400,44994.0,45016.0,44988.0,45002.0,435,5
1738314000,45002.0,45038.0,44996.0,45020.0,626,5
1738317600,45020.0,45048.0,45002.0,45036.0,1026,5
1738321200,45036.0,45094.0,45033.0,45050.0,1103,5
1738324800,45050.0,45086.0,45047.0,45059.0,884,5
1738328400,45059.0,45091.0,45059.0,45091.0,695,5
1738332000,45088.0,45093.0,45054.0,45059.0,1145,5
1738335600,45058.0,45067.0,45010.0,45039.0,1851,5
1738339200,45039.0,45064.0,44904.0,44921.0,4723,5
1738342800,44921.0,44987.0,44892.0,44902.0,5616,5
1738346400,44905.0,44950.0,44863.0,44896.0,4819,5
1738350000,44895.0,44983.0,44850.0,44912.0,4894,4
1738353600,44912.0,44943.0,44623.0,44689.0,7614,5
1738357200,44689.0,44719.0,44542.0,44659.0,8833,5
1738360800,44659.0,44659.0,44526.0,44560.0,8986,5
1738364400,44562.0,44589.0,44535.0,44566.0,2532,5
1738544400,44171.0,44171.0,43937.0,44066.0,4123,5
1738548000,44066.0,44131.0,44016.0,44055.0,4325,5
1738551600,44050.0,44113.0,43988.0,44034.0,3450,4
1738555200,44034.0,44041.0,43880.0,43941.0,3164,5
1738558800,43943.0,43966.0,43902.0,43940.0,1857,5
1738562400,43940.0,43964.0,43853.0,43901.0,1781,4
1738566000,43905.0,43949.0,43884.0,43944.0,1436,5
1738569600,43944.0,43964.0,43899.0,43920.0,1891,5
1738573200,43921.0,43981.0,43916.0,43927.0,2390,5
1738576800,43930.0,44083.0,43916.0,44058.0,3858,5
1738580400,44058.0,44064.0,43935.0,43940.0,3186,5
1738584000,43940.0,44026.0,43927.0,44008.0,2200,5
1738587600,44008.0,44053.0,43961.0,43988.0,1635,5
1738591200,43988.0,44022.0,43886.0,43906.0,2524,5
1738594800,43906.0,44048.0,43905.0,43968.0,3446,5
1738598400,43968.0,44197.0,43909.0,43959.0,7346,5
1738602000,43959.0,44494.0,43897.0,44442.0,11510,5
1738605600,44436.0,44548.0,44299.0,44424.0,9298,4
1738609200,44425.0,44538.0,44350.0,44443.0,8355,5
1738612800,44440.0,44544.0,44359.0,44529.0,7472,5
1738616400,44529.0,44623.0,44517.0,44593.0,5183,5
1738620000,44593.0,44601.0,44438.0,44448.0,6060,5
1738623600,44458.0,44702.0,44447.0,44635.0,3933,5
1738630800,44692.0,44700.0,44616.0,44633.0,1298,5
1738634400,44633.0,44633.0,44584.0,44603.0,1144,5
1738638000,44603.0,44603.0,44515.0,44550.0,1446,5
1738641600,44550.0,44554.0,44492.0,44510.0,1292,5
1738645200,44510.0,44516.0,44457.0,44489.0,1126,5
1738648800,44489.0,44517.0,44471.0,44478.0,850,5
1738652400,44479.0,44479.0,44239.0,44388.0,4869,5
1738656000,44388.0,44423.0,44334.0,44421.0,2638,5
1738659600,44421.0,44438.0,44381.0,44383.0,2295,5
1738663200,44383.0,44428.0,44253.0,44301.0,4093,5
1738666800,44301.0,44369.0,44301.0,44327.0,2683,5
1738670400,44325.0,44377.0,44316.0,44359.0,1938,5
1738674000,44359.0,44399.0,44309.0,44327.0,2092,5
1738677600,44327.0,44414.0,44327.0,44398.0,2069,5
1738681200,44398.0,44415.0,44349.0,44370.0,2019,5
1738684800,44369.0,44453.0,44351.0,44383.0,5568,5
1738688400,44388.0,44499.0,44382.0,44436.0,7081,5
1738692000,44438.0,44573.0,44438.0,44511.0,5072,5
1738695600,44512.0,44560.0,44424.0,44546.0,5507,5
1738699200,44546.0,44552.0,44485.0,44491.0,3973,5
1738702800,44491.0,44633.0,44486.0,44584.0,3808,5
1738706400,44584.0,44613.0,44538.0,44585.0,4201,5
1738710000,44585.0,44617.0,44513.0,44550.0,2512,5
1738717200,44530.0,44582.0,44530.0,44541.0,1164,5
1738720800,44542.0,44598.0,44528.0,44579.0,1282,5
1738724400,44579.0,44597.0,44529.0,44532.0,1550,5
1738728000,44532.0,44547.0,44498.0,44500.0,1025,5
1738731600,44500.0,44513.0,44486.0,44494.0,775,5
1738735200,44493.0,44497.0,44472.0,44488.0,683,5
1738738800,44488.0,44492.0,44460.0,44463.0,872,5
1738742400,44464.0,44495.0,44452.0,44466.0,1010,5
1738746000,44466.0,44486.0,44442.0,44464.0,1519,5
1738749600,44459.0,44546.0,44459.0,44501.0,2406,5
1738753200,44501.0,44532.0,44436.0,44437.0,2111,5
1738756800,44436.0,44522.0,44423.0,44506.0,1424,5
1738760400,44506.0,44569.0,44502.0,44542.0,1481,5
1738764000,44542.0,44598.0,44523.0,44533.0,1530,5
1738767600,44534.0,44558.0,44492.0,44547.0,2167,5
1738771200,44548.0,44644.0,44448.0,44485.0,4993,5
1738774800,44485.0,44625.0,44365.0,44610.0,7271,5
1738778400,44610.0,44741.0,44564.0,44704.0,5102,5
1738782000,44703.0,44741.0,44676.0,44725.0,3707,5
1738785600,44726.0,44824.0,44714.0,44793.0,3307,5
1738789200,44793.0,44866.0,44785.0,44828.0,2874,5
1738792800,44828.0,44919.0,44827.0,44899.0,3509,5
1738796400,44897.0,44951.0,44887.0,44939.0,1217,5
1738803600,44929.0,44945.0,44907.0,44942.0,609,5
1738807200,44941.0,44980.0,44940.0,44956.0,992,4
1738810800,44956.0,44969.0,44946.0,44966.0,916,5
1738814400,44966.0,44973.0,44954.0,44964.0,662,5
1738818000,44964.0,44975.0,44957.0,44974.0,449,5
1738821600,44974.0,44992.0,44970.0,44988.0,389,5
1738825200,44988.0,45013.0,44985.0,45007.0,561,5
1738828800,45007.0,45008.0,44983.0,44986.0,516,5
1738832400,44986.0,45009.0,44972.0,44975.0,728,5
1738836000,44975.0,45037.0,44956.0,45028.0,1543,5
1738839600,45028.0,45028.0,44988.0,44999.0,1228,5
1738843200,44999.0,45081.0,44998.0,45023.0,1296,5
1738846800,45023.0,45027.0,44885.0,44914.0,2037,5
1738850400,44914.0,44984.0,44905.0,44965.0,1571,5
1738854000,44966.0,44986.0,44932.0,44974.0,1616,5
1738857600,44975.0,45019.0,44888.0,44911.0,5000,5
1738861200,44909.0,44920.0,44760.0,44773.0,5750,5
1738864800,44774.0,44846.0,44739.0,44760.0,4081,5
1738868400,44760.0,44813.0,44709.0,44797.0,3302,5
1738872000,44797.0,44806.0,44692.0,44702.0,3304,5
1738875600,44702.0,44754.0,44563.0,44657.0,4861,5
1738879200,44657.0,44784.0,44648.0,44769.0,4713,5
1738882800,44769.0,44775.0,44586.0,44695.0,2446,5
1738890000,44696.0,44762.0,44692.0,44755.0,969,4
1738893600,44755.0,44774.0,44747.0,44773.0,652,5
1738897200,44773.0,44789.0,44762.0,44776.0,709,5
1738900800,44776.0,44783.0,44753.0,44764.0,489,5
1738904400,44764.0,44774.0,44740.0,44741.0,474,5
1738908000,44741.0,44744.0,44735.0,44737.0,334,5
1738911600,44737.0,44746.0,44723.0,44725.0,382,5
1738915200,44725.0,44742.0,44702.0,44742.0,644,5
1738918800,44741.0,44753.0,44725.0,44725.0,664,5
1738922400,44725.0,44776.0,44725.0,44752.0,1343,5
1738926000,44752.0,44807.0,44745.0,44805.0,1119,5
1738929600,44805.0,44809.0,44780.0,44790.0,709,5
1738933200,44790.0,44827.0,44785.0,44812.0,707,5
1738936800,44812.0,44818.0,44782.0,44784.0,823,5
1738940400,44784.0,44828.0,44682.0,44823.0,3764,5
1738944000,44823.0,44869.0,44708.0,44867.0,5268,5
1738947600,44742.0,44809.0,44413.0,44531.0,9942,4
1738951200,44533.0,44647.0,44425.0,44462.0,9723,4
1738954800,44456.0,44540.0,44384.0,44439.0,8060,5
1738958400,44439.0,44536.0,44348.0,44357.0,5530,5
1738962000,44356.0,44386.0,44319.0,44343.0,4895,5
1738965600,44342.0,44371.0,44299.0,44337.0,5676,5
1738969200,44337.0,44360.0,44321.0,44328.0,1162,5
1739149200,44096.0,44400.0,44096.0,44385.0,1831,5
1739152800,44385.0,44442.0,44354.0,44433.0,1422,5
1739156400,44433.0,44441.0,44415.0,44418.0,1111,5
1739160000,44418.0,44428.0,44403.0,44415.0,682,5
1739163600,44415.0,44420.0,44399.0,44419.0,339,5
1739167200,44419.0,44425.0,44404.0,44404.0,372,5
1739170800,44404.0,44433.0,44402.0,44405.0,670,5
1739174400,44405.0,44416.0,44395.0,44415.0,464,5
1739178000,44415.0,44420.0,44390.0,44397.0,810,5
1739181600,44397.0,44433.0,44390.0,44430.0,1316,5
1739185200,44430.0,44473.0,44420.0,44458.0,1252,5
1739188800,44458.0,44486.0,44456.0,44482.0,885,5
1739192400,44482.0,44514.0,44465.0,44512.0,1025,5
1739196000,44512.0,44560.0,44482.0,44548.0,1320,5
1739199600,44548.0,44601.0,44537.0,44600.0,1329,5
1739203200,44600.0,44652.0,44384.0,44454.0,5195,5
1739206800,44456.0,44527.0,44402.0,44448.0,5592,5
1739210400,44449.0,44464.0,44338.0,44411.0,4660,5
1739214000,44411.0,44436.0,44324.0,44431.0,4044,5
1739217600,44429.0,44503.0,44429.0,44478.0,3041,5
1739221200,44478.0,44526.0,44454.0,44468.0,3144,5
1739224800,44468.0,44520.0,44449.0,44495.0,3493,5
1739228400,44493.0,44504.0,44468.0,44503.0,901,5
1739235600,44476.0,44480.0,44408.0,44439.0,1128,5
1739239200,44439.0,44461.0,44421.0,44445.0,657,5
1739242800,44445.0,44450.0,44416.0,44428.0,773,5
1739246400,44428.0,44431.0,44386.0,44398.0,953,5
1739250000,44398.0,44432.0,44390.0,44432.0,548,5
1739253600,44432.0,44438.0,44425.0,44427.0,329,5
1739257200,44427.0,44445.0,44427.0,44437.0,387,5
1739260800,44437.0,44437.0,44408.0,44411.0,427,5
1739264400,44411.0,44419.0,44378.0,44379.0,773,5
1739268000,44381.0,44444.0,44368.0,44419.0,1531,5
1739271600,44419.0,44442.0,44390.0,44395.0,1225,5
1739275200,44395.0,44425.0,44385.0,44389.0,974,5
1739278800,44389.0,44433.0,44388.0,44428.0,1048,5
1739282400,44433.0,44433.0,44389.0,44418.0,1551,5
1739286000,44419.0,44420.0,44348.0,44357.0,1892,5
1739289600,44357.0,44417.0,44316.0,44395.0,4915,5
1739293200,44404.0,44532.0,44336.0,44522.0,5312,5
1739296800,44522.0,44568.0,44505.0,44532.0,4189,5
1739300400,44533.0,44550.0,44488.0,44501.0,4162,5
1739304000,44501.0,44582.0,44472.0,44516.0,3656,5
1739307600,44514.0,44664.0,44511.0,44628.0,3489,5
1739311200,44630.0,44669.0,44590.0,44627.0,3872,5
1739314800,44635.0,44650.0,44613.0,44618.0,904,5
1739322000,44627.0,44652.0,44599.0,44635.0,760,5
1739325600,44635.0,44660.0,44628.0,44638.0,761,5
1739329200,44638.0,44651.0,44615.0,44644.0,837,5
1739332800,44644.0,44646.0,44629.0,44629.0,494,5
1739336400,44630.0,44631.0,44606.0,44615.0,528,5
1739340000,44615.0,44615.0,44600.0,44608.0,423,5
1739343600,44608.0,44613.0,44596.0,44598.0,474,5
1739347200,44598.0,44611.0,44589.0,44603.0,443,5
1739350800,44603.0,44614.0,44591.0,44594.0,525,5
1739354400,44594.0,44625.0,44582.0,44586.0,1041,5
1739358000,44586.0,44586.0,44514.0,44568.0,1441,5
1739361600,44568.0,44577.0,44540.0,44577.0,930,5
1739365200,44577.0,44584.0,44554.0,44568.0,1002,5
1739368800,44568.0,44600.0,44553.0,44599.0,1178,5
1739372400,44599.0,44630.0,44171.0,44230.0,4986,5
1739376000,44231.0,44291.0,44115.0,44269.0,6733,5
1739379600,44262.0,44397.0,44154.0,44366.0,8711,4
1739383200,44367.0,44419.0,44157.0,44411.0,7107,4
1739386800,44409.0,44490.0,44385.0,44483.0,5418,4
1739390400,44484.0,44497.0,44383.0,44401.0,4553,4
1739394000,44401.0,44451.0,44360.0,44423.0,3787,4
1739397600,44423.0,44428.0,44325.0,44384.0,4553,5
1739401200,44385.0,44442.0,44374.0,44432.0,1333,5
1739408400,44442.0,44475.0,44428.0,44464.0,795,5
1739412000,44464.0,44484.0,44450.0,44471.0,734,5
1739415600,44471.0,44473.0,44453.0,44465.0,769,5
1739419200,44465.0,44465.0,44441.0,44460.0,501,5
1739422800,44461.0,44485.0,44460.0,44476.0,467,5
1739426400,44476.0,44494.0,44472.0,44473.0,458,5
1739430000,44473.0,44484.0,44467.0,44475.0,431,5
1739433600,44475.0,44488.0,44466.0,44466.0,606,5
1739437200,44466.0,44482.0,44428.0,44435.0,1027,5
1739440800,44434.0,44440.0,44306.0,44323.0,2527,5
1739444400,44324.0,44387.0,44289.0,44378.0,1904,5
1739448000,44378.0,44421.0,44363.0,44419.0,1156,5
1739451600,44419.0,44451.0,44369.0,44410.0,1825,4
1739455200,44411.0,44429.0,44371.0,44403.0,1830,5
1739458800,44403.0,44501.0,44372.0,44498.0,3322,4
1739462400,44498.0,44562.0,44385.0,44438.0,5651,4
1739466000,44440.0,44528.0,44412.0,44489.0,6887,5
1739469600,44490.0,44563.0,44469.0,44485.0,4970,5
1739473200,44486.0,44552.0,44461.0,44484.0,4173,5
1739476800,44484.0,44606.0,44430.0,44604.0,6294,4
1739480400,44598.0,44784.0,44594.0,44733.0,4728,5
1739484000,44732.0,44807.0,44728.0,44740.0,3940,5
1739487600,44742.0,44776.0,44733.0,44759.0,1060,5
1739494800,44735.0,44752.0,44724.0,44740.0,822,5
1739498400,44741.0,44756.0,44725.0,44738.0,758,5
1739502000,44738.0,44784.0,44735.0,44780.0,945,5
1739505600,44780.0,44787.0,44771.0,44780.0,533,5
1739509200,44780.0,44783.0,44763.0,44774.0,385,5
1739512800,44774.0,44777.0,44769.0,44772.0,280,5
1739516400,44772.0,44775.0,44748.0,44750.0,420,5
1739520000,44750.0,44759.0,44743.0,44752.0,427,5
1739523600,44752.0,44782.0,44745.0,44746.0,950,5
1739527200,44746.0,44746.0,44676.0,44692.0,1371,5
1739530800,44692.0,44707.0,44639.0,44647.0,1284,5
1739534400,44647.0,44647.0,44583.0,44592.0,1213,5
1739538000,44592.0,44600.0,44551.0,44596.0,1496,5
1739541600,44596.0,44626.0,44593.0,44624.0,1265,5
1739545200,44624.0,44660.0,44610.0,44657.0,1651,5
1739548800,44657.0,44745.0,44641.0,44725.0,4229,5
1739552400,44732.0,44774.0,44626.0,44659.0,5479,5
1739556000,44659.0,44715.0,44589.0,44657.0,4414,5
1739559600,44657.0,44661.0,44564.0,44611.0,3759,5
1739563200,44611.0,44662.0,44587.0,44638.0,2724,5
1739566800,44639.0,44647.0,44580.0,44605.0,2752,5
1739570400,44605.0,44605.0,44500.0,44544.0,3596,5
1739574000,44544.0,44549.0,44513.0,44545.0,1011,5
1739754000,44594.0,44594.0,44531.0,44568.0,939,5
1739757600,44568.0,44582.0,44547.0,44577.0,840,5
1739761200,44578.0,44592.0,44568.0,44580.0,567,5
1739764800,44580.0,44595.0,44575.0,44592.0,385,5
1739768400,44592.0,44593.0,44579.0,44588.0,374,5
1739772000,44588.0,44603.0,44582.0,44602.0,258,5
1739775600,44602.0,44613.0,44600.0,44603.0,359,5
1739779200,44603.0,44608.0,44590.0,44600.0,314,5
1739782800,44600.0,44602.0,44571.0,44573.0,405,5
1739786400,44573.0,44590.0,44568.0,44576.0,708,4
1739790000,44576.0,44622.0,44576.0,44618.0,537,4
1739793600,44618.0,44619.0,44595.0,44608.0,372,5
1739797200,44608.0,44622.0,44604.0,44614.0,380,5
1739800800,44614.0,44646.0,44608.0,44638.0,367,5
1739804400,44638.0,44665.0,44636.0,44657.0,468,5
1739808000,44657.0,44671.0,44614.0,44636.0,1239,4
1739811600,44636.0,44642.0,44596.0,44608.0,943,4
1739815200,44607.0,44668.0,44604.0,44649.0,821,5
1739818800,44649.0,44685.0,44641.0,44670.0,643,5
1739840400,44649.0,44661.0,44604.0,44641.0,514,5
1739844000,44641.0,44649.0,44613.0,44628.0,619,5
1739847600,44628.0,44638.0,44613.0,44617.0,718,5
1739851200,44617.0,44624.0,44610.0,44618.0,459,5
1739854800,44618.0,44619.0,44605.0,44612.0,364,5
1739858400,44612.0,44613.0,44598.0,44605.0,234,5
1739862000,44605.0,44608.0,44595.0,44602.0,324,5
1739865600,44602.0,44659.0,44599.0,44658.0,569,5
1739869200,44656.0,44679.0,44656.0,44672.0,758,5
1739872800,44672.0,44673.0,44605.0,44632.0,1320,5
1739876400,44632.0,44647.0,44568.0,44570.0,1372,5
1739880000,44571.0,44612.0,44549.0,44611.0,905,5
1739883600,44611.0,44628.0,44606.0,44613.0,702,5
1739887200,44613.0,44650.0,44613.0,44640.0,1056,5
1739890800,44640.0,44660.0,44622.0,44631.0,1243,5
1739894400,44633.0,44636.0,44424.0,44424.0,7327,5
1739898000,44424.0,44580.0,44397.0,44571.0,7880,5
1739901600,44571.0,44574.0,44452.0,44488.0,5342,5
1739905200,44488.0,44526.0,44469.0,44501.0,4292,5
1739908800,44501.0,44534.0,44451.0,44459.0,4638,5
1739912400,44459.0,44476.0,44336.0,44455.0,5588,5
1739916000,44455.0,44576.0,44432.0,44570.0,4999,5
1739919600,44569.0,44602.0,44562.0,44568.0,1384,5
1739926800,44564.0,44595.0,44562.0,44583.0,748,4
1739930400,44583.0,44610.0,44577.0,44609.0,634,5
1739934000,44609.0,44623.0,44607.0,44617.0,708,4
1739937600,44617.0,44623.0,44606.0,44615.0,525,5
1739941200,44615.0,44626.0,44610.0,44622.0,308,5
1739944800,44622.0,44622.0,44601.0,44611.0,340,4
1739948400,44611.0,44619.0,44607.0,44614.0,386,4
1739952000,44614.0,44629.0,44610.0,44612.0,434,5
1739955600,44612.0,44622.0,44591.0,44591.0,635,4
1739959200,44593.0,44606.0,44579.0,44599.0,1032,4
1739962800,44599.0,44616.0,44587.0,44600.0,873,4
1739966400,44600.0,44602.0,44507.0,44514.0,1279,4
1739970000,44514.0,44517.0,44452.0,44485.0,1608,4
1739973600,44485.0,44525.0,44483.0,44491.0,1493,4
1739977200,44491.0,44521.0,44436.0,44458.0,2007,4
1739980800,44458.0,44481.0,44372.0,44427.0,6183,4
1739984400,44427.0,44470.0,44361.0,44374.0,7439,4
1739988000,44374.0,44486.0,44369.0,44472.0,5305,4
1739991600,44472.0,44492.0,44384.0,44412.0,4458,4
1739995200,44413.0,44445.0,44323.0,44433.0,3797,5
1739998800,44433.0,44604.0,44425.0,44582.0,4487,5
1740002400,44580.0,44650.0,44533.0,44636.0,5530,5
1740006000,44635.0,44635.0,44569.0,44588.0,1095,5
1740013200,44579.0,44606.0,44570.0,44593.0,782,5
1740016800,44593.0,44612.0,44576.0,44611.0,799,5
1740020400,44611.0,44612.0,44561.0,44562.0,1235,5
1740024000,44562.0,44581.0,44552.0,44575.0,826,5
1740027600,44575.0,44581.0,44560.0,44560.0,472,5
1740031200,44560.0,44560.0,44534.0,44541.0,592,5
1740034800,44541.0,44548.0,44533.0,44535.0,466,5
1740038400,44535.0,44554.0,44532.0,44549.0,586,5
1740042000,44549.0,44564.0,44535.0,44540.0,834,5
1740045600,44540.0,44563.0,44533.0,44557.0,1188,5
1740049200,44557.0,44590.0,44557.0,44583.0,959,5
1740052800,44583.0,44602.0,44581.0,44581.0,599,5
1740056400,44581.0,44582.0,44495.0,44498.0,1148,5
1740060000,44498.0,44540.0,44490.0,44511.0,1596,5
1740063600,44511.0,44519.0,44476.0,44492.0,1540,5
1740067200,44491.0,44533.0,44307.0,44308.0,6772,5
1740070800,44308.0,44312.0,44054.0,44088.0,10954,4
1740074400,44088.0,44124.0,43972.0,43983.0,8025,4
1740078000,43982.0,44100.0,43969.0,44019.0,5821,5
1740081600,44019.0,44046.0,43961.0,44037.0,5729,5
1740085200,44037.0,44163.0,44030.0,44141.0,5406,5
1740088800,44141.0,44209.0,44111.0,44202.0,6001,5
1740092400,44203.0,44211.0,44169.0,44178.0,1297,5
1740099600,44179.0,44234.0,44175.0,44220.0,727,5
1740103200,44220.0,44227.0,44198.0,44211.0,618,5
1740106800,44210.0,44216.0,44190.0,44199.0,1000,5
1740110400,44199.0,44213.0,44199.0,44208.0,625,5
1740114000,44208.0,44209.0,44191.0,44192.0,432,5
1740117600,44192.0,44203.0,44190.0,44195.0,379,5
1740121200,44195.0,44199.0,44180.0,44190.0,503,5
1740124800,44190.0,44209.0,44187.0,44205.0,349,5
1740128400,44205.0,44223.0,44195.0,44197.0,813,5
1740132000,44197.0,44245.0,44183.0,44234.0,1992,5
1740135600,44234.0,44236.0,44207.0,44234.0,1054,5
1740139200,44234.0,44266.0,44227.0,44262.0,871,5
1740142800,44262.0,44266.0,44238.0,44246.0,790,5
1740146400,44236.0,44236.0,43993.0,44015.0,2656,5
1740150000,44015.0,44015.0,43931.0,43944.0,1949,5
1740153600,43944.0,44019.0,43783.0,43816.0,7806,4
1740157200,43816.0,43850.0,43760.0,43806.0,10935,4
1740160800,43807.0,43853.0,43765.0,43817.0,8142,4
1740164400,43817.0,43826.0,43596.0,43613.0,7912,4
1740168000,43613.0,43619.0,43451.0,43470.0,10647,4
1740171600,43470.0,43529.0,43355.0,43420.0,9952,5
1740175200,43420.0,43477.0,43394.0,43433.0,9281,5
1740178800,43433.0,43442.0,43410.0,43418.0,1840,5
1740358800,43471.0,43576.0,43462.0,43565.0,1584,5
1740362400,43565.0,43617.0,43561.0,43587.0,1513,5
1740366000,43587.0,43611.0,43575.0,43598.0,1430,5
1740369600,43598.0,43646.0,43596.0,43636.0,869,5
1740373200,43636.0,43641.0,43628.0,43638.0,537,5
1740376800,43638.0,43654.0,43636.0,43641.0,416,5
1740380400,43641.0,43665.0,43641.0,43660.0,568,5
1740384000,43660.0,43685.0,43654.0,43660.0,757,5
1740387600,43660.0,43672.0,43608.0,43640.0,1670,5
1740391200,43640.0,43668.0,43559.0,43656.0,3041,4
1740394800,43656.0,43764.0,43650.0,43725.0,2377,5
1740398400,43725.0,43758.0,43705.0,43739.0,1323,5
1740402000,43739.0,43778.0,43723.0,43764.0,1375,5
1740405600,43764.0,43770.0,43719.0,43732.0,1587,5
1740409200,43732.0,43734.0,43667.0,43669.0,1735,5
1740412800,43669.0,43689.0,43470.0,43472.0,8882,5
1740416400,43472.0,43557.0,43372.0,43460.0,13898,5
1740420000,43460.0,43645.0,43450.0,43580.0,10767,5
1740423600,43581.0,43701.0,43567.0,43646.0,8060,5
1740427200,43646.0,43719.0,43632.0,43672.0,7310,5
1740430800,43672.0,43729.0,43609.0,43630.0,6903,5
1740434400,43631.0,43646.0,43457.0,43494.0,8317,5
1740438000,43494.0,43552.0,43475.0,43522.0,2045,5
1740445200,43543.0,43569.0,43488.0,43515.0,1463,5
1740448800,43515.0,43571.0,43515.0,43565.0,1552,5
1740452400,43565.0,43598.0,43550.0,43596.0,1533,5
1740456000,43596.0,43603.0,43555.0,43598.0,1065,5
1740459600,43598.0,43613.0,43571.0,43572.0,593,5
1740463200,43572.0,43593.0,43555.0,43556.0,686,5
1740466800,43556.0,43569.0,43552.0,43563.0,629,5
1740470400,43563.0,43569.0,43509.0,43523.0,844,5
1740474000,43523.0,43525.0,43384.0,43384.0,2763,5
1740477600,43384.0,43552.0,43382.0,43452.0,3536,5
1740481200,43452.0,43536.0,43398.0,43402.0,3230,4
1740484800,43401.0,43487.0,43401.0,43429.0,1784,5
1740488400,43429.0,43497.0,43348.0,43471.0,2584,5
1740492000,43470.0,43564.0,43461.0,43556.0,2295,5
1740495600,43556.0,43611.0,43541.0,43590.0,2284,5
1740499200,43590.0,43763.0,43518.0,43580.0,8852,5
1740502800,43580.0,43580.0,43303.0,43504.0,15358,5
1740506400,43505.0,43541.0,43333.0,43496.0,12822,5
1740510000,43496.0,43653.0,43420.0,43652.0,9201,5
1740513600,43651.0,43734.0,43528.0,43617.0,9226,5
1740517200,43617.0,43719.0,43499.0,43675.0,10218,5
1740520800,43675.0,43799.0,43585.0,43650.0,12115,5
1740524400,43650.0,43730.0,43642.0,43703.0,2031,5
1740531600,43711.0,43746.0,43705.0,43730.0,931,5
1740535200,43730.0,43746.0,43714.0,43739.0,971,5
1740538800,43739.0,43741.0,43672.0,43680.0,1003,5
1740542400,43680.0,43703.0,43660.0,43698.0,1043,5
1740546000,43698.0,43735.0,43693.0,43710.0,886,5
1740549600,43710.0,43727.0,43706.0,43725.0,397,5
1740553200,43725.0,43751.0,43725.0,43746.0,458,5
1740556800,43746.0,43753.0,43725.0,43738.0,528,5
1740560400,43738.0,43738.0,43705.0,43717.0,981,5
1740564000,43717.0,43770.0,43709.0,43767.0,1517,5
1740567600,43767.0,43785.0,43735.0,43764.0,1564,5
1740571200,43764.0,43781.0,43740.0,43770.0,1029,5
1740574800,43770.0,43808.0,43754.0,43767.0,1270,5
1740578400,43768.0,43777.0,43725.0,43743.0,1672,5
1740582000,43743.0,43783.0,43700.0,43714.0,2367,5
1740585600,43714.0,43772.0,43579.0,43757.0,9111,4
1740589200,43757.0,43894.0,43733.0,43845.0,11780,5
1740592800,43845.0,43874.0,43689.0,43707.0,9316,5
1740596400,43706.0,43788.0,43469.0,43512.0,10434,4
1740600000,43511.0,43526.0,43333.0,43373.0,10875,4
1740603600,43373.0,43528.0,43333.0,43407.0,9923,5
1740607200,43409.0,43559.0,43390.0,43476.0,9665,5
1740610800,43475.0,43521.0,43291.0,43459.0,5457,5
1740618000,43428.0,43450.0,43375.0,43421.0,1953,5
1740621600,43421.0,43448.0,43381.0,43386.0,2379,5
1740625200,43386.0,43430.0,43375.0,43415.0,1472,5
1740628800,43415.0,43491.0,43407.0,43460.0,1156,5
1740632400,43460.0,43490.0,43451.0,43462.0,707,5
1740636000,43462.0,43472.0,43451.0,43470.0,753,5
1740639600,43470.0,43589.0,43461.0,43568.0,1086,5
1740643200,43568.0,43584.0,43504.0,43559.0,1651,4
1740646800,43559.0,43596.0,43542.0,43556.0,1899,5
1740650400,43556.0,43602.0,43534.0,43596.0,2069,5
1740654000,43596.0,43613.0,43557.0,43580.0,1848,5
1740657600,43580.0,43603.0,43552.0,43575.0,2068,4
1740661200,43575.0,43623.0,43563.0,43623.0,1654,4
1740664800,43620.0,43630.0,43579.0,43584.0,1836,4
1740668400,43584.0,43602.0,43365.0,43415.0,5265,4
1740672000,43415.0,43711.0,43399.0,43579.0,11015,4
1740675600,43575.0,43914.0,43487.0,43761.0,16316,4
1740679200,43764.0,43912.0,43634.0,43646.0,11803,4
1740682800,43646.0,43779.0,43566.0,43696.0,10407,5
1740686400,43696.0,43790.0,43680.0,43700.0,9255,5
1740690000,43701.0,43716.0,43346.0,43408.0,12207,4
1740693600,43410.0,43412.0,43248.0,43275.0,12851,4
1740697200,43275.0,43318.0,43251.0,43282.0,2766,5
1740704400,43303.0,43317.0,43255.0,43283.0,1750,5
1740708000,43283.0,43298.0,43210.0,43211.0,1923,4
1740711600,43211.0,43270.0,43118.0,43214.0,3144,4
1740715200,43214.0,43254.0,43165.0,43172.0,2616,4
1740718800,43173.0,43192.0,43130.0,43169.0,2809,4
1740722400,43169.0,43253.0,43157.0,43239.0,1714,4
1740726000,43239.0,43261.0,43225.0,43243.0,1428,4
1740729600,43243.0,43282.0,43229.0,43237.0,1716,4
1740733200,43237.0,43309.0,43210.0,43299.0,2676,4
1740736800,43299.0,43355.0,43283.0,43345.0,2909,4
1740740400,43345.0,43369.0,43333.0,43349.0,2059,4
1740744000,43349.0,43400.0,43347.0,43376.0,1653,4
1740747600,43376.0,43409.0,43369.0,43399.0,1427,4
1740751200,43399.0,43443.0,43379.0,43426.0,3189,4
1740754800,43426.0,43489.0,43417.0,43428.0,4171,4
1740758400,43428.0,43450.0,43249.0,43443.0,10824,4
1740762000,43439.0,43547.0,43393.0,43542.0,13472,4
1740765600,43542.0,43555.0,43354.0,43470.0,11091,4
1740769200,43469.0,43518.0,43203.0,43208.0,11249,4
1740772800,43207.0,43375.0,43107.0,43185.0,12940,4
1740776400,43186.0,43478.0,43180.0,43465.0,11174,4
1740780000,43464.0,43884.0,43454.0,43838.0,12132,4
1740783600,43841.0,43853.0,43771.0,43793.0,3210,5
1740963600,43824.0,43924.0,43807.0,43886.0,2437,5
1740967200,43886.0,43899.0,43748.0,43780.0,3425,4
1740970800,43780.0,43828.0,43763.0,43808.0,3340,4
1740974400,43808.0,43853.0,43786.0,43806.0,2197,4
1740978000,43806.0,43826.0,43769.0,43822.0,1915,4
1740981600,43822.0,43863.0,43816.0,43861.0,1033,5
1740985200,43861.0,43896.0,43850.0,43882.0,1097,5
1740988800,43882.0,43904.0,43853.0,43887.0,1673,5
1740992400,43887.0,43898.0,43827.0,43865.0,2445,4
1740996000,43864.0,43915.0,43766.0,43818.0,4195,5
1740999600,43810.0,43924.0,43758.0,43916.0,2933,5
1741003200,43915.0,43939.0,43883.0,43932.0,2233,5
1741006800,43935.0,43952.0,43918.0,43950.0,1687,5
1741010400,43950.0,44043.0,43943.0,43974.0,3160,4
1741014000,43974.0,43981.0,43908.0,43943.0,2543,5
1741017600,43943.0,44065.0,43891.0,43892.0,9703,5
1741021200,43873.0,43984.0,43778.0,43804.0,15533,4
1741024800,43805.0,43867.0,43639.0,43763.0,12453,5
1741028400,43763.0,43840.0,43679.0,43710.0,9028,4
1741032000,43708.0,43717.0,43404.0,43492.0,11950,4
1741035600,43488.0,43588.0,43301.0,43313.0,11695,4
1741039200,43314.0,43317.0,42935.0,43200.0,16404,4
1741042800,43201.0,43282.0,43192.0,43272.0,3360,4
1741050000,43293.0,43317.0,43232.0,43246.0,2173,4
1741053600,43246.0,43288.0,43204.0,43273.0,2857,4
1741057200,43273.0,43297.0,43179.0,43189.0,3366,4
1741060800,43190.0,43254.0,43174.0,43240.0,2225,4
1741064400,43240.0,43278.0,43219.0,43253.0,1857,4
1741068000,43253.0,43277.0,43216.0,43225.0,1466,4
1741071600,43225.0,43311.0,43157.0,43272.0,3081,4
1741075200,43272.0,43298.0,43229.0,43280.0,1982,4
1741078800,43280.0,43289.0,43176.0,43194.0,3294,4
1741082400,43192.0,43295.0,43158.0,43225.0,5062,4
1741086000,43223.0,43267.0,43173.0,43201.0,3771,4
1741089600,43202.0,43219.0,43118.0,43193.0,4339,4
1741093200,43193.0,43205.0,43134.0,43156.0,3157,4
1741096800,43149.0,43156.0,43007.0,43043.0,5330,4
1741100400,43041.0,43113.0,43006.0,43054.0,5545,4
1741104000,43054.0,43115.0,42611.0,42625.0,13824,4
1741107600,42624.0,42659.0,42424.0,42488.0,18247,4
1741111200,42488.0,42572.0,42376.0,42537.0,15066,4
1741114800,42537.0,42659.0,42492.0,42551.0,12255,4
1741118400,42549.0,42836.0,42537.0,42805.0,12797,5
1741122000,42801.0,42986.0,42797.0,42969.0,11376,5
1741125600,42965.0,43104.0,42436.0,42553.0,15042,4
1741129200,42554.0,42867.0,42554.0,42777.0,8575,5
1741136400,42819.0,42850.0,42767.0,42819.0,2131,4
1741140000,42819.0,42833.0,42729.0,42791.0,3470,4
1741143600,42791.0,42800.0,42661.0,42742.0,4784,4
1741147200,42742.0,42768.0,42684.0,42708.0,2297,5
1741150800,42708.0,42814.0,42670.0,42786.0,3643,5
1741154400,42786.0,42820.0,42770.0,42790.0,1922,4
1741158000,42790.0,42797.0,42730.0,42777.0,1570,5
1741161600,42776.0,42792.0,42721.0,42773.0,1774,5
1741165200,42773.0,42816.0,42734.0,42741.0,3039,4
1741168800,42742.0,42844.0,42718.0,42762.0,4949,4
1741172400,42762.0,42886.0,42720.0,42860.0,4086,4
1741176000,42860.0,42881.0,42776.0,42783.0,3568,5
1741179600,42784.0,42797.0,42620.0,42694.0,3930,5
1741183200,42696.0,42716.0,42594.0,42607.0,4624,5
1741186800,42607.0,42681.0,42502.0,42525.0,6827,4
1741190400,42525.0,42762.0,42480.0,42593.0,12125,4
1741194000,42657.0,42809.0,42577.0,42657.0,17856,5
1741197600,42656.0,42662.0,42433.0,42612.0,13781,4
1741201200,42613.0,42877.0,42608.0,42864.0,12536,4
1741204800,42863.0,42922.0,42681.0,42916.0,14036,4
1741208400,42913.0,43128.0,42879.0,43038.0,12342,4
1741212000,43038.0,43155.0,42890.0,43021.0,12726,4
1741215600,43020.0,43058.0,42996.0,43006.0,3248,5
1741222800,43027.0,43059.0,42999.0,43017.0,1358,5
1741226400,43016.0,43039.0,42971.0,42979.0,1776,5
1741230000,42980.0,43023.0,42973.0,43002.0,1973,5
1741233600,43002.0,43022.0,42975.0,42987.0,1461,5
1741237200,42987.0,43019.0,42968.0,43013.0,1186,5
1741240800,43013.0,43047.0,43012.0,43038.0,966,4
1741244400,43038.0,43041.0,42994.0,42995.0,1268,5
1741248000,42995.0,43047.0,42987.0,43038.0,1268,5
1741251600,43040.0,43060.0,42869.0,42873.0,2603,4
1741255200,42869.0,42915.0,42724.0,42729.0,6051,4
1741258800,42730.0,42803.0,42654.0,42675.0,6063,4
1741262400,42675.0,42704.0,42577.0,42584.0,4286,5
1741266000,42584.0,42702.0,42548.0,42699.0,3018,4
1741269600,42698.0,42717.0,42613.0,42632.0,3353,4
1741273200,42632.0,42671.0,42551.0,42644.0,5669,5
1741276800,42646.0,42685.0,42405.0,42486.0,12056,4
1741280400,42482.0,42937.0,42478.0,42891.0,15265,5
1741284000,42892.0,43006.0,42618.0,42626.0,15275,4
1741287600,42626.0,42658.0,42407.0,42552.0,12433,4
1741291200,42552.0,42635.0,42388.0,42507.0,11490,4
1741294800,42508.0,42712.0,42405.0,42455.0,12361,4
1741298400,42455.0,42674.0,42417.0,42592.0,15430,4
1741302000,42593.0,42694.0,42568.0,42622.0,3774,5
1741309200,42625.0,42657.0,42603.0,42650.0,1459,5
1741312800,42650.0,42692.0,42618.0,42661.0,2507,5
1741316400,42661.0,42719.0,42648.0,42690.0,2512,5
1741320000,42691.0,42722.0,42656.0,42684.0,1872,5
1741323600,42684.0,42688.0,42638.0,42641.0,1660,5
1741327200,42641.0,42664.0,42616.0,42659.0,1349,5
1741330800,42659.0,42663.0,42607.0,42619.0,1735,5
1741334400,42619.0,42623.0,42573.0,42593.0,2354,5
1741338000,42592.0,42668.0,42586.0,42661.0,2569,5
1741341600,42654.0,42676.0,42591.0,42634.0,4640,5
1741345200,42634.0,42704.0,42623.0,42683.0,3198,5
1741348800,42683.0,42685.0,42605.0,42654.0,2590,5
1741352400,42654.0,42690.0,42630.0,42669.0,2110,5
1741356000,42669.0,42694.0,42567.0,42599.0,3415,5
1741359600,42599.0,42852.0,42444.0,42466.0,8748,4
1741363200,42467.0,42748.0,42379.0,42615.0,13982,5
1741366800,42615.0,42703.0,42339.0,42503.0,17665,4
1741370400,42502.0,42529.0,42183.0,42269.0,15372,4
1741374000,42269.0,42670.0,42179.0,42499.0,14373,4
1741377600,42504.0,42789.0,42489.0,42786.0,15015,4
1741381200,42788.0,42915.0,42726.0,42779.0,12600,4
1741384800,42772.0,42912.0,42633.0,42809.0,13581,4
1741388400,42807.0,42824.0,42737.0,42780.0,3157,5
1741568400,42666.0,42670.0,42478.0,42522.0,4520,4
1741572000,42523.0,42586.0,42403.0,42570.0,3999,5
1741575600,42567.0,42600.0,42514.0,42582.0,3774,4
1741579200,42582.0,42649.0,42577.0,42647.0,2138,4
1741582800,42647.0,42663.0,42623.0,42652.0,1537,4
1741586400,42652.0,42672.0,42612.0,42655.0,1538,4
1741590000,42655.0,42680.0,42623.0,42629.0,1111,4
1741593600,42629.0,42660.0,42602.0,42613.0,1489,4
1741597200,42613.0,42664.0,42613.0,42641.0,1581,4
1741600800,42641.0,42673.0,42603.0,42623.0,2343,4
1741604400,42617.0,42648.0,42336.0,42349.0,7109,4
1741608000,42349.0,42531.0,42333.0,42459.0,5690,4
1741611600,42460.0,42494.0,42382.0,42394.0,4565,4
1741615200,42395.0,42444.0,42347.0,42361.0,5310,5
1741618800,42361.0,42380.0,42274.0,42363.0,4750,4
1741622400,42361.0,42579.0,42296.0,42512.0,13354,4
1741626000,42511.0,42535.0,42349.0,42428.0,17291,4
1741629600,42440.0,42530.0,42311.0,42320.0,16155,4
1741633200,42319.0,42389.0,42222.0,42263.0,13627,4
1741636800,42264.0,42275.0,41998.0,42005.0,13487,5
1741640400,42005.0,42048.0,41751.0,41768.0,13351,5
1741644000,41768.0,42071.0,41635.0,41935.0,18601,5
1741647600,41931.0,41996.0,41874.0,41970.0,4962,5
1741654800,41946.0,41994.0,41863.0,41931.0,3146,5
1741658400,41933.0,41961.0,41823.0,41938.0,4849,5
1741662000,41937.0,41963.0,41644.0,41738.0,5677,4
1741665600,41738.0,41846.0,41632.0,41820.0,5794,4
1741669200,41820.0,42008.0,41811.0,41949.0,5982,4
1741672800,41949.0,42085.0,41949.0,42013.0,3716,4
1741676400,42013.0,42080.0,41989.0,42038.0,1756,5
1741680000,42038.0,42075.0,42017.0,42058.0,2318,4
1741683600,42058.0,42081.0,42021.0,42038.0,2611,5
1741687200,42041.0,42079.0,41965.0,42054.0,4085,5
1741690800,42057.0,42069.0,42001.0,42065.0,5264,5
1741694400,42064.0,42085.0,42018.0,42031.0,3434,4
1741698000,42031.0,42057.0,41983.0,42024.0,3138,5
1741701600,42025.0,42099.0,41972.0,42095.0,3218,5
1741705200,42092.0,42099.0,41881.0,41892.0,4922,5
1741708800,41893.0,41936.0,41628.0,41667.0,12394,5
1741712400,41649.0,41823.0,41337.0,41342.0,19774,5
1741716000,41339.0,41654.0,41300.0,41493.0,17999,5
1741719600,41492.0,41519.0,41246.0,41295.0,15003,5
1741723200,41296.0,41371.0,41193.0,41300.0,13402,5
1741726800,41299.0,41813.0,41289.0,41747.0,17170,5
1741730400,41748.0,41823.0,41431.0,41440.0,18285,5
1741734000,41436.0,41534.0,41424.0,41447.0,5588,5
1741741200,41471.0,41545.0,41428.0,41530.0,2304,5
1741744800,41530.0,41541.0,41485.0,41540.0,2579,5
1741748400,41538.0,41564.0,41504.0,41546.0,2475,5
1741752000,41546.0,41559.0,41490.0,41546.0,2455,5
1741755600,41546.0,41585.0,41529.0,41533.0,1412,5
1741759200,41533.0,41541.0,41491.0,41521.0,1275,5
1741762800,41521.0,41563.0,41512.0,41529.0,1093,5
1741766400,41529.0,41572.0,41527.0,41568.0,1121,5
1741770000,41568.0,41568.0,41465.0,41485.0,1548,5
1741773600,41483.0,41571.0,41455.0,41560.0,3352,4
1741777200,41559.0,41646.0,41487.0,41635.0,5503,5
1741780800,41639.0,41657.0,41602.0,41644.0,3869,5
1741784400,41644.0,41671.0,41588.0,41646.0,2498,5
1741788000,41647.0,41725.0,41643.0,41695.0,2852,5
1741791600,41693.0,41996.0,41622.0,41766.0,8687,5
1741795200,41766.0,41768.0,41304.0,41362.0,13798,5
1741798800,41360.0,41386.0,41099.0,41111.0,16198,4
1741802400,41110.0,41354.0,41024.0,41347.0,13256,5
1741806000,41348.0,41481.0,41290.0,41356.0,12976,5
1741809600,41357.0,41565.0,41336.0,41356.0,12142,5
1741813200,41354.0,41588.0,41340.0,41531.0,11062,5
1741816800,41532.0,41534.0,41360.0,41364.0,13586,5
1741820400,41362.0,41385.0,41320.0,41334.0,2983,5
1741827600,41322.0,41404.0,41309.0,41399.0,1854,5
1741831200,41399.0,41456.0,41395.0,41449.0,1650,5
1741834800,41453.0,41467.0,41389.0,41396.0,2105,5
1741838400,41396.0,41429.0,41356.0,41428.0,2541,4
1741842000,41426.0,41430.0,41366.0,41375.0,1729,4
1741845600,41375.0,41386.0,41274.0,41292.0,2255,4
1741849200,41292.0,41326.0,41244.0,41273.0,2023,4
1741852800,41273.0,41286.0,41212.0,41255.0,2815,4
1741856400,41255.0,41291.0,41179.0,41278.0,3449,4
1741860000,41277.0,41295.0,41159.0,41179.0,3997,5
1741863600,41183.0,41254.0,41123.0,41251.0,7395,4
1741867200,41250.0,41392.0,41204.0,41388.0,3547,5
1741870800,41388.0,41414.0,41337.0,41359.0,2892,4
1741874400,41360.0,41373.0,41241.0,41305.0,4211,4
1741878000,41303.0,41379.0,41204.0,41307.0,6484,4
1741881600,41307.0,41367.0,41134.0,41190.0,11670,4
1741885200,41182.0,41382.0,41144.0,41176.0,15390,5
1741888800,41180.0,41223.0,40892.0,40898.0,12931,4
1741892400,40898.0,41020.0,40826.0,40906.0,13365,4
1741896000,40903.0,40954.0,40681.0,40695.0,10939,4
1741899600,40694.0,40984.0,40691.0,40963.0,11818,5
1741903200,40961.0,41013.0,40776.0,40840.0,12807,4
1741906800,40839.0,40929.0,40834.0,40877.0,2476,5
1741914000,40896.0,40984.0,40892.0,40958.0,2357,5
1741917600,40957.0,40999.0,40953.0,40975.0,1786,5
1741921200,40970.0,41047.0,40939.0,41018.0,3003,4
1741924800,41019.0,41057.0,40999.0,41016.0,2222,4
1741928400,41016.0,41052.0,41013.0,41048.0,1607,4
1741932000,41047.0,41066.0,41042.0,41048.0,1293,4
1741935600,41048.0,41060.0,41028.0,41057.0,1032,4
1741939200,41057.0,41080.0,41033.0,41038.0,1442,4
1741942800,41038.0,41049.0,40998.0,41043.0,1808,4
1741946400,41043.0,41044.0,40968.0,40991.0,2785,4
1741950000,40983.0,41081.0,40964.0,41059.0,4738,4
1741953600,41060.0,41092.0,41050.0,41061.0,3202,4
1741957200,41061.0,41112.0,40988.0,41081.0,4311,4
1741960800,41079.0,41103.0,41023.0,41081.0,4056,4
1741964400,41081.0,41128.0,41048.0,41120.0,3791,4
1741968000,41119.0,41273.0,40931.0,41200.0,9892,4
1741971600,41108.0,41348.0,41010.0,41348.0,15331,4
1741975200,41349.0,41463.0,41307.0,41454.0,11173,4
1741978800,41457.0,41466.0,41302.0,41454.0,11641,4
1741982400,41454.0,41509.0,41338.0,41345.0,9696,4
1741986000,41348.0,41478.0,41346.0,41431.0,8198,5
1741989600,41431.0,41549.0,41400.0,41488.0,8952,4
1741993200,41485.0,41485.0,41390.0,41436.0,3925,4
1742173200,41414.0,41446.0,41296.0,41316.0,4120,4
1742176800,41317.0,41356.0,41284.0,41319.0,3035,4
1742180400,41317.0,41367.0,41295.0,41351.0,2661,4
1742184000,41351.0,41369.0,41333.0,41341.0,1674,4
1742187600,41341.0,41345.0,41316.0,41322.0,1371,4
1742191200,41322.0,41332.0,41297.0,41321.0,1110,4
1742194800,41321.0,41338.0,41309.0,41325.0,1010,4
1742198400,41325.0,41344.0,41319.0,41325.0,831,4
1742202000,41325.0,41330.0,41271.0,41297.0,1216,4
1742205600,41297.0,41324.0,41252.0,41322.0,2113,5
1742209200,41329.0,41331.0,41247.0,41300.0,4070,5
1742212800,41300.0,41342.0,41285.0,41312.0,2651,5
1742216400,41311.0,41395.0,41294.0,41389.0,1930,5
1742220000,41390.0,41425.0,41331.0,41334.0,2186,5
1742223600,41335.0,41477.0,41277.0,41437.0,4643,5
1742227200,41437.0,41798.0,41407.0,41692.0,9392,5
1742230800,41681.0,41769.0,41591.0,41663.0,13566,5
1742234400,41663.0,41778.0,41633.0,41700.0,10445,5
1742238000,41699.0,41792.0,41659.0,41763.0,8641,5
1742241600,41763.0,41922.0,41720.0,41917.0,6827,5
1742245200,41917.0,42047.0,41914.0,42010.0,6209,5
1742248800,42009.0,42028.0,41871.0,41888.0,8062,5
1742252400,41893.0,41898.0,41844.0,41880.0,2105,5
1742259600,41885.0,41923.0,41873.0,41918.0,1768,4
1742263200,41918.0,41920.0,41875.0,41888.0,1517,4
1742266800,41885.0,41900.0,41853.0,41871.0,2063,4
1742270400,41871.0,41882.0,41805.0,41810.0,2183,4
1742274000,41811.0,41823.0,41787.0,41807.0,1366,4
1742277600,41806.0,41810.0,41770.0,41776.0,1158,4
1742281200,41774.0,41793.0,41754.0,41769.0,891,5
1742284800,41769.0,41792.0,41767.0,41781.0,825,5
1742288400,41781.0,41816.0,41771.0,41807.0,837,5
1742292000,41807.0,41831.0,41786.0,41808.0,1590,5
1742295600,41803.0,41901.0,41791.0,41879.0,3386,5
1742299200,41879.0,41906.0,41851.0,41855.0,2534,5
1742302800,41855.0,41857.0,41696.0,41799.0,3718,4
1742306400,41804.0,41844.0,41747.0,41830.0,3025,5
1742310000,41828.0,41835.0,41734.0,41749.0,3076,4
1742313600,41749.0,41820.0,41615.0,41628.0,11068,4
1742317200,41630.0,41727.0,41589.0,41608.0,13321,4
1742320800,41606.0,41621.0,41474.0,41494.0,10611,5
1742324400,41493.0,41601.0,41432.0,41501.0,9271,4
1742328000,41501.0,41631.0,41429.0,41580.0,11654,4
1742331600,41580.0,41674.0,41522.0,41613.0,11793,4
1742335200,41612.0,41656.0,41555.0,41612.0,11905,4
1742338800,41610.0,41647.0,41588.0,41597.0,2219,4
1742346000,41603.0,41619.0,41548.0,41607.0,1696,4
1742349600,41607.0,41637.0,41601.0,41635.0,1465,4
1742353200,41635.0,41718.0,41631.0,41705.0,2294,4
1742356800,41705.0,41707.0,41659.0,41668.0,1541,4
1742360400,41668.0,41689.0,41649.0,41659.0,1122,5
1742364000,41660.0,41671.0,41642.0,41653.0,624,5
1742367600,41653.0,41657.0,41625.0,41634.0,630,5
1742371200,41634.0,41661.0,41622.0,41640.0,879,5
1742374800,41640.0,41641.0,41603.0,41634.0,1067,5
1742378400,41634.0,41635.0,41531.0,41565.0,2983,5
1742382000,41567.0,41661.0,41559.0,41623.0,3999,5
1742385600,41622.0,41682.0,41578.0,41668.0,2591,5
1742389200,41668.0,41680.0,41625.0,41644.0,2180,5
1742392800,41642.0,41671.0,41608.0,41644.0,2038,5
1742396400,41644.0,41660.0,41595.0,41628.0,2453,5
1742400000,41628.0,41856.0,41623.0,41815.0,8551,5
1742403600,41815.0,41874.0,41794.0,41819.0,8836,5
1742407200,41819.0,41974.0,41786.0,41923.0,6211,5
1742410800,41921.0,41954.0,41835.0,41846.0,5058,5
1742414400,41846.0,41860.0,41675.0,41707.0,6179,5
1742418000,41681.0,42086.0,41681.0,42049.0,14896,5
1742421600,42047.0,42211.0,41962.0,42004.0,17344,4
1742425200,42006.0,42030.0,41990.0,41991.0,2002,4
1742432400,42011.0,42088.0,41999.0,42064.0,1834,5
1742436000,42064.0,42086.0,42051.0,42080.0,1229,5
1742439600,42080.0,42116.0,42063.0,42107.0,1158,5
1742443200,42107.0,42114.0,42080.0,42083.0,939,5
1742446800,42083.0,42115.0,42074.0,42104.0,938,5
1742450400,42104.0,42143.0,42104.0,42123.0,786,5
1742454000,42123.0,42134.0,42113.0,42116.0,477,5
1742457600,42116.0,42136.0,42111.0,42132.0,659,5
1742461200,42132.0,42137.0,42100.0,42104.0,857,5
1742464800,42102.0,42122.0,42079.0,42088.0,1551,5
1742468400,42079.0,42157.0,42078.0,42120.0,2294,5
1742472000,42120.0,42127.0,41970.0,41990.0,3578,5
1742475600,41990.0,41997.0,41701.0,41827.0,8160,5
1742479200,41832.0,41882.0,41804.0,41873.0,3821,5
1742482800,41872.0,41887.0,41817.0,41821.0,3472,5
1742486400,41821.0,41976.0,41707.0,41954.0,9172,5
1742490000,41944.0,42273.0,41944.0,42226.0,12705,4
1742493600,42227.0,42241.0,42104.0,42140.0,10199,5
1742497200,42136.0,42220.0,42001.0,42010.0,12096,4
1742500800,42010.0,42085.0,41901.0,41937.0,9767,5
1742504400,41938.0,42014.0,41848.0,41916.0,9698,5
1742508000,41916.0,42026.0,41900.0,41963.0,10439,4
1742511600,41968.0,42004.0,41956.0,41988.0,1694,5
1742518800,41969.0,41993.0,41958.0,41969.0,931,5
1742522400,41970.0,41972.0,41909.0,41961.0,1488,5
1742526000,41959.0,42003.0,41952.0,41979.0,1424,5
1742529600,41979.0,42005.0,41956.0,42002.0,1305,5
1742533200,42002.0,42004.0,41963.0,41992.0,1288,5
1742536800,41992.0,41995.0,41956.0,41963.0,1530,5
1742540400,41963.0,41978.0,41928.0,41934.0,915,5
1742544000,41934.0,41941.0,41867.0,41900.0,1398,5
1742547600,41901.0,41968.0,41891.0,41967.0,1354,5
1742551200,41968.0,41976.0,41846.0,41876.0,2222,5
1742554800,41877.0,41932.0,41747.0,41798.0,5594,4
1742558400,41796.0,41840.0,41768.0,41820.0,3306,5
1742562000,41823.0,41887.0,41805.0,41860.0,2895,5
1742565600,41859.0,41860.0,41796.0,41819.0,2702,5
1742569200,41819.0,41875.0,41638.0,41643.0,4711,5
1742572800,41643.0,41652.0,41465.0,41556.0,12150,5
1742576400,41561.0,41726.0,41425.0,41726.0,12264,5
1742580000,41725.0,41769.0,41602.0,41663.0,10253,5
1742583600,41662.0,41967.0,41637.0,41961.0,9825,4
1742587200,41962.0,42014.0,41834.0,41949.0,7776,5
1742590800,41950.0,41962.0,41853.0,41885.0,7812,5
1742594400,41886.0,42014.0,41826.0,41978.0,9243,5
1742598000,41972.0,42017.0,41967.0,42004.0,2021,5
1742778000,42181.0,42242.0,42158.0,42167.0,2195,5
1742781600,42167.0,42216.0,42154.0,42213.0,1020,5
1742785200,42213.0,42239.0,42197.0,42228.0,1509,5
1742788800,42228.0,42233.0,42208.0,42229.0,1149,5
1742792400,42229.0,42237.0,42216.0,42235.0,715,5
1742796000,42235.0,42246.0,42223.0,42231.0,604,5
1742799600,42231.0,42232.0,42218.0,42228.0,385,5
1742803200,42228.0,42247.0,42227.0,42240.0,510,5
1742806800,42240.0,42307.0,42236.0,42298.0,754,5
1742810400,42298.0,42338.0,42289.0,42291.0,1317,5
1742814000,42291.0,42360.0,42284.0,42344.0,3067,5
1742817600,42345.0,42379.0,42297.0,42323.0,2104,4
1742821200,42323.0,42384.0,42308.0,42375.0,1489,5
1742824800,42375.0,42421.0,42368.0,42394.0,2018,4
1742828400,42394.0,42431.0,42379.0,42415.0,1901,5
1742832000,42415.0,42526.0,42309.0,42512.0,7929,5
1742835600,42512.0,42562.0,42475.0,42542.0,7960,5
1742839200,42542.0,42590.0,42515.0,42578.0,5301,5
1742842800,42578.0,42613.0,42478.0,42480.0,5844,5
1742846400,42481.0,42504.0,42426.0,42484.0,5634,5
1742850000,42485.0,42542.0,42399.0,42539.0,6532,4
1742853600,42539.0,42661.0,42525.0,42585.0,6487,4
1742857200,42583.0,42638.0,42579.0,42582.0,1449,5
1742864400,42588.0,42596.0,42558.0,42567.0,537,5
1742868000,42567.0,42588.0,42560.0,42576.0,507,5
1742871600,42576.0,42583.0,42538.0,42578.0,1193,5
1742875200,42578.0,42591.0,42567.0,42576.0,1015,5
1742878800,42576.0,42576.0,42543.0,42556.0,729,5
1742882400,42556.0,42560.0,42532.0,42538.0,470,5
1742886000,42538.0,42542.0,42529.0,42529.0,390,5
1742889600,42529.0,42537.0,42522.0,42529.0,427,5
1742893200,42529.0,42532.0,42509.0,42532.0,481,5
1742896800,42532.0,42565.0,42512.0,42513.0,1166,5
1742900400,42522.0,42552.0,42506.0,42544.0,2890,5
1742904000,42544.0,42564.0,42522.0,42559.0,1740,5
1742907600,42559.0,42595.0,42524.0,42589.0,1607,5
1742911200,42589.0,42662.0,42571.0,42661.0,2064,5
1742914800,42661.0,42698.0,42653.0,42673.0,1786,5
1742918400,42673.0,42722.0,42550.0,42551.0,7560,5
1742922000,42552.0,42703.0,42516.0,42679.0,9033,5
1742925600,42679.0,42701.0,42553.0,42573.0,5838,5
1742929200,42573.0,42602.0,42531.0,42602.0,5221,5
1742932800,42602.0,42626.0,42525.0,42526.0,5260,5
1742936400,42526.0,42573.0,42488.0,42497.0,6076,5
1742940000,42497.0,42631.0,42464.0,42604.0,7752,5
1742943600,42606.0,42636.0,42603.0,42622.0,1237,5
1742950800,42624.0,42656.0,42606.0,42617.0,664,5
1742954400,42617.0,42638.0,42614.0,42624.0,484,5
1742958000,42624.0,42666.0,42611.0,42654.0,911,5
1742961600,42654.0,42654.0,42628.0,42633.0,782,5
1742965200,42633.0,42635.0,42594.0,42617.0,1141,4
1742968800,42617.0,42618.0,42597.0,42614.0,658,5
1742972400,42614.0,42621.0,42606.0,42618.0,409,5
1742976000,42618.0,42621.0,42570.0,42572.0,731,5
1742979600,42572.0,42582.0,42556.0,42580.0,782,5
1742983200,42580.0,42621.0,42577.0,42582.0,954,5
1742986800,42582.0,42603.0,42548.0,42556.0,2954,4
1742990400,42556.0,42583.0,42536.0,42540.0,2255,4
1742994000,42540.0,42619.0,42533.0,42617.0,1737,5
1742997600,42617.0,42665.0,42606.0,42659.0,1349,5
1743001200,42659.0,42700.0,42629.0,42679.0,2175,5
1743004800,42679.0,42846.0,42624.0,42764.0,8290,5
1743008400,42764.0,42835.0,42725.0,42784.0,10793,4
1743012000,42785.0,42819.0,42516.0,42560.0,10851,4
1743015600,42561.0,42614.0,42489.0,42503.0,8324,5
1743019200,42502.0,42550.0,42377.0,42397.0,8639,5
1743022800,42397.0,42498.0,42343.0,42356.0,8471,5
1743026400,42355.0,42509.0,42338.0,42452.0,9814,5
1743030000,42451.0,42466.0,42405.0,42428.0,1883,5
1743037200,42296.0,42397.0,42281.0,42321.0,3146,5
1743040800,42321.0,42402.0,42299.0,42392.0,1505,5
1743044400,42392.0,42432.0,42373.0,42409.0,1837,5
1743048000,42409.0,42436.0,42398.0,42430.0,1720,5
1743051600,42430.0,42482.0,42430.0,42473.0,947,5
1743055200,42473.0,42516.0,42469.0,42512.0,849,5
1743058800,42512.0,42534.0,42507.0,42529.0,726,5
1743062400,42529.0,42565.0,42515.0,42521.0,1039,5
1743066000,42521.0,42581.0,42516.0,42532.0,1515,5
1743069600,42532.0,42545.0,42471.0,42477.0,2551,5
1743073200,42477.0,42545.0,42412.0,42542.0,5385,4
1743076800,42542.0,42561.0,42503.0,42554.0,2784,5
1743080400,42554.0,42582.0,42485.0,42487.0,2692,4
1743084000,42488.0,42528.0,42438.0,42508.0,3360,5
1743087600,42508.0,42541.0,42465.0,42486.0,4199,5
1743091200,42486.0,42508.0,42171.0,42415.0,11013,4
1743094800,42415.0,42546.0,42367.0,42489.0,12421,5
1743098400,42491.0,42523.0,42314.0,42328.0,9737,5
1743102000,42327.0,42447.0,42246.0,42246.0,9844,5
1743105600,42246.0,42356.0,42223.0,42252.0,9339,5
1743109200,42252.0,42415.0,42248.0,42305.0,9185,5
1743112800,42303.0,42479.0,42297.0,42320.0,10554,5
1743116400,42321.0,42359.0,42317.0,42324.0,2145,5
1743123600,42314.0,42343.0,42306.0,42306.0,990,5
1743127200,42306.0,42317.0,42264.0,42301.0,1320,5
1743130800,42300.0,42338.0,42257.0,42333.0,1255,5
1743134400,42333.0,42353.0,42321.0,42324.0,1080,5
1743138000,42324.0,42363.0,42321.0,42348.0,681,5
1743141600,42348.0,42374.0,42336.0,42371.0,606,5
1743145200,42371.0,42373.0,42344.0,42362.0,634,5
1743148800,42362.0,42374.0,42339.0,42356.0,699,5
1743152400,42356.0,42380.0,42282.0,42289.0,1018,5
1743156000,42289.0,42298.0,42168.0,42171.0,2956,5
1743159600,42171.0,42261.0,42167.0,42242.0,4750,5
1743163200,42242.0,42267.0,42214.0,42236.0,2331,5
1743166800,42236.0,42316.0,42236.0,42284.0,2319,5
1743170400,42284.0,42299.0,42241.0,42285.0,2134,5
1743174000,42285.0,42302.0,42167.0,42167.0,4462,5
1743177600,42167.0,42289.0,42013.0,42023.0,10487,5
1743181200,42023.0,42061.0,41732.0,41751.0,13387,5
1743184800,41752.0,41852.0,41699.0,41749.0,10459,5
1743188400,41749.0,41803.0,41626.0,41635.0,8796,5
1743192000,41635.0,41638.0,41530.0,41611.0,8506,5
1743195600,41611.0,41636.0,41534.0,41597.0,8521,5
1743199200,41595.0,41637.0,41538.0,41582.0,6759,4
1743202800,41582.0,41585.0,41434.0,41434.0,1926,4
1743382800,41353.0,41424.0,41300.0,41417.0,2358,4
1743386400,41417.0,41457.0,41374.0,41457.0,2361,5
1743390000,41457.0,41458.0,41378.0,41398.0,3398,4
1743393600,41398.0,41459.0,41397.0,41411.0,2676,5
1743397200,41411.0,41457.0,41380.0,41408.0,1552,5
1743400800,41408.0,41417.0,41368.0,41413.0,1460,5
1743404400,41413.0,41460.0,41400.0,41449.0,1287,5
1743408000,41449.0,41467.0,41415.0,41428.0,1761,5
1743411600,41428.0,41451.0,41370.0,41397.0,2977,4
1743415200,41400.0,41436.0,41324.0,41420.0,6249,4
1743418800,41420.0,41466.0,41340.0,41348.0,4364,5
1743422400,41348.0,41369.0,41295.0,41325.0,3298,5
1743426000,41325.0,41363.0,41314.0,41341.0,3055,4
1743429600,41342.0,41364.0,41260.0,41317.0,3812,4
1743433200,41317.0,41355.0,41266.0,41352.0,3793,5
1743436800,41352.0,41460.0,41173.0,41416.0,10390,4
1743440400,41417.0,41623.0,41396.0,41610.0,13044,5
1743444000,41609.0,41750.0,41600.0,41704.0,10132,4
1743447600,41703.0,41753.0,41594.0,41688.0,8498,4
1743451200,41688.0,41785.0,41622.0,41663.0,8454,4
1743454800,41664.0,41957.0,41654.0,41860.0,9647,4
1743458400,41859.0,42168.0,41857.0,42025.0,11865,5
1743462000,42021.0,42022.0,41933.0,41963.0,2505,5
1743469200,41964.0,41976.0,41865.0,41945.0,2469,5
1743472800,41945.0,41983.0,41910.0,41939.0,2077,5
1743476400,41938.0,41938.0,41839.0,41877.0,3128,5
1743480000,41877.0,41913.0,41846.0,41899.0,2511,5
1743483600,41899.0,41953.0,41885.0,41951.0,1408,5
1743487200,41951.0,41958.0,41895.0,41905.0,1204,5
1743490800,41906.0,41906.0,41871.0,41898.0,1016,5
1743494400,41898.0,41950.0,41885.0,41891.0,1455,5
1743498000,41891.0,41996.0,41884.0,41994.0,2729,5
1743501600,41995.0,42056.0,41926.0,41933.0,5054,4
1743505200,41933.0,41958.0,41866.0,41954.0,3308,4
1743508800,41955.0,42005.0,41942.0,41989.0,2477,4
1743512400,41990.0,41993.0,41765.0,41847.0,5485,4
1743516000,41847.0,41864.0,41723.0,41762.0,5161,5
1743519600,41762.0,41824.0,41746.0,41814.0,5096,4
1743523200,41814.0,41906.0,41676.0,41774.0,11141,5
1743526800,41723.0,41972.0,41528.0,41966.0,15489,5
1743530400,41966.0,42142.0,41940.0,42086.0,12383,5
1743534000,42087.0,42169.0,41939.0,42030.0,11629,4
1743537600,42030.0,42062.0,41890.0,41893.0,10436,5
1743541200,41893.0,41906.0,41705.0,41814.0,11173,4
1743544800,41814.0,42042.0,41800.0,41995.0,11099,4
1743548400,41996.0,42020.0,41939.0,41981.0,3104,5
1743555600,41974.0,42120.0,41974.0,42061.0,1839,5
1743559200,42061.0,42092.0,42038.0,42056.0,1396,5
1743562800,42056.0,42060.0,41939.0,41957.0,3029,5
1743566400,41957.0,41986.0,41945.0,41972.0,1853,5
1743570000,41972.0,41978.0,41954.0,41963.0,1152,5
1743573600,41963.0,41973.0,41946.0,41956.0,635,5
1743577200,41956.0,41959.0,41936.0,41953.0,659,5
1743580800,41953.0,41963.0,41927.0,41937.0,877,5
1743584400,41937.0,41997.0,41924.0,41965.0,1724,5
1743588000,41959.0,42006.0,41900.0,41917.0,4010,5
1743591600,41917.0,41954.0,41879.0,41895.0,2956,5
1743595200,41895.0,41932.0,41866.0,41874.0,2202,5
1743598800,41874.0,41882.0,41775.0,41803.0,4208,5
1743602400,41803.0,41820.0,41767.0,41786.0,3099,5
1743606000,41786.0,41791.0,41633.0,41700.0,5350,5
1743609600,41700.0,41910.0,41643.0,41812.0,11519,4
1743613200,41811.0,42116.0,41798.0,42101.0,12588,5
1743616800,42102.0,42199.0,42005.0,42072.0,11535,4
1743620400,42071.0,42317.0,42057.0,42296.0,9824,5
1743624000,42296.0,42411.0,42118.0,42184.0,10636,4
1743627600,42185.0,42203.0,41973.0,41999.0,10942,5
1743631200,41999.0,42327.0,41999.0,42238.0,11930,5
1743634800,42239.0,42590.0,41642.0,41777.0,12194,4
1743642000,41551.0,41573.0,41061.0,41316.0,3993,5
1743645600,41315.0,41315.0,41161.0,41243.0,3807,5
1743649200,41240.0,41470.0,41239.0,41311.0,7540,5
1743652800,41311.0,41503.0,41310.0,41422.0,6038,5
1743656400,41422.0,41470.0,41390.0,41460.0,4817,5
1743660000,41460.0,41465.0,41363.0,41402.0,3952,5
1743663600,41402.0,41458.0,41371.0,41397.0,3613,5
1743667200,41397.0,41427.0,41277.0,41282.0,5131,5
1743670800,41282.0,41365.0,41184.0,41185.0,6772,4
1743674400,41188.0,41278.0,41132.0,41241.0,9187,5
1743678000,41241.0,41282.0,41189.0,41257.0,6638,5
1743681600,41257.0,41283.0,41145.0,41152.0,5598,5
1743685200,41152.0,41166.0,40962.0,41050.0,7474,4
1743688800,41050.0,41111.0,40976.0,41047.0,6334,5
1743692400,41047.0,41138.0,40961.0,40972.0,8040,4
1743696000,40972.0,41187.0,40826.0,40873.0,16484,4
1743699600,40817.0,40890.0,40631.0,40653.0,17848,4
1743703200,40653.0,40962.0,40626.0,40914.0,15907,4
1743706800,40911.0,41151.0,40904.0,40959.0,15583,4
1743710400,40959.0,41017.0,40865.0,40878.0,13108,4
1743714000,40877.0,40925.0,40737.0,40844.0,13344,5
1743717600,40840.0,40856.0,40522.0,40561.0,15743,4
1743721200,40562.0,40574.0,40420.0,40442.0,4485,4
1743728400,40440.0,40497.0,40355.0,40434.0,2960,5
1743732000,40434.0,40481.0,40386.0,40431.0,3276,4
1743735600,40434.0,40505.0,40393.0,40428.0,4736,5
1743739200,40428.0,40460.0,40354.0,40362.0,3344,5
1743742800,40365.0,40429.0,40357.0,40368.0,2726,4
1743746400,40368.0,40370.0,40236.0,40308.0,4759,4
1743750000,40308.0,40320.0,40215.0,40228.0,4623,5
1743753600,40228.0,40432.0,40202.0,40428.0,6691,4
1743757200,40425.0,40467.0,40320.0,40329.0,6527,4
1743760800,40320.0,40365.0,40258.0,40274.0,10566,4
1743764400,40282.0,40288.0,40108.0,40146.0,8926,4
1743768000,40156.0,40184.0,40068.0,40091.0,7769,5
1743771600,40092.0,40128.0,39313.0,39374.0,17478,5
1743775200,39380.0,39494.0,38953.0,39417.0,15771,4
1743778800,39417.0,39603.0,39232.0,39540.0,13836,5
1743782400,39543.0,39659.0,39289.0,39573.0,19063,5
1743786000,39570.0,39582.0,38811.0,39116.0,20667,4
1743789600,39118.0,39625.0,39018.0,39042.0,22307,4
1743793200,39043.0,39231.0,38851.0,38893.0,19213,4
1743796800,38891.0,39024.0,38592.0,39009.0,18629,4
1743800400,39008.0,39098.0,38339.0,38512.0,18046,4
1743804000,38509.0,38887.0,38246.0,38302.0,20185,5
1743807600,38300.0,38332.0,38079.0,38210.0,9722,4
1743987600,37099.0,37218.0,36495.0,36856.0,1809,4
1743991200,36852.0,37081.0,36612.0,36971.0,4202,5
1743994800,36977.0,37177.0,36858.0,37170.0,6485,4
1743998400,37168.0,37594.0,37130.0,37548.0,9192,5
1744002000,37549.0,37584.0,37378.0,37446.0,6782,5
1744005600,37446.0,37471.0,37191.0,37268.0,6342,5
1744009200,37268.0,37384.0,37073.0,37233.0,5636,4
1744012800,37236.0,37500.0,37137.0,37220.0,7136,4
1744016400,37217.0,37392.0,36722.0,36751.0,9037,4
1744020000,36762.0,36959.0,36619.0,36781.0,17234,4
1744023600,36788.0,37224.0,36759.0,36993.0,17041,4
1744027200,36991.0,37197.0,36783.0,37061.0,14087,4
1744030800,37065.0,37709.0,36995.0,37469.0,15100,5
1744034400,37469.0,37769.0,37413.0,37500.0,13729,5
1744038000,37500.0,37755.0,37263.0,37638.0,13712,5
1744041600,37634.0,37642.0,36617.0,37367.0,19827,5
1744045200,37369.0,39224.0,37210.0,38049.0,26688,5
1744048800,38050.0,38310.0,37165.0,37669.0,12843,5
1744052400,37655.0,37773.0,37295.0,37379.0,2862,5
1744056000,37381.0,38286.0,37348.0,38285.0,3063,5
1744059600,38270.0,38350.0,37815.0,37902.0,2114,5
1744063200,37861.0,38107.0,37678.0,37971.0,4763,5
1744066800,37967.0,38380.0,37927.0,38238.0,5115,5
1744074000,38290.0,38414.0,38238.0,38414.0,1242,5
1744077600,38414.0,38512.0,38405.0,38458.0,2452,5
1744081200,38458.0,38656.0,38407.0,38425.0,8632,5
1744084800,38423.0,38738.0,38342.0,38722.0,8821,5
1744088400,38722.0,38738.0,38644.0,38716.0,3320,5
1744092000,38711.0,38746.0,38599.0,38659.0,3285,5
1744095600,38659.0,38680.0,38525.0,38620.0,2710,5
1744099200,38618.0,38633.0,38474.0,38610.0,3542,5
1744102800,38612.0,38710.0,38545.0,38670.0,4589,5
1744106400,38670.0,38772.0,38583.0,38719.0,9738,5
1744110000,38721.0,38765.0,38598.0,38743.0,7900,5
1744113600,38743.0,38775.0,38622.0,38630.0,6517,5
1744117200,38631.0,38756.0,38587.0,38695.0,5814,4
1744120800,38699.0,39122.0,38661.0,39100.0,10021,4
1744124400,39098.0,39190.0,38967.0,39014.0,11092,4
1744128000,39011.0,39412.0,38980.0,39315.0,19288,5
1744131600,39328.0,39447.0,38949.0,38950.0,20497,5
1744135200,38953.0,39027.0,38680.0,38938.0,19067,4
1744138800,38926.0,38992.0,38329.0,38339.0,20171,5
1744142400,38335.0,38434.0,37952.0,38278.0,20772,5
1744146000,38269.0,38346.0,37908.0,37951.0,19558,5
1744149600,37949.0,37976.0,37103.0,37659.0,21447,4
1744153200,37662.0,37758.0,37465.0,37558.0,4946,4
1744160400,37573.0,37590.0,37214.0,37389.0,5105,5
1744164000,37389.0,37389.0,37086.0,37287.0,4213,5
1744167600,37285.0,37298.0,37063.0,37140.0,6102,5
1744171200,37139.0,37483.0,36991.0,37417.0,5927,5
1744174800,37418.0,37577.0,37261.0,37287.0,5712,5
1744178400,37287.0,37347.0,37005.0,37039.0,5169,5
1744182000,37039.0,37143.0,36783.0,36891.0,7045,5
1744185600,36891.0,36983.0,36701.0,36947.0,6329,5
1744189200,36947.0,37281.0,36942.0,37187.0,7043,5
1744192800,37167.0,37907.0,37161.0,37718.0,12750,4
1744196400,37714.0,37821.0,37273.0,37646.0,10848,4
1744200000,37646.0,37716.0,37413.0,37471.0,7526,5
1744203600,37472.0,37611.0,37210.0,37372.0,8661,5
1744207200,37371.0,37371.0,36774.0,36942.0,12183,4
1744210800,36940.0,37218.0,36734.0,37084.0,9106,5
1744214400,37086.0,37886.0,37082.0,37797.0,18557,5
1744218000,37801.0,38031.0,37325.0,37337.0,21246,5
1744221600,37342.0,37845.0,37334.0,37577.0,18737,5
1744225200,37576.0,38043.0,37479.0,37948.0,14404,5
1744228800,37949.0,40345.0,37642.0,40171.0,21012,4
1744232400,40191.0,40489.0,39835.0,39854.0,15223,4
1744236000,39852.0,40805.0,39790.0,40606.0,20898,4
1744239600,40606.0,40826.0,40561.0,40797.0,9890,4
1744246800,40747.0,40898.0,40674.0,40877.0,3864,4
1744250400,40875.0,40937.0,40835.0,40891.0,2209,5
1744254000,40887.0,40920.0,40687.0,40804.0,8183,4
1744257600,40802.0,40854.0,40579.0,40656.0,8765,4
1744261200,40656.0,40674.0,40571.0,40582.0,5611,5
1744264800,40582.0,40618.0,40482.0,40591.0,6274,4
1744268400,40592.0,40599.0,40469.0,40490.0,5191,5
1744272000,40490.0,40600.0,40429.0,40583.0,5700,4
1744275600,40587.0,40642.0,40467.0,40571.0,8293,4
1744279200,40571.0,40707.0,40050.0,40115.0,13214,4
1744282800,40146.0,40208.0,39893.0,39970.0,11347,5
1744286400,39968.0,40105.0,39869.0,39989.0,9444,5
1744290000,39987.0,40290.0,39978.0,40086.0,8696,5
1744293600,40089.0,40198.0,40016.0,40154.0,7773,5
1744297200,40156.0,40279.0,39896.0,40032.0,11098,5
1744300800,40032.0,40171.0,39656.0,39746.0,16050,5
1744304400,39746.0,39900.0,39521.0,39533.0,20480,5
1744308000,39534.0,39693.0,39018.0,39058.0,18598,4
1744311600,39060.0,39161.0,38432.0,39086.0,22198,4
1744315200,39090.0,39543.0,38642.0,39455.0,21340,4
1744318800,39451.0,39844.0,39219.0,39611.0,21270,5
1744322400,39614.0,39834.0,39109.0,39585.0,22240,4
1744326000,39593.0,39734.0,39506.0,39594.0,7306,5
1744333200,39591.0,39770.0,39556.0,39653.0,2748,5
1744336800,39653.0,39682.0,39360.0,39430.0,3422,5
1744340400,39430.0,39452.0,39014.0,39107.0,6842,5
1744344000,39107.0,39375.0,39069.0,39355.0,6124,5
1744347600,39352.0,39462.0,39201.0,39355.0,4701,5
1744351200,39359.0,39642.0,39356.0,39545.0,3903,5
1744354800,39545.0,39682.0,39545.0,39626.0,3076,5
1744358400,39626.0,39946.0,39544.0,39923.0,5305,5
1744362000,39928.0,40064.0,39822.0,39843.0,7016,5
1744365600,39852.0,39880.0,39597.0,39612.0,10388,5
1744369200,39623.0,39688.0,39268.0,39361.0,12073,5
1744372800,39360.0,39812.0,39325.0,39806.0,8983,5
1744376400,39805.0,39933.0,39740.0,39852.0,6210,5
1744380000,39854.0,39896.0,39544.0,39703.0,7941,5
1744383600,39703.0,39889.0,39636.0,39652.0,8077,5
1744387200,39654.0,39836.0,39266.0,39661.0,17120,5
1744390800,39599.0,39824.0,39263.0,39434.0,24294,5
1744394400,39438.0,39743.0,39265.0,39692.0,20786,5
1744398000,39692.0,40107.0,39628.0,40044.0,17729,5
1744401600,40044.0,40415.0,39862.0,40276.0,19920,5
1744405200,40277.0,40300.0,40058.0,40091.0,18305,5
1744408800,40092.0,40333.0,40083.0,40196.0,17040,5
1744412400,40189.0,40277.0,40181.0,40242.0,3787,5
1744592400,40494.0,40656.0,40266.0,40292.0,3724,5
1744596000,40300.0,40467.0,40266.0,40384.0,4903,5
1744599600,40384.0,40436.0,40303.0,40325.0,5028,5
1744603200,40325.0,40367.0,40244.0,40319.0,5230,5
1744606800,40317.0,40401.0,40309.0,40386.0,3008,5
1744610400,40386.0,40389.0,39955.0,40327.0,2128,5
1744614000,40327.0,40449.0,40316.0,40444.0,2184,5
1744617600,40443.0,40470.0,40402.0,40408.0,2301,5
1744621200,40408.0,40586.0,40381.0,40518.0,1326,5
1744624800,40510.0,40579.0,40426.0,40557.0,2352,5
1744628400,40555.0,40646.0,40528.0,40623.0,2445,5
1744632000,40623.0,40676.0,40491.0,40552.0,2291,5
1744635600,40552.0,40611.0,40514.0,40608.0,2050,5
1744639200,40611.0,40761.0,40484.0,40495.0,3661,4
1744642800,40494.0,40692.0,40479.0,40685.0,4810,5
1744646400,40685.0,40788.0,40477.0,40572.0,14910,4
1744650000,40586.0,40803.0,40494.0,40694.0,17910,4
1744653600,40695.0,40743.0,40266.0,40287.0,16198,4
1744657200,40289.0,40432.0,40169.0,40288.0,16753,5
1744660800,40291.0,40585.0,40276.0,40539.0,15200,5
1744664400,40538.0,40697.0,40512.0,40666.0,10261,5
1744668000,40665.0,40785.0,40517.0,40560.0,12822,5
1744671600,40572.0,40591.0,40339.0,40482.0,5782,5
1744678800,40477.0,40499.0,40374.0,40400.0,1620,5
1744682400,40399.0,40473.0,40394.0,40443.0,989,5
1744686000,40442.0,40525.0,40441.0,40500.0,4025,4
1744689600,40500.0,40549.0,40495.0,40501.0,2674,5
1744693200,40501.0,40538.0,40476.0,40481.0,2413,5
1744696800,40483.0,40550.0,40469.0,40535.0,1459,5
1744700400,40535.0,40549.0,40505.0,40526.0,1670,5
1744704000,40525.0,40538.0,40483.0,40503.0,2451,5
1744707600,40503.0,40562.0,40474.0,40535.0,2694,5
1744711200,40529.0,40692.0,40529.0,40672.0,5982,5
1744714800,40673.0,40685.0,40542.0,40601.0,6984,5
1744718400,40602.0,40641.0,40517.0,40550.0,4362,5
1744722000,40550.0,40624.0,40504.0,40580.0,3791,5
1744725600,40580.0,40614.0,40391.0,40426.0,5549,5
1744729200,40427.0,40473.0,40348.0,40461.0,6528,5
1744732800,40464.0,40784.0,40464.0,40692.0,12734,5
1744736400,40692.0,40820.0,40506.0,40638.0,20613,4
1744740000,40639.0,40714.0,40546.0,40656.0,14372,4
1744743600,40656.0,40706.0,40506.0,40540.0,10367,4
1744747200,40540.0,40601.0,40422.0,40481.0,11849,5
1744750800,40480.0,40529.0,40384.0,40481.0,10985,5
1744754400,40479.0,40510.0,40366.0,40388.0,10562,5
1744758000,40397.0,40415.0,40337.0,40359.0,2294,5
1744765200,40192.0,40271.0,40155.0,40250.0,1776,5
1744768800,40251.0,40258.0,40195.0,40243.0,1614,5
1744772400,40242.0,40259.0,40149.0,40223.0,3576,5
1744776000,40223.0,40305.0,40223.0,40279.0,2059,5
1744779600,40280.0,40299.0,40246.0,40266.0,2009,5
1744783200,40266.0,40286.0,40249.0,40253.0,1424,5
1744786800,40253.0,40259.0,40222.0,40232.0,1062,5
1744790400,40234.0,40236.0,40019.0,40070.0,5703,5
1744794000,40068.0,40193.0,40056.0,40131.0,3878,5
1744797600,40135.0,40193.0,40010.0,40033.0,5080,5
1744801200,40039.0,40531.0,40022.0,40297.0,10048,5
1744804800,40297.0,40416.0,40271.0,40282.0,6688,5
1744808400,40284.0,40369.0,40270.0,40328.0,4937,5
1744812000,40329.0,40400.0,40289.0,40353.0,4655,4
1744815600,40353.0,40386.0,40266.0,40287.0,5172,4
1744819200,40284.0,40299.0,40050.0,40050.0,12836,4
1744822800,40045.0,40271.0,40032.0,40256.0,14462,4
1744826400,40265.0,40439.0,40182.0,40210.0,11290,4
1744830000,40210.0,40219.0,40095.0,40124.0,9920,4
1744833600,40124.0,40187.0,39651.0,39656.0,14227,4
1744837200,39657.0,39851.0,39590.0,39597.0,15289,4
1744840800,39601.0,39716.0,39403.0,39672.0,14651,5
1744844400,39668.0,39743.0,39610.0,39647.0,4876,5
1744851600,39725.0,39725.0,39641.0,39682.0,1338,5
1744855200,39684.0,39716.0,39588.0,39687.0,2881,5
1744858800,39687.0,39831.0,39640.0,39818.0,3741,5
1744862400,39816.0,39847.0,39788.0,39832.0,2645,5
1744866000,39832.0,39879.0,39801.0,39872.0,2228,5
1744869600,39871.0,39941.0,39870.0,39936.0,1472,5
1744873200,39936.0,39956.0,39931.0,39938.0,1020,5
1744876800,39939.0,40000.0,39929.0,39981.0,2016,5
1744880400,39981.0,40023.0,39921.0,39964.0,3835,5
1744884000,39958.0,40116.0,39946.0,40023.0,5553,5
1744887600,40022.0,40046.0,39941.0,39952.0,3945,4
1744891200,39952.0,40046.0,39747.0,39757.0,4098,5
1744894800,39756.0,39759.0,39143.0,39222.0,7326,5
1744898400,39224.0,39308.0,39021.0,39092.0,5893,5
1744902000,39092.0,39236.0,39060.0,39189.0,6874,5
1744905600,39188.0,39293.0,39115.0,39244.0,15425,5
1744909200,39253.0,39300.0,38956.0,39003.0,16406,5
1744912800,39006.0,39262.0,38999.0,39162.0,13806,5
1744916400,39178.0,39432.0,39117.0,39405.0,15007,4
1744920000,39408.0,39431.0,39221.0,39360.0,12103,5
1744923600,39361.0,39465.0,39279.0,39287.0,11993,4
1744927200,39287.0,39305.0,39108.0,39144.0,13122,5
1744930800,39146.0,39237.0,39129.0,39228.0,3859,5
1745197200,39026.0,39082.0,38917.0,38951.0,1076,5
1745200800,38951.0,39007.0,38940.0,38998.0,474,5
1745204400,38995.0,39054.0,38943.0,38943.0,2800,5
1745208000,38943.0,38952.0,38859.0,38902.0,3171,5
1745211600,38906.0,38932.0,38774.0,38820.0,3359,5
1745215200,38820.0,38865.0,38788.0,38833.0,2221,5
1745218800,38831.0,38854.0,38820.0,38835.0,1126,5
1745222400,38835.0,38885.0,38823.0,38876.0,1252,5
1745226000,38876.0,38894.0,38833.0,38854.0,1593,5
1745229600,38855.0,38872.0,38762.0,38769.0,2062,5
1745233200,38775.0,38819.0,38741.0,38810.0,2032,5
1745236800,38810.0,38815.0,38763.0,38803.0,1613,5
1745240400,38803.0,38850.0,38779.0,38846.0,1459,5
1745244000,38848.0,38897.0,38681.0,38733.0,3858,5
1745247600,38733.0,38855.0,38724.0,38825.0,3014,5
1745251200,38825.0,38885.0,38535.0,38535.0,9906,4
1745254800,38532.0,38537.0,38267.0,38271.0,12348,4
1745258400,38271.0,38303.0,38030.0,38046.0,9256,4
1745262000,38041.0,38196.0,38041.0,38060.0,7255,5
1745265600,38060.0,38090.0,37878.0,37889.0,8034,5
1745269200,37891.0,38007.0,37837.0,37872.0,7834,5
1745272800,37869.0,38227.0,37867.0,38168.0,10813,5
1745276400,38169.0,38179.0,38098.0,38149.0,2842,4
1745283600,38162.0,38185.0,38092.0,38142.0,745,5
1745287200,38142.0,38286.0,38142.0,38284.0,2387,5
1745290800,38284.0,38316.0,38266.0,38307.0,2874,4
1745294400,38307.0,38417.0,38302.0,38347.0,2933,4
1745298000,38346.0,38373.0,38322.0,38357.0,2203,5
1745301600,38357.0,38368.0,38270.0,38296.0,2835,5
1745305200,38296.0,38308.0,38279.0,38292.0,1413,5
1745308800,38292.0,38330.0,38277.0,38311.0,2191,5
1745312400,38311.0,38594.0,38288.0,38585.0,3311,5
1745316000,38585.0,38622.0,38462.0,38467.0,6508,5
1745319600,38470.0,38535.0,38436.0,38501.0,4124,5
1745323200,38501.0,38522.0,38455.0,38494.0,2682,5
1745326800,38494.0,38517.0,38456.0,38482.0,3153,5
1745330400,38483.0,38523.0,38430.0,38457.0,3614,5
1745334000,38457.0,38569.0,38446.0,38563.0,3769,5
1745337600,38563.0,38800.0,38534.0,38754.0,10406,5
1745341200,38755.0,39002.0,38746.0,38991.0,11049,5
1745344800,38991.0,39141.0,38942.0,39107.0,9371,4
1745348400,39108.0,39300.0,39108.0,39184.0,11878,5
1745352000,39184.0,39249.0,38806.0,38821.0,16893,4
1745355600,38819.0,39217.0,38816.0,39191.0,10082,4
1745359200,39190.0,39257.0,39038.0,39203.0,11595,5
1745362800,39203.0,39285.0,39197.0,39213.0,3391,5
1745370000,39609.0,39879.0,39603.0,39854.0,4116,5
1745373600,39854.0,39910.0,39764.0,39793.0,1987,5
1745377200,39797.0,39814.0,39639.0,39695.0,4530,5
1745380800,39695.0,39732.0,39573.0,39607.0,4681,4
1745384400,39606.0,39703.0,39581.0,39665.0,2913,4
1745388000,39665.0,39665.0,39618.0,39657.0,2100,4
1745391600,39657.0,39699.0,39653.0,39673.0,1551,4
1745395200,39673.0,39707.0,39603.0,39693.0,2382,4
1745398800,39693.0,39741.0,39668.0,39684.0,3260,4
1745402400,39681.0,39773.0,39626.0,39768.0,5354,4
1745406000,39768.0,39913.0,39764.0,39858.0,3135,4
1745409600,39858.0,39903.0,39801.0,39859.0,2523,4
1745413200,39859.0,39993.0,39829.0,39971.0,2926,4
1745416800,39971.0,39994.0,39863.0,39866.0,4133,4
1745420400,39866.0,40019.0,39856.0,40008.0,3864,4
1745424000,40008.0,40340.0,39902.0,40261.0,12674,4
1745427600,40293.0,40401.0,40059.0,40185.0,17951,4
1745431200,40184.0,40232.0,39696.0,39812.0,17108,4
1745434800,39812.0,39835.0,39567.0,39809.0,14659,5
1745438400,39809.0,39909.0,39669.0,39802.0,12452,5
1745442000,39802.0,39833.0,39607.0,39645.0,14061,5
1745445600,39646.0,39715.0,39510.0,39608.0,15713,5
1745449200,39600.0,39737.0,39567.0,39630.0,4664,5
1745456400,39637.0,39637.0,39477.0,39576.0,1957,5
1745460000,39576.0,39632.0,39559.0,39596.0,1373,5
1745463600,39595.0,39653.0,39573.0,39592.0,3561,4
1745467200,39592.0,39630.0,39534.0,39536.0,3173,4
1745470800,39536.0,39580.0,39498.0,39504.0,2300,4
1745474400,39504.0,39527.0,39483.0,39519.0,1617,4
1745478000,39519.0,39543.0,39468.0,39522.0,1860,4
1745481600,39522.0,39549.0,39365.0,39428.0,2575,4
1745485200,39427.0,39527.0,39400.0,39489.0,3996,4
1745488800,39489.0,39507.0,39371.0,39393.0,6766,4
1745492400,39393.0,39412.0,39264.0,39338.0,5577,4
1745496000,39338.0,39419.0,39327.0,39388.0,2730,4
1745499600,39388.0,39588.0,39388.0,39561.0,4955,4
1745503200,39561.0,39562.0,39391.0,39431.0,4913,4
1745506800,39430.0,39540.0,39402.0,39519.0,4868,4
1745510400,39519.0,39655.0,39398.0,39644.0,9745,4
1745514000,39645.0,39930.0,39602.0,39881.0,12564,4
1745517600,39879.0,39949.0,39813.0,39881.0,10035,5
1745521200,39881.0,40106.0,39856.0,40069.0,9503,4
1745524800,40069.0,40071.0,39963.0,40020.0,8806,4
1745528400,40020.0,40139.0,39984.0,40088.0,7284,5
1745532000,40088.0,40195.0,39975.0,40115.0,9456,4
1745535600,40117.0,40250.0,40088.0,40107.0,3979,5
1745542800,40144.0,40167.0,40062.0,40134.0,1243,5
1745546400,40134.0,40142.0,40087.0,40095.0,598,5
1745550000,40095.0,40188.0,40078.0,40174.0,2196,5
1745553600,40174.0,40182.0,40084.0,40088.0,1881,5
1745557200,40089.0,40107.0,40054.0,40065.0,2014,5
1745560800,40065.0,40171.0,40052.0,40161.0,2543,5
1745564400,40161.0,40239.0,40114.0,40126.0,2386,5
1745568000,40127.0,40166.0,40122.0,40142.0,1686,5
1745571600,40142.0,40223.0,40112.0,40219.0,2493,5
1745575200,40219.0,40229.0,40042.0,40149.0,5752,4
1745578800,40148.0,40199.0,40106.0,40132.0,4295,5
1745582400,40132.0,40149.0,40076.0,40110.0,3616,5
1745586000,40110.0,40171.0,39864.0,39871.0,6350,4
1745589600,39871.0,40006.0,39861.0,39946.0,5368,4
1745593200,39946.0,40019.0,39909.0,39956.0,5406,4
1745596800,39955.0,40102.0,39847.0,39848.0,11086,4
1745600400,39893.0,39995.0,39723.0,39890.0,14951,4
1745604000,39891.0,39959.0,39812.0,39940.0,10868,4
1745607600,39940.0,40044.0,39936.0,40027.0,6838,5
1745611200,40027.0,40147.0,39879.0,39939.0,9770,4
1745614800,39940.0,40134.0,39914.0,40091.0,8672,5
1745618400,40091.0,40148.0,40021.0,40118.0,9732,5
1745622000,40117.0,40186.0,40092.0,40137.0,3265,5
1745802000,40086.0,40086.0,40004.0,40031.0,1741,5
1745805600,40031.0,40035.0,39992.0,40000.0,755,5
1745809200,40000.0,40023.0,39960.0,39971.0,1615,5
1745812800,39971.0,39996.0,39955.0,39976.0,1836,5
1745816400,39976.0,40007.0,39963.0,39975.0,1053,5
1745820000,39975.0,39985.0,39945.0,39956.0,960,5
1745823600,39956.0,39979.0,39955.0,39974.0,673,5
1745827200,39974.0,39976.0,39931.0,39944.0,1174,5
1745830800,39944.0,40051.0,39944.0,40043.0,1987,4
1745834400,40043.0,40106.0,40012.0,40020.0,2891,4
1745838000,40020.0,40109.0,40011.0,40106.0,2211,4
1745841600,40106.0,40163.0,40090.0,40137.0,1967,4
1745845200,40137.0,40142.0,40036.0,40050.0,2365,4
1745848800,40050.0,40136.0,40032.0,40109.0,2426,4
1745852400,40109.0,40183.0,40045.0,40176.0,3233,4
1745856000,40176.0,40444.0,40170.0,40219.0,9983,4
1745859600,40221.0,40373.0,40196.0,40267.0,13404,4
1745863200,40266.0,40294.0,40051.0,40079.0,11761,4
1745866800,40079.0,40089.0,39963.0,39991.0,9720,4
1745870400,39991.0,40073.0,39892.0,40064.0,8834,4
1745874000,40064.0,40136.0,40033.0,40112.0,6951,5
1745877600,40112.0,40337.0,40110.0,40245.0,8848,4
1745881200,40246.0,40253.0,40200.0,40222.0,1777,5
1745888400,40203.0,40226.0,40174.0,40204.0,522,5
1745892000,40204.0,40281.0,40193.0,40277.0,1338,5
1745895600,40279.0,40291.0,40225.0,40282.0,1454,5
1745899200,40282.0,40327.0,40267.0,40324.0,1356,5
1745902800,40324.0,40354.0,40265.0,40288.0,1646,5
1745906400,40288.0,40309.0,40272.0,40304.0,1136,5
1745910000,40304.0,40347.0,40260.0,40281.0,1214,5
1745913600,40281.0,40305.0,40252.0,40270.0,1880,5
1745917200,40270.0,40307.0,40252.0,40267.0,1720,5
1745920800,40269.0,40372.0,40253.0,40347.0,2870,5
1745924400,40347.0,40369.0,40280.0,40352.0,2560,5
1745928000,40352.0,40379.0,40319.0,40350.0,2281,5
1745931600,40350.0,40453.0,40286.0,40361.0,3574,5
1745935200,40361.0,40438.0,40335.0,40401.0,3573,5
1745938800,40400.0,40429.0,40309.0,40319.0,4257,5
1745942400,40319.0,40459.0,40211.0,40377.0,11210,5
1745946000,40379.0,40535.0,40243.0,40533.0,12384,5
1745949600,40534.0,40548.0,40400.0,40433.0,9792,5
1745953200,40434.0,40557.0,40351.0,40383.0,8712,4
1745956800,40383.0,40643.0,40360.0,40618.0,8188,4
1745960400,40618.0,40661.0,40558.0,40574.0,7402,4
1745964000,40574.0,40643.0,40527.0,40536.0,8422,4
1745967600,40536.0,40642.0,40536.0,40602.0,3341,4
1745974800,40605.0,40612.0,40548.0,40551.0,560,5
1745978400,40551.0,40569.0,40532.0,40543.0,1216,4
1745982000,40544.0,40568.0,40486.0,40497.0,2114,4
1745985600,40497.0,40511.0,40461.0,40475.0,1953,4
1745989200,40475.0,40488.0,40448.0,40448.0,1188,5
1745992800,40448.0,40458.0,40406.0,40449.0,1241,5
1745996400,40449.0,40474.0,40439.0,40462.0,829,4
1746000000,40462.0,40474.0,40436.0,40472.0,1115,5
1746003600,40472.0,40538.0,40467.0,40536.0,1747,5
1746007200,40536.0,40570.0,40513.0,40553.0,2415,5
1746010800,40553.0,40597.0,40526.0,40526.0,2610,5
1746014400,40526.0,40588.0,40523.0,40564.0,1381,5
1746018000,40567.0,40613.0,40413.0,40607.0,2520,4
1746021600,40607.0,40639.0,40562.0,40583.0,2765,5
1746025200,40583.0,40600.0,40160.0,40227.0,6492,5
1746028800,40227.0,40260.0,39755.0,39776.0,12862,4
1746032400,39776.0,40182.0,39771.0,40146.0,14858,4
1746036000,40147.0,40343.0,40140.0,40325.0,12024,4
1746039600,40326.0,40386.0,40207.0,40351.0,9866,4
1746043200,40351.0,40437.0,40194.0,40411.0,9615,5
1746046800,40405.0,40570.0,40287.0,40303.0,12258,4
1746050400,40303.0,40798.0,40296.0,40638.0,11941,4
1746054000,40639.0,40814.0,40570.0,40729.0,5410,5
1746061200,40744.0,40853.0,40728.0,40795.0,2060,5
1746064800,40795.0,40823.0,40757.0,40817.0,1954,5
1746068400,40817.0,40878.0,40810.0,40843.0,2410,4
1746072000,40843.0,40899.0,40833.0,40881.0,1592,5
1746075600,40881.0,40906.0,40847.0,40851.0,994,5
1746079200,40852.0,40910.0,40843.0,40907.0,1391,5
1746082800,40907.0,40917.0,40880.0,40906.0,855,5
1746086400,40906.0,40951.0,40877.0,40884.0,1592,5
1746090000,40884.0,40911.0,40853.0,40856.0,1833,5
1746093600,40854.0,40894.0,40827.0,40862.0,2016,5
1746097200,40862.0,40940.0,40822.0,40938.0,2073,5
1746100800,40938.0,41020.0,40936.0,41010.0,1858,5
1746104400,41011.0,41035.0,40973.0,40997.0,2255,5
1746108000,40997.0,41023.0,40936.0,40985.0,3050,5
1746111600,40985.0,41008.0,40844.0,40844.0,4735,4
1746115200,40845.0,40963.0,40770.0,40811.0,11247,4
1746118800,40886.0,41059.0,40828.0,41053.0,12495,5
1746122400,41052.0,41111.0,40850.0,40889.0,9321,5
1746126000,40889.0,40944.0,40784.0,40808.0,11059,5
1746129600,40808.0,40966.0,40808.0,40864.0,8659,5
1746133200,40866.0,40984.0,40854.0,40921.0,7905,5
1746136800,40921.0,40992.0,40716.0,40761.0,9655,5
1746140400,40761.0,40828.0,40622.0,40698.0,4055,5
1746147600,40696.0,40738.0,40661.0,40721.0,758,5
1746151200,40721.0,40763.0,40696.0,40723.0,2054,5
1746154800,40723.0,41073.0,40701.0,41054.0,6187,5
1746158400,41054.0,41151.0,41024.0,41091.0,4427,5
1746162000,41091.0,41128.0,41044.0,41108.0,3307,5
1746165600,41108.0,41121.0,41095.0,41104.0,1741,5
1746169200,41104.0,41143.0,41067.0,41101.0,1561,5
1746172800,41101.0,41110.0,41036.0,41053.0,2412,5
1746176400,41053.0,41059.0,40998.0,41015.0,4130,5
1746180000,41015.0,41097.0,40994.0,40998.0,5403,5
1746183600,40998.0,41019.0,40886.0,40889.0,4194,5
1746187200,40888.0,40969.0,40861.0,40948.0,3452,5
1746190800,40947.0,40984.0,40914.0,40929.0,3207,5
1746194400,40930.0,40967.0,40901.0,40927.0,3194,5
1746198000,40926.0,41210.0,40911.0,41207.0,4723,5
1746201600,41207.0,41270.0,41035.0,41092.0,11313,4
1746205200,41092.0,41268.0,41065.0,41218.0,11745,4
1746208800,41218.0,41256.0,41076.0,41249.0,8077,5
1746212400,41250.0,41399.0,41239.0,41369.0,9035,5
1746216000,41369.0,41382.0,41278.0,41314.0,7378,5
1746219600,41314.0,41384.0,41248.0,41302.0,6150,5
1746223200,41302.0,41378.0,41253.0,41301.0,9274,5
1746226800,41303.0,41351.0,41299.0,41330.0,1961,5
1746406800,41295.0,41297.0,41189.0,41211.0,2224,5
1746410400,41211.0,41225.0,41093.0,41140.0,2393,5
1746414000,41140.0,41157.0,41126.0,41135.0,1810,5
1746417600,41135.0,41137.0,41034.0,41039.0,2045,5
1746421200,41039.0,41074.0,41034.0,41060.0,1522,5
1746424800,41060.0,41084.0,41029.0,41071.0,1255,5
1746428400,41071.0,41073.0,41016.0,41022.0,1211,5
1746432000,41022.0,41078.0,41022.0,41059.0,1484,5
1746435600,41059.0,41134.0,41059.0,41098.0,1868,5
1746439200,41098.0,41102.0,41051.0,41096.0,2360,5
1746442800,41095.0,41130.0,41025.0,41044.0,2439,5
1746446400,41044.0,41085.0,41011.0,41064.0,2088,5
1746450000,41062.0,41101.0,41053.0,41093.0,1862,5
1746453600,41093.0,41101.0,41039.0,41067.0,1804,5
1746457200,41067.0,41104.0,41050.0,41099.0,2212,5
1746460800,41099.0,41195.0,41057.0,41179.0,8092,5
1746464400,41213.0,41377.0,41176.0,41371.0,10911,5
1746468000,41369.0,41401.0,41297.0,41394.0,7599,5
1746471600,41394.0,41451.0,41382.0,41424.0,5659,5
1746475200,41424.0,41454.0,41352.0,41421.0,5116,5
1746478800,41421.0,41462.0,41385.0,41400.0,4039,5
1746482400,41400.0,41401.0,41217.0,41244.0,7630,5
1746486000,41243.0,41252.0,41202.0,41230.0,1748,5
1746493200,41230.0,41258.0,41214.0,41232.0,428,5
1746496800,41232.0,41245.0,41218.0,41223.0,1006,5
1746500400,41223.0,41255.0,41207.0,41229.0,1466,5
1746504000,41229.0,41249.0,41183.0,41202.0,1760,5
1746507600,41202.0,41210.0,41176.0,41197.0,1156,5
1746511200,41197.0,41214.0,41165.0,41214.0,730,5
1746514800,41214.0,41218.0,41178.0,41201.0,498,5
1746518400,41201.0,41201.0,41117.0,41133.0,897,5
1746522000,41133.0,41205.0,41127.0,41203.0,1691,5
1746525600,41203.0,41213.0,41076.0,41079.0,2834,5
1746529200,41079.0,41079.0,40951.0,41006.0,3866,4
1746532800,41006.0,41014.0,40931.0,40985.0,3131,4
1746536400,40985.0,41046.0,40965.0,41046.0,1948,4
1746540000,41045.0,41073.0,40901.0,40950.0,3528,4
1746543600,40950.0,40989.0,40922.0,40976.0,3048,4
1746547200,40976.0,40993.0,40758.0,40841.0,8767,4
1746550800,40841.0,41109.0,40824.0,41065.0,10148,4
1746554400,41065.0,41109.0,40978.0,40986.0,7446,4
1746558000,40985.0,41184.0,40885.0,40892.0,10558,4
1746561600,40892.0,40980.0,40795.0,40801.0,8432,4
1746565200,40801.0,40962.0,40801.0,40961.0,7193,4
1746568800,40961.0,40969.0,40824.0,40826.0,7440,5
1746572400,40828.0,40841.0,40677.0,40736.0,3446,5
1746579600,40744.0,41244.0,40744.0,41116.0,5679,5
1746583200,41116.0,41132.0,41073.0,41116.0,2993,5
1746586800,41116.0,41180.0,41046.0,41144.0,3365,5
1746590400,41144.0,41173.0,41091.0,41115.0,2931,5
1746594000,41115.0,41117.0,41023.0,41054.0,2501,4
1746597600,41054.0,41086.0,41052.0,41063.0,1532,5
1746601200,41063.0,41105.0,41057.0,41065.0,1044,5
1746604800,41065.0,41068.0,41016.0,41028.0,1738,5
1746608400,41028.0,41051.0,40987.0,41011.0,2052,5
1746612000,41011.0,41064.0,40999.0,41053.0,2646,5
1746615600,41053.0,41076.0,41016.0,41067.0,2263,5
1746619200,41067.0,41086.0,41029.0,41046.0,2028,5
1746622800,41046.0,41146.0,41015.0,41124.0,2085,5
1746626400,41124.0,41151.0,41066.0,41104.0,1884,5
1746630000,41104.0,41111.0,41006.0,41026.0,3885,5
1746633600,41026.0,41093.0,40954.0,41079.0,10010,4
1746637200,41082.0,41090.0,40943.0,40991.0,9266,5
1746640800,40990.0,41103.0,40954.0,41099.0,10135,4
1746644400,41099.0,41222.0,41051.0,41216.0,7246,5
1746648000,41216.0,41252.0,41005.0,41040.0,6599,4
1746651600,41077.0,41212.0,40828.0,41190.0,16217,5
1746655200,41190.0,41292.0,40940.0,41113.0,17221,4
1746658800,41114.0,41178.0,41071.0,41098.0,3379,5
1746666000,41076.0,41100.0,41034.0,41090.0,836,5
1746669600,41092.0,41125.0,41076.0,41087.0,1206,5
1746673200,41087.0,41226.0,41055.0,41192.0,2894,5
1746676800,41191.0,41291.0,41171.0,41202.0,5450,5
1746680400,41203.0,41279.0,41202.0,41272.0,2191,4
1746684000,41272.0,41380.0,41263.0,41371.0,2017,4
1746687600,41370.0,41391.0,41349.0,41376.0,1435,5
1746691200,41375.0,41386.0,41341.0,41348.0,1814,5
1746694800,41348.0,41348.0,41286.0,41307.0,2228,4
1746698400,41307.0,41394.0,41294.0,41329.0,3447,4
1746702000,41329.0,41436.0,41321.0,41434.0,2237,4
1746705600,41434.0,41500.0,41426.0,41487.0,1210,5
1746709200,41487.0,41533.0,41467.0,41532.0,1654,5
1746712800,41532.0,41539.0,41424.0,41437.0,2519,5
1746716400,41437.0,41461.0,41279.0,41353.0,4969,5
1746720000,41353.0,41396.0,41258.0,41305.0,8926,5
1746723600,41303.0,41409.0,41167.0,41234.0,13657,4
1746727200,41235.0,41732.0,41197.0,41668.0,12276,5
1746730800,41667.0,41796.0,41665.0,41780.0,7941,5
1746734400,41779.0,41787.0,41573.0,41578.0,7208,5
1746738000,41577.0,41690.0,41564.0,41641.0,7063,5
1746741600,41640.0,41703.0,41379.0,41405.0,10175,5
1746745200,41404.0,41456.0,41376.0,41384.0,2195,5
1746752400,41392.0,41406.0,41350.0,41366.0,681,5
1746756000,41366.0,41384.0,41312.0,41330.0,1652,5
1746759600,41330.0,41333.0,41232.0,41292.0,2330,4
1746763200,41292.0,41367.0,41285.0,41364.0,1543,4
1746766800,41364.0,41435.0,41344.0,41363.0,1450,5
1746770400,41363.0,41405.0,41309.0,41398.0,2052,4
1746774000,41398.0,41418.0,41381.0,41407.0,1088,4
1746777600,41407.0,41410.0,41363.0,41403.0,1959,4
1746781200,41403.0,41411.0,41357.0,41375.0,1967,4
1746784800,41375.0,41417.0,41333.0,41355.0,3301,4
1746788400,41355.0,41356.0,41297.0,41329.0,2795,4
1746792000,41329.0,41376.0,41326.0,41373.0,1614,4
1746795600,41374.0,41452.0,41372.0,41424.0,1637,4
1746799200,41424.0,41531.0,41279.0,41434.0,5329,4
1746802800,41434.0,41530.0,41417.0,41480.0,3343,5
1746806400,41480.0,41529.0,41379.0,41460.0,8303,4
1746810000,41459.0,41491.0,41217.0,41289.0,11912,4
1746813600,41289.0,41350.0,41232.0,41344.0,9458,4
1746817200,41343.0,41348.0,41144.0,41163.0,9286,4
1746820800,41163.0,41316.0,41146.0,41308.0,7508,4
1746824400,41307.0,41313.0,41230.0,41288.0,6125,5
1746828000,41288.0,41354.0,41221.0,41237.0,7697,4
1746831600,41237.0,41294.0,41221.0,41291.0,1759,5
1747011600,41751.0,41798.0,41602.0,41623.0,2847,5
1747015200,41623.0,41705.0,41615.0,41656.0,2628,5
1747018800,41656.0,41699.0,41642.0,41663.0,2841,4
1747022400,41663.0,41714.0,41656.0,41679.0,2200,5
1747026000,41679.0,41685.0,41660.0,41675.0,1099,5
1747029600,41675.0,41720.0,41663.0,41715.0,854,5
1747033200,41715.0,41727.0,41702.0,41706.0,688,5
1747036800,41706.0,41728.0,41691.0,41709.0,909,5
1747040400,41709.0,41745.0,41676.0,41729.0,1732,5
1747044000,41727.0,42267.0,41723.0,42044.0,9009,5
1747047600,42044.0,42135.0,42014.0,42073.0,6308,5
1747051200,42073.0,42157.0,42062.0,42156.0,3083,5
1747054800,42156.0,42322.0,42138.0,42306.0,4165,4
1747058400,42306.0,42335.0,42202.0,42250.0,6141,4
1747062000,42250.0,42384.0,42242.0,42295.0,3707,4
1747065600,42295.0,42368.0,42213.0,42257.0,11073,4
1747069200,42255.0,42333.0,42117.0,42242.0,12446,4
1747072800,42242.0,42282.0,42122.0,42126.0,9832,4
1747076400,42126.0,42303.0,42111.0,42297.0,6662,5
1747080000,42297.0,42391.0,42296.0,42329.0,6712,4
1747083600,42329.0,42432.0,42325.0,42370.0,6040,5
1747087200,42370.0,42430.0,42303.0,42419.0,7826,5
1747090800,42420.0,42490.0,42420.0,42452.0,2094,5
1747098000,42450.0,42451.0,42391.0,42400.0,1273,5
1747101600,42402.0,42462.0,42373.0,42373.0,1218,5
1747105200,42372.0,42375.0,42331.0,42337.0,2425,4
1747108800,42338.0,42365.0,42326.0,42356.0,1824,4
1747112400,42356.0,42383.0,42325.0,42345.0,1489,5
1747116000,42345.0,42351.0,42309.0,42310.0,1103,4
1747119600,42310.0,42321.0,42272.0,42302.0,1207,4
1747123200,42302.0,42334.0,42290.0,42327.0,1235,4
1747126800,42327.0,42360.0,42318.0,42322.0,1823,5
1747130400,42322.0,42350.0,42292.0,42303.0,2936,4
1747134000,42303.0,42368.0,42303.0,42327.0,2228,4
1747137600,42327.0,42394.0,42320.0,42394.0,1528,5
1747141200,42394.0,42397.0,42188.0,42208.0,2757,4
1747144800,42208.0,42239.0,42144.0,42199.0,2427,5
1747148400,42199.0,42374.0,42190.0,42243.0,5374,5
1747152000,42243.0,42318.0,42203.0,42278.0,8721,5
1747155600,42279.0,42397.0,42227.0,42252.0,10273,5
1747159200,42252.0,42349.0,42232.0,42267.0,7204,5
1747162800,42267.0,42272.0,42198.0,42223.0,5700,5
1747166400,42223.0,42346.0,42210.0,42258.0,5373,5
1747170000,42258.0,42280.0,42194.0,42264.0,5350,4
1747173600,42264.0,42315.0,42143.0,42147.0,6324,4
1747177200,42148.0,42168.0,42127.0,42158.0,1911,4
1747184400,42187.0,42201.0,42165.0,42190.0,940,5
1747188000,42190.0,42215.0,42178.0,42192.0,1111,5
1747191600,42192.0,42198.0,42156.0,42170.0,1482,5
1747195200,42170.0,42185.0,42142.0,42165.0,1567,5
1747198800,42165.0,42169.0,42134.0,42154.0,933,5
1747202400,42154.0,42183.0,42153.0,42174.0,860,5
1747206000,42174.0,42204.0,42157.0,42187.0,689,5
1747209600,42187.0,42203.0,42171.0,42175.0,973,5
1747213200,42175.0,42196.0,42145.0,42181.0,1440,4
1747216800,42181.0,42220.0,42154.0,42199.0,2686,5
1747220400,42199.0,42226.0,42171.0,42197.0,2701,5
1747224000,42197.0,42203.0,42122.0,42141.0,2503,4
1747227600,42141.0,42172.0,42105.0,42153.0,1484,5
1747231200,42153.0,42208.0,42153.0,42172.0,2356,5
1747234800,42172.0,42254.0,42167.0,42210.0,2419,5
1747238400,42210.0,42272.0,42128.0,42203.0,8357,5
1747242000,42201.0,42263.0,42147.0,42165.0,10282,5
1747245600,42165.0,42199.0,42026.0,42162.0,7997,4
1747249200,42162.0,42194.0,42041.0,42077.0,5904,5
1747252800,42076.0,42087.0,41959.0,42063.0,7096,4
1747256400,42063.0,42124.0,42019.0,42097.0,6577,4
1747260000,42097.0,42141.0,42027.0,42056.0,7715,5
1747263600,42057.0,42086.0,42031.0,42040.0,1787,5
1747270800,42031.0,42035.0,42002.0,42009.0,977,5
1747274400,42009.0,42010.0,41831.0,41861.0,1748,4
1747278000,41861.0,41912.0,41854.0,41898.0,1239,5
1747281600,41898.0,41909.0,41871.0,41884.0,1158,5
1747285200,41884.0,41907.0,41864.0,41898.0,860,5
1747288800,41898.0,41906.0,41882.0,41892.0,661,5
1747292400,41892.0,41898.0,41879.0,41891.0,502,5
1747296000,41891.0,41896.0,41814.0,41834.0,1341,5
1747299600,41834.0,41880.0,41827.0,41843.0,1423,5
1747303200,41843.0,41867.0,41775.0,41783.0,3495,4
1747306800,41783.0,41904.0,41783.0,41868.0,3360,4
1747310400,41868.0,41935.0,41866.0,41935.0,2376,5
1747314000,41935.0,41935.0,41881.0,41912.0,1707,4
1747317600,41912.0,41947.0,41885.0,41931.0,2096,4
1747321200,41931.0,41974.0,41858.0,41910.0,3758,4
1747324800,41910.0,41962.0,41834.0,41915.0,9542,4
1747328400,41915.0,41998.0,41900.0,41998.0,10881,4
1747332000,41998.0,42222.0,41986.0,42203.0,8657,4
1747335600,42204.0,42264.0,42159.0,42258.0,6563,5
1747339200,42258.0,42300.0,42205.0,42216.0,6128,4
1747342800,42216.0,42339.0,42190.0,42323.0,7816,4
1747346400,42323.0,42370.0,42277.0,42350.0,9446,4
1747350000,42351.0,42386.0,42323.0,42357.0,2097,4
1747357200,42345.0,42364.0,42325.0,42326.0,763,5
1747360800,42326.0,42350.0,42321.0,42332.0,715,4
1747364400,42332.0,42350.0,42284.0,42287.0,1345,4
1747368000,42287.0,42292.0,42265.0,42276.0,1274,4
1747371600,42276.0,42312.0,42268.0,42308.0,777,4
1747375200,42308.0,42322.0,42300.0,42307.0,492,5
1747378800,42305.0,42319.0,42298.0,42305.0,495,4
1747382400,42305.0,42320.0,42300.0,42306.0,560,4
1747386000,42306.0,42355.0,42302.0,42320.0,1052,4
1747389600,42320.0,42397.0,42310.0,42396.0,1755,4
1747393200,42396.0,42463.0,42391.0,42443.0,1709,4
1747396800,42443.0,42456.0,42424.0,42438.0,1355,5
1747400400,42438.0,42464.0,42426.0,42429.0,1188,5
1747404000,42430.0,42474.0,42406.0,42465.0,1367,5
1747407600,42465.0,42468.0,42405.0,42406.0,1856,5
1747411200,42406.0,42415.0,42245.0,42369.0,8112,4
1747414800,42369.0,42404.0,42268.0,42347.0,9051,5
1747418400,42349.0,42386.0,42319.0,42331.0,6429,5
1747422000,42330.0,42535.0,42322.0,42531.0,5838,5
1747425600,42530.0,42592.0,42519.0,42545.0,5179,5
1747429200,42545.0,42657.0,42537.0,42624.0,4300,5
1747432800,42624.0,42675.0,42593.0,42650.0,6109,5
1747436400,42651.0,42651.0,42385.0,42451.0,2521,5
1747616400,42319.0,42417.0,42317.0,42398.0,1231,5
1747620000,42398.0,42448.0,42377.0,42399.0,1418,5
1747623600,42400.0,42413.0,42360.0,42406.0,2363,5
1747627200,42406.0,42453.0,42400.0,42422.0,1662,5
1747630800,42422.0,42464.0,42405.0,42409.0,1244,5
1747634400,42409.0,42417.0,42317.0,42328.0,1651,5
1747638000,42329.0,42348.0,42313.0,42324.0,1204,5
1747641600,42324.0,42347.0,42310.0,42339.0,1524,5
1747645200,42339.0,42361.0,42272.0,42293.0,2196,5
1747648800,42293.0,42325.0,42267.0,42269.0,3054,4
1747652400,42288.0,42326.0,42263.0,42280.0,2809,5
1747656000,42280.0,42334.0,42256.0,42315.0,1780,5
1747659600,42315.0,42374.0,42278.0,42359.0,1924,5
1747663200,42359.0,42437.0,42350.0,42426.0,2014,5
1747666800,42426.0,42449.0,42382.0,42422.0,2488,5
1747670400,42422.0,42616.0,42335.0,42602.0,8820,5
1747674000,42602.0,42698.0,42565.0,42598.0,9026,4
1747677600,42597.0,42667.0,42538.0,42658.0,7577,4
1747681200,42658.0,42813.0,42645.0,42792.0,5519,4
1747684800,42791.0,42860.0,42761.0,42764.0,5916,5
1747688400,42764.0,42787.0,42698.0,42771.0,5618,5
1747692000,42773.0,42815.0,42698.0,42796.0,6520,5
1747695600,42796.0,42813.0,42742.0,42810.0,1602,5
1747702800,42801.0,42821.0,42784.0,42821.0,856,5
1747706400,42821.0,42892.0,42815.0,42862.0,1108,5
1747710000,42862.0,42881.0,42832.0,42832.0,1323,5
1747713600,42832.0,42832.0,42723.0,42755.0,1754,5
1747717200,42755.0,42788.0,42749.0,42768.0,1126,5
1747720800,42768.0,42782.0,42753.0,42755.0,818,5
1747724400,42755.0,42771.0,42749.0,42765.0,805,5
1747728000,42765.0,42796.0,42716.0,42717.0,1098,5
1747731600,42717.0,42733.0,42698.0,42730.0,1638,5
1747735200,42733.0,42778.0,42700.0,42747.0,2125,5
1747738800,42747.0,42773.0,42729.0,42740.0,1978,5
1747742400,42740.0,42769.0,42710.0,42725.0,1324,5
1747746000,42725.0,42833.0,42691.0,42831.0,1618,5
1747749600,42831.0,42832.0,42793.0,42793.0,1342,5
1747753200,42793.0,42828.0,42760.0,42785.0,2018,5
1747756800,42785.0,42823.0,42654.0,42730.0,7713,4
1747760400,42729.0,42778.0,42672.0,42675.0,7732,5
1747764000,42675.0,42756.0,42644.0,42701.0,5520,5
1747767600,42700.0,42710.0,42627.0,42685.0,4324,5
1747771200,42685.0,42726.0,42679.0,42712.0,4028,5
1747774800,42712.0,42724.0,42527.0,42568.0,7072,5
1747778400,42568.0,42703.0,42493.0,42693.0,6886,4
1747782000,42691.0,42698.0,42643.0,42657.0,1567,5
1747789200,42659.0,42661.0,42545.0,42614.0,2320,5
1747792800,42615.0,42656.0,42610.0,42656.0,915,5
1747796400,42656.0,42671.0,42623.0,42647.0,1542,5
1747800000,42647.0,42658.0,42594.0,42620.0,1363,5
1747803600,42620.0,42623.0,42581.0,42592.0,1198,5
1747807200,42592.0,42604.0,42569.0,42588.0,906,5
1747810800,42588.0,42592.0,42552.0,42566.0,721,5
1747814400,42566.0,42596.0,42527.0,42533.0,1102,5
1747818000,42533.0,42539.0,42482.0,42485.0,2339,5
1747821600,42485.0,42538.0,42482.0,42519.0,2117,5
1747825200,42521.0,42526.0,42419.0,42443.0,1883,5
1747828800,42443.0,42458.0,42363.0,42374.0,1915,5
1747832400,42375.0,42378.0,42255.0,42331.0,2778,5
1747836000,42331.0,42414.0,42308.0,42414.0,2319,5
1747839600,42414.0,42425.0,42310.0,42339.0,3148,5
1747843200,42341.0,42408.0,42241.0,42347.0,8154,5
1747846800,42346.0,42453.0,42236.0,42344.0,10367,5
1747850400,42344.0,42409.0,42313.0,42357.0,7662,5
1747854000,42356.0,42421.0,42332.0,42344.0,5648,5
1747857600,42345.0,42360.0,41838.0,42023.0,16015,5
1747861200,42023.0,42050.0,41895.0,41912.0,12588,5
1747864800,41920.0,41965.0,41799.0,41864.0,13094,5
1747868400,41866.0,41874.0,41784.0,41810.0,3363,5
1747875600,41797.0,41859.0,41768.0,41814.0,1632,5
1747879200,41814.0,41867.0,41801.0,41849.0,1261,5
1747882800,41849.0,41909.0,41837.0,41906.0,1916,5
1747886400,41906.0,41928.0,41868.0,41871.0,1400,5
1747890000,41871.0,41904.0,41851.0,41866.0,951,5
1747893600,41866.0,41901.0,41865.0,41882.0,789,5
1747897200,41880.0,41883.0,41849.0,41855.0,501,5
1747900800,41855.0,41894.0,41844.0,41888.0,1047,5
1747904400,41888.0,41922.0,41854.0,41876.0,1604,5
1747908000,41876.0,41929.0,41844.0,41874.0,2987,5
1747911600,41874.0,41891.0,41834.0,41862.0,2430,5
1747915200,41862.0,41882.0,41818.0,41839.0,1667,5
1747918800,41839.0,41872.0,41802.0,41843.0,1988,5
1747922400,41843.0,41905.0,41666.0,41666.0,3640,5
1747926000,41672.0,41784.0,41629.0,41778.0,5687,5
1747929600,41778.0,41906.0,41758.0,41882.0,10073,4
1747933200,41885.0,41950.0,41732.0,41825.0,12862,4
1747936800,41826.0,41955.0,41782.0,41944.0,10190,5
1747940400,41945.0,42043.0,41872.0,41875.0,8664,5
1747944000,41875.0,42069.0,41845.0,42041.0,8061,5
1747947600,42041.0,42087.0,41994.0,42056.0,7063,5
1747951200,42056.0,42112.0,41846.0,41875.0,8677,5
1747954800,41874.0,41938.0,41862.0,41936.0,2396,5
1747962000,41948.0,41962.0,41838.0,41842.0,1404,5
1747965600,41842.0,41889.0,41827.0,41882.0,1174,5
1747969200,41886.0,41918.0,41878.0,41918.0,1514,5
1747972800,41918.0,41918.0,41877.0,41885.0,1655,4
1747976400,41884.0,41953.0,41881.0,41911.0,1020,5
1747980000,41912.0,41928.0,41883.0,41898.0,1201,5
1747983600,41898.0,41898.0,41838.0,41849.0,708,5
1747987200,41849.0,41888.0,41848.0,41861.0,1032,5
1747990800,41859.0,41860.0,41780.0,41832.0,2221,5
1747994400,41836.0,41963.0,41836.0,41920.0,2356,5
1747998000,41919.0,41946.0,41879.0,41882.0,2290,5
1748001600,41882.0,41882.0,41741.0,41847.0,2563,5
1748005200,41845.0,41860.0,41787.0,41833.0,2350,5
1748008800,41831.0,41845.0,41268.0,41319.0,9305,4
1748012400,41319.0,41407.0,41170.0,41336.0,11799,4
1748016000,41339.0,41537.0,41263.0,41486.0,12762,4
1748019600,41486.0,41629.0,41482.0,41490.0,13202,5
1748023200,41493.0,41678.0,41476.0,41541.0,10599,5
1748026800,41542.0,41649.0,41510.0,41605.0,9205,4
1748030400,41606.0,41774.0,41588.0,41726.0,7494,5
1748034000,41728.0,41792.0,41674.0,41731.0,8608,5
1748037600,41728.0,41777.0,41559.0,41606.0,9781,4
1748041200,41606.0,41606.0,41538.0,41597.0,2461,5
1748221200,41608.0,41985.0,41590.0,41874.0,2204,5
1748224800,41874.0,41966.0,41874.0,41912.0,2635,4
1748228400,41910.0,41975.0,41887.0,41928.0,2866,4
1748232000,41926.0,41974.0,41900.0,41966.0,2180,5
1748235600,41968.0,41999.0,41941.0,41943.0,2231,4
1748239200,41944.0,42010.0,41942.0,41995.0,1669,4
1748242800,41995.0,42023.0,41978.0,42015.0,961,5
1748246400,42015.0,42018.0,41969.0,41974.0,1139,4
1748250000,41974.0,42062.0,41945.0,42039.0,2317,4
1748253600,42041.0,42104.0,42018.0,42092.0,2362,4
1748257200,42094.0,42124.0,42045.0,42053.0,1476,5
1748260800,42053.0,42084.0,42039.0,42054.0,1071,5
1748264400,42054.0,42083.0,42041.0,42055.0,835,5
1748268000,42055.0,42087.0,42045.0,42078.0,857,4
1748271600,42078.0,42109.0,42053.0,42060.0,1045,5
1748275200,42060.0,42120.0,42024.0,42064.0,2190,5
1748278800,42064.0,42070.0,41982.0,41991.0,2230,5
1748282400,41991.0,42089.0,41954.0,42087.0,1759,5
1748286000,42087.0,42100.0,42049.0,42084.0,1484,5
1748307600,42074.0,42078.0,42016.0,42029.0,470,5
1748311200,42029.0,42043.0,41996.0,42012.0,1173,5
1748314800,42011.0,42043.0,41981.0,42043.0,1605,5
1748318400,42041.0,42041.0,41966.0,41969.0,1507,5
1748322000,41969.0,41981.0,41953.0,41975.0,1074,5
1748325600,41974.0,41985.0,41937.0,41950.0,980,5
1748329200,41950.0,41980.0,41943.0,41974.0,695,5
1748332800,41974.0,42010.0,41955.0,41997.0,1142,5
1748336400,41996.0,42067.0,41994.0,42044.0,1286,5
1748340000,42045.0,42230.0,42030.0,42186.0,3081,5
1748343600,42186.0,42192.0,42130.0,42154.0,2630,5
1748347200,42154.0,42213.0,42146.0,42179.0,1968,5
1748350800,42178.0,42206.0,42143.0,42143.0,1839,4
1748354400,42142.0,42212.0,42124.0,42186.0,2014,5
1748358000,42185.0,42185.0,42073.0,42101.0,3375,4
1748361600,42102.0,42149.0,41897.0,41989.0,8243,4
1748365200,41989.0,42164.0,41988.0,42138.0,7634,5
1748368800,42140.0,42229.0,42107.0,42225.0,5334,5
1748372400,42225.0,42332.0,42220.0,42273.0,5420,4
1748376000,42273.0,42348.0,42255.0,42343.0,4214,5
1748379600,42344.0,42372.0,42318.0,42319.0,4124,4
1748383200,42318.0,42374.0,42301.0,42371.0,5525,5
1748386800,42370.0,42425.0,42356.0,42418.0,1722,5
1748394000,42414.0,42418.0,42390.0,42412.0,704,5
1748397600,42412.0,42434.0,42399.0,42399.0,803,5
1748401200,42398.0,42398.0,42376.0,42379.0,1108,4
1748404800,42380.0,42393.0,42361.0,42367.0,1033,5
1748408400,42367.0,42373.0,42351.0,42352.0,689,5
1748412000,42352.0,42370.0,42338.0,42343.0,668,5
1748415600,42343.0,42347.0,42329.0,42333.0,379,5
1748419200,42333.0,42350.0,42320.0,42333.0,660,5
1748422800,42333.0,42347.0,42299.0,42310.0,1136,5
1748426400,42310.0,42330.0,42277.0,42281.0,1857,4
1748430000,42281.0,42302.0,42265.0,42270.0,1577,4
1748433600,42270.0,42287.0,42237.0,42285.0,1457,4
1748437200,42285.0,42392.0,42279.0,42389.0,1640,5
1748440800,42390.0,42392.0,42340.0,42360.0,1683,5
1748444400,42359.0,42397.0,42344.0,42345.0,1882,5
1748448000,42345.0,42470.0,42328.0,42375.0,7168,5
1748451600,42373.0,42391.0,42242.0,42257.0,8585,5
1748455200,42259.0,42299.0,42182.0,42202.0,6349,5
1748458800,42201.0,42276.0,42201.0,42254.0,4645,5
1748462400,42254.0,42298.0,42208.0,42215.0,4182,5
1748466000,42215.0,42261.0,42088.0,42211.0,3458,5
1748469600,42211.0,42275.0,42059.0,42125.0,9354,5
1748473200,42128.0,42213.0,42086.0,42150.0,5626,1
1748480400,42123.0,42310.0,42093.0,42297.0,2792,1
1748484000,42296.0,42663.0,42296.0,42612.0,9837,0
1748487600,42610.0,42655.0,42521.0,42638.0,5214,0
1748491200,42638.0,42674.0,42563.0,42670.0,3976,0
1748494800,42670.0,42715.0,42661.0,42678.0,2664,0
1748498400,42680.0,42728.0,42647.0,42658.0,1668,0
1748502000,42657.0,42703.0,42657.0,42698.0,1243,0
1748505600,42698.0,42733.0,42681.0,42698.0,1578,0
1748509200,42697.0,42697.0,42628.0,42638.0,2016,0
1748512800,42634.0,42693.0,42594.0,42688.0,2603,1
1748516400,42695.0,42703.0,42582.0,42597.0,2394,1
1748520000,42598.0,42604.0,42478.0,42481.0,2166,1
1748523600,42482.0,42484.0,42320.0,42370.0,3309,0
1748527200,42371.0,42374.0,42264.0,42267.0,3567,1
1748530800,42264.0,42307.0,42164.0,42213.0,5328,1
1748534400,42214.0,42285.0,42128.0,42198.0,9517,1
1748538000,42198.0,42228.0,42071.0,42179.0,12420,0
1748541600,42181.0,42190.0,41868.0,41909.0,10589,1
1748545200,41906.0,42138.0,41832.0,42112.0,9852,0
1748548800,42112.0,42172.0,42089.0,42093.0,8390,1
1748552400,42097.0,42201.0,42041.0,42161.0,8009,0
1748556000,42160.0,42282.0,42139.0,42226.0,8779,0
1748559600,42226.0,42250.0,42181.0,42183.0,1958,0
1748566800,42173.0,42208.0,42129.0,42164.0,1989,1
1748570400,42164.0,42189.0,42134.0,42136.0,1787,0
1748574000,42136.0,42179.0,42127.0,42141.0,2287,0
1748577600,42141.0,42164.0,42042.0,42162.0,2768,0
1748581200,42162.0,42187.0,42153.0,42174.0,1203,0
1748584800,42174.0,42178.0,42141.0,42165.0,911,1
1748588400,42164.0,42178.0,42148.0,42166.0,704,1
1748592000,42166.0,42226.0,42158.0,42200.0,1333,1
1748595600,42201.0,42215.0,42130.0,42131.0,2377,1
1748599200,42132.0,42202.0,42109.0,42178.0,3265,0
1748602800,42179.0,42217.0,42152.0,42170.0,2460,0
1748606400,42170.0,42213.0,42156.0,42158.0,1854,1
1748610000,42158.0,42209.0,42142.0,42189.0,1665,1
1748613600,42188.0,42218.0,42166.0,42172.0,1844,1
1748617200,42172.0,42215.0,41941.0,42080.0,8585,1
1748620800,42080.0,42205.0,42059.0,42148.0,9313,1
1748624400,42178.0,42289.0,42161.0,42179.0,9511,0
1748628000,42178.0,42240.0,42110.0,42161.0,8951,0
1748631600,42162.0,42229.0,41903.0,41986.0,11580,0
1748635200,41981.0,42131.0,41965.0,42072.0,8606,0
1748638800,42072.0,42256.0,42068.0,42243.0,8035,1
1748642400,42241.0,42385.0,42224.0,42229.0,10573,0
1748646000,42224.0,42294.0,42184.0,42222.0,3410,1
1748826000,42122.0,42188.0,42121.0,42139.0,1718,0
1748829600,42139.0,42142.0,42096.0,42133.0,1389,0
1748833200,42133.0,42178.0,42123.0,42144.0,2269,0
1748836800,42144.0,42169.0,42108.0,42127.0,1763,1
1748840400,42127.0,42152.0,42096.0,42128.0,1313,1
1748844000,42128.0,42131.0,42079.0,42088.0,1461,1
1748847600,42088.0,42118.0,42072.0,42084.0,860,1
1748851200,42084.0,42107.0,42047.0,42065.0,1313,1
1748854800,42065.0,42072.0,42006.0,42026.0,2235,0
1748858400,42026.0,42099.0,41924.0,42020.0,5101,0
1748862000,42020.0,42104.0,41997.0,42072.0,3950,1
1748865600,42072.0,42081.0,41991.0,42032.0,3276,1
1748869200,42032.0,42112.0,42018.0,42095.0,2605,1
1748872800,42095.0,42173.0,42071.0,42127.0,2393,1
1748876400,42127.0,42176.0,42104.0,42149.0,2486,1
1748880000,42149.0,42167.0,41959.0,41964.0,9221,1
1748883600,41965.0,42138.0,41854.0,42125.0,12094,1
1748887200,42125.0,42140.0,42007.0,42115.0,8305,1
1748890800,42114.0,42127.0,42027.0,42126.0,6400,1
1748894400,42126.0,42153.0,42063.0,42111.0,5851,1
1748898000,42111.0,42262.0,42092.0,42261.0,5771,1
1748901600,42261.0,42335.0,42253.0,42325.0,5641,1
1748905200,42326.0,42366.0,42323.0,42329.0,1970,1
1748912400,42330.0,42332.0,42286.0,42286.0,498,1
1748916000,42286.0,42322.0,42229.0,42242.0,1677,1
1748919600,42242.0,42257.0,42230.0,42241.0,1215,1
1748923200,42241.0,42252.0,42223.0,42225.0,1141,1
1748926800,42225.0,42232.0,42157.0,42191.0,1139,1
1748930400,42191.0,42191.0,42151.0,42179.0,793,1
1748934000,42179.0,42181.0,42152.0,42165.0,460,1
1748937600,42165.0,42192.0,42160.0,42191.0,727,1
1748941200,42191.0,42199.0,42150.0,42175.0,1207,1
1748944800,42174.0,42193.0,42069.0,42123.0,3381,1
1748948400,42124.0,42148.0,42077.0,42147.0,2660,0
1748952000,42147.0,42184.0,42130.0,42171.0,1626,1
1748955600,42171.0,42202.0,42146.0,42200.0,1814,1
1748959200,42200.0,42244.0,42180.0,42239.0,1817,1
1748962800,42240.0,42276.0,42223.0,42248.0,2452,0
1748966400,42248.0,42385.0,42236.0,42239.0,6821,1
1748970000,42244.0,42382.0,42194.0,42373.0,8298,1
1748973600,42373.0,42494.0,42371.0,42493.0,5518,1
1748977200,42491.0,42533.0,42448.0,42518.0,4263,1
1748980800,42518.0,42587.0,42501.0,42533.0,4119,1
1748984400,42533.0,42593.0,42474.0,42558.0,6001,0
1748988000,42558.0,42580.0,42499.0,42552.0,5790,1
1748991600,42548.0,42555.0,42521.0,42545.0,1549,1
1748998800,42545.0,42596.0,42543.0,42571.0,681,1
1749002400,42571.0,42592.0,42553.0,42580.0,1574,1
1749006000,42580.0,42601.0,42560.0,42569.0,1715,1
1749009600,42569.0,42584.0,42534.0,42545.0,1342,1
1749013200,42545.0,42552.0,42521.0,42521.0,845,1
1749016800,42521.0,42533.0,42511.0,42528.0,614,1
1749020400,42528.0,42542.0,42516.0,42516.0,506,1
1749024000,42516.0,42545.0,42513.0,42538.0,672,1
1749027600,42538.0,42574.0,42522.0,42563.0,1387,1
1749031200,42564.0,42613.0,42535.0,42610.0,2318,1
1749034800,42610.0,42654.0,42601.0,42604.0,2085,0
1749038400,42604.0,42631.0,42594.0,42610.0,1428,1
1749042000,42610.0,42630.0,42594.0,42627.0,1486,1
1749045600,42627.0,42635.0,42595.0,42621.0,1328,1
1749049200,42621.0,42638.0,42501.0,42542.0,3697,1
1749052800,42542.0,42670.0,42533.0,42593.0,6137,0
1749056400,42584.0,42630.0,42515.0,42610.0,8915,1
1749060000,42610.0,42640.0,42533.0,42565.0,6715,1
1749063600,42563.0,42569.0,42502.0,42562.0,5928,1
1749067200,42563.0,42610.0,42561.0,42596.0,3510,1
1749070800,42596.0,42624.0,42525.0,42535.0,4011,1
1749074400,42535.0,42549.0,42448.0,42449.0,5354,1
1749078000,42447.0,42453.0,42428.0,42433.0,1382,1
1749085200,42427.0,42456.0,42407.0,42428.0,1066,1
1749088800,42428.0,42438.0,42407.0,42416.0,785,1
1749092400,42416.0,42459.0,42414.0,42434.0,1102,1
1749096000,42434.0,42446.0,42418.0,42446.0,932,1
1749099600,42446.0,42449.0,42410.0,42421.0,648,1
1749103200,42421.0,42439.0,42416.0,42432.0,563,0
1749106800,42432.0,42451.0,42427.0,42450.0,422,1
1749110400,42450.0,42451.0,42424.0,42443.0,761,1
1749114000,42443.0,42445.0,42421.0,42431.0,933,1
1749117600,42431.0,42532.0,42429.0,42525.0,2375,1
1749121200,42525.0,42563.0,42504.0,42523.0,2101,1
1749124800,42523.0,42534.0,42482.0,42493.0,1649,1
1749128400,42493.0,42515.0,42456.0,42470.0,1450,1
1749132000,42470.0,42490.0,42449.0,42469.0,1722,1
1749135600,42469.0,42688.0,42415.0,42537.0,5361,1
1749139200,42537.0,42564.0,42249.0,42270.0,11280,0
1749142800,42270.0,42510.0,42267.0,42487.0,12879,0
1749146400,42487.0,42596.0,42483.0,42583.0,7692,0
1749150000,42582.0,42621.0,42370.0,42411.0,9674,0
1749153600,42412.0,42577.0,42388.0,42499.0,7695,0
1749157200,42499.0,42520.0,42318.0,42487.0,8841,0
1749160800,42489.0,42507.0,42217.0,42335.0,15397,0
1749164400,42334.0,42392.0,42334.0,42355.0,4308,1
1749171600,42323.0,42384.0,42303.0,42384.0,1280,1
1749175200,42384.0,42406.0,42357.0,42386.0,1551,1
1749178800,42386.0,42448.0,42386.0,42433.0,2064,1
1749182400,42433.0,42462.0,42414.0,42434.0,1456,1
1749186000,42434.0,42440.0,42414.0,42427.0,1026,1
1749189600,42427.0,42457.0,42416.0,42445.0,929,1
1749193200,42445.0,42473.0,42434.0,42473.0,906,1
1749196800,42473.0,42492.0,42465.0,42475.0,1050,1
1749200400,42475.0,42517.0,42457.0,42515.0,1540,1
1749204000,42515.0,42535.0,42491.0,42497.0,2228,1
1749207600,42497.0,42506.0,42463.0,42488.0,2062,1
1749211200,42488.0,42498.0,42459.0,42471.0,1457,1
1749214800,42471.0,42482.0,42435.0,42440.0,1279,1
1749218400,42440.0,42468.0,42411.0,42459.0,2233,1
1749222000,42459.0,42649.0,42456.0,42634.0,5394,1
1749225600,42634.0,42935.0,42619.0,42886.0,9306,1
1749229200,42885.0,42893.0,42764.0,42766.0,8759,1
1749232800,42765.0,42841.0,42598.0,42692.0,9771,1
1749236400,42692.0,42738.0,42582.0,42631.0,7124,1
1749240000,42630.0,42705.0,42588.0,42689.0,6070,1
1749243600,42689.0,42807.0,42689.0,42760.0,5834,1
1749247200,42760.0,42812.0,42750.0,42757.0,5956,1
1749250800,42758.0,42797.0,42753.0,42787.0,1429,1
1749430800,42804.0,42843.0,42725.0,42738.0,2061,1
1749434400,42738.0,42782.0,42728.0,42770.0,1067,0
1749438000,42770.0,42785.0,42748.0,42756.0,1330,1
1749441600,42756.0,42758.0,42724.0,42735.0,877,1
1749445200,42735.0,42751.0,42711.0,42728.0,834,1
1749448800,42728.0,42728.0,42691.0,42714.0,667,1
1749452400,42714.0,42731.0,42703.0,42726.0,604,1
1749456000,42726.0,42727.0,42703.0,42724.0,787,1
1749459600,42724.0,42774.0,42707.0,42773.0,1145,1
1749463200,42773.0,42810.0,42736.0,42810.0,2194,1
1749466800,42812.0,42841.0,42783.0,42836.0,1865,1
1749470400,42836.0,42843.0,42800.0,42803.0,1177,1
1749474000,42803.0,42818.0,42784.0,42798.0,1148,1
1749477600,42798.0,42859.0,42796.0,42835.0,2002,1
1749481200,42835.0,42844.0,42810.0,42811.0,1672,1
1749484800,42811.0,42830.0,42651.0,42656.0,6669,1
1749488400,42656.0,42705.0,42573.0,42660.0,7529,1
1749492000,42660.0,42761.0,42652.0,42740.0,5236,1
1749495600,42740.0,42845.0,42707.0,42809.0,4382,1
1749499200,42809.0,42895.0,42805.0,42873.0,4329,1
1749502800,42873.0,42908.0,42833.0,42865.0,3540,1
1749506400,42865.0,42881.0,42758.0,42767.0,5082,1
1749510000,42771.0,42785.0,42752.0,42781.0,1372,1
1749517200,42774.0,42805.0,42768.0,42780.0,588,1
1749520800,42780.0,42791.0,42777.0,42785.0,498,1
1749524400,42783.0,42821.0,42750.0,42811.0,1108,0
1749528000,42811.0,42928.0,42809.0,42903.0,1927,1
1749531600,42903.0,42933.0,42875.0,42919.0,1000,0
1749535200,42919.0,42928.0,42893.0,42895.0,651,0
1749538800,42896.0,42905.0,42867.0,42868.0,548,1
1749542400,42867.0,42884.0,42673.0,42771.0,4230,0
1749546000,42771.0,42789.0,42738.0,42752.0,2671,0
1749549600,42747.0,42776.0,42645.0,42728.0,4478,1
1749553200,42728.0,42734.0,42654.0,42717.0,3141,1
1749556800,42717.0,42739.0,42699.0,42726.0,1633,1
1749560400,42726.0,42764.0,42725.0,42763.0,1567,1
1749564000,42763.0,42781.0,42721.0,42780.0,2095,1
1749567600,42780.0,42802.0,42769.0,42775.0,1933,1
1749571200,42775.0,42815.0,42734.0,42762.0,6306,1
1749574800,42763.0,42844.0,42741.0,42800.0,6478,1
1749578400,42808.0,42837.0,42710.0,42797.0,6474,1
1749582000,42797.0,42895.0,42794.0,42889.0,3975,1
1749585600,42889.0,42939.0,42819.0,42827.0,3919,1
1749589200,42826.0,42882.0,42746.0,42858.0,5523,1
1749592800,42857.0,42924.0,42804.0,42888.0,6010,1
1749596400,42885.0,42890.0,42830.0,42854.0,1581,1
1749603600,42859.0,42895.0,42848.0,42885.0,1023,3
1749607200,42885.0,42921.0,42798.0,42864.0,2467,3
1749610800,42864.0,42875.0,42806.0,42809.0,1911,3
1749614400,42809.0,42825.0,42759.0,42787.0,1509,3
1749618000,42786.0,42795.0,42770.0,42778.0,720,3
1749621600,42778.0,42791.0,42766.0,42788.0,729,3
1749625200,42788.0,42811.0,42764.0,42769.0,767,3
1749628800,42769.0,42803.0,42755.0,42784.0,1195,3
1749632400,42784.0,42803.0,42766.0,42794.0,1549,3
1749636000,42794.0,42826.0,42764.0,42814.0,2294,3
1749639600,42814.0,42861.0,42797.0,42840.0,1525,2
1749643200,42840.0,42845.0,42795.0,42797.0,1090,3
1749646800,42797.0,42826.0,42778.0,42810.0,1134,3
1749650400,42809.0,42816.0,42731.0,42805.0,1792,3
1749654000,42804.0,43105.0,42739.0,42944.0,7772,2
1749657600,42943.0,42967.0,42813.0,42950.0,8842,2
1749661200,42950.0,43071.0,42900.0,43033.0,7187,3
1749664800,43032.0,43066.0,42979.0,43020.0,6875,3
1749668400,43020.0,43044.0,42934.0,43028.0,6819,2
1749672000,43028.0,43133.0,42993.0,43004.0,6101,3
1749675600,43004.0,43019.0,42744.0,42859.0,11892,3
1749679200,42858.0,42901.0,42780.0,42883.0,10444,3
1749682800,42886.0,42901.0,42857.0,42873.0,2004,3
1749690000,42857.0,42900.0,42807.0,42826.0,1623,3
1749693600,42822.0,42861.0,42805.0,42826.0,1713,3
1749697200,42828.0,42838.0,42737.0,42754.0,2495,2
1749700800,42754.0,42795.0,42676.0,42728.0,2564,2
1749704400,42728.0,42740.0,42703.0,42714.0,1434,2
1749708000,42714.0,42765.0,42710.0,42745.0,910,2
1749711600,42745.0,42765.0,42733.0,42764.0,727,3
1749715200,42764.0,42774.0,42729.0,42762.0,1168,2
1749718800,42762.0,42797.0,42732.0,42797.0,1827,2
1749722400,42797.0,42833.0,42664.0,42678.0,3447,2
1749726000,42678.0,42701.0,42619.0,42674.0,3752,2
1749729600,42674.0,42693.0,42608.0,42609.0,2468,2
1749733200,42609.0,42647.0,42580.0,42621.0,2811,2
1749736800,42621.0,42648.0,42574.0,42591.0,2866,2
1749740400,42590.0,42750.0,42589.0,42745.0,3787,2
1749744000,42746.0,42787.0,42624.0,42731.0,7468,2
1749747600,42731.0,42916.0,42708.0,42857.0,7361,2
1749751200,42858.0,42920.0,42790.0,42863.0,7825,3
1749754800,42863.0,42936.0,42817.0,42886.0,5287,2
1749758400,42886.0,42966.0,42884.0,42946.0,4562,3
1749762000,42947.0,42975.0,42905.0,42969.0,4296,3
1749765600,42969.0,42985.0,42908.0,42985.0,5026,3
1749769200,42983.0,42985.0,42925.0,42930.0,1627,3
1749776400,42935.0,42935.0,42882.0,42910.0,1218,3
1749780000,42909.0,42913.0,42757.0,42761.0,1286,2
1749783600,42761.0,42767.0,42356.0,42421.0,13124,3
1749787200,42421.0,42443.0,42269.0,42442.0,9208,2
1749790800,42442.0,42442.0,42186.0,42328.0,5758,3
1749794400,42327.0,42414.0,42292.0,42403.0,3537,3
1749798000,42403.0,42406.0,42310.0,42363.0,2581,3
1749801600,42363.0,42424.0,42331.0,42423.0,3109,2
1749805200,42423.0,42478.0,42365.0,42474.0,4725,2
1749808800,42474.0,42509.0,42399.0,42491.0,5145,3
1749812400,42487.0,42530.0,42440.0,42469.0,4399,2
1749816000,42469.0,42524.0,42412.0,42471.0,4344,2
1749819600,42470.0,42529.0,42441.0,42518.0,3447,3
1749823200,42518.0,42578.0,42509.0,42566.0,3220,2
1749826800,42566.0,42606.0,42536.0,42537.0,2715,2
1749830400,42537.0,42590.0,42343.0,42345.0,8366,3
1749834000,42345.0,42431.0,42252.0,42420.0,11463,2
1749837600,42418.0,42615.0,42397.0,42566.0,8120,2
1749841200,42566.0,42604.0,42450.0,42500.0,6302,2
1749844800,42500.0,42507.0,42336.0,42375.0,7640,2
1749848400,42375.0,42404.0,42091.0,42188.0,10463,2
1749852000,42175.0,42225.0,42102.0,42215.0,11130,3
1749855600,42217.0,42241.0,42171.0,42176.0,4377,2
1750035600,41977.0,42202.0,41963.0,42165.0,2292,3
1750039200,42165.0,42248.0,42147.0,42234.0,2392,3
1750042800,42234.0,42261.0,42208.0,42255.0,2917,3
1750046400,42255.0,42267.0,42231.0,42244.0,1437,3
1750050000,42244.0,42282.0,42229.0,42262.0,1047,3
1750053600,42262.0,42266.0,42225.0,42231.0,640,3
1750057200,42231.0,42240.0,42222.0,42228.0,633,3
1750060800,42228.0,42299.0,42228.0,42280.0,1049,3
1750064400,42280.0,42366.0,42274.0,42354.0,2125,2
1750068000,42354.0,42447.0,42350.0,42432.0,2866,3
1750071600,42432.0,42432.0,42348.0,42406.0,2257,3
1750075200,42406.0,42417.0,42340.0,42360.0,1586,3
1750078800,42360.0,42415.0,42347.0,42415.0,1335,3
1750082400,42415.0,42462.0,42369.0,42454.0,1828,3
1750086000,42454.0,42504.0,42444.0,42474.0,2103,3
1750089600,42474.0,42670.0,42414.0,42649.0,7311,3
1750093200,42649.0,42749.0,42647.0,42702.0,7480,3
1750096800,42702.0,42707.0,42580.0,42598.0,5844,3
1750100400,42598.0,42651.0,42568.0,42590.0,4344,3
1750104000,42590.0,42658.0,42541.0,42550.0,4487,3
1750107600,42552.0,42593.0,42506.0,42547.0,3679,3
1750111200,42546.0,42562.0,42481.0,42561.0,5576,3
1750114800,42561.0,42601.0,42555.0,42563.0,1456,3
1750122000,42584.0,42595.0,42419.0,42451.0,2791,2
1750125600,42452.0,42497.0,42315.0,42317.0,4683,2
1750129200,42317.0,42431.0,42308.0,42425.0,4466,2
1750132800,42425.0,42449.0,42363.0,42410.0,4155,2
1750136400,42410.0,42462.0,42329.0,42455.0,3460,2
1750140000,42455.0,42457.0,42382.0,42419.0,2321,2
1750143600,42419.0,42440.0,42382.0,42400.0,1398,2
1750147200,42400.0,42420.0,42372.0,42401.0,1742,2
1750150800,42401.0,42443.0,42352.0,42364.0,2437,2
1750154400,42364.0,42400.0,42223.0,42275.0,5102,2
1750158000,42275.0,42359.0,42261.0,42327.0,3422,2
1750161600,42327.0,42355.0,42261.0,42295.0,3075,3
1750165200,42295.0,42336.0,42248.0,42310.0,2545,3
1750168800,42310.0,42383.0,42301.0,42379.0,2106,3
1750172400,42379.0,42405.0,42310.0,42317.0,3415,3
1750176000,42319.0,42456.0,42299.0,42451.0,7373,3
1750179600,42450.0,42540.0,42429.0,42475.0,6832,3
1750183200,42475.0,42581.0,42440.0,42479.0,5869,3
1750186800,42479.0,42544.0,42403.0,42426.0,5944,3
1750190400,42425.0,42460.0,42257.0,42286.0,7752,2
1750194000,42285.0,42288.0,42167.0,42252.0,7965,3
1750197600,42252.0,42291.0,42204.0,42246.0,7150,3
1750201200,42248.0,42276.0,42230.0,42251.0,2217,3
1750208400,42228.0,42239.0,42120.0,42128.0,2385,3
1750212000,42128.0,42182.0,42115.0,42152.0,2281,3
1750215600,42152.0,42273.0,42150.0,42257.0,2781,3
1750219200,42257.0,42289.0,42248.0,42259.0,1667,3
1750222800,42259.0,42300.0,42251.0,42268.0,913,3
1750226400,42268.0,42275.0,42248.0,42253.0,826,3
1750230000,42253.0,42271.0,42231.0,42258.0,834,3
1750233600,42258.0,42285.0,42256.0,42273.0,906,3
1750237200,42273.0,42355.0,42263.0,42294.0,1876,3
1750240800,42294.0,42349.0,42291.0,42320.0,2434,3
1750244400,42320.0,42333.0,42268.0,42311.0,2176,2
1750248000,42311.0,42363.0,42311.0,42334.0,1305,3
1750251600,42334.0,42336.0,42202.0,42209.0,1973,3
1750255200,42209.0,42321.0,42192.0,42291.0,2120,3
1750258800,42291.0,42307.0,42246.0,42250.0,2443,3
1750262400,42250.0,42373.0,42212.0,42351.0,6443,3
1750266000,42351.0,42551.0,42326.0,42517.0,7730,3
1750269600,42517.0,42529.0,42373.0,42386.0,6116,2
1750273200,42386.0,42441.0,42335.0,42352.0,5695,3
1750276800,42352.0,42407.0,42295.0,42372.0,5880,3
1750280400,42371.0,42475.0,42183.0,42211.0,11872,2
1750284000,42211.0,42304.0,42142.0,42214.0,12555,3
1750287600,42213.0,42253.0,42206.0,42214.0,1963,3
1750294800,42193.0,42213.0,42147.0,42175.0,1059,3
1750298400,42175.0,42205.0,42163.0,42197.0,1288,3
1750302000,42198.0,42201.0,42083.0,42142.0,2121,3
1750305600,42142.0,42144.0,41991.0,42087.0,3402,3
1750309200,42087.0,42134.0,42070.0,42108.0,1174,3
1750312800,42108.0,42162.0,42108.0,42157.0,756,3
1750316400,42157.0,42175.0,42141.0,42170.0,634,3
1750320000,42170.0,42171.0,42087.0,42092.0,932,3
1750323600,42092.0,42112.0,42055.0,42110.0,2384,3
1750327200,42110.0,42114.0,41960.0,41976.0,3684,3
1750330800,41976.0,42084.0,41976.0,42041.0,2757,3
1750334400,42041.0,42071.0,42030.0,42037.0,1491,3
1750338000,42037.0,42078.0,42004.0,42060.0,1815,2
1750341600,42060.0,42070.0,41978.0,42002.0,1897,3
1750345200,42002.0,42020.0,41907.0,41926.0,2381,3
1750348800,41926.0,41963.0,41783.0,41838.0,4357,2
1750352400,41837.0,41899.0,41823.0,41873.0,3328,2
1750356000,41873.0,41906.0,41789.0,41796.0,3512,2
1750359600,41795.0,41875.0,41795.0,41816.0,2344,3
1750363200,41815.0,41815.0,41815.0,41815.0,1,4
1750381200,41888.0,42096.0,41883.0,42060.0,3486,3
1750384800,42060.0,42079.0,42033.0,42054.0,2219,3
1750388400,42054.0,42120.0,42051.0,42083.0,2088,3
1750392000,42083.0,42099.0,41999.0,42032.0,2126,3
1750395600,42032.0,42078.0,42021.0,42065.0,1100,3
1750399200,42065.0,42117.0,42056.0,42100.0,993,3
1750402800,42100.0,42122.0,42088.0,42111.0,674,3
1750406400,42111.0,42134.0,42077.0,42133.0,1255,3
1750410000,42133.0,42169.0,42083.0,42092.0,1938,2
1750413600,42092.0,42164.0,42069.0,42149.0,2367,2
1750417200,42149.0,42216.0,42076.0,42081.0,2370,2
1750420800,42081.0,42170.0,42077.0,42156.0,1814,3
1750424400,42156.0,42165.0,42105.0,42144.0,1705,3
1750428000,42144.0,42317.0,42126.0,42236.0,3537,3
1750431600,42236.0,42383.0,42234.0,42346.0,4244,2
1750435200,42346.0,42458.0,42309.0,42333.0,9449,2
1750438800,42333.0,42385.0,42224.0,42239.0,12370,2
1750442400,42237.0,42372.0,42178.0,42260.0,8869,3
1750446000,42260.0,42317.0,42215.0,42285.0,7257,3
1750449600,42285.0,42329.0,42104.0,42158.0,7594,3
1750453200,42157.0,42257.0,42132.0,42159.0,6009,3
1750456800,42160.0,42273.0,42142.0,42214.0,8037,3
1750460400,42215.0,42303.0,42204.0,42270.0,2648,3
1750640400,41894.0,42169.0,41871.0,42116.0,3335,3
1750644000,42116.0,42122.0,42068.0,42105.0,2032,3
1750647600,42105.0,42111.0,42041.0,42058.0,2593,3
1750651200,42058.0,42089.0,42042.0,42079.0,1661,3
1750654800,42079.0,42105.0,42072.0,42092.0,969,3
1750658400,42092.0,42111.0,42087.0,42100.0,733,3
1750662000,42100.0,42112.0,42089.0,42095.0,618,3
1750665600,42095.0,42159.0,42094.0,42138.0,1436,3
1750669200,42137.0,42163.0,42106.0,42130.0,1805,2
1750672800,42130.0,42270.0,42127.0,42260.0,3568,2
1750676400,42260.0,42324.0,42237.0,42287.0,2589,2
1750680000,42287.0,42300.0,42237.0,42269.0,1960,2
1750683600,42269.0,42306.0,42214.0,42218.0,2452,3
1750687200,42218.0,42227.0,42095.0,42156.0,2995,3
1750690800,42155.0,42261.0,42144.0,42258.0,2360,3
1750694400,42258.0,42369.0,42148.0,42367.0,7669,3
1750698000,42367.0,42460.0,42272.0,42274.0,8813,3
1750701600,42274.0,42369.0,42233.0,42251.0,7272,3
1750705200,42251.0,42273.0,42001.0,42103.0,12496,3
1750708800,42102.0,42548.0,42078.0,42514.0,11939,2
1750712400,42514.0,42561.0,42439.0,42513.0,7177,3
1750716000,42513.0,42642.0,42506.0,42615.0,6215,3
1750719600,42617.0,42637.0,42599.0,42628.0,1637,3
1750726800,42612.0,42796.0,42612.0,42762.0,3680,3
1750730400,42763.0,42825.0,42753.0,42800.0,2487,3
1750734000,42796.0,42831.0,42763.0,42813.0,2684,3
1750737600,42813.0,42859.0,42787.0,42856.0,1621,3
1750741200,42856.0,42856.0,42789.0,42806.0,1367,3
1750744800,42806.0,42844.0,42802.0,42837.0,736,3
1750748400,42837.0,42842.0,42799.0,42833.0,843,3
1750752000,42833.0,42928.0,42830.0,42913.0,1221,3
1750755600,42913.0,43025.0,42911.0,43011.0,2930,3
1750759200,43011.0,43052.0,42854.0,42942.0,5425,3
1750762800,42942.0,42951.0,42856.0,42924.0,3842,3
1750766400,42924.0,42975.0,42910.0,42930.0,1650,3
1750770000,42930.0,42950.0,42887.0,42914.0,2111,3
1750773600,42914.0,42927.0,42851.0,42897.0,2450,3
1750777200,42897.0,42915.0,42836.0,42891.0,2674,3
1750780800,42891.0,43023.0,42860.0,42882.0,6940,3
1750784400,42883.0,43002.0,42825.0,42982.0,7000,3
1750788000,42982.0,43081.0,42971.0,43063.0,4349,3
1750791600,43063.0,43154.0,43038.0,43106.0,4222,2
1750795200,43106.0,43150.0,43071.0,43132.0,3931,2
1750798800,43133.0,43155.0,43115.0,43153.0,3179,2
1750802400,43153.0,43225.0,43122.0,43125.0,4255,3
1750806000,43124.0,43140.0,43109.0,43109.0,1603,2
1750813200,43111.0,43117.0,43084.0,43109.0,1107,3
1750816800,43109.0,43139.0,43090.0,43131.0,772,3
1750820400,43131.0,43162.0,43125.0,43154.0,1267,3
1750824000,43154.0,43154.0,43119.0,43125.0,914,3
1750827600,43125.0,43135.0,43115.0,43124.0,532,3
1750831200,43124.0,43151.0,43124.0,43136.0,430,3
1750834800,43136.0,43164.0,43135.0,43163.0,258,3
1750838400,43163.0,43173.0,43156.0,43170.0,491,3
1750842000,43170.0,43181.0,43135.0,43137.0,842,2
1750845600,43137.0,43173.0,43134.0,43148.0,1815,3
1750849200,43148.0,43152.0,43093.0,43150.0,1754,2
1750852800,43150.0,43165.0,43105.0,43114.0,967,3
1750856400,43114.0,43119.0,43090.0,43106.0,1109,3
1750860000,43106.0,43154.0,43087.0,43142.0,1400,3
1750863600,43142.0,43153.0,43121.0,43140.0,1490,3
1750867200,43140.0,43143.0,43038.0,43093.0,6222,2
1750870800,43093.0,43114.0,43025.0,43066.0,7210,3
1750874400,43066.0,43068.0,42992.0,43024.0,5755,3
1750878000,43023.0,43074.0,42976.0,42978.0,4513,3
1750881600,42978.0,42998.0,42891.0,42944.0,5331,3
1750885200,42945.0,42962.0,42911.0,42956.0,4270,3
1750888800,42956.0,43035.0,42952.0,43026.0,5316,3
1750892400,43025.0,43032.0,42975.0,43006.0,1357,3
1750899600,43004.0,43043.0,42995.0,43026.0,732,3
1750903200,43027.0,43038.0,42993.0,43033.0,1285,3
1750906800,43033.0,43048.0,43021.0,43036.0,921,3
1750910400,43036.0,43038.0,43008.0,43020.0,639,3
1750914000,43020.0,43052.0,43020.0,43043.0,531,3
1750917600,43043.0,43077.0,43043.0,43061.0,571,3
1750921200,43061.0,43072.0,43047.0,43068.0,406,3
1750924800,43068.0,43081.0,43057.0,43078.0,559,3
1750928400,43077.0,43118.0,43073.0,43103.0,1031,3
1750932000,43104.0,43143.0,43094.0,43096.0,1382,3
1750935600,43098.0,43148.0,43097.0,43123.0,1457,3
1750939200,43123.0,43128.0,43101.0,43107.0,1049,3
1750942800,43107.0,43154.0,43103.0,43122.0,995,3
1750946400,43122.0,43162.0,43119.0,43135.0,1200,3
1750950000,43135.0,43141.0,43072.0,43135.0,2210,3
1750953600,43135.0,43278.0,43109.0,43183.0,5827,3
1750957200,43183.0,43322.0,43150.0,43313.0,6123,3
1750960800,43313.0,43349.0,43275.0,43298.0,4851,3
1750964400,43299.0,43392.0,43295.0,43367.0,3535,3
1750968000,43368.0,43425.0,43344.0,43379.0,3252,3
1750971600,43379.0,43442.0,43367.0,43405.0,2923,3
1750975200,43406.0,43472.0,43385.0,43445.0,4215,2
1750978800,43445.0,43448.0,43407.0,43439.0,1613,2
1750986000,43483.0,43540.0,43466.0,43510.0,1526,3
1750989600,43510.0,43517.0,43480.0,43489.0,806,2
1750993200,43489.0,43512.0,43479.0,43482.0,1314,2
1750996800,43482.0,43510.0,43474.0,43498.0,763,3
1751000400,43497.0,43526.0,43493.0,43523.0,536,3
1751004000,43524.0,43533.0,43516.0,43521.0,474,3
1751007600,43521.0,43523.0,43501.0,43502.0,329,3
1751011200,43502.0,43537.0,43500.0,43530.0,539,3
1751014800,43531.0,43608.0,43524.0,43583.0,1172,2
1751018400,43586.0,43594.0,43562.0,43580.0,1650,3
1751022000,43577.0,43577.0,43538.0,43557.0,1191,3
1751025600,43557.0,43560.0,43532.0,43545.0,855,3
1751029200,43545.0,43556.0,43529.0,43554.0,859,3
1751032800,43553.0,43604.0,43551.0,43597.0,1132,2
1751036400,43597.0,43613.0,43554.0,43570.0,2144,2
1751040000,43570.0,43704.0,43547.0,43680.0,5666,2
1751043600,43683.0,43812.0,43679.0,43780.0,6339,2
1751047200,43780.0,43923.0,43773.0,43913.0,4333,3
1751050800,43913.0,44008.0,43900.0,43956.0,4034,2
1751054400,43955.0,43955.0,43726.0,43786.0,5553,3
1751058000,43788.0,43805.0,43596.0,43624.0,8115,3
1751061600,43621.0,43871.0,43611.0,43840.0,7004,2
1751065200,43835.0,43986.0,43798.0,43963.0,2549,3
1751245200,43959.0,44090.0,43959.0,44059.0,1744,2
1751248800,44058.0,44094.0,44040.0,44046.0,1693,2
1751252400,44046.0,44080.0,44039.0,44076.0,1497,2
1751256000,44075.0,44088.0,44059.0,44073.0,977,2
1751259600,44073.0,44120.0,44067.0,44102.0,940,2
1751263200,44101.0,44116.0,44094.0,44105.0,663,2
1751266800,44105.0,44116.0,44098.0,44102.0,524,2
1751270400,44101.0,44146.0,44095.0,44140.0,826,2
1751274000,44140.0,44169.0,44122.0,44146.0,1367,2
1751277600,44142.0,44145.0,44090.0,44116.0,1963,2
1751281200,44109.0,44120.0,44072.0,44078.0,1750,2
1751284800,44078.0,44090.0,44041.0,44055.0,1208,2
1751288400,44054.0,44082.0,44052.0,44074.0,832,2
1751292000,44073.0,44121.0,44073.0,44094.0,1164,2
1751295600,44093.0,44118.0,44048.0,44079.0,1461,2
1751299200,44079.0,44115.0,43998.0,44043.0,6679,2
1751302800,44043.0,44051.0,43950.0,43964.0,7667,2
1751306400,43965.0,44101.0,43931.0,44035.0,5422,2
1751310000,44036.0,44063.0,43989.0,44030.0,4360,3
1751313600,44029.0,44049.0,43918.0,43975.0,4414,3
1751317200,43973.0,44041.0,43951.0,44041.0,5299,3
1751320800,44041.0,44173.0,44025.0,44106.0,6788,3
1751324400,44110.0,44128.0,44064.0,44071.0,1878,3
1751331600,44069.0,44102.0,44059.0,44073.0,652,3
1751335200,44073.0,44116.0,44063.0,44116.0,720,3
1751338800,44118.0,44168.0,44116.0,44162.0,1264,3
1751342400,44162.0,44169.0,44142.0,44166.0,874,3
1751346000,44166.0,44166.0,44097.0,44100.0,657,3
1751349600,44100.0,44110.0,44083.0,44086.0,645,3
1751353200,44086.0,44101.0,44069.0,44071.0,599,3
1751356800,44071.0,44099.0,44062.0,44082.0,746,3
1751360400,44082.0,44093.0,44061.0,44087.0,1175,3
1751364000,44083.0,44135.0,44058.0,44097.0,1991,3
1751367600,44099.0,44113.0,44063.0,44097.0,1977,3
1751371200,44096.0,44102.0,44055.0,44094.0,1278,3
1751374800,44095.0,44106.0,44063.0,44081.0,963,3
1751378400,44081.0,44104.0,44075.0,44097.0,1279,3
1751382000,44096.0,44103.0,44022.0,44079.0,2166,3
1751385600,44079.0,44281.0,44044.0,44192.0,6100,3
1751389200,44199.0,44418.0,44197.0,44394.0,9149,3
1751392800,44394.0,44591.0,44388.0,44563.0,8875,3
1751396400,44563.0,44652.0,44471.0,44471.0,7655,3
1751400000,44472.0,44616.0,44453.0,44613.0,6091,3
1751403600,44612.0,44633.0,44542.0,44608.0,4611,3
1751407200,44607.0,44640.0,44528.0,44548.0,7859,3
1751410800,44549.0,44570.0,44530.0,44560.0,1843,3
1751418000,44538.0,44574.0,44534.0,44574.0,989,3
1751421600,44574.0,44577.0,44552.0,44563.0,641,3
1751425200,44563.0,44583.0,44560.0,44567.0,981,3
1751428800,44567.0,44571.0,44528.0,44532.0,731,3
1751432400,44533.0,44602.0,44518.0,44602.0,869,3
1751436000,44602.0,44620.0,44598.0,44612.0,562,3
1751439600,44612.0,44664.0,44610.0,44643.0,792,3
1751443200,44643.0,44643.0,44612.0,44632.0,798,3
1751446800,44632.0,44702.0,44629.0,44702.0,1364,3
1751450400,44702.0,44702.0,44602.0,44615.0,2200,3
1751454000,44615.0,44634.0,44573.0,44599.0,2413,2
1751457600,44599.0,44623.0,44589.0,44619.0,1113,3
1751461200,44619.0,44648.0,44602.0,44631.0,1240,2
1751464800,44632.0,44663.0,44585.0,44605.0,1533,2
1751468400,44607.0,44618.0,44516.0,44529.0,4024,2
1751472000,44530.0,44554.0,44394.0,44444.0,7813,2
1751475600,44443.0,44518.0,44384.0,44489.0,8405,2
1751479200,44489.0,44591.0,44452.0,44531.0,6235,3
1751482800,44530.0,44537.0,44465.0,44501.0,4876,3
1751486400,44501.0,44509.0,44467.0,44476.0,4024,3
1751490000,44476.0,44527.0,44459.0,44509.0,3796,3
1751493600,44509.0,44532.0,44499.0,44520.0,4480,3
1751497200,44522.0,44551.0,44494.0,44532.0,1263,3
1751504400,44511.0,44532.0,44499.0,44530.0,733,3
1751508000,44530.0,44544.0,44525.0,44543.0,404,3
1751511600,44542.0,44557.0,44525.0,44531.0,791,3
1751515200,44530.0,44539.0,44516.0,44522.0,731,3
1751518800,44522.0,44523.0,44482.0,44517.0,624,3
1751522400,44516.0,44561.0,44514.0,44533.0,814,3
1751526000,44533.0,44556.0,44532.0,44543.0,500,3
1751529600,44543.0,44553.0,44531.0,44548.0,606,3
1751533200,44549.0,44570.0,44533.0,44550.0,961,3
1751536800,44553.0,44573.0,44534.0,44539.0,1232,3
1751540400,44538.0,44542.0,44494.0,44494.0,1044,3
1751544000,44494.0,44540.0,44494.0,44534.0,1159,3
1751547600,44535.0,44552.0,44514.0,44548.0,856,3
1751551200,44547.0,44561.0,44529.0,44548.0,1051,3
1751554800,44548.0,44646.0,44538.0,44553.0,3786,3
1751558400,44552.0,44780.0,44550.0,44735.0,6250,3
1751562000,44734.0,44901.0,44734.0,44859.0,6758,3
1751565600,44859.0,44895.0,44799.0,44860.0,4715,3
1751569200,44859.0,44906.0,44815.0,44824.0,4735,3
1751572800,44822.0,44871.0,44816.0,44838.0,943,3
1751590800,44809.0,44815.0,44763.0,44778.0,1315,3
1751594400,44777.0,44786.0,44767.0,44774.0,626,3
1751598000,44774.0,44775.0,44744.0,44744.0,829,3
1751601600,44745.0,44790.0,44742.0,44765.0,689,3
1751605200,44765.0,44768.0,44730.0,44747.0,680,3
1751608800,44747.0,44750.0,44717.0,44721.0,504,3
1751612400,44721.0,44730.0,44694.0,44705.0,751,3
1751616000,44705.0,44735.0,44696.0,44734.0,719,3
1751619600,44734.0,44737.0,44690.0,44695.0,1502,2
1751623200,44694.0,44716.0,44601.0,44603.0,2278,2
1751626800,44603.0,44625.0,44561.0,44590.0,2072,3
1751630400,44589.0,44621.0,44574.0,44610.0,1852,3
1751634000,44610.0,44623.0,44524.0,44555.0,1605,3
1751637600,44554.0,44607.0,44548.0,44600.0,1724,3
1751641200,44599.0,44614.0,44576.0,44597.0,1231,3
1751644800,44597.0,44638.0,44579.0,44636.0,2094,3
1751648400,44636.0,44655.0,44610.0,44639.0,1624,3
1751652000,44639.0,44652.0,44585.0,44599.0,1470,3
1751655600,44598.0,44629.0,44573.0,44584.0,1576,3
1751850000,44737.0,44800.0,44693.0,44709.0,1671,3
1751853600,44708.0,44746.0,44698.0,44716.0,1318,3
1751857200,44715.0,44765.0,44705.0,44754.0,1250,3
1751860800,44754.0,44763.0,44697.0,44717.0,1778,3
1751864400,44717.0,44736.0,44698.0,44703.0,1134,3
1751868000,44703.0,44730.0,44674.0,44726.0,781,3
1751871600,44726.0,44753.0,44702.0,44709.0,674,3
1751875200,44709.0,44742.0,44700.0,44726.0,846,3
1751878800,44726.0,44728.0,44686.0,44710.0,1543,3
1751882400,44710.0,44733.0,44690.0,44723.0,2077,2
1751886000,44723.0,44800.0,44723.0,44761.0,1973,2
1751889600,44761.0,44862.0,44752.0,44860.0,1235,2
1751893200,44861.0,44871.0,44816.0,44817.0,1447,3
1751896800,44819.0,44863.0,44816.0,44858.0,1274,2
1751900400,44858.0,44885.0,44778.0,44786.0,1848,3
1751904000,44786.0,44826.0,44696.0,44784.0,6978,2
1751907600,44783.0,44793.0,44599.0,44627.0,7874,3
1751911200,44627.0,44636.0,44466.0,44517.0,6169,3
1751914800,44517.0,44553.0,44302.0,44335.0,9900,3
1751918400,44334.0,44452.0,44311.0,44340.0,7315,2
1751922000,44340.0,44378.0,44181.0,44372.0,7909,2
1751925600,44372.0,44446.0,44305.0,44435.0,7075,3
1751929200,44433.0,44433.0,44296.0,44321.0,1956,2
1751936400,44335.0,44351.0,44268.0,44315.0,1294,2
1751940000,44315.0,44361.0,44308.0,44360.0,1088,2
1751943600,44361.0,44394.0,44325.0,44381.0,1593,2
1751947200,44381.0,44407.0,44356.0,44371.0,1130,3
1751950800,44371.0,44418.0,44368.0,44414.0,814,3
1751954400,44414.0,44416.0,44383.0,44392.0,635,3
1751958000,44391.0,44420.0,44388.0,44398.0,662,3
1751961600,44398.0,44437.0,44393.0,44435.0,783,2
1751965200,44435.0,44451.0,44414.0,44440.0,1143,3
1751968800,44440.0,44476.0,44409.0,44464.0,1711,3
1751972400,44464.0,44464.0,44373.0,44398.0,1671,3
1751976000,44398.0,44411.0,44363.0,44373.0,1234,3
1751979600,44373.0,44412.0,44348.0,44398.0,1300,3
1751983200,44398.0,44447.0,44388.0,44419.0,1364,3
1751986800,44419.0,44419.0,44359.0,44388.0,2173,2
1751990400,44388.0,44468.0,44313.0,44374.0,6236,2
1751994000,44375.0,44406.0,44247.0,44289.0,9229,2
1751997600,44290.0,44394.0,44273.0,44371.0,6295,3
1752001200,44371.0,44417.0,44289.0,44302.0,6535,2
1752004800,44302.0,44336.0,44232.0,44322.0,6077,3
1752008400,44322.0,44332.0,44264.0,44292.0,4237,3
1752012000,44292.0,44322.0,44244.0,44266.0,4868,3
1752015600,44265.0,44288.0,44251.0,44268.0,1192,3
1752022800,44275.0,44300.0,44263.0,44274.0,444,3
1752026400,44274.0,44296.0,44245.0,44252.0,691,3
1752030000,44252.0,44252.0,44199.0,44221.0,957,3
1752033600,44221.0,44256.0,44189.0,44250.0,1062,3
1752037200,44250.0,44266.0,44238.0,44244.0,716,3
1752040800,44244.0,44251.0,44224.0,44229.0,617,3
1752044400,44229.0,44257.0,44224.0,44249.0,527,3
1752048000,44249.0,44250.0,44214.0,44234.0,657,3
1752051600,44234.0,44291.0,44204.0,44277.0,1287,3
1752055200,44277.0,44311.0,44247.0,44299.0,1516,3
1752058800,44299.0,44323.0,44289.0,44299.0,1299,3
1752062400,44299.0,44379.0,44299.0,44342.0,1471,3
1752066000,44342.0,44359.0,44320.0,44351.0,1273,3
1752069600,44351.0,44409.0,44344.0,44395.0,1110,3
1752073200,44395.0,44450.0,44373.0,44428.0,1560,3
1752076800,44428.0,44595.0,44416.0,44504.0,6282,3
1752080400,44503.0,44512.0,44285.0,44307.0,9575,3
1752084000,44307.0,44383.0,44258.0,44341.0,7091,3
1752087600,44341.0,44375.0,44291.0,44328.0,5051,3
1752091200,44328.0,44437.0,44310.0,44400.0,4965,3
1752094800,44400.0,44481.0,44397.0,44467.0,4607,3
1752098400,44467.0,44510.0,44428.0,44484.0,4564,3
1752102000,44485.0,44519.0,44463.0,44493.0,1222,3
1752109200,44479.0,44531.0,44472.0,44511.0,603,3
1752112800,44511.0,44515.0,44464.0,44467.0,614,3
1752116400,44467.0,44468.0,44417.0,44422.0,1294,3
1752120000,44422.0,44433.0,44392.0,44395.0,1170,3
1752123600,44395.0,44437.0,44395.0,44422.0,670,3
1752127200,44422.0,44422.0,44364.0,44375.0,685,3
1752130800,44375.0,44378.0,44363.0,44371.0,532,3
1752134400,44371.0,44391.0,44366.0,44391.0,692,3
1752138000,44391.0,44398.0,44344.0,44351.0,1122,3
1752141600,44351.0,44378.0,44333.0,44360.0,1690,3
1752145200,44360.0,44408.0,44353.0,44385.0,1053,3
1752148800,44385.0,44412.0,44371.0,44400.0,930,3
1752152400,44400.0,44427.0,44392.0,44424.0,797,3
1752156000,44424.0,44489.0,44419.0,44475.0,1252,3
1752159600,44475.0,44476.0,44398.0,44417.0,1759,3
1752163200,44417.0,44552.0,44390.0,44522.0,6617,3
1752166800,44522.0,44694.0,44511.0,44690.0,7907,3
1752170400,44690.0,44771.0,44689.0,44704.0,5407,3
1752174000,44704.0,44756.0,44694.0,44727.0,4299,3
1752177600,44727.0,44806.0,44723.0,44780.0,3566,3
1752181200,44779.0,44809.0,44715.0,44734.0,3423,3
1752184800,44734.0,44764.0,44648.0,44677.0,4430,2
1752188400,44674.0,44674.0,44631.0,44631.0,1327,3
1752195600,44645.0,44694.0,44642.0,44690.0,721,3
1752199200,44690.0,44713.0,44677.0,44710.0,562,3
1752202800,44710.0,44711.0,44408.0,44453.0,6001,2
1752206400,44453.0,44504.0,44422.0,44482.0,2673,3
1752210000,44482.0,44514.0,44476.0,44501.0,1078,3
1752213600,44501.0,44547.0,44501.0,44542.0,903,3
1752217200,44542.0,44577.0,44515.0,44559.0,1019,3
1752220800,44559.0,44569.0,44484.0,44485.0,1094,3
1752224400,44484.0,44547.0,44484.0,44530.0,1904,2
1752228000,44529.0,44541.0,44408.0,44409.0,3342,3
1752231600,44409.0,44459.0,44402.0,44442.0,2863,2
1752235200,44442.0,44458.0,44348.0,44357.0,1989,3
1752238800,44357.0,44392.0,44317.0,44351.0,2402,3
1752242400,44350.0,44450.0,44350.0,44417.0,1816,3
1752246000,44417.0,44425.0,44375.0,44408.0,2315,3
1752249600,44408.0,44457.0,44283.0,44404.0,7760,3
1752253200,44404.0,44453.0,44373.0,44416.0,7740,3
1752256800,44414.0,44418.0,44310.0,44331.0,7001,3
1752260400,44332.0,44374.0,44282.0,44372.0,5892,3
1752264000,44373.0,44410.0,44348.0,44405.0,4786,3
1752267600,44405.0,44423.0,44342.0,44407.0,4504,3
1752271200,44407.0,44426.0,44323.0,44368.0,6718,3
1752274800,44368.0,44373.0,44320.0,44328.0,1679,3
1752454800,44219.0,44243.0,44127.0,44235.0,1516,3
1752458400,44235.0,44240.0,44172.0,44225.0,1471,3
1752462000,44225.0,44246.0,44188.0,44190.0,1461,3
1752465600,44190.0,44208.0,44164.0,44191.0,1079,3
1752469200,44191.0,44210.0,44175.0,44178.0,665,3
1752472800,44178.0,44196.0,44165.0,44192.0,644,3
1752476400,44192.0,44202.0,44177.0,44191.0,521,3
1752480000,44191.0,44217.0,44134.0,44144.0,830,3
1752483600,44144.0,44169.0,44112.0,44153.0,1627,3
1752487200,44153.0,44251.0,44113.0,44242.0,2466,3
1752490800,44244.0,44244.0,44176.0,44228.0,1756,3
1752494400,44228.0,44270.0,44216.0,44251.0,993,3
1752498000,44251.0,44270.0,44237.0,44265.0,1056,3
1752501600,44265.0,44289.0,44241.0,44262.0,1654,2
1752505200,44262.0,44278.0,44230.0,44242.0,1415,3
1752508800,44242.0,44464.0,44224.0,44363.0,6704,3
1752512400,44364.0,44421.0,44311.0,44372.0,8021,2
1752516000,44373.0,44450.0,44318.0,44399.0,5941,3
1752519600,44399.0,44441.0,44350.0,44407.0,4641,3
1752523200,44407.0,44470.0,44407.0,44444.0,3466,3
1752526800,44444.0,44485.0,44434.0,44459.0,2917,3
1752530400,44459.0,44493.0,44426.0,44475.0,3821,3
1752534000,44474.0,44483.0,44446.0,44462.0,854,3
1752541200,44459.0,44459.0,44417.0,44422.0,815,3
1752544800,44422.0,44450.0,44411.0,44441.0,533,3
1752548400,44441.0,44459.0,44422.0,44434.0,1055,3
1752552000,44434.0,44621.0,44416.0,44556.0,2397,3
1752555600,44556.0,44569.0,44430.0,44446.0,3032,3
1752559200,44446.0,44480.0,44424.0,44449.0,1060,3
1752562800,44449.0,44496.0,44441.0,44490.0,675,3
1752566400,44490.0,44535.0,44485.0,44517.0,1381,3
1752570000,44517.0,44535.0,44488.0,44523.0,1263,3
1752573600,44523.0,44528.0,44482.0,44488.0,1991,3
1752577200,44481.0,44481.0,44395.0,44420.0,1903,3
1752580800,44420.0,44461.0,44416.0,44456.0,882,3
1752584400,44456.0,44525.0,44444.0,44480.0,1418,3
1752588000,44479.0,44522.0,44430.0,44454.0,1641,3
1752591600,44454.0,44506.0,44386.0,44435.0,3512,2
1752595200,44436.0,44536.0,44311.0,44333.0,7979,2
1752598800,44333.0,44365.0,44149.0,44158.0,10356,3
1752602400,44158.0,44267.0,44150.0,44218.0,7606,2
1752606000,44218.0,44240.0,44094.0,44097.0,6699,2
1752609600,44096.0,44177.0,44088.0,44161.0,5898,3
1752613200,44161.0,44185.0,44074.0,44087.0,5271,3
1752616800,44087.0,44145.0,44030.0,44035.0,6201,3
1752620400,44036.0,44052.0,43976.0,43982.0,2736,3
1752627600,43985.0,43999.0,43925.0,43951.0,1148,3
1752631200,43951.0,43975.0,43920.0,43968.0,971,3
1752634800,43968.0,43984.0,43925.0,43979.0,1510,3
1752638400,43979.0,44004.0,43972.0,43988.0,948,3
1752642000,43988.0,43989.0,43961.0,43975.0,684,3
1752645600,43975.0,43990.0,43966.0,43967.0,509,3
1752649200,43967.0,43993.0,43964.0,43974.0,494,3
1752652800,43974.0,44003.0,43943.0,43965.0,1341,3
1752656400,43965.0,43967.0,43920.0,43925.0,1420,2
1752660000,43925.0,44001.0,43893.0,43996.0,2181,3
1752663600,43996.0,44074.0,43985.0,44057.0,1518,3
1752667200,44057.0,44060.0,44018.0,44054.0,1316,3
1752670800,44054.0,44081.0,44041.0,44062.0,1213,3
1752674400,44060.0,44168.0,44053.0,44144.0,1698,3
1752678000,44144.0,44227.0,44118.0,44192.0,2838,3
1752681600,44192.0,44257.0,44065.0,44085.0,7370,3
1752685200,44085.0,44176.0,44038.0,44072.0,8727,3
1752688800,44072.0,44166.0,43775.0,44084.0,14703,3
1752692400,44085.0,44149.0,44004.0,44145.0,7636,3
1752696000,44145.0,44215.0,44137.0,44168.0,4676,3
1752699600,44168.0,44263.0,44133.0,44261.0,4191,3
1752703200,44262.0,44282.0,44224.0,44260.0,4703,2
1752706800,44260.0,44260.0,44214.0,44216.0,1080,3
1752714000,44218.0,44229.0,44180.0,44189.0,1134,3
1752717600,44189.0,44204.0,44181.0,44192.0,649,3
1752721200,44194.0,44222.0,44177.0,44218.0,1172,3
1752724800,44217.0,44224.0,44168.0,44180.0,928,3
1752728400,44180.0,44182.0,44164.0,44172.0,609,3
1752732000,44172.0,44191.0,44162.0,44190.0,532,3
1752735600,44191.0,44202.0,44182.0,44197.0,380,3
1752739200,44197.0,44246.0,44195.0,44230.0,903,3
1752742800,44230.0,44280.0,44229.0,44232.0,1656,3
1752746400,44232.0,44265.0,44215.0,44215.0,2517,3
1752750000,44215.0,44240.0,44189.0,44216.0,2034,3
1752753600,44216.0,44263.0,44216.0,44231.0,1165,3
1752757200,44231.0,44237.0,44193.0,44211.0,1313,3
1752760800,44211.0,44214.0,44159.0,44188.0,1583,3
1752764400,44188.0,44281.0,44161.0,44278.0,2120,3
1752768000,44278.0,44505.0,44213.0,44409.0,6926,3
1752771600,44410.0,44492.0,44267.0,44341.0,8507,3
1752775200,44341.0,44480.0,44319.0,44472.0,5879,3
1752778800,44472.0,44494.0,44371.0,44403.0,5040,3
1752782400,44404.0,44484.0,44380.0,44468.0,4131,3
1752786000,44468.0,44565.0,44465.0,44549.0,3816,3
1752789600,44548.0,44578.0,44496.0,44527.0,4831,3
1752793200,44530.0,44552.0,44511.0,44529.0,1234,3
1752800400,44520.0,44550.0,44504.0,44542.0,706,3
1752804000,44542.0,44616.0,44540.0,44609.0,887,3
1752807600,44609.0,44624.0,44587.0,44592.0,904,3
1752811200,44592.0,44602.0,44571.0,44579.0,632,3
1752814800,44579.0,44621.0,44568.0,44611.0,549,3
1752818400,44611.0,44626.0,44595.0,44602.0,579,3
1752822000,44602.0,44615.0,44595.0,44609.0,388,3
1752825600,44609.0,44640.0,44609.0,44636.0,628,3
1752829200,44636.0,44655.0,44616.0,44655.0,880,3
1752832800,44655.0,44663.0,44574.0,44575.0,1688,3
1752836400,44575.0,44603.0,44570.0,44584.0,1242,3
1752840000,44584.0,44603.0,44577.0,44581.0,852,3
1752843600,44582.0,44600.0,44523.0,44537.0,1412,3
1752847200,44537.0,44571.0,44513.0,44551.0,1491,3
1752850800,44551.0,44609.0,44549.0,44596.0,1712,3
1752854400,44596.0,44623.0,44378.0,44416.0,7125,3
1752858000,44459.0,44465.0,44279.0,44285.0,8989,2
1752861600,44285.0,44367.0,44285.0,44351.0,6473,3
1752865200,44351.0,44359.0,44227.0,44240.0,6287,2
1752868800,44239.0,44311.0,44237.0,44283.0,5229,3
1752872400,44283.0,44309.0,44244.0,44307.0,4100,3
1752876000,44309.0,44365.0,44280.0,44344.0,4893,3
1752879600,44342.0,44358.0,44320.0,44336.0,933,3
1753059600,44335.0,44375.0,44303.0,44364.0,677,3
1753063200,44364.0,44415.0,44359.0,44415.0,627,3
1753066800,44414.0,44423.0,44405.0,44418.0,618,3
1753070400,44418.0,44423.0,44391.0,44398.0,698,3
1753074000,44398.0,44405.0,44378.0,44384.0,427,3
1753077600,44385.0,44396.0,44375.0,44380.0,312,3
1753081200,44380.0,44397.0,44378.0,44393.0,327,3
1753084800,44393.0,44397.0,44376.0,44379.0,407,3
1753088400,44379.0,44463.0,44375.0,44436.0,793,3
1753092000,44439.0,44489.0,44439.0,44448.0,1276,3
1753095600,44448.0,44489.0,44448.0,44483.0,1167,3
1753099200,44482.0,44492.0,44452.0,44460.0,744,3
1753102800,44460.0,44469.0,44427.0,44445.0,870,3
1753106400,44446.0,44461.0,44434.0,44457.0,866,2
1753110000,44457.0,44465.0,44414.0,44424.0,897,3
1753113600,44424.0,44511.0,44375.0,44511.0,5898,3
1753117200,44512.0,44545.0,44438.0,44528.0,6793,3
1753120800,44528.0,44621.0,44519.0,44613.0,4643,3
1753124400,44613.0,44621.0,44567.0,44602.0,4027,3
1753128000,44600.0,44628.0,44573.0,44580.0,2925,3
1753131600,44580.0,44593.0,44494.0,44509.0,3388,3
1753135200,44508.0,44513.0,44335.0,44363.0,5682,3
1753138800,44361.0,44411.0,44358.0,44404.0,1060,3
1753146000,44413.0,44426.0,44396.0,44403.0,422,3
1753149600,44403.0,44413.0,44395.0,44409.0,439,3
1753153200,44408.0,44440.0,44408.0,44422.0,799,3
1753156800,44421.0,44443.0,44410.0,44440.0,653,3
1753160400,44440.0,44443.0,44402.0,44410.0,394,3
1753164000,44410.0,44420.0,44396.0,44403.0,528,3
1753167600,44403.0,44405.0,44378.0,44386.0,643,3
1753171200,44386.0,44386.0,44360.0,44365.0,519,3
1753174800,44365.0,44376.0,44355.0,44362.0,653,3
1753178400,44362.0,44392.0,44336.0,44347.0,1467,3
1753182000,44350.0,44394.0,44349.0,44384.0,1509,3
1753185600,44384.0,44384.0,44346.0,44362.0,1085,3
1753189200,44362.0,44374.0,44341.0,44352.0,804,3
1753192800,44352.0,44352.0,44241.0,44327.0,1906,2
1753196400,44325.0,44346.0,44297.0,44340.0,1366,3
1753200000,44339.0,44488.0,44295.0,44429.0,8112,3
1753203600,44428.0,44435.0,44319.0,44381.0,10501,3
1753207200,44382.0,44410.0,44322.0,44376.0,7026,3
1753210800,44376.0,44436.0,44345.0,44405.0,6302,3
1753214400,44405.0,44500.0,44400.0,44429.0,4942,3
1753218000,44428.0,44533.0,44406.0,44501.0,5112,3
1753221600,44501.0,44566.0,44494.0,44517.0,4962,3
1753225200,44515.0,44562.0,44507.0,44559.0,1593,3
1753232400,44559.0,44587.0,44540.0,44551.0,677,3
1753236000,44551.0,44672.0,44550.0,44651.0,2374,3
1753239600,44653.0,44657.0,44575.0,44585.0,2012,3
1753243200,44584.0,44641.0,44567.0,44640.0,1288,3
1753246800,44640.0,44646.0,44620.0,44642.0,781,3
1753250400,44642.0,44666.0,44625.0,44646.0,666,3
1753254000,44646.0,44671.0,44630.0,44668.0,632,3
1753257600,44667.0,44684.0,44662.0,44667.0,800,3
1753261200,44668.0,44675.0,44634.0,44663.0,1207,3
1753264800,44663.0,44692.0,44629.0,44650.0,2315,2
1753268400,44650.0,44741.0,44635.0,44736.0,1579,3
1753272000,44735.0,44767.0,44735.0,44762.0,1142,3
1753275600,44762.0,44778.0,44736.0,44741.0,1043,3
1753279200,44740.0,44764.0,44703.0,44762.0,1659,3
1753282800,44761.0,44775.0,44741.0,44769.0,1603,3
1753286400,44769.0,44813.0,44657.0,44707.0,6866,3
1753290000,44712.0,44759.0,44682.0,44719.0,7740,3
1753293600,44719.0,44923.0,44702.0,44886.0,7160,3
1753297200,44875.0,44959.0,44861.0,44901.0,7987,3
1753300800,44901.0,45013.0,44886.0,44960.0,5945,3
1753304400,44960.0,45013.0,44959.0,44988.0,4462,3
1753308000,44989.0,45051.0,44973.0,45049.0,4451,3
1753311600,45050.0,45054.0,44920.0,44923.0,3388,2
1753318800,44939.0,44953.0,44917.0,44920.0,919,3
1753322400,44920.0,44947.0,44914.0,44938.0,567,3
1753326000,44937.0,44938.0,44914.0,44918.0,1030,3
1753329600,44918.0,44947.0,44915.0,44941.0,886,3
1753333200,44941.0,44957.0,44937.0,44940.0,511,3
1753336800,44940.0,44940.0,44907.0,44908.0,480,3
1753340400,44908.0,44919.0,44899.0,44918.0,444,3
1753344000,44918.0,44928.0,44906.0,44912.0,529,3
1753347600,44912.0,44930.0,44883.0,44889.0,1056,3
1753351200,44891.0,44900.0,44863.0,44875.0,1659,3
1753354800,44873.0,44927.0,44873.0,44901.0,1312,3
1753358400,44901.0,44919.0,44890.0,44903.0,920,3
1753362000,44903.0,44958.0,44848.0,44852.0,1357,3
1753365600,44852.0,44887.0,44838.0,44861.0,1145,2
1753369200,44860.0,44863.0,44695.0,44724.0,2627,3
1753372800,44724.0,44817.0,44692.0,44817.0,7447,3
1753376400,44819.0,44920.0,44793.0,44892.0,8849,3
1753380000,44893.0,44933.0,44833.0,44869.0,6411,3
1753383600,44870.0,44878.0,44768.0,44809.0,5807,3
1753387200,44809.0,44868.0,44799.0,44843.0,4390,3
1753390800,44843.0,44895.0,44756.0,44801.0,4909,3
1753394400,44801.0,44829.0,44714.0,44729.0,5401,3
1753398000,44727.0,44766.0,44707.0,44763.0,1413,3
1753405200,44764.0,44809.0,44752.0,44788.0,677,3
1753408800,44788.0,44812.0,44775.0,44807.0,525,3
1753412400,44808.0,44820.0,44799.0,44816.0,734,3
1753416000,44816.0,44845.0,44813.0,44832.0,564,3
1753419600,44833.0,44847.0,44831.0,44840.0,363,3
1753423200,44840.0,44867.0,44839.0,44855.0,375,3
1753426800,44855.0,44856.0,44803.0,44807.0,476,3
1753430400,44807.0,44816.0,44790.0,44798.0,531,3
1753434000,44798.0,44818.0,44768.0,44769.0,721,3
1753437600,44769.0,44778.0,44732.0,44749.0,2252,3
1753441200,44748.0,44796.0,44747.0,44781.0,1465,3
1753444800,44781.0,44805.0,44767.0,44788.0,884,3
1753448400,44787.0,44800.0,44766.0,44785.0,820,3
1753452000,44785.0,44787.0,44741.0,44761.0,967,3
1753455600,44763.0,44807.0,44751.0,44777.0,1311,3
1753459200,44777.0,44816.0,44714.0,44737.0,6599,3
1753462800,44739.0,44842.0,44649.0,44798.0,7495,3
1753466400,44798.0,44827.0,44741.0,44759.0,5584,3
1753470000,44759.0,44836.0,44747.0,44830.0,4275,3
1753473600,44830.0,44911.0,44819.0,44904.0,3482,3
1753477200,44904.0,44942.0,44892.0,44912.0,3114,3
1753480800,44912.0,44956.0,44893.0,44916.0,3771,3
1753484400,44914.0,44926.0,44887.0,44909.0,1182,3
1753664400,45081.0,45132.0,45060.0,45072.0,673,3
1753668000,45072.0,45107.0,45061.0,45074.0,820,3
1753671600,45075.0,45105.0,45059.0,45103.0,899,3
1753675200,45103.0,45105.0,45074.0,45087.0,646,3
1753678800,45087.0,45108.0,45076.0,45102.0,496,3
1753682400,45102.0,45105.0,45092.0,45103.0,276,3
1753686000,45103.0,45120.0,45102.0,45117.0,217,3
1753689600,45117.0,45130.0,45114.0,45125.0,422,3
1753693200,45125.0,45158.0,45082.0,45084.0,990,3
1753696800,45084.0,45100.0,45031.0,45055.0,1835,3
1753700400,45051.0,45054.0,45009.0,45014.0,1402,3
1753704000,45014.0,45025.0,44992.0,45000.0,926,3
1753707600,45000.0,45013.0,44960.0,44970.0,1282,3
1753711200,44970.0,44972.0,44942.0,44962.0,1281,3
1753714800,44962.0,44977.0,44919.0,44973.0,1820,3
1753718400,44973.0,44978.0,44806.0,44843.0,6323,3
1753722000,44843.0,44967.0,44829.0,44910.0,6826,3
1753725600,44910.0,44960.0,44864.0,44946.0,5257,3
1753729200,44946.0,44971.0,44871.0,44875.0,3929,3
1753732800,44875.0,44912.0,44800.0,44803.0,3828,3
1753736400,44804.0,44832.0,44758.0,44805.0,4179,3
1753740000,44805.0,44867.0,44775.0,44857.0,4233,3
1753743600,44860.0,44881.0,44838.0,44853.0,1118,3
1753750800,44855.0,44894.0,44855.0,44889.0,568,3
1753754400,44890.0,44894.0,44865.0,44875.0,415,3
1753758000,44875.0,44875.0,44837.0,44865.0,718,3
1753761600,44865.0,44895.0,44860.0,44876.0,551,3
1753765200,44876.0,44896.0,44868.0,44896.0,558,3
1753768800,44896.0,44906.0,44880.0,44903.0,372,3
1753772400,44903.0,44928.0,44903.0,44921.0,323,3
1753776000,44921.0,44943.0,44918.0,44935.0,335,3
1753779600,44935.0,44952.0,44875.0,44882.0,768,3
1753783200,44886.0,44943.0,44878.0,44923.0,1638,2
1753786800,44926.0,44939.0,44907.0,44919.0,1574,3
1753790400,44919.0,44971.0,44808.0,44907.0,1286,2
1753794000,44907.0,44926.0,44815.0,44902.0,1880,3
1753797600,44902.0,44959.0,44881.0,44936.0,1703,2
1753801200,44937.0,44945.0,44860.0,44882.0,2126,2
1753804800,44882.0,44911.0,44781.0,44824.0,6799,2
1753808400,44818.0,44862.0,44690.0,44700.0,7171,3
1753812000,44701.0,44733.0,44616.0,44657.0,6802,3
1753815600,44657.0,44724.0,44634.0,44721.0,4826,2
1753819200,44721.0,44768.0,44598.0,44652.0,4540,3
1753822800,44652.0,44661.0,44614.0,44632.0,3603,3
1753826400,44632.0,44678.0,44587.0,44675.0,4643,3
1753830000,44674.0,44694.0,44606.0,44624.0,1489,3
1753837200,44631.0,44662.0,44630.0,44658.0,608,3
1753840800,44658.0,44674.0,44643.0,44654.0,406,3
1753844400,44654.0,44699.0,44649.0,44692.0,721,3
1753848000,44692.0,44713.0,44668.0,44700.0,796,3
1753851600,44700.0,44710.0,44692.0,44696.0,499,3
1753855200,44696.0,44717.0,44696.0,44707.0,388,3
1753858800,44707.0,44724.0,44706.0,44721.0,330,3
1753862400,44721.0,44727.0,44702.0,44716.0,617,3
1753866000,44715.0,44727.0,44685.0,44685.0,741,3
1753869600,44692.0,44700.0,44644.0,44694.0,1679,2
1753873200,44692.0,44708.0,44639.0,44664.0,1451,3
1753876800,44664.0,44688.0,44656.0,44684.0,1001,3
1753880400,44684.0,44697.0,44674.0,44693.0,968,3
1753884000,44692.0,44703.0,44673.0,44695.0,1090,3
1753887600,44694.0,44714.0,44642.0,44681.0,2809,3
1753891200,44681.0,44730.0,44585.0,44682.0,6599,2
1753894800,44681.0,44760.0,44637.0,44684.0,7780,3
1753898400,44684.0,44688.0,44573.0,44660.0,6329,3
1753902000,44661.0,44715.0,44643.0,44665.0,4037,3
1753905600,44665.0,44725.0,44648.0,44677.0,3789,3
1753909200,44677.0,44766.0,44373.0,44386.0,9750,2
1753912800,44384.0,44521.0,44275.0,44491.0,12944,3
1753916400,44491.0,44690.0,44473.0,44520.0,3332,2
1753923600,44555.0,44583.0,44506.0,44570.0,2051,3
1753927200,44570.0,44620.0,44561.0,44561.0,872,3
1753930800,44561.0,44578.0,44530.0,44570.0,1466,2
1753934400,44570.0,44592.0,44556.0,44581.0,1109,3
1753938000,44580.0,44618.0,44571.0,44610.0,688,2
1753941600,44610.0,44617.0,44586.0,44613.0,716,2
1753945200,44613.0,44642.0,44608.0,44634.0,724,2
1753948800,44634.0,44648.0,44609.0,44638.0,880,2
1753952400,44638.0,44652.0,44609.0,44628.0,1550,2
1753956000,44628.0,44714.0,44608.0,44686.0,2462,2
1753959600,44684.0,44703.0,44644.0,44678.0,2057,2
1753963200,44679.0,44682.0,44619.0,44641.0,1206,3
1753966800,44641.0,44651.0,44580.0,44582.0,1333,3
1753970400,44584.0,44614.0,44553.0,44582.0,1785,3
1753974000,44583.0,44623.0,44574.0,44584.0,2574,3
1753977600,44584.0,44628.0,44448.0,44610.0,7784,3
1753981200,44616.0,44642.0,44439.0,44441.0,10568,3
1753984800,44443.0,44493.0,44310.0,44486.0,8648,3
1753988400,44485.0,44543.0,44449.0,44533.0,5986,3
1753992000,44533.0,44534.0,44272.0,44303.0,9271,3
1753995600,44303.0,44413.0,44172.0,44352.0,9436,3
1753999200,44356.0,44388.0,44068.0,44149.0,9828,3
1754002800,44147.0,44274.0,44079.0,44120.0,2792,3
1754010000,44152.0,44192.0,44066.0,44114.0,2843,3
1754013600,44114.0,44146.0,44088.0,44127.0,2641,3
1754017200,44125.0,44133.0,44014.0,44084.0,3215,3
1754020800,44084.0,44141.0,44080.0,44118.0,2859,3
1754024400,44118.0,44145.0,44105.0,44139.0,1283,3
1754028000,44140.0,44174.0,44106.0,44106.0,912,3
1754031600,44106.0,44122.0,44083.0,44106.0,1473,3
1754035200,44106.0,44112.0,44047.0,44053.0,1686,3
1754038800,44052.0,44058.0,43985.0,44008.0,3037,3
1754042400,44004.0,44008.0,43716.0,43784.0,6881,3
1754046000,43785.0,43856.0,43714.0,43774.0,5340,3
1754049600,43772.0,43808.0,43739.0,43769.0,3193,3
1754053200,43769.0,43769.0,43652.0,43680.0,3243,3
1754056800,43680.0,43799.0,43674.0,43795.0,3146,3
1754060400,43796.0,43901.0,43713.0,43768.0,7295,3
1754064000,43769.0,43814.0,43449.0,43466.0,11992,3
1754067600,43453.0,43641.0,43331.0,43537.0,16249,3
1754071200,43537.0,43661.0,43469.0,43659.0,12026,3
1754074800,43653.0,43731.0,43509.0,43516.0,9953,3
1754078400,43514.0,43543.0,43454.0,43481.0,10267,3
1754082000,43482.0,43658.0,43409.0,43559.0,9943,3
1754085600,43557.0,43670.0,43525.0,43574.0,10582,3
1754089200,43576.0,43602.0,43556.0,43572.0,2437,3
1754269200,43551.0,43627.0,43511.0,43620.0,1319,3
1754272800,43620.0,43638.0,43561.0,43622.0,2646,3
1754276400,43622.0,43692.0,43613.0,43682.0,2807,3
1754280000,43682.0,43703.0,43652.0,43684.0,2297,3
1754283600,43684.0,43727.0,43681.0,43723.0,1291,3
1754287200,43723.0,43750.0,43714.0,43745.0,913,3
1754290800,43745.0,43745.0,43683.0,43714.0,1024,3
1754294400,43714.0,43760.0,43710.0,43743.0,1068,3
1754298000,43743.0,43766.0,43671.0,43732.0,2280,3
1754301600,43732.0,43833.0,43706.0,43799.0,3593,2
1754305200,43799.0,43880.0,43770.0,43871.0,2621,3
1754308800,43871.0,43906.0,43870.0,43882.0,1880,3
1754312400,43882.0,43901.0,43830.0,43842.0,1574,3
1754316000,43842.0,43842.0,43771.0,43776.0,2024,3
1754319600,43776.0,43842.0,43768.0,43789.0,2185,3
1754323200,43789.0,44019.0,43775.0,44015.0,7349,3
1754326800,44015.0,44101.0,43952.0,44082.0,8940,3
1754330400,44081.0,44133.0,44024.0,44095.0,7166,3
1754334000,44096.0,44159.0,44057.0,44136.0,4997,3
1754337600,44136.0,44187.0,44067.0,44074.0,4542,3
1754341200,44073.0,44138.0,44067.0,44111.0,4552,3
1754344800,44112.0,44208.0,44106.0,44196.0,5413,3
1754348400,44198.0,44277.0,44191.0,44276.0,1946,3
1754355600,44289.0,44293.0,44237.0,44243.0,783,3
1754359200,44243.0,44275.0,44230.0,44236.0,982,3
1754362800,44236.0,44324.0,44210.0,44273.0,1722,3
1754366400,44273.0,44295.0,44235.0,44242.0,1681,3
1754370000,44242.0,44249.0,44229.0,44240.0,745,3
1754373600,44240.0,44267.0,44225.0,44243.0,1000,3
1754377200,44243.0,44259.0,44229.0,44256.0,717,3
1754380800,44256.0,44271.0,44243.0,44262.0,780,3
1754384400,44262.0,44290.0,44251.0,44290.0,1245,3
1754388000,44290.0,44313.0,44202.0,44211.0,2414,3
1754391600,44211.0,44247.0,44202.0,44218.0,2032,3
1754395200,44218.0,44268.0,44211.0,44248.0,938,3
1754398800,44248.0,44299.0,44121.0,44200.0,1942,3
1754402400,44200.0,44246.0,44178.0,44244.0,1762,3
1754406000,44243.0,44297.0,44158.0,44182.0,3172,3
1754409600,44183.0,44313.0,44156.0,44177.0,6855,3
1754413200,44177.0,44177.0,43932.0,44001.0,12274,3
1754416800,44001.0,44099.0,43980.0,44094.0,10866,3
1754420400,44094.0,44201.0,44076.0,44184.0,7678,3
1754424000,44183.0,44260.0,44170.0,44209.0,5317,3
1754427600,44209.0,44219.0,44092.0,44134.0,7137,3
1754431200,44134.0,44190.0,44110.0,44129.0,6635,3
1754434800,44130.0,44163.0,44084.0,44151.0,2446,3
1754442000,44159.0,44173.0,44087.0,44152.0,1847,3
1754445600,44152.0,44171.0,44119.0,44119.0,1246,3
1754449200,44119.0,44171.0,44114.0,44143.0,2074,3
1754452800,44144.0,44219.0,44130.0,44216.0,1907,3
1754456400,44216.0,44259.0,44200.0,44246.0,1228,3
1754460000,44245.0,44251.0,44227.0,44247.0,852,3
1754463600,44247.0,44261.0,44243.0,44260.0,660,3
1754467200,44260.0,44324.0,44254.0,44304.0,1264,3
1754470800,44304.0,44345.0,44289.0,44313.0,1508,3
1754474400,44313.0,44378.0,44313.0,44369.0,2422,3
1754478000,44368.0,44371.0,44288.0,44298.0,2181,3
1754481600,44298.0,44309.0,44255.0,44275.0,1885,3
1754485200,44275.0,44306.0,44228.0,44275.0,2487,3
1754488800,44275.0,44322.0,44264.0,44271.0,2314,3
1754492400,44271.0,44288.0,44231.0,44280.0,2505,3
1754496000,44281.0,44312.0,44045.0,44093.0,8834,3
1754499600,44094.0,44250.0,44022.0,44231.0,11449,3
1754503200,44231.0,44283.0,44158.0,44265.0,8477,3
1754506800,44264.0,44285.0,44190.0,44224.0,6504,3
1754510400,44224.0,44263.0,44193.0,44249.0,5085,3
1754514000,44249.0,44309.0,44210.0,44218.0,4354,3
1754517600,44218.0,44277.0,44198.0,44209.0,5321,3
1754521200,44210.0,44220.0,44189.0,44211.0,1404,3
1754528400,44199.0,44276.0,44147.0,44256.0,2049,3
1754532000,44256.0,44285.0,44229.0,44237.0,1081,3
1754535600,44237.0,44259.0,44220.0,44246.0,1461,3
1754539200,44246.0,44278.0,44240.0,44263.0,1134,3
1754542800,44263.0,44280.0,44239.0,44245.0,808,3
1754546400,44245.0,44269.0,44245.0,44252.0,625,3
1754550000,44253.0,44265.0,44209.0,44223.0,742,3
1754553600,44223.0,44225.0,44202.0,44218.0,1013,3
1754557200,44221.0,44265.0,44210.0,44212.0,1587,3
1754560800,44213.0,44296.0,44213.0,44290.0,2265,3
1754564400,44290.0,44378.0,44281.0,44352.0,2840,3
1754568000,44352.0,44464.0,44334.0,44451.0,2357,3
1754571600,44451.0,44500.0,44431.0,44460.0,2596,3
1754575200,44460.0,44489.0,44407.0,44411.0,2750,3
1754578800,44411.0,44441.0,44391.0,44416.0,2711,3
1754582400,44416.0,44513.0,44316.0,44372.0,7778,3
1754586000,44374.0,44398.0,43946.0,43963.0,12620,3
1754589600,43963.0,43988.0,43852.0,43904.0,10026,3
1754593200,43903.0,43984.0,43819.0,43877.0,8731,3
1754596800,43877.0,43921.0,43799.0,43897.0,9562,3
1754600400,43898.0,43930.0,43821.0,43905.0,7477,3
1754604000,43906.0,43993.0,43874.0,43991.0,7214,3
1754607600,43989.0,44037.0,43985.0,44019.0,2067,3
1754614800,44035.0,44082.0,44008.0,44053.0,1288,3
1754618400,44053.0,44067.0,44036.0,44046.0,916,3
1754622000,44046.0,44122.0,44027.0,44097.0,1673,3
1754625600,44097.0,44106.0,44057.0,44082.0,1177,3
1754629200,44082.0,44108.0,44081.0,44106.0,640,3
1754632800,44106.0,44108.0,44072.0,44073.0,640,3
1754636400,44074.0,44079.0,44048.0,44053.0,826,3
1754640000,44053.0,44070.0,43983.0,43991.0,1320,3
1754643600,43991.0,44059.0,43991.0,44029.0,1509,3
1754647200,44029.0,44080.0,44028.0,44053.0,1946,3
1754650800,44053.0,44055.0,44019.0,44027.0,1568,3
1754654400,44027.0,44065.0,44024.0,44062.0,1141,3
1754658000,44060.0,44093.0,44059.0,44093.0,865,3
1754661600,44094.0,44120.0,44078.0,44109.0,1135,3
1754665200,44109.0,44112.0,44022.0,44044.0,2385,3
1754668800,44044.0,44169.0,44038.0,44152.0,6693,3
1754672400,44152.0,44285.0,44107.0,44113.0,9306,3
1754676000,44113.0,44142.0,44023.0,44131.0,8036,3
1754679600,44130.0,44234.0,44122.0,44173.0,5886,3
1754683200,44171.0,44230.0,44134.0,44208.0,5561,3
1754686800,44208.0,44246.0,44198.0,44208.0,4089,3
1754690400,44205.0,44241.0,44111.0,44184.0,5341,3
1754694000,44183.0,44266.0,44181.0,44248.0,1761,3
1754874000,44232.0,44281.0,44223.0,44250.0,988,3
1754877600,44250.0,44265.0,44209.0,44227.0,789,3
1754881200,44226.0,44290.0,44223.0,44285.0,1246,3
1754884800,44285.0,44328.0,44282.0,44316.0,1084,3
1754888400,44316.0,44321.0,44287.0,44294.0,676,3
1754892000,44294.0,44304.0,44270.0,44274.0,617,3
1754895600,44274.0,44290.0,44258.0,44262.0,591,3
1754899200,44262.0,44280.0,44255.0,44279.0,689,3
1754902800,44279.0,44319.0,44264.0,44315.0,1152,3
1754906400,44315.0,44315.0,44212.0,44224.0,1709,3
1754910000,44224.0,44286.0,44224.0,44257.0,2231,3
1754913600,44256.0,44300.0,44255.0,44293.0,884,3
1754917200,44293.0,44313.0,44283.0,44307.0,976,3
1754920800,44307.0,44325.0,44298.0,44321.0,1224,2
1754924400,44320.0,44322.0,44243.0,44258.0,1794,2
1754928000,44258.0,44286.0,44108.0,44187.0,7268,3
1754931600,44187.0,44217.0,44016.0,44034.0,8397,3
1754935200,44033.0,44097.0,44006.0,44093.0,6053,3
1754938800,44093.0,44194.0,44038.0,44051.0,5916,3
1754942400,44050.0,44056.0,43970.0,44016.0,5420,3
1754946000,44016.0,44031.0,43928.0,43994.0,5543,3
1754949600,43994.0,44023.0,43920.0,44002.0,5953,3
1754953200,44001.0,44010.0,43972.0,43983.0,1432,3
1754960400,43989.0,44006.0,43943.0,43991.0,1209,3
1754964000,43991.0,43998.0,43972.0,43984.0,717,3
1754967600,43984.0,44047.0,43973.0,44019.0,1807,3
1754971200,44019.0,44036.0,43999.0,44028.0,944,3
1754974800,44028.0,44057.0,44019.0,44045.0,1136,3
1754978400,44045.0,44056.0,44038.0,44044.0,462,3
1754982000,44044.0,44080.0,44038.0,44079.0,724,3
1754985600,44079.0,44080.0,43975.0,44036.0,2530,2
1754989200,44036.0,44100.0,44023.0,44057.0,1807,3
1754992800,44057.0,44097.0,44056.0,44085.0,1951,2
1754996400,44085.0,44086.0,44042.0,44048.0,1576,2
1755000000,44048.0,44064.0,44034.0,44035.0,933,2
1755003600,44035.0,44037.0,44002.0,44011.0,1148,3
1755007200,44011.0,44013.0,43960.0,44002.0,1526,3
1755010800,44002.0,44282.0,43994.0,44228.0,5482,3
1755014400,44228.0,44279.0,44113.0,44232.0,10126,3
1755018000,44232.0,44500.0,44215.0,44441.0,10689,2
1755021600,44441.0,44488.0,44407.0,44454.0,6464,3
1755025200,44454.0,44480.0,44436.0,44445.0,3980,3
1755028800,44445.0,44486.0,44426.0,44473.0,3426,3
1755032400,44474.0,44519.0,44434.0,44436.0,3417,3
1755036000,44436.0,44494.0,44429.0,44469.0,4110,3
1755039600,44468.0,44492.0,44464.0,44464.0,1137,3
1755046800,44470.0,44476.0,44456.0,44462.0,743,3
1755050400,44462.0,44501.0,44460.0,44500.0,739,3
1755054000,44500.0,44501.0,44460.0,44464.0,1100,3
1755057600,44464.0,44468.0,44429.0,44430.0,664,3
1755061200,44430.0,44464.0,44428.0,44454.0,514,3
1755064800,44454.0,44474.0,44451.0,44470.0,496,3
1755068400,44470.0,44498.0,44469.0,44489.0,472,3
1755072000,44489.0,44490.0,44468.0,44470.0,534,3
1755075600,44470.0,44490.0,44435.0,44464.0,861,3
1755079200,44464.0,44540.0,44463.0,44526.0,1441,2
1755082800,44526.0,44595.0,44521.0,44570.0,1490,3
1755086400,44570.0,44617.0,44564.0,44613.0,933,3
1755090000,44613.0,44634.0,44602.0,44630.0,990,3
1755093600,44630.0,44630.0,44595.0,44607.0,1022,3
1755097200,44607.0,44645.0,44595.0,44626.0,1262,3
1755100800,44626.0,44883.0,44608.0,44860.0,6148,3
1755104400,44860.0,44910.0,44702.0,44724.0,8643,3
1755108000,44724.0,44849.0,44718.0,44766.0,6697,3
1755111600,44766.0,44860.0,44759.0,44783.0,5706,3
1755115200,44783.0,44816.0,44734.0,44787.0,4794,2
1755118800,44787.0,44925.0,44772.0,44881.0,4750,3
1755122400,44881.0,44973.0,44877.0,44952.0,4612,3
1755126000,44952.0,44991.0,44935.0,44935.0,1347,3
1755133200,44954.0,44965.0,44906.0,44964.0,688,3
1755136800,44964.0,44980.0,44950.0,44958.0,533,3
1755140400,44958.0,44971.0,44942.0,44948.0,1186,3
1755144000,44948.0,44958.0,44930.0,44952.0,977,3
1755147600,44952.0,44965.0,44944.0,44963.0,511,3
1755151200,44963.0,44965.0,44941.0,44943.0,495,3
1755154800,44943.0,44969.0,44939.0,44968.0,361,3
1755158400,44968.0,44968.0,44906.0,44921.0,818,3
1755162000,44921.0,44923.0,44892.0,44907.0,1102,3
1755165600,44907.0,44963.0,44907.0,44947.0,1429,3
1755169200,44948.0,44973.0,44948.0,44954.0,1022,3
1755172800,44954.0,44995.0,44947.0,44976.0,910,3
1755176400,44975.0,44993.0,44922.0,44934.0,989,3
1755180000,44934.0,44977.0,44921.0,44977.0,1130,3
1755183600,44977.0,44977.0,44738.0,44807.0,5288,3
1755187200,44807.0,44848.0,44729.0,44828.0,9000,3
1755190800,44827.0,44904.0,44772.0,44864.0,9212,2
1755194400,44864.0,44868.0,44744.0,44795.0,8814,3
1755198000,44795.0,44798.0,44701.0,44770.0,7318,2
1755201600,44770.0,44849.0,44764.0,44832.0,4749,3
1755205200,44832.0,44893.0,44814.0,44875.0,4815,3
1755208800,44875.0,44969.0,44864.0,44918.0,5234,3
1755212400,44916.0,45071.0,44881.0,45058.0,3310,3
1755219600,45047.0,45099.0,45046.0,45097.0,818,3
1755223200,45097.0,45107.0,45076.0,45076.0,569,3
1755226800,45076.0,45121.0,45057.0,45112.0,997,3
1755230400,45112.0,45228.0,45105.0,45197.0,1058,3
1755234000,45197.0,45240.0,45196.0,45218.0,712,3
1755237600,45218.0,45221.0,45188.0,45207.0,521,3
1755241200,45207.0,45242.0,45206.0,45240.0,521,3
1755244800,45240.0,45269.0,45228.0,45255.0,630,3
1755248400,45255.0,45291.0,45247.0,45261.0,1012,3
1755252000,45261.0,45289.0,45235.0,45272.0,1539,2
1755255600,45272.0,45280.0,45215.0,45220.0,1599,3
1755259200,45220.0,45229.0,45177.0,45177.0,1164,3
1755262800,45177.0,45242.0,45167.0,45233.0,1071,3
1755266400,45235.0,45235.0,45185.0,45185.0,1039,3
1755270000,45185.0,45197.0,45136.0,45184.0,2329,3
1755273600,45184.0,45219.0,45031.0,45053.0,7568,3
1755277200,45052.0,45052.0,44904.0,44958.0,9317,3
1755280800,44956.0,45059.0,44913.0,45002.0,6713,3
1755284400,45002.0,45050.0,44989.0,45024.0,5657,3
1755288000,45023.0,45103.0,45003.0,45090.0,4489,3
1755291600,45090.0,45090.0,45007.0,45037.0,4461,3
1755295200,45037.0,45041.0,44947.0,44969.0,5370,3
1755298800,44967.0,44975.0,44919.0,44937.0,1451,3
1755478800,44965.0,45031.0,44961.0,45029.0,952,3
1755482400,45029.0,45050.0,45023.0,45037.0,520,3
1755486000,45037.0,45053.0,45032.0,45039.0,804,3
1755489600,45038.0,45058.0,45031.0,45055.0,571,3
1755493200,45055.0,45055.0,45035.0,45039.0,347,3
1755496800,45040.0,45051.0,45034.0,45040.0,338,3
1755500400,45040.0,45045.0,45025.0,45026.0,384,3
1755504000,45026.0,45035.0,45018.0,45022.0,423,3
1755507600,45022.0,45029.0,44882.0,44897.0,1434,3
1755511200,44897.0,44920.0,44842.0,44896.0,2790,3
1755514800,44896.0,44972.0,44846.0,44956.0,2341,3
1755518400,44956.0,44959.0,44904.0,44909.0,1510,3
1755522000,44909.0,44940.0,44900.0,44921.0,1168,3
1755525600,44921.0,44962.0,44909.0,44959.0,1362,3
1755529200,44959.0,44989.0,44944.0,44989.0,1560,3
1755532800,44989.0,45022.0,44888.0,44898.0,6852,3
1755536400,44899.0,45017.0,44884.0,44984.0,7749,2
1755540000,44983.0,44997.0,44930.0,44940.0,5534,3
1755543600,44940.0,44984.0,44912.0,44944.0,4256,3
1755547200,44944.0,45008.0,44910.0,44912.0,3667,2
1755550800,44911.0,44943.0,44881.0,44933.0,3477,3
1755554400,44933.0,44966.0,44892.0,44930.0,3629,3
1755558000,44927.0,44948.0,44909.0,44924.0,909,3
1755565200,44937.0,44990.0,44936.0,44971.0,637,2
1755568800,44971.0,44975.0,44941.0,44954.0,525,2
1755572400,44954.0,44955.0,44895.0,44915.0,1326,2
1755576000,44915.0,44944.0,44900.0,44900.0,1179,2
1755579600,44900.0,44922.0,44879.0,44882.0,754,3
1755583200,44882.0,44921.0,44877.0,44895.0,685,2
1755586800,44895.0,44897.0,44874.0,44883.0,490,2
1755590400,44883.0,44892.0,44854.0,44865.0,670,3
1755594000,44865.0,44894.0,44860.0,44873.0,731,2
1755597600,44873.0,44896.0,44863.0,44878.0,1199,2
1755601200,44878.0,44938.0,44878.0,44934.0,1050,2
1755604800,44934.0,44957.0,44932.0,44945.0,841,2
1755608400,44945.0,44945.0,44787.0,44921.0,1574,2
1755612000,44921.0,44999.0,44915.0,44998.0,1100,2
1755615600,44997.0,45047.0,44973.0,45023.0,1523,2
1755619200,45023.0,45119.0,44971.0,45068.0,6322,2
1755622800,45068.0,45237.0,45065.0,45069.0,9308,2
1755626400,45068.0,45077.0,44911.0,44926.0,7718,2
1755630000,44926.0,44967.0,44895.0,44939.0,7001,2
1755633600,44940.0,44960.0,44870.0,44922.0,5665,3
1755637200,44923.0,44931.0,44841.0,44884.0,4779,3
1755640800,44885.0,44958.0,44856.0,44944.0,5094,3
1755644400,44945.0,44984.0,44945.0,44977.0,1250,3
1755651600,44969.0,44995.0,44942.0,44967.0,1575,2
1755655200,44967.0,44979.0,44932.0,44957.0,1290,2
1755658800,44957.0,44959.0,44921.0,44931.0,1872,2
1755662400,44931.0,44951.0,44880.0,44882.0,1794,2
1755666000,44882.0,44896.0,44853.0,44884.0,1050,2
1755669600,44884.0,44888.0,44805.0,44819.0,1249,2
1755673200,44818.0,44864.0,44817.0,44853.0,989,2
1755676800,44853.0,44864.0,44826.0,44862.0,1025,2
1755680400,44862.0,44874.0,44826.0,44853.0,1663,2
1755684000,44853.0,44896.0,44848.0,44870.0,1991,2
1755687600,44870.0,44872.0,44816.0,44839.0,1859,2
1755691200,44839.0,44895.0,44823.0,44869.0,1196,2
1755694800,44869.0,44914.0,44865.0,44893.0,1108,2
1755698400,44892.0,44934.0,44890.0,44928.0,1763,2
1755702000,44928.0,44964.0,44920.0,44948.0,2192,2
1755705600,44948.0,45072.0,44871.0,44889.0,8579,2
1755709200,44889.0,44947.0,44780.0,44834.0,12986,2
1755712800,44827.0,44998.0,44823.0,44870.0,9137,3
1755716400,44870.0,44963.0,44850.0,44901.0,7394,3
1755720000,44901.0,44979.0,44880.0,44956.0,7106,3
1755723600,44956.0,44959.0,44817.0,44916.0,8209,2
1755727200,44916.0,45042.0,44916.0,44948.0,6913,3
1755730800,44948.0,44963.0,44931.0,44959.0,1570,3
1755738000,44943.0,44973.0,44911.0,44926.0,1187,3
1755741600,44926.0,44937.0,44900.0,44926.0,812,3
1755745200,44926.0,44926.0,44873.0,44895.0,1734,3
1755748800,44895.0,44945.0,44877.0,44944.0,1492,3
1755752400,44944.0,44968.0,44934.0,44965.0,872,3
1755756000,44965.0,44976.0,44937.0,44937.0,666,3
1755759600,44937.0,44942.0,44912.0,44915.0,551,3
1755763200,44915.0,44926.0,44881.0,44919.0,989,3
1755766800,44919.0,44955.0,44919.0,44931.0,1373,3
1755770400,44931.0,44938.0,44880.0,44894.0,2059,3
1755774000,44893.0,44915.0,44823.0,44825.0,1950,3
1755777600,44825.0,44848.0,44809.0,44812.0,1629,3
1755781200,44812.0,44856.0,44745.0,44813.0,2223,3
1755784800,44813.0,44850.0,44778.0,44802.0,2641,3
1755788400,44802.0,44802.0,44740.0,44772.0,3315,3
1755792000,44772.0,44802.0,44594.0,44724.0,8347,3
1755795600,44724.0,44907.0,44701.0,44859.0,9659,3
1755799200,44859.0,44918.0,44745.0,44766.0,8551,3
1755802800,44765.0,44810.0,44726.0,44741.0,7238,3
1755806400,44741.0,44835.0,44675.0,44809.0,6940,3
1755810000,44809.0,44850.0,44764.0,44844.0,5821,3
1755813600,44844.0,44858.0,44772.0,44805.0,5139,3
1755817200,44807.0,44849.0,44796.0,44831.0,1297,3
1755824400,44830.0,44872.0,44830.0,44858.0,824,3
1755828000,44858.0,44869.0,44839.0,44866.0,602,3
1755831600,44866.0,44883.0,44800.0,44831.0,1957,3
1755835200,44831.0,44852.0,44814.0,44826.0,1369,3
1755838800,44826.0,44863.0,44821.0,44821.0,875,3
1755842400,44821.0,44822.0,44794.0,44806.0,848,3
1755846000,44807.0,44830.0,44803.0,44818.0,512,3
1755849600,44818.0,44825.0,44781.0,44799.0,765,3
1755853200,44799.0,44799.0,44688.0,44759.0,2296,3
1755856800,44760.0,44859.0,44750.0,44856.0,2060,3
1755860400,44856.0,44926.0,44849.0,44922.0,2092,3
1755864000,44922.0,44949.0,44910.0,44937.0,1268,3
1755867600,44937.0,44959.0,44930.0,44947.0,1151,3
1755871200,44947.0,44953.0,44906.0,44920.0,1369,3
1755874800,44920.0,44953.0,44917.0,44927.0,1808,3
1755878400,44927.0,45187.0,44920.0,45135.0,7117,3
1755882000,45135.0,45715.0,45135.0,45688.0,16257,3
1755885600,45688.0,45762.0,45621.0,45723.0,9201,3
1755889200,45724.0,45782.0,45673.0,45694.0,7662,3
1755892800,45694.0,45745.0,45686.0,45691.0,5728,2
1755896400,45691.0,45709.0,45629.0,45664.0,5081,3
1755900000,45664.0,45683.0,45614.0,45659.0,5739,3
1755903600,45657.0,45696.0,45648.0,45668.0,1584,3
1756083600,45687.0,45696.0,45655.0,45671.0,972,3
1756087200,45671.0,45692.0,45659.0,45674.0,1014,2
1756090800,45674.0,45690.0,45639.0,45649.0,1639,2
1756094400,45649.0,45654.0,45607.0,45617.0,808,2
1756098000,45617.0,45633.0,45593.0,45594.0,719,2
1756101600,45594.0,45624.0,45588.0,45621.0,622,2
1756105200,45621.0,45638.0,45611.0,45634.0,463,3
1756108800,45634.0,45664.0,45625.0,45664.0,684,2
1756112400,45664.0,45668.0,45608.0,45626.0,1072,2
1756116000,45626.0,45630.0,45599.0,45611.0,1302,2
1756119600,45611.0,45612.0,45586.0,45593.0,1103,2
1756123200,45593.0,45595.0,45568.0,45581.0,767,2
1756126800,45581.0,45584.0,45558.0,45558.0,840,2
1756130400,45558.0,45595.0,45556.0,45569.0,949,2
1756134000,45569.0,45572.0,45505.0,45529.0,1780,3
1756137600,45529.0,45617.0,45522.0,45553.0,6891,2
1756141200,45552.0,45570.0,45428.0,45453.0,8088,3
1756144800,45453.0,45486.0,45391.0,45423.0,5622,2
1756148400,45424.0,45452.0,45405.0,45439.0,3796,2
1756152000,45439.0,45445.0,45360.0,45395.0,3875,2
1756155600,45396.0,45399.0,45354.0,45362.0,3645,2
1756159200,45362.0,45368.0,45292.0,45299.0,4104,2
1756162800,45299.0,45348.0,45288.0,45341.0,1381,2
1756170000,45344.0,45366.0,45334.0,45357.0,612,3
1756173600,45356.0,45364.0,45334.0,45351.0,715,2
1756177200,45351.0,45374.0,45152.0,45227.0,6534,2
1756180800,45227.0,45289.0,45215.0,45232.0,2737,2
1756184400,45232.0,45287.0,45230.0,45242.0,1867,2
1756188000,45242.0,45257.0,45230.0,45242.0,1014,2
1756191600,45242.0,45256.0,45228.0,45247.0,866,2
1756195200,45247.0,45299.0,45246.0,45287.0,1108,3
1756198800,45287.0,45295.0,45228.0,45232.0,2531,3
1756202400,45233.0,45242.0,45132.0,45199.0,4453,2
1756206000,45198.0,45234.0,45180.0,45223.0,2510,3
1756209600,45223.0,45249.0,45208.0,45244.0,1433,3
1756213200,45244.0,45263.0,45230.0,45236.0,1417,3
1756216800,45236.0,45256.0,45215.0,45249.0,1378,3
1756220400,45249.0,45277.0,45218.0,45261.0,2073,3
1756224000,45264.0,45335.0,45234.0,45295.0,6681,3
1756227600,45295.0,45339.0,45245.0,45284.0,7910,3
1756231200,45284.0,45306.0,45237.0,45285.0,5650,3
1756234800,45285.0,45323.0,45271.0,45307.0,3959,3
1756238400,45306.0,45343.0,45276.0,45301.0,3767,3
1756242000,45301.0,45362.0,45292.0,45356.0,3292,3
1756245600,45356.0,45457.0,45333.0,45430.0,5435,3
1756249200,45428.0,45478.0,45421.0,45477.0,1218,3
1756256400,45470.0,45487.0,45461.0,45471.0,537,3
1756260000,45471.0,45478.0,45459.0,45459.0,355,3
1756263600,45459.0,45464.0,45446.0,45454.0,696,3
1756267200,45454.0,45481.0,45454.0,45476.0,547,3
1756270800,45476.0,45485.0,45466.0,45476.0,393,3
1756274400,45476.0,45489.0,45475.0,45486.0,337,3
1756278000,45486.0,45490.0,45477.0,45478.0,271,3
1756281600,45478.0,45479.0,45447.0,45452.0,456,3
1756285200,45452.0,45480.0,45441.0,45450.0,763,3
1756288800,45450.0,45482.0,45413.0,45456.0,1591,3
1756292400,45456.0,45494.0,45418.0,45444.0,1581,3
1756296000,45444.0,45479.0,45442.0,45462.0,857,3
1756299600,45462.0,45475.0,45450.0,45457.0,743,3
1756303200,45457.0,45476.0,45451.0,45458.0,761,3
1756306800,45458.0,45482.0,45423.0,45440.0,1897,3
1756310400,45440.0,45584.0,45401.0,45530.0,6506,3
1756314000,45529.0,45568.0,45500.0,45529.0,6460,2
1756317600,45529.0,45583.0,45529.0,45542.0,4029,2
1756321200,45542.0,45565.0,45505.0,45548.0,3878,3
1756324800,45548.0,45609.0,45518.0,45596.0,2948,3
1756328400,45596.0,45641.0,45573.0,45628.0,2807,3
1756332000,45628.0,45652.0,45575.0,45592.0,4145,2
1756335600,45591.0,45627.0,45456.0,45608.0,5232,2
1756342800,45614.0,45615.0,45568.0,45586.0,1543,2
1756346400,45585.0,45598.0,45565.0,45581.0,953,2
1756350000,45581.0,45613.0,45550.0,45608.0,1657,2
1756353600,45608.0,45656.0,45598.0,45653.0,1014,3
1756357200,45654.0,45677.0,45649.0,45663.0,767,2
1756360800,45663.0,45695.0,45659.0,45687.0,719,3
1756364400,45687.0,45687.0,45659.0,45665.0,581,3
1756368000,45665.0,45681.0,45647.0,45653.0,785,3
1756371600,45653.0,45733.0,45651.0,45702.0,1651,2
1756375200,45702.0,45760.0,45696.0,45760.0,1904,3
1756378800,45760.0,45760.0,45687.0,45696.0,1596,3
1756382400,45696.0,45711.0,45676.0,45696.0,794,2
1756386000,45696.0,45698.0,45636.0,45667.0,969,2
1756389600,45666.0,45672.0,45644.0,45667.0,1245,3
1756393200,45667.0,45682.0,45629.0,45650.0,2197,3
1756396800,45650.0,45685.0,45485.0,45540.0,7641,2
1756400400,45540.0,45546.0,45461.0,45489.0,8639,3
1756404000,45488.0,45587.0,45467.0,45578.0,6455,2
1756407600,45578.0,45642.0,45571.0,45594.0,4448,3
1756411200,45594.0,45626.0,45572.0,45611.0,4010,3
1756414800,45610.0,45647.0,45580.0,45637.0,3421,3
1756418400,45637.0,45704.0,45629.0,45664.0,4076,3
1756422000,45662.0,45691.0,45607.0,45620.0,1425,3
1756429200,45590.0,45597.0,45567.0,45578.0,668,3
1756432800,45578.0,45600.0,45573.0,45594.0,466,3
1756436400,45594.0,45620.0,45586.0,45594.0,847,3
1756440000,45594.0,45602.0,45576.0,45584.0,705,3
1756443600,45584.0,45585.0,45573.0,45579.0,444,3
1756447200,45579.0,45605.0,45573.0,45577.0,464,2
1756450800,45577.0,45583.0,45551.0,45559.0,336,2
1756454400,45559.0,45573.0,45555.0,45573.0,492,2
1756458000,45573.0,45584.0,45546.0,45547.0,903,3
1756461600,45547.0,45575.0,45525.0,45528.0,1638,3
1756465200,45528.0,45534.0,45477.0,45482.0,2117,3
1756468800,45482.0,45504.0,45461.0,45491.0,1227,3
1756472400,45491.0,45507.0,45479.0,45502.0,1137,3
1756476000,45502.0,45517.0,45488.0,45498.0,997,2
1756479600,45498.0,45566.0,45477.0,45546.0,2675,3
1756483200,45546.0,45627.0,45501.0,45519.0,6856,2
1756486800,45519.0,45549.0,45373.0,45446.0,10366,2
1756490400,45446.0,45505.0,45416.0,45435.0,7194,3
1756494000,45435.0,45532.0,45432.0,45511.0,4646,3
1756497600,45511.0,45567.0,45469.0,45536.0,4935,3
1756501200,45537.0,45540.0,45499.0,45521.0,3710,3
1756504800,45521.0,45577.0,45490.0,45552.0,5100,3
1756508400,45550.0,45579.0,45546.0,45572.0,1403,3
1756688400,45618.0,45667.0,45585.0,45667.0,1275,3
1756692000,45667.0,45691.0,45655.0,45666.0,632,3
1756695600,45666.0,45705.0,45650.0,45687.0,1291,3
1756699200,45687.0,45687.0,45633.0,45638.0,1083,3
1756702800,45638.0,45640.0,45581.0,45597.0,1501,3
1756706400,45597.0,45619.0,45526.0,45567.0,1670,2
1756710000,45567.0,45582.0,45548.0,45564.0,1046,2
1756713600,45564.0,45573.0,45533.0,45549.0,1375,2
1756717200,45549.0,45593.0,45516.0,45560.0,2229,3
1756720800,45560.0,45591.0,45544.0,45578.0,2259,3
1756724400,45578.0,45646.0,45551.0,45621.0,1751,3
1756728000,45621.0,45621.0,45570.0,45579.0,1074,2
1756731600,45579.0,45598.0,45561.0,45580.0,1049,3
1756735200,45580.0,45586.0,45526.0,45535.0,1117,3
1756738800,45535.0,45540.0,45493.0,45521.0,1269,2
1756742400,45520.0,45575.0,45485.0,45568.0,1947,2
1756746000,45568.0,45585.0,45546.0,45583.0,1325,3
1756749600,45583.0,45620.0,45564.0,45592.0,1370,2
1756753200,45592.0,45610.0,45558.0,45599.0,861,2
1756774800,45565.0,45600.0,45529.0,45537.0,631,2
1756778400,45537.0,45544.0,45499.0,45527.0,1119,2
1756782000,45528.0,45562.0,45519.0,45554.0,1439,2
1756785600,45553.0,45585.0,45539.0,45539.0,947,2
1756789200,45539.0,45551.0,45501.0,45523.0,1249,2
1756792800,45523.0,45551.0,45510.0,45545.0,765,2
1756796400,45545.0,45560.0,45534.0,45553.0,645,2
1756800000,45553.0,45556.0,45504.0,45505.0,1308,2
1756803600,45505.0,45546.0,45497.0,45534.0,1493,2
1756807200,45534.0,45537.0,45249.0,45264.0,6240,2
1756810800,45264.0,45398.0,45255.0,45380.0,4190,2
1756814400,45380.0,45399.0,45359.0,45374.0,1885,3
1756818000,45374.0,45387.0,45263.0,45294.0,2994,3
1756821600,45294.0,45315.0,45277.0,45292.0,2544,3
1756825200,45292.0,45292.0,45065.0,45112.0,5254,2
1756828800,45112.0,45231.0,44954.0,45221.0,10376,3
1756832400,45221.0,45300.0,45145.0,45177.0,12543,3
1756836000,45176.0,45193.0,45003.0,45013.0,9136,3
1756839600,45013.0,45120.0,44994.0,45119.0,6835,3
1756843200,45119.0,45254.0,45114.0,45217.0,6407,2
1756846800,45217.0,45251.0,45112.0,45156.0,6734,2
1756850400,45157.0,45315.0,45157.0,45307.0,6497,3
1756854000,45308.0,45348.0,45260.0,45272.0,3603,3
1756861200,45287.0,45293.0,45235.0,45242.0,1572,3
1756864800,45242.0,45246.0,45219.0,45224.0,756,3
1756868400,45224.0,45228.0,45199.0,45219.0,1084,3
1756872000,45219.0,45222.0,45169.0,45193.0,996,3
1756875600,45193.0,45203.0,45167.0,45180.0,768,3
1756879200,45180.0,45200.0,45149.0,45169.0,895,3
1756882800,45169.0,45178.0,45160.0,45170.0,587,3
1756886400,45170.0,45170.0,45120.0,45131.0,1055,3
1756890000,45131.0,45209.0,45129.0,45179.0,1554,3
1756893600,45177.0,45253.0,45137.0,45242.0,3003,3
1756897200,45242.0,45324.0,45241.0,45285.0,2326,3
1756900800,45285.0,45323.0,45257.0,45305.0,1356,3
1756904400,45305.0,45326.0,45296.0,45312.0,1244,3
1756908000,45312.0,45334.0,45269.0,45275.0,1798,3
1756911600,45275.0,45304.0,45191.0,45198.0,2778,3
1756915200,45198.0,45321.0,45116.0,45129.0,9070,2
1756918800,45129.0,45247.0,45088.0,45236.0,10780,3
1756922400,45235.0,45275.0,45132.0,45149.0,8171,3
1756926000,45145.0,45171.0,45063.0,45088.0,6718,3
1756929600,45088.0,45142.0,44993.0,45027.0,6678,3
1756933200,45026.0,45110.0,45009.0,45086.0,7100,3
1756936800,45086.0,45281.0,45052.0,45272.0,5986,3
1756940400,45272.0,45291.0,45198.0,45232.0,2027,3
1756947600,45192.0,45200.0,45175.0,45180.0,899,3
1756951200,45180.0,45209.0,45174.0,45184.0,538,3
1756954800,45184.0,45272.0,45176.0,45242.0,1952,3
1756958400,45242.0,45250.0,45207.0,45224.0,1403,3
1756962000,45224.0,45261.0,45215.0,45223.0,1282,3
1756965600,45221.0,45234.0,45203.0,45215.0,1309,3
1756969200,45216.0,45266.0,45216.0,45257.0,788,2
1756972800,45257.0,45272.0,45226.0,45241.0,1182,3
1756976400,45241.0,45261.0,45204.0,45205.0,1622,3
1756980000,45205.0,45280.0,45198.0,45255.0,2353,3
1756983600,45255.0,45255.0,45215.0,45229.0,1454,3
1756987200,45229.0,45265.0,45226.0,45263.0,1056,3
1756990800,45263.0,45300.0,45248.0,45265.0,1340,3
1756994400,45266.0,45301.0,45211.0,45228.0,1443,3
1756998000,45228.0,45271.0,45222.0,45260.0,2638,3
1757001600,45260.0,45351.0,45186.0,45344.0,7376,3
1757005200,45344.0,45428.0,45227.0,45416.0,9050,3
1757008800,45416.0,45516.0,45406.0,45486.0,6161,3
1757012400,45486.0,45525.0,45462.0,45481.0,4769,3
1757016000,45480.0,45601.0,45478.0,45593.0,3803,3
1757019600,45594.0,45635.0,45580.0,45595.0,3457,3
1757023200,45595.0,45659.0,45591.0,45634.0,4783,3
1757026800,45634.0,45667.0,45618.0,45646.0,1861,3
1757034000,45632.0,45656.0,45622.0,45653.0,998,3
1757037600,45653.0,45658.0,45641.0,45644.0,526,3
1757041200,45644.0,45673.0,45639.0,45666.0,968,3
1757044800,45665.0,45670.0,45648.0,45659.0,681,3
1757048400,45659.0,45667.0,45651.0,45657.0,425,3
1757052000,45657.0,45657.0,45641.0,45656.0,318,3
1757055600,45657.0,45675.0,45654.0,45656.0,325,3
1757059200,45656.0,45704.0,45649.0,45691.0,684,3
1757062800,45691.0,45719.0,45681.0,45694.0,1097,3
1757066400,45692.0,45705.0,45629.0,45662.0,1848,3
1757070000,45659.0,45670.0,45637.0,45640.0,1109,3
1757073600,45640.0,45647.0,45610.0,45611.0,905,3
1757077200,45611.0,45634.0,45609.0,45620.0,779,3
1757080800,45622.0,45641.0,45567.0,45570.0,1251,3
1757084400,45569.0,45655.0,45439.0,45649.0,6382,3
1757088000,45648.0,45788.0,45619.0,45715.0,10735,3
1757091600,45716.0,45720.0,45232.0,45249.0,16138,3
1757095200,45251.0,45434.0,45214.0,45357.0,12318,3
1757098800,45358.0,45432.0,45316.0,45411.0,10184,3
1757102400,45411.0,45418.0,45277.0,45305.0,9371,3
1757106000,45306.0,45421.0,45288.0,45406.0,6836,3
1757109600,45407.0,45472.0,45366.0,45423.0,7576,3
1757113200,45422.0,45425.0,45383.0,45421.0,1367,3
1757293200,45428.0,45508.0,45378.0,45492.0,1666,3
1757296800,45492.0,45533.0,45488.0,45517.0,1502,3
1757300400,45517.0,45532.0,45472.0,45473.0,1502,3
1757304000,45473.0,45497.0,45466.0,45480.0,1062,3
1757307600,45480.0,45484.0,45438.0,45462.0,869,3
1757311200,45462.0,45497.0,45459.0,45478.0,675,3
1757314800,45477.0,45482.0,45446.0,45453.0,658,3
1757318400,45453.0,45476.0,45437.0,45446.0,799,3
1757322000,45446.0,45505.0,45446.0,45483.0,1407,3
1757325600,45484.0,45550.0,45476.0,45501.0,1842,3
1757329200,45500.0,45530.0,45496.0,45510.0,1558,3
1757332800,45512.0,45514.0,45473.0,45503.0,943,3
1757336400,45504.0,45513.0,45492.0,45503.0,1051,3
1757340000,45505.0,45520.0,45476.0,45479.0,1179,3
1757343600,45479.0,45519.0,45439.0,45510.0,1742,3
1757347200,45510.0,45541.0,45294.0,45340.0,8056,3
1757350800,45340.0,45495.0,45309.0,45486.0,9315,3
1757354400,45485.0,45532.0,45435.0,45470.0,6457,3
1757358000,45471.0,45476.0,45370.0,45433.0,6209,3
1757361600,45433.0,45449.0,45329.0,45354.0,5157,3
1757365200,45353.0,45493.0,45337.0,45480.0,4907,3
1757368800,45479.0,45560.0,45413.0,45549.0,5789,3
1757372400,45550.0,45564.0,45532.0,45556.0,1221,3
1757379600,45563.0,45609.0,45560.0,45608.0,709,3
1757383200,45608.0,45617.0,45588.0,45593.0,538,3
1757386800,45591.0,45598.0,45561.0,45563.0,922,3
1757390400,45562.0,45575.0,45537.0,45560.0,911,3
1757394000,45560.0,45606.0,45560.0,45586.0,742,3
1757397600,45586.0,45610.0,45584.0,45602.0,609,3
1757401200,45602.0,45603.0,45583.0,45591.0,369,3
1757404800,45591.0,45598.0,45556.0,45586.0,846,3
1757408400,45586.0,45623.0,45580.0,45609.0,1282,3
1757412000,45611.0,45646.0,45572.0,45576.0,1894,3
1757415600,45575.0,45592.0,45545.0,45556.0,1870,2
1757419200,45557.0,45575.0,45543.0,45557.0,1198,3
1757422800,45556.0,45570.0,45529.0,45538.0,1030,3
1757426400,45539.0,45618.0,45525.0,45603.0,1578,3
1757430000,45603.0,45612.0,45575.0,45600.0,1451,3
1757433600,45600.0,45605.0,45485.0,45537.0,8619,3
1757437200,45537.0,45607.0,45451.0,45570.0,11676,2
1757440800,45570.0,45713.0,45560.0,45580.0,7717,3
1757444400,45581.0,45664.0,45549.0,45642.0,5927,3
1757448000,45642.0,45761.0,45624.0,45741.0,5216,3
1757451600,45741.0,45785.0,45726.0,45729.0,4199,3
1757455200,45729.0,45788.0,45681.0,45737.0,4941,3
1757458800,45734.0,45738.0,45671.0,45677.0,2499,3
1757466000,45657.0,45688.0,45643.0,45670.0,1028,2
1757469600,45671.0,45673.0,45621.0,45629.0,956,2
1757473200,45628.0,45673.0,45622.0,45660.0,1030,2
1757476800,45660.0,45696.0,45650.0,45681.0,968,3
1757480400,45681.0,45688.0,45659.0,45683.0,627,2
1757484000,45683.0,45689.0,45675.0,45685.0,386,3
1757487600,45685.0,45702.0,45683.0,45700.0,377,3
1757491200,45701.0,45701.0,45676.0,45687.0,574,3
1757494800,45687.0,45693.0,45662.0,45672.0,1167,3
1757498400,45669.0,45722.0,45653.0,45700.0,1868,2
1757502000,45698.0,45721.0,45624.0,45639.0,1797,3
1757505600,45639.0,45649.0,45593.0,45646.0,1540,3
1757509200,45646.0,45680.0,45642.0,45680.0,969,3
1757512800,45682.0,45687.0,45651.0,45657.0,1178,3
1757516400,45656.0,45812.0,45635.0,45730.0,4183,3
1757520000,45729.0,45765.0,45599.0,45643.0,9033,2
1757523600,45643.0,45704.0,45486.0,45486.0,9703,2
1757527200,45486.0,45544.0,45389.0,45515.0,7517,3
1757530800,45515.0,45567.0,45419.0,45505.0,5980,3
1757534400,45504.0,45557.0,45439.0,45475.0,5771,2
1757538000,45475.0,45541.0,45452.0,45527.0,5829,2
1757541600,45526.0,45547.0,45396.0,45509.0,7146,3
1757545200,45512.0,45526.0,45476.0,45496.0,1632,3
1757552400,45491.0,45559.0,45485.0,45539.0,796,3
1757556000,45539.0,45573.0,45532.0,45548.0,781,3
1757559600,45544.0,45561.0,45514.0,45550.0,1193,3
1757563200,45550.0,45566.0,45541.0,45565.0,919,3
1757566800,45564.0,45568.0,45545.0,45556.0,651,3
1757570400,45556.0,45559.0,45548.0,45551.0,491,3
1757574000,45551.0,45559.0,45520.0,45523.0,682,3
1757577600,45523.0,45537.0,45497.0,45513.0,1052,3
1757581200,45513.0,45579.0,45504.0,45565.0,1211,3
1757584800,45566.0,45574.0,45536.0,45563.0,2002,3
1757588400,45561.0,45570.0,45539.0,45547.0,1275,3
1757592000,45548.0,45582.0,45539.0,45580.0,825,3
1757595600,45580.0,45613.0,45577.0,45611.0,961,3
1757599200,45607.0,45619.0,45585.0,45591.0,998,3
1757602800,45591.0,45658.0,45506.0,45658.0,5642,3
1757606400,45657.0,45952.0,45581.0,45939.0,8689,2
1757610000,45940.0,46096.0,45931.0,46053.0,9017,2
1757613600,46053.0,46117.0,46020.0,46068.0,6467,2
1757617200,46068.0,46119.0,46059.0,46093.0,5174,3
1757620800,46092.0,46133.0,46074.0,46129.0,4976,2
1757624400,46129.0,46152.0,46089.0,46090.0,4443,3
1757628000,46090.0,46156.0,46083.0,46118.0,4914,3
1757631600,46118.0,46135.0,46105.0,46121.0,1227,3
1757638800,46139.0,46149.0,46127.0,46130.0,859,3
1757642400,46132.0,46147.0,46124.0,46130.0,536,3
1757646000,46130.0,46148.0,46116.0,46136.0,768,3
1757649600,46136.0,46138.0,46097.0,46101.0,671,3
1757653200,46101.0,46131.0,46096.0,46124.0,515,3
1757656800,46124.0,46138.0,46118.0,46133.0,440,3
1757660400,46133.0,46144.0,46122.0,46126.0,455,2
1757664000,46126.0,46138.0,46115.0,46132.0,622,2
1757667600,46132.0,46132.0,46064.0,46084.0,1210,2
1757671200,46083.0,46107.0,46049.0,46065.0,1921,2
1757674800,46066.0,46074.0,46009.0,46061.0,1903,2
1757678400,46060.0,46070.0,46037.0,46045.0,1150,2
1757682000,46045.0,46063.0,46035.0,46061.0,810,2
1757685600,46062.0,46068.0,46017.0,46028.0,1073,2
1757689200,46028.0,46059.0,46016.0,46059.0,1896,2
1757692800,46058.0,46094.0,45989.0,46042.0,6494,2
1757696400,46044.0,46086.0,45931.0,45985.0,8805,2
1757700000,45986.0,45988.0,45907.0,45954.0,6503,2
1757703600,45955.0,45964.0,45917.0,45943.0,3970,2
1757707200,45943.0,45979.0,45924.0,45944.0,3450,3
1757710800,45944.0,45998.0,45931.0,45953.0,3310,3
1757714400,45952.0,45974.0,45844.0,45867.0,5162,3
1757718000,45868.0,45889.0,45854.0,45868.0,1420,3
1757898000,45875.0,45894.0,45848.0,45884.0,588,3
1757901600,45884.0,45891.0,45857.0,45870.0,567,3
1757905200,45870.0,45876.0,45842.0,45868.0,915,3
1757908800,45868.0,45896.0,45868.0,45890.0,777,3
1757912400,45890.0,45899.0,45882.0,45899.0,586,3
1757916000,45899.0,45904.0,45885.0,45888.0,400,3
1757919600,45888.0,45903.0,45886.0,45903.0,276,3
1757923200,45903.0,45915.0,45889.0,45913.0,385,3
1757926800,45913.0,45947.0,45912.0,45932.0,918,3
1757930400,45933.0,45954.0,45921.0,45944.0,1250,3
1757934000,45943.0,45981.0,45870.0,45959.0,2259,3
1757937600,45959.0,45975.0,45952.0,45964.0,1145,3
1757941200,45965.0,45975.0,45929.0,45954.0,1003,3
1757944800,45952.0,45953.0,45927.0,45951.0,1017,3
1757948400,45951.0,45985.0,45947.0,45975.0,1766,3
1757952000,45975.0,45989.0,45845.0,45974.0,6923,3
1757955600,45977.0,46024.0,45872.0,45988.0,7911,2
1757959200,45990.0,45992.0,45810.0,45850.0,6301,2
1757962800,45851.0,45927.0,45839.0,45878.0,5024,3
1757966400,45878.0,45931.0,45828.0,45915.0,4536,3
1757970000,45916.0,45918.0,45838.0,45900.0,4508,3
1757973600,45900.0,45945.0,45869.0,45939.0,5692,3
1757977200,45936.0,45937.0,45896.0,45899.0,1361,3
1757984400,45895.0,45914.0,45886.0,45891.0,588,3
1757988000,45891.0,45935.0,45891.0,45925.0,520,3
1757991600,45926.0,45926.0,45899.0,45914.0,760,3
1757995200,45914.0,45934.0,45907.0,45916.0,649,3
1757998800,45916.0,45950.0,45913.0,45935.0,522,3
1758002400,45936.0,45974.0,45933.0,45967.0,508,3
1758006000,45967.0,45968.0,45953.0,45964.0,353,3
1758009600,45964.0,45986.0,45954.0,45977.0,580,3
1758013200,45977.0,45989.0,45935.0,45939.0,743,3
1758016800,45944.0,45980.0,45928.0,45968.0,1905,3
1758020400,45962.0,45978.0,45933.0,45962.0,1432,3
1758024000,45963.0,45981.0,45919.0,45929.0,897,3
1758027600,45929.0,45958.0,45920.0,45943.0,949,3
1758031200,45939.0,45946.0,45920.0,45930.0,1140,3
1758034800,45931.0,45938.0,45872.0,45882.0,1571,3
1758038400,45882.0,46010.0,45779.0,45798.0,7414,2
1758042000,45799.0,45820.0,45700.0,45759.0,9125,3
1758045600,45758.0,45813.0,45713.0,45803.0,6856,3
1758049200,45802.0,45833.0,45783.0,45808.0,5154,3
1758052800,45807.0,45838.0,45783.0,45811.0,4174,3
1758056400,45810.0,45857.0,45782.0,45840.0,3699,3
1758060000,45840.0,45845.0,45753.0,45805.0,5377,3
1758063600,45806.0,45849.0,45803.0,45824.0,1153,2
1758070800,45821.0,45853.0,45808.0,45845.0,575,3
1758074400,45845.0,45852.0,45827.0,45840.0,355,3
1758078000,45840.0,45853.0,45822.0,45827.0,839,2
1758081600,45827.0,45832.0,45794.0,45796.0,845,2
1758085200,45796.0,45804.0,45757.0,45775.0,608,2
1758088800,45775.0,45777.0,45765.0,45773.0,381,3
1758092400,45773.0,45786.0,45764.0,45779.0,399,2
1758096000,45780.0,45788.0,45760.0,45780.0,594,2
1758099600,45781.0,45810.0,45755.0,45801.0,868,3
1758103200,45799.0,45815.0,45772.0,45800.0,1463,2
1758106800,45800.0,45817.0,45754.0,45808.0,2140,2
1758110400,45808.0,45832.0,45798.0,45811.0,1054,3
1758114000,45811.0,45831.0,45795.0,45801.0,1030,3
1758117600,45800.0,45832.0,45783.0,45824.0,1066,3
1758121200,45822.0,45878.0,45816.0,45874.0,1242,3
1758124800,45874.0,46117.0,45848.0,46069.0,6909,3
1758128400,46074.0,46135.0,45983.0,46103.0,8004,3
1758132000,46109.0,46147.0,46074.0,46143.0,5463,2
1758135600,46144.0,46146.0,45984.0,45992.0,5292,2
1758139200,45992.0,46085.0,45990.0,46073.0,4433,3
1758142800,46073.0,46319.0,45721.0,45953.0,19067,3
1758146400,45954.0,46115.0,45915.0,46058.0,16719,2
1758150000,46061.0,46097.0,46030.0,46072.0,2233,3
1758157200,46066.0,46190.0,46063.0,46173.0,1113,3
1758160800,46173.0,46200.0,46172.0,46187.0,822,3
1758164400,46186.0,46186.0,46133.0,46141.0,1046,3
1758168000,46141.0,46181.0,46140.0,46175.0,975,3
1758171600,46176.0,46201.0,46161.0,46188.0,605,3
1758175200,46188.0,46215.0,46177.0,46190.0,743,3
1758178800,46190.0,46211.0,46180.0,46208.0,637,3
1758182400,46208.0,46212.0,46162.0,46188.0,869,3
1758186000,46188.0,46216.0,46143.0,46210.0,1641,3
1758189600,46213.0,46288.0,46198.0,46279.0,2244,3
1758193200,46277.0,46397.0,46254.0,46383.0,2539,3
1758196800,46383.0,46410.0,46360.0,46374.0,1747,3
1758200400,46374.0,46392.0,46324.0,46342.0,1325,3
1758204000,46345.0,46391.0,46290.0,46309.0,2156,3
1758207600,46310.0,46314.0,46144.0,46144.0,2640,3
1758211200,46143.0,46148.0,45987.0,46112.0,11378,3
1758214800,46113.0,46368.0,46112.0,46187.0,10783,3
1758218400,46187.0,46256.0,46102.0,46147.0,8800,2
1758222000,46147.0,46321.0,46131.0,46310.0,6664,3
1758225600,46307.0,46331.0,46189.0,46206.0,6276,3
1758229200,46206.0,46249.0,46139.0,46231.0,5447,3
1758232800,46231.0,46257.0,46149.0,46198.0,6460,3
1758236400,46200.0,46243.0,46186.0,46239.0,1544,3
1758243600,46243.0,46303.0,46242.0,46287.0,881,3
1758247200,46287.0,46299.0,46278.0,46281.0,646,3
1758250800,46281.0,46302.0,46217.0,46240.0,1331,2
1758254400,46240.0,46273.0,46229.0,46266.0,1154,3
1758258000,46266.0,46273.0,46226.0,46238.0,823,3
1758261600,46238.0,46288.0,46236.0,46254.0,1448,3
1758265200,46254.0,46258.0,46200.0,46248.0,1934,3
1758268800,46248.0,46254.0,46180.0,46197.0,1240,3
1758272400,46197.0,46209.0,46124.0,46137.0,2379,3
1758276000,46140.0,46185.0,46092.0,46176.0,3124,3
1758279600,46174.0,46226.0,46153.0,46208.0,1669,3
1758283200,46208.0,46224.0,46187.0,46192.0,1399,3
1758286800,46192.0,46205.0,46170.0,46195.0,1336,3
1758290400,46194.0,46231.0,46181.0,46226.0,1513,3
1758294000,46225.0,46281.0,46223.0,46261.0,2122,3
1758297600,46261.0,46381.0,46147.0,46229.0,8434,3
1758301200,46230.0,46291.0,46169.0,46206.0,9089,3
1758304800,46206.0,46244.0,46132.0,46206.0,6409,3
1758308400,46205.0,46322.0,46199.0,46299.0,5026,3
1758312000,46299.0,46353.0,46266.0,46345.0,4049,3
1758315600,46345.0,46350.0,46297.0,46346.0,3959,3
1758319200,46346.0,46432.0,46335.0,46345.0,5552,3
1758322800,46344.0,46355.0,46298.0,46312.0,1832,3
1758502800,46303.0,46342.0,46292.0,46310.0,922,3
1758506400,46310.0,46313.0,46283.0,46286.0,540,2
1758510000,46287.0,46315.0,46253.0,46263.0,1529,2
1758513600,46263.0,46295.0,46258.0,46276.0,1053,3
1758517200,46276.0,46288.0,46266.0,46282.0,592,3
1758520800,46282.0,46318.0,46271.0,46311.0,558,3
1758524400,46311.0,46318.0,46289.0,46290.0,409,3
1758528000,46290.0,46310.0,46290.0,46290.0,571,2
1758531600,46290.0,46295.0,46262.0,46267.0,1164,3
1758535200,46267.0,46286.0,46169.0,46202.0,2799,3
1758538800,46203.0,46263.0,46196.0,46229.0,1647,3
1758542400,46229.0,46237.0,46195.0,46206.0,1388,3
1758546000,46206.0,46245.0,46204.0,46205.0,1031,3
1758549600,46204.0,46210.0,46178.0,46203.0,1301,3
1758553200,46203.0,46205.0,46147.0,46157.0,1425,3
1758556800,46157.0,46256.0,46072.0,46246.0,6456,2
1758560400,46247.0,46382.0,46196.0,46376.0,7164,3
1758564000,46376.0,46428.0,46352.0,46381.0,5404,3
1758567600,46381.0,46427.0,46354.0,46418.0,5620,3
1758571200,46417.0,46476.0,46394.0,46419.0,3783,3
1758574800,46419.0,46457.0,46391.0,46452.0,3552,3
1758578400,46453.0,46492.0,46426.0,46429.0,4403,3
1758582000,46430.0,46431.0,46392.0,46411.0,1250,3
1758589200,46408.0,46425.0,46400.0,46414.0,666,3
1758592800,46415.0,46449.0,46409.0,46434.0,483,3
1758596400,46434.0,46453.0,46423.0,46439.0,772,3
1758600000,46439.0,46466.0,46436.0,46446.0,763,3
1758603600,46446.0,46462.0,46440.0,46442.0,573,3
1758607200,46442.0,46456.0,46438.0,46439.0,395,3
1758610800,46439.0,46440.0,46410.0,46421.0,480,3
1758614400,46421.0,46473.0,46416.0,46446.0,722,3
1758618000,46446.0,46467.0,46435.0,46463.0,972,3
1758621600,46461.0,46466.0,46430.0,46442.0,1888,3
1758625200,46442.0,46494.0,46428.0,46493.0,1362,2
1758628800,46493.0,46510.0,46474.0,46495.0,892,3
1758632400,46497.0,46502.0,46442.0,46473.0,1005,3
1758636000,46468.0,46491.0,46455.0,46485.0,1109,3
1758639600,46485.0,46496.0,46473.0,46486.0,1306,3
1758643200,46486.0,46745.0,46472.0,46739.0,7167,3
1758646800,46737.0,46768.0,46598.0,46636.0,8663,3
1758650400,46636.0,46651.0,46461.0,46462.0,6510,3
1758654000,46463.0,46509.0,46413.0,46437.0,6459,3
1758657600,46437.0,46455.0,46259.0,46320.0,9194,3
1758661200,46319.0,46348.0,46264.0,46286.0,7211,3
1758664800,46286.0,46396.0,46286.0,46354.0,6521,3
1758668400,46352.0,46369.0,46343.0,46361.0,1164,3
1758675600,46365.0,46398.0,46363.0,46383.0,630,3
1758679200,46383.0,46384.0,46371.0,46375.0,445,3
1758682800,46374.0,46398.0,46337.0,46388.0,1134,3
1758686400,46388.0,46392.0,46363.0,46379.0,999,3
1758690000,46379.0,46400.0,46371.0,46398.0,792,3
1758693600,46398.0,46404.0,46382.0,46403.0,560,2
1758697200,46403.0,46421.0,46398.0,46417.0,472,2
1758700800,46417.0,46431.0,46410.0,46431.0,600,3
1758704400,46431.0,46448.0,46420.0,46423.0,971,2
1758708000,46424.0,46434.0,46341.0,46411.0,1975,3
1758711600,46409.0,46411.0,46345.0,46363.0,1367,3
1758715200,46363.0,46385.0,46350.0,46366.0,916,3
1758718800,46366.0,46373.0,46334.0,46362.0,922,3
1758722400,46363.0,46400.0,46363.0,46384.0,1200,3
1758726000,46381.0,46432.0,46380.0,46431.0,1573,3
1758729600,46430.0,46507.0,46359.0,46399.0,7144,3
1758733200,46402.0,46430.0,46353.0,46371.0,8742,3
1758736800,46373.0,46388.0,46171.0,46190.0,7775,3
1758740400,46189.0,46254.0,46152.0,46203.0,7904,2
1758744000,46201.0,46267.0,46152.0,46175.0,6131,3
1758747600,46173.0,46208.0,46134.0,46196.0,5585,3
1758751200,46195.0,46196.0,46147.0,46160.0,5677,3
1758754800,46159.0,46219.0,46159.0,46204.0,1233,3
1758762000,46209.0,46209.0,46186.0,46204.0,641,3
1758765600,46204.0,46215.0,46187.0,46213.0,433,3
1758769200,46213.0,46242.0,46208.0,46231.0,1062,3
1758772800,46231.0,46252.0,46223.0,46238.0,743,3
1758776400,46238.0,46249.0,46233.0,46248.0,451,3
1758780000,46248.0,46258.0,46239.0,46257.0,340,3
1758783600,46257.0,46264.0,46219.0,46227.0,447,3
1758787200,46227.0,46228.0,46199.0,46219.0,720,3
1758790800,46219.0,46227.0,46156.0,46164.0,1056,3
1758794400,46164.0,46199.0,46109.0,46176.0,2399,3
1758798000,46179.0,46218.0,46162.0,46184.0,1648,3
1758801600,46184.0,46214.0,46177.0,46207.0,1548,3
1758805200,46207.0,46218.0,46161.0,46173.0,1559,3
1758808800,46174.0,46174.0,46077.0,46089.0,2920,3
1758812400,46088.0,46141.0,45999.0,46036.0,4082,3
1758816000,46036.0,46110.0,45927.0,45977.0,10194,2
1758819600,45975.0,46171.0,45960.0,46152.0,10502,2
1758823200,46151.0,46158.0,45993.0,46093.0,8770,3
1758826800,46092.0,46114.0,46031.0,46036.0,7309,3
1758830400,46034.0,46072.0,45886.0,45888.0,7757,2
1758834000,45887.0,46024.0,45826.0,45997.0,8196,3
1758837600,45996.0,46025.0,45939.0,46002.0,6449,3
1758841200,46001.0,46038.0,45987.0,46003.0,1566,3
1758848400,46007.0,46051.0,45989.0,46006.0,766,3
1758852000,46006.0,46014.0,45979.0,45996.0,1003,3
1758855600,45995.0,46024.0,45977.0,46019.0,1465,3
1758859200,46019.0,46028.0,45985.0,46003.0,1611,3
1758862800,46003.0,46051.0,45999.0,46025.0,1161,3
1758866400,46025.0,46028.0,45980.0,46009.0,1096,3
1758870000,46009.0,46024.0,45967.0,45972.0,1178,3
1758873600,45973.0,46022.0,45969.0,46021.0,1193,3
1758877200,46021.0,46099.0,46013.0,46070.0,2218,3
1758880800,46067.0,46115.0,46035.0,46099.0,2704,3
1758884400,46097.0,46125.0,46071.0,46075.0,2196,3
1758888000,46075.0,46092.0,46051.0,46079.0,2017,3
1758891600,46080.0,46082.0,46047.0,46060.0,1478,3
1758895200,46059.0,46077.0,46032.0,46064.0,1805,3
1758898800,46064.0,46240.0,46061.0,46223.0,4097,3
1758902400,46223.0,46373.0,46147.0,46365.0,8784,2
1758906000,46364.0,46394.0,46076.0,46104.0,13159,2
1758909600,46104.0,46228.0,46072.0,46135.0,10374,2
1758913200,46136.0,46337.0,46124.0,46327.0,7836,2
1758916800,46327.0,46366.0,46289.0,46333.0,5450,3
1758920400,46334.0,46380.0,46298.0,46345.0,4936,3
1758924000,46345.0,46357.0,46260.0,46283.0,5504,3
1758927600,46282.0,46340.0,46281.0,46288.0,1456,3
1759107600,46312.0,46358.0,46306.0,46342.0,957,3
1759111200,46342.0,46372.0,46339.0,46357.0,958,3
1759114800,46357.0,46394.0,46343.0,46380.0,1466,3
1759118400,46380.0,46403.0,46361.0,46398.0,1306,3
1759122000,46398.0,46416.0,46388.0,46413.0,776,3
1759125600,46413.0,46433.0,46406.0,46422.0,639,3
1759129200,46422.0,46442.0,46417.0,46429.0,663,3
1759132800,46429.0,46441.0,46410.0,46414.0,710,3
1759136400,46414.0,46474.0,46409.0,46463.0,1432,3
1759140000,46459.0,46493.0,46417.0,46464.0,2134,3
1759143600,46464.0,46488.0,46440.0,46479.0,1640,3
1759147200,46479.0,46507.0,46469.0,46492.0,1131,3
1759150800,46491.0,46537.0,46489.0,46517.0,1071,3
1759154400,46515.0,46520.0,46448.0,46472.0,1639,3
1759158000,46472.0,46514.0,46459.0,46504.0,1818,3
1759161600,46504.0,46519.0,46222.0,46270.0,8238,3
1759165200,46271.0,46338.0,46228.0,46267.0,9258,3
1759168800,46267.0,46289.0,46192.0,46234.0,8314,3
1759172400,46235.0,46281.0,46211.0,46246.0,5963,3
1759176000,46246.0,46280.0,46198.0,46266.0,5260,3
1759179600,46266.0,46356.0,46264.0,46355.0,4099,3
1759183200,46355.0,46390.0,46236.0,46369.0,6540,3
1759186800,46367.0,46384.0,46322.0,46334.0,1274,3
1759194000,46330.0,46371.0,46329.0,46369.0,604,3
1759197600,46369.0,46384.0,46358.0,46360.0,453,3
1759201200,46359.0,46387.0,46329.0,46379.0,1372,3
1759204800,46378.0,46382.0,46332.0,46345.0,1512,3
1759208400,46346.0,46371.0,46333.0,46365.0,953,3
1759212000,46365.0,46384.0,46353.0,46360.0,900,3
1759215600,46360.0,46366.0,46331.0,46333.0,728,3
1759219200,46333.0,46357.0,46324.0,46350.0,1137,3
1759222800,46349.0,46366.0,46297.0,46298.0,1609,3
1759226400,46298.0,46314.0,46237.0,46288.0,3311,3
1759230000,46283.0,46287.0,46240.0,46268.0,2332,3
1759233600,46268.0,46287.0,46252.0,46258.0,1413,3
1759237200,46258.0,46272.0,46211.0,46257.0,1339,3
1759240800,46258.0,46282.0,46234.0,46268.0,1558,3
1759244400,46268.0,46337.0,46249.0,46313.0,1938,3
1759248000,46313.0,46412.0,46288.0,46412.0,7573,3
1759251600,46408.0,46427.0,46167.0,46251.0,11576,2
1759255200,46250.0,46287.0,46146.0,46246.0,8846,3
1759258800,46246.0,46393.0,46229.0,46250.0,6665,2
1759262400,46250.0,46269.0,46181.0,46224.0,6526,3
1759266000,46225.0,46359.0,46214.0,46343.0,6001,3
1759269600,46341.0,46473.0,46335.0,46444.0,6951,3
1759273200,46444.0,46449.0,46342.0,46354.0,2487,3
1759280400,46371.0,46433.0,46356.0,46374.0,1042,3
1759284000,46374.0,46399.0,46350.0,46390.0,1063,3
1759287600,46390.0,46399.0,46319.0,46327.0,2087,3
1759291200,46327.0,46332.0,46295.0,46300.0,1342,3
1759294800,46299.0,46304.0,46270.0,46281.0,1099,3
1759298400,46281.0,46284.0,46246.0,46260.0,912,3
1759302000,46260.0,46281.0,46251.0,46269.0,835,3
1759305600,46269.0,46274.0,46226.0,46230.0,930,2
1759309200,46230.0,46256.0,46107.0,46126.0,2965,3
1759312800,46126.0,46163.0,46098.0,46152.0,3654,3
1759316400,46157.0,46209.0,46119.0,46190.0,2663,3
1759320000,46190.0,46239.0,46185.0,46224.0,1719,3
1759323600,46224.0,46242.0,46205.0,46214.0,1568,3
1759327200,46214.0,46322.0,46209.0,46316.0,2081,3
1759330800,46317.0,46346.0,46250.0,46337.0,4472,3
1759334400,46337.0,46491.0,46294.0,46332.0,9325,3
1759338000,46329.0,46479.0,46319.0,46431.0,9956,3
1759341600,46432.0,46578.0,46409.0,46514.0,6599,3
1759345200,46514.0,46532.0,46380.0,46408.0,5127,3
1759348800,46408.0,46475.0,46393.0,46461.0,5006,3
1759352400,46462.0,46557.0,46460.0,46547.0,4726,3
1759356000,46548.0,46560.0,46481.0,46483.0,5202,3
1759359600,46481.0,46487.0,46444.0,46457.0,1542,3
1759366800,46470.0,46493.0,46458.0,46461.0,427,3
1759370400,46461.0,46492.0,46448.0,46477.0,779,3
1759374000,46479.0,46519.0,46451.0,46504.0,1460,3
1759377600,46504.0,46535.0,46482.0,46522.0,1337,3
1759381200,46522.0,46525.0,46479.0,46487.0,925,3
1759384800,46487.0,46500.0,46466.0,46480.0,797,3
1759388400,46480.0,46514.0,46455.0,46491.0,926,3
1759392000,46491.0,46511.0,46478.0,46488.0,988,3
1759395600,46489.0,46501.0,46449.0,46465.0,1717,3
1759399200,46467.0,46498.0,46454.0,46473.0,2921,3
1759402800,46471.0,46498.0,46458.0,46486.0,2027,2
1759406400,46486.0,46488.0,46428.0,46457.0,1502,3
1759410000,46457.0,46477.0,46447.0,46459.0,1218,3
1759413600,46460.0,46476.0,46449.0,46457.0,1191,2
1759417200,46457.0,46492.0,46447.0,46450.0,1492,3
1759420800,46449.0,46625.0,46436.0,46580.0,8411,3
1759424400,46576.0,46594.0,46372.0,46395.0,9954,3
1759428000,46396.0,46438.0,46311.0,46432.0,8054,3
1759431600,46430.0,46491.0,46387.0,46466.0,5667,3
1759435200,46465.0,46554.0,46432.0,46551.0,4470,3
1759438800,46551.0,46633.0,46549.0,46592.0,4114,3
1759442400,46593.0,46606.0,46547.0,46571.0,4619,3
1759446000,46573.0,46583.0,46551.0,46565.0,1094,3
1759453200,46564.0,46579.0,46532.0,46575.0,768,3
1759456800,46575.0,46584.0,46561.0,46581.0,573,3
1759460400,46578.0,46607.0,46557.0,46596.0,1051,3
1759464000,46595.0,46637.0,46587.0,46636.0,938,3
1759467600,46636.0,46637.0,46605.0,46627.0,634,3
1759471200,46627.0,46663.0,46627.0,46656.0,516,3
1759474800,46656.0,46672.0,46652.0,46670.0,454,3
1759478400,46669.0,46677.0,46651.0,46652.0,539,3
1759482000,46652.0,46680.0,46632.0,46664.0,1076,3
1759485600,46666.0,46695.0,46663.0,46687.0,1543,2
1759489200,46686.0,46702.0,46663.0,46672.0,1186,2
1759492800,46672.0,46721.0,46667.0,46716.0,926,2
1759496400,46717.0,46717.0,46673.0,46675.0,818,3
1759500000,46668.0,46683.0,46629.0,46658.0,1499,3
1759503600,46658.0,46667.0,46607.0,46630.0,1650,3
1759507200,46629.0,46856.0,46599.0,46791.0,6585,3
1759510800,46787.0,47042.0,46754.0,46972.0,9251,3
1759514400,46973.0,47028.0,46866.0,47018.0,6076,2
1759518000,47019.0,47094.0,47009.0,47077.0,4929,3
1759521600,47078.0,47078.0,46819.0,46866.0,8771,3
1759525200,46867.0,46942.0,46796.0,46879.0,8621,3
1759528800,46879.0,46897.0,46786.0,46805.0,6534,3
1759532400,46806.0,46818.0,46783.0,46803.0,1489,3
1759712400,46836.0,46895.0,46832.0,46883.0,1712,3
1759716000,46883.0,46936.0,46880.0,46897.0,1405,3
1759719600,46897.0,46902.0,46837.0,46856.0,1873,3
1759723200,46856.0,46873.0,46839.0,46871.0,886,3
1759726800,46871.0,46897.0,46863.0,46892.0,486,3
1759730400,46892.0,46912.0,46891.0,46902.0,670,3
1759734000,46902.0,46940.0,46879.0,46930.0,917,3
1759737600,46930.0,46931.0,46893.0,46896.0,841,3
1759741200,46896.0,46908.0,46878.0,46904.0,1260,3
1759744800,46904.0,46909.0,46826.0,46859.0,3216,3
1759748400,46860.0,46891.0,46856.0,46864.0,2028,3
1759752000,46864.0,46905.0,46858.0,46897.0,1143,3
1759755600,46897.0,46919.0,46876.0,46902.0,1347,3
1759759200,46902.0,46925.0,46875.0,46924.0,1652,3
1759762800,46923.0,46923.0,46876.0,46877.0,2027,3
1759766400,46877.0,46929.0,46569.0,46573.0,8480,3
1759770000,46563.0,46711.0,46470.0,46686.0,10097,2
1759773600,46686.0,46755.0,46683.0,46703.0,6731,3
1759777200,46703.0,46716.0,46643.0,46686.0,5075,3
1759780800,46685.0,46790.0,46661.0,46773.0,5374,3
1759784400,46773.0,46780.0,46721.0,46733.0,4017,3
1759788000,46733.0,46770.0,46704.0,46730.0,4628,3
1759791600,46731.0,46745.0,46715.0,46737.0,1042,3
1759798800,46734.0,46755.0,46654.0,46661.0,931,3
1759802400,46662.0,46687.0,46650.0,46666.0,1151,3
1759806000,46666.0,46675.0,46646.0,46671.0,1562,3
1759809600,46671.0,46684.0,46646.0,46663.0,1016,3
1759813200,46663.0,46677.0,46650.0,46656.0,611,3
1759816800,46655.0,46657.0,46631.0,46644.0,536,3
1759820400,46644.0,46676.0,46641.0,46672.0,623,3
1759824000,46672.0,46674.0,46649.0,46651.0,703,3
1759827600,46651.0,46659.0,46606.0,46650.0,1508,3
1759831200,46651.0,46658.0,46613.0,46624.0,2201,3
1759834800,46624.0,46654.0,46589.0,46652.0,1531,3
1759838400,46651.0,46678.0,46647.0,46666.0,841,3
1759842000,46665.0,46786.0,46665.0,46749.0,1690,3
1759845600,46748.0,46780.0,46724.0,46755.0,1385,3
1759849200,46755.0,46814.0,46748.0,46810.0,1380,3
1759852800,46810.0,46916.0,46728.0,46731.0,7994,3
1759856400,46724.0,46749.0,46629.0,46666.0,9268,3
1759860000,46665.0,46693.0,46547.0,46559.0,11454,3
1759863600,46557.0,46631.0,46483.0,46559.0,8342,3
1759867200,46559.0,46635.0,46543.0,46558.0,6810,3
1759870800,46558.0,46601.0,46517.0,46593.0,6024,3
1759874400,46593.0,46650.0,46572.0,46640.0,5539,3
1759878000,46640.0,46676.0,46640.0,46661.0,1219,3
1759885200,46669.0,46689.0,46657.0,46681.0,524,3
1759888800,46681.0,46681.0,46613.0,46624.0,1095,3
1759892400,46624.0,46665.0,46608.0,46655.0,1493,3
1759896000,46655.0,46688.0,46655.0,46671.0,1594,3
1759899600,46671.0,46704.0,46667.0,46690.0,848,3
1759903200,46690.0,46697.0,46678.0,46693.0,595,3
1759906800,46694.0,46703.0,46675.0,46684.0,558,3
1759910400,46684.0,46684.0,46647.0,46651.0,989,3
1759914000,46651.0,46668.0,46636.0,46662.0,1562,3
1759917600,46663.0,46733.0,46656.0,46718.0,2393,3
1759921200,46718.0,46724.0,46671.0,46702.0,1302,3
1759924800,46702.0,46729.0,46690.0,46702.0,1195,3
1759928400,46702.0,46754.0,46670.0,46751.0,1082,3
1759932000,46748.0,46772.0,46716.0,46760.0,1613,3
1759935600,46760.0,46770.0,46727.0,46766.0,1779,3
1759939200,46765.0,46795.0,46541.0,46564.0,7765,2
1759942800,46564.0,46764.0,46557.0,46745.0,8674,3
1759946400,46746.0,46869.0,46735.0,46835.0,5708,3
1759950000,46835.0,46851.0,46758.0,46796.0,4385,3
1759953600,46796.0,46811.0,46705.0,46714.0,3994,3
1759957200,46712.0,46741.0,46642.0,46663.0,5928,2
1759960800,46663.0,46686.0,46639.0,46657.0,5131,3
1759964400,46656.0,46688.0,46645.0,46665.0,1214,3
1759971600,46669.0,46706.0,46662.0,46694.0,639,3
1759975200,46695.0,46725.0,46677.0,46697.0,838,3
1759978800,46697.0,46699.0,46677.0,46697.0,840,3
1759982400,46697.0,46706.0,46665.0,46674.0,1329,3
1759986000,46674.0,46675.0,46638.0,46645.0,819,3
1759989600,46645.0,46664.0,46585.0,46607.0,1004,3
1759993200,46607.0,46643.0,46603.0,46642.0,523,3
1759996800,46642.0,46678.0,46633.0,46668.0,815,3
1760000400,46668.0,46688.0,46643.0,46661.0,1474,3
1760004000,46661.0,46682.0,46651.0,46653.0,1992,3
1760007600,46653.0,46671.0,46640.0,46662.0,1456,3
1760011200,46660.0,46698.0,46648.0,46679.0,990,3
1760014800,46679.0,46686.0,46653.0,46667.0,984,3
1760018400,46667.0,46697.0,46661.0,46661.0,1192,3
1760022000,46661.0,46667.0,46633.0,46658.0,1313,3
1760025600,46657.0,46729.0,46491.0,46501.0,8233,2
1760029200,46501.0,46551.0,46402.0,46472.0,9790,3
1760032800,46473.0,46528.0,46403.0,46489.0,7401,3
1760036400,46488.0,46518.0,46372.0,46378.0,6532,3
1760040000,46380.0,46427.0,46332.0,46387.0,7366,3
1760043600,46386.0,46390.0,46302.0,46329.0,5323,3
1760047200,46329.0,46420.0,46314.0,46397.0,5223,3
1760050800,46398.0,46413.0,46379.0,46405.0,1301,3
1760058000,46405.0,46436.0,46398.0,46431.0,783,3
1760061600,46431.0,46448.0,46419.0,46447.0,658,3
1760065200,46448.0,46464.0,46415.0,46452.0,1119,3
1760068800,46452.0,46464.0,46440.0,46459.0,743,3
1760072400,46459.0,46462.0,46433.0,46439.0,503,3
1760076000,46439.0,46454.0,46426.0,46435.0,728,3
1760079600,46435.0,46448.0,46409.0,46417.0,675,3
1760083200,46417.0,46456.0,46399.0,46454.0,805,3
1760086800,46454.0,46474.0,46387.0,46411.0,2331,3
1760090400,46411.0,46454.0,46407.0,46450.0,2403,3
1760094000,46450.0,46453.0,46429.0,46439.0,1491,3
1760097600,46439.0,46450.0,46383.0,46392.0,1885,3
1760101200,46392.0,46444.0,46390.0,46440.0,1244,3
1760104800,46440.0,46457.0,46425.0,46452.0,1307,3
1760108400,46452.0,46477.0,46437.0,46452.0,1633,2
1760112000,46452.0,46675.0,46452.0,46537.0,7656,3
1760115600,46526.0,46587.0,46172.0,46258.0,10685,3
1760119200,46259.0,46279.0,45784.0,45889.0,22468,2
1760122800,45887.0,45975.0,45775.0,45807.0,16437,2
1760126400,45807.0,45901.0,45722.0,45835.0,13636,3
1760130000,45835.0,45859.0,45680.0,45703.0,11598,3
1760133600,45701.0,45763.0,45489.0,45506.0,13097,2
1760137200,45506.0,45580.0,45186.0,45273.0,6982,2
1760317200,45867.0,45966.0,45779.0,45837.0,4227,2
1760320800,45837.0,45897.0,45789.0,45877.0,5626,2
1760324400,45877.0,45905.0,45812.0,45899.0,4491,2
1760328000,45899.0,45926.0,45852.0,45920.0,2772,2
1760331600,45920.0,45954.0,45916.0,45926.0,1309,3
1760335200,45926.0,45950.0,45885.0,45904.0,1927,3
1760338800,45904.0,45931.0,45892.0,45926.0,1412,3
1760342400,45926.0,45963.0,45906.0,45950.0,1515,3
1760346000,45950.0,45979.0,45897.0,45973.0,2674,2
1760349600,45973.0,46081.0,45945.0,46023.0,3833,2
1760353200,46023.0,46073.0,45955.0,45985.0,3038,3
1760356800,45985.0,46003.0,45951.0,45961.0,1954,3
1760360400,45961.0,45989.0,45917.0,45953.0,1946,3
1760364000,45956.0,46006.0,45814.0,45868.0,5911,3
1760367600,45868.0,45945.0,45822.0,45920.0,3651,3
1760371200,45920.0,46047.0,45838.0,46039.0,12259,2
1760374800,46038.0,46070.0,45874.0,45942.0,14074,2
1760378400,45942.0,46166.0,45906.0,46103.0,8466,3
1760382000,46103.0,46182.0,46079.0,46176.0,6578,3
1760385600,46176.0,46203.0,46035.0,46099.0,6165,3
1760389200,46098.0,46183.0,46012.0,46024.0,5099,3
1760392800,46024.0,46163.0,46007.0,46114.0,6734,3
1760396400,46115.0,46133.0,46089.0,46109.0,1491,3
1760403600,46128.0,46172.0,46128.0,46163.0,1094,2
1760407200,46163.0,46166.0,46115.0,46138.0,1358,3
1760410800,46138.0,46292.0,46121.0,46250.0,3348,3
1760414400,46250.0,46251.0,46175.0,46237.0,2901,3
1760418000,46237.0,46249.0,46186.0,46191.0,1741,3
1760421600,46191.0,46197.0,46122.0,46145.0,2190,3
1760425200,46145.0,46154.0,45999.0,46049.0,5780,3
1760428800,46049.0,46053.0,45846.0,45935.0,5676,3
1760432400,45935.0,45965.0,45890.0,45912.0,5269,3
1760436000,45912.0,45934.0,45760.0,45869.0,7606,3
1760439600,45869.0,45933.0,45806.0,45922.0,4957,3
1760443200,45922.0,45954.0,45863.0,45865.0,2756,3
1760446800,45865.0,45880.0,45714.0,45763.0,5699,3
1760450400,45762.0,45942.0,45762.0,45849.0,4855,3
1760454000,45848.0,45872.0,45626.0,45734.0,4594,3
1760457600,45734.0,45814.0,45487.0,45747.0,11418,3
1760461200,45747.0,46073.0,45715.0,46069.0,12642,3
1760464800,46068.0,46314.0,46026.0,46284.0,11368,3
1760468400,46284.0,46481.0,46216.0,46409.0,9509,3
1760472000,46409.0,46567.0,46351.0,46527.0,8275,3
1760475600,46528.0,46547.0,46466.0,46512.0,7507,3
1760479200,46512.0,46547.0,46220.0,46320.0,10609,3
1760482800,46319.0,46373.0,46245.0,46301.0,2721,3
1760490000,46317.0,46386.0,46305.0,46343.0,1925,3
1760493600,46343.0,46401.0,46333.0,46342.0,1668,3
1760497200,46342.0,46389.0,46311.0,46382.0,3323,3
1760500800,46382.0,46400.0,46341.0,46372.0,2215,3
1760504400,46372.0,46423.0,46368.0,46387.0,1696,3
1760508000,46387.0,46405.0,46354.0,46389.0,1522,3
1760511600,46389.0,46432.0,46385.0,46426.0,1134,3
1760515200,46426.0,46456.0,46418.0,46429.0,2277,3
1760518800,46429.0,46456.0,46404.0,46454.0,2203,3
1760522400,46454.0,46485.0,46425.0,46462.0,2740,3
1760526000,46462.0,46499.0,46447.0,46464.0,2363,3
1760529600,46464.0,46527.0,46461.0,46520.0,2181,3
1760533200,46520.0,46537.0,46499.0,46517.0,1498,3
1760536800,46517.0,46564.0,46507.0,46554.0,1774,3
1760540400,46554.0,46591.0,46535.0,46561.0,2844,3
1760544000,46560.0,46687.0,46463.0,46649.0,9447,3
1760547600,46649.0,46744.0,46587.0,46615.0,11410,2
1760551200,46614.0,46625.0,46346.0,46418.0,11969,2
1760554800,46418.0,46480.0,46337.0,46356.0,11458,3
1760558400,46356.0,46391.0,46065.0,46379.0,14894,3
1760562000,46380.0,46396.0,46312.0,46368.0,9035,3
1760565600,46367.0,46377.0,46223.0,46323.0,8986,3
1760569200,46321.0,46376.0,46273.0,46308.0,2543,3
1760576400,46371.0,46433.0,46359.0,46407.0,1493,3
1760580000,46407.0,46407.0,46328.0,46354.0,1604,3
1760583600,46354.0,46369.0,46306.0,46337.0,3012,3
1760587200,46337.0,46371.0,46328.0,46347.0,2069,3
1760590800,46346.0,46361.0,46302.0,46337.0,1640,3
1760594400,46337.0,46350.0,46298.0,46307.0,1270,3
1760598000,46307.0,46338.0,46300.0,46330.0,1035,3
1760601600,46330.0,46359.0,46308.0,46337.0,1824,3
1760605200,46337.0,46399.0,46335.0,46393.0,1958,3
1760608800,46396.0,46449.0,46338.0,46419.0,3502,3
1760612400,46419.0,46453.0,46387.0,46413.0,2234,3
1760616000,46413.0,46484.0,46407.0,46481.0,1497,3
1760619600,46481.0,46534.0,46472.0,46511.0,1348,2
1760623200,46510.0,46533.0,46406.0,46421.0,1688,3
1760626800,46420.0,46452.0,46346.0,46422.0,2553,3
1760630400,46422.0,46464.0,46334.0,46366.0,10322,3
1760634000,46366.0,46466.0,46279.0,46358.0,14160,3
1760637600,46358.0,46470.0,46213.0,46249.0,13403,2
1760641200,46249.0,46296.0,45932.0,46188.0,15887,2
1760644800,46188.0,46252.0,46078.0,46116.0,13859,2
1760648400,46116.0,46125.0,45823.0,46020.0,14538,2
1760652000,46020.0,46054.0,45851.0,46004.0,13063,3
1760655600,46003.0,46026.0,45887.0,45953.0,3160,3
1760662800,45964.0,46014.0,45883.0,45887.0,2575,3
1760666400,45887.0,45937.0,45868.0,45935.0,3630,3
1760670000,45935.0,45962.0,45892.0,45905.0,3493,3
1760673600,45905.0,45966.0,45876.0,45905.0,3380,3
1760677200,45905.0,45922.0,45878.0,45900.0,2490,3
1760680800,45900.0,45916.0,45842.0,45880.0,2256,3
1760684400,45880.0,45891.0,45835.0,45843.0,1993,3
1760688000,45843.0,45848.0,45759.0,45806.0,3302,3
1760691600,45806.0,45837.0,45702.0,45717.0,4929,3
1760695200,45719.0,45729.0,45447.0,45553.0,11347,2
1760698800,45553.0,45637.0,45479.0,45596.0,7310,3
1760702400,45596.0,45719.0,45589.0,45617.0,4723,3
1760706000,45618.0,45748.0,45606.0,45745.0,6389,3
1760709600,45745.0,46028.0,45740.0,45976.0,9351,3
1760713200,45976.0,46111.0,45945.0,46024.0,7104,3
1760716800,46024.0,46233.0,45961.0,46091.0,13509,2
1760720400,46091.0,46258.0,45985.0,45992.0,17923,3
1760724000,45991.0,46199.0,45939.0,46166.0,14285,3
1760727600,46165.0,46259.0,46077.0,46120.0,10189,3
1760731200,46120.0,46189.0,46045.0,46175.0,10707,3
1760734800,46176.0,46315.0,46174.0,46291.0,7275,3
1760738400,46291.0,46359.0,46215.0,46225.0,7397,3
1760742000,46222.0,46286.0,46217.0,46267.0,1497,3
1760922000,46331.0,46351.0,46288.0,46306.0,1010,3
1760925600,46305.0,46308.0,46216.0,46236.0,3107,3
1760929200,46236.0,46295.0,46163.0,46284.0,3934,3
1760932800,46284.0,46324.0,46261.0,46280.0,3012,3
1760936400,46281.0,46301.0,46259.0,46294.0,1716,3
1760940000,46294.0,46344.0,46289.0,46331.0,910,3
1760943600,46331.0,46358.0,46325.0,46356.0,1200,3
1760947200,46356.0,46390.0,46336.0,46378.0,1338,3
1760950800,46378.0,46399.0,46344.0,46379.0,2210,3
1760954400,46379.0,46430.0,46363.0,46390.0,2626,3
1760958000,46390.0,46392.0,46305.0,46323.0,2329,3
1760961600,46323.0,46359.0,46304.0,46332.0,1950,3
1760965200,46332.0,46349.0,46272.0,46277.0,2126,3
1760968800,46277.0,46334.0,46264.0,46333.0,1952,3
1760972400,46333.0,46396.0,46305.0,46395.0,1845,3
1760976000,46395.0,46534.0,46373.0,46420.0,8654,3
1760979600,46418.0,46683.0,46417.0,46661.0,9662,3
1760983200,46662.0,46664.0,46562.0,46586.0,7884,2
1760986800,46586.0,46688.0,46578.0,46684.0,6134,3
1760990400,46684.0,46779.0,46683.0,46765.0,4489,2
1760994000,46765.0,46805.0,46733.0,46769.0,4107,3
1760997600,46769.0,46809.0,46741.0,46758.0,4879,3
1761001200,46757.0,46807.0,46735.0,46802.0,1213,3
1761008400,46808.0,46814.0,46784.0,46791.0,974,3
1761012000,46790.0,46815.0,46766.0,46772.0,1055,3
1761015600,46771.0,46806.0,46768.0,46799.0,1553,3
1761019200,46799.0,46815.0,46778.0,46788.0,1150,3
1761022800,46788.0,46812.0,46776.0,46781.0,927,3
1761026400,46781.0,46791.0,46762.0,46770.0,1156,3
1761030000,46770.0,46773.0,46735.0,46750.0,1315,3
1761033600,46751.0,46764.0,46709.0,46730.0,1552,3
1761037200,46730.0,46732.0,46686.0,46700.0,1627,3
1761040800,46700.0,46707.0,46674.0,46700.0,2331,3
1761044400,46698.0,46702.0,46665.0,46670.0,1691,3
1761048000,46670.0,46715.0,46669.0,46699.0,1226,3
1761051600,46699.0,46760.0,46699.0,46752.0,1658,3
1761055200,46753.0,46802.0,46747.0,46785.0,1700,3
1761058800,46785.0,46797.0,46755.0,46763.0,1606,3
1761062400,46763.0,46846.0,46727.0,46816.0,8750,3
1761066000,46817.0,47091.0,46775.0,47088.0,10923,3
1761069600,47088.0,47186.0,47048.0,47055.0,8781,2
1761073200,47055.0,47129.0,47022.0,47031.0,6974,3
1761076800,47030.0,47096.0,46998.0,47069.0,8114,3
1761080400,47069.0,47103.0,47025.0,47041.0,5114,3
1761084000,47040.0,47061.0,46973.0,46980.0,5150,3
1761087600,46979.0,47015.0,46966.0,47004.0,2340,3
1761094800,46978.0,47016.0,46964.0,47015.0,1229,3
1761098400,47015.0,47015.0,46967.0,46969.0,1173,3
1761102000,46969.0,46992.0,46948.0,46953.0,2227,3
1761105600,46953.0,46990.0,46942.0,46986.0,1316,3
1761109200,46986.0,46999.0,46970.0,46986.0,882,3
1761112800,46986.0,47007.0,46948.0,47003.0,1132,3
1761116400,47003.0,47052.0,47000.0,47042.0,1383,3
1761120000,47042.0,47052.0,47007.0,47017.0,1055,3
1761123600,47017.0,47056.0,47002.0,47039.0,1733,3
1761127200,47039.0,47041.0,46986.0,47017.0,2690,3
1761130800,47017.0,47021.0,46956.0,46978.0,2284,3
1761134400,46978.0,47001.0,46936.0,46993.0,1653,3
1761138000,46993.0,47013.0,46981.0,46987.0,1255,3
1761141600,46986.0,46989.0,46941.0,46952.0,2611,3
1761145200,46952.0,47016.0,46944.0,46999.0,2155,3
1761148800,47001.0,47003.0,46842.0,46868.0,7960,3
1761152400,46868.0,46918.0,46791.0,46882.0,11874,3
1761156000,46882.0,46908.0,46772.0,46847.0,10895,3
1761159600,46846.0,46860.0,46543.0,46767.0,12790,2
1761163200,46768.0,46780.0,46500.0,46571.0,11416,2
1761166800,46571.0,46634.0,46508.0,46622.0,10857,2
1761170400,46620.0,46680.0,46557.0,46636.0,8692,2
1761174000,46635.0,46686.0,46524.0,46574.0,2292,2
1761181200,46559.0,46572.0,46531.0,46563.0,1472,2
1761184800,46563.0,46591.0,46519.0,46526.0,1413,2
1761188400,46526.0,46557.0,46461.0,46552.0,2902,2
1761192000,46552.0,46607.0,46544.0,46601.0,2169,2
1761195600,46601.0,46628.0,46598.0,46616.0,1254,2
1761199200,46616.0,46642.0,46593.0,46603.0,1256,2
1761202800,46603.0,46614.0,46576.0,46590.0,1179,2
1761206400,46590.0,46612.0,46566.0,46606.0,1514,2
1761210000,46606.0,46621.0,46581.0,46615.0,1951,2
1761213600,46614.0,46625.0,46551.0,46610.0,2746,2
1761217200,46608.0,46616.0,46563.0,46573.0,1990,2
1761220800,46573.0,46589.0,46504.0,46536.0,2178,2
1761224400,46535.0,46619.0,46535.0,46605.0,1919,2
1761228000,46605.0,46615.0,46513.0,46545.0,2651,3
1761231600,46545.0,46584.0,46509.0,46577.0,3274,3
1761235200,46577.0,46769.0,46520.0,46684.0,8959,2
1761238800,46688.0,46712.0,46536.0,46677.0,11146,3
1761242400,46677.0,46727.0,46599.0,46672.0,9405,3
1761246000,46672.0,46782.0,46644.0,46763.0,5905,3
1761249600,46765.0,46833.0,46689.0,46820.0,6316,3
1761253200,46818.0,46852.0,46785.0,46827.0,4655,3
1761256800,46829.0,46842.0,46753.0,46774.0,5001,3
1761260400,46774.0,46781.0,46718.0,46742.0,1535,3
1761267600,46750.0,46781.0,46750.0,46770.0,1238,3
1761271200,46770.0,46779.0,46764.0,46778.0,939,3
1761274800,46778.0,46782.0,46750.0,46778.0,1091,3
1761278400,46778.0,46808.0,46777.0,46807.0,1012,3
1761282000,46806.0,46821.0,46791.0,46804.0,870,3
1761285600,46805.0,46834.0,46797.0,46832.0,679,3
1761289200,46832.0,46837.0,46815.0,46830.0,556,3
1761292800,46830.0,46859.0,46824.0,46856.0,715,3
1761296400,46858.0,46892.0,46853.0,46874.0,1139,3
1761300000,46872.0,46878.0,46813.0,46819.0,1917,3
1761303600,46818.0,46825.0,46755.0,46791.0,1708,3
1761307200,46791.0,46849.0,46790.0,46826.0,1061,3
1761310800,46826.0,46850.0,46820.0,46827.0,925,3
1761314400,46829.0,46876.0,46829.0,46866.0,1080,3
1761318000,46865.0,47124.0,46843.0,46975.0,4544,3
1761321600,46976.0,47186.0,46960.0,47178.0,8720,3
1761325200,47175.0,47215.0,47098.0,47162.0,10528,3
1761328800,47164.0,47367.0,47150.0,47324.0,7424,3
1761332400,47324.0,47348.0,47226.0,47273.0,5705,3
1761336000,47273.0,47354.0,47259.0,47309.0,4827,3
1761339600,47308.0,47345.0,47292.0,47340.0,4644,3
1761343200,47339.0,47352.0,47235.0,47260.0,4984,3
1761346800,47264.0,47279.0,47237.0,47239.0,1462,2
1761526800,47551.0,47629.0,47513.0,47541.0,1647,3
1761530400,47545.0,47575.0,47525.0,47534.0,1878,3
1761534000,47534.0,47564.0,47512.0,47533.0,2000,3
1761537600,47533.0,47537.0,47494.0,47496.0,1226,3
1761541200,47496.0,47522.0,47475.0,47518.0,801,3
1761544800,47518.0,47555.0,47512.0,47537.0,853,3
1761548400,47537.0,47558.0,47532.0,47550.0,752,3
1761552000,47550.0,47571.0,47546.0,47566.0,727,3
1761555600,47566.0,47607.0,47562.0,47589.0,1079,3
1761559200,47589.0,47610.0,47575.0,47576.0,1488,3
1761562800,47575.0,47581.0,47516.0,47534.0,1889,3
1761566400,47534.0,47552.0,47508.0,47542.0,1170,3
1761570000,47542.0,47542.0,47518.0,47533.0,936,3
1761573600,47533.0,47545.0,47470.0,47475.0,1187,3
1761577200,47475.0,47512.0,47468.0,47505.0,1357,3
1761580800,47505.0,47569.0,47421.0,47517.0,7693,3
1761584400,47517.0,47578.0,47458.0,47486.0,8936,3
1761588000,47484.0,47525.0,47435.0,47510.0,5542,3
1761591600,47510.0,47529.0,47476.0,47505.0,4019,3
1761595200,47505.0,47510.0,47427.0,47487.0,3302,3
1761598800,47486.0,47508.0,47462.0,47496.0,3014,3
1761602400,47496.0,47614.0,47486.0,47586.0,4214,3
1761606000,47585.0,47644.0,47584.0,47622.0,1662,3
1761613200,47623.0,47625.0,47600.0,47605.0,698,3
1761616800,47605.0,47641.0,47592.0,47598.0,1097,3
1761620400,47598.0,47624.0,47590.0,47616.0,1331,3
1761624000,47616.0,47620.0,47592.0,47596.0,1235,3
1761627600,47596.0,47606.0,47580.0,47589.0,984,3
1761631200,47589.0,47605.0,47580.0,47595.0,914,3
1761634800,47595.0,47604.0,47572.0,47580.0,937,3
1761638400,47580.0,47593.0,47569.0,47580.0,998,3
1761642000,47580.0,47606.0,47572.0,47577.0,1229,3
1761645600,47577.0,47605.0,47569.0,47576.0,1332,2
1761649200,47576.0,47601.0,47564.0,47594.0,1601,2
1761652800,47593.0,47673.0,47570.0,47664.0,1017,2
1761656400,47664.0,47709.0,47625.0,47641.0,1587,2
1761660000,47641.0,47774.0,47641.0,47766.0,1539,2
1761663600,47767.0,47826.0,47767.0,47807.0,1540,2
1761667200,47807.0,47966.0,47734.0,47784.0,9034,3
1761670800,47784.0,47911.0,47767.0,47834.0,9297,3
1761674400,47834.0,47874.0,47734.0,47764.0,6873,3
1761678000,47764.0,47932.0,47760.0,47923.0,6938,2
1761681600,47923.0,47991.0,47903.0,47920.0,6060,3
1761685200,47920.0,47995.0,47883.0,47903.0,4746,3
1761688800,47902.0,47902.0,47743.0,47767.0,6064,3
1761692400,47766.0,47793.0,47705.0,47758.0,2375,3
1761699600,47752.0,47780.0,47742.0,47744.0,827,3
1761703200,47742.0,47749.0,47724.0,47735.0,872,3
1761706800,47735.0,47746.0,47704.0,47713.0,1270,3
1761710400,47713.0,47740.0,47695.0,47696.0,1547,3
1761714000,47696.0,47739.0,47695.0,47725.0,1067,3
1761717600,47725.0,47737.0,47713.0,47725.0,857,3
1761721200,47725.0,47741.0,47709.0,47737.0,763,3
1761724800,47737.0,47745.0,47719.0,47727.0,755,3
1761728400,47727.0,47744.0,47720.0,47742.0,758,3
1761732000,47742.0,47764.0,47728.0,47755.0,1304,3
1761735600,47755.0,47771.0,47654.0,47660.0,1974,2
1761739200,47660.0,47667.0,47618.0,47665.0,1640,2
1761742800,47665.0,47846.0,47656.0,47823.0,1757,3
1761746400,47823.0,47887.0,47805.0,47843.0,1739,3
1761750000,47843.0,47893.0,47819.0,47882.0,1749,3
1761753600,47882.0,48095.0,47832.0,48051.0,8433,3
1761757200,48051.0,48057.0,47944.0,48006.0,10350,3
1761760800,48007.0,48043.0,47976.0,47977.0,7520,3
1761764400,47978.0,48070.0,47965.0,48023.0,5717,2
1761768000,48023.0,48028.0,47865.0,47873.0,5194,3
1761771600,47874.0,47928.0,47510.0,47710.0,16022,3
1761775200,47713.0,47748.0,47498.0,47705.0,15880,3
1761778800,47706.0,47754.0,47538.0,47638.0,3485,3
1761786000,47612.0,47652.0,47564.0,47592.0,683,3
1761789600,47592.0,47670.0,47570.0,47648.0,1879,3
1761793200,47648.0,47764.0,47642.0,47721.0,3208,3
1761796800,47721.0,47756.0,47680.0,47736.0,2851,3
1761800400,47736.0,47815.0,47730.0,47771.0,2033,3
1761804000,47772.0,47809.0,47754.0,47766.0,1997,2
1761807600,47766.0,47770.0,47537.0,47596.0,8571,2
1761811200,47596.0,47725.0,47585.0,47680.0,4276,3
1761814800,47680.0,47683.0,47604.0,47654.0,4361,3
1761818400,47656.0,47718.0,47606.0,47672.0,3499,3
1761822000,47676.0,47679.0,47570.0,47572.0,3465,2
1761825600,47572.0,47593.0,47485.0,47504.0,2777,2
1761829200,47504.0,47574.0,47502.0,47543.0,2424,2
1761832800,47543.0,47601.0,47524.0,47533.0,2052,3
1761836400,47533.0,47553.0,47448.0,47484.0,5032,3
1761840000,47484.0,47917.0,47437.0,47887.0,12225,3
1761843600,47886.0,48045.0,47830.0,48002.0,15558,3
1761847200,48004.0,48067.0,47838.0,47898.0,10581,3
1761850800,47898.0,47949.0,47831.0,47864.0,9180,3
1761854400,47864.0,47864.0,47767.0,47844.0,8684,3
1761858000,47844.0,47850.0,47680.0,47688.0,8306,3
1761861600,47688.0,47697.0,47543.0,47553.0,9928,3
1761865200,47552.0,47702.0,47531.0,47626.0,7079,2
1761872400,47635.0,47663.0,47591.0,47613.0,1770,2
1761876000,47612.0,47634.0,47563.0,47631.0,1770,2
1761879600,47631.0,47669.0,47593.0,47635.0,2421,2
1761883200,47635.0,47641.0,47589.0,47638.0,2386,2
1761886800,47638.0,47646.0,47547.0,47573.0,1822,2
1761890400,47573.0,47595.0,47550.0,47594.0,1619,2
1761894000,47594.0,47619.0,47591.0,47601.0,1063,3
1761897600,47601.0,47603.0,47563.0,47569.0,1481,2
1761901200,47569.0,47608.0,47567.0,47574.0,1566,2
1761904800,47574.0,47631.0,47567.0,47626.0,1662,2
1761908400,47626.0,47627.0,47577.0,47624.0,2691,2
1761912000,47624.0,47635.0,47566.0,47570.0,1591,2
1761915600,47571.0,47571.0,47513.0,47547.0,1612,2
1761919200,47547.0,47650.0,47542.0,47637.0,1836,2
1761922800,47635.0,47700.0,47600.0,47637.0,2965,2
1761926400,47637.0,47673.0,47512.0,47627.0,9634,2
1761930000,47628.0,47706.0,47524.0,47641.0,10633,3
1761933600,47644.0,47678.0,47504.0,47544.0,9746,2
1761937200,47544.0,47602.0,47437.0,47451.0,10777,2
1761940800,47451.0,47498.0,47379.0,47478.0,10118,3
1761944400,47478.0,47650.0,47474.0,47643.0,7426,3
1761948000,47643.0,47753.0,47601.0,47604.0,7568,3
1761951600,47601.0,47623.0,47557.0,47622.0,2541,3
1762131600,47635.0,47748.0,47635.0,47731.0,1752,3
1762135200,47731.0,47776.0,47727.0,47773.0,1207,3
1762138800,47774.0,47774.0,47716.0,47719.0,1533,3
1762142400,47719.0,47738.0,47694.0,47699.0,1539,3
1762146000,47698.0,47702.0,47653.0,47677.0,1349,3
1762149600,47677.0,47694.0,47661.0,47686.0,960,3
1762153200,47686.0,47694.0,47651.0,47672.0,1244,3
1762156800,47674.0,47688.0,47625.0,47642.0,1356,3
1762160400,47644.0,47645.0,47601.0,47607.0,1801,3
1762164000,47608.0,47673.0,47596.0,47659.0,2564,3
1762167600,47659.0,47730.0,47657.0,47673.0,1935,3
1762171200,47674.0,47686.0,47647.0,47659.0,1433,3
1762174800,47660.0,47687.0,47642.0,47650.0,1364,3
1762178400,47653.0,47662.0,47603.0,47603.0,1481,3
1762182000,47598.0,47608.0,47559.0,47602.0,2143,3
1762185600,47603.0,47679.0,47400.0,47420.0,9491,3
1762189200,47419.0,47461.0,47170.0,47391.0,12044,3
1762192800,47395.0,47478.0,47366.0,47446.0,8658,3
1762196400,47445.0,47470.0,47360.0,47405.0,6576,3
1762200000,47406.0,47435.0,47367.0,47407.0,4678,3
1762203600,47408.0,47452.0,47374.0,47389.0,6535,3
1762207200,47387.0,47410.0,47331.0,47396.0,6070,3
1762210800,47397.0,47397.0,47342.0,47360.0,1616,3
1762218000,47362.0,47372.0,47317.0,47330.0,594,3
1762221600,47330.0,47335.0,47284.0,47333.0,1893,3
1762225200,47336.0,47337.0,47287.0,47309.0,2280,3
1762228800,47308.0,47315.0,47239.0,47241.0,2012,3
1762232400,47241.0,47297.0,47239.0,47258.0,2034,3
1762236000,47259.0,47266.0,47206.0,47218.0,1838,3
1762239600,47220.0,47224.0,47123.0,47142.0,3081,3
1762243200,47144.0,47161.0,47066.0,47092.0,4524,3
1762246800,47091.0,47110.0,47039.0,47070.0,3431,3
1762250400,47071.0,47072.0,46971.0,47041.0,4790,2
1762254000,47038.0,47051.0,46915.0,46919.0,3745,2
1762257600,46918.0,47058.0,46892.0,47052.0,2985,3
1762261200,47052.0,47081.0,47037.0,47058.0,2018,3
1762264800,47056.0,47131.0,47022.0,47103.0,2809,3
1762268400,47101.0,47139.0,47067.0,47124.0,3083,2
1762272000,47123.0,47195.0,46925.0,47190.0,10699,3
1762275600,47197.0,47319.0,47191.0,47235.0,10287,2
1762279200,47234.0,47271.0,47175.0,47261.0,9292,3
1762282800,47261.0,47261.0,47084.0,47094.0,8944,3
1762286400,47094.0,47144.0,47041.0,47085.0,8434,3
1762290000,47087.0,47138.0,47022.0,47063.0,8746,3
1762293600,47064.0,47188.0,47053.0,47140.0,8465,3
1762297200,47141.0,47239.0,47124.0,47210.0,3369,3
1762304400,47235.0,47245.0,47178.0,47188.0,2243,3
1762308000,47188.0,47192.0,47076.0,47080.0,4010,3
1762311600,47078.0,47172.0,46993.0,47013.0,7118,3
1762315200,47013.0,47096.0,47002.0,47088.0,5442,3
1762318800,47089.0,47179.0,47083.0,47179.0,4385,3
1762322400,47179.0,47180.0,47133.0,47164.0,2889,3
1762326000,47164.0,47208.0,47139.0,47171.0,3021,2
1762329600,47170.0,47217.0,47143.0,47206.0,2968,2
1762333200,47206.0,47211.0,47157.0,47158.0,2489,2
1762336800,47163.0,47232.0,47133.0,47206.0,3857,2
1762340400,47208.0,47210.0,47138.0,47161.0,2792,2
1762344000,47160.0,47199.0,47079.0,47081.0,2508,3
1762347600,47081.0,47171.0,47072.0,47151.0,2523,2
1762351200,47151.0,47167.0,47086.0,47152.0,2621,3
1762354800,47152.0,47196.0,47135.0,47187.0,3100,2
1762358400,47185.0,47317.0,47092.0,47265.0,9723,2
1762362000,47260.0,47322.0,47131.0,47188.0,13523,2
1762365600,47187.0,47317.0,47089.0,47290.0,9717,2
1762369200,47290.0,47507.0,47282.0,47423.0,7020,2
1762372800,47422.0,47462.0,47404.0,47417.0,5575,2
1762376400,47418.0,47462.0,47382.0,47416.0,5371,2
1762380000,47416.0,47485.0,47348.0,47357.0,6366,2
1762383600,47355.0,47406.0,47338.0,47390.0,2256,2
1762390800,47377.0,47422.0,47349.0,47419.0,1889,2
1762394400,47421.0,47421.0,47297.0,47355.0,3491,2
1762398000,47353.0,47355.0,47288.0,47320.0,3555,2
1762401600,47320.0,47345.0,47281.0,47343.0,2373,2
1762405200,47342.0,47351.0,47316.0,47340.0,1745,2
1762408800,47340.0,47366.0,47324.0,47358.0,1387,2
1762412400,47359.0,47365.0,47314.0,47320.0,1670,2
1762416000,47320.0,47342.0,47306.0,47311.0,1738,2
1762419600,47311.0,47340.0,47271.0,47279.0,2075,2
1762423200,47281.0,47298.0,47236.0,47288.0,3943,2
1762426800,47290.0,47358.0,47277.0,47337.0,2076,2
1762430400,47337.0,47375.0,47328.0,47348.0,1653,2
1762434000,47348.0,47372.0,47333.0,47347.0,1621,2
1762437600,47345.0,47396.0,47344.0,47389.0,2225,2
1762441200,47389.0,47425.0,47360.0,47363.0,2100,2
1762444800,47364.0,47391.0,47079.0,47084.0,11075,2
1762448400,47081.0,47196.0,46938.0,46993.0,14589,2
1762452000,46990.0,47023.0,46824.0,46829.0,12791,2
1762455600,46828.0,46986.0,46828.0,46930.0,11527,3
1762459200,46930.0,47056.0,46830.0,47029.0,10234,3
1762462800,47025.0,47129.0,47010.0,47092.0,9210,3
1762466400,47093.0,47135.0,46930.0,46968.0,10228,3
1762470000,46963.0,47060.0,46963.0,47025.0,2909,3
1762477200,47048.0,47083.0,47012.0,47057.0,1125,3
1762480800,47057.0,47093.0,47022.0,47056.0,2885,3
1762484400,47057.0,47058.0,46946.0,47006.0,4850,3
1762488000,47006.0,47010.0,46955.0,46997.0,3103,3
1762491600,46997.0,47004.0,46932.0,46961.0,2276,3
1762495200,46961.0,46997.0,46908.0,46993.0,2324,3
1762498800,46992.0,47053.0,46990.0,47048.0,1975,3
1762502400,47049.0,47063.0,47035.0,47051.0,1494,3
1762506000,47052.0,47078.0,47037.0,47063.0,1843,3
1762509600,47061.0,47077.0,46994.0,47026.0,3294,3
1762513200,47026.0,47056.0,46956.0,46975.0,3016,3
1762516800,46976.0,46995.0,46907.0,46940.0,2892,2
1762520400,46940.0,46942.0,46799.0,46897.0,4413,3
1762524000,46898.0,46903.0,46786.0,46789.0,3996,3
1762527600,46788.0,46875.0,46768.0,46843.0,4549,3
1762531200,46844.0,46876.0,46676.0,46852.0,11033,3
1762534800,46849.0,46910.0,46724.0,46725.0,14664,3
1762538400,46723.0,46749.0,46545.0,46580.0,10777,3
1762542000,46581.0,46689.0,46518.0,46688.0,10183,3
1762545600,46689.0,46780.0,46671.0,46761.0,8721,3
1762549200,46761.0,47002.0,46739.0,46991.0,8874,3
1762552800,46990.0,47026.0,46870.0,47015.0,10847,3
1762556400,47019.0,47091.0,47018.0,47087.0,2191,3
1762736400,47173.0,47235.0,47144.0,47159.0,1554,3
1762740000,47160.0,47163.0,47104.0,47142.0,3130,3
1762743600,47141.0,47142.0,47081.0,47120.0,2581,3
1762747200,47120.0,47143.0,47108.0,47113.0,1661,3
1762750800,47113.0,47137.0,47081.0,47081.0,1550,3
1762754400,47080.0,47113.0,47080.0,47094.0,1313,3
1762758000,47094.0,47149.0,47094.0,47125.0,1250,3
1762761600,47125.0,47144.0,47098.0,47100.0,1449,3
1762765200,47100.0,47119.0,47079.0,47107.0,1912,3
1762768800,47108.0,47175.0,47073.0,47175.0,2276,3
1762772400,47173.0,47236.0,47169.0,47225.0,1965,3
1762776000,47225.0,47240.0,47213.0,47217.0,1256,3
1762779600,47217.0,47234.0,47181.0,47230.0,1486,3
1762783200,47226.0,47243.0,47179.0,47194.0,1812,3
1762786800,47195.0,47214.0,47175.0,47211.0,1748,3
1762790400,47212.0,47357.0,47156.0,47159.0,8520,3
1762794000,47157.0,47224.0,47027.0,47033.0,9755,3
1762797600,47034.0,47079.0,46968.0,47074.0,9270,3
1762801200,47075.0,47273.0,47065.0,47260.0,6444,3
1762804800,47262.0,47335.0,47252.0,47325.0,4191,3
1762808400,47325.0,47440.0,47325.0,47401.0,3790,3
1762812000,47402.0,47446.0,47368.0,47401.0,5107,3
1762815600,47404.0,47447.0,47388.0,47394.0,1358,3
1762822800,47400.0,47435.0,47386.0,47431.0,1921,3
1762826400,47431.0,47459.0,47409.0,47415.0,3008,3
1762830000,47418.0,47429.0,47395.0,47411.0,2417,3
1762833600,47411.0,47447.0,47396.0,47420.0,1839,3
1762837200,47420.0,47445.0,47413.0,47437.0,1326,3
1762840800,47437.0,47437.0,47403.0,47410.0,1357,3
1762844400,47410.0,47424.0,47395.0,47406.0,2027,3
1762848000,47406.0,47433.0,47402.0,47413.0,1676,3
1762851600,47414.0,47425.0,47379.0,47380.0,1638,3
1762855200,47382.0,47397.0,47354.0,47361.0,2211,3
1762858800,47362.0,47387.0,47355.0,47374.0,1579,3
1762862400,47374.0,47407.0,47367.0,47400.0,1154,3
1762866000,47400.0,47421.0,47396.0,47415.0,1219,3
1762869600,47410.0,47436.0,47403.0,47420.0,1394,3
1762873200,47421.0,47448.0,47400.0,47430.0,1906,3
1762876800,47430.0,47534.0,47415.0,47522.0,7640,3
1762880400,47524.0,47607.0,47437.0,47572.0,9692,3
1762884000,47574.0,47723.0,47551.0,47710.0,7547,3
1762887600,47709.0,47870.0,47704.0,47865.0,6107,3
1762891200,47865.0,47967.0,47863.0,47912.0,5819,3
1762894800,47910.0,47986.0,47873.0,47975.0,4892,3
1762898400,47974.0,48023.0,47934.0,47983.0,5139,3
1762902000,47985.0,48019.0,47966.0,47988.0,1780,3
1762909200,47966.0,47996.0,47962.0,47976.0,1125,3
1762912800,47974.0,48010.0,47969.0,47994.0,1730,3
1762916400,47994.0,48017.0,47976.0,48013.0,1924,3
1762920000,48014.0,48032.0,47989.0,48001.0,1525,3
1762923600,48001.0,48010.0,47983.0,47999.0,1194,3
1762927200,47999.0,48008.0,47982.0,48005.0,1264,3
1762930800,48005.0,48034.0,48003.0,48021.0,1205,3
1762934400,48021.0,48036.0,48017.0,48031.0,888,3
1762938000,48032.0,48060.0,48026.0,48037.0,1152,3
1762941600,48037.0,48062.0,48016.0,48023.0,1973,3
1762945200,48023.0,48063.0,48010.0,48051.0,1531,3
1762948800,48051.0,48061.0,48021.0,48037.0,1287,3
1762952400,48037.0,48075.0,48009.0,48022.0,1579,3
1762956000,48023.0,48102.0,48012.0,48090.0,1702,3
1762959600,48089.0,48098.0,48072.0,48087.0,1435,3
1762963200,48087.0,48471.0,48072.0,48460.0,7722,3
1762966800,48458.0,48463.0,48308.0,48353.0,10814,3
1762970400,48352.0,48378.0,48260.0,48297.0,9563,3
1762974000,48297.0,48421.0,48293.0,48380.0,8667,3
1762977600,48380.0,48402.0,48335.0,48367.0,6626,3
1762981200,48368.0,48373.0,48280.0,48319.0,6329,3
1762984800,48319.0,48396.0,48288.0,48314.0,6935,3
1762988400,48316.0,48381.0,48316.0,48325.0,2008,3
1762995600,48336.0,48342.0,48236.0,48282.0,2625,3
1762999200,48282.0,48336.0,48280.0,48322.0,2543,3
1763002800,48322.0,48420.0,48314.0,48391.0,4171,3
1763006400,48391.0,48407.0,48369.0,48380.0,1794,3
1763010000,48380.0,48430.0,48364.0,48399.0,1672,3
1763013600,48399.0,48427.0,48388.0,48425.0,1129,3
1763017200,48425.0,48441.0,48421.0,48428.0,1042,3
1763020800,48428.0,48450.0,48425.0,48429.0,1301,3
1763024400,48429.0,48446.0,48403.0,48405.0,1916,3
1763028000,48406.0,48422.0,48385.0,48408.0,2869,3
1763031600,48408.0,48411.0,48303.0,48323.0,2998,3
1763035200,48323.0,48367.0,48315.0,48338.0,1770,3
1763038800,48338.0,48350.0,48249.0,48291.0,2472,3
1763042400,48290.0,48305.0,48254.0,48276.0,2261,3
1763046000,48277.0,48278.0,48171.0,48221.0,3498,3
1763049600,48221.0,48276.0,48139.0,48180.0,10810,3
1763053200,48178.0,48271.0,47944.0,47978.0,13224,3
1763056800,47975.0,47996.0,47798.0,47864.0,11842,3
1763060400,47860.0,47932.0,47783.0,47796.0,12270,3
1763064000,47797.0,47833.0,47624.0,47668.0,10872,3
1763067600,47670.0,47703.0,47482.0,47549.0,11503,3
1763071200,47547.0,47596.0,47450.0,47507.0,13393,2
1763074800,47505.0,47612.0,47502.0,47534.0,3434,2
1763082000,47527.0,47581.0,47527.0,47545.0,2345,2
1763085600,47545.0,47582.0,47536.0,47562.0,2683,2
1763089200,47560.0,47579.0,47541.0,47556.0,3168,2
1763092800,47557.0,47569.0,47531.0,47543.0,1879,2
1763096400,47543.0,47547.0,47497.0,47522.0,1678,3
1763100000,47522.0,47529.0,47473.0,47488.0,2538,2
1763103600,47488.0,47531.0,47457.0,47502.0,2947,2
1763107200,47502.0,47505.0,47429.0,47477.0,3126,2
1763110800,47476.0,47476.0,47377.0,47421.0,3960,2
1763114400,47419.0,47463.0,47356.0,47458.0,5522,2
1763118000,47459.0,47486.0,47383.0,47390.0,3635,3
1763121600,47389.0,47434.0,47364.0,47382.0,2831,3
1763125200,47382.0,47382.0,47210.0,47248.0,4356,2
1763128800,47243.0,47266.0,47152.0,47212.0,5003,3
1763132400,47212.0,47229.0,47091.0,47169.0,5249,3
1763136000,47169.0,47219.0,46887.0,47019.0,12510,2
1763139600,47016.0,47198.0,46880.0,47175.0,15875,2
1763143200,47175.0,47346.0,47098.0,47337.0,11609,3
1763146800,47335.0,47401.0,47264.0,47318.0,10948,3
1763150400,47319.0,47332.0,47174.0,47281.0,11286,3
1763154000,47280.0,47341.0,47220.0,47325.0,9614,3
1763157600,47324.0,47351.0,47131.0,47183.0,9335,3
1763161200,47186.0,47220.0,47131.0,47209.0,2575,3
1763341200,47161.0,47195.0,47058.0,47176.0,3505,2
1763344800,47176.0,47214.0,47114.0,47194.0,3607,2
1763348400,47195.0,47208.0,47151.0,47162.0,2608,2
1763352000,47162.0,47220.0,47149.0,47209.0,1800,2
1763355600,47208.0,47229.0,47202.0,47219.0,1491,2
1763359200,47219.0,47241.0,47214.0,47232.0,971,2
1763362800,47232.0,47249.0,47207.0,47209.0,1182,2
1763366400,47209.0,47238.0,47202.0,47224.0,1357,2
1763370000,47224.0,47285.0,47217.0,47268.0,1773,2
1763373600,47268.0,47327.0,47261.0,47295.0,2750,3
1763377200,47295.0,47302.0,47217.0,47255.0,3206,2
1763380800,47253.0,47255.0,47146.0,47156.0,3170,3
1763384400,47156.0,47229.0,47142.0,47194.0,2962,3
1763388000,47194.0,47197.0,47149.0,47174.0,3607,3
1763391600,47174.0,47189.0,47064.0,47117.0,4256,3
1763395200,47116.0,47247.0,47037.0,47145.0,10250,2
1763398800,47148.0,47212.0,47039.0,47088.0,14058,2
1763402400,47089.0,47188.0,46894.0,47187.0,11268,2
1763406000,47189.0,47204.0,47010.0,47014.0,10044,2
1763409600,47013.0,47020.0,46800.0,46801.0,10583,3
1763413200,46801.0,46815.0,46503.0,46507.0,11407,3
1763416800,46506.0,46649.0,46459.0,46635.0,12134,3
1763420400,46635.0,46687.0,46622.0,46664.0,2865,3
1763427600,46653.0,46691.0,46629.0,46673.0,2799,3
1763431200,46673.0,46690.0,46595.0,46620.0,4081,3
1763434800,46621.0,46710.0,46612.0,46686.0,4029,3
1763438400,46686.0,46708.0,46612.0,46613.0,3153,3
1763442000,46613.0,46621.0,46550.0,46560.0,3714,3
1763445600,46559.0,46559.0,46350.0,46473.0,5624,3
1763449200,46474.0,46498.0,46433.0,46447.0,4331,3
1763452800,46448.0,46489.0,46378.0,46392.0,4250,3
1763456400,46392.0,46483.0,46332.0,46441.0,4684,3
1763460000,46441.0,46572.0,46429.0,46510.0,6614,3
1763463600,46510.0,46527.0,46455.0,46511.0,4263,3
1763467200,46512.0,46518.0,46451.0,46496.0,3141,3
1763470800,46496.0,46496.0,46360.0,46398.0,3423,3
1763474400,46399.0,46410.0,46199.0,46229.0,4888,3
1763478000,46229.0,46308.0,46217.0,46274.0,5595,3
1763481600,46274.0,46353.0,46083.0,46116.0,12187,3
1763485200,46116.0,46169.0,45981.0,45991.0,18086,3
1763488800,45990.0,46264.0,45943.0,46159.0,15116,2
1763492400,46159.0,46344.0,45944.0,46301.0,13978,2
1763496000,46300.0,46404.0,46257.0,46274.0,13049,2
1763499600,46275.0,46394.0,46256.0,46363.0,12490,2
1763503200,46363.0,46399.0,46116.0,46130.0,12563,3
1763506800,46128.0,46134.0,46055.0,46070.0,4118,3
1763514000,46087.0,46197.0,46087.0,46185.0,2836,3
1763517600,46185.0,46195.0,46078.0,46155.0,6125,2
1763521200,46154.0,46205.0,46114.0,46133.0,5501,3
1763524800,46133.0,46216.0,46133.0,46198.0,3139,3
1763528400,46198.0,46210.0,46091.0,46092.0,2834,3
1763532000,46092.0,46107.0,46053.0,46075.0,2711,3
1763535600,46075.0,46118.0,46019.0,46098.0,3202,3
1763539200,46098.0,46130.0,46080.0,46117.0,2787,3
1763542800,46117.0,46179.0,46098.0,46157.0,2918,3
1763546400,46157.0,46192.0,46100.0,46118.0,4436,3
1763550000,46118.0,46201.0,46082.0,46200.0,3516,3
1763553600,46200.0,46221.0,46182.0,46204.0,2294,3
1763557200,46204.0,46238.0,46197.0,46202.0,2832,2
1763560800,46202.0,46257.0,46175.0,46229.0,2945,3
1763564400,46229.0,46242.0,46166.0,46189.0,3651,3
1763568000,46189.0,46238.0,46059.0,46230.0,11099,2
1763571600,46230.0,46337.0,46017.0,46028.0,12702,3
1763575200,46029.0,46076.0,45949.0,46065.0,13082,3
1763578800,46064.0,46115.0,45938.0,46068.0,14051,3
1763582400,46066.0,46199.0,46052.0,46164.0,12500,3
1763586000,46165.0,46179.0,45932.0,46043.0,12383,3
1763589600,46043.0,46254.0,46027.0,46164.0,12679,3
1763593200,46166.0,46262.0,46111.0,46184.0,8263,3
1763600400,46177.0,46374.0,46177.0,46369.0,4216,3
1763604000,46369.0,46432.0,46342.0,46394.0,2868,3
1763607600,46394.0,46435.0,46375.0,46415.0,2314,3
1763611200,46414.0,46453.0,46385.0,46446.0,1702,3
1763614800,46446.0,46473.0,46388.0,46421.0,1917,3
1763618400,46421.0,46474.0,46421.0,46470.0,1527,3
1763622000,46470.0,46492.0,46428.0,46440.0,1611,3
1763625600,46440.0,46458.0,46414.0,46457.0,1582,3
1763629200,46457.0,46513.0,46411.0,46415.0,2212,3
1763632800,46416.0,46506.0,46413.0,46437.0,3483,3
1763636400,46437.0,46446.0,46339.0,46363.0,3442,3
1763640000,46363.0,46465.0,46359.0,46455.0,2622,3
1763643600,46455.0,46455.0,46357.0,46383.0,3162,3
1763647200,46383.0,46471.0,46336.0,46464.0,2712,3
1763650800,46464.0,46634.0,46401.0,46623.0,6135,3
1763654400,46624.0,46851.0,46593.0,46820.0,11389,3
1763658000,46822.0,46895.0,46705.0,46734.0,13549,3
1763661600,46735.0,46739.0,46027.0,46058.0,17272,3
1763665200,46058.0,46168.0,45762.0,45882.0,20275,2
1763668800,45882.0,46181.0,45773.0,45815.0,17267,3
1763672400,45813.0,46074.0,45797.0,46067.0,15779,3
1763676000,46067.0,46068.0,45761.0,45793.0,15474,3
1763679600,45794.0,45823.0,45746.0,45785.0,4470,3
1763686800,45826.0,45890.0,45730.0,45865.0,5297,3
1763690400,45864.0,45962.0,45846.0,45944.0,4463,3
1763694000,45944.0,46002.0,45930.0,45974.0,4338,3
1763697600,45974.0,46012.0,45955.0,45978.0,3530,3
1763701200,45978.0,46044.0,45965.0,45979.0,3732,3
1763704800,45979.0,45987.0,45897.0,45971.0,3833,3
1763708400,45971.0,46004.0,45919.0,45930.0,3817,3
1763712000,45930.0,45977.0,45915.0,45952.0,2981,3
1763715600,45952.0,45958.0,45789.0,45806.0,3982,3
1763719200,45806.0,46020.0,45804.0,46002.0,7208,3
1763722800,46002.0,46005.0,45890.0,45926.0,5753,3
1763726400,45927.0,45951.0,45776.0,45947.0,7542,3
1763730000,45947.0,46004.0,45864.0,45907.0,5061,3
1763733600,45907.0,46114.0,45793.0,46081.0,9940,3
1763737200,46082.0,46107.0,45990.0,46033.0,6855,3
1763740800,46033.0,46053.0,45804.0,45903.0,13042,3
1763744400,45923.0,46107.0,45869.0,45973.0,19758,2
1763748000,45973.0,46430.0,45863.0,46427.0,16485,3
1763751600,46428.0,46515.0,46378.0,46430.0,13679,3
1763755200,46428.0,46606.0,46216.0,46498.0,14431,3
1763758800,46499.0,46587.0,46405.0,46444.0,12421,3
1763762400,46443.0,46474.0,46237.0,46286.0,13236,3
1763766000,46285.0,46342.0,46279.0,46323.0,3363,3
1763946000,46458.0,46516.0,46425.0,46441.0,2817,3
1763949600,46441.0,46441.0,46347.0,46400.0,2298,3
1763953200,46400.0,46409.0,46343.0,46366.0,2908,3
1763956800,46366.0,46442.0,46348.0,46440.0,2377,3
1763960400,46440.0,46451.0,46407.0,46416.0,1667,3
1763964000,46416.0,46419.0,46364.0,46368.0,1955,3
1763967600,46367.0,46415.0,46359.0,46402.0,1592,3
1763971200,46402.0,46406.0,46371.0,46386.0,1304,3
1763974800,46386.0,46453.0,46353.0,46429.0,1795,3
1763978400,46425.0,46471.0,46358.0,46463.0,4228,3
1763982000,46465.0,46471.0,46189.0,46280.0,5820,3
1763985600,46280.0,46305.0,46220.0,46259.0,4629,3
1763989200,46259.0,46333.0,46226.0,46326.0,3908,3
1763992800,46327.0,46419.0,46295.0,46413.0,3776,3
1763996400,46413.0,46465.0,46364.0,46371.0,3222,3
1764000000,46371.0,46456.0,46133.0,46320.0,11829,3
1764003600,46322.0,46564.0,46316.0,46527.0,13218,3
1764007200,46526.0,46620.0,46485.0,46492.0,8725,3
1764010800,46492.0,46562.0,46437.0,46550.0,7510,3
1764014400,46549.0,46610.0,46546.0,46581.0,5467,3
1764018000,46581.0,46602.0,46448.0,46474.0,5758,3
1764021600,46473.0,46551.0,46444.0,46475.0,7638,3
1764025200,46474.0,46518.0,46458.0,46491.0,1959,3
1764032400,46467.0,46498.0,46450.0,46463.0,1842,3
1764036000,46462.0,46464.0,46432.0,46461.0,2091,3
1764039600,46461.0,46468.0,46402.0,46407.0,1861,3
1764043200,46407.0,46437.0,46404.0,46434.0,1549,3
1764046800,46434.0,46438.0,46387.0,46395.0,1645,3
1764050400,46395.0,46443.0,46394.0,46436.0,1090,3
1764054000,46436.0,46460.0,46411.0,46424.0,1324,3
1764057600,46424.0,46442.0,46397.0,46410.0,1263,3
1764061200,46410.0,46472.0,46397.0,46444.0,1430,3
1764064800,46444.0,46467.0,46384.0,46402.0,3355,3
1764068400,46397.0,46460.0,46381.0,46405.0,3092,3
1764072000,46405.0,46441.0,46379.0,46430.0,2478,3
1764075600,46430.0,46431.0,46394.0,46423.0,1901,3
1764079200,46423.0,46557.0,46412.0,46451.0,4342,2
1764082800,46451.0,46538.0,46447.0,46506.0,4481,3
1764086400,46506.0,46819.0,46364.0,46614.0,10958,3
1764090000,46614.0,46890.0,46515.0,46785.0,16517,3
1764093600,46785.0,46914.0,46757.0,46905.0,10513,3
1764097200,46904.0,47062.0,46904.0,47019.0,7817,3
1764100800,47019.0,47056.0,47001.0,47030.0,6489,3
1764104400,47031.0,47110.0,47010.0,47089.0,6452,3
1764108000,47091.0,47213.0,47091.0,47138.0,6779,3
1764111600,47139.0,47182.0,47132.0,47156.0,1563,3
1764118800,47148.0,47189.0,47139.0,47185.0,1290,3
1764122400,47185.0,47210.0,47164.0,47202.0,1905,3
1764126000,47202.0,47240.0,47194.0,47235.0,1948,3
1764129600,47234.0,47250.0,47217.0,47230.0,1210,3
1764133200,47230.0,47242.0,47222.0,47233.0,905,3
1764136800,47233.0,47239.0,47215.0,47230.0,761,3
1764140400,47230.0,47257.0,47229.0,47244.0,805,3
1764144000,47244.0,47262.0,47231.0,47251.0,889,3
1764147600,47251.0,47295.0,47249.0,47271.0,1228,3
1764151200,47271.0,47288.0,47247.0,47257.0,2499,3
1764154800,47257.0,47258.0,47200.0,47231.0,2267,3
1764158400,47231.0,47263.0,47219.0,47238.0,1387,3
1764162000,47238.0,47240.0,47180.0,47192.0,2095,3
1764165600,47192.0,47201.0,47143.0,47192.0,3478,3
1764169200,47192.0,47260.0,47165.0,47253.0,2830,3
1764172800,47253.0,47431.0,47212.0,47291.0,8877,3
1764176400,47292.0,47451.0,47260.0,47450.0,10730,3
1764180000,47450.0,47570.0,47436.0,47557.0,6218,3
1764183600,47557.0,47599.0,47511.0,47564.0,5780,3
1764187200,47564.0,47588.0,47467.0,47513.0,7145,3
1764190800,47510.0,47575.0,47506.0,47523.0,5542,3
1764194400,47525.0,47561.0,47448.0,47453.0,5888,3
1764198000,47451.0,47484.0,47451.0,47472.0,1364,3
1764205200,47473.0,47511.0,47443.0,47454.0,855,3
1764208800,47455.0,47510.0,47447.0,47500.0,1256,2
1764212400,47500.0,47504.0,47469.0,47498.0,1545,2
1764216000,47498.0,47502.0,47475.0,47478.0,873,2
1764219600,47478.0,47487.0,47469.0,47487.0,719,2
1764223200,47487.0,47492.0,47473.0,47488.0,468,3
1764226800,47488.0,47504.0,47486.0,47492.0,565,2
1764230400,47492.0,47493.0,47452.0,47455.0,694,2
1764234000,47455.0,47479.0,47450.0,47473.0,815,2
1764237600,47473.0,47498.0,47439.0,47456.0,1690,2
1764241200,47456.0,47478.0,47423.0,47424.0,1253,2
1764244800,47424.0,47461.0,47416.0,47456.0,1000,2
1764248400,47456.0,47463.0,47427.0,47451.0,846,3
1764252000,47451.0,47474.0,47446.0,47453.0,922,2
1764255600,47453.0,47478.0,47426.0,47460.0,1046,3
1764259200,47460.0,47491.0,47457.0,47479.0,1195,2
1764262800,47479.0,47493.0,47449.0,47457.0,854,3
1764266400,47457.0,47469.0,47432.0,47455.0,815,3
1764270000,47455.0,47465.0,47430.0,47450.0,601,3
1764273600,47450.0,47454.0,47450.0,47454.0,2,5
1764291600,47467.0,47539.0,47463.0,47534.0,848,3
1764295200,47534.0,47553.0,47525.0,47531.0,893,2
1764298800,47531.0,47556.0,47514.0,47518.0,281,3
1764302400,47518.0,47527.0,47506.0,47519.0,69,3
1764342000,47524.0,47571.0,47450.0,47511.0,202,3
1764345600,47511.0,47597.0,47488.0,47586.0,3877,3
1764349200,47586.0,47747.0,47579.0,47731.0,5583,3
1764352800,47731.0,47776.0,47691.0,47756.0,4592,3
1764356400,47756.0,47772.0,47670.0,47732.0,5173,3
1764360000,47734.0,47757.0,47707.0,47724.0,1204,3
1764550800,47734.0,47759.0,47663.0,47690.0,2267,3
1764554400,47690.0,47702.0,47576.0,47586.0,3342,3
1764558000,47586.0,47604.0,47523.0,47568.0,3866,3
1764561600,47568.0,47575.0,47521.0,47529.0,1889,3
1764565200,47529.0,47535.0,47502.0,47523.0,1423,3
1764568800,47523.0,47523.0,47469.0,47471.0,926,3
1764572400,47471.0,47493.0,47446.0,47488.0,1272,3
1764576000,47488.0,47498.0,47468.0,47485.0,1195,3
1764579600,47485.0,47495.0,47442.0,47486.0,1710,3
1764583200,47488.0,47553.0,47457.0,47532.0,2589,3
1764586800,47532.0,47565.0,47483.0,47490.0,2302,3
1764590400,47490.0,47545.0,47486.0,47503.0,1840,3
1764594000,47503.0,47545.0,47488.0,47539.0,2098,3
1764597600,47539.0,47551.0,47477.0,47507.0,2687,3
1764601200,47507.0,47534.0,47482.0,47520.0,2421,3
1764604800,47520.0,47701.0,47412.0,47667.0,8464,3
1764608400,47667.0,47690.0,47356.0,47519.0,11487,3
1764612000,47519.0,47571.0,47446.0,47532.0,8444,3
1764615600,47531.0,47553.0,47470.0,47524.0,6272,3
1764619200,47523.0,47598.0,47522.0,47563.0,4501,3
1764622800,47563.0,47564.0,47361.0,47384.0,7088,3
1764626400,47384.0,47440.0,47300.0,47341.0,7169,3
1764630000,47340.0,47348.0,47316.0,47324.0,1643,3
1764637200,47310.0,47329.0,47279.0,47292.0,1357,3
1764640800,47293.0,47320.0,47276.0,47295.0,1581,3
1764644400,47295.0,47330.0,47287.0,47298.0,1555,3
1764648000,47298.0,47316.0,47275.0,47307.0,1140,3
1764651600,47306.0,47308.0,47241.0,47285.0,1385,3
1764655200,47285.0,47293.0,47261.0,47267.0,833,3
1764658800,47267.0,47277.0,47260.0,47272.0,899,3
1764662400,47272.0,47286.0,47233.0,47271.0,1084,2
1764666000,47271.0,47301.0,47263.0,47277.0,1048,3
1764669600,47275.0,47325.0,47230.0,47322.0,2301,3
1764673200,47321.0,47360.0,47319.0,47348.0,1689,3
1764676800,47348.0,47404.0,47336.0,47392.0,1390,3
1764680400,47392.0,47398.0,47361.0,47364.0,1280,3
1764684000,47364.0,47369.0,47322.0,47366.0,1450,3
1764687600,47366.0,47452.0,47350.0,47450.0,1695,3
1764691200,47450.0,47481.0,47290.0,47439.0,8430,3
1764694800,47439.0,47587.0,47346.0,47580.0,9985,3
1764698400,47581.0,47629.0,47361.0,47438.0,11505,3
1764702000,47436.0,47595.0,47393.0,47393.0,7381,3
1764705600,47392.0,47453.0,47336.0,47427.0,7401,3
1764709200,47427.0,47563.0,47425.0,47533.0,5990,3
1764712800,47533.0,47619.0,47496.0,47504.0,5649,3
1764716400,47503.0,47531.0,47489.0,47516.0,1149,3
1764723600,47537.0,47583.0,47515.0,47564.0,1039,3
1764727200,47564.0,47589.0,47507.0,47578.0,1876,2
1764730800,47578.0,47591.0,47569.0,47581.0,1379,3
1764734400,47581.0,47611.0,47576.0,47593.0,973,3
1764738000,47593.0,47635.0,47588.0,47630.0,736,3
1764741600,47630.0,47638.0,47620.0,47623.0,568,3
1764745200,47623.0,47638.0,47605.0,47609.0,578,3
1764748800,47609.0,47630.0,47575.0,47594.0,988,2
1764752400,47594.0,47626.0,47584.0,47596.0,1008,3
1764756000,47596.0,47626.0,47568.0,47623.0,2143,3
1764759600,47623.0,47625.0,47582.0,47605.0,1667,2
1764763200,47605.0,47624.0,47564.0,47577.0,1211,3
1764766800,47577.0,47598.0,47563.0,47577.0,1206,3
1764770400,47577.0,47642.0,47554.0,47625.0,1384,3
1764774000,47624.0,47640.0,47584.0,47585.0,2097,3
1764777600,47584.0,47617.0,47396.0,47557.0,13128,3
1764781200,47557.0,47737.0,47550.0,47690.0,11999,3
1764784800,47690.0,47811.0,47677.0,47702.0,9141,3
1764788400,47702.0,47883.0,47702.0,47858.0,7243,3
1764792000,47858.0,47945.0,47838.0,47906.0,5302,3
1764795600,47906.0,47980.0,47900.0,47952.0,4266,3
1764799200,47952.0,47999.0,47911.0,47922.0,4940,3
1764802800,47923.0,48046.0,47902.0,48008.0,2071,3
1764810000,47959.0,47973.0,47939.0,47966.0,931,3
1764813600,47966.0,47988.0,47936.0,47943.0,1195,3
1764817200,47943.0,47977.0,47940.0,47963.0,1270,3
1764820800,47963.0,47981.0,47944.0,47975.0,885,3
1764824400,47975.0,47975.0,47938.0,47958.0,744,3
1764828000,47958.0,47978.0,47953.0,47973.0,669,3
1764831600,47973.0,47978.0,47960.0,47968.0,707,3
1764835200,47968.0,47977.0,47952.0,47973.0,748,3
1764838800,47973.0,47994.0,47966.0,47980.0,799,3
1764842400,47980.0,47982.0,47919.0,47934.0,2261,3
1764846000,47934.0,47983.0,47917.0,47978.0,1550,3
1764849600,47978.0,47985.0,47935.0,47949.0,1091,3
1764853200,47949.0,47975.0,47940.0,47975.0,1261,3
1764856800,47973.0,47985.0,47948.0,47953.0,1172,3
1764860400,47953.0,47966.0,47915.0,47938.0,2147,3
1764864000,47938.0,48089.0,47814.0,47859.0,10162,3
1764867600,47859.0,47976.0,47819.0,47903.0,12102,2
1764871200,47904.0,47937.0,47825.0,47894.0,9557,3
1764874800,47894.0,47919.0,47799.0,47906.0,6594,3
1764878400,47906.0,47967.0,47870.0,47906.0,5886,3
1764882000,47906.0,47917.0,47715.0,47828.0,8585,3
1764885600,47828.0,47888.0,47766.0,47877.0,7502,3
1764889200,47876.0,47882.0,47858.0,47866.0,1134,3
1764896400,47873.0,47886.0,47843.0,47856.0,997,3
1764900000,47856.0,47900.0,47845.0,47888.0,1586,3
1764903600,47888.0,47906.0,47883.0,47904.0,1090,3
1764907200,47904.0,47941.0,47891.0,47910.0,1072,2
1764910800,47910.0,47916.0,47893.0,47906.0,684,2
1764914400,47906.0,47920.0,47881.0,47900.0,825,2
1764918000,47900.0,47918.0,47900.0,47915.0,619,3
1764921600,47914.0,47922.0,47893.0,47903.0,692,2
1764925200,47903.0,47922.0,47893.0,47904.0,851,3
1764928800,47905.0,47936.0,47870.0,47873.0,1928,3
1764932400,47873.0,47900.0,47859.0,47863.0,1377,3
1764936000,47863.0,47879.0,47859.0,47874.0,879,3
1764939600,47874.0,47950.0,47867.0,47915.0,1095,3
1764943200,47917.0,47948.0,47909.0,47927.0,1399,3
1764946800,47926.0,47933.0,47781.0,47823.0,2739,3
1764950400,47823.0,48061.0,47821.0,48040.0,8846,3
1764954000,48040.0,48147.0,48004.0,48015.0,9924,3
1764957600,48021.0,48047.0,47884.0,47951.0,10966,2
1764961200,47954.0,48017.0,47879.0,48012.0,7713,3
1764964800,48013.0,48071.0,47970.0,48038.0,6298,3
1764968400,48035.0,48040.0,47983.0,48033.0,5923,3
1764972000,48032.0,48034.0,47893.0,47949.0,6367,3
1764975600,47951.0,47985.0,47944.0,47966.0,1266,3
1765155600,47995.0,47997.0,47949.0,47966.0,1246,3
1765159200,47967.0,47968.0,47921.0,47964.0,1566,3
1765162800,47964.0,47969.0,47939.0,47953.0,1278,3
1765166400,47953.0,47970.0,47950.0,47970.0,797,3
1765170000,47969.0,47985.0,47961.0,47967.0,605,3
1765173600,47967.0,47982.0,47967.0,47979.0,480,3
1765177200,47979.0,47997.0,47974.0,47987.0,530,3
1765180800,47987.0,47998.0,47973.0,47973.0,642,3
1765184400,47973.0,48009.0,47968.0,47984.0,920,3
1765188000,47985.0,47992.0,47944.0,47952.0,1877,3
1765191600,47947.0,47991.0,47947.0,47960.0,1460,3
1765195200,47960.0,47989.0,47945.0,47987.0,1291,3
1765198800,47987.0,47987.0,47956.0,47972.0,1236,3
1765202400,47971.0,47996.0,47958.0,47979.0,1265,3
1765206000,47978.0,48006.0,47956.0,47990.0,1735,3
1765209600,47990.0,48028.0,47792.0,47928.0,7683,3
1765213200,47926.0,47929.0,47788.0,47791.0,7870,3
1765216800,47790.0,47854.0,47722.0,47794.0,8172,2
1765220400,47793.0,47811.0,47713.0,47803.0,7262,3
1765224000,47804.0,47812.0,47631.0,47654.0,7228,3
1765227600,47657.0,47725.0,47645.0,47699.0,6225,3
1765231200,47698.0,47769.0,47688.0,47763.0,5341,3
1765234800,47762.0,47786.0,47742.0,47771.0,1794,3
1765242000,47756.0,47796.0,47743.0,47795.0,1376,2
1765245600,47795.0,47795.0,47766.0,47779.0,1023,3
1765249200,47779.0,47782.0,47745.0,47757.0,1379,3
1765252800,47757.0,47789.0,47750.0,47772.0,1039,3
1765256400,47772.0,47783.0,47765.0,47774.0,826,3
1765260000,47773.0,47774.0,47759.0,47764.0,575,3
1765263600,47764.0,47770.0,47755.0,47761.0,647,3
1765267200,47761.0,47793.0,47744.0,47788.0,846,2
1765270800,47788.0,47794.0,47773.0,47784.0,844,3
1765274400,47784.0,47819.0,47768.0,47789.0,1753,3
1765278000,47789.0,47802.0,47770.0,47781.0,1557,3
1765281600,47781.0,47830.0,47694.0,47827.0,2314,3
1765285200,47827.0,47832.0,47793.0,47802.0,1804,3
1765288800,47802.0,47809.0,47747.0,47764.0,1416,3
1765292400,47765.0,47788.0,47713.0,47718.0,2251,3
1765296000,47718.0,47973.0,47705.0,47904.0,8455,3
1765299600,47904.0,47939.0,47815.0,47884.0,9912,3
1765303200,47884.0,47951.0,47856.0,47859.0,6794,3
1765306800,47860.0,47885.0,47625.0,47682.0,6752,3
1765310400,47682.0,47699.0,47569.0,47640.0,6310,3
1765314000,47639.0,47677.0,47596.0,47632.0,5130,3
1765317600,47632.0,47650.0,47554.0,47589.0,5379,3
1765321200,47587.0,47593.0,47545.0,47549.0,1357,3
1765328400,47563.0,47582.0,47555.0,47561.0,816,2
1765332000,47561.0,47599.0,47557.0,47559.0,1006,3
1765335600,47558.0,47598.0,47552.0,47570.0,1409,3
1765339200,47570.0,47587.0,47564.0,47571.0,665,3
1765342800,47571.0,47583.0,47564.0,47582.0,601,3
1765346400,47582.0,47622.0,47582.0,47608.0,596,3
1765350000,47608.0,47608.0,47577.0,47591.0,819,3
1765353600,47591.0,47611.0,47587.0,47597.0,769,3
1765357200,47597.0,47610.0,47581.0,47592.0,786,3
1765360800,47593.0,47623.0,47575.0,47596.0,2120,3
1765364400,47598.0,47615.0,47565.0,47587.0,1734,3
1765368000,47587.0,47610.0,47492.0,47521.0,2538,3
1765371600,47521.0,47571.0,47520.0,47551.0,1904,3
1765375200,47554.0,47561.0,47530.0,47551.0,1594,3
1765378800,47552.0,47632.0,47538.0,47573.0,2126,3
1765382400,47573.0,47698.0,47471.0,47672.0,8759,3
1765386000,47673.0,47764.0,47618.0,47705.0,10191,3
1765389600,47703.0,47838.0,47649.0,47812.0,7806,3
1765393200,47812.0,47814.0,47726.0,47791.0,5979,3
1765396800,47791.0,47828.0,47705.0,47746.0,6147,3
1765400400,47754.0,48128.0,47736.0,48115.0,16734,3
1765404000,48115.0,48215.0,48054.0,48082.0,11809,3
1765407600,48083.0,48134.0,48075.0,48123.0,1909,3
1765414800,48129.0,48148.0,48112.0,48125.0,686,3
1765418400,48125.0,48131.0,48077.0,48082.0,1339,3
1765422000,48080.0,48094.0,48061.0,48065.0,1443,3
1765425600,48065.0,48065.0,47982.0,47996.0,2221,3
1765429200,47996.0,47998.0,47834.0,47890.0,4641,3
1765432800,47891.0,47910.0,47870.0,47888.0,1747,3
1765436400,47888.0,47898.0,47842.0,47873.0,1746,3
1765440000,47873.0,47897.0,47839.0,47891.0,1541,3
1765443600,47893.0,47923.0,47848.0,47906.0,1646,3
1765447200,47906.0,47940.0,47849.0,47934.0,3888,3
1765450800,47935.0,47996.0,47916.0,47994.0,2474,3
1765454400,47994.0,48008.0,47964.0,47964.0,2005,3
1765458000,47964.0,48049.0,47955.0,48043.0,1830,3
1765461600,48041.0,48124.0,48040.0,48108.0,2227,3
1765465200,48106.0,48119.0,48066.0,48082.0,2642,3
1765468800,48082.0,48450.0,48082.0,48281.0,10411,3
1765472400,48279.0,48572.0,48238.0,48562.0,13831,3
1765476000,48560.0,48682.0,48510.0,48613.0,11420,3
1765479600,48608.0,48746.0,48607.0,48672.0,8514,3
1765483200,48672.0,48726.0,48654.0,48686.0,6955,3
1765486800,48686.0,48760.0,48663.0,48748.0,5340,3
1765490400,48748.0,48772.0,48703.0,48729.0,6079,3
1765494000,48728.0,48799.0,48728.0,48786.0,2859,3
1765501200,48848.0,48854.0,48774.0,48774.0,1150,3
1765504800,48773.0,48807.0,48750.0,48777.0,1500,3
1765508400,48778.0,48829.0,48775.0,48826.0,1638,3
1765512000,48826.0,48846.0,48820.0,48826.0,1145,3
1765515600,48826.0,48849.0,48805.0,48837.0,1059,3
1765519200,48838.0,48841.0,48813.0,48825.0,814,3
1765522800,48825.0,48856.0,48822.0,48849.0,1015,3
1765526400,48849.0,48857.0,48822.0,48841.0,836,3
1765530000,48839.0,48863.0,48831.0,48851.0,925,2
1765533600,48851.0,48944.0,48835.0,48921.0,2139,2
1765537200,48920.0,48928.0,48856.0,48887.0,2560,3
1765540800,48888.0,48909.0,48860.0,48909.0,1743,2
1765544400,48908.0,48925.0,48848.0,48863.0,1922,2
1765548000,48859.0,48893.0,48842.0,48879.0,2289,2
1765551600,48879.0,48917.0,48871.0,48916.0,2021,2
1765555200,48916.0,48963.0,48827.0,48883.0,8580,2
1765558800,48883.0,48927.0,48581.0,48596.0,13664,2
1765562400,48589.0,48652.0,48407.0,48502.0,14318,3
1765566000,48500.0,48648.0,48489.0,48621.0,10001,3
1765569600,48623.0,48682.0,48572.0,48594.0,9006,3
1765573200,48593.0,48598.0,48508.0,48564.0,8332,3
1765576800,48566.0,48607.0,48444.0,48533.0,8404,2
1765580400,48534.0,48589.0,48525.0,48570.0,2420,3
1765760400,48572.0,48603.0,48500.0,48597.0,1378,3
1765764000,48597.0,48655.0,48584.0,48649.0,1775,3
1765767600,48648.0,48662.0,48614.0,48659.0,1724,3
1765771200,48659.0,48684.0,48647.0,48658.0,1094,3
1765774800,48658.0,48676.0,48648.0,48668.0,918,3
1765778400,48668.0,48708.0,48650.0,48702.0,839,2
1765782000,48702.0,48711.0,48686.0,48691.0,916,2
1765785600,48691.0,48691.0,48651.0,48680.0,1009,2
1765789200,48680.0,48697.0,48654.0,48666.0,1442,2
1765792800,48665.0,48741.0,48646.0,48719.0,2664,2
1765796400,48718.0,48761.0,48706.0,48754.0,1794,2
1765800000,48754.0,48785.0,48747.0,48783.0,1182,2
1765803600,48783.0,48790.0,48757.0,48778.0,948,2
1765807200,48778.0,48790.0,48736.0,48768.0,1286,2
1765810800,48768.0,48793.0,48747.0,48787.0,1471,2
1765814400,48786.0,48811.0,48563.0,48565.0,9088,2
1765818000,48564.0,48599.0,48402.0,48481.0,13804,2
1765821600,48485.0,48570.0,48382.0,48425.0,12137,2
1765825200,48424.0,48495.0,48354.0,48423.0,9047,2
1765828800,48424.0,48472.0,48355.0,48441.0,7886,2
1765832400,48441.0,48530.0,48414.0,48523.0,6818,3
1765836000,48522.0,48542.0,48471.0,48503.0,6938,3
1765839600,48500.0,48533.0,48485.0,48519.0,1435,3
1765846800,48524.0,48541.0,48481.0,48500.0,1566,3
1765850400,48500.0,48518.0,48451.0,48465.0,3042,3
1765854000,48465.0,48498.0,48340.0,48381.0,4723,3
1765857600,48381.0,48406.0,48352.0,48381.0,2976,3
1765861200,48381.0,48407.0,48343.0,48397.0,2075,3
1765864800,48397.0,48414.0,48370.0,48405.0,1672,3
1765868400,48405.0,48409.0,48324.0,48332.0,1824,3
1765872000,48334.0,48368.0,48325.0,48367.0,1678,3
1765875600,48369.0,48382.0,48323.0,48370.0,2064,3
1765879200,48369.0,48438.0,48363.0,48435.0,3016,3
1765882800,48438.0,48438.0,48348.0,48361.0,2259,3
1765886400,48362.0,48464.0,48350.0,48441.0,2187,3
1765890000,48441.0,48492.0,48433.0,48489.0,1698,3
1765893600,48487.0,48523.0,48482.0,48498.0,1917,3
1765897200,48499.0,48593.0,48452.0,48478.0,4999,3
1765900800,48479.0,48529.0,48338.0,48437.0,11602,3
1765904400,48443.0,48468.0,48171.0,48344.0,15747,3
1765908000,48345.0,48359.0,48186.0,48241.0,12285,3
1765911600,48242.0,48288.0,48042.0,48047.0,10663,3
1765915200,48045.0,48234.0,47994.0,48173.0,9224,3
1765918800,48172.0,48175.0,48019.0,48105.0,9625,3
1765922400,48106.0,48279.0,48099.0,48159.0,8756,3
1765926000,48160.0,48178.0,48121.0,48127.0,2583,3
1765933200,48153.0,48170.0,48103.0,48104.0,1689,3
1765936800,48102.0,48103.0,48042.0,48078.0,4092,3
1765940400,48078.0,48163.0,48078.0,48159.0,3907,3
1765944000,48162.0,48165.0,48116.0,48148.0,2384,3
1765947600,48148.0,48158.0,48124.0,48131.0,1424,3
1765951200,48131.0,48151.0,48103.0,48109.0,1369,3
1765954800,48109.0,48143.0,48095.0,48142.0,1591,3
1765958400,48142.0,48183.0,48140.0,48161.0,1476,3
1765962000,48162.0,48208.0,48148.0,48170.0,1921,3
1765965600,48179.0,48233.0,48145.0,48204.0,3588,3
1765969200,48204.0,48262.0,48179.0,48250.0,2468,3
1765972800,48250.0,48284.0,48244.0,48281.0,1760,3
1765976400,48281.0,48285.0,48247.0,48267.0,1709,3
1765980000,48269.0,48284.0,48250.0,48274.0,1588,3
1765983600,48275.0,48316.0,48233.0,48280.0,3804,3
1765987200,48280.0,48422.0,48210.0,48398.0,10176,3
1765990800,48401.0,48435.0,48032.0,48058.0,14797,3
1765994400,48056.0,48140.0,47993.0,48100.0,13317,3
1765998000,48099.0,48154.0,48008.0,48051.0,10966,3
1766001600,48054.0,48117.0,47938.0,47974.0,9819,3
1766005200,47975.0,48034.0,47944.0,48024.0,8884,3
1766008800,48028.0,48040.0,47909.0,47937.0,8314,3
1766012400,47939.0,48005.0,47933.0,47969.0,2389,3
1766019600,47968.0,47990.0,47925.0,47936.0,1548,3
1766023200,47937.0,47980.0,47911.0,47980.0,4008,3
1766026800,47980.0,47982.0,47920.0,47930.0,3377,3
1766030400,47930.0,47981.0,47916.0,47928.0,3049,3
1766034000,47928.0,47930.0,47850.0,47876.0,2578,3
1766037600,47876.0,47920.0,47863.0,47913.0,1474,3
1766041200,47913.0,47913.0,47873.0,47891.0,1699,3
1766044800,47891.0,47909.0,47873.0,47896.0,1629,3
1766048400,47897.0,47926.0,47894.0,47920.0,1902,3
1766052000,47919.0,47953.0,47897.0,47946.0,3447,3
1766055600,47947.0,48010.0,47937.0,48008.0,2076,3
1766059200,48009.0,48027.0,47998.0,48008.0,1521,3
1766062800,48008.0,48090.0,48002.0,48080.0,1341,3
1766066400,48075.0,48084.0,48004.0,48015.0,2061,3
1766070000,48015.0,48223.0,48008.0,48153.0,5581,3
1766073600,48156.0,48367.0,48090.0,48261.0,11011,3
1766077200,48266.0,48439.0,48144.0,48368.0,13612,3
1766080800,48370.0,48435.0,48236.0,48249.0,9419,3
1766084400,48251.0,48256.0,47906.0,48129.0,13381,3
1766088000,48132.0,48254.0,48080.0,48124.0,9150,3
1766091600,48123.0,48134.0,47951.0,47994.0,10496,3
1766095200,47994.0,48156.0,47989.0,48020.0,9439,3
1766098800,48018.0,48034.0,47956.0,47965.0,2044,3
1766106000,47949.0,47973.0,47921.0,47973.0,1373,3
1766109600,47972.0,47985.0,47939.0,47976.0,2142,3
1766113200,47975.0,47978.0,47937.0,47966.0,2420,3
1766116800,47965.0,47977.0,47935.0,47938.0,2083,4
1766120400,47938.0,47973.0,47918.0,47953.0,2691,3
1766124000,47953.0,47967.0,47941.0,47949.0,1571,4
1766127600,47948.0,47953.0,47902.0,47906.0,1442,4
1766131200,47906.0,47920.0,47844.0,47888.0,1710,3
1766134800,47888.0,47971.0,47888.0,47971.0,2141,3
1766138400,47969.0,48065.0,47956.0,48045.0,3278,3
1766142000,48048.0,48093.0,48026.0,48091.0,2298,3
1766145600,48091.0,48101.0,48047.0,48058.0,1873,3
1766149200,48057.0,48061.0,48010.0,48027.0,2208,3
1766152800,48029.0,48051.0,47980.0,47988.0,2525,3
1766156400,47988.0,48054.0,47983.0,48011.0,2711,3
1766160000,48011.0,48275.0,47996.0,48253.0,9706,3
1766163600,48253.0,48349.0,48232.0,48262.0,12264,3
1766167200,48261.0,48337.0,48242.0,48285.0,8721,3
1766170800,48286.0,48330.0,48256.0,48290.0,6211,3
1766174400,48290.0,48337.0,48267.0,48273.0,4860,3
1766178000,48273.0,48312.0,48245.0,48263.0,4575,3
1766181600,48263.0,48278.0,48142.0,48186.0,7223,3
1766185200,48186.0,48229.0,48173.0,48200.0,1669,3
1766365200,48300.0,48301.0,48262.0,48288.0,1038,3
1766368800,48288.0,48292.0,48232.0,48233.0,1504,3
1766372400,48235.0,48265.0,48231.0,48237.0,1207,3
1766376000,48237.0,48248.0,48227.0,48245.0,773,3
1766379600,48245.0,48255.0,48225.0,48229.0,772,3
1766383200,48229.0,48240.0,48226.0,48227.0,573,4
1766386800,48227.0,48240.0,48210.0,48213.0,607,4
1766390400,48213.0,48229.0,48212.0,48226.0,612,3
1766394000,48226.0,48267.0,48225.0,48259.0,1018,3
1766397600,48259.0,48275.0,48221.0,48223.0,1805,2
1766401200,48223.0,48251.0,48218.0,48239.0,1392,2
1766404800,48239.0,48253.0,48234.0,48239.0,846,2
1766408400,48239.0,48246.0,48189.0,48212.0,1816,2
1766412000,48212.0,48238.0,48204.0,48217.0,1202,2
1766415600,48217.0,48257.0,48200.0,48254.0,1320,2
1766419200,48254.0,48445.0,48245.0,48306.0,9541,2
1766422800,48306.0,48438.0,48280.0,48379.0,11046,2
1766426400,48379.0,48489.0,48374.0,48459.0,6468,2
1766430000,48460.0,48516.0,48427.0,48506.0,4356,3
1766433600,48506.0,48507.0,48412.0,48418.0,3970,3
1766437200,48418.0,48452.0,48391.0,48449.0,3681,3
1766440800,48450.0,48467.0,48407.0,48415.0,4199,3
1766444400,48416.0,48429.0,48400.0,48406.0,854,3
1766451600,48403.0,48430.0,48403.0,48417.0,516,3
1766455200,48417.0,48423.0,48408.0,48422.0,691,4
1766458800,48422.0,48437.0,48411.0,48426.0,929,3
1766462400,48426.0,48446.0,48411.0,48419.0,794,3
1766466000,48419.0,48425.0,48407.0,48411.0,528,4
1766469600,48411.0,48412.0,48378.0,48383.0,658,3
1766473200,48383.0,48389.0,48371.0,48385.0,607,4
1766476800,48385.0,48394.0,48382.0,48388.0,675,4
1766480400,48388.0,48406.0,48386.0,48395.0,750,4
1766484000,48395.0,48434.0,48391.0,48414.0,1379,3
1766487600,48414.0,48453.0,48412.0,48451.0,1063,3
1766491200,48451.0,48464.0,48419.0,48421.0,879,3
1766494800,48421.0,48438.0,48407.0,48407.0,715,3
1766498400,48407.0,48419.0,48381.0,48392.0,1234,3
1766502000,48392.0,48402.0,48313.0,48323.0,2387,3
1766505600,48323.0,48440.0,48268.0,48394.0,7657,3
1766509200,48397.0,48527.0,48374.0,48500.0,8168,3
1766512800,48500.0,48516.0,48465.0,48492.0,5089,3
1766516400,48492.0,48533.0,48473.0,48506.0,3316,3
1766520000,48507.0,48588.0,48501.0,48539.0,2772,3
1766523600,48539.0,48546.0,48496.0,48497.0,2641,3
1766527200,48497.0,48525.0,48489.0,48491.0,3217,3
1766530800,48493.0,48500.0,48462.0,48467.0,1066,3
1766538000,48477.0,48480.0,48459.0,48471.0,760,3
1766541600,48471.0,48489.0,48471.0,48476.0,910,4
1766545200,48476.0,48491.0,48465.0,48469.0,705,3
1766548800,48468.0,48473.0,48461.0,48465.0,584,4
1766552400,48465.0,48477.0,48457.0,48469.0,440,3
1766556000,48470.0,48476.0,48464.0,48467.0,336,4
1766559600,48467.0,48474.0,48455.0,48456.0,438,4
1766563200,48456.0,48462.0,48447.0,48460.0,392,4
1766566800,48460.0,48463.0,48441.0,48445.0,349,4
1766570400,48445.0,48460.0,48443.0,48450.0,612,3
1766574000,48450.0,48475.0,48446.0,48470.0,462,3
1766577600,48470.0,48481.0,48460.0,48476.0,374,3
1766581200,48476.0,48478.0,48455.0,48462.0,363,3
1766584800,48462.0,48479.0,48458.0,48476.0,571,3
1766588400,48476.0,48503.0,48451.0,48493.0,896,3
1766592000,48493.0,48627.0,48421.0,48584.0,5841,3
1766595600,48582.0,48696.0,48580.0,48689.0,5295,3
1766599200,48688.0,48776.0,48684.0,48763.0,3719,3
1766602800,48763.0,48825.0,48757.0,48760.0,3866,3
1766606400,48761.0,48790.0,48743.0,48752.0,932,3
1766710800,48778.0,48828.0,48778.0,48800.0,716,3
1766714400,48800.0,48823.0,48790.0,48819.0,839,3
1766718000,48819.0,48821.0,48765.0,48767.0,903,3
1766721600,48767.0,48772.0,48743.0,48759.0,567,4
1766725200,48759.0,48767.0,48742.0,48751.0,421,4
1766728800,48751.0,48787.0,48748.0,48782.0,395,4
1766732400,48782.0,48785.0,48747.0,48753.0,389,3
1766736000,48753.0,48777.0,48749.0,48752.0,513,3
1766739600,48752.0,48756.0,48717.0,48721.0,544,3
1766743200,48721.0,48741.0,48704.0,48733.0,617,3
1766746800,48733.0,48747.0,48720.0,48728.0,575,3
1766750400,48728.0,48742.0,48721.0,48725.0,455,3
1766754000,48726.0,48730.0,48668.0,48684.0,604,3
1766757600,48684.0,48730.0,48684.0,48726.0,696,3
1766761200,48726.0,48751.0,48710.0,48734.0,1152,3
1766764800,48734.0,48820.0,48710.0,48767.0,6508,3
1766768400,48767.0,48794.0,48691.0,48741.0,7698,3
1766772000,48741.0,48752.0,48664.0,48695.0,4974,3
1766775600,48695.0,48719.0,48650.0,48670.0,3898,3
1766779200,48670.0,48704.0,48625.0,48679.0,3055,3
1766782800,48679.0,48707.0,48660.0,48678.0,2519,3
1766786400,48678.0,48773.0,48675.0,48751.0,3171,3
1766790000,48753.0,48761.0,48732.0,48752.0,904,3
1766970000,48766.0,48799.0,48760.0,48786.0,869,3
1766973600,48786.0,48809.0,48773.0,48805.0,1178,3
1766977200,48806.0,48817.0,48771.0,48774.0,1208,3
1766980800,48774.0,48782.0,48766.0,48766.0,786,3
1766984400,48766.0,48790.0,48765.0,48782.0,578,4
1766988000,48782.0,48787.0,48763.0,48763.0,416,4
1766991600,48763.0,48763.0,48744.0,48753.0,867,3
1766995200,48753.0,48780.0,48748.0,48756.0,844,3
1766998800,48756.0,48781.0,48743.0,48768.0,1075,3
1767002400,48768.0,48771.0,48713.0,48726.0,2427,3
1767006000,48726.0,48777.0,48726.0,48771.0,1523,3
1767009600,48771.0,48790.0,48759.0,48762.0,997,3
1767013200,48762.0,48771.0,48749.0,48769.0,1075,3
1767016800,48770.0,48770.0,48684.0,48713.0,1277,3
1767020400,48713.0,48722.0,48639.0,48668.0,1997,3
1767024000,48668.0,48754.0,48572.0,48608.0,8362,3
1767027600,48608.0,48620.0,48498.0,48527.0,8792,2
1767031200,48528.0,48547.0,48465.0,48509.0,5949,3
1767034800,48510.0,48515.0,48431.0,48471.0,4038,3
1767038400,48471.0,48573.0,48466.0,48521.0,3496,3
1767042000,48521.0,48578.0,48478.0,48574.0,3440,3
1767045600,48573.0,48608.0,48491.0,48521.0,3337,3
1767049200,48520.0,48540.0,48497.0,48526.0,829,3
1767056400,48536.0,48536.0,48507.0,48513.0,856,3
1767060000,48513.0,48534.0,48509.0,48509.0,782,4
1767063600,48509.0,48533.0,48504.0,48530.0,996,4
1767067200,48530.0,48533.0,48502.0,48507.0,764,4
1767070800,48507.0,48535.0,48507.0,48517.0,700,4
1767074400,48517.0,48537.0,48510.0,48525.0,502,4
1767078000,48525.0,48532.0,48508.0,48526.0,570,3
1767081600,48526.0,48526.0,48499.0,48509.0,634,4
1767085200,48509.0,48509.0,48456.0,48465.0,838,3
1767088800,48465.0,48535.0,48465.0,48527.0,1379,3
1767092400,48526.0,48538.0,48510.0,48523.0,746,3
1767096000,48523.0,48534.0,48507.0,48509.0,816,3
1767099600,48509.0,48531.0,48478.0,48521.0,863,3
1767103200,48521.0,48535.0,48498.0,48508.0,1105,3
1767106800,48508.0,48525.0,48492.0,48508.0,1488,3
1767110400,48508.0,48536.0,48343.0,48471.0,7205,3
1767114000,48469.0,48483.0,48364.0,48421.0,7313,3
1767117600,48421.0,48489.0,48395.0,48399.0,4753,3
1767121200,48399.0,48463.0,48362.0,48454.0,3236,3
1767124800,48453.0,48483.0,48431.0,48471.0,2494,3
1767128400,48468.0,48478.0,48418.0,48436.0,2790,3
1767132000,48436.0,48485.0,48412.0,48427.0,3436,3
1767135600,48426.0,48458.0,48412.0,48448.0,1040,3
1767142800,48458.0,48470.0,48427.0,48442.0,802,3
1767146400,48442.0,48442.0,48384.0,48390.0,801,3
1767150000,48390.0,48398.0,48360.0,48384.0,1433,3
1767153600,48384.0,48424.0,48380.0,48418.0,992,4
1767157200,48418.0,48425.0,48402.0,48408.0,680,3
1767160800,48408.0,48417.0,48399.0,48399.0,542,4
1767164400,48399.0,48405.0,48371.0,48376.0,622,3
1767168000,48376.0,48380.0,48360.0,48374.0,754,4
1767171600,48374.0,48390.0,48357.0,48376.0,822,3
1767175200,48376.0,48382.0,48346.0,48351.0,1082,3
1767178800,48351.0,48373.0,48346.0,48352.0,966,3
1767182400,48352.0,48362.0,48337.0,48345.0,615,3
1767186000,48345.0,48365.0,48340.0,48358.0,722,3
1767189600,48358.0,48398.0,48348.0,48393.0,818,3
1767193200,48393.0,48442.0,48382.0,48428.0,1289,3
1767196800,48428.0,48451.0,48280.0,48342.0,6206,3
1767200400,48342.0,48345.0,48218.0,48221.0,7253,3
1767204000,48221.0,48302.0,48216.0,48288.0,4731,3
1767207600,48288.0,48291.0,48220.0,48233.0,3579,3
1767211200,48234.0,48247.0,48233.0,48243.0,63,3
1767344400,48237.0,48238.0,48202.0,48203.0,851,3
1767348000,48203.0,48242.0,48196.0,48229.0,1780,3
1767351600,48230.0,48302.0,48228.0,48299.0,1540,3
1767355200,48299.0,48308.0,48266.0,48306.0,1210,3
1767358800,48306.0,48334.0,48295.0,48325.0,1070,3
1767362400,48325.0,48347.0,48295.0,48300.0,1245,3
1767366000,48300.0,48305.0,48243.0,48266.0,1468,3
1767369600,48266.0,48287.0,47870.0,48114.0,9395,3
1767373200,48114.0,48205.0,47918.0,48135.0,13939,3
1767376800,48135.0,48284.0,48086.0,48139.0,12173,3
1767380400,48139.0,48299.0,48130.0,48161.0,8469,3
1767384000,48161.0,48210.0,48105.0,48175.0,6456,3
1767387600,48175.0,48429.0,48161.0,48393.0,7527,3
1767391200,48392.0,48428.0,48300.0,48394.0,7083,3
1767394800,48394.0,48412.0,48363.0,48374.0,1259,3
1767574800,48430.0,48432.0,48374.0,48405.0,2039,3
1767578400,48405.0,48417.0,48375.0,48413.0,2519,3
1767582000,48413.0,48432.0,48367.0,48400.0,2449,3
1767585600,48400.0,48438.0,48400.0,48428.0,1116,3
1767589200,48428.0,48428.0,48383.0,48384.0,854,4
1767592800,48384.0,48435.0,48379.0,48426.0,689,3
1767596400,48426.0,48435.0,48403.0,48433.0,868,4
1767600000,48433.0,48471.0,48406.0,48467.0,1066,3
1767603600,48467.0,48480.0,48417.0,48444.0,1367,3
1767607200,48444.0,48481.0,48425.0,48457.0,3030,3
1767610800,48457.0,48467.0,48402.0,48426.0,1919,3
1767614400,48426.0,48453.0,48416.0,48420.0,1413,3
1767618000,48420.0,48448.0,48411.0,48443.0,1164,3
1767621600,48444.0,48461.0,48388.0,48413.0,1485,3
1767625200,48413.0,48467.0,48352.0,48453.0,2562,3
1767628800,48452.0,48992.0,48442.0,48933.0,10978,3
1767632400,48933.0,49121.0,48921.0,49075.0,12266,3
1767636000,49075.0,49170.0,49041.0,49162.0,7710,3
1767639600,49162.0,49216.0,49141.0,49188.0,6490,3
1767643200,49188.0,49253.0,49168.0,49240.0,4948,3
1767646800,49240.0,49257.0,49094.0,49113.0,4789,3
1767650400,49113.0,49153.0,49006.0,49029.0,5827,3
1767654000,49031.0,49048.0,49011.0,49011.0,1211,3
1767661200,49011.0,49039.0,49001.0,49004.0,1313,3
1767664800,49004.0,49019.0,48992.0,49003.0,1761,3
1767668400,49003.0,49059.0,48998.0,49041.0,1878,3
1767672000,49041.0,49049.0,49030.0,49047.0,846,4
1767675600,49047.0,49048.0,49035.0,49043.0,577,4
1767679200,49043.0,49059.0,49029.0,49035.0,681,4
1767682800,49035.0,49040.0,49022.0,49025.0,708,4
1767686400,49025.0,49060.0,49010.0,49044.0,863,3
1767690000,49044.0,49045.0,49013.0,49019.0,677,3
1767693600,49020.0,49022.0,48892.0,48913.0,2925,3
1767697200,48913.0,48949.0,48890.0,48893.0,2280,3
1767700800,48893.0,48944.0,48887.0,48922.0,1367,3
1767704400,48923.0,48951.0,48917.0,48924.0,1128,3
1767708000,48924.0,49002.0,48919.0,48998.0,1398,3
1767711600,48998.0,49004.0,48945.0,48974.0,2356,3
1767715200,48973.0,49138.0,48928.0,49112.0,9834,3
1767718800,49113.0,49233.0,49100.0,49150.0,10725,3
1767722400,49149.0,49296.0,49129.0,49288.0,8350,3
1767726000,49288.0,49459.0,49285.0,49446.0,5144,3
1767729600,49446.0,49499.0,49424.0,49498.0,4349,3
1767733200,49497.0,49539.0,49472.0,49503.0,3597,3
1767736800,49502.0,49557.0,49499.0,49507.0,4224,3
1767740400,49506.0,49547.0,49499.0,49536.0,1099,3
1767747600,49540.0,49552.0,49523.0,49527.0,777,3
1767751200,49527.0,49550.0,49523.0,49541.0,1284,3
1767754800,49541.0,49582.0,49533.0,49574.0,1626,3
1767758400,49574.0,49589.0,49562.0,49577.0,780,3
1767762000,49577.0,49588.0,49564.0,49571.0,754,3
1767765600,49571.0,49601.0,49564.0,49593.0,744,4
1767769200,49593.0,49603.0,49576.0,49580.0,538,3
1767772800,49580.0,49590.0,49544.0,49545.0,649,3
1767776400,49545.0,49567.0,49545.0,49549.0,689,3
1767780000,49549.0,49566.0,49540.0,49553.0,1581,3
1767783600,49553.0,49582.0,49528.0,49540.0,1384,3
1767787200,49540.0,49551.0,49515.0,49541.0,1230,3
1767790800,49541.0,49551.0,49531.0,49545.0,1039,3
1767794400,49545.0,49562.0,49522.0,49561.0,1317,3
1767798000,49561.0,49595.0,49539.0,49583.0,1787,3
1767801600,49583.0,49668.0,49402.0,49419.0,8674,3
1767805200,49419.0,49436.0,49243.0,49321.0,10943,3
1767808800,49322.0,49420.0,49302.0,49410.0,6656,3
1767812400,49410.0,49442.0,49298.0,49313.0,5496,3
1767816000,49312.0,49313.0,49206.0,49272.0,5837,3
1767819600,49271.0,49279.0,49169.0,49194.0,5820,3
1767823200,49195.0,49200.0,48988.0,49037.0,7121,3
1767826800,49038.0,49039.0,48976.0,49028.0,1554,3
1767834000,49060.0,49066.0,49034.0,49064.0,1095,3
1767837600,49064.0,49073.0,49050.0,49067.0,908,3
1767841200,49067.0,49068.0,49028.0,49052.0,1284,3
1767844800,49052.0,49064.0,48979.0,48986.0,1596,3
1767848400,48986.0,48990.0,48949.0,48966.0,1123,3
1767852000,48966.0,48969.0,48947.0,48952.0,847,4
1767855600,48952.0,48957.0,48906.0,48909.0,1111,3
1767859200,48909.0,48911.0,48864.0,48898.0,2090,3
1767862800,48899.0,48937.0,48870.0,48911.0,2132,3
1767866400,48911.0,48949.0,48908.0,48919.0,2149,3
1767870000,48919.0,48941.0,48890.0,48897.0,1558,3
1767873600,48897.0,48902.0,48868.0,48893.0,1404,3
1767877200,48892.0,48911.0,48853.0,48868.0,1534,3
1767880800,48867.0,48879.0,48834.0,48857.0,1750,3
1767884400,48856.0,48902.0,48848.0,48864.0,2151,3
1767888000,48864.0,49126.0,48803.0,49086.0,9665,3
1767891600,49087.0,49258.0,49062.0,49253.0,11923,3
1767895200,49254.0,49346.0,49187.0,49326.0,9461,3
1767898800,49326.0,49387.0,49296.0,49354.0,6555,3
1767902400,49354.0,49367.0,49273.0,49289.0,6290,3
1767906000,49289.0,49326.0,49246.0,49266.0,5865,3
1767909600,49264.0,49337.0,49254.0,49283.0,5825,3
1767913200,49285.0,49403.0,49284.0,49368.0,1436,3
1767920400,49383.0,49394.0,49325.0,49333.0,965,3
1767924000,49333.0,49347.0,49302.0,49304.0,1347,3
1767927600,49305.0,49314.0,49278.0,49291.0,1911,4
1767931200,49291.0,49317.0,49284.0,49301.0,1215,4
1767934800,49301.0,49309.0,49291.0,49301.0,906,3
1767938400,49301.0,49310.0,49289.0,49304.0,825,4
1767942000,49304.0,49312.0,49280.0,49300.0,1012,3
1767945600,49300.0,49314.0,49282.0,49301.0,932,3
1767949200,49301.0,49302.0,49261.0,49293.0,1072,3
1767952800,49293.0,49316.0,49256.0,49264.0,2282,3
1767956400,49266.0,49321.0,49260.0,49321.0,1624,3
1767960000,49321.0,49326.0,49296.0,49297.0,1177,3
1767963600,49297.0,49315.0,49284.0,49294.0,1295,3
1767967200,49294.0,49335.0,49285.0,49331.0,1345,3
1767970800,49330.0,49479.0,49325.0,49445.0,3794,3
1767974400,49446.0,49479.0,49249.0,49390.0,11542,3
1767978000,49392.0,49498.0,49213.0,49395.0,13430,3
1767981600,49396.0,49582.0,49381.0,49557.0,8578,3
1767985200,49558.0,49598.0,49505.0,49505.0,5672,3
1767988800,49505.0,49564.0,49472.0,49509.0,4964,3
1767992400,49510.0,49562.0,49502.0,49545.0,4376,3
1767996000,49547.0,49579.0,49517.0,49532.0,4840,3
1767999600,49534.0,49540.0,49510.0,49537.0,1123,3
1768179600,49535.0,49535.0,49449.0,49477.0,1904,3
1768183200,49477.0,49478.0,49358.0,49381.0,2965,3
1768186800,49380.0,49394.0,49328.0,49371.0,3576,3
1768190400,49371.0,49371.0,49306.0,49314.0,1888,3
1768194000,49314.0,49317.0,49278.0,49289.0,1302,3
1768197600,49289.0,49309.0,49278.0,49295.0,943,4
1768201200,49294.0,49311.0,49277.0,49298.0,1165,3
1768204800,49297.0,49327.0,49292.0,49315.0,948,3
1768208400,49315.0,49340.0,49281.0,49307.0,1365,3
1768212000,49307.0,49330.0,49234.0,49238.0,3252,3
1768215600,49228.0,49248.0,49156.0,49198.0,2966,3
1768219200,49199.0,49201.0,49166.0,49169.0,1397,3
1768222800,49171.0,49207.0,49110.0,49176.0,1820,3
1768226400,49177.0,49224.0,49170.0,49208.0,1700,3
1768230000,49208.0,49244.0,49184.0,49225.0,1980,3
1768233600,49225.0,49383.0,49031.0,49367.0,9861,3
1768237200,49365.0,49458.0,49230.0,49453.0,10481,3
1768240800,49452.0,49530.0,49410.0,49462.0,6758,3
1768244400,49462.0,49501.0,49421.0,49486.0,5015,3
1768248000,49486.0,49580.0,49476.0,49571.0,4113,3
1768251600,49571.0,49619.0,49533.0,49601.0,4066,3
1768255200,49601.0,49672.0,49541.0,49623.0,4969,3
1768258800,49623.0,49625.0,49566.0,49578.0,1198,3
1768266000,49586.0,49595.0,49552.0,49570.0,1237,3
1768269600,49570.0,49587.0,49557.0,49562.0,1157,3
1768273200,49561.0,49600.0,49549.0,49585.0,1376,4
1768276800,49585.0,49612.0,49580.0,49608.0,1018,3
1768280400,49608.0,49622.0,49602.0,49607.0,727,4
1768284000,49607.0,49622.0,49602.0,49619.0,613,4
1768287600,49619.0,49623.0,49591.0,49603.0,661,4
1768291200,49603.0,49606.0,49578.0,49593.0,610,3
1768294800,49594.0,49600.0,49581.0,49587.0,766,4
1768298400,49586.0,49590.0,49562.0,49581.0,1520,3
1768302000,49581.0,49586.0,49556.0,49570.0,1030,3
1768305600,49570.0,49573.0,49538.0,49566.0,844,3
1768309200,49566.0,49651.0,49516.0,49620.0,1508,3
1768312800,49618.0,49618.0,49510.0,49510.0,1385,3
1768316400,49512.0,49723.0,49496.0,49584.0,4347,3
1768320000,49583.0,49644.0,49299.0,49338.0,9941,3
1768323600,49338.0,49441.0,49240.0,49324.0,12615,3
1768327200,49323.0,49377.0,49234.0,49326.0,9111,3
1768330800,49328.0,49363.0,49261.0,49274.0,7366,3
1768334400,49275.0,49337.0,49215.0,49282.0,7413,3
1768338000,49283.0,49301.0,49204.0,49237.0,6741,3
1768341600,49236.0,49240.0,49097.0,49229.0,6674,3
1768345200,49233.0,49244.0,49199.0,49206.0,1226,3
1768352400,49202.0,49216.0,49182.0,49187.0,924,3
1768356000,49187.0,49209.0,49179.0,49188.0,1417,3
1768359600,49188.0,49190.0,49131.0,49134.0,1537,3
1768363200,49134.0,49150.0,49119.0,49146.0,1226,3
1768366800,49146.0,49166.0,49131.0,49150.0,962,4
1768370400,49150.0,49157.0,49097.0,49105.0,856,3
1768374000,49105.0,49116.0,49085.0,49091.0,1304,4
1768377600,49091.0,49123.0,49084.0,49123.0,1425,3
1768381200,49121.0,49131.0,49103.0,49116.0,1030,4
1768384800,49116.0,49140.0,49107.0,49135.0,2066,3
1768388400,49135.0,49171.0,49129.0,49160.0,1431,3
1768392000,49160.0,49160.0,49056.0,49069.0,2903,3
1768395600,49069.0,49091.0,49038.0,49075.0,2037,3
1768399200,49069.0,49143.0,49039.0,49101.0,2213,3
1768402800,49101.0,49117.0,49045.0,49067.0,3263,3
1768406400,49067.0,49227.0,49029.0,49044.0,11774,3
1768410000,49012.0,49189.0,48918.0,48986.0,15645,3
1768413600,48986.0,49175.0,48886.0,48926.0,11072,3
1768417200,48925.0,49012.0,48912.0,48959.0,10121,3
1768420800,48961.0,49074.0,48943.0,49064.0,8742,3
1768424400,49063.0,49087.0,49010.0,49068.0,7692,3
1768428000,49067.0,49206.0,49024.0,49193.0,9568,3
1768431600,49192.0,49213.0,49047.0,49129.0,2726,3
1768438800,49127.0,49146.0,49085.0,49126.0,1618,3
1768442400,49126.0,49130.0,49104.0,49120.0,1422,3
1768446000,49121.0,49169.0,49103.0,49166.0,2681,3
1768449600,49166.0,49173.0,49140.0,49155.0,1397,3
1768453200,49155.0,49170.0,49123.0,49131.0,1565,3
1768456800,49131.0,49143.0,49126.0,49134.0,1162,4
1768460400,49134.0,49200.0,49131.0,49167.0,1694,3
1768464000,49167.0,49217.0,49158.0,49176.0,2415,3
1768467600,49177.0,49183.0,49142.0,49157.0,1717,3
1768471200,49157.0,49180.0,49136.0,49178.0,2381,3
1768474800,49179.0,49254.0,49165.0,49233.0,1954,3
1768478400,49234.0,49251.0,49213.0,49245.0,1367,3
1768482000,49245.0,49259.0,49215.0,49223.0,1350,3
1768485600,49225.0,49341.0,49187.0,49204.0,2476,3
1768489200,49204.0,49216.0,49117.0,49159.0,2673,3
1768492800,49159.0,49427.0,49131.0,49363.0,9969,3
1768496400,49368.0,49526.0,49363.0,49513.0,11417,3
1768500000,49509.0,49603.0,49509.0,49560.0,7461,3
1768503600,49559.0,49606.0,49519.0,49519.0,6339,3
1768507200,49515.0,49623.0,49513.0,49589.0,5297,3
1768510800,49590.0,49621.0,49499.0,49514.0,7138,3
1768514400,49513.0,49533.0,49427.0,49487.0,7854,3
1768518000,49488.0,49492.0,49459.0,49476.0,1332,3
1768525200,49490.0,49521.0,49482.0,49508.0,873,3
1768528800,49508.0,49518.0,49493.0,49509.0,1167,3
1768532400,49509.0,49522.0,49480.0,49510.0,1629,3
1768536000,49510.0,49549.0,49500.0,49544.0,934,3
1768539600,49544.0,49567.0,49542.0,49560.0,704,4
1768543200,49560.0,49586.0,49555.0,49583.0,588,4
1768546800,49583.0,49586.0,49560.0,49564.0,790,3
1768550400,49564.0,49566.0,49550.0,49564.0,592,3
1768554000,49564.0,49573.0,49545.0,49550.0,878,3
1768557600,49549.0,49569.0,49523.0,49531.0,1544,3
1768561200,49531.0,49551.0,49514.0,49520.0,1169,3
1768564800,49521.0,49548.0,49519.0,49523.0,987,3
1768568400,49523.0,49548.0,49470.0,49470.0,1394,3
1768572000,49478.0,49500.0,49444.0,49461.0,1891,3
1768575600,49462.0,49506.0,49438.0,49481.0,2338,3
1768579200,49481.0,49637.0,49348.0,49355.0,10632,3
1768582800,49353.0,49444.0,49260.0,49381.0,12386,3
1768586400,49375.0,49504.0,49371.0,49427.0,8961,3
1768590000,49427.0,49464.0,49412.0,49431.0,7034,3
1768593600,49432.0,49521.0,49422.0,49475.0,5649,3
1768597200,49474.0,49550.0,49421.0,49443.0,6434,3
1768600800,49441.0,49455.0,49351.0,49383.0,6790,3
1768604400,49382.0,49397.0,49343.0,49390.0,1443,3
1768784400,49077.0,49173.0,49028.0,49142.0,2480,3
1768788000,49142.0,49142.0,49035.0,49080.0,3338,3
1768791600,49081.0,49102.0,49026.0,49028.0,2420,3
1768795200,49028.0,49071.0,49027.0,49062.0,1337,3
1768798800,49062.0,49065.0,49041.0,49054.0,1073,3
1768802400,49054.0,49057.0,49026.0,49030.0,678,3
1768806000,49030.0,49054.0,49013.0,49039.0,889,3
1768809600,49039.0,49067.0,49027.0,49029.0,896,4
1768813200,49029.0,49035.0,48951.0,48971.0,2091,3
1768816800,48971.0,49108.0,48971.0,49087.0,3026,3
1768820400,49088.0,49096.0,48907.0,48932.0,3702,3
1768824000,48932.0,49001.0,48917.0,48925.0,2276,3
1768827600,48925.0,48970.0,48911.0,48959.0,1988,3
1768831200,48959.0,49078.0,48933.0,49019.0,2025,3
1768834800,49020.0,49068.0,48987.0,49043.0,1959,3
1768838400,49043.0,49062.0,48927.0,48990.0,3190,3
1768842000,48990.0,49004.0,48941.0,48971.0,2736,3
1768845600,48971.0,49061.0,48948.0,48985.0,2262,3
1768849200,48985.0,49021.0,48970.0,49002.0,1454,3
1768852800,49001.0,49001.0,49001.0,49001.0,1,4
1768870800,48997.0,49027.0,48966.0,48976.0,854,3
1768874400,48977.0,48978.0,48910.0,48942.0,1942,3
1768878000,48942.0,48998.0,48942.0,48970.0,2418,4
1768881600,48970.0,48971.0,48925.0,48963.0,1399,4
1768885200,48963.0,48980.0,48957.0,48973.0,867,4
1768888800,48973.0,48976.0,48923.0,48932.0,927,3
1768892400,48932.0,48966.0,48926.0,48948.0,1514,3
1768896000,48948.0,48950.0,48738.0,48807.0,3347,3
1768899600,48807.0,48817.0,48742.0,48780.0,3042,3
1768903200,48782.0,48789.0,48615.0,48660.0,6287,3
1768906800,48660.0,48683.0,48547.0,48573.0,5334,3
1768910400,48573.0,48682.0,48540.0,48671.0,3444,3
1768914000,48671.0,48781.0,48661.0,48767.0,3114,3
1768917600,48767.0,48819.0,48713.0,48789.0,4078,3
1768921200,48789.0,48811.0,48650.0,48676.0,5677,3
1768924800,48676.0,48821.0,48634.0,48711.0,13746,2
1768928400,48709.0,48946.0,48608.0,48901.0,15777,3
1768932000,48901.0,48909.0,48744.0,48873.0,13198,3
1768935600,48873.0,48907.0,48693.0,48716.0,11369,3
1768939200,48716.0,48767.0,48509.0,48551.0,9668,3
1768942800,48550.0,48589.0,48477.0,48506.0,10293,2
1768946400,48505.0,48574.0,48463.0,48540.0,10072,2
1768950000,48541.0,48596.0,48520.0,48580.0,2233,3
1768957200,48586.0,48608.0,48536.0,48546.0,1545,3
1768960800,48546.0,48603.0,48546.0,48594.0,1645,3
1768964400,48594.0,48634.0,48585.0,48621.0,1594,4
1768968000,48621.0,48631.0,48586.0,48591.0,1507,3
1768971600,48591.0,48643.0,48591.0,48614.0,1712,3
1768975200,48614.0,48636.0,48607.0,48618.0,1205,4
1768978800,48618.0,48632.0,48590.0,48608.0,1052,4
1768982400,48608.0,48617.0,48572.0,48574.0,1068,3
1768986000,48574.0,48644.0,48572.0,48624.0,1260,3
1768989600,48623.0,48650.0,48609.0,48628.0,2495,3
1768993200,48628.0,48641.0,48537.0,48541.0,2300,3
1768996800,48541.0,48609.0,48526.0,48572.0,2084,2
1769000400,48572.0,48578.0,48411.0,48413.0,2702,3
1769004000,48414.0,48501.0,48382.0,48432.0,3751,3
1769007600,48432.0,48446.0,48346.0,48402.0,4318,3
1769011200,48396.0,48847.0,48385.0,48841.0,15807,3
1769014800,48843.0,49063.0,48831.0,49006.0,12658,3
1769018400,49008.0,49014.0,48800.0,48804.0,11766,3
1769022000,48803.0,48838.0,48629.0,48791.0,13210,3
1769025600,48791.0,48892.0,48664.0,48854.0,11503,3
1769029200,48854.0,49340.0,48764.0,49310.0,13810,2
1769032800,49311.0,49335.0,49080.0,49124.0,11601,3
1769036400,49125.0,49171.0,49119.0,49137.0,2329,3
1769043600,49156.0,49212.0,49156.0,49181.0,1541,3
1769047200,49181.0,49206.0,49172.0,49196.0,2006,3
1769050800,49196.0,49234.0,49187.0,49228.0,1988,3
1769054400,49228.0,49254.0,49212.0,49227.0,1121,3
1769058000,49227.0,49250.0,49226.0,49235.0,971,4
1769061600,49235.0,49237.0,49208.0,49215.0,913,3
1769065200,49215.0,49225.0,49166.0,49170.0,997,3
1769068800,49170.0,49183.0,49118.0,49164.0,2144,3
1769072400,49164.0,49214.0,49130.0,49190.0,2490,3
1769076000,49190.0,49303.0,49185.0,49279.0,4086,3
1769079600,49279.0,49337.0,49276.0,49322.0,2399,3
1769083200,49323.0,49331.0,49283.0,49327.0,1932,3
1769086800,49327.0,49334.0,49248.0,49262.0,2847,3
1769090400,49262.0,49292.0,49233.0,49274.0,2513,3
1769094000,49274.0,49379.0,49266.0,49376.0,3438,3
1769097600,49376.0,49625.0,49334.0,49384.0,11110,3
1769101200,49384.0,49511.0,49294.0,49473.0,13760,3
1769104800,49471.0,49590.0,49470.0,49529.0,8562,3
1769108400,49529.0,49656.0,49504.0,49636.0,7869,3
1769112000,49636.0,49642.0,49524.0,49543.0,6770,3
1769115600,49541.0,49620.0,49442.0,49443.0,6692,3
1769119200,49442.0,49506.0,49357.0,49425.0,8602,3
1769122800,49425.0,49435.0,49346.0,49368.0,2266,3
1769130000,49389.0,49402.0,49345.0,49387.0,1108,3
1769133600,49387.0,49433.0,49370.0,49431.0,1276,3
1769137200,49431.0,49469.0,49425.0,49466.0,1823,3
1769140800,49466.0,49467.0,49438.0,49440.0,1042,4
1769144400,49440.0,49467.0,49439.0,49461.0,914,4
1769148000,49461.0,49462.0,49439.0,49458.0,879,4
1769151600,49458.0,49471.0,49451.0,49468.0,845,4
1769155200,49467.0,49481.0,49443.0,49449.0,913,3
1769158800,49449.0,49465.0,49432.0,49444.0,1338,3
1769162400,49444.0,49448.0,49350.0,49368.0,3194,3
1769166000,49368.0,49389.0,49292.0,49316.0,3026,3
1769169600,49316.0,49316.0,49281.0,49306.0,2321,3
1769173200,49306.0,49344.0,49293.0,49303.0,2617,3
1769176800,49303.0,49336.0,49274.0,49320.0,2175,3
1769180400,49320.0,49326.0,49167.0,49181.0,3100,3
1769184000,49181.0,49242.0,49030.0,49158.0,9191,3
1769187600,49158.0,49217.0,49062.0,49184.0,10307,3
1769191200,49185.0,49225.0,49105.0,49149.0,8170,3
1769194800,49149.0,49204.0,48990.0,49007.0,7980,3
1769198400,49007.0,49068.0,48979.0,49064.0,8102,3
1769202000,49064.0,49163.0,49058.0,49118.0,6377,3
1769205600,49117.0,49151.0,49068.0,49121.0,6793,3
1769209200,49117.0,49117.0,49028.0,49037.0,1843,3
1769389200,48765.0,48989.0,48728.0,48972.0,3522,3
1769392800,48972.0,49064.0,48970.0,49027.0,3178,3
1769396400,49027.0,49088.0,48999.0,49016.0,3312,3
1769400000,49016.0,49044.0,48986.0,49014.0,2253,3
1769403600,49014.0,49048.0,49007.0,49019.0,1916,3
1769407200,49018.0,49040.0,48998.0,49011.0,1423,4
1769410800,49011.0,49055.0,49003.0,49051.0,1364,3
1769414400,49051.0,49086.0,49050.0,49064.0,1632,3
1769418000,49064.0,49127.0,49058.0,49117.0,1408,3
1769421600,49118.0,49162.0,49111.0,49158.0,2361,3
1769425200,49158.0,49178.0,49036.0,49070.0,2950,3
1769428800,49070.0,49131.0,49066.0,49102.0,2259,3
1769432400,49102.0,49156.0,49098.0,49116.0,1638,3
1769436000,49116.0,49154.0,49111.0,49140.0,1748,3
1769439600,49140.0,49203.0,49114.0,49198.0,2699,3
1769443200,49198.0,49362.0,49177.0,49278.0,8668,3
1769446800,49278.0,49404.0,49265.0,49317.0,9181,3
1769450400,49316.0,49321.0,49233.0,49267.0,7521,3
1769454000,49267.0,49380.0,49260.0,49366.0,4912,3
1769457600,49366.0,49495.0,49349.0,49399.0,5229,3
1769461200,49398.0,49488.0,49392.0,49455.0,4669,3
1769464800,49454.0,49521.0,49432.0,49436.0,4687,3
1769468400,49437.0,49449.0,49249.0,49250.0,2267,3
1769475600,49274.0,49307.0,49239.0,49285.0,1297,3
1769479200,49285.0,49299.0,49262.0,49296.0,1155,3
1769482800,49296.0,49327.0,49284.0,49317.0,1271,3
1769486400,49317.0,49374.0,49317.0,49373.0,1120,3
1769490000,49373.0,49389.0,49363.0,49382.0,798,3
1769493600,49382.0,49415.0,49382.0,49398.0,693,4
1769497200,49398.0,49418.0,49380.0,49414.0,1020,4
1769500800,49414.0,49435.0,49392.0,49395.0,1033,4
1769504400,49395.0,49424.0,49394.0,49416.0,1151,3
1769508000,49416.0,49425.0,49365.0,49392.0,2381,3
1769511600,49392.0,49414.0,49388.0,49391.0,1863,3
1769515200,49391.0,49446.0,49355.0,49358.0,1303,3
1769518800,49358.0,49376.0,49289.0,49296.0,1723,3
1769522400,49315.0,49316.0,49170.0,49183.0,2492,3
1769526000,49183.0,49215.0,49111.0,49114.0,2511,3
1769529600,49114.0,49153.0,48973.0,49038.0,9376,3
1769533200,49038.0,49061.0,48921.0,49059.0,10012,3
1769536800,49059.0,49200.0,49037.0,49106.0,6512,3
1769540400,49106.0,49111.0,48936.0,48951.0,6290,3
1769544000,48951.0,49018.0,48890.0,49001.0,5470,3
1769547600,49001.0,49041.0,48976.0,49017.0,4447,3
1769551200,49017.0,49052.0,48995.0,49047.0,4957,3
1769554800,49046.0,49050.0,48992.0,49009.0,1696,3
1769562000,49012.0,49032.0,49004.0,49019.0,1027,3
1769565600,49019.0,49076.0,49018.0,49056.0,1461,3
1769569200,49056.0,49061.0,49029.0,49038.0,1469,4
1769572800,49038.0,49051.0,49026.0,49040.0,1021,4
1769576400,49040.0,49060.0,49032.0,49033.0,1072,3
1769580000,49033.0,49036.0,49017.0,49033.0,712,3
1769583600,49033.0,49064.0,49031.0,49058.0,806,3
1769587200,49058.0,49108.0,49037.0,49062.0,2633,3
1769590800,49062.0,49088.0,49047.0,49086.0,1649,3
1769594400,49086.0,49100.0,49010.0,49016.0,2556,3
1769598000,49016.0,49074.0,49016.0,49065.0,2123,3
1769601600,49065.0,49088.0,49053.0,49083.0,1448,3
1769605200,49083.0,49084.0,49050.0,49060.0,1529,3
1769608800,49060.0,49079.0,48994.0,49002.0,3019,3
1769612400,49002.0,49047.0,48981.0,49003.0,2556,3
1769616000,49003.0,49176.0,48975.0,49029.0,9624,3
1769619600,49030.0,49091.0,48941.0,49023.0,11100,3
1769623200,49023.0,49114.0,49020.0,49046.0,8087,3
1769626800,49046.0,49117.0,49009.0,49030.0,6578,3
1769630400,49030.0,49072.0,48974.0,48998.0,5194,3
1769634000,48988.0,49163.0,48928.0,48976.0,12201,3
1769637600,48972.0,49093.0,48969.0,49054.0,8125,3
1769641200,49053.0,49108.0,48879.0,49008.0,6086,3
1769648400,49028.0,49037.0,48903.0,48911.0,3598,3
1769652000,48910.0,48936.0,48873.0,48933.0,4366,3
1769655600,48933.0,48939.0,48890.0,48916.0,4277,3
1769659200,48916.0,48982.0,48910.0,48964.0,2733,3
1769662800,48964.0,49002.0,48962.0,48990.0,1825,4
1769666400,48990.0,49017.0,48978.0,49012.0,1323,4
1769670000,49012.0,49042.0,49002.0,49034.0,1462,3
1769673600,49034.0,49069.0,49033.0,49044.0,1490,3
1769677200,49044.0,49111.0,49037.0,49096.0,1919,3
1769680800,49096.0,49121.0,49052.0,49103.0,3552,3
1769684400,49103.0,49168.0,49091.0,49094.0,2611,3
1769688000,49094.0,49121.0,49041.0,49051.0,2370,3
1769691600,49051.0,49320.0,49020.0,49115.0,4118,3
1769695200,49115.0,49138.0,49050.0,49088.0,2792,3
1769698800,49088.0,49112.0,49058.0,49069.0,2923,3
1769702400,49069.0,49337.0,48978.0,48991.0,11749,3
1769706000,48993.0,49033.0,48691.0,48751.0,17534,3
1769709600,48751.0,48966.0,48614.0,48933.0,15268,3
1769713200,48932.0,49096.0,48823.0,48829.0,11256,3
1769716800,48825.0,48990.0,48800.0,48888.0,11256,3
1769720400,48888.0,49049.0,48861.0,48932.0,9472,3
1769724000,48933.0,49096.0,48932.0,49051.0,8577,3
1769727600,49050.0,49083.0,48993.0,48996.0,3836,3
1769734800,49013.0,49014.0,48870.0,48988.0,3259,3
1769738400,48988.0,49015.0,48930.0,48939.0,3150,3
1769742000,48942.0,48950.0,48815.0,48856.0,4478,3
1769745600,48856.0,48868.0,48792.0,48838.0,5196,3
1769749200,48839.0,48899.0,48838.0,48873.0,3221,3
1769752800,48873.0,48900.0,48864.0,48872.0,1994,3
1769756400,48872.0,48892.0,48833.0,48833.0,2317,4
1769760000,48833.0,48841.0,48675.0,48683.0,3334,3
1769763600,48683.0,48755.0,48662.0,48666.0,3641,3
1769767200,48666.0,48747.0,48644.0,48722.0,5520,3
1769770800,48722.0,48760.0,48592.0,48649.0,4950,3
1769774400,48647.0,48734.0,48640.0,48714.0,3673,3
1769778000,48714.0,48944.0,48708.0,48937.0,3862,3
1769781600,48935.0,48978.0,48836.0,48862.0,4162,3
1769785200,48862.0,48912.0,48753.0,48801.0,5321,3
1769788800,48801.0,49065.0,48793.0,48883.0,12708,3
1769792400,48882.0,49001.0,48817.0,48819.0,15229,3
1769796000,48819.0,48829.0,48602.0,48673.0,12739,3
1769799600,48673.0,48714.0,48529.0,48584.0,13218,3
1769803200,48584.0,48847.0,48472.0,48800.0,13078,2
1769806800,48800.0,48926.0,48763.0,48805.0,12742,2
1769810400,48805.0,48989.0,48791.0,48920.0,11235,2
1769814000,48922.0,48956.0,48856.0,48880.0,2879,3
1769994000,48778.0,48909.0,48674.0,48889.0,4063,3
1769997600,48889.0,48954.0,48834.0,48912.0,4489,3
1770001200,48912.0,48948.0,48729.0,48738.0,7876,3
1770004800,48736.0,48765.0,48676.0,48683.0,6281,3
1770008400,48683.0,48709.0,48544.0,48556.0,5323,3
1770012000,48557.0,48580.0,48471.0,48564.0,5436,3
1770015600,48564.0,48580.0,48513.0,48536.0,4947,3
1770019200,48536.0,48555.0,48421.0,48470.0,5240,3
1770022800,48470.0,48561.0,48443.0,48559.0,4877,3
1770026400,48559.0,48739.0,48552.0,48728.0,5482,3
1770030000,48728.0,48799.0,48695.0,48782.0,4650,3
1770033600,48782.0,48825.0,48773.0,48788.0,3602,3
1770037200,48788.0,48913.0,48786.0,48885.0,2994,2
1770040800,48885.0,48907.0,48863.0,48876.0,2960,3
1770044400,48876.0,48950.0,48823.0,48932.0,3888,3
1770048000,48932.0,49234.0,48729.0,49104.0,12088,2
1770051600,49101.0,49371.0,49054.0,49353.0,13284,2
1770055200,49352.0,49413.0,49307.0,49372.0,9566,3
1770058800,49372.0,49450.0,49370.0,49425.0,6206,3
1770062400,49424.0,49457.0,49356.0,49427.0,5529,3
1770066000,49426.0,49510.0,49413.0,49447.0,5338,3
1770069600,49447.0,49515.0,49405.0,49436.0,8228,3
1770073200,49437.0,49456.0,49397.0,49403.0,2231,3
1770080400,49408.0,49496.0,49391.0,49454.0,1759,3
1770084000,49454.0,49489.0,49425.0,49479.0,1957,3
1770087600,49479.0,49486.0,49442.0,49457.0,2087,3
1770091200,49457.0,49461.0,49433.0,49447.0,1855,3
1770094800,49448.0,49476.0,49443.0,49464.0,1523,3
1770098400,49464.0,49489.0,49459.0,49488.0,987,4
1770102000,49488.0,49489.0,49448.0,49475.0,1169,3
1770105600,49475.0,49501.0,49467.0,49476.0,1136,3
1770109200,49476.0,49496.0,49470.0,49483.0,1397,3
1770112800,49482.0,49518.0,49458.0,49468.0,2631,3
1770116400,49468.0,49477.0,49410.0,49427.0,2287,3
1770120000,49427.0,49454.0,49410.0,49415.0,1630,3
1770123600,49415.0,49419.0,49378.0,49408.0,1967,3
1770127200,49408.0,49477.0,49396.0,49461.0,2044,3
1770130800,49461.0,49463.0,49412.0,49425.0,2485,3
1770134400,49425.0,49688.0,49323.0,49465.0,12104,2
1770138000,49464.0,49579.0,49393.0,49485.0,16822,3
1770141600,49487.0,49511.0,49297.0,49333.0,12912,3
1770145200,49333.0,49350.0,49042.0,49046.0,12626,3
1770148800,49047.0,49120.0,48905.0,48910.0,11519,3
1770152400,48910.0,49091.0,48856.0,49078.0,14160,3
1770156000,49078.0,49309.0,49053.0,49265.0,10648,3
1770159600,49264.0,49339.0,49223.0,49288.0,3547,3
1770166800,49310.0,49340.0,49285.0,49325.0,1649,3
1770170400,49326.0,49332.0,49289.0,49290.0,2403,3
1770174000,49290.0,49324.0,49281.0,49294.0,2402,3
1770177600,49294.0,49332.0,49293.0,49319.0,2051,3
1770181200,49320.0,49352.0,49306.0,49337.0,1801,3
1770184800,49337.0,49345.0,49323.0,49331.0,1016,3
1770188400,49331.0,49348.0,49315.0,49345.0,1064,4
1770192000,49345.0,49409.0,49336.0,49391.0,1672,3
1770195600,49391.0,49412.0,49384.0,49400.0,1529,3
1770199200,49400.0,49435.0,49349.0,49369.0,3881,3
1770202800,49369.0,49386.0,49317.0,49370.0,3939,3
1770206400,49370.0,49446.0,49351.0,49416.0,2861,3
1770210000,49416.0,49472.0,49395.0,49457.0,2565,3
1770213600,49457.0,49483.0,49362.0,49383.0,2713,3
1770217200,49383.0,49457.0,49348.0,49356.0,4045,3
1770220800,49356.0,49657.0,49312.0,49382.0,12694,3
1770224400,49382.0,49685.0,49287.0,49628.0,18586,3
1770228000,49630.0,49676.0,49442.0,49568.0,14272,3
1770231600,49568.0,49610.0,49237.0,49314.0,14578,3
1770235200,49315.0,49388.0,49145.0,49321.0,12990,2
1770238800,49321.0,49620.0,49251.0,49610.0,12058,3
1770242400,49610.0,49641.0,49494.0,49516.0,8570,3
1770246000,49516.0,49627.0,49471.0,49477.0,5609,3
1770253200,49488.0,49559.0,49476.0,49496.0,1753,3
1770256800,49496.0,49535.0,49463.0,49504.0,2652,3
1770260400,49504.0,49598.0,49504.0,49595.0,3112,3
1770264000,49595.0,49603.0,49439.0,49446.0,5540,3
1770267600,49446.0,49500.0,49402.0,49411.0,4579,3
1770271200,49411.0,49479.0,49411.0,49465.0,3071,3
1770274800,49465.0,49473.0,49424.0,49451.0,3139,3
1770278400,49451.0,49487.0,49438.0,49478.0,2641,3
1770282000,49478.0,49511.0,49463.0,49468.0,2723,3
1770285600,49468.0,49524.0,49361.0,49382.0,5376,3
1770289200,49382.0,49467.0,49345.0,49429.0,4804,3
1770292800,49429.0,49506.0,49402.0,49451.0,3219,3
1770296400,49451.0,49577.0,49439.0,49565.0,3475,3
1770300000,49565.0,49626.0,49333.0,49384.0,8193,3
1770303600,49384.0,49411.0,49316.0,49321.0,7583,3
1770307200,49322.0,49385.0,49174.0,49239.0,14997,3
1770310800,49237.0,49288.0,48859.0,48941.0,17957,3
1770314400,48941.0,49184.0,48854.0,49178.0,15183,3
1770318000,49184.0,49294.0,49065.0,49169.0,13843,3
1770321600,49169.0,49211.0,48940.0,48975.0,10965,3
1770325200,48974.0,49177.0,48957.0,49056.0,10339,3
1770328800,49055.0,49126.0,48867.0,48921.0,10714,3
1770332400,48917.0,48953.0,48784.0,48812.0,6543,3
1770339600,48817.0,48842.0,48713.0,48743.0,4351,3
1770343200,48742.0,48800.0,48642.0,48797.0,6927,3
1770346800,48796.0,48866.0,48707.0,48866.0,6216,3
1770350400,48866.0,48907.0,48836.0,48879.0,4268,3
1770354000,48879.0,48894.0,48820.0,48873.0,3954,3
1770357600,48873.0,48874.0,48787.0,48815.0,3130,3
1770361200,48815.0,48908.0,48780.0,48892.0,3520,3
1770364800,48892.0,48925.0,48880.0,48890.0,2742,3
1770368400,48885.0,48915.0,48858.0,48908.0,3272,3
1770372000,48909.0,48960.0,48856.0,48938.0,6049,3
1770375600,48936.0,49065.0,48903.0,49017.0,5147,3
1770379200,49018.0,49073.0,48983.0,49057.0,2774,3
1770382800,49057.0,49223.0,49057.0,49204.0,2954,3
1770386400,49203.0,49235.0,49132.0,49150.0,3554,3
1770390000,49150.0,49233.0,49135.0,49196.0,4385,3
1770393600,49196.0,49683.0,49188.0,49669.0,13069,2
1770397200,49669.0,49849.0,49644.0,49754.0,18181,3
1770400800,49751.0,49916.0,49738.0,49891.0,11067,3
1770404400,49893.0,50008.0,49871.0,49977.0,8928,3
1770408000,49979.0,50030.0,49943.0,49976.0,6743,3
1770411600,49977.0,50059.0,49971.0,50033.0,6037,3
1770415200,50034.0,50204.0,50022.0,50131.0,6856,3
1770418800,50131.0,50153.0,50107.0,50142.0,2603,3
1770598800,50255.0,50291.0,50224.0,50257.0,4251,3
1770602400,50257.0,50279.0,50221.0,50244.0,3912,3
1770606000,50244.0,50266.0,50208.0,50240.0,3636,3
1770609600,50240.0,50275.0,50215.0,50225.0,2261,3
1770613200,50225.0,50232.0,50198.0,50213.0,1888,3
1770616800,50213.0,50239.0,50213.0,50235.0,1305,3
1770620400,50235.0,50247.0,50220.0,50238.0,1442,3
1770624000,50238.0,50242.0,50185.0,50208.0,3100,3
1770627600,50207.0,50219.0,50178.0,50197.0,1920,3
1770631200,50197.0,50278.0,50196.0,50228.0,3258,3
1770634800,50228.0,50251.0,50169.0,50182.0,2563,3
1770638400,50182.0,50186.0,50050.0,50126.0,3891,3
1770642000,50127.0,50130.0,50091.0,50101.0,2954,3
1770645600,50101.0,50136.0,50063.0,50135.0,3106,3
1770649200,50135.0,50153.0,50072.0,50079.0,3530,3
1770652800,50079.0,50104.0,49860.0,49979.0,11949,3
1770656400,49980.0,50251.0,49963.0,50211.0,11369,3
1770660000,50211.0,50217.0,50107.0,50170.0,6963,3
1770663600,50170.0,50185.0,50097.0,50098.0,5632,3
1770667200,50098.0,50181.0,50059.0,50151.0,6506,3
1770670800,50152.0,50218.0,50141.0,50212.0,4553,3
1770674400,50212.0,50235.0,50131.0,50157.0,6297,3
1770678000,50157.0,50167.0,50137.0,50149.0,1560,3
1770685200,50146.0,50164.0,50107.0,50125.0,1811,3
1770688800,50125.0,50142.0,50106.0,50139.0,1730,3
1770692400,50138.0,50173.0,50128.0,50165.0,2186,3
1770696000,50165.0,50166.0,50133.0,50149.0,1635,3
1770699600,50149.0,50174.0,50132.0,50169.0,1155,4
1770703200,50169.0,50186.0,50166.0,50180.0,885,4
1770706800,50180.0,50187.0,50148.0,50167.0,1235,3
1770710400,50167.0,50172.0,50116.0,50133.0,1157,3
1770714000,50133.0,50179.0,50133.0,50175.0,1235,3
1770717600,50174.0,50198.0,50139.0,50181.0,2933,3
1770721200,50181.0,50238.0,50180.0,50198.0,1985,3
1770724800,50198.0,50220.0,50190.0,50192.0,1986,3
1770728400,50192.0,50207.0,50177.0,50191.0,1588,3
1770732000,50191.0,50192.0,50071.0,50071.0,2725,3
1770735600,50071.0,50158.0,50049.0,50155.0,4073,3
1770739200,50155.0,50553.0,50148.0,50530.0,10493,3
1770742800,50529.0,50532.0,50350.0,50396.0,11532,3
1770746400,50396.0,50461.0,50275.0,50457.0,10568,3
1770750000,50458.0,50479.0,50372.0,50388.0,7140,3
1770753600,50388.0,50407.0,50147.0,50217.0,9041,3
1770757200,50217.0,50294.0,50192.0,50289.0,7193,3
1770760800,50288.0,50318.0,50185.0,50222.0,6790,3
1770764400,50223.0,50277.0,50221.0,50275.0,1713,3
1770771600,50289.0,50309.0,50280.0,50306.0,968,3
1770775200,50306.0,50329.0,50300.0,50329.0,889,3
1770778800,50329.0,50353.0,50325.0,50343.0,1233,4
1770782400,50343.0,50352.0,50324.0,50336.0,1081,3
1770786000,50336.0,50351.0,50324.0,50350.0,831,3
1770789600,50350.0,50368.0,50325.0,50342.0,961,3
1770793200,50342.0,50355.0,50321.0,50331.0,1132,4
1770796800,50331.0,50343.0,50312.0,50324.0,1361,3
1770800400,50324.0,50331.0,50301.0,50321.0,1435,3
1770804000,50322.0,50336.0,50270.0,50314.0,2988,3
1770807600,50314.0,50342.0,50282.0,50282.0,2685,3
1770811200,50284.0,50291.0,50218.0,50288.0,3596,3
1770814800,50288.0,50311.0,50252.0,50260.0,2543,3
1770818400,50260.0,50283.0,50245.0,50254.0,2826,3
1770822000,50254.0,50500.0,50250.0,50481.0,6409,3
1770825600,50481.0,50532.0,50314.0,50341.0,12402,3
1770829200,50340.0,50361.0,49925.0,50009.0,16873,3
1770832800,50011.0,50280.0,49978.0,50196.0,13210,3
1770836400,50197.0,50266.0,50143.0,50153.0,9875,3
1770840000,50153.0,50182.0,50047.0,50080.0,9061,3
1770843600,50080.0,50217.0,50079.0,50154.0,7039,3
1770847200,50154.0,50205.0,50119.0,50149.0,6742,3
1770850800,50150.0,50212.0,50132.0,50149.0,2192,3
1770858000,50163.0,50188.0,50114.0,50128.0,2267,3
1770861600,50128.0,50186.0,50119.0,50186.0,2164,3
1770865200,50186.0,50254.0,50175.0,50239.0,2673,3
1770868800,50239.0,50246.0,50208.0,50239.0,1681,3
1770872400,50239.0,50287.0,50236.0,50282.0,1219,3
1770876000,50282.0,50329.0,50279.0,50307.0,1345,4
1770879600,50307.0,50322.0,50289.0,50301.0,1130,4
1770883200,50301.0,50308.0,50251.0,50269.0,2093,3
1770886800,50269.0,50314.0,50265.0,50311.0,1533,3
1770890400,50311.0,50316.0,50251.0,50292.0,2985,3
1770894000,50292.0,50339.0,50290.0,50332.0,2307,3
1770897600,50332.0,50349.0,50281.0,50304.0,1785,3
1770901200,50304.0,50325.0,50295.0,50316.0,1429,3
1770904800,50316.0,50319.0,50271.0,50272.0,2058,3
1770908400,50272.0,50352.0,50228.0,50312.0,3695,3
1770912000,50312.0,50473.0,50243.0,50334.0,11924,3
1770915600,50333.0,50426.0,50091.0,50095.0,15188,3
1770919200,50094.0,50110.0,49565.0,49570.0,17100,3
1770922800,49571.0,49651.0,49461.0,49464.0,15384,3
1770926400,49463.0,49689.0,49455.0,49641.0,13230,3
1770930000,49640.0,49802.0,49597.0,49773.0,11590,3
1770933600,49774.0,49821.0,49445.0,49475.0,11441,3
1770937200,49477.0,49529.0,49449.0,49507.0,3203,3
1770944400,49464.0,49507.0,49434.0,49475.0,3269,3
1770948000,49475.0,49522.0,49407.0,49443.0,4351,3
1770951600,49443.0,49499.0,49431.0,49477.0,3525,3
1770955200,49477.0,49504.0,49465.0,49483.0,2106,3
1770958800,49483.0,49497.0,49425.0,49427.0,1804,3
1770962400,49427.0,49479.0,49424.0,49431.0,1831,3
1770966000,49431.0,49438.0,49349.0,49366.0,3183,3
1770969600,49366.0,49381.0,49295.0,49380.0,3366,3
1770973200,49380.0,49412.0,49346.0,49396.0,2614,3
1770976800,49396.0,49424.0,49295.0,49374.0,6288,3
1770980400,49375.0,49418.0,49319.0,49363.0,4137,3
1770984000,49365.0,49408.0,49305.0,49306.0,3447,3
1770987600,49307.0,49335.0,49236.0,49333.0,5834,3
1770991200,49333.0,49398.0,49293.0,49346.0,5090,2
1770994800,49347.0,49525.0,49287.0,49498.0,8388,3
1770998400,49497.0,49518.0,49093.0,49336.0,14558,3
1771002000,49337.0,49623.0,49317.0,49518.0,18862,3
1771005600,49517.0,49703.0,49477.0,49645.0,13139,3
1771009200,49645.0,49729.0,49641.0,49680.0,9643,3
1771012800,49679.0,49754.0,49568.0,49583.0,10186,3
1771016400,49584.0,49676.0,49486.0,49509.0,10127,3
1771020000,49513.0,49572.0,49365.0,49499.0,11717,3
1771023600,49499.0,49513.0,49448.0,49458.0,1868,3
1771203600,49550.0,49550.0,49455.0,49539.0,2788,3
1771207200,49537.0,49573.0,49516.0,49562.0,2310,3
1771210800,49562.0,49626.0,49559.0,49619.0,1144,3
1771214400,49619.0,49633.0,49588.0,49597.0,1033,3
1771218000,49597.0,49599.0,49564.0,49592.0,952,3
1771221600,49592.0,49614.0,49586.0,49590.0,880,3
1771225200,49590.0,49599.0,49560.0,49566.0,851,4
1771228800,49566.0,49609.0,49565.0,49608.0,1037,4
1771232400,49608.0,49660.0,49607.0,49655.0,1171,3
1771236000,49655.0,49717.0,49629.0,49702.0,2908,3
1771239600,49702.0,49771.0,49701.0,49754.0,1718,3
1771243200,49754.0,49754.0,49708.0,49722.0,1559,3
1771246800,49722.0,49743.0,49692.0,49723.0,1528,3
1771250400,49723.0,49757.0,49694.0,49695.0,1739,3
1771254000,49695.0,49734.0,49676.0,49716.0,2003,3
1771257600,49716.0,49724.0,49575.0,49663.0,5643,3
1771261200,49663.0,49689.0,49524.0,49529.0,5534,3
1771264800,49529.0,49614.0,49508.0,49564.0,5309,3
1771268400,49564.0,49594.0,49540.0,49556.0,2625,3
1771290000,49565.0,49637.0,49551.0,49605.0,1308,3
1771293600,49605.0,49614.0,49527.0,49538.0,2324,3
1771297200,49537.0,49562.0,49368.0,49390.0,3480,3
1771300800,49390.0,49439.0,49345.0,49421.0,3493,3
1771304400,49422.0,49422.0,49336.0,49366.0,2966,3
1771308000,49366.0,49385.0,49352.0,49373.0,1505,3
1771311600,49373.0,49373.0,49305.0,49328.0,2487,3
1771315200,49328.0,49387.0,49325.0,49377.0,1613,3
1771318800,49377.0,49423.0,49316.0,49420.0,2339,3
1771322400,49419.0,49551.0,49413.0,49482.0,5160,3
1771326000,49481.0,49538.0,49449.0,49526.0,3279,3
1771329600,49528.0,49542.0,49421.0,49423.0,2653,3
1771333200,49423.0,49499.0,49411.0,49476.0,3347,3
1771336800,49478.0,49516.0,49376.0,49391.0,3972,3
1771340400,49389.0,49536.0,49292.0,49426.0,6833,3
1771344000,49426.0,49740.0,49333.0,49341.0,13724,3
1771347600,49340.0,49432.0,49187.0,49354.0,18690,3
1771351200,49356.0,49669.0,49337.0,49597.0,14308,3
1771354800,49595.0,49605.0,49355.0,49485.0,13065,3
1771358400,49484.0,49708.0,49395.0,49665.0,12232,3
1771362000,49664.0,49680.0,49586.0,49616.0,9470,3
1771365600,49609.0,49632.0,49505.0,49580.0,8595,3
1771369200,49583.0,49595.0,49534.0,49563.0,2669,3
1771376400,49573.0,49577.0,49493.0,49496.0,1710,3
1771380000,49497.0,49550.0,49493.0,49510.0,1879,3
1771383600,49510.0,49541.0,49504.0,49540.0,1844,3
1771387200,49540.0,49558.0,49523.0,49537.0,1254,3
1771390800,49537.0,49585.0,49520.0,49576.0,1117,3
1771394400,49576.0,49606.0,49568.0,49601.0,1038,4
1771398000,49601.0,49620.0,49591.0,49606.0,871,3
1771401600,49606.0,49635.0,49593.0,49606.0,1151,3
1771405200,49606.0,49644.0,49595.0,49631.0,1632,3
1771408800,49631.0,49770.0,49630.0,49757.0,3149,3
1771412400,49758.0,49824.0,49756.0,49779.0,2266,3
1771416000,49778.0,49826.0,49776.0,49813.0,1666,3
1771419600,49813.0,49819.0,49725.0,49732.0,1898,3
1771423200,49731.0,49756.0,49590.0,49658.0,3696,3
1771426800,49658.0,49712.0,49574.0,49595.0,3630,3
1771430400,49595.0,49824.0,49444.0,49764.0,11742,3
1771434000,49764.0,49918.0,49764.0,49875.0,11213,3
1771437600,49877.0,49905.0,49794.0,49816.0,8157,3
1771441200,49813.0,49903.0,49796.0,49849.0,6540,3
1771444800,49849.0,49881.0,49662.0,49708.0,6972,3
1771448400,49708.0,49756.0,49551.0,49597.0,10062,3
1771452000,49598.0,49743.0,49544.0,49679.0,8232,3
1771455600,49684.0,49686.0,49642.0,49662.0,1300,3
1771462800,49651.0,49706.0,49647.0,49667.0,973,4
1771466400,49667.0,49671.0,49628.0,49630.0,1718,3
1771470000,49630.0,49693.0,49624.0,49683.0,2206,3
1771473600,49682.0,49701.0,49662.0,49689.0,1359,3
1771477200,49689.0,49703.0,49655.0,49675.0,941,3
1771480800,49675.0,49685.0,49647.0,49650.0,966,3
1771484400,49649.0,49699.0,49628.0,49689.0,1191,3
1771488000,49689.0,49717.0,49673.0,49717.0,1113,3
1771491600,49717.0,49740.0,49690.0,49692.0,1235,3
1771495200,49693.0,49738.0,49610.0,49624.0,3190,3
1771498800,49625.0,49646.0,49538.0,49579.0,3710,3
1771502400,49578.0,49579.0,49469.0,49494.0,3679,3
1771506000,49495.0,49540.0,49476.0,49535.0,2366,3
1771509600,49535.0,49590.0,49473.0,49563.0,3343,3
1771513200,49562.0,49568.0,49472.0,49502.0,4347,3
1771516800,49502.0,49575.0,49356.0,49492.0,11870,3
1771520400,49496.0,49624.0,49404.0,49542.0,14710,3
1771524000,49541.0,49555.0,49329.0,49392.0,11268,3
1771527600,49394.0,49476.0,49283.0,49306.0,10652,3
1771531200,49305.0,49367.0,49211.0,49357.0,9248,3
1771534800,49357.0,49404.0,49243.0,49285.0,8519,3
1771538400,49285.0,49415.0,49285.0,49412.0,7827,3
1771542000,49414.0,49445.0,49373.0,49376.0,1771,3
1771549200,49392.0,49442.0,49384.0,49425.0,1165,3
1771552800,49425.0,49456.0,49401.0,49450.0,1583,3
1771556400,49451.0,49486.0,49447.0,49457.0,1466,3
1771560000,49457.0,49487.0,49444.0,49472.0,1688,3
1771563600,49472.0,49482.0,49459.0,49462.0,971,3
1771567200,49463.0,49485.0,49460.0,49477.0,718,4
1771570800,49477.0,49513.0,49477.0,49509.0,1001,3
1771574400,49509.0,49523.0,49493.0,49505.0,936,3
1771578000,49504.0,49508.0,49466.0,49486.0,1216,3
1771581600,49486.0,49528.0,49466.0,49519.0,2884,3
1771585200,49519.0,49564.0,49477.0,49483.0,1985,3
1771588800,49483.0,49498.0,49421.0,49422.0,2129,3
1771592400,49421.0,49421.0,49353.0,49362.0,3620,3
1771596000,49363.0,49385.0,49313.0,49353.0,3757,3
1771599600,49353.0,49415.0,49273.0,49330.0,5218,3
1771603200,49331.0,49370.0,49165.0,49361.0,12582,3
1771606800,49361.0,49728.0,49326.0,49535.0,19269,3
1771610400,49535.0,49558.0,49364.0,49513.0,13607,3
1771614000,49512.0,49535.0,49228.0,49444.0,14042,3
1771617600,49444.0,49635.0,49317.0,49612.0,10804,3
1771621200,49611.0,49641.0,49505.0,49537.0,8958,3
1771624800,49538.0,49644.0,49536.0,49638.0,7854,3
1771628400,49639.0,49679.0,49622.0,49639.0,1647,3
1771808400,49613.0,49643.0,49513.0,49555.0,2271,3
1771812000,49555.0,49556.0,49396.0,49399.0,2773,3
1771815600,49399.0,49419.0,49360.0,49364.0,3358,3
1771819200,49365.0,49387.0,49338.0,49348.0,2087,3
1771822800,49347.0,49358.0,49318.0,49321.0,1283,3
1771826400,49321.0,49344.0,49316.0,49331.0,847,4
1771830000,49331.0,49356.0,49317.0,49353.0,972,3
1771833600,49353.0,49384.0,49347.0,49377.0,820,3
1771837200,49377.0,49446.0,49375.0,49436.0,1411,3
1771840800,49436.0,49459.0,49399.0,49455.0,2449,3
1771844400,49455.0,49530.0,49455.0,49516.0,2120,3
1771848000,49517.0,49546.0,49479.0,49523.0,1740,3
1771851600,49523.0,49563.0,49458.0,49483.0,1561,3
1771855200,49485.0,49504.0,49376.0,49383.0,2753,3
1771858800,49381.0,49473.0,49361.0,49450.0,3012,3
1771862400,49449.0,49740.0,49237.0,49244.0,11293,3
1771866000,49244.0,49281.0,48918.0,48954.0,14457,3
1771869600,48953.0,48983.0,48801.0,48915.0,12545,3
1771873200,48914.0,48941.0,48789.0,48895.0,9607,3
1771876800,48897.0,49038.0,48890.0,48899.0,7978,3
1771880400,48899.0,48923.0,48777.0,48841.0,8456,3
1771884000,48841.0,48877.0,48752.0,48836.0,8081,3
1771887600,48838.0,48869.0,48812.0,48863.0,1687,3
1771894800,48879.0,48893.0,48850.0,48860.0,1574,3
1771898400,48860.0,48882.0,48839.0,48872.0,1793,3
1771902000,48872.0,48876.0,48842.0,48863.0,2237,3
1771905600,48863.0,48905.0,48857.0,48894.0,1402,4
1771909200,48893.0,48903.0,48886.0,48895.0,802,4
1771912800,48895.0,48910.0,48885.0,48907.0,803,3
1771916400,48907.0,48923.0,48867.0,48879.0,1133,3
1771920000,48880.0,48903.0,48859.0,48899.0,1168,3
1771923600,48899.0,48929.0,48889.0,48892.0,1572,3
1771927200,48893.0,48896.0,48796.0,48829.0,4620,3
1771930800,48829.0,48910.0,48829.0,48907.0,2558,3
1771934400,48907.0,48922.0,48874.0,48892.0,1653,3
1771938000,48892.0,48984.0,48892.0,48955.0,2234,3
1771941600,48955.0,48981.0,48848.0,48881.0,3575,3
1771945200,48881.0,48994.0,48859.0,48982.0,3418,3
1771948800,48981.0,49284.0,48777.0,49065.0,11859,3
1771952400,49065.0,49273.0,48974.0,49185.0,13003,3
1771956000,49185.0,49261.0,49100.0,49174.0,8735,3
1771959600,49174.0,49262.0,49168.0,49245.0,5562,3
1771963200,49245.0,49316.0,49224.0,49274.0,4694,3
1771966800,49274.0,49290.0,49187.0,49225.0,4916,3
1771970400,49226.0,49270.0,49162.0,49206.0,5085,3
1771974000,49209.0,49213.0,49172.0,49173.0,1037,3
1771981200,49186.0,49210.0,49164.0,49202.0,865,3
1771984800,49202.0,49226.0,49174.0,49218.0,1151,3
1771988400,49218.0,49254.0,49211.0,49250.0,1746,3
1771992000,49250.0,49267.0,49234.0,49252.0,1447,3
1771995600,49252.0,49254.0,49107.0,49224.0,2403,3
1771999200,49225.0,49226.0,49185.0,49208.0,1515,3
1772002800,49208.0,49232.0,49190.0,49197.0,1130,3
1772006400,49197.0,49231.0,49188.0,49205.0,979,4
1772010000,49205.0,49218.0,49186.0,49194.0,1454,3
1772013600,49194.0,49277.0,49193.0,49254.0,2831,3
1772017200,49254.0,49288.0,49238.0,49281.0,1879,3
1772020800,49282.0,49298.0,49247.0,49268.0,1271,3
1772024400,49268.0,49349.0,49263.0,49347.0,1252,3
1772028000,49347.0,49377.0,49329.0,49360.0,1880,2
1772031600,49360.0,49395.0,49343.0,49387.0,2003,3
1772035200,49387.0,49469.0,49295.0,49308.0,10458,3
1772038800,49308.0,49338.0,49219.0,49316.0,11167,3
1772042400,49315.0,49467.0,49301.0,49443.0,7166,3
1772046000,49443.0,49510.0,49398.0,49502.0,4425,3
1772049600,49501.0,49520.0,49458.0,49470.0,3294,3
1772053200,49470.0,49515.0,49445.0,49496.0,3104,3
1772056800,49496.0,49542.0,49481.0,49509.0,3972,3
1772060400,49511.0,49556.0,49451.0,49472.0,3604,3
1772067600,49495.0,49508.0,49410.0,49410.0,2365,3
1772071200,49410.0,49446.0,49404.0,49423.0,1727,3
1772074800,49423.0,49455.0,49397.0,49449.0,1994,3
1772078400,49449.0,49454.0,49419.0,49438.0,1162,4
1772082000,49438.0,49451.0,49427.0,49437.0,723,4
1772085600,49437.0,49444.0,49423.0,49425.0,727,4
1772089200,49426.0,49427.0,49395.0,49405.0,1105,3
1772092800,49405.0,49420.0,49384.0,49393.0,1197,3
1772096400,49393.0,49418.0,49392.0,49394.0,1359,3
1772100000,49393.0,49438.0,49382.0,49410.0,2720,3
1772103600,49410.0,49489.0,49408.0,49457.0,1751,3
1772107200,49457.0,49478.0,49439.0,49458.0,1262,3
1772110800,49458.0,49499.0,49456.0,49496.0,1330,3
1772114400,49496.0,49595.0,49496.0,49573.0,1591,3
1772118000,49573.0,49646.0,49570.0,49616.0,2206,3
1772121600,49617.0,49852.0,49612.0,49644.0,10495,3
1772125200,49644.0,49670.0,49253.0,49576.0,15843,2
1772128800,49575.0,49588.0,49340.0,49359.0,12105,3
1772132400,49359.0,49375.0,49249.0,49272.0,9547,3
1772136000,49272.0,49535.0,49256.0,49455.0,9173,3
1772139600,49455.0,49571.0,49444.0,49524.0,7231,3
1772143200,49524.0,49581.0,49504.0,49521.0,6545,3
1772146800,49521.0,49548.0,49326.0,49331.0,2553,2
1772154000,49276.0,49290.0,49194.0,49240.0,2754,3
1772157600,49240.0,49274.0,49185.0,49228.0,2241,3
1772161200,49228.0,49246.0,49208.0,49232.0,2931,3
1772164800,49233.0,49268.0,49231.0,49267.0,1476,3
1772168400,49268.0,49277.0,49241.0,49263.0,1045,3
1772172000,49264.0,49285.0,49256.0,49272.0,916,4
1772175600,49272.0,49314.0,49271.0,49273.0,1043,3
1772179200,49273.0,49288.0,49231.0,49266.0,1661,3
1772182800,49266.0,49317.0,49266.0,49307.0,1412,3
1772186400,49307.0,49325.0,49259.0,49320.0,3227,2
1772190000,49320.0,49377.0,49295.0,49309.0,2719,3
1772193600,49309.0,49314.0,49213.0,49240.0,3226,3
1772197200,49239.0,49245.0,49138.0,49165.0,3498,2
1772200800,49165.0,49224.0,49120.0,49137.0,3707,3
1772204400,49137.0,49160.0,48907.0,49014.0,6745,2
1772208000,49014.0,49103.0,48692.0,48697.0,12771,3
1772211600,48697.0,48984.0,48681.0,48918.0,14000,3
1772215200,48918.0,49054.0,48876.0,48886.0,10494,3
1772218800,48887.0,48972.0,48718.0,48849.0,10350,2
1772222400,48849.0,48903.0,48806.0,48897.0,8637,3
1772226000,48897.0,48924.0,48771.0,48784.0,7163,3
1772229600,48784.0,49005.0,48783.0,48980.0,8599,3
1772233200,48981.0,48981.0,48877.0,48886.0,2431,3
1772413200,48427.0,48564.0,48378.0,48391.0,5240,3
1772416800,48391.0,48483.0,48352.0,48474.0,5127,3
1772420400,48477.0,48688.0,48477.0,48667.0,6004,3
1772424000,48667.0,48692.0,48591.0,48608.0,3816,3
1772427600,48607.0,48617.0,48555.0,48575.0,2734,3
1772431200,48574.0,48622.0,48523.0,48539.0,2690,3
1772434800,48539.0,48555.0,48469.0,48472.0,2611,3
1772438400,48472.0,48492.0,48303.0,48373.0,4277,3
1772442000,48373.0,48387.0,48209.0,48225.0,5834,3
1772445600,48224.0,48339.0,48132.0,48282.0,9548,2
1772449200,48282.0,48421.0,48252.0,48396.0,5326,2
1772452800,48396.0,48499.0,48395.0,48431.0,4268,2
1772456400,48434.0,48525.0,48396.0,48449.0,3885,3
1772460000,48448.0,48482.0,48376.0,48439.0,4469,2
1772463600,48445.0,48547.0,48417.0,48427.0,5535,3
1772467200,48427.0,48727.0,48377.0,48692.0,14367,2
1772470800,48692.0,48936.0,48651.0,48820.0,16707,3
1772474400,48821.0,48985.0,48691.0,48908.0,12763,2
1772478000,48909.0,49010.0,48878.0,48971.0,8771,3
1772481600,48969.0,49003.0,48841.0,48842.0,7969,3
1772485200,48842.0,49086.0,48841.0,49023.0,7147,3
1772488800,49023.0,49036.0,48776.0,48906.0,13188,2
1772492400,48908.0,48921.0,48862.0,48889.0,2298,3
1772499600,48859.0,48890.0,48810.0,48840.0,2504,2
1772503200,48840.0,48861.0,48768.0,48776.0,2909,2
1772506800,48776.0,48818.0,48671.0,48674.0,5277,2
1772510400,48674.0,48688.0,48585.0,48653.0,7057,3
1772514000,48653.0,48685.0,48606.0,48644.0,4621,2
1772517600,48645.0,48665.0,48542.0,48558.0,3933,3
1772521200,48558.0,48582.0,48508.0,48535.0,5057,3
1772524800,48536.0,48567.0,48468.0,48485.0,4811,3
1772528400,48485.0,48513.0,48375.0,48397.0,5227,2
1772532000,48397.0,48402.0,48097.0,48108.0,10948,2
1772535600,48108.0,48239.0,48097.0,48115.0,9383,2
1772539200,48115.0,48149.0,47991.0,48056.0,9073,2
1772542800,48055.0,48120.0,47909.0,48068.0,9305,2
1772546400,48068.0,48270.0,48056.0,48240.0,8614,2
1772550000,48240.0,48254.0,47988.0,48038.0,8531,3
1772553600,48038.0,48156.0,47771.0,47816.0,16103,2
1772557200,47814.0,47913.0,47642.0,47821.0,20852,2
1772560800,47818.0,48275.0,47782.0,48235.0,17660,2
1772564400,48234.0,48365.0,48182.0,48317.0,14461,2
1772568000,48319.0,48616.0,48317.0,48573.0,12191,2
1772571600,48574.0,48714.0,48464.0,48632.0,13983,3
1772575200,48632.0,48677.0,48460.0,48530.0,12754,3
1772578800,48528.0,48534.0,48420.0,48449.0,2995,3
1772586000,48435.0,48514.0,48397.0,48427.0,3353,3
1772589600,48428.0,48557.0,48396.0,48473.0,7199,3
1772593200,48473.0,48508.0,48317.0,48386.0,10838,3
1772596800,48386.0,48420.0,48282.0,48359.0,9162,3
1772600400,48358.0,48361.0,48254.0,48344.0,9419,3
1772604000,48345.0,48388.0,48317.0,48356.0,7784,2
1772607600,48356.0,48394.0,48288.0,48324.0,7559,2
1772611200,48324.0,48372.0,48229.0,48333.0,5817,3
1772614800,48332.0,48438.0,48268.0,48408.0,5896,2
1772618400,48407.0,48434.0,48315.0,48343.0,10239,2
1772622000,48343.0,48479.0,48302.0,48473.0,6699,2
1772625600,48472.0,48640.0,48464.0,48614.0,7769,2
1772629200,48613.0,48687.0,48533.0,48534.0,6157,3
1772632800,48535.0,48591.0,48416.0,48497.0,7177,2
1772636400,48497.0,48706.0,48493.0,48649.0,7743,2
1772640000,48649.0,48777.0,48368.0,48516.0,13474,2
1772643600,48516.0,48866.0,48501.0,48818.0,14625,2
1772647200,48819.0,48880.0,48727.0,48826.0,11798,3
1772650800,48825.0,48874.0,48738.0,48849.0,9083,3
1772654400,48849.0,48869.0,48755.0,48787.0,7651,3
1772658000,48787.0,48854.0,48775.0,48825.0,5481,3
1772661600,48826.0,48852.0,48749.0,48750.0,6971,3
1772665200,48749.0,48796.0,48710.0,48772.0,2937,3
1772672400,48740.0,48796.0,48720.0,48772.0,2294,3
1772676000,48772.0,48855.0,48757.0,48802.0,2948,2
1772679600,48802.0,48805.0,48602.0,48631.0,7073,2
1772683200,48631.0,48681.0,48592.0,48637.0,5329,3
1772686800,48637.0,48653.0,48530.0,48570.0,5504,2
1772690400,48570.0,48656.0,48556.0,48648.0,3322,2
1772694000,48648.0,48651.0,48554.0,48557.0,3109,2
1772697600,48558.0,48630.0,48485.0,48629.0,5480,3
1772701200,48629.0,48640.0,48546.0,48597.0,4200,3
1772704800,48597.0,48607.0,48451.0,48572.0,9241,2
1772708400,48573.0,48848.0,48573.0,48677.0,9535,2
1772712000,48677.0,48710.0,48625.0,48645.0,5196,3
1772715600,48645.0,48728.0,48622.0,48626.0,4378,2
1772719200,48626.0,48698.0,48515.0,48550.0,5859,3
1772722800,48550.0,48561.0,48391.0,48402.0,6846,2
1772726400,48401.0,48525.0,48271.0,48487.0,13570,3
1772730000,48489.0,48507.0,48060.0,48134.0,16502,3
1772733600,48134.0,48160.0,47894.0,47984.0,14631,2
1772737200,47983.0,48068.0,47765.0,47787.0,13971,3
1772740800,47786.0,47832.0,47676.0,47708.0,13655,3
1772744400,47707.0,47744.0,47583.0,47686.0,12203,3
1772748000,47684.0,47975.0,47644.0,47956.0,13183,2
1772751600,47956.0,47956.0,47879.0,47906.0,2672,3
1772758800,47916.0,48046.0,47890.0,48032.0,2301,3
1772762400,48033.0,48092.0,48021.0,48039.0,3198,3
1772766000,48039.0,48064.0,47993.0,48039.0,5691,3
1772769600,48039.0,48078.0,48003.0,48003.0,3436,2
1772773200,48003.0,48077.0,48003.0,48075.0,2683,2
1772776800,48075.0,48097.0,48047.0,48060.0,1728,3
1772780400,48060.0,48102.0,48054.0,48064.0,2287,3
1772784000,48064.0,48079.0,48028.0,48041.0,1927,3
1772787600,48042.0,48075.0,48011.0,48053.0,2486,3
1772791200,48052.0,48072.0,47940.0,48004.0,6881,2
1772794800,48004.0,48021.0,47751.0,47791.0,9085,2
1772798400,47791.0,47910.0,47789.0,47862.0,6500,2
1772802000,47862.0,47888.0,47691.0,47714.0,7955,2
1772805600,47714.0,47761.0,47619.0,47646.0,7472,2
1772809200,47646.0,47732.0,47267.0,47313.0,11810,2
1772812800,47306.0,47347.0,47005.0,47063.0,17849,2
1772816400,47063.0,47475.0,47062.0,47450.0,19257,2
1772820000,47450.0,47530.0,47329.0,47410.0,16737,2
1772823600,47409.0,47466.0,47233.0,47337.0,14932,3
1772827200,47336.0,47558.0,47327.0,47387.0,14978,2
1772830800,47388.0,47554.0,47372.0,47521.0,12368,2
1772834400,47522.0,47583.0,47396.0,47489.0,13729,2
1772838000,47489.0,47505.0,47411.0,47459.0,3359,3
1773018000,47099.0,47099.0,46384.0,46678.0,5103,3
1773021600,46678.0,46729.0,46554.0,46627.0,5460,3
1773025200,46627.0,46735.0,46559.0,46606.0,6827,3
1773028800,46606.0,46642.0,46375.0,46377.0,6345,3
1773032400,46377.0,46489.0,46311.0,46446.0,8048,3
1773036000,46448.0,46509.0,46421.0,46469.0,5824,3
1773039600,46469.0,46557.0,46469.0,46478.0,3580,3
1773043200,46478.0,46715.0,46456.0,46697.0,7200,3
1773046800,46697.0,46776.0,46594.0,46619.0,6382,3
1773050400,46619.0,46751.0,46578.0,46716.0,8012,2
1773054000,46717.0,46829.0,46649.0,46803.0,11354,2
1773057600,46805.0,47143.0,46752.0,47019.0,10411,2
1773061200,47019.0,47052.0,46859.0,46921.0,9008,2
1773064800,46922.0,47008.0,46850.0,46897.0,7574,3
1773068400,46897.0,47065.0,46857.0,46921.0,7888,3
1773072000,46922.0,47101.0,46714.0,46807.0,15547,3
1773075600,46803.0,47053.0,46621.0,46998.0,18142,2
1773079200,47002.0,47184.0,46995.0,47102.0,13215,2
1773082800,47102.0,47287.0,47066.0,47221.0,11259,2
1773086400,47221.0,47230.0,46994.0,47042.0,10938,3
1773090000,47044.0,47219.0,47042.0,47133.0,9569,3
1773093600,47134.0,47900.0,47129.0,47752.0,15956,2
1773097200,47752.0,47789.0,47594.0,47705.0,5083,2
1773104400,47708.0,47738.0,47583.0,47604.0,5249,3
1773108000,47604.0,47622.0,47507.0,47553.0,2973,3
1773111600,47553.0,47695.0,47507.0,47631.0,6537,3
1773115200,47631.0,47714.0,47614.0,47693.0,6500,3
1773118800,47693.0,47700.0,47570.0,47575.0,4482,2
1773122400,47575.0,47645.0,47479.0,47531.0,5379,2
1773126000,47531.0,47586.0,47498.0,47570.0,4771,3
1773129600,47569.0,47670.0,47568.0,47662.0,5269,3
1773133200,47662.0,47694.0,47638.0,47667.0,4026,3
1773136800,47667.0,47885.0,47640.0,47881.0,7808,2
1773140400,47882.0,47968.0,47846.0,47864.0,8482,2
1773144000,47864.0,47968.0,47856.0,47912.0,6231,2
1773147600,47912.0,47919.0,47771.0,47851.0,6949,2
1773151200,47851.0,47943.0,47658.0,47679.0,7242,2
1773154800,47679.0,47688.0,47516.0,47626.0,8023,2
1773158400,47626.0,47789.0,47471.0,47503.0,14325,3
1773162000,47502.0,48016.0,47452.0,48010.0,15631,2
1773165600,48008.0,48064.0,47921.0,48015.0,11202,2
1773169200,48015.0,48075.0,47887.0,48043.0,10836,2
1773172800,48042.0,48242.0,48032.0,48134.0,12083,2
1773176400,48134.0,48148.0,47740.0,47847.0,16844,2
1773180000,47847.0,47927.0,47674.0,47723.0,14383,2
1773183600,47725.0,47785.0,47717.0,47738.0,3053,3
1773190800,47754.0,47758.0,47670.0,47688.0,1446,5
1773194400,47689.0,47776.0,47685.0,47764.0,1729,3
1773198000,47764.0,47885.0,47761.0,47850.0,4754,3
1773201600,47851.0,47926.0,47835.0,47903.0,3398,3
1773205200,47903.0,47930.0,47874.0,47906.0,2213,3
1773208800,47907.0,47950.0,47894.0,47940.0,1364,3
1773212400,47939.0,47942.0,47900.0,47905.0,1120,4
1773216000,47904.0,47913.0,47828.0,47833.0,2829,3
1773219600,47833.0,47866.0,47809.0,47850.0,2730,3
1773223200,47850.0,47862.0,47699.0,47749.0,4761,3
1773226800,47749.0,47783.0,47588.0,47637.0,7740,2
1773230400,47635.0,47641.0,47533.0,47547.0,6307,3
1773234000,47547.0,47820.0,47547.0,47820.0,5901,2
1773237600,47820.0,47861.0,47591.0,47642.0,6793,2
1773241200,47642.0,47745.0,47488.0,47537.0,7920,3
1773244800,47537.0,47724.0,47385.0,47512.0,14452,2
1773248400,47513.0,47698.0,47300.0,47584.0,17953,2
1773252000,47584.0,47639.0,47229.0,47238.0,14601,2
1773255600,47238.0,47413.0,47192.0,47412.0,11920,3
1773259200,47412.0,47476.0,47231.0,47344.0,12165,3
1773262800,47344.0,47418.0,47266.0,47356.0,10767,3
1773266400,47356.0,47458.0,47291.0,47436.0,8854,3
1773270000,47437.0,47444.0,47350.0,47360.0,2159,3
1773277200,47337.0,47352.0,47088.0,47124.0,3308,3
1773280800,47125.0,47138.0,46919.0,47032.0,4141,3
1773284400,47033.0,47045.0,46909.0,46992.0,5012,3
1773288000,46992.0,47042.0,46926.0,46964.0,4666,3
1773291600,46965.0,46989.0,46812.0,46861.0,4147,3
1773295200,46862.0,46902.0,46831.0,46873.0,2642,3
1773298800,46872.0,46922.0,46860.0,46861.0,1976,3
1773302400,46861.0,46950.0,46859.0,46928.0,4002,3
1773306000,46927.0,47010.0,46899.0,47000.0,2870,3
1773309600,47001.0,47126.0,46994.0,47122.0,3196,3
1773313200,47124.0,47219.0,47090.0,47165.0,6044,3
1773316800,47165.0,47220.0,47033.0,47205.0,5135,3
1773320400,47204.0,47222.0,47134.0,47143.0,4301,2
1773324000,47142.0,47224.0,47096.0,47096.0,4312,3
1773327600,47096.0,47108.0,46980.0,47040.0,6452,3
1773331200,47041.0,47075.0,46797.0,46822.0,14786,2
1773334800,46822.0,47021.0,46730.0,46844.0,16286,2
1773338400,46843.0,46937.0,46690.0,46874.0,14860,2
1773342000,46874.0,47085.0,46777.0,46891.0,14215,3
1773345600,46891.0,47012.0,46776.0,46824.0,12123,3
1773349200,46824.0,46907.0,46748.0,46758.0,9971,3
1773352800,46758.0,46876.0,46681.0,46686.0,9523,3
1773356400,46686.0,46759.0,46675.0,46741.0,2316,3
1773363600,46744.0,46809.0,46690.0,46795.0,2431,3
1773367200,46795.0,46819.0,46744.0,46749.0,2359,3
1773370800,46748.0,46950.0,46703.0,46913.0,5964,3
1773374400,46913.0,46970.0,46882.0,46893.0,4073,3
1773378000,46893.0,46920.0,46859.0,46869.0,3025,3
1773381600,46869.0,46908.0,46851.0,46899.0,2885,3
1773385200,46898.0,46904.0,46813.0,46840.0,2421,3
1773388800,46840.0,46872.0,46814.0,46854.0,2980,3
1773392400,46853.0,46862.0,46678.0,46683.0,4075,3
1773396000,46682.0,46692.0,46547.0,46580.0,6480,2
1773399600,46581.0,46681.0,46445.0,46665.0,8673,2
1773403200,46665.0,46753.0,46665.0,46709.0,6334,2
1773406800,46709.0,46849.0,46703.0,46846.0,5538,2
1773410400,46846.0,46926.0,46811.0,46921.0,6275,2
1773414000,46920.0,47045.0,46854.0,46932.0,7785,3
1773417600,46932.0,47154.0,46889.0,46972.0,12933,3
1773421200,46972.0,47038.0,46742.0,46764.0,15828,3
1773424800,46767.0,46854.0,46661.0,46676.0,14551,3
1773428400,46678.0,46770.0,46627.0,46656.0,13343,3
1773432000,46656.0,46771.0,46583.0,46630.0,11856,3
1773435600,46630.0,46755.0,46616.0,46703.0,9468,3
1773439200,46703.0,46709.0,46522.0,46590.0,9075,3
1773442800,46589.0,46599.0,46502.0,46503.0,2055,3
1773622800,46439.0,46737.0,46424.0,46719.0,3922,3
1773626400,46719.0,46765.0,46619.0,46679.0,4201,3
1773630000,46679.0,46793.0,46664.0,46773.0,5508,3
1773633600,46773.0,46821.0,46720.0,46809.0,5503,3
1773637200,46808.0,46811.0,46728.0,46743.0,3647,3
1773640800,46743.0,46819.0,46742.0,46813.0,2134,3
1773644400,46813.0,46829.0,46769.0,46770.0,1317,3
1773648000,46770.0,46841.0,46759.0,46834.0,1915,3
1773651600,46835.0,46849.0,46796.0,46839.0,1630,3
1773655200,46839.0,46857.0,46702.0,46727.0,3977,3
1773658800,46727.0,46812.0,46677.0,46710.0,7161,3
1773662400,46710.0,46724.0,46611.0,46630.0,6063,3
1773666000,46629.0,46848.0,46622.0,46839.0,5885,3
1773669600,46839.0,46880.0,46780.0,46872.0,4936,3
1773673200,46871.0,46995.0,46871.0,46925.0,5291,3
1773676800,46925.0,47188.0,46896.0,47183.0,10820,3
1773680400,47183.0,47230.0,46867.0,47092.0,13188,3
1773684000,47092.0,47132.0,46962.0,46967.0,11038,3
1773687600,46967.0,47038.0,46856.0,46951.0,11852,3
1773691200,46951.0,47028.0,46882.0,46942.0,9838,3
1773694800,46944.0,47094.0,46942.0,47029.0,7640,2
1773698400,47032.0,47143.0,46946.0,46989.0,9162,3
1773702000,46988.0,47019.0,46936.0,46972.0,2780,3
1773709200,46976.0,46989.0,46928.0,46941.0,1448,3
1773712800,46941.0,46986.0,46941.0,46973.0,1155,3
1773716400,46974.0,46974.0,46865.0,46868.0,2457,3
1773720000,46868.0,46926.0,46868.0,46914.0,2350,3
1773723600,46914.0,46915.0,46860.0,46860.0,1450,3
1773727200,46860.0,46905.0,46846.0,46853.0,1572,2
1773730800,46853.0,46921.0,46842.0,46904.0,1323,3
1773734400,46904.0,46919.0,46779.0,46782.0,2129,3
1773738000,46782.0,46790.0,46717.0,46757.0,4210,3
1773741600,46757.0,46854.0,46732.0,46801.0,3607,3
1773745200,46802.0,46887.0,46779.0,46845.0,6235,3
1773748800,46845.0,46993.0,46845.0,46975.0,4652,2
1773752400,46975.0,46986.0,46885.0,46946.0,3610,3
1773756000,46946.0,47007.0,46935.0,46947.0,3673,3
1773759600,46947.0,47173.0,46946.0,47150.0,4451,3
1773763200,47150.0,47477.0,47147.0,47383.0,10406,3
1773766800,47383.0,47383.0,47108.0,47253.0,11903,3
1773770400,47252.0,47268.0,47147.0,47159.0,2307,3
1773802800,47011.0,47094.0,47005.0,47088.0,1758,3
1773806400,47088.0,47139.0,47088.0,47134.0,1784,3
1773810000,47134.0,47202.0,47133.0,47192.0,1438,3
1773813600,47192.0,47237.0,47186.0,47229.0,939,3
1773817200,47229.0,47290.0,47229.0,47269.0,1063,3
1773820800,47270.0,47297.0,47263.0,47288.0,1352,3
1773824400,47288.0,47355.0,47280.0,47322.0,1747,3
1773828000,47321.0,47336.0,47292.0,47297.0,1718,3
1773831600,47296.0,47347.0,47283.0,47319.0,3700,3
1773835200,47319.0,47333.0,47286.0,47301.0,2566,3
1773838800,47302.0,47322.0,47258.0,47264.0,2111,3
1773842400,47263.0,47307.0,47150.0,47201.0,5110,3
1773846000,47201.0,47212.0,46784.0,46799.0,9423,3
1773849600,46800.0,46934.0,46756.0,46869.0,13434,3
1773853200,46870.0,46881.0,46565.0,46647.0,13983,2
1773856800,46647.0,46729.0,46587.0,46606.0,10994,2
1773860400,46605.0,46679.0,46556.0,46633.0,9090,2
1773864000,46633.0,46644.0,46524.0,46616.0,7946,3
1773867600,46616.0,46661.0,46349.0,46361.0,12944,2
1773871200,46361.0,46440.0,46228.0,46263.0,10339,2
1773874800,46263.0,46268.0,46096.0,46124.0,4013,2
1773882000,46181.0,46212.0,46119.0,46151.0,1610,3
1773885600,46151.0,46227.0,46143.0,46199.0,1860,3
1773889200,46199.0,46239.0,46139.0,46189.0,3772,3
1773892800,46188.0,46253.0,46160.0,46209.0,2957,3
1773896400,46210.0,46349.0,46176.0,46310.0,3490,3
1773900000,46310.0,46343.0,46300.0,46300.0,1642,2
1773903600,46300.0,46300.0,46239.0,46265.0,1972,3
1773907200,46266.0,46285.0,46189.0,46215.0,3059,3
1773910800,46215.0,46297.0,46207.0,46252.0,3242,3
1773914400,46251.0,46284.0,46135.0,46168.0,5479,3
1773918000,46168.0,46230.0,46080.0,46149.0,9097,3
1773921600,46149.0,46315.0,46053.0,46284.0,9850,3
1773925200,46284.0,46284.0,46174.0,46190.0,5663,3
1773928800,46190.0,46233.0,46071.0,46158.0,5828,3
1773932400,46158.0,46182.0,45918.0,45959.0,8511,3
1773936000,45959.0,46124.0,45830.0,46064.0,13857,3
1773939600,46064.0,46108.0,45787.0,45896.0,15909,3
1773943200,45896.0,46062.0,45792.0,45900.0,14373,3
1773946800,45901.0,46008.0,45833.0,45870.0,12430,3
1773950400,45871.0,45945.0,45766.0,45886.0,9560,2
1773954000,45886.0,46013.0,45811.0,45994.0,8664,2
1773957600,45996.0,46293.0,45988.0,46068.0,15405,3
1773961200,46066.0,46168.0,46029.0,46129.0,3101,3
1773968400,46141.0,46206.0,46117.0,46184.0,1323,3
1773972000,46184.0,46216.0,46156.0,46170.0,1803,3
1773975600,46169.0,46212.0,46129.0,46153.0,2986,3
1773979200,46153.0,46275.0,46140.0,46206.0,3084,3
1773982800,46206.0,46229.0,46188.0,46196.0,1907,3
1773986400,46194.0,46203.0,46162.0,46177.0,1366,3
1773990000,46177.0,46192.0,46144.0,46145.0,1066,3
1773993600,46145.0,46178.0,46117.0,46156.0,1802,3
1773997200,46156.0,46172.0,46047.0,46062.0,1746,3
1774000800,46062.0,46188.0,45999.0,46180.0,3656,3
1774004400,46180.0,46211.0,46106.0,46112.0,5489,3
1774008000,46112.0,46144.0,45866.0,45901.0,7229,3
1774011600,45902.0,45919.0,45744.0,45859.0,8238,3
1774015200,45859.0,45976.0,45850.0,45937.0,6347,3
1774018800,45937.0,46002.0,45877.0,45960.0,7345,3
1774022400,45959.0,46099.0,45875.0,45905.0,12742,2
1774026000,45902.0,45941.0,45707.0,45746.0,15040,2
1774029600,45746.0,45955.0,45713.0,45819.0,13888,2
1774033200,45819.0,45899.0,45756.0,45863.0,11137,3
1774036800,45862.0,45926.0,45746.0,45808.0,10513,3
1774040400,45809.0,45834.0,45530.0,45569.0,10484,2
1774044000,45569.0,45663.0,45398.0,45641.0,11394,2
1774047600,45640.0,45882.0,45624.0,45841.0,4503,2
1774227600,45342.0,45711.0,45326.0,45610.0,4109,2
1774231200,45610.0,45669.0,45541.0,45577.0,3918,3
1774234800,45577.0,45693.0,45509.0,45519.0,8485,3
1774238400,45518.0,45686.0,45486.0,45657.0,8170,3
1774242000,45657.0,45695.0,45567.0,45593.0,5207,3
1774245600,45593.0,45621.0,45460.0,45465.0,4202,3
1774249200,45466.0,45528.0,45454.0,45518.0,3460,3
1774252800,45518.0,45559.0,45430.0,45492.0,4521,3
1774256400,45491.0,45496.0,45290.0,45337.0,5937,3
1774260000,45337.0,45420.0,45203.0,45281.0,8714,3
1774263600,45281.0,45471.0,45281.0,45425.0,10050,2
1774267200,45426.0,45472.0,45269.0,45311.0,9106,3
1774270800,45311.0,45403.0,45222.0,45323.0,8613,3
1774274400,45323.0,46955.0,45322.0,46248.0,17200,2
1774278000,46248.0,46680.0,46149.0,46622.0,15754,3
1774281600,46622.0,46672.0,46217.0,46560.0,17133,3
1774285200,46560.0,46679.0,46436.0,46637.0,15955,3
1774288800,46637.0,46775.0,46310.0,46317.0,14492,3
1774292400,46315.0,46391.0,46152.0,46267.0,14745,2
1774296000,46267.0,46478.0,46177.0,46467.0,12467,3
1774299600,46466.0,46574.0,46342.0,46502.0,10165,2
1774303200,46499.0,46506.0,46252.0,46263.0,8214,2
1774306800,46263.0,46295.0,46186.0,46260.0,2520,2
1774314000,46260.0,46388.0,46209.0,46376.0,2355,3
1774317600,46376.0,46376.0,46288.0,46333.0,2607,3
1774321200,46333.0,46333.0,46010.0,46122.0,8448,3
1774324800,46124.0,46128.0,45976.0,46023.0,8022,3
1774328400,46025.0,46095.0,45975.0,46028.0,6096,4
1774332000,46028.0,46074.0,46001.0,46072.0,4049,4
1774335600,46073.0,46102.0,46017.0,46035.0,2761,4
1774339200,46036.0,46115.0,45926.0,46030.0,5149,3
1774342800,46031.0,46251.0,46023.0,46225.0,4209,3
1774346400,46225.0,46403.0,46210.0,46341.0,7396,3
1774350000,46343.0,46400.0,46157.0,46179.0,9939,3
1774353600,46179.0,46256.0,46047.0,46233.0,7728,3
1774357200,46234.0,46256.0,46146.0,46222.0,6431,3
1774360800,46223.0,46259.0,46057.0,46220.0,7193,3
1774364400,46219.0,46243.0,45979.0,46007.0,8242,3
1774368000,46006.0,46036.0,45804.0,45953.0,14499,3
1774371600,45948.0,46375.0,45928.0,46253.0,16832,3
1774375200,46258.0,46461.0,46256.0,46301.0,13076,3
1774378800,46301.0,46409.0,46261.0,46348.0,11617,3
1774382400,46348.0,46363.0,46137.0,46279.0,13215,3
1774386000,46280.0,46438.0,46201.0,46304.0,11153,3
1774389600,46305.0,46370.0,46152.0,46179.0,8566,3
1774393200,46177.0,46661.0,46171.0,46451.0,9224,2
1774400400,46460.0,46539.0,46428.0,46512.0,2654,3
1774404000,46511.0,46541.0,46471.0,46496.0,2423,3
1774407600,46495.0,46647.0,46455.0,46580.0,6220,3
1774411200,46580.0,46612.0,46527.0,46534.0,6578,3
1774414800,46533.0,46540.0,46453.0,46455.0,4137,3
1774418400,46455.0,46496.0,46426.0,46496.0,3251,3
1774422000,46496.0,46581.0,46491.0,46566.0,2493,3
1774425600,46566.0,46572.0,46497.0,46509.0,3231,3
1774429200,46509.0,46538.0,46449.0,46505.0,3423,3
1774432800,46505.0,46580.0,46473.0,46559.0,4780,2
1774436400,46560.0,46726.0,46532.0,46549.0,8551,2
1774440000,46549.0,46618.0,46475.0,46547.0,6157,3
1774443600,46547.0,46614.0,46528.0,46559.0,5478,3
1774447200,46558.0,46693.0,46554.0,46655.0,5537,3
1774450800,46654.0,46716.0,46422.0,46593.0,9637,3
1774454400,46593.0,46794.0,46425.0,46434.0,12059,3
1774458000,46434.0,46600.0,46368.0,46569.0,13900,3
1774461600,46571.0,46612.0,46238.0,46476.0,13030,3
1774465200,46476.0,46569.0,46394.0,46520.0,11383,3
1774468800,46521.0,46638.0,46468.0,46522.0,9312,3
1774472400,46522.0,46591.0,46408.0,46480.0,7704,3
1774476000,46480.0,46531.0,46420.0,46482.0,7881,3
1774479600,46481.0,46513.0,46432.0,46463.0,2125,3
1774486800,46481.0,46483.0,46387.0,46406.0,1891,3
1774490400,46406.0,46428.0,46350.0,46407.0,1601,3
1774494000,46407.0,46506.0,46395.0,46419.0,3047,3
1774497600,46419.0,46457.0,46396.0,46426.0,4187,4
1774501200,46426.0,46448.0,46288.0,46333.0,3866,3
1774504800,46333.0,46486.0,46322.0,46446.0,2990,3
1774508400,46447.0,46453.0,46364.0,46372.0,2119,3
1774512000,46372.0,46393.0,46279.0,46282.0,3504,3
1774515600,46282.0,46341.0,46261.0,46333.0,3688,3
1774519200,46333.0,46342.0,46195.0,46296.0,4265,3
1774522800,46297.0,46365.0,46180.0,46239.0,7314,3
1774526400,46239.0,46265.0,46098.0,46154.0,6714,3
1774530000,46154.0,46239.0,46117.0,46165.0,5363,3
1774533600,46165.0,46197.0,46079.0,46081.0,4891,3
1774537200,46082.0,46176.0,46034.0,46127.0,5961,3
1774540800,46127.0,46568.0,46122.0,46562.0,12801,3
1774544400,46561.0,46602.0,46284.0,46375.0,16104,3
1774548000,46375.0,46438.0,46220.0,46263.0,12379,3
1774551600,46262.0,46291.0,46062.0,46146.0,9612,3
1774555200,46147.0,46187.0,45989.0,46002.0,8161,2
1774558800,46001.0,46111.0,46000.0,46089.0,7546,3
1774562400,46089.0,46095.0,45947.0,45989.0,7670,3
1774566000,45987.0,46522.0,45940.0,46076.0,7683,3
1774573200,46105.0,46181.0,46074.0,46158.0,2937,3
1774576800,46155.0,46222.0,46134.0,46212.0,1726,3
1774580400,46213.0,46255.0,46085.0,46095.0,5108,3
1774584000,46095.0,46181.0,46077.0,46170.0,3779,3
1774587600,46170.0,46189.0,46115.0,46119.0,2890,3
1774591200,46120.0,46180.0,46100.0,46178.0,2489,3
1774594800,46178.0,46200.0,46149.0,46193.0,1601,3
1774598400,46193.0,46274.0,46193.0,46228.0,2826,3
1774602000,46228.0,46268.0,46160.0,46177.0,3275,3
1774605600,46177.0,46180.0,46090.0,46125.0,3723,3
1774609200,46125.0,46151.0,45964.0,45974.0,7322,3
1774612800,45976.0,46022.0,45880.0,45911.0,6015,3
1774616400,45910.0,45972.0,45809.0,45820.0,5678,3
1774620000,45821.0,45894.0,45764.0,45846.0,5743,3
1774623600,45845.0,45855.0,45781.0,45788.0,6122,3
1774627200,45789.0,45811.0,45465.0,45518.0,12424,3
1774630800,45515.0,45668.0,45469.0,45637.0,14949,3
1774634400,45637.0,45768.0,45547.0,45594.0,13455,3
1774638000,45595.0,45605.0,45447.0,45509.0,10431,3
1774641600,45508.0,45599.0,45313.0,45318.0,9037,3
1774645200,45317.0,45342.0,45230.0,45266.0,8667,3
1774648800,45265.0,45283.0,45089.0,45173.0,9461,3
1774652400,45174.0,45199.0,45048.0,45086.0,4434,3
1774832400,44963.0,45034.0,44842.0,44982.0,4114,3
1774836000,44982.0,45020.0,44879.0,44910.0,4189,3
1774839600,44909.0,45070.0,44855.0,44912.0,8900,3
1774843200,44911.0,45023.0,44892.0,45023.0,6514,2
1774846800,45023.0,45133.0,44979.0,45103.0,4988,2
1774850400,45103.0,45190.0,45097.0,45159.0,3226,3
1774854000,45159.0,45212.0,45148.0,45160.0,2202,3
1774857600,45159.0,45232.0,45159.0,45211.0,3371,3
1774861200,45208.0,45338.0,45203.0,45293.0,3946,3
1774864800,45292.0,45381.0,45260.0,45366.0,5162,3
1774868400,45366.0,45435.0,45322.0,45425.0,4740,3
1774872000,45425.0,45436.0,45328.0,45369.0,4107,3
1774875600,45369.0,45434.0,45353.0,45434.0,3670,3
1774879200,45435.0,45699.0,45432.0,45487.0,6850,3
1774882800,45487.0,45584.0,45447.0,45564.0,4652,3
1774886400,45564.0,45661.0,45321.0,45356.0,11189,3
1774890000,45353.0,45589.0,45350.0,45573.0,15554,3
1774893600,45573.0,45673.0,45473.0,45609.0,11912,3
1774897200,45608.0,45614.0,45428.0,45447.0,8845,3
1774900800,45449.0,45488.0,45276.0,45361.0,9080,3
1774904400,45360.0,45407.0,45257.0,45282.0,7230,3
1774908000,45282.0,45316.0,45100.0,45255.0,9321,3
1774911600,45255.0,45260.0,45196.0,45245.0,1969,3
1774918800,45250.0,45311.0,45247.0,45271.0,1632,3
1774922400,45271.0,45271.0,45158.0,45197.0,2902,3
1774926000,45198.0,45573.0,45085.0,45486.0,10028,3
1774929600,45485.0,45738.0,45394.0,45651.0,10567,3
1774933200,45650.0,45777.0,45624.0,45720.0,6482,3
1774936800,45719.0,45762.0,45660.0,45662.0,4368,3
1774940400,45664.0,45698.0,45622.0,45630.0,3983,3
1774944000,45630.0,45694.0,45557.0,45661.0,5201,3
1774947600,45661.0,45665.0,45578.0,45614.0,6053,3
1774951200,45614.0,45773.0,45546.0,45768.0,7208,3
1774954800,45768.0,45772.0,45615.0,45643.0,6322,3
1774958400,45643.0,45719.0,45614.0,45641.0,5656,3
1774962000,45641.0,45693.0,45523.0,45619.0,5184,3
1774965600,45618.0,45864.0,45595.0,45749.0,9164,3
1774969200,45749.0,45849.0,45632.0,45729.0,8357,3
1774972800,45729.0,45907.0,45575.0,45904.0,12466,3
1774976400,45904.0,45931.0,45521.0,45566.0,15246,3
1774980000,45566.0,45876.0,45566.0,45678.0,13396,3
1774983600,45676.0,46374.0,45660.0,46126.0,15394,3
1774987200,46126.0,46275.0,46095.0,46170.0,18428,2
1774990800,46170.0,46322.0,46170.0,46294.0,12044,2
1774994400,46295.0,46434.0,46230.0,46373.0,10481,3
1774998000,46373.0,46431.0,46338.0,46351.0,5018,2
1775005200,46314.0,46379.0,46305.0,46351.0,2829,3
1775008800,46351.0,46451.0,46321.0,46438.0,2310,2
1775012400,46436.0,46481.0,46390.0,46479.0,5324,2
1775016000,46480.0,46489.0,46403.0,46419.0,5042,2
1775019600,46419.0,46446.0,46378.0,46402.0,2456,2
1775023200,46402.0,46426.0,46393.0,46406.0,2063,2
1775026800,46406.0,46443.0,46398.0,46431.0,1369,2
1775030400,46431.0,46518.0,46427.0,46496.0,2201,2
1775034000,46496.0,46703.0,46495.0,46686.0,4949,2
1775037600,46686.0,46712.0,46558.0,46571.0,5447,3
1775041200,46571.0,46644.0,46499.0,46604.0,6258,3
1775044800,46603.0,46637.0,46498.0,46614.0,5122,3
1775048400,46614.0,46708.0,46575.0,46693.0,4395,3
1775052000,46693.0,46781.0,46681.0,46754.0,4192,3
1775055600,46755.0,46867.0,46529.0,46551.0,7198,3
1775059200,46551.0,46777.0,46503.0,46653.0,13623,3
1775062800,46657.0,46818.0,46535.0,46780.0,14948,2
1775066400,46780.0,46845.0,46746.0,46819.0,9086,3
1775070000,46819.0,46837.0,46719.0,46788.0,6415,3
1775073600,46788.0,46838.0,46710.0,46713.0,5289,3
1775077200,46713.0,46723.0,46554.0,46615.0,10575,3
1775080800,46615.0,46732.0,46584.0,46608.0,8606,3
1775084400,46607.0,46646.0,46592.0,46618.0,2665,3
1775091600,46612.0,46631.0,46573.0,46587.0,1986,3
1775095200,46587.0,46622.0,46563.0,46592.0,1767,3
1775098800,46592.0,46715.0,46545.0,46706.0,5841,3
1775102400,46706.0,46711.0,46192.0,46240.0,12923,3
1775106000,46240.0,46266.0,46132.0,46188.0,7132,3
1775109600,46188.0,46192.0,46104.0,46114.0,4151,3
1775113200,46114.0,46140.0,46078.0,46088.0,2900,3
1775116800,46088.0,46137.0,46024.0,46027.0,3537,3
1775120400,46027.0,46080.0,45995.0,46066.0,4815,3
1775124000,46066.0,46187.0,46032.0,46181.0,5476,3
1775127600,46181.0,46209.0,46126.0,46160.0,4366,3
1775131200,46160.0,46190.0,46108.0,46147.0,3397,3
1775134800,46147.0,46160.0,46048.0,46101.0,4245,3
1775138400,46100.0,46115.0,45915.0,45916.0,4916,3
1775142000,45916.0,46002.0,45870.0,45945.0,6174,3
1775145600,45945.0,46157.0,45907.0,46146.0,12476,3
1775149200,46147.0,46776.0,46053.0,46560.0,16648,3
1775152800,46561.0,46601.0,46366.0,46443.0,14514,3
1775156400,46443.0,46516.0,46307.0,46390.0,11257,3
1775160000,46389.0,46488.0,46334.0,46381.0,9212,3
1775163600,46381.0,46508.0,46378.0,46475.0,8321,3
1775167200,46476.0,46554.0,46455.0,46529.0,7554,3
1775170800,46530.0,46565.0,46495.0,46539.0,2261,3
1775178000,46517.0,46558.0,46504.0,46545.0,1134,4
1775181600,46545.0,46552.0,46530.0,46539.0,887,3
1775185200,46539.0,46578.0,46524.0,46532.0,2023,3
1775188800,46532.0,46536.0,46508.0,46509.0,1062,3
1775192400,46510.0,46519.0,46447.0,46472.0,1417,3
1775196000,46472.0,46490.0,46464.0,46474.0,844,3
1775199600,46474.0,46490.0,46453.0,46464.0,689,3
1775203200,46464.0,46498.0,46449.0,46481.0,861,3
1775206800,46480.0,46482.0,46400.0,46424.0,1009,4
1775210400,46424.0,46464.0,46382.0,46426.0,1042,3
1775214000,46425.0,46443.0,46408.0,46426.0,666,3
1775217600,46425.0,46444.0,46421.0,46426.0,659,3
1775221200,46426.0,46440.0,46402.0,46437.0,676,3
1775224800,46437.0,46479.0,46394.0,46460.0,1107,3
1775228400,46460.0,46602.0,46386.0,46409.0,3864,3
1775232000,46410.0,46443.0,46392.0,46428.0,530,3
1775437200,46288.0,46303.0,46165.0,46286.0,3954,3
1775440800,46287.0,46310.0,46229.0,46279.0,2764,3
1775444400,46280.0,46389.0,46269.0,46380.0,4250,3
1775448000,46380.0,46450.0,46376.0,46404.0,2371,3
1775451600,46404.0,46555.0,46397.0,46433.0,3979,3
1775455200,46432.0,46434.0,46296.0,46404.0,3183,3
1775458800,46403.0,46451.0,46395.0,46441.0,2084,3
1775462400,46441.0,46465.0,46395.0,46416.0,1997,3
1775466000,46414.0,46533.0,46401.0,46479.0,3045,3
1775469600,46479.0,46578.0,46413.0,46548.0,3276,3
1775473200,46548.0,46618.0,46539.0,46597.0,3187,3
1775476800,46598.0,46633.0,46526.0,46536.0,2416,3
1775480400,46536.0,46571.0,46429.0,46507.0,3026,2
1775484000,46507.0,46507.0,46463.0,46476.0,3157,2
1775487600,46476.0,46562.0,46457.0,46521.0,3120,2
1775491200,46522.0,46609.0,46378.0,46608.0,10912,2
1775494800,46608.0,46742.0,46470.0,46630.0,14810,3
1775498400,46630.0,46657.0,46553.0,46654.0,8764,3
1775502000,46654.0,46697.0,46620.0,46660.0,5786,3
1775505600,46660.0,46663.0,46491.0,46555.0,7226,3
1775509200,46555.0,46710.0,46544.0,46661.0,6010,3
1775512800,46661.0,46722.0,46625.0,46722.0,4625,3
1775516400,46721.0,46862.0,46691.0,46817.0,2177,3
1775523600,46810.0,46843.0,46746.0,46749.0,2189,3
1775527200,46749.0,46781.0,46736.0,46740.0,1156,4
1775530800,46740.0,46830.0,46723.0,46734.0,4493,3
1775534400,46735.0,46757.0,46529.0,46543.0,5086,3
1775538000,46543.0,46609.0,46513.0,46597.0,4201,3
1775541600,46597.0,46612.0,46558.0,46595.0,2373,3
1775545200,46595.0,46629.0,46553.0,46612.0,2938,3
1775548800,46612.0,46630.0,46555.0,46606.0,2643,3
1775552400,46606.0,46637.0,46577.0,46618.0,3877,3
1775556000,46617.0,46640.0,46582.0,46622.0,5187,3
1775559600,46622.0,46817.0,46620.0,46784.0,8519,3
1775563200,46784.0,46854.0,46769.0,46811.0,4945,3
1775566800,46813.0,46837.0,46484.0,46512.0,8167,3
1775570400,46512.0,46588.0,46457.0,46514.0,6381,3
1775574000,46514.0,46678.0,46412.0,46573.0,7813,3
1775577600,46573.0,46646.0,46357.0,46396.0,12102,3
1775581200,46395.0,46579.0,46269.0,46366.0,14343,3
1775584800,46365.0,46398.0,46239.0,46342.0,12367,3
1775588400,46342.0,46583.0,46341.0,46478.0,11283,3
1775592000,46473.0,46638.0,46439.0,46523.0,9356,3
1775595600,46523.0,46553.0,46299.0,46344.0,8151,3
1775599200,46343.0,46664.0,46285.0,46629.0,13174,3
1775602800,46629.0,46743.0,46583.0,46683.0,6876,3
1775610000,46877.0,47584.0,46649.0,47574.0,6635,2
1775613600,47575.0,47630.0,47496.0,47555.0,6396,3
1775617200,47555.0,47589.0,47458.0,47545.0,7074,3
1775620800,47545.0,47623.0,47520.0,47600.0,4796,3
1775624400,47600.0,47679.0,47600.0,47674.0,2339,3
1775628000,47674.0,47690.0,47632.0,47645.0,1604,3
1775631600,47645.0,47708.0,47645.0,47672.0,1775,3
1775635200,47671.0,47780.0,47654.0,47763.0,3293,3
1775638800,47763.0,47785.0,47731.0,47737.0,4298,3
1775642400,47737.0,47769.0,47661.0,47666.0,5600,3
1775646000,47666.0,47746.0,47653.0,47745.0,4818,3
1775649600,47745.0,47831.0,47726.0,47797.0,3841,3
1775653200,47797.0,47892.0,47764.0,47859.0,3411,3
1775656800,47859.0,47958.0,47815.0,47902.0,4508,3
1775660400,47902.0,47925.0,47751.0,47855.0,6511,3
1775664000,47855.0,48075.0,47845.0,47933.0,11850,3
1775667600,47933.0,47979.0,47609.0,47685.0,14185,3
1775671200,47685.0,47875.0,47650.0,47860.0,9956,3
1775674800,47860.0,47913.0,47822.0,47867.0,6944,3
1775678400,47866.0,47908.0,47802.0,47902.0,6949,3
1775682000,47902.0,47972.0,47722.0,47732.0,9134,2
1775685600,47733.0,47970.0,47724.0,47952.0,8894,3
1775689200,47953.0,47973.0,47901.0,47910.0,2369,3
1775696400,47897.0,47961.0,47896.0,47923.0,2277,3
1775700000,47923.0,47953.0,47897.0,47903.0,1343,3
1775703600,47904.0,47953.0,47859.0,47915.0,3772,3
1775707200,47915.0,47931.0,47866.0,47898.0,3241,3
1775710800,47898.0,47907.0,47875.0,47875.0,2021,3
1775714400,47875.0,47898.0,47859.0,47891.0,1436,3
1775718000,47891.0,47901.0,47868.0,47876.0,1216,4
1775721600,47877.0,47916.0,47848.0,47888.0,2252,4
1775725200,47887.0,47920.0,47836.0,47871.0,2981,3
1775728800,47871.0,47889.0,47760.0,47795.0,3546,3
1775732400,47795.0,47810.0,47746.0,47759.0,3467,3
1775736000,47759.0,47801.0,47740.0,47786.0,2574,3
1775739600,47786.0,47804.0,47742.0,47745.0,3058,3
1775743200,47745.0,47797.0,47715.0,47779.0,3363,3
1775746800,47779.0,47831.0,47747.0,47797.0,3967,3
1775750400,47797.0,47910.0,47737.0,47906.0,9638,3
1775754000,47905.0,47915.0,47786.0,47832.0,10105,3
1775757600,47833.0,48118.0,47770.0,48112.0,10799,3
1775761200,48113.0,48284.0,48113.0,48279.0,8532,2
1775764800,48279.0,48365.0,48264.0,48339.0,6567,2
1775768400,48339.0,48346.0,48200.0,48218.0,8345,3
1775772000,48218.0,48298.0,48206.0,48219.0,6111,3
1775775600,48220.0,48241.0,48196.0,48228.0,1997,2
1775782800,48207.0,48225.0,48175.0,48188.0,1696,3
1775786400,48188.0,48208.0,48173.0,48189.0,837,3
1775790000,48189.0,48215.0,48167.0,48210.0,1913,3
1775793600,48209.0,48233.0,48186.0,48206.0,2011,3
1775797200,48207.0,48209.0,48165.0,48173.0,1090,3
1775800800,48173.0,48198.0,48164.0,48190.0,945,3
1775804400,48189.0,48193.0,48167.0,48170.0,707,3
1775808000,48170.0,48190.0,48168.0,48176.0,972,3
1775811600,48176.0,48178.0,48136.0,48150.0,1515,3
1775815200,48150.0,48206.0,48139.0,48194.0,2353,3
1775818800,48194.0,48199.0,48098.0,48105.0,2227,3
1775822400,48105.0,48228.0,48105.0,48192.0,3341,3
1775826000,48193.0,48218.0,48154.0,48201.0,1990,3
1775829600,48201.0,48239.0,48186.0,48203.0,2026,3
1775833200,48203.0,48321.0,48195.0,48228.0,3274,3
1775836800,48228.0,48268.0,47970.0,48064.0,8514,3
1775840400,48033.0,48161.0,48018.0,48077.0,9772,3
1775844000,48077.0,48109.0,47961.0,47973.0,8336,3
1775847600,47974.0,47998.0,47889.0,47940.0,6882,3
1775851200,47941.0,47972.0,47891.0,47967.0,5779,3
1775854800,47968.0,47993.0,47930.0,47958.0,5065,3
1775858400,47959.0,47975.0,47889.0,47946.0,4936,3
1775862000,47945.0,48000.0,47909.0,47996.0,1589,2
1776042000,47457.0,47546.0,47366.0,47446.0,3471,3
1776045600,47445.0,47468.0,47402.0,47466.0,1729,3
1776049200,47467.0,47559.0,47431.0,47558.0,3248,3
1776052800,47558.0,47606.0,47557.0,47585.0,2819,3
1776056400,47585.0,47593.0,47559.0,47590.0,1463,3
1776060000,47590.0,47596.0,47564.0,47566.0,1191,3
1776063600,47566.0,47646.0,47556.0,47628.0,1233,3
1776067200,47628.0,47668.0,47619.0,47658.0,1365,3
1776070800,47658.0,47717.0,47658.0,47694.0,2346,4
1776074400,47694.0,47737.0,47689.0,47705.0,2592,3
1776078000,47705.0,47767.0,47687.0,47722.0,3094,3
1776081600,47722.0,47760.0,47696.0,47706.0,1861,3
1776085200,47706.0,47749.0,47698.0,47749.0,1727,3
1776088800,47749.0,47818.0,47448.0,47466.0,4130,2
1776092400,47469.0,47527.0,47449.0,47525.0,3799,3
1776096000,47525.0,47786.0,47518.0,47775.0,9812,2
1776099600,47775.0,47822.0,47661.0,47775.0,10755,2
1776103200,47774.0,47776.0,47661.0,47720.0,7701,2
1776106800,47720.0,48023.0,47705.0,47967.0,8857,3
1776110400,47967.0,48024.0,47961.0,47975.0,4778,3
1776114000,47975.0,48088.0,47975.0,48065.0,4094,3
1776117600,48064.0,48273.0,48061.0,48255.0,5277,3
1776121200,48255.0,48290.0,48240.0,48280.0,1688,3
1776128400,48262.0,48288.0,48260.0,48274.0,434,3
1776132000,48275.0,48294.0,48254.0,48259.0,714,4
1776135600,48258.0,48283.0,48230.0,48271.0,1434,3
1776139200,48269.0,48287.0,48252.0,48269.0,1123,4
1776142800,48269.0,48291.0,48263.0,48268.0,652,4
1776146400,48269.0,48269.0,48247.0,48261.0,788,3
1776150000,48261.0,48275.0,48253.0,48263.0,536,2
1776153600,48263.0,48264.0,48239.0,48245.0,583,2
1776157200,48245.0,48283.0,48233.0,48269.0,1368,2
1776160800,48269.0,48341.0,48257.0,48317.0,3888,2
1776164400,48316.0,48360.0,48302.0,48356.0,2328,2
1776168000,48356.0,48373.0,48275.0,48286.0,1729,2
1776171600,48286.0,48328.0,48181.0,48220.0,2744,3
1776175200,48220.0,48325.0,48212.0,48289.0,2334,3
1776178800,48290.0,48338.0,48264.0,48307.0,3562,3
1776182400,48307.0,48490.0,48227.0,48424.0,9555,3
1776186000,48424.0,48544.0,48417.0,48537.0,9478,2
1776189600,48537.0,48603.0,48473.0,48580.0,7081,3
1776193200,48580.0,48582.0,48495.0,48506.0,4796,3
1776196800,48506.0,48587.0,48505.0,48555.0,4506,3
1776200400,48556.0,48590.0,48479.0,48542.0,5860,3
1776204000,48542.0,48643.0,48537.0,48596.0,5256,3
1776207600,48595.0,48627.0,48577.0,48620.0,1635,3
1776214800,48568.0,48604.0,48562.0,48589.0,801,2
1776218400,48589.0,48632.0,48585.0,48597.0,1169,3
1776222000,48597.0,48608.0,48586.0,48607.0,1316,3
1776225600,48607.0,48625.0,48595.0,48607.0,976,3
1776229200,48607.0,48607.0,48563.0,48579.0,748,4
1776232800,48579.0,48613.0,48575.0,48605.0,530,4
1776236400,48605.0,48608.0,48584.0,48586.0,469,4
1776240000,48586.0,48634.0,48548.0,48577.0,1737,3
1776243600,48577.0,48630.0,48577.0,48604.0,1269,4
1776247200,48604.0,48606.0,48559.0,48579.0,1508,3
1776250800,48579.0,48594.0,48549.0,48580.0,1538,2
1776254400,48580.0,48594.0,48515.0,48552.0,2364,2
1776258000,48552.0,48590.0,48502.0,48553.0,2822,2
1776261600,48553.0,48657.0,48540.0,48604.0,2706,2
1776265200,48604.0,48649.0,48559.0,48641.0,2425,2
1776268800,48641.0,48746.0,48446.0,48503.0,8587,2
1776272400,48503.0,48504.0,48369.0,48377.0,9138,3
1776276000,48377.0,48445.0,48340.0,48345.0,6659,3
1776279600,48346.0,48382.0,48319.0,48369.0,6027,2
1776283200,48369.0,48442.0,48368.0,48423.0,3132,2
1776286800,48423.0,48521.0,48409.0,48516.0,4093,2
1776290400,48516.0,48543.0,48463.0,48505.0,4892,2
1776294000,48503.0,48555.0,48464.0,48540.0,1173,2
1776301200,48527.0,48574.0,48517.0,48566.0,912,3
1776304800,48566.0,48583.0,48554.0,48577.0,481,4
1776308400,48577.0,48617.0,48566.0,48603.0,1183,3
1776312000,48602.0,48612.0,48578.0,48584.0,1050,2
1776315600,48584.0,48599.0,48573.0,48579.0,728,2
1776319200,48578.0,48593.0,48550.0,48550.0,729,2
1776322800,48550.0,48563.0,48542.0,48553.0,437,4
1776326400,48554.0,48567.0,48538.0,48559.0,798,3
1776330000,48559.0,48580.0,48555.0,48571.0,1143,4
1776333600,48571.0,48576.0,48524.0,48534.0,1438,3
1776337200,48534.0,48543.0,48499.0,48524.0,1796,3
1776340800,48524.0,48535.0,48504.0,48521.0,1023,3
1776344400,48521.0,48564.0,48521.0,48541.0,1243,3
1776348000,48540.0,48597.0,48490.0,48591.0,1576,3
1776351600,48592.0,48640.0,48582.0,48625.0,1563,3
1776355200,48625.0,48711.0,48439.0,48490.0,8521,3
1776358800,48493.0,48500.0,48370.0,48463.0,10220,3
1776362400,48461.0,48612.0,48457.0,48595.0,7718,3
1776366000,48595.0,48627.0,48508.0,48518.0,5906,3
1776369600,48519.0,48575.0,48476.0,48547.0,6050,3
1776373200,48547.0,48616.0,48537.0,48576.0,5893,3
1776376800,48577.0,48645.0,48574.0,48605.0,4637,3
1776380400,48604.0,48673.0,48602.0,48666.0,932,3
1776387600,48664.0,48693.0,48648.0,48690.0,582,4
1776391200,48690.0,48711.0,48686.0,48694.0,444,4
1776394800,48695.0,48695.0,48661.0,48684.0,1296,4
1776398400,48684.0,48694.0,48674.0,48690.0,897,4
1776402000,48688.0,48692.0,48664.0,48674.0,532,3
1776405600,48675.0,48680.0,48662.0,48668.0,335,2
1776409200,48669.0,48701.0,48666.0,48688.0,510,3
1776412800,48688.0,48727.0,48665.0,48724.0,814,3
1776416400,48724.0,48739.0,48690.0,48713.0,1025,3
1776420000,48713.0,48767.0,48713.0,48759.0,1487,3
1776423600,48759.0,48779.0,48744.0,48776.0,1381,3
1776427200,48775.0,48796.0,48757.0,48786.0,1366,3
1776430800,48786.0,48788.0,48760.0,48786.0,1139,3
1776434400,48786.0,48861.0,48783.0,48856.0,1203,3
1776438000,48857.0,49180.0,48845.0,49174.0,5972,2
1776441600,49173.0,49383.0,49088.0,49357.0,13533,2
1776445200,49356.0,49690.0,49333.0,49601.0,10567,2
1776448800,49601.0,49715.0,49543.0,49697.0,8644,2
1776452400,49697.0,49764.0,49662.0,49741.0,4256,2
1776456000,49741.0,49752.0,49501.0,49580.0,7346,2
1776459600,49580.0,49593.0,49483.0,49494.0,5431,2
1776463200,49494.0,49535.0,49446.0,49480.0,3582,2
1776466800,49479.0,49514.0,49468.0,49502.0,1248,2
1776646800,49123.0,49123.0,48930.0,49064.0,3660,3
1776650400,49064.0,49081.0,48991.0,49016.0,1663,3
1776654000,49017.0,49076.0,48989.0,49056.0,3540,3
1776657600,49056.0,49155.0,49056.0,49146.0,1599,3
1776661200,49146.0,49150.0,49125.0,49144.0,466,3
1776664800,49144.0,49159.0,49117.0,49118.0,419,3
1776668400,49118.0,49156.0,49111.0,49148.0,510,3
1776672000,49148.0,49151.0,49091.0,49123.0,900,3
1776675600,49123.0,49193.0,49116.0,49169.0,1465,2
1776679200,49169.0,49220.0,49095.0,49127.0,2120,2
1776682800,49127.0,49223.0,49096.0,49218.0,1384,2
1776686400,49218.0,49246.0,49187.0,49213.0,842,2
1776690000,49213.0,49281.0,49206.0,49208.0,819,2
1776693600,49208.0,49256.0,49168.0,49251.0,2589,2
1776697200,49251.0,49316.0,49233.0,49291.0,3385,2
1776700800,49291.0,49533.0,49272.0,49495.0,10437,2
1776704400,49495.0,49520.0,49283.0,49363.0,11148,2
1776708000,49363.0,49471.0,49334.0,49451.0,9295,3
1776711600,49452.0,49455.0,49364.0,49424.0,5366,3
1776715200,49424.0,49477.0,49385.0,49397.0,4780,3
1776718800,49397.0,49478.0,49371.0,49436.0,4317,2
1776722400,49436.0,49491.0,49413.0,49487.0,3810,2
1776726000,49488.0,49579.0,49471.0,49539.0,1789,3
1776733200,49542.0,49588.0,49533.0,49573.0,946,3
1776736800,49572.0,49575.0,49549.0,49556.0,371,4
1776740400,49556.0,49567.0,49507.0,49566.0,931,3
1776744000,49566.0,49600.0,49544.0,49575.0,510,2
1776747600,49575.0,49600.0,49573.0,49578.0,245,2
1776751200,49578.0,49580.0,49526.0,49547.0,646,2
1776754800,49547.0,49577.0,49547.0,49570.0,335,3
1776758400,49570.0,49617.0,49569.0,49573.0,398,3
1776762000,49573.0,49588.0,49561.0,49569.0,667,3
1776765600,49569.0,49597.0,49517.0,49556.0,1679,2
1776769200,49556.0,49605.0,49530.0,49589.0,2186,2
1776772800,49589.0,49769.0,49561.0,49766.0,1987,2
1776776400,49766.0,49808.0,49732.0,49787.0,2076,2
1776780000,49787.0,49832.0,49741.0,49772.0,2117,2
1776783600,49772.0,49798.0,49693.0,49726.0,2528,2
1776787200,49726.0,49893.0,49675.0,49825.0,8957,2
1776790800,49824.0,49866.0,49470.0,49478.0,10744,2
1776794400,49479.0,49509.0,49343.0,49404.0,11781,2
1776798000,49404.0,49480.0,49331.0,49332.0,7325,3
1776801600,49333.0,49462.0,49197.0,49338.0,10068,2
1776805200,49338.0,49379.0,49231.0,49316.0,7567,2
1776808800,49316.0,49419.0,49079.0,49189.0,10685,2
1776812400,49188.0,49444.0,49143.0,49335.0,5268,2
1776819600,49352.0,49395.0,49351.0,49358.0,1282,3
1776823200,49358.0,49397.0,49345.0,49396.0,832,3
1776826800,49396.0,49439.0,49396.0,49404.0,1871,3
1776830400,49404.0,49446.0,49403.0,49429.0,1510,3
1776834000,49429.0,49447.0,49425.0,49428.0,929,3
1776837600,49428.0,49441.0,49398.0,49405.0,756,3
1776841200,49405.0,49420.0,49378.0,49380.0,802,3
1776844800,49380.0,49500.0,49376.0,49456.0,2156,2
1776848400,49456.0,49480.0,49412.0,49468.0,1740,3
1776852000,49467.0,49500.0,49442.0,49465.0,2310,3
1776855600,49465.0,49476.0,49355.0,49420.0,2656,2
1776859200,49420.0,49467.0,49387.0,49416.0,2256,2
1776862800,49415.0,49460.0,49380.0,49443.0,2338,3
1776866400,49443.0,49503.0,49416.0,49497.0,2030,2
1776870000,49497.0,49585.0,49465.0,49467.0,3001,2
1776873600,49467.0,49636.0,49455.0,49631.0,10106,2
1776877200,49630.0,49664.0,49519.0,49580.0,11003,2
1776880800,49579.0,49599.0,49480.0,49518.0,8148,2
1776884400,49518.0,49547.0,49429.0,49439.0,6029,2
1776888000,49439.0,49533.0,49431.0,49442.0,5221,2
1776891600,49441.0,49451.0,49370.0,49403.0,3934,3
1776895200,49403.0,49535.0,49376.0,49518.0,5177,2
1776898800,49518.0,49526.0,49282.0,49345.0,3063,2
1776906000,49377.0,49384.0,49328.0,49342.0,907,3
1776909600,49341.0,49359.0,49335.0,49351.0,529,3
1776913200,49351.0,49351.0,48988.0,49316.0,7135,2
1776916800,49316.0,49316.0,49224.0,49234.0,3196,3
1776920400,49235.0,49249.0,49186.0,49194.0,3623,3
1776924000,49194.0,49221.0,49142.0,49176.0,3040,3
1776927600,49176.0,49219.0,49156.0,49213.0,1709,4
1776931200,49214.0,49227.0,49179.0,49225.0,1890,4
1776934800,49224.0,49263.0,49222.0,49248.0,1949,3
1776938400,49248.0,49305.0,49234.0,49279.0,2938,2
1776942000,49279.0,49314.0,49214.0,49228.0,3257,3
1776945600,49228.0,49272.0,49189.0,49230.0,3315,2
1776949200,49230.0,49230.0,49113.0,49215.0,3059,2
1776952800,49218.0,49308.0,49152.0,49303.0,4173,2
1776956400,49303.0,49401.0,49199.0,49271.0,4634,2
1776960000,49271.0,49401.0,49234.0,49349.0,8564,2
1776963600,49347.0,49563.0,49285.0,49533.0,9780,2
1776967200,49533.0,49550.0,49409.0,49457.0,7252,3
1776970800,49457.0,49467.0,49408.0,49444.0,5484,2
1776974400,49444.0,49456.0,48897.0,49201.0,16665,2
1776978000,49200.0,49387.0,49174.0,49278.0,10636,2
1776981600,49277.0,49378.0,49222.0,49342.0,8818,3
1776985200,49343.0,49344.0,49217.0,49245.0,2367,3
1776992400,49271.0,49309.0,49263.0,49293.0,1317,4
1776996000,49292.0,49324.0,49278.0,49322.0,743,5
1776999600,49322.0,49352.0,49291.0,49301.0,2424,3
1777003200,49302.0,49307.0,49252.0,49281.0,2663,3
1777006800,49281.0,49283.0,49183.0,49191.0,2297,3
1777010400,49191.0,49224.0,49178.0,49203.0,2202,2
1777014000,49203.0,49246.0,49194.0,49238.0,1503,4
1777017600,49238.0,49285.0,49215.0,49280.0,1545,3
1777021200,49280.0,49291.0,49244.0,49264.0,1906,3
1777024800,49263.0,49308.0,49247.0,49286.0,2554,3
1777028400,49286.0,49295.0,49150.0,49164.0,4023,2
1777032000,49165.0,49202.0,49111.0,49178.0,3222,3
1777035600,49179.0,49222.0,49176.0,49201.0,2297,3
1777039200,49201.0,49457.0,49201.0,49332.0,7011,2
1777042800,49334.0,49364.0,49190.0,49247.0,4672,2
1777046400,49247.0,49373.0,49115.0,49173.0,10678,2
1777050000,49173.0,49233.0,49102.0,49164.0,11669,2
1777053600,49164.0,49319.0,49124.0,49269.0,9005,2
1777057200,49270.0,49288.0,49151.0,49202.0,6091,2
1777060800,49202.0,49273.0,49156.0,49210.0,4786,2
1777064400,49210.0,49231.0,49184.0,49227.0,3985,2
1777068000,49227.0,49281.0,49185.0,49248.0,4973,2
1777071600,49247.0,49292.0,49233.0,49284.0,1223,2
1777251600,49204.0,49237.0,49102.0,49178.0,1794,3
1777255200,49178.0,49182.0,49119.0,49153.0,992,3
1777258800,49153.0,49180.0,49122.0,49168.0,2436,3
1777262400,49169.0,49257.0,49159.0,49250.0,3334,3
1777266000,49250.0,49255.0,49215.0,49219.0,1360,4
1777269600,49219.0,49245.0,49211.0,49219.0,1113,3
1777273200,49219.0,49228.0,49191.0,49197.0,849,3
1777276800,49197.0,49200.0,49144.0,49154.0,1597,3
1777280400,49154.0,49192.0,49141.0,49172.0,2021,3
1777284000,49172.0,49200.0,49161.0,49182.0,2336,3
1777287600,49182.0,49212.0,49152.0,49207.0,2242,2
1777291200,49207.0,49224.0,49182.0,49186.0,1263,3
1777294800,49186.0,49231.0,49173.0,49219.0,1163,3
1777298400,49219.0,49232.0,49197.0,49216.0,1396,3
1777302000,49215.0,49236.0,49177.0,49190.0,2559,3
1777305600,49190.0,49397.0,49138.0,49278.0,10129,2
1777309200,49278.0,49293.0,49175.0,49175.0,8949,2
1777312800,49175.0,49181.0,49064.0,49159.0,5966,3
1777316400,49159.0,49224.0,49144.0,49199.0,3351,3
1777320000,49199.0,49234.0,49159.0,49173.0,3443,3
1777323600,49173.0,49241.0,49162.0,49222.0,2877,3
1777327200,49222.0,49263.0,49210.0,49221.0,3617,3
1777330800,49222.0,49226.0,49198.0,49218.0,725,3
1777338000,49222.0,49306.0,49222.0,49280.0,1265,3
1777341600,49280.0,49291.0,49270.0,49274.0,601,3
1777345200,49275.0,49317.0,49256.0,49256.0,2437,3
1777348800,49257.0,49306.0,49250.0,49263.0,2096,4
1777352400,49263.0,49280.0,49253.0,49264.0,1250,3
1777356000,49264.0,49293.0,49257.0,49276.0,928,4
1777359600,49276.0,49289.0,49261.0,49278.0,680,4
1777363200,49278.0,49282.0,49217.0,49229.0,1628,3
1777366800,49229.0,49259.0,49212.0,49226.0,2003,2
1777370400,49225.0,49277.0,49198.0,49270.0,3262,3
1777374000,49269.0,49331.0,49200.0,49307.0,3551,3
1777377600,49307.0,49392.0,49286.0,49360.0,2772,3
1777381200,49360.0,49385.0,49324.0,49340.0,2142,2
1777384800,49340.0,49428.0,49286.0,49325.0,5303,2
1777388400,49325.0,49382.0,49240.0,49380.0,6078,2
1777392000,49380.0,49424.0,49242.0,49243.0,11303,2
1777395600,49242.0,49265.0,49119.0,49225.0,12694,2
1777399200,49225.0,49292.0,49220.0,49281.0,8416,2
1777402800,49282.0,49324.0,49202.0,49227.0,5589,2
1777406400,49228.0,49255.0,49183.0,49213.0,4554,2
1777410000,49213.0,49227.0,49123.0,49157.0,4231,2
1777413600,49158.0,49199.0,49111.0,49173.0,4843,2
1777417200,49174.0,49239.0,49153.0,49231.0,1529,2
1777424400,49238.0,49266.0,49232.0,49251.0,763,3
1777428000,49250.0,49264.0,49239.0,49263.0,284,4
1777431600,49263.0,49301.0,49263.0,49286.0,1078,3
1777435200,49286.0,49288.0,49224.0,49257.0,2402,3
1777438800,49257.0,49294.0,49257.0,49268.0,1081,3
1777442400,49268.0,49287.0,49254.0,49264.0,714,3
1777446000,49264.0,49274.0,49261.0,49264.0,554,4
1777449600,49264.0,49281.0,49252.0,49273.0,655,4
1777453200,49273.0,49287.0,49250.0,49252.0,1125,3
1777456800,49252.0,49270.0,49202.0,49229.0,2596,2
1777460400,49229.0,49266.0,49157.0,49189.0,4098,3
1777464000,49189.0,49214.0,49132.0,49146.0,3043,3
1777467600,49146.0,49232.0,49131.0,49202.0,2286,3
1777471200,49202.0,49219.0,49158.0,49178.0,2754,3
1777474800,49177.0,49186.0,49086.0,49167.0,3439,2
1777478400,49167.0,49205.0,48879.0,48947.0,10018,2
1777482000,48947.0,49055.0,48914.0,48921.0,9585,3
1777485600,48921.0,48936.0,48764.0,48814.0,8039,2
1777489200,48814.0,48887.0,48802.0,48865.0,6621,2
1777492800,48865.0,48883.0,48817.0,48865.0,5376,2
1777496400,48865.0,48866.0,48731.0,48863.0,9046,2
1777500000,48862.0,48916.0,48816.0,48903.0,7640,2
1777503600,48905.0,49010.0,48674.0,48679.0,6961,2
1777510800,48675.0,48835.0,48665.0,48733.0,2364,2
1777514400,48733.0,48750.0,48717.0,48740.0,1239,4
1777518000,48740.0,48771.0,48726.0,48760.0,2348,3
1777521600,48760.0,48796.0,48746.0,48794.0,1594,3
1777525200,48794.0,48794.0,48621.0,48714.0,3497,3
1777528800,48714.0,48733.0,48651.0,48653.0,2451,4
1777532400,48653.0,48658.0,48568.0,48569.0,2811,3
1777536000,48569.0,48657.0,48569.0,48581.0,2588,2
1777539600,48581.0,48635.0,48494.0,48614.0,2481,2
1777543200,48614.0,48667.0,48585.0,48640.0,2834,2
1777546800,48640.0,48730.0,48637.0,48706.0,2558,2
1777550400,48706.0,48831.0,48655.0,48785.0,5377,2
1777554000,48785.0,49276.0,48785.0,49199.0,6003,2
1777557600,49195.0,49276.0,49160.0,49173.0,4334,2
1777561200,49173.0,49297.0,49149.0,49202.0,3930,2
1777564800,49202.0,49307.0,49076.0,49292.0,10474,2
1777568400,49292.0,49533.0,49260.0,49484.0,10823,2
1777572000,49484.0,49640.0,49412.0,49633.0,7135,2
1777575600,49633.0,49654.0,49553.0,49575.0,4357,2
1777579200,49575.0,49655.0,49558.0,49629.0,4186,3
1777582800,49629.0,49777.0,49625.0,49729.0,3753,3
1777586400,49729.0,49803.0,49704.0,49705.0,5027,2
1777590000,49706.0,49821.0,49661.0,49793.0,2470,2
1777597200,49802.0,49837.0,49772.0,49787.0,1561,3
1777600800,49787.0,49818.0,49774.0,49797.0,884,4
1777604400,49801.0,49835.0,49778.0,49815.0,1616,3
1777608000,49815.0,49841.0,49797.0,49830.0,1006,4
1777611600,49830.0,49831.0,49799.0,49808.0,578,4
1777615200,49808.0,49820.0,49787.0,49789.0,698,3
1777618800,49789.0,49798.0,49775.0,49794.0,510,4
1777622400,49794.0,49808.0,49787.0,49799.0,520,3
1777626000,49799.0,49805.0,49761.0,49771.0,802,4
1777629600,49771.0,49801.0,49762.0,49764.0,1092,2
1777633200,49764.0,49787.0,49754.0,49784.0,940,3
1777636800,49784.0,49835.0,49762.0,49832.0,761,3
1777640400,49832.0,49878.0,49819.0,49866.0,841,3
1777644000,49866.0,49874.0,49838.0,49856.0,1086,2
1777647600,49856.0,49985.0,49845.0,49866.0,2904,2
1777651200,49866.0,49966.0,49762.0,49956.0,8614,2
1777654800,49956.0,50030.0,49801.0,49808.0,10370,2
1777658400,49808.0,49820.0,49680.0,49703.0,6987,2
1777662000,49703.0,49716.0,49600.0,49632.0,5862,2
1777665600,49632.0,49738.0,49629.0,49703.0,3909,3
1777669200,49703.0,49716.0,49576.0,49595.0,4645,2
1777672800,49595.0,49660.0,49529.0,49535.0,4520,2
1777676400,49534.0,49552.0,49461.0,49481.0,1239,2
1777856400,49658.0,49709.0,49616.0,49637.0,1522,3
1777860000,49636.0,49648.0,49584.0,49608.0,1250,2
1777863600,49608.0,49614.0,49540.0,49582.0,2664,2
1777867200,49583.0,49587.0,49521.0,49531.0,2527,3
1777870800,49531.0,49536.0,49486.0,49499.0,1860,3
1777874400,49498.0,49519.0,49481.0,49509.0,1149,4
1777878000,49510.0,49528.0,49496.0,49510.0,727,3
1777881600,49509.0,49559.0,49505.0,49542.0,1300,3
1777885200,49542.0,49557.0,49474.0,49490.0,2361,3
1777888800,49490.0,49550.0,49473.0,49493.0,2573,3
1777892400,49493.0,49494.0,49403.0,49447.0,3313,3
1777896000,49448.0,49476.0,49439.0,49461.0,1870,3
1777899600,49461.0,49474.0,49135.0,49351.0,9355,2
1777903200,49351.0,49393.0,49285.0,49353.0,4699,2
1777906800,49353.0,49439.0,49353.0,49392.0,3967,2
1777910400,49391.0,49418.0,49256.0,49350.0,10874,2
1777914000,49349.0,49471.0,49267.0,49337.0,10026,2
1777917600,49336.0,49356.0,49048.0,49103.0,11571,2
1777921200,49104.0,49115.0,48930.0,48983.0,9414,2
1777924800,48983.0,49140.0,48967.0,49065.0,6587,2
1777928400,49065.0,49120.0,48945.0,48969.0,5262,2
1777932000,48969.0,49019.0,48951.0,48995.0,5526,2
1777935600,48996.0,48996.0,48938.0,48986.0,1161,3
1777942800,48993.0,49037.0,48992.0,49008.0,1064,3
1777946400,49008.0,49018.0,48994.0,49007.0,647,3
1777950000,49008.0,49048.0,48976.0,49011.0,1969,3
1777953600,49011.0,49025.0,48981.0,49011.0,1819,3
1777957200,49011.0,49049.0,49010.0,49022.0,1076,2
1777960800,49022.0,49048.0,49020.0,49043.0,501,3
1777964400,49043.0,49067.0,49037.0,49052.0,592,2
1777968000,49052.0,49077.0,49038.0,49071.0,821,3
1777971600,49071.0,49097.0,49020.0,49094.0,2105,3
1777975200,49094.0,49183.0,49089.0,49103.0,3212,2
1777978800,49103.0,49151.0,49100.0,49119.0,2436,3
1777982400,49119.0,49150.0,49085.0,49130.0,1973,3
1777986000,49130.0,49175.0,49109.0,49128.0,1539,3
1777989600,49128.0,49161.0,49060.0,49159.0,2305,2
1777993200,49159.0,49223.0,49143.0,49174.0,3115,2
1777996800,49174.0,49256.0,49038.0,49203.0,8529,2
1778000400,49207.0,49299.0,49151.0,49299.0,10074,2
1778004000,49299.0,49348.0,49202.0,49213.0,6237,2
1778007600,49213.0,49262.0,49213.0,49223.0,4578,3
1778011200,49223.0,49312.0,49212.0,49281.0,3450,2
1778014800,49281.0,49336.0,49269.0,49316.0,3066,3
1778018400,49316.0,49393.0,49303.0,49332.0,3962,3
1778022000,49331.0,49374.0,49269.0,49310.0,1794,2
1778029200,49279.0,49439.0,49271.0,49431.0,2150,2
1778032800,49431.0,49475.0,49405.0,49414.0,2009,3
1778036400,49414.0,49447.0,49405.0,49428.0,2206,3
1778040000,49427.0,49492.0,49427.0,49476.0,1591,3
1778043600,49476.0,49478.0,49428.0,49431.0,1110,3
1778047200,49431.0,49466.0,49429.0,49446.0,895,4
1778050800,49446.0,49465.0,49428.0,49430.0,1196,3
1778054400,49431.0,49431.0,49394.0,49425.0,987,3
1778058000,49424.0,49451.0,49382.0,49414.0,1874,2
1778061600,49414.0,49466.0,49402.0,49463.0,2464,2
1778065200,49463.0,49702.0,49426.0,49639.0,4580,2
1778068800,49639.0,49751.0,49574.0,49747.0,5874,3
1778072400,49747.0,49928.0,49745.0,49903.0,5152,2
1778076000,49903.0,49984.0,49812.0,49840.0,5523,3
1778079600,49840.0,49854.0,49662.0,49755.0,5850,2
1778083200,49754.0,49915.0,49689.0,49874.0,11662,2
1778086800,49874.0,49998.0,49765.0,49992.0,13019,2
1778090400,49992.0,50014.0,49851.0,49883.0,7893,2
1778094000,49882.0,49885.0,49819.0,49837.0,5449,2
1778097600,49837.0,49889.0,49809.0,49889.0,4549,3
1778101200,49889.0,49979.0,49876.0,49942.0,4326,3
1778104800,49943.0,50054.0,49942.0,49946.0,6171,2
1778108400,49946.0,49971.0,49915.0,49941.0,1950,3
1778115600,49964.0,49981.0,49916.0,49921.0,1016,3
1778119200,49921.0,49936.0,49910.0,49921.0,779,3
1778122800,49921.0,49993.0,49919.0,49990.0,2153,3
1778126400,49990.0,50028.0,49972.0,50018.0,1340,3
1778130000,50018.0,50029.0,49992.0,50018.0,1398,3
1778133600,50018.0,50032.0,50001.0,50020.0,788,3
1778137200,50020.0,50043.0,50015.0,50037.0,583,4
1778140800,50037.0,50050.0,50019.0,50019.0,699,3
1778144400,50019.0,50121.0,50003.0,50073.0,1800,3
1778148000,50073.0,50144.0,50031.0,50069.0,4739,2
1778151600,50069.0,50098.0,49990.0,50000.0,3359,2
1778155200,50000.0,50005.0,49945.0,49961.0,2302,3
1778158800,49960.0,49994.0,49944.0,49973.0,1919,3
1778162400,49974.0,50071.0,49974.0,50015.0,2312,2
1778166000,50015.0,50102.0,50012.0,50069.0,2271,3
1778169600,50069.0,50163.0,49883.0,49917.0,9822,2
1778173200,49918.0,49955.0,49748.0,49919.0,10000,2
1778176800,49920.0,49939.0,49818.0,49845.0,8317,2
1778180400,49845.0,49851.0,49647.0,49659.0,8394,2
1778184000,49662.0,49731.0,49536.0,49628.0,9642,2
1778187600,49628.0,49701.0,49510.0,49610.0,8254,2
1778191200,49610.0,49658.0,49558.0,49630.0,7694,2
1778194800,49629.0,49755.0,49560.0,49564.0,3427,2
1778202000,49536.0,49612.0,49528.0,49562.0,1737,3
1778205600,49562.0,49640.0,49557.0,49639.0,856,3
1778209200,49639.0,49691.0,49626.0,49655.0,2534,3
1778212800,49655.0,49695.0,49651.0,49661.0,1993,3
1778216400,49662.0,49704.0,49623.0,49680.0,1999,3
1778220000,49680.0,49706.0,49665.0,49685.0,1513,4
1778223600,49686.0,49689.0,49644.0,49673.0,1219,3
1778227200,49673.0,49692.0,49666.0,49678.0,1372,4
1778230800,49678.0,49727.0,49659.0,49709.0,2104,3
1778234400,49710.0,49713.0,49654.0,49703.0,3522,3
1778238000,49703.0,49739.0,49669.0,49728.0,2809,2
1778241600,49728.0,49794.0,49713.0,49743.0,2080,3
1778245200,49744.0,49784.0,49729.0,49767.0,1888,3
1778248800,49767.0,49792.0,49752.0,49775.0,1781,3
1778252400,49775.0,49878.0,49746.0,49775.0,3553,3
1778256000,49775.0,49870.0,49658.0,49713.0,10447,2
1778259600,49715.0,49777.0,49651.0,49690.0,10344,2
1778263200,49690.0,49705.0,49592.0,49672.0,7097,3
1778266800,49672.0,49706.0,49582.0,49582.0,5317,3
1778270400,49582.0,49658.0,49579.0,49633.0,4732,3
1778274000,49632.0,49680.0,49508.0,49540.0,4359,3
1778277600,49540.0,49632.0,49522.0,49629.0,5131,2
1778281200,49628.0,49673.0,49607.0,49670.0,1279,3
1778461200,49523.0,49559.0,49410.0,49522.0,2049,3
1778464800,49522.0,49536.0,49488.0,49491.0,1037,3
1778468400,49491.0,49512.0,49414.0,49463.0,3079,3
1778472000,49463.0,49508.0,49462.0,49500.0,2809,3
1778475600,49500.0,49521.0,49489.0,49499.0,1281,4
1778479200,49499.0,49553.0,49479.0,49527.0,1183,3
1778482800,49527.0,49536.0,49510.0,49520.0,669,3
1778486400,49520.0,49548.0,49519.0,49537.0,947,4
1778490000,49537.0,49576.0,49533.0,49572.0,1410,3
1778493600,49573.0,49590.0,49540.0,49567.0,1885,3
1778497200,49566.0,49645.0,49560.0,49609.0,2162,3
1778500800,49607.0,49645.0,49596.0,49606.0,1538,3
1778504400,49606.0,49638.0,49599.0,49606.0,1425,3
1778508000,49606.0,49606.0,49533.0,49551.0,1898,3
1778511600,49551.0,49637.0,49537.0,49562.0,2897,2
1778515200,49565.0,49744.0,49500.0,49743.0,10170,2
1778518800,49743.0,49751.0,49585.0,49676.0,11860,2
1778522400,49677.0,49720.0,49620.0,49646.0,7931,3
1778526000,49646.0,49692.0,49600.0,49621.0,6217,2
1778529600,49621.0,49776.0,49610.0,49772.0,4990,3
1778533200,49772.0,49807.0,49649.0,49650.0,4852,2
1778536800,49650.0,49743.0,49629.0,49743.0,6145,2
1778540400,49744.0,49764.0,49700.0,49750.0,1561,2
1778547600,49733.0,49779.0,49730.0,49757.0,462,3
1778551200,49757.0,49761.0,49731.0,49743.0,353,4
1778554800,49743.0,49744.0,49686.0,49697.0,1632,3
1778558400,49697.0,49719.0,49651.0,49715.0,2879,3
1778562000,49714.0,49752.0,49697.0,49722.0,1849,3
1778565600,49722.0,49736.0,49703.0,49707.0,1090,2
1778569200,49707.0,49730.0,49703.0,49705.0,1092,3
1778572800,49705.0,49733.0,49689.0,49717.0,1616,3
1778576400,49717.0,49724.0,49624.0,49630.0,2048,3
1778580000,49630.0,49724.0,49582.0,49710.0,3003,2
1778583600,49710.0,49744.0,49673.0,49684.0,3129,3
1778587200,49684.0,49723.0,49648.0,49668.0,2789,3
1778590800,49668.0,49707.0,49663.0,49707.0,1810,3
1778594400,49706.0,49737.0,49660.0,49703.0,2895,2
1778598000,49703.0,49774.0,49659.0,49761.0,3935,2
1778601600,49761.0,49770.0,49337.0,49446.0,10446,2
1778605200,49445.0,49530.0,49382.0,49468.0,12442,2
1778608800,49468.0,49597.0,49430.0,49559.0,9995,2
1778612400,49559.0,49674.0,49520.0,49671.0,7863,2
1778616000,49671.0,49767.0,49656.0,49751.0,7303,2
1778619600,49751.0,49816.0,49712.0,49810.0,6420,3
1778623200,49809.0,49864.0,49795.0,49817.0,6594,2
1778626800,49816.0,49817.0,49777.0,49807.0,1633,3
1778634000,49793.0,49832.0,49786.0,49812.0,843,3
1778637600,49813.0,49813.0,49758.0,49760.0,915,3
1778641200,49761.0,49808.0,49760.0,49785.0,2971,3
1778644800,49785.0,49827.0,49770.0,49798.0,2196,3
1778648400,49798.0,49798.0,49774.0,49785.0,1026,3
1778652000,49785.0,49821.0,49763.0,49812.0,994,3
1778655600,49812.0,49819.0,49786.0,49813.0,684,3
1778659200,49813.0,49839.0,49808.0,49826.0,873,2
1778662800,49826.0,49829.0,49774.0,49792.0,1258,3
1778666400,49792.0,49830.0,49773.0,49804.0,1774,3
1778670000,49804.0,49822.0,49725.0,49745.0,1800,3
1778673600,49745.0,49752.0,49663.0,49710.0,1916,3
1778677200,49711.0,49734.0,49643.0,49671.0,2158,3
1778680800,49671.0,49702.0,49660.0,49677.0,2034,3
1778684400,49677.0,49692.0,49537.0,49564.0,4192,3
1778688000,49564.0,49683.0,49480.0,49579.0,10520,2
1778691600,49582.0,49714.0,49516.0,49531.0,11462,3
1778695200,49532.0,49608.0,49487.0,49581.0,7751,3
1778698800,49581.0,49681.0,49548.0,49635.0,6127,2
1778702400,49635.0,49707.0,49624.0,49699.0,5107,3
1778706000,49699.0,49762.0,49684.0,49739.0,5477,2
1778709600,49739.0,49787.0,49717.0,49740.0,5413,2
1778713200,49739.0,49857.0,49722.0,49840.0,1708,3
1778720400,49847.0,49874.0,49835.0,49854.0,758,3
1778724000,49854.0,49862.0,49838.0,49850.0,555,3
1778727600,49850.0,49879.0,49829.0,49862.0,1706,3
1778731200,49862.0,49864.0,49822.0,49828.0,1391,3
1778734800,49828.0,49864.0,49826.0,49854.0,1009,3
1778738400,49854.0,49872.0,49846.0,49853.0,908,4
1778742000,49853.0,49875.0,49846.0,49857.0,779,3
1778745600,49857.0,49909.0,49845.0,49876.0,1762,3
1778749200,49875.0,49931.0,49875.0,49911.0,1877,3
1778752800,49910.0,49933.0,49855.0,49859.0,2113,3
1778756400,49858.0,49983.0,49848.0,49965.0,2350,3
1778760000,49965.0,50002.0,49915.0,49994.0,1951,2
1778763600,49993.0,50102.0,49982.0,50087.0,2693,2
1778767200,50086.0,50143.0,50076.0,50110.0,2270,3
1778770800,50110.0,50193.0,50110.0,50191.0,2766,2
1778774400,50191.0,50215.0,49933.0,50010.0,10157,2
1778778000,50004.0,50122.0,49905.0,50096.0,11539,2
1778781600,50097.0,50221.0,50084.0,50220.0,6371,2
1778785200,50218.0,50243.0,50015.0,50050.0,7578,3
1778788800,50050.0,50126.0,50012.0,50062.0,7313,3
1778792400,50063.0,50148.0,50022.0,50115.0,6297,2
1778796000,50115.0,50143.0,50083.0,50110.0,5378,2
1778799600,50108.0,50128.0,50064.0,50107.0,1394,3
1778806800,50086.0,50098.0,50068.0,50083.0,783,2
1778810400,50083.0,50099.0,50050.0,50056.0,758,2
1778814000,50055.0,50060.0,49996.0,50005.0,2583,2
1778817600,50004.0,50009.0,49897.0,49905.0,3727,3
1778821200,49905.0,50009.0,49901.0,49983.0,2982,3
1778824800,49983.0,50010.0,49959.0,49985.0,1812,3
1778828400,49986.0,49990.0,49961.0,49975.0,1663,3
1778832000,49975.0,49978.0,49873.0,49879.0,3120,3
1778835600,49879.0,49951.0,49869.0,49923.0,3941,3
1778839200,49921.0,49942.0,49869.0,49873.0,3336,3
1778842800,49873.0,49877.0,49690.0,49794.0,5778,2
1778846400,49793.0,49814.0,49719.0,49771.0,5015,3
1778850000,49771.0,49933.0,49744.0,49877.0,5833,2
1778853600,49877.0,49900.0,49748.0,49749.0,4107,3
1778857200,49749.0,49749.0,49610.0,49654.0,5445,3
1778860800,49654.0,49795.0,49565.0,49662.0,11753,2
1778864400,49662.0,49792.0,49620.0,49671.0,11582,3
1778868000,49670.0,49692.0,49534.0,49601.0,10282,2
1778871600,49601.0,49694.0,49545.0,49662.0,7834,3
1778875200,49661.0,49740.0,49641.0,49673.0,6630,3
1778878800,49673.0,49695.0,49572.0,49635.0,7513,3
1778882400,49635.0,49648.0,49553.0,49565.0,7501,2
1778886000,49565.0,49565.0,49382.0,49429.0,3663,3
1779066000,49400.0,49516.0,49393.0,49498.0,1650,3
1779069600,49498.0,49501.0,49336.0,49411.0,2774,3
1779073200,49410.0,49410.0,49263.0,49309.0,6538,3
1779076800,49317.0,49323.0,49164.0,49215.0,5186,3
1779080400,49215.0,49231.0,49129.0,49151.0,2906,4
1779084000,49151.0,49178.0,49123.0,49153.0,2608,3
1779087600,49153.0,49169.0,49114.0,49164.0,2237,4
1779091200,49164.0,49243.0,49152.0,49209.0,3011,3
1779094800,49209.0,49244.0,49159.0,49241.0,3432,3
1779098400,49246.0,49306.0,49179.0,49252.0,4232,3
1779102000,49252.0,49312.0,49242.0,49312.0,3049,3
1779105600,49312.0,49317.0,49241.0,49283.0,2351,3
1779109200,49282.0,49289.0,49197.0,49226.0,2742,3
1779112800,49227.0,49486.0,49157.0,49391.0,4836,2
1779116400,49392.0,49663.0,49382.0,49616.0,5229,2
1779120000,49616.0,49807.0,49488.0,49715.0,8096,2
1779123600,49712.0,49754.0,49592.0,49670.0,9607,3
1779127200,49669.0,49699.0,49451.0,49550.0,8046,2
1779130800,49550.0,49649.0,49501.0,49567.0,6951,2
1779134400,49567.0,49669.0,49539.0,49607.0,5675,3
1779138000,49607.0,49613.0,49390.0,49414.0,6631,3
1779141600,49413.0,49743.0,49406.0,49733.0,7957,2
1779145200,49733.0,49741.0,49678.0,49705.0,1774,3
1779152400,49690.0,49774.0,49690.0,49749.0,1336,3
1779156000,49749.0,49771.0,49704.0,49713.0,1029,4
1779159600,49713.0,49773.0,49693.0,49704.0,3663,3
1779163200,49704.0,49726.0,49649.0,49695.0,3172,3
1779166800,49695.0,49714.0,49648.0,49683.0,2624,3
1779170400,49682.0,49738.0,49660.0,49681.0,2015,4
1779174000,49681.0,49682.0,49593.0,49634.0,2364,3
1779177600,49634.0,49643.0,49562.0,49612.0,3084,3
1779181200,49612.0,49714.0,49583.0,49669.0,3037,3
1779184800,49669.0,49794.0,49656.0,49787.0,3224,3
1779188400,49787.0,49794.0,49648.0,49716.0,2995,3
1779192000,49716.0,49716.0,49555.0,49650.0,3306,3
1779195600,49649.0,49698.0,49573.0,49664.0,3215,2
1779199200,49664.0,49690.0,49568.0,49570.0,3033,3
1779202800,49569.0,49666.0,49548.0,49652.0,3049,3
1779206400,49652.0,49664.0,49283.0,49575.0,8874,2
1779210000,49575.0,49624.0,49451.0,49526.0,9795,2
1779213600,49526.0,49588.0,49440.0,49489.0,7216,3
1779217200,49495.0,49616.0,49418.0,49600.0,6108,3
1779220800,49600.0,49637.0,49571.0,49620.0,5180,3
1779224400,49620.0,49654.0,49456.0,49467.0,5455,2
1779228000,49465.0,49563.0,49363.0,49412.0,5579,3
1779231600,49413.0,49413.0,49357.0,49389.0,1234,3
1779238800,49380.0,49423.0,49374.0,49418.0,1302,3
1779242400,49417.0,49507.0,49414.0,49450.0,1259,3
1779246000,49450.0,49450.0,49309.0,49374.0,5415,3
1779249600,49374.0,49434.0,49277.0,49404.0,5401,3
1779253200,49404.0,49429.0,49291.0,49310.0,4195,3
1779256800,49310.0,49331.0,49258.0,49318.0,2982,3
1779260400,49318.0,49370.0,49311.0,49322.0,2151,3
1779264000,49322.0,49404.0,49320.0,49378.0,3108,3
1779267600,49377.0,49455.0,49372.0,49436.0,3027,3
1779271200,49436.0,49458.0,49391.0,49391.0,2634,3
1779274800,49391.0,49498.0,49369.0,49466.0,3145,3
1779278400,49466.0,49490.0,49430.0,49478.0,1964,3
1779282000,49479.0,49573.0,49474.0,49491.0,2139,3
1779285600,49491.0,49568.0,49486.0,49513.0,2328,3
1779289200,49510.0,49667.0,49508.0,49588.0,2965,3
1779292800,49588.0,49628.0,49267.0,49469.0,7237,2
1779296400,49469.0,49792.0,49301.0,49774.0,10003,2
1779300000,49774.0,49977.0,49719.0,49899.0,8183,2
1779303600,49898.0,49969.0,49839.0,49924.0,6735,2
1779307200,49926.0,50033.0,49881.0,49954.0,5448,3
1779310800,49949.0,50038.0,49918.0,50011.0,4860,2
1779314400,50011.0,50121.0,49997.0,50058.0,5147,2
1779318000,50059.0,50074.0,50001.0,50002.0,3487,2
1779325200,49998.0,50010.0,49907.0,49932.0,1985,3
1779328800,49932.0,49960.0,49916.0,49946.0,1141,3
1779332400,49946.0,49947.0,49886.0,49927.0,3079,3
1779336000,49927.0,49980.0,49925.0,49963.0,2274,3
1779339600,49963.0,49996.0,49956.0,49973.0,1394,4
1779343200,49973.0,50011.0,49972.0,49985.0,1178,4
1779346800,49985.0,50030.0,49982.0,50025.0,784,4
1779350400,50026.0,50044.0,49924.0,49978.0,1804,3
1779354000,49976.0,50021.0,49915.0,49957.0,2495,3
1779357600,49959.0,49984.0,49924.0,49973.0,2808,3
1779361200,49973.0,50168.0,49971.0,50086.0,3918,3
1779364800,50084.0,50182.0,50079.0,50130.0,2566,3
1779368400,50130.0,50248.0,49863.0,49905.0,5383,2
1779372000,49902.0,50009.0,49870.0,49968.0,3588,2
1779375600,49968.0,49990.0,49872.0,49886.0,3947,3
1779379200,49886.0,50054.0,49742.0,50038.0,8004,2
1779382800,50037.0,50123.0,49931.0,49995.0,9282,2
1779386400,49996.0,50025.0,49884.0,49973.0,7333,2
1779390000,49973.0,50024.0,49903.0,49964.0,5612,3
1779393600,49964.0,50409.0,49948.0,50348.0,8058,2
1779397200,50341.0,50434.0,50192.0,50236.0,7414,2
1779400800,50237.0,50381.0,50229.0,50335.0,6133,2
1779404400,50337.0,50400.0,50332.0,50368.0,1288,3
1779411600,50357.0,50413.0,50357.0,50408.0,731,3
1779415200,50408.0,50432.0,50397.0,50414.0,586,3
1779418800,50414.0,50478.0,50394.0,50467.0,2011,3
1779422400,50467.0,50473.0,50426.0,50460.0,1875,3
1779426000,50459.0,50489.0,50454.0,50476.0,1192,4
1779429600,50476.0,50504.0,50458.0,50503.0,856,3
1779433200,50502.0,50531.0,50502.0,50520.0,899,4
1779436800,50519.0,50526.0,50439.0,50449.0,982,3
1779440400,50449.0,50518.0,50431.0,50482.0,1876,3
1779444000,50481.0,50495.0,50426.0,50483.0,2162,2
1779447600,50483.0,50552.0,50424.0,50473.0,2744,3
1779451200,50474.0,50505.0,50413.0,50498.0,2031,3
1779454800,50498.0,50512.0,50404.0,50462.0,1895,3
1779458400,50462.0,50550.0,50455.0,50518.0,2015,3
1779462000,50518.0,50767.0,50509.0,50762.0,4081,2
1779465600,50761.0,50825.0,50573.0,50731.0,7704,2
1779469200,50721.0,50721.0,50566.0,50636.0,8106,2
1779472800,50636.0,50762.0,50606.0,50732.0,5607,3
1779476400,50732.0,50793.0,50682.0,50736.0,4702,3
1779480000,50737.0,50876.0,50683.0,50781.0,5189,2
1779483600,50782.0,50792.0,50717.0,50718.0,3976,2
1779487200,50716.0,50725.0,50608.0,50612.0,4991,3
1779490800,50613.0,50659.0,50574.0,50583.0,1412,3
1779670800,50869.0,50907.0,50842.0,50874.0,1698,2
1779674400,50874.0,50938.0,50873.0,50889.0,1073,3
1779678000,50889.0,50951.0,50884.0,50910.0,1988,3
1779681600,50909.0,50962.0,50900.0,50953.0,1467,4
1779685200,50955.0,51002.0,50953.0,50997.0,811,3
1779688800,50997.0,51039.0,50997.0,51011.0,1185,3
1779692400,51011.0,51033.0,51010.0,51018.0,606,4
1779696000,51018.0,51067.0,51016.0,51042.0,785,4
1779699600,51042.0,51042.0,51012.0,51014.0,1249,3
1779703200,51014.0,51088.0,50966.0,51049.0,2028,3
1779706800,51049.0,51076.0,51018.0,51067.0,1270,3
1779710400,51066.0,51097.0,51056.0,51077.0,754,3
1779714000,51077.0,51105.0,51064.0,51074.0,889,3
1779717600,51074.0,51120.0,51044.0,51103.0,954,3
1779721200,51101.0,51162.0,51087.0,51103.0,1280,2
1779724800,51103.0,51161.0,51066.0,51103.0,1669,3
1779728400,51103.0,51125.0,51079.0,51082.0,1630,3
1779732000,51082.0,51187.0,51039.0,51111.0,2476,3
1779735600,51110.0,51118.0,51052.0,51116.0,1189,3
1779757200,51089.0,51108.0,50981.0,51000.0,1107,3
1779760800,51000.0,51013.0,50963.0,50995.0,1118,3
1779764400,50996.0,51003.0,50922.0,50944.0,2588,3
1779768000,50944.0,50967.0,50915.0,50965.0,2232,3
1779771600,50965.0,50972.0,50920.0,50928.0,1206,4
1779775200,50928.0,50959.0,50918.0,50950.0,784,4
1779778800,50950.0,50963.0,50935.0,50949.0,711,3
1779782400,50949.0,50975.0,50937.0,50949.0,1070,3
1779786000,50950.0,51002.0,50939.0,50961.0,1305,4
1779789600,50961.0,50985.0,50892.0,50925.0,2469,3
1779793200,50925.0,50934.0,50865.0,50881.0,1635,3
1779796800,50881.0,50907.0,50843.0,50871.0,1609,3
1779800400,50871.0,50930.0,50841.0,50917.0,1675,3
1779804000,50917.0,50950.0,50866.0,50921.0,1701,2
1779807600,50920.0,50925.0,50862.0,50868.0,1450,3
1779811200,50868.0,50873.0,50661.0,50671.0,6633,2
1779814800,50671.0,50750.0,50523.0,50588.0,7852,2
1779818400,50588.0,50590.0,50485.0,50524.0,6278,2
1779822000,50525.0,50552.0,50439.0,50439.0,4342,2
1779825600,50439.0,50497.0,50412.0,50433.0,3828,3
1779829200,50434.0,50477.0,50406.0,50427.0,3577,3
1779832800,50428.0,50557.0,50401.0,50537.0,3823,2
1779836400,50535.0,50556.0,50490.0,50493.0,814,3
1779843600,50503.0,50529.0,50481.0,50523.0,880,3
1779847200,50523.0,50581.0,50514.0,50574.0,759,4
1779850800,50572.0,50596.0,50554.0,50583.0,1842,3
1779854400,50583.0,50584.0,50548.0,50552.0,1252,3
1779858000,50553.0,50578.0,50552.0,50572.0,681,3
1779861600,50572.0,50584.0,50559.0,50569.0,480,4
1779865200,50569.0,50586.0,50549.0,50580.0,750,3
1779868800,50579.0,50628.0,50577.0,50622.0,1027,3
1779872400,50622.0,50639.0,50598.0,50620.0,1158,3
1779876000,50620.0,50662.0,50620.0,50645.0,1185,3
1779879600,50645.0,50736.0,50638.0,50719.0,1522,3
1779883200,50720.0,50778.0,50718.0,50767.0,1101,3
1779886800,50768.0,50777.0,50743.0,50747.0,925,3
1779890400,50751.0,50753.0,50549.0,50562.0,1796,3
1779894000,50562.0,50680.0,50489.0,50595.0,4276,2
1779897600,50595.0,50727.0,50524.0,50655.0,7488,2
1779901200,50659.0,50876.0,50625.0,50795.0,8418,2
1779904800,50797.0,50820.0,50636.0,50675.0,6511,2
1779908400,50674.0,50740.0,50640.0,50697.0,4398,3
1779912000,50697.0,50728.0,50641.0,50713.0,4162,3
1779915600,50710.0,50770.0,50650.0,50751.0,3767,3
1779919200,50751.0,50767.0,50664.0,50698.0,3682,3
1779922800,50698.0,50779.0,50637.0,50769.0,1617,2
1779930000,50784.0,50804.0,50737.0,50755.0,894,3
1779933600,50755.0,50782.0,50699.0,50707.0,1105,3
1779937200,50708.0,50777.0,50702.0,50765.0,2674,3
1779940800,50765.0,50775.0,50734.0,50768.0,2045,3
1779944400,50769.0,50775.0,50672.0,50691.0,1603,3
1779948000,50691.0,50704.0,50603.0,50607.0,3204,3
1779951600,50607.0,50632.0,50584.0,50611.0,2296,2
1779955200,50612.0,50702.0,50598.0,50683.0,1399,2
1779958800,50684.0,50709.0,50665.0,50705.0,507,2
1779962400,50705.0,50723.0,50642.0,50692.0,1977,2
1779966000,50692.0,50710.0,50635.0,50666.0,1925,2
1779969600,50665.0,50688.0,50652.0,50676.0,1406,2
1779973200,50676.0,50680.0,50568.0,50597.0,1872,2
1779976800,50597.0,50634.0,50592.0,50622.0,2008,2
1779980400,50623.0,50660.0,50563.0,50638.0,2603,3
1779984000,50638.0,50665.0,50374.0,50563.0,7076,2
1779987600,50563.0,50837.0,50489.0,50667.0,8814,2
1779991200,50667.0,50779.0,50648.0,50753.0,5376,3
1779994800,50753.0,50774.0,50707.0,50761.0,3877,3
1779998400,50761.0,50776.0,50675.0,50685.0,3083,3
1780002000,50685.0,50696.0,50624.0,50647.0,3100,3
1780005600,50648.0,50751.0,50645.0,50734.0,3098,3
1780009200,50731.0,50790.0,50727.0,50745.0,1216,3
1780016400,50746.0,50769.0,50733.0,50733.0,784,3
1780020000,50733.0,50756.0,50721.0,50726.0,597,3
1780023600,50727.0,50753.0,50706.0,50720.0,1332,3
1780027200,50720.0,50736.0,50694.0,50722.0,1368,3
1780030800,50722.0,50749.0,50717.0,50731.0,862,4
1780034400,50731.0,50774.0,50730.0,50760.0,886,4
1780038000,50760.0,50788.0,50760.0,50777.0,680,3
1780041600,50777.0,50781.0,50745.0,50769.0,620,4
1780045200,50769.0,50786.0,50742.0,50781.0,1121,3
1780048800,50781.0,50804.0,50737.0,50780.0,1545,3
1780052400,50780.0,50812.0,50758.0,50780.0,1631,3
1780056000,50780.0,50861.0,50778.0,50834.0,1555,3
1780059600,50835.0,50840.0,50792.0,50837.0,1214,3
1780063200,50837.0,50895.0,50824.0,50894.0,1504,3
1780066800,50894.0,50896.0,50831.0,50866.0,1743,2
1780070400,50866.0,50951.0,50723.0,50880.0,6369,2
1780074000,50883.0,51071.0,50842.0,51026.0,8321,2
1780077600,51027.0,51133.0,51026.0,51101.0,6258,2
1780081200,51102.0,51128.0,51022.0,51037.0,4218,3
1780084800,51038.0,51083.0,50962.0,50965.0,3930,3
1780088400,50964.0,51074.0,50961.0,50994.0,4156,2
1780092000,50995.0,51133.0,50984.0,51072.0,4456,3
1780095600,51072.0,51092.0,51028.0,51045.0,1373,3
1780275600,51025.0,51077.0,50976.0,51076.0,1256,4
1780279200,51076.0,51102.0,51064.0,51088.0,599,2
1780282800,51088.0,51145.0,51082.0,51101.0,1837,3
1780286400,51102.0,51129.0,51071.0,51127.0,1074,4
1780290000,51126.0,51145.0,51122.0,51137.0,659,4
1780293600,51137.0,51146.0,51090.0,51096.0,849,3
1780297200,51096.0,51118.0,51091.0,51115.0,540,4
1780300800,51115.0,51118.0,51096.0,51117.0,669,4
1780304400,51117.0,51118.0,51070.0,51086.0,959,3
1780308000,51087.0,51121.0,51067.0,51101.0,1446,3
1780311600,51101.0,51207.0,51101.0,51197.0,1487,2
1780315200,51197.0,51262.0,51174.0,51225.0,1167,3
1780318800,51225.0,51298.0,51221.0,51288.0,1025,3
1780322400,51288.0,51366.0,51279.0,51284.0,1865,2
1780326000,51284.0,51291.0,51166.0,51207.0,2331,3
1780329600,51207.0,51221.0,50841.0,51004.0,8657,2
1780333200,51004.0,51066.0,50807.0,50867.0,7785,3
1780336800,50867.0,51004.0,50827.0,50951.0,5639,2
1780340400,50950.0,50980.0,50849.0,50943.0,4589,2
1780344000,50942.0,51102.0,50881.0,51036.0,4586,3
1780347600,51037.0,51122.0,51037.0,51095.0,3263,3
1780351200,51096.0,51158.0,51067.0,51117.0,3759,2
1780354800,51116.0,51129.0,51086.0,51087.0,1325,3
1780362000,51040.0,51053.0,50975.0,50988.0,1391,3
1780365600,50988.0,51000.0,50941.0,50961.0,872,3
1780369200,50960.0,50972.0,50854.0,50862.0,2242,3
1780372800,50860.0,50897.0,50846.0,50861.0,1887,2
1780376400,50861.0,50885.0,50861.0,50876.0,857,3
1780380000,50876.0,50906.0,50867.0,50905.0,980,3
1780383600,50905.0,50922.0,50889.0,50921.0,674,3
1780387200,50921.0,50953.0,50909.0,50925.0,897,3
1780390800,50924.0,50980.0,50919.0,50971.0,1063,4
1780394400,50971.0,51058.0,50971.0,51054.0,1337,3
1780398000,51055.0,51060.0,50965.0,50992.0,1794,3
1780401600,50990.0,50990.0,50883.0,50902.0,1336,3
1780405200,50901.0,50932.0,50878.0,50918.0,1081,3
1780408800,50918.0,50928.0,50867.0,50883.0,1221,3
1780412400,50882.0,50933.0,50844.0,50857.0,1811,2
1780416000,50859.0,51286.0,50819.0,50960.0,7161,2
1780419600,50960.0,51195.0,50918.0,51191.0,8061,2
1780423200,51191.0,51323.0,51176.0,51240.0,5422,3
1780426800,51238.0,51280.0,51188.0,51269.0,4253,2
1780430400,51268.0,51285.0,51231.0,51265.0,3463,2
1780434000,51264.0,51387.0,51259.0,51376.0,2951,3
1780437600,51376.0,51418.0,51337.0,51373.0,3103,3
1780441200,51375.0,51416.0,51375.0,51402.0,957,3
1780448400,51386.0,51398.0,51352.0,51366.0,779,3
1780452000,51366.0,51389.0,51255.0,51380.0,2282,3
1780455600,51382.0,51395.0,51352.0,51360.0,1647,3
1780459200,51360.0,51371.0,51340.0,51355.0,1256,3
1780462800,51355.0,51370.0,51349.0,51358.0,542,4
1780466400,51357.0,51373.0,51352.0,51360.0,507,4
1780470000,51360.0,51366.0,51343.0,51349.0,385,4
1780473600,51348.0,51360.0,51317.0,51319.0,779,3
1780477200,51319.0,51329.0,51284.0,51303.0,1347,3
1780480800,51303.0,51306.0,51249.0,51263.0,1616,3
1780484400,51264.0,51265.0,51228.0,51242.0,1836,3
1780488000,51242.0,51245.0,51172.0,51176.0,1477,3
1780491600,51176.0,51254.0,51157.0,51212.0,2015,3
1780495200,51213.0,51268.0,51209.0,51234.0,1601,3
1780498800,51234.0,51243.0,51121.0,51163.0,2127,2
1780502400,51163.0,51246.0,51011.0,51059.0,6981,2
1780506000,51060.0,51107.0,50910.0,50981.0,7945,2
1780509600,50980.0,50991.0,50862.0,50924.0,6260,2
1780513200,50924.0,50951.0,50884.0,50917.0,4874,3
1780516800,50918.0,50956.0,50874.0,50933.0,3989,3
1780520400,50932.0,50957.0,50891.0,50901.0,3438,3
1780524000,50900.0,50905.0,50770.0,50781.0,4525,2
1780527600,50788.0,50804.0,50720.0,50739.0,3103,2
1780534800,50806.0,50829.0,50763.0,50820.0,1505,2
1780538400,50820.0,50824.0,50762.0,50793.0,1369,2
1780542000,50793.0,50827.0,50768.0,50799.0,2981,2
1780545600,50798.0,50823.0,50760.0,50781.0,2506,2
1780549200,50781.0,50785.0,50732.0,50767.0,1998,2
1780552800,50766.0,50784.0,50744.0,50778.0,1233,2
1780556400,50779.0,50799.0,50766.0,50791.0,992,2
1780560000,50791.0,50794.0,50754.0,50783.0,1695,2
1780563600,50782.0,50844.0,50775.0,50837.0,1869,2
1780567200,50837.0,50915.0,50828.0,50892.0,1889,2
1780570800,50891.0,50985.0,50870.0,50886.0,2903,2
1780574400,50884.0,51029.0,50875.0,51009.0,2438,3
1780578000,51009.0,51047.0,50954.0,50978.0,1983,3
1780581600,50980.0,51199.0,50974.0,51188.0,3477,3
1780585200,51188.0,51302.0,51162.0,51261.0,3202,3
1780588800,51262.0,51525.0,51211.0,51514.0,7394,2
1780592400,51514.0,51555.0,51411.0,51503.0,8123,3
1780596000,51503.0,51657.0,51503.0,51605.0,5704,2
1780599600,51605.0,51708.0,51599.0,51659.0,3945,3
1780603200,51660.0,51665.0,51555.0,51585.0,3944,3
1780606800,51585.0,51665.0,51540.0,51658.0,3408,2
1780610400,51658.0,51732.0,51638.0,51642.0,4000,3
1780614000,51643.0,51668.0,51628.0,51644.0,1508,3
1780621200,51642.0,51670.0,51624.0,51667.0,839,3
1780624800,51667.0,51669.0,51622.0,51625.0,799,3
1780628400,51622.0,51625.0,51582.0,51612.0,2357,3
1780632000,51613.0,51635.0,51572.0,51607.0,1977,3
1780635600,51608.0,51637.0,51574.0,51587.0,1173,3
1780639200,51587.0,51609.0,51575.0,51595.0,1334,3
1780642800,51595.0,51627.0,51584.0,51620.0,1133,3
1780646400,51619.0,51645.0,51602.0,51625.0,1408,3
1780650000,51625.0,51675.0,51621.0,51651.0,1976,3
1780653600,51652.0,51695.0,51622.0,51650.0,2519,3
1780657200,51650.0,51703.0,51629.0,51688.0,2612,3
1780660800,51687.0,51804.0,51678.0,51718.0,2704,2
1780664400,51718.0,51751.0,51705.0,51722.0,1165,3
1780668000,51721.0,51760.0,51687.0,51703.0,1593,2
1780671600,51703.0,51758.0,51623.0,51685.0,3863,2
1780675200,51687.0,51747.0,51438.0,51461.0,8044,2
1780678800,51462.0,51573.0,51414.0,51493.0,9108,2
1780682400,51493.0,51520.0,51296.0,51296.0,7103,3
1780686000,51294.0,51328.0,51134.0,51246.0,7183,2
1780689600,51249.0,51261.0,51159.0,51229.0,6757,2
1780693200,51230.0,51239.0,50973.0,50983.0,7346,2
1780696800,50986.0,51032.0,50826.0,50919.0,9197,2
1780700400,50922.0,50924.0,50726.0,50801.0,5116,2
1780880400,50777.0,50910.0,50628.0,50713.0,3511,3
1780884000,50713.0,50888.0,50713.0,50863.0,2909,3
1780887600,50859.0,50921.0,50815.0,50882.0,3448,2
1780891200,50882.0,50896.0,50679.0,50802.0,2922,2
1780894800,50803.0,50858.0,50755.0,50836.0,1941,3
1780898400,50836.0,50870.0,50812.0,50862.0,1184,3
1780902000,50862.0,50874.0,50765.0,50772.0,2363,3
1780905600,50772.0,50812.0,50678.0,50710.0,4007,3
1780909200,50710.0,50798.0,50705.0,50746.0,3938,3
1780912800,50748.0,50878.0,50741.0,50829.0,4038,2
1780916400,50829.0,50844.0,50741.0,50779.0,3911,2
1780920000,50779.0,50915.0,50749.0,50891.0,2843,3
1780923600,50893.0,50969.0,50799.0,50910.0,3140,2
1780927200,50907.0,51116.0,50884.0,51054.0,4547,3
1780930800,51054.0,51126.0,51044.0,51045.0,3740,2
1780934400,51045.0,51334.0,50966.0,51036.0,8503,2
1780938000,51035.0,51167.0,50999.0,51167.0,9792,2
1780941600,51167.0,51192.0,50940.0,51012.0,7938,3
1780945200,51013.0,51075.0,50938.0,50948.0,7162,2
1780948800,50948.0,50954.0,50829.0,50884.0,7392,2
1780952400,50885.0,50997.0,50883.0,50918.0,6007,3
1780956000,50918.0,50946.0,50797.0,50861.0,7064,3
1780959600,50857.0,50875.0,50815.0,50827.0,1662,2
1780966800,50838.0,50852.0,50721.0,50831.0,2052,3
1780970400,50830.0,50851.0,50764.0,50810.0,1667,3
1780974000,50808.0,50817.0,50694.0,50724.0,5343,3
1780977600,50725.0,50895.0,50708.0,50850.0,5438,3
1780981200,50850.0,50886.0,50837.0,50869.0,3417,4
1780984800,50867.0,50919.0,50862.0,50905.0,2745,3
1780988400,50905.0,50942.0,50887.0,50921.0,1867,4
1780992000,50921.0,50960.0,50912.0,50919.0,2569,3
1780995600,50920.0,50930.0,50862.0,50878.0,2696,4
1780999200,50879.0,50971.0,50842.0,50885.0,4311,3
1781002800,50885.0,50988.0,50853.0,50944.0,3892,3
1781006400,50945.0,51009.0,50943.0,50972.0,2164,3
1781010000,50972.0,51048.0,50863.0,51009.0,2608,2
1781013600,51009.0,51030.0,50922.0,50930.0,2179,3
1781017200,50930.0,51081.0,50928.0,51080.0,2760,3
1781020800,51080.0,51324.0,51041.0,51247.0,7893,2
1781024400,51248.0,51287.0,50737.0,50993.0,12000,2
1781028000,50997.0,51019.0,50498.0,50518.0,11680,2
1781031600,50519.0,50657.0,50275.0,50430.0,11961,2
1781035200,50432.0,50835.0,50412.0,50760.0,10259,2
1781038800,50761.0,50964.0,50746.0,50945.0,8742,2
1781042400,50945.0,50976.0,50738.0,50910.0,9835,2
1781046000,50909.0,50937.0,50860.0,50884.0,3431,2
1781053200,50875.0,50882.0,50744.0,50772.0,2073,3
1781056800,50772.0,50816.0,50740.0,50811.0,1913,3
1781060400,50810.0,50876.0,50755.0,50848.0,4584,3
1781064000,50851.0,50915.0,50839.0,50877.0,4187,3
1781067600,50876.0,50894.0,50835.0,50842.0,3028,3
1781071200,50843.0,50889.0,50815.0,50827.0,2561,4
1781074800,50827.0,50835.0,50762.0,50766.0,2295,3
1781078400,50766.0,50853.0,50759.0,50842.0,3171,3
1781082000,50842.0,50872.0,50792.0,50799.0,2197,3
1781085600,50799.0,50824.0,50741.0,50766.0,3384,3
1781089200,50766.0,50772.0,50568.0,50600.0,4727,2
1781092800,50600.0,50611.0,50486.0,50591.0,4592,3
1781096400,50591.0,50613.0,50484.0,50575.0,3940,3
1781100000,50575.0,50601.0,50323.0,50491.0,6984,2
1781103600,50491.0,50743.0,50469.0,50673.0,7091,2
1781107200,50673.0,50835.0,50546.0,50741.0,8866,2
1781110800,50740.0,50806.0,50416.0,50444.0,10718,2
1781114400,50445.0,50554.0,50204.0,50380.0,11152,2
1781118000,50380.0,50418.0,50260.0,50320.0,9487,2
1781121600,50322.0,50369.0,50141.0,50298.0,9401,3
1781125200,50298.0,50391.0,50128.0,50167.0,8514,3
1781128800,50168.0,50173.0,49976.0,49981.0,8578,2
1781132400,49983.0,49994.0,49882.0,49929.0,3025,3
1781139600,49913.0,49952.0,49817.0,49817.0,2671,3
1781143200,49817.0,49925.0,49767.0,49843.0,4106,3
1781146800,49843.0,49985.0,49836.0,49950.0,6892,3
1781150400,49951.0,50113.0,49949.0,50011.0,5263,3
1781154000,50011.0,50063.0,49974.0,50030.0,4910,3
1781157600,50030.0,50120.0,49998.0,50112.0,3858,3
1781161200,50112.0,50191.0,50096.0,50165.0,2983,3
1781164800,50165.0,50170.0,50122.0,50155.0,3097,3
1781168400,50155.0,50195.0,50058.0,50190.0,3436,3
1781172000,50189.0,50330.0,50189.0,50300.0,3687,2
1781175600,50300.0,50354.0,50285.0,50347.0,3139,3
1781179200,50348.0,50419.0,50327.0,50395.0,2005,2
1781182800,50395.0,50411.0,50338.0,50353.0,1803,2
1781186400,50353.0,50411.0,50311.0,50403.0,2728,2
1781190000,50403.0,50409.0,50137.0,50277.0,6380,2
1781193600,50279.0,50475.0,50177.0,50371.0,8890,2
1781197200,50372.0,50417.0,50166.0,50196.0,11607,2
1781200800,50196.0,50396.0,50127.0,50312.0,10865,2
1781204400,50312.0,50444.0,50257.0,50259.0,9241,2
1781208000,50259.0,50903.0,50191.0,50794.0,10895,2
1781211600,50794.0,50870.0,50667.0,50836.0,8268,2
1781215200,50836.0,51046.0,50814.0,50902.0,8295,2
1781218800,50900.0,50990.0,50887.0,50940.0,3010,3
1781226000,50926.0,51025.0,50926.0,50978.0,2366,3
1781229600,50978.0,51012.0,50945.0,50993.0,2534,4
1781233200,50990.0,50999.0,50921.0,50943.0,4647,4
1781236800,50943.0,50964.0,50882.0,50956.0,4708,3
1781240400,50956.0,50979.0,50942.0,50956.0,3310,3
1781244000,50956.0,50963.0,50903.0,50952.0,3244,4
1781247600,50953.0,50974.0,50916.0,50967.0,2135,3
1781251200,50967.0,50977.0,50883.0,50923.0,1835,3
1781254800,50923.0,50990.0,50894.0,50910.0,3210,3
1781258400,50910.0,51066.0,50866.0,51013.0,3689,3
1781262000,51016.0,51248.0,51007.0,51174.0,5196,3
1781265600,51174.0,51384.0,51174.0,51312.0,3678,3
1781269200,51312.0,51336.0,51136.0,51176.0,3645,3
1781272800,51176.0,51314.0,51155.0,51284.0,3203,3
1781276400,51284.0,51293.0,51075.0,51079.0,4418,2
1781280000,51079.0,51291.0,50893.0,50956.0,8533,2
1781283600,50974.0,51410.0,50974.0,51391.0,10566,2
1781287200,51394.0,51482.0,51156.0,51169.0,9265,3
1781290800,51171.0,51323.0,51101.0,51256.0,8627,2
1781294400,51257.0,51358.0,51252.0,51268.0,6281,2
1781298000,51270.0,51370.0,51234.0,51297.0,5545,3
1781301600,51296.0,51348.0,51214.0,51274.0,5713,3
1781305200,51272.0,51327.0,51256.0,51269.0,1587,3
1781485200,51577.0,51633.0,51533.0,51579.0,2545,3
1781488800,51579.0,51612.0,51515.0,51610.0,2176,3
1781492400,51611.0,51675.0,51590.0,51663.0,3060,3
1781496000,51663.0,51712.0,51655.0,51686.0,2302,4
1781499600,51688.0,51744.0,51686.0,51740.0,1103,3
1781503200,51739.0,51748.0,51711.0,51722.0,1073,3
1781506800,51723.0,51780.0,51708.0,51774.0,891,4
1781510400,51774.0,51821.0,51768.0,51805.0,1552,3
1781514000,51803.0,51821.0,51756.0,51768.0,2069,3
1781517600,51768.0,51832.0,51743.0,51769.0,2692,3
1781521200,51769.0,51802.0,51709.0,51750.0,2782,3
1781524800,51749.0,51786.0,51680.0,51691.0,2213,3
1781528400,51691.0,51733.0,51684.0,51724.0,1535,3
1781532000,51723.0,51824.0,51716.0,51766.0,2338,3
1781535600,51767.0,51847.0,51726.0,51847.0,2988,2
1781539200,51848.0,51978.0,51793.0,51918.0,7231,2
1781542800,51916.0,51960.0,51797.0,51940.0,8412,2
1781546400,51940.0,52033.0,51926.0,52012.0,5638,3
1781550000,52013.0,52048.0,51982.0,52011.0,4223,3
1781553600,52009.0,52050.0,51932.0,51945.0,3816,3
1781557200,51946.0,51950.0,51866.0,51891.0,4133,3
1781560800,51892.0,51937.0,51758.0,51825.0,4917,3
1781564400,51821.0,51837.0,51791.0,51801.0,1315,3
1781571600,51822.0,51835.0,51768.0,51778.0,599,3
1781575200,51778.0,51793.0,51754.0,51782.0,680,3
1781578800,51782.0,51819.0,51767.0,51801.0,2504,3
1781582400,51801.0,51826.0,51790.0,51800.0,2335,3
1781586000,51801.0,51833.0,51790.0,51819.0,1497,3
1781589600,51820.0,51850.0,51816.0,51824.0,1447,4
1781593200,51825.0,51826.0,51789.0,51806.0,1160,4
1781596800,51808.0,51860.0,51798.0,51819.0,1597,3
1781600400,51818.0,51857.0,51810.0,51853.0,1540,3
1781604000,51853.0,51915.0,51853.0,51882.0,2122,3
1781607600,51882.0,51914.0,51830.0,51841.0,2264,3
1781611200,51841.0,51867.0,51809.0,51834.0,1688,3
1781614800,51835.0,51870.0,51834.0,51869.0,1364,3
1781618400,51870.0,51873.0,51830.0,51848.0,1564,3
1781622000,51847.0,51957.0,51838.0,51938.0,2688,3
1781625600,51938.0,52212.0,51920.0,52024.0,7036,2
1781629200,52025.0,52197.0,52008.0,52138.0,9169,2
1781632800,52140.0,52262.0,52088.0,52235.0,7371,2
1781636400,52235.0,52313.0,52234.0,52291.0,5480,2
1781640000,52291.0,52308.0,52226.0,52233.0,4662,3
1781643600,52233.0,52246.0,52194.0,52208.0,4050,3
1781647200,52208.0,52208.0,52121.0,52155.0,6013,2
1781650800,52152.0,52157.0,52104.0,52137.0,1891,3
1781658000,52123.0,52203.0,52121.0,52201.0,821,3
1781661600,52201.0,52207.0,52187.0,52192.0,897,3
1781665200,52195.0,52221.0,52195.0,52206.0,1876,3
1781668800,52206.0,52248.0,52198.0,52226.0,1226,3
1781672400,52226.0,52231.0,52187.0,52202.0,717,3
1781676000,52202.0,52223.0,52183.0,52218.0,862,4
1781679600,52219.0,52223.0,52178.0,52195.0,772,4
1781683200,52194.0,52199.0,52162.0,52169.0,789,4
1781686800,52168.0,52202.0,52145.0,52188.0,1271,3
1781690400,52190.0,52215.0,52136.0,52143.0,2001,3
1781694000,52143.0,52152.0,52076.0,52139.0,2476,3
1781697600,52139.0,52172.0,52114.0,52123.0,1908,3
1781701200,52124.0,52168.0,52087.0,52117.0,2013,3
1781704800,52118.0,52157.0,52094.0,52114.0,1750,3
1781708400,52114.0,52145.0,52088.0,52134.0,2242,3
1781712000,52133.0,52342.0,52091.0,52314.0,6718,2
1781715600,52314.0,52412.0,52156.0,52236.0,8850,2
1781719200,52236.0,52407.0,52209.0,52349.0,6685,3
1781722800,52349.0,52381.0,52300.0,52337.0,4360,2
1781726400,52337.0,52337.0,52220.0,52315.0,4326,2
1781730000,52308.0,52308.0,51917.0,52007.0,12027,2
1781733600,52011.0,52071.0,51519.0,51620.0,12033,2
1781737200,51622.0,51741.0,51609.0,51724.0,3520,3
1781744400,51740.0,51762.0,51690.0,51752.0,1661,3
1781748000,51753.0,51858.0,51749.0,51856.0,1374,3
1781751600,51859.0,51954.0,51846.0,51886.0,3944,3
1781755200,51886.0,51941.0,51881.0,51909.0,2620,3
1781758800,51910.0,51928.0,51903.0,51923.0,1352,4
1781762400,51922.0,51934.0,51893.0,51926.0,1554,4
1781766000,51926.0,51936.0,51873.0,51873.0,1794,3
1781769600,51874.0,51897.0,51861.0,51865.0,1722,3
1781773200,51865.0,51932.0,51841.0,51930.0,2687,4
1781776800,51928.0,51939.0,51876.0,51918.0,2723,3
1781780400,51923.0,51964.0,51818.0,51832.0,3128,3
1781784000,51832.0,51946.0,51820.0,51931.0,2726,3
1781787600,51930.0,51943.0,51833.0,51836.0,2356,3
1781791200,51843.0,51844.0,51689.0,51730.0,3956,3
1781794800,51729.0,51916.0,51721.0,51892.0,4005,3
1781798400,51891.0,52059.0,51798.0,51830.0,8919,2
1781802000,51833.0,51911.0,51688.0,51894.0,10200,3
1781805600,51894.0,51902.0,51706.0,51766.0,8422,3
1781809200,51765.0,51786.0,51702.0,51743.0,6006,3
1781812800,51743.0,51885.0,51731.0,51760.0,4937,3
1781816400,51759.0,51763.0,51705.0,51718.0,5045,3
1781820000,51719.0,51768.0,51648.0,51668.0,6721,2
1781823600,51660.0,51770.0,51650.0,51732.0,2449,3
1781830800,51740.0,51751.0,51655.0,51662.0,1237,3
1781834400,51663.0,51704.0,51654.0,51692.0,801,3
1781838000,51692.0,51693.0,51645.0,51656.0,2315,3
1781841600,51657.0,51667.0,51595.0,51596.0,1402,4
1781845200,51596.0,51601.0,51547.0,51575.0,1180,3
1781848800,51575.0,51586.0,51527.0,51571.0,1381,3
1781852400,51571.0,51578.0,51484.0,51502.0,1200,4
1781856000,51502.0,51529.0,51479.0,51525.0,1288,3
1781859600,51525.0,51581.0,51501.0,51568.0,1366,3
1781863200,51572.0,51645.0,51570.0,51644.0,1092,3
1781866800,51644.0,51690.0,51624.0,51662.0,1150,3
1781870400,51662.0,51689.0,51643.0,51663.0,1403,3
1781874000,51662.0,51665.0,51529.0,51563.0,1406,3
1781877600,51563.0,51565.0,51512.0,51554.0,1344,3
1781881200,51554.0,51671.0,51481.0,51632.0,2556,3
1781884800,51633.0,51650.0,51582.0,51586.0,2973,3
1781888400,51581.0,51634.0,51542.0,51621.0,2305,3
1781892000,51622.0,51660.0,51597.0,51631.0,1965,2
1781895600,51631.0,51647.0,51560.0,51563.0,824,3
1782090000,51524.0,51573.0,51413.0,51547.0,1825,3
1782093600,51547.0,51547.0,51437.0,51465.0,2390,3
1782097200,51465.0,51622.0,51444.0,51615.0,4523,3
1782100800,51615.0,51667.0,51615.0,51645.0,3175,3
1782104400,51645.0,51650.0,51544.0,51558.0,1835,3
1782108000,51558.0,51577.0,51539.0,51547.0,1563,3
1782111600,51548.0,51548.0,51513.0,51523.0,1823,3
1782115200,51524.0,51607.0,51523.0,51599.0,1918,4
1782118800,51599.0,51684.0,51594.0,51679.0,2111,3
1782122400,51679.0,51706.0,51640.0,51656.0,2286,3
1782126000,51656.0,51677.0,51622.0,51670.0,2962,3
1782129600,51670.0,51741.0,51658.0,51670.0,2374,3
1782133200,51672.0,51734.0,51670.0,51698.0,1814,3
1782136800,51698.0,51802.0,51686.0,51750.0,2863,2
1782140400,51750.0,51828.0,51742.0,51747.0,2642,3
1782144000,51747.0,52002.0,51745.0,51958.0,7785,2
1782147600,51950.0,52009.0,51770.0,51839.0,9815,3
1782151200,51841.0,51903.0,51766.0,51871.0,7658,2
1782154800,51872.0,51905.0,51806.0,51872.0,5907,3
1782158400,51872.0,51883.0,51779.0,51815.0,4451,3
1782162000,51815.0,51879.0,51726.0,51731.0,4296,3
1782165600,51731.0,51839.0,51711.0,51818.0,5436,2
1782169200,51818.0,51902.0,51805.0,51873.0,1767,3
1782176400,51888.0,51909.0,51833.0,51849.0,1205,3
1782180000,51849.0,51861.0,51815.0,51859.0,782,4
1782183600,51854.0,51967.0,51842.0,51958.0,2921,3
1782187200,51960.0,51969.0,51826.0,51882.0,3419,3
1782190800,51882.0,51902.0,51834.0,51842.0,3090,3
1782194400,51842.0,51847.0,51753.0,51807.0,2642,3
1782198000,51807.0,51831.0,51691.0,51698.0,2119,3
1782201600,51698.0,51736.0,51627.0,51651.0,3326,3
1782205200,51651.0,51672.0,51564.0,51570.0,3755,3
1782208800,51569.0,51573.0,51405.0,51440.0,4389,3
1782212400,51440.0,51531.0,51400.0,51489.0,4491,2
1782216000,51489.0,51587.0,51473.0,51575.0,3026,3
1782219600,51578.0,51651.0,51523.0,51551.0,3103,3
1782223200,51555.0,51674.0,51528.0,51632.0,3889,2
1782226800,51632.0,51656.0,51553.0,51599.0,3783,3
1782230400,51602.0,51800.0,51405.0,51647.0,7908,2
1782234000,51644.0,51919.0,51626.0,51880.0,9790,2
1782237600,51881.0,51891.0,51735.0,51856.0,7663,2
1782241200,51859.0,51981.0,51849.0,51944.0,5554,3
1782244800,51944.0,51995.0,51876.0,51891.0,5291,3
1782248400,51895.0,51929.0,51758.0,51802.0,5423,2
1782252000,51802.0,51874.0,51762.0,51781.0,6922,3
1782255600,51785.0,51841.0,51767.0,51838.0,1827,2
1782262800,51804.0,51825.0,51728.0,51757.0,2088,3
1782266400,51758.0,51834.0,51687.0,51809.0,2631,3
1782270000,51809.0,51846.0,51753.0,51778.0,4881,3
1782273600,51778.0,51797.0,51741.0,51778.0,4403,3
1782277200,51779.0,51803.0,51718.0,51718.0,3133,3
1782280800,51718.0,51806.0,51700.0,51793.0,3173,3
1782284400,51795.0,51806.0,51733.0,51766.0,2615,3
1782288000,51766.0,51776.0,51722.0,51751.0,2138,3
1782291600,51751.0,51753.0,51699.0,51730.0,2251,3
1782295200,51726.0,51757.0,51680.0,51702.0,3775,3
1782298800,51701.0,51758.0,51701.0,51733.0,3330,3
1782302400,51734.0,51759.0,51684.0,51724.0,2821,2
1782306000,51725.0,51801.0,51690.0,51738.0,2565,3
1782309600,51738.0,51895.0,51736.0,51891.0,3018,3
1782313200,51891.0,51896.0,51749.0,51764.0,3432,3
1782316800,51766.0,51977.0,51654.0,51864.0,8258,2
1782320400,51869.0,52229.0,51850.0,52228.0,9770,2
1782324000,52228.0,52394.0,52183.0,52295.0,7386,3
1782327600,52296.0,52328.0,52170.0,52188.0,6672,3
1782331200,52187.0,52210.0,51878.0,51924.0,8760,2
1782334800,51924.0,52136.0,51913.0,52024.0,8165,3
1782338400,52025.0,52093.0,51909.0,52009.0,8151,2
1782342000,52004.0,52137.0,51980.0,52108.0,4077,2
1782349200,52105.0,52127.0,52026.0,52031.0,1969,4
1782352800,52032.0,52082.0,52017.0,52053.0,1352,3
1782356400,52053.0,52058.0,51959.0,51971.0,3494,3
1782360000,51971.0,52026.0,51956.0,51981.0,3190,4
1782363600,51981.0,52017.0,51972.0,52003.0,2088,3
1782367200,52003.0,52025.0,51982.0,52023.0,1640,3
1782370800,52025.0,52027.0,51943.0,51953.0,1288,3
1782374400,51953.0,52010.0,51953.0,51992.0,1530,4
1782378000,51993.0,52089.0,51993.0,52056.0,2003,4
1782381600,52060.0,52088.0,52052.0,52073.0,2438,3
1782385200,52073.0,52087.0,52020.0,52029.0,2219,3
1782388800,52030.0,52082.0,52022.0,52064.0,2053,3
1782392400,52062.0,52188.0,52062.0,52148.0,1951,3
1782396000,52151.0,52155.0,52062.0,52064.0,2208,3
1782399600,52062.0,52189.0,52033.0,52130.0,4184,2
1782403200,52130.0,52405.0,52122.0,52190.0,8387,2
1782406800,52194.0,52818.0,52185.0,52629.0,11530,2
1782410400,52635.0,52661.0,52335.0,52393.0,10426,2
1782414000,52394.0,52472.0,52163.0,52191.0,8733,3
1782417600,52191.0,52245.0,52065.0,52164.0,7796,2
1782421200,52164.0,52293.0,52030.0,52117.0,8419,3
1782424800,52119.0,52152.0,52018.0,52100.0,7635,2
1782428400,52092.0,52251.0,52087.0,52176.0,2616,3
1782435600,52165.0,52180.0,52130.0,52157.0,1906,3
1782439200,52158.0,52258.0,52090.0,52123.0,2519,3
1782442800,52123.0,52202.0,52107.0,52163.0,5512,3
1782446400,52163.0,52190.0,52045.0,52068.0,4633,3
1782450000,52070.0,52076.0,51958.0,51967.0,4484,3
1782453600,51966.0,52008.0,51919.0,52006.0,3645,3
1782457200,52006.0,52015.0,51949.0,51955.0,3104,3
1782460800,51955.0,52012.0,51897.0,51950.0,3085,4
1782464400,51949.0,52154.0,51945.0,52129.0,3157,3
1782468000,52131.0,52177.0,52075.0,52164.0,3255,3
1782471600,52167.0,52188.0,52012.0,52049.0,3897,2
1782475200,52050.0,52069.0,51985.0,52020.0,4247,3
1782478800,52022.0,52032.0,51966.0,52015.0,3480,3
1782482400,52020.0,52046.0,51974.0,52009.0,3613,3
1782486000,52009.0,52125.0,51923.0,51978.0,4626,3
1782489600,51978.0,51985.0,51741.0,51925.0,9920,2
1782493200,51924.0,52165.0,51913.0,52020.0,10654,2
1782496800,52021.0,52274.0,52006.0,52235.0,9101,2
1782500400,52237.0,52239.0,51976.0,52108.0,7858,2
1782504000,52107.0,52207.0,52023.0,52042.0,6946,3
1782507600,52042.0,52101.0,51951.0,51971.0,6751,2
1782511200,51975.0,52053.0,51869.0,51874.0,7867,2
1782514800,51888.0,52035.0,51883.0,51890.0,5500,3
1782694800,51931.0,52099.0,51927.0,52083.0,1848,4
1782698400,52083.0,52197.0,52075.0,52150.0,2019,3
1782702000,52148.0,52153.0,52053.0,52112.0,5263,3
1782705600,52112.0,52120.0,52017.0,52073.0,4790,3
1782709200,52073.0,52117.0,52003.0,52106.0,2873,4
1782712800,52106.0,52145.0,52053.0,52130.0,2154,3
1782716400,52130.0,52131.0,52087.0,52105.0,1881,3
1782720000,52105.0,52185.0,52094.0,52177.0,2367,4
1782723600,52177.0,52179.0,52088.0,52098.0,1950,3
1782727200,52098.0,52167.0,52036.0,52158.0,3038,3
1782730800,52158.0,52212.0,52107.0,52112.0,3001,3
1782734400,52112.0,52169.0,52081.0,52119.0,2354,3
1782738000,52120.0,52200.0,52088.0,52195.0,2014,3
1782741600,52197.0,52237.0,52149.0,52211.0,2498,3
1782745200,52211.0,52219.0,52133.0,52209.0,2747,3
1782748800,52208.0,52430.0,52130.0,52297.0,8203,2
1782752400,52299.0,52441.0,52070.0,52342.0,11266,2
1782756000,52347.0,52348.0,52181.0,52236.0,7703,2
1782759600,52236.0,52289.0,52202.0,52238.0,5105,2
1782763200,52237.0,52374.0,52233.0,52360.0,4721,3
1782766800,52359.0,52402.0,52343.0,52359.0,3987,3
1782770400,52360.0,52374.0,52280.0,52301.0,4492,2
1782774000,52300.0,52326.0,52275.0,52275.0,1272,3
1782781200,52284.0,52299.0,52261.0,52273.0,1277,2
1782784800,52273.0,52294.0,52238.0,52260.0,902,2
1782788400,52260.0,52272.0,52210.0,52261.0,2826,2
1782792000,52261.0,52302.0,52233.0,52291.0,1921,2
1782795600,52291.0,52292.0,52245.0,52252.0,1400,2
1782799200,52252.0,52331.0,52249.0,52307.0,1322,2
1782802800,52307.0,52350.0,52305.0,52322.0,979,2
1782806400,52322.0,52345.0,52305.0,52332.0,1452,2
1782810000,52332.0,52347.0,52297.0,52346.0,2005,2
1782813600,52346.0,52381.0,52320.0,52330.0,2060,2
1782817200,52330.0,52364.0,52283.0,52335.0,2912,2
1782820800,52335.0,52440.0,52329.0,52406.0,2003,3
1782824400,52407.0,52430.0,52347.0,52412.0,2134,2
1782828000,52413.0,52454.0,52351.0,52355.0,2071,3
1782831600,52355.0,52357.0,52232.0,52286.0,3490,3
1782835200,52286.0,52400.0,52125.0,52348.0,7687,2
1782838800,52350.0,52473.0,52289.0,52353.0,8880,2
1782842400,52353.0,52467.0,52348.0,52418.0,6513,2
1782846000,52420.0,52503.0,52415.0,52485.0,4254,2
1782849600,52485.0,52504.0,52439.0,52442.0,3323,3
1782853200,52442.0,52478.0,52413.0,52454.0,3507,3
1782856800,52454.0,52495.0,52387.0,52417.0,4985,2
1782860400,52408.0,52445.0,52302.0,52307.0,1758,2
1782867600,52324.0,52356.0,52313.0,52323.0,1033,3
1782871200,52323.0,52333.0,52308.0,52319.0,739,3
1782874800,52319.0,52373.0,52319.0,52352.0,1950,4
1782878400,52353.0,52361.0,52276.0,52282.0,2346,3
1782882000,52284.0,52293.0,52215.0,52239.0,1867,3
1782885600,52239.0,52256.0,52211.0,52249.0,1447,3
1782889200,52250.0,52277.0,52230.0,52257.0,1719,4
1782892800,52257.0,52266.0,52230.0,52246.0,2020,3
1782896400,52246.0,52280.0,52232.0,52260.0,2101,3
1782900000,52261.0,52281.0,52176.0,52244.0,2827,3
1782903600,52244.0,52320.0,52226.0,52307.0,2492,3
1782907200,52308.0,52311.0,52257.0,52294.0,1825,2
1782910800,52294.0,52319.0,52252.0,52302.0,1730,3
1782914400,52302.0,52333.0,52251.0,52266.0,1857,3
1782918000,52266.0,52298.0,52209.0,52277.0,3663,2
1782921600,52277.0,52401.0,52129.0,52372.0,8283,2
1782925200,52381.0,52554.0,52336.0,52552.0,8669,2
1782928800,52553.0,52736.0,52508.0,52732.0,6533,2
1782932400,52733.0,52853.0,52612.0,52614.0,4980,3
1782936000,52614.0,52644.0,52507.0,52516.0,5055,3
1782939600,52516.0,52539.0,52439.0,52472.0,4369,2
1782943200,52471.0,52494.0,52405.0,52412.0,4958,3
1782946800,52407.0,52414.0,52318.0,52347.0,2421,3
1782954000,52365.0,52370.0,52319.0,52364.0,978,3
1782957600,52365.0,52373.0,52327.0,52354.0,1002,4
1782961200,52354.0,52361.0,52307.0,52357.0,3063,4
1782964800,52357.0,52442.0,52355.0,52427.0,1537,3
1782968400,52427.0,52467.0,52424.0,52463.0,1179,4
1782972000,52464.0,52482.0,52451.0,52468.0,1158,4
1782975600,52468.0,52470.0,52413.0,52432.0,1134,4
1782979200,52432.0,52449.0,52398.0,52399.0,1640,4
1782982800,52399.0,52411.0,52334.0,52337.0,1868,3
1782986400,52337.0,52400.0,52298.0,52381.0,2614,3
1782990000,52381.0,52467.0,52363.0,52435.0,2675,3
1782993600,52433.0,52460.0,52411.0,52447.0,1686,3
1782997200,52447.0,52519.0,52428.0,52506.0,1533,3
1783000800,52506.0,52530.0,52478.0,52479.0,1692,3
1783004400,52478.0,52694.0,52459.0,52619.0,4822,2
1783008000,52617.0,52875.0,52552.0,52780.0,8514,2
1783011600,52791.0,52888.0,52673.0,52863.0,11002,2
1783015200,52865.0,52866.0,52670.0,52758.0,10026,2
1783018800,52763.0,52787.0,52670.0,52706.0,7740,3
1783022400,52707.0,52708.0,52516.0,52533.0,7838,2
1783026000,52535.0,52786.0,52514.0,52746.0,6463,3
1783029600,52747.0,52966.0,52664.0,52919.0,6591,2
1783033200,52921.0,52927.0,52886.0,52911.0,1903,3
1783040400,52902.0,52945.0,52898.0,52944.0,653,3
1783044000,52940.0,52979.0,52932.0,52970.0,966,4
1783047600,52968.0,53031.0,52940.0,53014.0,2817,3
1783051200,53014.0,53152.0,53008.0,53106.0,2199,3
1783054800,53107.0,53123.0,53065.0,53087.0,981,4
1783058400,53087.0,53093.0,53054.0,53088.0,854,4
1783062000,53088.0,53094.0,53065.0,53067.0,614,4
1783065600,53067.0,53070.0,53011.0,53015.0,1119,3
1783069200,53015.0,53074.0,53012.0,53055.0,1252,3
1783072800,53055.0,53095.0,52972.0,52972.0,1538,3
1783076400,52973.0,52978.0,52872.0,52877.0,1348,3
1783080000,52877.0,52910.0,52867.0,52868.0,1320,3
1783083600,52867.0,52912.0,52854.0,52871.0,825,3
1783087200,52871.0,52871.0,52824.0,52855.0,993,3
1783090800,52855.0,52874.0,52824.0,52866.0,1110,3
1783094400,52866.0,52903.0,52832.0,52877.0,2307,3
1783098000,52876.0,52997.0,52860.0,52990.0,1964,3
1783101600,52991.0,52992.0,52898.0,52929.0,1688,2
1783105200,52929.0,52935.0,52905.0,52907.0,941,3
1783299600,52974.0,52974.0,52892.0,52932.0,912,4
1783303200,52932.0,53012.0,52926.0,53010.0,973,4
1783306800,53010.0,53049.0,52957.0,53027.0,3327,3
1783310400,53027.0,53031.0,52974.0,52993.0,2356,4
1783314000,52993.0,53002.0,52928.0,52946.0,1841,3
1783317600,52946.0,52946.0,52906.0,52918.0,1343,3
1783321200,52920.0,52946.0,52900.0,52936.0,989,4
1783324800,52937.0,52964.0,52923.0,52934.0,1412,4
1783328400,52934.0,52954.0,52925.0,52949.0,1224,3
1783332000,52955.0,53054.0,52942.0,53048.0,1702,3
1783335600,53048.0,53065.0,52977.0,52996.0,1814,3
1783339200,52996.0,52997.0,52934.0,52962.0,1552,3
1783342800,52960.0,52995.0,52919.0,52940.0,1310,3
1783346400,52943.0,52959.0,52862.0,52873.0,1642,3
1783350000,52873.0,52919.0,52853.0,52889.0,2121,3
1783353600,52890.0,53137.0,52794.0,52816.0,7219,2
1783357200,52816.0,52948.0,52717.0,52948.0,8618,2
1783360800,52947.0,52981.0,52900.0,52935.0,5862,2
1783364400,52935.0,52998.0,52898.0,52963.0,3681,3
1783368000,52963.0,53034.0,52940.0,52978.0,3985,2
1783371600,52982.0,53086.0,52982.0,53086.0,3218,3
1783375200,53086.0,53138.0,53026.0,53138.0,4265,2
1783378800,53138.0,53172.0,53120.0,53170.0,1175,3
1783386000,53161.0,53197.0,53160.0,53185.0,529,3
1783389600,53183.0,53198.0,53113.0,53123.0,696,3
1783393200,53123.0,53177.0,53113.0,53152.0,2345,3
1783396800,53152.0,53229.0,53147.0,53198.0,1306,4
1783400400,53198.0,53207.0,53167.0,53167.0,757,4
1783404000,53167.0,53201.0,53166.0,53180.0,1064,4
1783407600,53180.0,53194.0,53125.0,53137.0,818,3
1783411200,53136.0,53168.0,53118.0,53165.0,978,3
1783414800,53164.0,53171.0,53100.0,53146.0,992,3
1783418400,53146.0,53236.0,53131.0,53203.0,1425,3
1783422000,53203.0,53280.0,53173.0,53222.0,1813,2
1783425600,53221.0,53262.0,53202.0,53248.0,1424,3
1783429200,53248.0,53260.0,53171.0,53198.0,1404,3
1783432800,53198.0,53291.0,53182.0,53278.0,1609,2
1783436400,53278.0,53379.0,53259.0,53350.0,1945,2
1783440000,53350.0,53412.0,53097.0,53130.0,7119,2
1783443600,53129.0,53163.0,52944.0,52946.0,9496,2
1783447200,52946.0,52952.0,52839.0,52939.0,6874,2
1783450800,52939.0,52982.0,52911.0,52959.0,4660,3
1783454400,52957.0,53011.0,52917.0,52975.0,3734,3
1783458000,52975.0,53023.0,52941.0,52960.0,4246,2
1783461600,52960.0,53024.0,52884.0,52969.0,6470,2
1783465200,52969.0,52971.0,52911.0,52958.0,1360,3
1783472400,52919.0,52955.0,52889.0,52933.0,1474,2
1783476000,52933.0,52960.0,52896.0,52901.0,1364,3
1783479600,52901.0,52961.0,52859.0,52961.0,3959,3
1783483200,52961.0,52973.0,52920.0,52931.0,2555,3
1783486800,52930.0,52937.0,52878.0,52903.0,1968,3
1783490400,52903.0,52937.0,52901.0,52903.0,1460,4
1783494000,52903.0,52932.0,52894.0,52920.0,1763,3
1783497600,52920.0,52930.0,52857.0,52879.0,2168,3
1783501200,52881.0,52882.0,52789.0,52818.0,2365,3
1783504800,52824.0,52825.0,52743.0,52759.0,3431,2
1783508400,52759.0,52774.0,52308.0,52316.0,7603,2
1783512000,52316.0,52340.0,52236.0,52264.0,5495,3
1783515600,52266.0,52424.0,52234.0,52387.0,4263,3
1783519200,52387.0,52524.0,52337.0,52455.0,4453,3
1783522800,52455.0,52582.0,52420.0,52462.0,4570,3
1783526400,52462.0,52557.0,52367.0,52424.0,8744,2
1783530000,52423.0,52511.0,52188.0,52231.0,10374,2
1783533600,52235.0,52241.0,52109.0,52149.0,8326,2
1783537200,52149.0,52377.0,52149.0,52352.0,7012,2
1783540800,52355.0,52456.0,52329.0,52364.0,5373,3
1783544400,52360.0,52444.0,52340.0,52420.0,5312,3
1783548000,52423.0,52432.0,52340.0,52388.0,5099,2
1783551600,52386.0,52390.0,52297.0,52316.0,2367,3
1783558800,52324.0,52360.0,52320.0,52342.0,886,4
1783562400,52342.0,52374.0,52333.0,52367.0,949,4
1783566000,52366.0,52432.0,52347.0,52428.0,2458,3
1783569600,52429.0,52455.0,52408.0,52442.0,1815,3
1783573200,52442.0,52465.0,52415.0,52428.0,1673,4
1783576800,52428.0,52471.0,52409.0,52464.0,1745,4
1783580400,52464.0,52496.0,52455.0,52489.0,1406,3
1783584000,52489.0,52524.0,52441.0,52523.0,2190,3
1783587600,52523.0,52531.0,52460.0,52475.0,1656,3
1783591200,52476.0,52508.0,52446.0,52469.0,2454,3
1783594800,52470.0,52486.0,52408.0,52441.0,2708,3
1783598400,52441.0,52445.0,52341.0,52396.0,2234,3
1783602000,52396.0,52410.0,52274.0,52332.0,2692,3
1783605600,52332.0,52367.0,52299.0,52361.0,3081,2
1783609200,52361.0,52457.0,52355.0,52420.0,2956,3
1783612800,52420.0,52520.0,52322.0,52449.0,7500,2
1783616400,52453.0,52550.0,52397.0,52547.0,8981,2
1783620000,52550.0,52625.0,52488.0,52545.0,5377,3
1783623600,52546.0,52637.0,52546.0,52573.0,3634,2
1783627200,52573.0,52619.0,52554.0,52589.0,3247,3
1783630800,52588.0,52624.0,52512.0,52528.0,3169,3
1783634400,52528.0,52544.0,52471.0,52541.0,3958,2
1783638000,52541.0,52558.0,52482.0,52483.0,1093,3
1783645200,52507.0,52531.0,52490.0,52523.0,667,3
1783648800,52523.0,52543.0,52509.0,52524.0,624,4
1783652400,52525.0,52529.0,52487.0,52507.0,1372,3
1783656000,52507.0,52520.0,52498.0,52507.0,1105,4
1783659600,52507.0,52522.0,52492.0,52520.0,839,4
1783663200,52520.0,52539.0,52506.0,52513.0,561,3
1783666800,52513.0,52517.0,52480.0,52485.0,611,5
1783670400,52485.0,52523.0,52481.0,52520.0,679,4
1783674000,52520.0,52594.0,52520.0,52563.0,1605,3
1783677600,52563.0,52624.0,52558.0,52583.0,1831,3
1783681200,52584.0,52645.0,52546.0,52573.0,2140,2
1783684800,52573.0,52625.0,52557.0,52594.0,1555,2
1783688400,52594.0,52672.0,52594.0,52660.0,1361,2
1783692000,52660.0,52664.0,52578.0,52600.0,1648,3
1783695600,52600.0,52728.0,52562.0,52662.0,3008,2
1783699200,52662.0,52715.0,52552.0,52591.0,6520,2
1783702800,52591.0,52636.0,52284.0,52562.0,8438,2
1783706400,52562.0,52700.0,52554.0,52644.0,6253,3
1783710000,52645.0,52687.0,52591.0,52678.0,3721,2
1783713600,52678.0,52711.0,52656.0,52682.0,2597,3
1783717200,52684.0,52732.0,52670.0,52723.0,2292,2
1783720800,52723.0,52761.0,52671.0,52695.0,2875,2
1783724400,52693.0,52768.0,52686.0,52738.0,1031,3
1783904400,52616.0,52660.0,52543.0,52608.0,1051,4
1783908000,52608.0,52611.0,52564.0,52598.0,856,4
1783911600,52598.0,52634.0,52553.0,52570.0,2897,3
1783915200,52570.0,52570.0,52513.0,52530.0,2686,3
1783918800,52531.0,52536.0,52503.0,52509.0,1595,3
1783922400,52510.0,52511.0,52482.0,52488.0,1003,4
1783926000,52488.0,52504.0,52467.0,52478.0,934,3
1783929600,52478.0,52515.0,52447.0,52500.0,2254,3
1783933200,52500.0,52620.0,52498.0,52619.0,2160,3
1783936800,52618.0,52686.0,52593.0,52643.0,2287,3
1783940400,52646.0,52741.0,52640.0,52739.0,2341,3
1783944000,52739.0,52775.0,52716.0,52717.0,1522,3
1783947600,52717.0,52719.0,52673.0,52687.0,1657,3
1783951200,52686.0,52705.0,52623.0,52637.0,1928,3
1783954800,52636.0,52676.0,52600.0,52674.0,2720,3
1783958400,52674.0,52904.0,52650.0,52880.0,7055,2
1783962000,52888.0,52906.0,52564.0,52623.0,8845,2
1783965600,52623.0,52636.0,52538.0,52546.0,5659,2
1783969200,52546.0,52561.0,52396.0,52503.0,5918,3
1783972800,52503.0,52582.0,52499.0,52509.0,4942,2
1783976400,52509.0,52576.0,52486.0,52543.0,4768,2
1783980000,52543.0,52577.0,52467.0,52556.0,4986,2
1783983600,52558.0,52558.0,52472.0,52512.0,1800,3
1783990800,52518.0,52552.0,52487.0,52490.0,1131,4
1783994400,52490.0,52491.0,52436.0,52490.0,1501,3
1783998000,52490.0,52513.0,52368.0,52443.0,6080,3
1784001600,52443.0,52475.0,52398.0,52411.0,3713,3
1784005200,52413.0,52452.0,52376.0,52383.0,2803,3
1784008800,52383.0,52406.0,52356.0,52393.0,2239,3
1784012400,52394.0,52486.0,52374.0,52479.0,2000,4
1784016000,52479.0,52541.0,52471.0,52513.0,1771,3
1784019600,52513.0,52535.0,52429.0,52431.0,2092,3
1784023200,52431.0,52492.0,52367.0,52429.0,4366,3
1784026800,52431.0,52445.0,52357.0,52391.0,3553,3
1784030400,52413.0,52466.0,52391.0,52439.0,2868,3
1784034000,52440.0,52555.0,52358.0,52379.0,3299,2
1784037600,52379.0,52402.0,52053.0,52260.0,5598,2
1784041200,52254.0,52692.0,52214.0,52426.0,6203,2
1784044800,52426.0,52684.0,52371.0,52618.0,8963,2
1784048400,52617.0,52772.0,52546.0,52560.0,10173,2
1784052000,52561.0,52672.0,52379.0,52461.0,7801,2
1784055600,52462.0,52500.0,52399.0,52472.0,5718,2
1784059200,52473.0,52528.0,52451.0,52480.0,3760,2
1784062800,52479.0,52548.0,52453.0,52539.0,3557,3
1784066400,52539.0,52623.0,52532.0,52577.0,4098,2
1784070000,52580.0,52609.0,52571.0,52601.0,1054,3
1784077200,52589.0,52617.0,52561.0,52592.0,614,4
1784080800,52592.0,52672.0,52590.0,52666.0,809,3
1784084400,52666.0,52673.0,52577.0,52628.0,1821,3
1784088000,52628.0,52642.0,52600.0,52625.0,1464,3
1784091600,52625.0,52650.0,52615.0,52629.0,780,3
1784095200,52629.0,52651.0,52625.0,52646.0,477,3
1784098800,52648.0,52667.0,52642.0,52652.0,445,3
1784102400,52656.0,52675.0,52618.0,52648.0,1256,4
1784106000,52648.0,52648.0,52588.0,52594.0,1039,3
1784109600,52594.0,52594.0,52502.0,52554.0,2260,3
1784113200,52554.0,52692.0,52549.0,52686.0,2306,3
1784116800,52686.0,52728.0,52673.0,52683.0,1417,3
1784120400,52683.0,52707.0,52576.0,52613.0,1927,2
1784124000,52614.0,52629.0,52545.0,52615.0,2141,3
1784127600,52615.0,52745.0,52569.0,52694.0,2854,3
1784131200,52696.0,52890.0,52568.0,52750.0,7269,2
1784134800,52749.0,52889.0,52707.0,52762.0,9423,2
1784138400,52766.0,52800.0,52685.0,52693.0,7059,2
1784142000,52695.0,52702.0,52484.0,52596.0,6756,2
1784145600,52597.0,52731.0,52567.0,52724.0,4643,2
1784149200,52725.0,52755.0,52660.0,52665.0,3803,3
1784152800,52665.0,52724.0,52639.0,52717.0,4361,2
1784156400,52720.0,52744.0,52688.0,52699.0,890,3
1784163600,52715.0,52739.0,52707.0,52717.0,665,4
1784167200,52717.0,52747.0,52713.0,52716.0,585,4
1784170800,52717.0,52773.0,52717.0,52732.0,1930,4
1784174400,52732.0,52734.0,52683.0,52691.0,1608,4
1784178000,52691.0,52733.0,52662.0,52733.0,1387,4
1784181600,52731.0,52774.0,52727.0,52765.0,915,4
1784185200,52765.0,52779.0,52746.0,52762.0,685,4
1784188800,52762.0,52804.0,52734.0,52739.0,1358,3
1784192400,52739.0,52768.0,52705.0,52751.0,1723,3
1784196000,52751.0,52755.0,52642.0,52655.0,2514,3
1784199600,52654.0,52739.0,52649.0,52711.0,2973,3
1784203200,52711.0,52865.0,52643.0,52832.0,2236,3
1784206800,52832.0,52858.0,52775.0,52798.0,2345,3
1784210400,52798.0,52837.0,52673.0,52790.0,2872,2
1784214000,52794.0,52813.0,52689.0,52715.0,3775,2
1784217600,52715.0,52894.0,52660.0,52674.0,7694,2
1784221200,52674.0,52874.0,52667.0,52861.0,8437,2
1784224800,52861.0,52916.0,52796.0,52819.0,6337,2
1784228400,52820.0,52825.0,52634.0,52769.0,6518,3
1784232000,52769.0,52788.0,52581.0,52591.0,5560,3
1784235600,52590.0,52596.0,52497.0,52525.0,5567,3
1784239200,52527.0,52606.0,52422.0,52597.0,6278,3
1784242800,52591.0,52597.0,52537.0,52553.0,1756,2
1784250000,52587.0,52592.0,52535.0,52543.0,929,3
1784253600,52543.0,52544.0,52499.0,52510.0,1038,3
1784257200,52515.0,52520.0,52412.0,52429.0,2821,3
1784260800,52431.0,52437.0,52318.0,52329.0,2629,3
1784264400,52331.0,52343.0,52282.0,52308.0,1765,3
1784268000,52310.0,52350.0,52262.0,52263.0,1670,3
1784271600,52263.0,52268.0,52176.0,52204.0,2426,3
1784275200,52203.0,52211.0,52137.0,52205.0,2289,3
1784278800,52205.0,52305.0,52205.0,52262.0,2681,3
1784282400,52267.0,52354.0,52247.0,52334.0,3593,3
1784286000,52329.0,52382.0,52215.0,52238.0,4585,2
1784289600,52238.0,52271.0,52187.0,52248.0,3373,3
1784293200,52249.0,52393.0,52228.0,52333.0,2760,3
1784296800,52333.0,52358.0,52260.0,52325.0,3059,3
1784300400,52324.0,52334.0,52174.0,52188.0,3456,2
1784304000,52187.0,52551.0,51995.0,52522.0,9159,2
1784307600,52523.0,52654.0,52497.0,52548.0,9728,2
1784311200,52551.0,52589.0,52432.0,52565.0,8340,2
1784314800,52566.0,52574.0,52387.0,52402.0,7106,2
1784318400,52405.0,52439.0,52285.0,52296.0,5542,2
1784322000,52296.0,52323.0,52207.0,52261.0,5910,2
1784325600,52260.0,52269.0,52152.0,52191.0,6755,3
1784329200,52190.0,52213.0,52137.0,52192.0,2173,3
