time,open,high,low,close,tick_volume,spread
1681221600,2.342,2.348,2.336,2.339,129,250
1681225200,2.339,2.348,2.301,2.321,795,260
1681228800,2.321,2.324,2.243,2.248,978,260
1681232400,2.25,2.2720000000000002,2.235,2.263,803,260
1681236000,2.263,2.325,2.261,2.296,902,250
1681239600,2.296,2.304,2.266,2.285,586,260
1681243200,2.285,2.3,2.259,2.262,614,270
1681246800,2.262,2.299,2.257,2.291,693,280
1681250400,2.29,2.319,2.288,2.317,320,260
1681254000,2.317,2.318,2.291,2.298,180,270
1681261200,2.315,2.317,2.31,2.317,79,340
1681264800,2.317,2.319,2.312,2.315,66,320
1681268400,2.315,2.326,2.313,2.32,103,310
1681272000,2.32,2.326,2.319,2.321,83,310
1681275600,2.321,2.321,2.318,2.319,50,320
1681279200,2.32,2.321,2.315,2.315,65,320
1681282800,2.315,2.316,2.308,2.311,38,320
1681286400,2.31,2.311,2.296,2.296,114,310
1681290000,2.297,2.309,2.276,2.282,172,280
1681293600,2.283,2.297,2.277,2.2800000000000002,194,280
1681297200,2.2800000000000002,2.285,2.277,2.278,141,270
1681300800,2.278,2.299,2.278,2.296,187,280
1681304400,2.296,2.299,2.289,2.296,160,270
1681308000,2.296,2.319,2.285,2.306,324,250
1681311600,2.306,2.31,2.276,2.282,702,240
1681315200,2.282,2.294,2.262,2.287,835,250
1681318800,2.288,2.289,2.216,2.223,827,260
1681322400,2.224,2.233,2.198,2.209,674,270
1681326000,2.21,2.222,2.201,2.215,483,260
1681329600,2.215,2.227,2.2,2.206,550,270
1681333200,2.205,2.222,2.193,2.218,564,280
1681336800,2.219,2.222,2.211,2.212,205,280
1681340400,2.212,2.214,2.187,2.19,242,280
1681347600,2.206,2.211,2.203,2.209,138,350
1681351200,2.209,2.211,2.206,2.21,75,320
1681354800,2.21,2.213,2.205,2.205,101,300
1681358400,2.205,2.207,2.199,2.203,104,300
1681362000,2.203,2.209,2.2,2.206,81,320
1681365600,2.206,2.206,2.204,2.205,67,320
1681369200,2.205,2.206,2.202,2.203,53,320
1681372800,2.204,2.211,2.201,2.209,88,300
1681376400,2.209,2.212,2.205,2.212,108,300
1681380000,2.212,2.215,2.205,2.208,148,280
1681383600,2.208,2.209,2.182,2.196,256,270
1681387200,2.196,2.216,2.192,2.213,235,270
1681390800,2.213,2.216,2.201,2.214,181,260
1681394400,2.215,2.24,2.21,2.231,305,260
1681398000,2.231,2.252,2.197,2.208,614,250
1681401600,2.207,2.213,2.143,2.148,953,250
1681405200,2.147,2.189,2.142,2.182,746,250
1681408800,2.182,2.185,2.151,2.158,462,260
1681412400,2.158,2.16,2.132,2.143,443,270
1681416000,2.143,2.146,2.133,2.136,353,270
1681419600,2.136,2.156,2.13,2.151,550,270
1681423200,2.151,2.156,2.146,2.153,205,280
1681426800,2.153,2.167,2.133,2.133,176,280
1681434000,2.157,2.164,2.157,2.164,81,350
1681437600,2.165,2.166,2.157,2.165,76,320
1681441200,2.165,2.177,2.163,2.172,135,310
1681444800,2.172,2.175,2.17,2.172,75,310
1681448400,2.171,2.175,2.17,2.175,56,320
1681452000,2.175,2.177,2.173,2.177,61,320
1681455600,2.176,2.177,2.171,2.174,57,310
1681459200,2.175,2.176,2.168,2.175,105,320
1681462800,2.175,2.177,2.158,2.173,187,290
1681466400,2.172,2.174,2.162,2.168,153,280
1681470000,2.168,2.19,2.166,2.183,180,280
1681473600,2.183,2.186,2.178,2.181,158,280
1681477200,2.182,2.188,2.166,2.167,164,270
1681480800,2.167,2.181,2.1,2.111,462,250
1681484400,2.111,2.137,2.108,2.137,653,250
1681488000,2.137,2.16,2.122,2.159,777,250
1681491600,2.159,2.177,2.1310000000000002,2.154,661,260
1681495200,2.154,2.214,2.154,2.214,798,260
1681498800,2.214,2.253,2.208,2.24,656,270
1681502400,2.24,2.2560000000000002,2.225,2.246,705,270
1681506000,2.247,2.271,2.231,2.254,728,280
1681509600,2.254,2.263,2.25,2.258,260,280
1681513200,2.258,2.258,2.229,2.233,154,280
1681693200,2.298,2.319,2.297,2.317,279,340
1681696800,2.316,2.333,2.316,2.325,184,320
1681700400,2.325,2.326,2.313,2.316,176,310
1681704000,2.316,2.318,2.312,2.317,90,310
1681707600,2.318,2.319,2.316,2.316,45,320
1681711200,2.317,2.32,2.315,2.315,68,310
1681714800,2.314,2.319,2.313,2.318,68,310
1681718400,2.317,2.325,2.31,2.325,107,320
1681722000,2.325,2.325,2.318,2.322,133,290
1681725600,2.322,2.322,2.306,2.306,169,280
1681729200,2.306,2.308,2.303,2.305,128,290
1681732800,2.305,2.315,2.302,2.309,124,290
1681736400,2.309,2.32,2.299,2.319,149,270
1681740000,2.314,2.328,2.302,2.302,333,270
1681743600,2.302,2.392,2.301,2.382,920,260
1681747200,2.3810000000000002,2.426,2.3810000000000002,2.4050000000000002,1237,240
1681750800,2.406,2.419,2.3810000000000002,2.409,720,260
1681754400,2.409,2.415,2.3970000000000002,2.41,592,250
1681758000,2.41,2.415,2.383,2.399,521,260
1681761600,2.3970000000000002,2.422,2.386,2.421,520,280
1681765200,2.421,2.421,2.394,2.41,685,280
1681768800,2.41,2.416,2.401,2.412,249,280
1681772400,2.411,2.422,2.404,2.407,151,280
1681779600,2.423,2.424,2.417,2.42,69,340
1681783200,2.421,2.427,2.417,2.426,68,320
1681786800,2.426,2.431,2.418,2.425,185,310
1681790400,2.425,2.426,2.422,2.424,61,320
1681794000,2.424,2.425,2.421,2.424,57,320
1681797600,2.424,2.424,2.419,2.419,40,320
1681801200,2.419,2.42,2.403,2.4050000000000002,92,320
1681804800,2.4050000000000002,2.406,2.396,2.403,123,320
1681808400,2.403,2.414,2.3970000000000002,2.414,129,290
1681812000,2.414,2.425,2.411,2.414,163,290
1681815600,2.414,2.416,2.404,2.415,165,280
1681819200,2.415,2.471,2.414,2.469,231,280
1681822800,2.469,2.487,2.44,2.44,356,270
1681826400,2.44,2.443,2.392,2.394,462,250
1681830000,2.394,2.425,2.374,2.422,654,260
1681833600,2.419,2.45,2.409,2.418,844,260
1681837200,2.418,2.444,2.402,2.437,631,250
1681840800,2.437,2.485,2.429,2.474,607,250
1681844400,2.475,2.5,2.464,2.466,561,260
1681848000,2.466,2.505,2.457,2.5,527,280
1681851600,2.5,2.505,2.4859999999999998,2.5,610,280
1681855200,2.5,2.5,2.488,2.497,217,280
1681858800,2.496,2.511,2.488,2.489,171,290
1681866000,2.5060000000000002,2.51,2.504,2.508,115,360
1681869600,2.508,2.5140000000000002,2.505,2.505,107,320
1681873200,2.505,2.505,2.492,2.498,120,310
1681876800,2.498,2.499,2.493,2.496,86,310
1681880400,2.496,2.5,2.4939999999999998,2.496,94,310
1681884000,2.496,2.497,2.493,2.496,75,320
1681887600,2.496,2.497,2.4939999999999998,2.496,60,320
1681891200,2.495,2.498,2.487,2.496,107,310
1681894800,2.496,2.505,2.495,2.502,148,290
1681898400,2.502,2.525,2.501,2.5220000000000002,148,290
1681902000,2.523,2.527,2.4859999999999998,2.49,223,280
1681905600,2.49,2.496,2.4779999999999998,2.482,249,280
1681909200,2.482,2.495,2.48,2.4939999999999998,157,280
1681912800,2.493,2.508,2.455,2.458,369,250
1681916400,2.458,2.463,2.414,2.432,690,260
1681920000,2.432,2.432,2.3689999999999998,2.38,882,250
1681923600,2.38,2.384,2.3529999999999998,2.384,602,260
1681927200,2.384,2.415,2.384,2.409,507,260
1681930800,2.409,2.411,2.38,2.385,449,260
1681934400,2.384,2.413,2.375,2.4050000000000002,416,280
1681938000,2.4050000000000002,2.4050000000000002,2.372,2.385,572,280
1681941600,2.386,2.388,2.372,2.378,202,270
1681945200,2.379,2.385,2.327,2.327,194,280
1681952400,2.352,2.371,2.349,2.363,151,350
1681956000,2.362,2.37,2.359,2.37,95,320
1681959600,2.3689999999999998,2.38,2.366,2.378,108,310
1681963200,2.378,2.379,2.364,2.3689999999999998,71,310
1681966800,2.368,2.376,2.368,2.374,64,320
1681970400,2.374,2.374,2.368,2.373,56,320
1681974000,2.373,2.375,2.372,2.374,53,320
1681977600,2.374,2.382,2.3689999999999998,2.382,98,310
1681981200,2.38,2.39,2.373,2.39,165,290
1681984800,2.39,2.395,2.382,2.391,181,290
1681988400,2.391,2.407,2.387,2.402,198,290
1681992000,2.403,2.408,2.395,2.3970000000000002,157,280
1681995600,2.3970000000000002,2.414,2.396,2.414,154,270
1681999200,2.414,2.418,2.362,2.375,343,260
1682002800,2.375,2.417,2.3689999999999998,2.406,687,250
1682006400,2.406,2.422,2.366,2.392,774,260
1682010000,2.392,2.394,2.336,2.348,854,250
1682013600,2.348,2.357,2.312,2.351,621,260
1682017200,2.351,2.387,2.34,2.385,410,260
1682020800,2.385,2.428,2.376,2.427,604,270
1682024400,2.428,2.429,2.403,2.404,558,270
1682028000,2.404,2.408,2.3890000000000002,2.395,285,270
1682031600,2.395,2.396,2.344,2.346,165,280
1682038800,2.375,2.383,2.374,2.382,92,340
1682042400,2.382,2.388,2.377,2.382,64,320
1682046000,2.382,2.3890000000000002,2.382,2.388,75,320
1682049600,2.388,2.393,2.385,2.391,76,310
1682053200,2.391,2.394,2.39,2.393,49,320
1682056800,2.393,2.3970000000000002,2.39,2.396,69,300
1682060400,2.395,2.3970000000000002,2.3890000000000002,2.393,82,320
1682064000,2.393,2.398,2.39,2.391,102,310
1682067600,2.392,2.416,2.391,2.403,197,290
1682071200,2.403,2.42,2.401,2.403,239,290
1682074800,2.403,2.415,2.385,2.415,214,280
1682078400,2.415,2.42,2.4050000000000002,2.4050000000000002,168,280
1682082000,2.4050000000000002,2.409,2.393,2.399,171,270
1682085600,2.399,2.414,2.379,2.385,293,270
1682089200,2.385,2.449,2.355,2.416,870,260
1682092800,2.418,2.427,2.396,2.407,676,260
1682096400,2.407,2.428,2.384,2.392,612,260
1682100000,2.392,2.417,2.387,2.416,486,260
1682103600,2.416,2.437,2.415,2.421,457,270
1682107200,2.421,2.422,2.4,2.404,342,280
1682110800,2.403,2.414,2.3890000000000002,2.401,444,270
1682114400,2.401,2.408,2.394,2.401,216,280
1682118000,2.401,2.413,2.384,2.39,140,270
1682298000,2.401,2.415,2.3970000000000002,2.41,142,350
1682301600,2.41,2.424,2.408,2.424,96,320
1682305200,2.424,2.425,2.409,2.409,93,320
1682308800,2.409,2.409,2.39,2.39,144,310
1682312400,2.39,2.391,2.383,2.387,88,300
1682316000,2.387,2.3890000000000002,2.382,2.388,86,310
1682319600,2.388,2.388,2.384,2.385,75,320
1682323200,2.385,2.401,2.384,2.391,149,310
1682326800,2.391,2.393,2.375,2.391,187,290
1682330400,2.391,2.409,2.388,2.408,125,290
1682334000,2.408,2.418,2.403,2.414,171,280
1682337600,2.415,2.424,2.408,2.413,159,280
1682341200,2.414,2.422,2.385,2.391,223,270
1682344800,2.392,2.434,2.388,2.421,384,260
1682348400,2.421,2.424,2.379,2.393,443,250
1682352000,2.393,2.454,2.392,2.444,726,250
1682355600,2.445,2.476,2.41,2.416,865,260
1682359200,2.416,2.452,2.409,2.436,520,260
1682362800,2.436,2.474,2.43,2.462,434,270
1682366400,2.462,2.496,2.461,2.481,514,280
1682370000,2.481,2.495,2.46,2.475,593,280
1682373600,2.475,2.479,2.459,2.474,284,280
1682377200,2.473,2.477,2.458,2.461,144,290
1682384400,2.483,2.483,2.475,2.475,83,340
1682388000,2.475,2.4779999999999998,2.473,2.4779999999999998,55,320
1682391600,2.4779999999999998,2.483,2.463,2.466,100,300
1682395200,2.467,2.469,2.463,2.466,111,300
1682398800,2.466,2.471,2.463,2.465,89,310
1682402400,2.465,2.471,2.464,2.471,79,320
1682406000,2.4699999999999998,2.471,2.461,2.465,91,320
1682409600,2.467,2.471,2.461,2.464,101,310
1682413200,2.464,2.469,2.462,2.468,104,290
1682416800,2.467,2.467,2.449,2.45,164,290
1682420400,2.451,2.46,2.45,2.451,151,290
1682424000,2.45,2.451,2.438,2.449,182,280
1682427600,2.449,2.456,2.431,2.434,304,260
1682431200,2.434,2.444,2.394,2.4050000000000002,432,260
1682434800,2.4050000000000002,2.446,2.4050000000000002,2.441,537,270
1682438400,2.441,2.461,2.43,2.432,543,260
1682442000,2.433,2.444,2.413,2.437,520,270
1682445600,2.437,2.469,2.432,2.45,572,240
1682449200,2.449,2.454,2.441,2.452,400,270
1682452800,2.452,2.463,2.444,2.455,429,280
1682456400,2.456,2.466,2.442,2.447,580,280
1682460000,2.447,2.45,2.417,2.417,206,280
1682463600,2.418,2.426,2.3890000000000002,2.391,197,270
1682470800,2.41,2.421,2.407,2.416,143,330
1682474400,2.416,2.419,2.414,2.417,91,320
1682478000,2.417,2.421,2.413,2.416,69,320
1682481600,2.416,2.418,2.404,2.417,94,310
1682485200,2.417,2.419,2.415,2.418,62,310
1682488800,2.418,2.425,2.418,2.422,69,320
1682492400,2.422,2.425,2.419,2.425,71,320
1682496000,2.425,2.431,2.424,2.429,82,310
1682499600,2.429,2.439,2.423,2.439,121,290
1682503200,2.438,2.439,2.411,2.434,274,290
1682506800,2.435,2.444,2.425,2.433,192,280
1682510400,2.433,2.436,2.386,2.401,268,280
1682514000,2.402,2.406,2.382,2.394,299,270
1682517600,2.394,2.399,2.347,2.37,464,250
1682521200,2.37,2.395,2.3609999999999998,2.3810000000000002,545,260
1682524800,2.38,2.3810000000000002,2.334,2.335,700,250
1682528400,2.334,2.335,2.315,2.335,576,260
1682532000,2.334,2.34,2.32,2.322,427,270
1682535600,2.322,2.332,2.307,2.324,423,270
1682539200,2.324,2.331,2.307,2.314,434,270
1682542800,2.314,2.352,2.307,2.339,596,280
1682546400,2.339,2.346,2.336,2.342,196,280
1682550000,2.342,2.349,2.325,2.328,141,290
1682557200,2.35,2.35,2.342,2.343,76,350
1682560800,2.343,2.348,2.341,2.346,50,320
1682564400,2.346,2.349,2.344,2.349,76,320
1682568000,2.349,2.351,2.348,2.349,50,320
1682571600,2.35,2.35,2.344,2.347,58,320
1682575200,2.347,2.348,2.337,2.339,83,310
1682578800,2.339,2.344,2.339,2.342,92,320
1682582400,2.342,2.347,2.34,2.346,72,320
1682586000,2.346,2.36,2.33,2.354,162,280
1682589600,2.354,2.358,2.338,2.347,179,290
1682593200,2.347,2.35,2.34,2.346,123,280
1682596800,2.346,2.349,2.335,2.343,164,280
1682600400,2.343,2.343,2.321,2.331,196,260
1682604000,2.332,2.35,2.315,2.322,311,260
1682607600,2.322,2.363,2.31,2.336,733,250
1682611200,2.336,2.3890000000000002,2.336,2.365,856,260
1682614800,2.365,2.367,2.325,2.35,718,260
1682618400,2.35,2.383,2.346,2.373,576,260
1682622000,2.373,2.403,2.367,2.402,486,260
1682625600,2.402,2.413,2.385,2.3890000000000002,513,270
1682629200,2.388,2.408,2.377,2.394,560,280
1682632800,2.394,2.403,2.391,2.391,184,280
1682636400,2.39,2.396,2.372,2.374,104,290
1682643600,2.3970000000000002,2.4,2.393,2.398,64,360
1682647200,2.398,2.399,2.39,2.395,56,320
1682650800,2.394,2.395,2.386,2.3890000000000002,92,310
1682654400,2.3890000000000002,2.391,2.387,2.39,71,300
1682658000,2.39,2.392,2.384,2.3890000000000002,54,320
1682661600,2.3890000000000002,2.3890000000000002,2.387,2.3890000000000002,31,320
1682665200,2.3890000000000002,2.396,2.387,2.393,76,320
1682668800,2.393,2.396,2.3890000000000002,2.3890000000000002,50,320
1682672400,2.39,2.396,2.378,2.39,133,290
1682676000,2.39,2.394,2.371,2.372,152,270
1682679600,2.372,2.377,2.363,2.366,197,280
1682683200,2.366,2.372,2.363,2.372,136,290
1682686800,2.372,2.374,2.348,2.36,239,270
1682690400,2.36,2.362,2.339,2.339,325,260
1682694000,2.339,2.5620000000000003,2.334,2.499,2116,250
1682697600,2.503,2.5380000000000003,2.39,2.418,1848,310
1682701200,2.418,2.447,2.408,2.44,566,320
1682704800,2.441,2.464,2.407,2.419,559,250
1682708400,2.419,2.449,2.409,2.442,396,260
1682712000,2.442,2.442,2.419,2.437,347,260
1682715600,2.437,2.457,2.428,2.457,557,270
1682719200,2.457,2.457,2.437,2.439,255,270
1682722800,2.439,2.446,2.42,2.423,151,280
1682902800,2.432,2.434,2.421,2.421,168,330
1682906400,2.421,2.431,2.42,2.425,83,320
1682910000,2.425,2.428,2.418,2.425,91,320
1682913600,2.425,2.425,2.418,2.422,67,310
1682917200,2.422,2.425,2.419,2.421,71,320
1682920800,2.42,2.42,2.409,2.411,66,320
1682924400,2.41,2.411,2.402,2.404,86,320
1682928000,2.4050000000000002,2.413,2.4050000000000002,2.411,86,310
1682931600,2.411,2.411,2.386,2.4,151,290
1682935200,2.401,2.403,2.383,2.387,153,280
1682938800,2.39,2.395,2.384,2.387,146,280
1682942400,2.387,2.402,2.383,2.402,158,280
1682946000,2.402,2.403,2.388,2.403,196,270
1682949600,2.403,2.445,2.392,2.429,382,270
1682953200,2.429,2.458,2.401,2.415,763,250
1682956800,2.414,2.44,2.41,2.413,644,260
1682960400,2.413,2.419,2.383,2.387,554,260
1682964000,2.387,2.3890000000000002,2.356,2.358,412,260
1682967600,2.358,2.37,2.344,2.362,362,270
1682971200,2.362,2.375,2.344,2.349,419,280
1682974800,2.349,2.374,2.346,2.362,366,280
1682978400,2.362,2.37,2.356,2.363,167,280
1682982000,2.363,2.368,2.351,2.354,117,290
1682989200,2.374,2.375,2.367,2.3689999999999998,57,350
1682992800,2.3689999999999998,2.37,2.3609999999999998,2.365,83,320
1682996400,2.365,2.368,2.357,2.36,100,310
1683000000,2.3609999999999998,2.365,2.358,2.362,77,320
1683003600,2.3609999999999998,2.3609999999999998,2.356,2.359,88,310
1683007200,2.359,2.3609999999999998,2.356,2.358,67,310
1683010800,2.358,2.364,2.357,2.363,76,310
1683014400,2.362,2.3689999999999998,2.36,2.364,90,310
1683018000,2.364,2.386,2.363,2.383,166,290
1683021600,2.383,2.394,2.375,2.39,160,280
1683025200,2.3890000000000002,2.398,2.386,2.388,185,280
1683028800,2.388,2.402,2.388,2.394,152,290
1683032400,2.394,2.404,2.39,2.403,126,270
1683036000,2.403,2.403,2.336,2.342,468,260
1683039600,2.342,2.347,2.304,2.322,568,250
1683043200,2.322,2.326,2.289,2.291,491,260
1683046800,2.29,2.306,2.284,2.295,413,270
1683050400,2.295,2.3,2.275,2.286,348,270
1683054000,2.286,2.287,2.2720000000000002,2.285,332,270
1683057600,2.285,2.285,2.2560000000000002,2.266,466,270
1683061200,2.266,2.287,2.259,2.282,471,270
1683064800,2.282,2.291,2.2800000000000002,2.287,192,280
1683068400,2.287,2.295,2.2720000000000002,2.275,92,290
1683075600,2.3,2.3,2.288,2.29,59,350
1683079200,2.29,2.294,2.284,2.294,59,320
1683082800,2.294,2.304,2.294,2.303,102,320
1683086400,2.303,2.305,2.301,2.303,45,320
1683090000,2.303,2.305,2.299,2.301,46,320
1683093600,2.302,2.305,2.3,2.302,72,310
1683097200,2.302,2.304,2.294,2.301,78,320
1683100800,2.301,2.302,2.296,2.297,84,320
1683104400,2.298,2.31,2.296,2.31,117,290
1683108000,2.31,2.315,2.284,2.286,158,280
1683111600,2.287,2.299,2.2800000000000002,2.294,205,290
1683115200,2.294,2.302,2.2800000000000002,2.286,159,270
1683118800,2.286,2.295,2.2560000000000002,2.262,310,270
1683122400,2.263,2.282,2.241,2.254,430,260
1683126000,2.254,2.277,2.238,2.263,598,260
1683129600,2.263,2.2720000000000002,2.212,2.213,767,260
1683133200,2.213,2.218,2.193,2.198,520,260
1683136800,2.198,2.212,2.184,2.194,525,270
1683140400,2.194,2.205,2.186,2.202,322,260
1683144000,2.202,2.2560000000000002,2.199,2.252,520,280
1683147600,2.252,2.254,2.226,2.235,580,280
1683151200,2.235,2.241,2.226,2.227,194,270
1683154800,2.227,2.233,2.209,2.21,138,280
1683162000,2.235,2.235,2.21,2.227,134,350
1683165600,2.227,2.23,2.223,2.228,86,320
1683169200,2.228,2.245,2.228,2.241,133,310
1683172800,2.242,2.251,2.24,2.25,111,300
1683176400,2.25,2.255,2.247,2.253,81,310
1683180000,2.253,2.255,2.253,2.253,61,320
1683183600,2.253,2.255,2.249,2.252,71,310
1683187200,2.252,2.26,2.25,2.257,94,310
1683190800,2.257,2.265,2.2439999999999998,2.252,152,300
1683194400,2.252,2.257,2.235,2.249,148,280
1683198000,2.249,2.255,2.242,2.254,129,280
1683201600,2.254,2.254,2.241,2.246,82,290
1683205200,2.246,2.246,2.23,2.2439999999999998,118,270
1683208800,2.2439999999999998,2.254,2.214,2.216,251,250
1683212400,2.216,2.261,2.214,2.229,510,260
1683216000,2.229,2.241,2.185,2.195,728,250
1683219600,2.193,2.209,2.172,2.18,875,240
1683223200,2.18,2.215,2.176,2.2,545,270
1683226800,2.2,2.227,2.193,2.193,468,260
1683230400,2.194,2.206,2.187,2.205,298,280
1683234000,2.205,2.206,2.171,2.176,409,270
1683237600,2.177,2.179,2.169,2.169,148,280
1683241200,2.169,2.176,2.151,2.154,133,280
1683248400,2.175,2.181,2.174,2.179,69,350
1683252000,2.179,2.181,2.176,2.178,45,320
1683255600,2.178,2.178,2.155,2.159,125,290
1683259200,2.159,2.166,2.158,2.161,82,320
1683262800,2.161,2.161,2.155,2.161,83,310
1683266400,2.161,2.166,2.15,2.151,67,300
1683270000,2.151,2.16,2.151,2.154,96,310
1683273600,2.155,2.155,2.129,2.132,195,300
1683277200,2.132,2.163,2.125,2.157,221,290
1683280800,2.157,2.171,2.152,2.153,160,280
1683284400,2.154,2.171,2.151,2.17,151,280
1683288000,2.17,2.178,2.168,2.177,159,290
1683291600,2.177,2.184,2.165,2.183,143,270
1683295200,2.183,2.198,2.167,2.191,278,250
1683298800,2.191,2.197,2.15,2.175,618,250
1683302400,2.175,2.239,2.166,2.234,814,260
1683306000,2.233,2.242,2.214,2.234,465,260
1683309600,2.234,2.241,2.214,2.237,413,270
1683313200,2.237,2.252,2.221,2.245,461,270
1683316800,2.245,2.247,2.221,2.227,329,270
1683320400,2.228,2.239,2.206,2.208,435,280
1683324000,2.207,2.208,2.194,2.198,161,280
1683327600,2.197,2.21,2.184,2.184,124,270
1683507600,2.241,2.2560000000000002,2.228,2.254,257,350
1683511200,2.254,2.2720000000000002,2.254,2.27,138,320
1683514800,2.27,2.278,2.27,2.275,202,310
1683518400,2.276,2.283,2.275,2.279,90,320
1683522000,2.278,2.281,2.275,2.279,69,320
1683525600,2.279,2.281,2.277,2.278,58,320
1683529200,2.278,2.283,2.278,2.282,68,320
1683532800,2.282,2.287,2.278,2.282,112,310
1683536400,2.282,2.288,2.281,2.283,102,290
1683540000,2.283,2.294,2.283,2.286,94,280
1683543600,2.286,2.291,2.279,2.281,159,290
1683547200,2.281,2.282,2.273,2.2800000000000002,105,290
1683550800,2.281,2.287,2.271,2.271,133,260
1683554400,2.271,2.306,2.271,2.301,323,260
1683558000,2.301,2.306,2.271,2.3,525,250
1683561600,2.299,2.32,2.2720000000000002,2.278,838,260
1683565200,2.278,2.329,2.2720000000000002,2.328,570,270
1683568800,2.328,2.333,2.316,2.328,477,270
1683572400,2.328,2.333,2.307,2.325,354,270
1683576000,2.325,2.328,2.303,2.308,280,270
1683579600,2.308,2.335,2.297,2.328,519,270
1683583200,2.328,2.33,2.313,2.316,207,270
1683586800,2.316,2.329,2.31,2.316,138,290
1683594000,2.337,2.338,2.331,2.331,82,350
1683597600,2.331,2.331,2.321,2.323,64,320
1683601200,2.323,2.326,2.317,2.323,119,310
1683604800,2.323,2.329,2.323,2.324,88,310
1683608400,2.324,2.328,2.324,2.324,62,310
1683612000,2.324,2.325,2.322,2.323,43,320
1683615600,2.323,2.324,2.311,2.312,71,320
1683619200,2.312,2.317,2.31,2.311,124,320
1683622800,2.311,2.318,2.305,2.313,132,290
1683626400,2.314,2.322,2.309,2.316,131,280
1683630000,2.316,2.318,2.305,2.309,134,280
1683633600,2.309,2.316,2.304,2.31,127,280
1683637200,2.31,2.314,2.282,2.288,168,270
1683640800,2.288,2.338,2.282,2.337,420,260
1683644400,2.337,2.38,2.337,2.3689999999999998,837,260
1683648000,2.3689999999999998,2.3890000000000002,2.337,2.3449999999999998,742,240
1683651600,2.346,2.3529999999999998,2.306,2.33,733,260
1683655200,2.331,2.332,2.305,2.327,384,250
1683658800,2.329,2.3529999999999998,2.317,2.351,379,260
1683662400,2.351,2.368,2.35,2.351,331,280
1683666000,2.351,2.37,2.342,2.352,461,270
1683669600,2.352,2.354,2.344,2.352,145,270
1683673200,2.352,2.356,2.329,2.33,109,280
1683680400,2.347,2.347,2.342,2.343,62,350
1683684000,2.343,2.348,2.343,2.347,46,320
1683687600,2.347,2.347,2.332,2.338,91,310
1683691200,2.338,2.339,2.333,2.335,73,310
1683694800,2.334,2.334,2.327,2.329,79,320
1683698400,2.329,2.334,2.327,2.334,58,320
1683702000,2.334,2.334,2.329,2.333,53,320
1683705600,2.333,2.339,2.329,2.336,106,310
1683709200,2.335,2.341,2.326,2.337,117,290
1683712800,2.338,2.344,2.33,2.332,151,280
1683716400,2.332,2.339,2.327,2.33,156,290
1683720000,2.33,2.344,2.324,2.33,160,280
1683723600,2.33,2.33,2.311,2.319,232,260
1683727200,2.319,2.331,2.311,2.319,350,260
1683730800,2.319,2.329,2.31,2.316,470,250
1683734400,2.316,2.318,2.273,2.274,527,250
1683738000,2.274,2.281,2.252,2.277,432,260
1683741600,2.277,2.295,2.277,2.2800000000000002,325,270
1683745200,2.281,2.317,2.278,2.296,447,270
1683748800,2.296,2.297,2.267,2.285,377,280
1683752400,2.285,2.285,2.259,2.277,499,280
1683756000,2.277,2.281,2.2640000000000002,2.273,190,280
1683759600,2.273,2.275,2.249,2.25,128,280
1683766800,2.271,2.276,2.267,2.268,66,350
1683770400,2.268,2.271,2.267,2.271,71,320
1683774000,2.271,2.274,2.268,2.273,107,310
1683777600,2.273,2.279,2.27,2.275,75,320
1683781200,2.275,2.276,2.27,2.2720000000000002,55,320
1683784800,2.2720000000000002,2.275,2.271,2.2720000000000002,69,320
1683788400,2.2720000000000002,2.273,2.266,2.2720000000000002,73,320
1683792000,2.2720000000000002,2.281,2.269,2.281,96,320
1683795600,2.281,2.283,2.268,2.276,154,290
1683799200,2.277,2.285,2.267,2.27,175,280
1683802800,2.27,2.277,2.263,2.274,158,290
1683806400,2.274,2.315,2.274,2.294,304,280
1683810000,2.295,2.303,2.282,2.289,257,270
1683813600,2.29,2.299,2.259,2.285,337,260
1683817200,2.285,2.29,2.26,2.265,445,250
1683820800,2.265,2.302,2.259,2.285,597,260
1683824400,2.284,2.328,2.27,2.325,657,250
1683828000,2.325,2.339,2.32,2.321,410,260
1683831600,2.321,2.322,2.301,2.31,283,270
1683835200,2.31,2.311,2.266,2.2720000000000002,481,280
1683838800,2.2720000000000002,2.29,2.2720000000000002,2.283,318,280
1683842400,2.283,2.286,2.2800000000000002,2.283,130,280
1683846000,2.283,2.29,2.27,2.271,102,290
1683853200,2.288,2.289,2.284,2.285,53,350
1683856800,2.285,2.288,2.284,2.287,33,330
1683860400,2.286,2.287,2.2800000000000002,2.284,75,320
1683864000,2.284,2.284,2.2800000000000002,2.281,63,310
1683867600,2.281,2.281,2.275,2.278,89,320
1683871200,2.278,2.279,2.275,2.276,49,320
1683874800,2.276,2.276,2.27,2.274,60,310
1683878400,2.273,2.2800000000000002,2.273,2.275,70,320
1683882000,2.275,2.283,2.257,2.263,171,290
1683885600,2.263,2.269,2.259,2.262,129,290
1683889200,2.262,2.273,2.26,2.27,110,290
1683892800,2.271,2.275,2.2640000000000002,2.27,191,280
1683896400,2.27,2.283,2.267,2.2800000000000002,135,270
1683900000,2.2800000000000002,2.31,2.2800000000000002,2.294,278,250
1683903600,2.294,2.313,2.267,2.278,429,260
1683907200,2.281,2.32,2.268,2.316,597,260
1683910800,2.315,2.331,2.301,2.307,523,260
1683914400,2.306,2.322,2.299,2.321,352,270
1683918000,2.321,2.332,2.303,2.306,350,270
1683921600,2.305,2.443,2.305,2.423,1467,250
1683925200,2.423,2.44,2.38,2.394,830,270
1683928800,2.394,2.398,2.386,2.388,253,280
1683932400,2.388,2.393,2.376,2.379,122,280
1684112400,2.395,2.398,2.378,2.393,172,350
1684116000,2.393,2.395,2.388,2.395,89,320
1684119600,2.393,2.393,2.375,2.382,146,310
1684123200,2.382,2.383,2.372,2.374,114,310
1684126800,2.374,2.394,2.374,2.39,105,310
1684130400,2.39,2.398,2.39,2.398,82,320
1684134000,2.398,2.412,2.398,2.409,122,310
1684137600,2.41,2.412,2.403,2.404,134,310
1684141200,2.403,2.416,2.394,2.411,171,290
1684144800,2.411,2.422,2.398,2.409,228,280
1684148400,2.409,2.414,2.399,2.412,222,280
1684152000,2.412,2.43,2.407,2.411,189,280
1684155600,2.411,2.429,2.4050000000000002,2.4050000000000002,226,270
1684159200,2.4050000000000002,2.435,2.401,2.427,290,260
1684162800,2.427,2.476,2.422,2.472,754,260
1684166400,2.472,2.49,2.449,2.471,749,250
1684170000,2.471,2.484,2.454,2.466,521,260
1684173600,2.466,2.492,2.464,2.466,483,270
1684177200,2.466,2.475,2.442,2.467,489,270
1684180800,2.467,2.489,2.461,2.475,370,280
1684184400,2.475,2.505,2.472,2.496,525,270
1684188000,2.496,2.499,2.488,2.492,193,280
1684191600,2.491,2.495,2.465,2.474,122,280
1684198800,2.488,2.489,2.4859999999999998,2.487,23,360
1684202400,2.487,2.488,2.482,2.487,65,320
1684206000,2.487,2.487,2.481,2.485,120,310
1684209600,2.485,2.485,2.482,2.483,42,310
1684213200,2.483,2.485,2.479,2.48,55,320
1684216800,2.479,2.485,2.479,2.479,49,300
1684220400,2.48,2.482,2.4779999999999998,2.481,38,320
1684224000,2.481,2.483,2.48,2.481,71,320
1684227600,2.481,2.496,2.481,2.4859999999999998,152,290
1684231200,2.487,2.502,2.4859999999999998,2.489,136,290
1684234800,2.489,2.495,2.489,2.491,88,280
1684238400,2.491,2.493,2.485,2.4859999999999998,89,290
1684242000,2.4859999999999998,2.499,2.484,2.493,129,270
1684245600,2.493,2.493,2.4699999999999998,2.475,262,260
1684249200,2.475,2.553,2.472,2.543,759,260
1684252800,2.543,2.59,2.5380000000000003,2.5709999999999997,829,250
1684256400,2.5709999999999997,2.585,2.548,2.551,510,270
1684260000,2.551,2.559,2.529,2.5300000000000002,503,260
1684263600,2.5300000000000002,2.535,2.491,2.501,654,260
1684267200,2.501,2.524,2.491,2.5060000000000002,443,280
1684270800,2.5060000000000002,2.5060000000000002,2.4779999999999998,2.484,462,270
1684274400,2.484,2.491,2.471,2.476,191,280
1684278000,2.475,2.487,2.462,2.462,90,290
1684285200,2.492,2.492,2.479,2.481,128,340
1684288800,2.481,2.483,2.477,2.481,64,320
1684292400,2.481,2.485,2.4779999999999998,2.479,75,310
1684296000,2.479,2.483,2.476,2.481,60,320
1684299600,2.481,2.4859999999999998,2.48,2.4859999999999998,62,320
1684303200,2.4859999999999998,2.492,2.484,2.49,81,310
1684306800,2.49,2.49,2.481,2.4859999999999998,75,320
1684310400,2.4859999999999998,2.489,2.473,2.4779999999999998,98,320
1684314000,2.4779999999999998,2.485,2.472,2.485,150,290
1684317600,2.485,2.496,2.482,2.4939999999999998,143,280
1684321200,2.4939999999999998,2.507,2.491,2.501,157,280
1684324800,2.503,2.519,2.503,2.512,186,280
1684328400,2.512,2.547,2.509,2.536,257,270
1684332000,2.536,2.558,2.5220000000000002,2.55,370,260
1684335600,2.55,2.5540000000000003,2.505,2.5140000000000002,549,260
1684339200,2.511,2.52,2.445,2.4699999999999998,950,250
1684342800,2.4699999999999998,2.475,2.445,2.457,477,260
1684346400,2.456,2.493,2.448,2.476,438,260
1684350000,2.476,2.5220000000000002,2.476,2.51,534,270
1684353600,2.51,2.526,2.502,2.517,437,280
1684357200,2.517,2.517,2.462,2.477,469,270
1684360800,2.477,2.492,2.474,2.49,154,270
1684364400,2.489,2.493,2.473,2.476,109,290
1684371600,2.496,2.498,2.489,2.49,95,350
1684375200,2.49,2.491,2.475,2.484,106,310
1684378800,2.484,2.493,2.479,2.488,131,310
1684382400,2.488,2.493,2.487,2.491,102,320
1684386000,2.49,2.491,2.4859999999999998,2.488,69,320
1684389600,2.488,2.499,2.488,2.498,118,320
1684393200,2.498,2.499,2.487,2.492,86,310
1684396800,2.492,2.5,2.487,2.491,111,320
1684400400,2.49,2.499,2.484,2.487,152,290
1684404000,2.487,2.489,2.48,2.484,147,290
1684407600,2.484,2.484,2.467,2.475,195,280
1684411200,2.475,2.49,2.474,2.49,124,290
1684414800,2.49,2.51,2.485,2.488,184,270
1684418400,2.488,2.523,2.487,2.5220000000000002,268,260
1684422000,2.5220000000000002,2.54,2.503,2.523,691,250
1684425600,2.523,2.532,2.477,2.485,720,260
1684429200,2.485,2.627,2.479,2.613,1277,260
1684432800,2.616,2.646,2.616,2.642,747,260
1684436400,2.642,2.707,2.6390000000000002,2.654,878,260
1684440000,2.6550000000000002,2.684,2.641,2.678,567,330
1684443600,2.678,2.726,2.674,2.715,745,340
1684447200,2.715,2.718,2.685,2.709,288,350
1684450800,2.709,2.719,2.695,2.703,201,360
1684458000,2.71,2.71,2.689,2.7,108,490
1684461600,2.7,2.707,2.691,2.692,119,430
1684465200,2.692,2.692,2.6710000000000003,2.68,223,410
1684468800,2.68,2.683,2.675,2.678,113,420
1684472400,2.678,2.6870000000000003,2.677,2.684,116,420
1684476000,2.684,2.6870000000000003,2.68,2.684,122,420
1684479600,2.684,2.689,2.68,2.685,114,420
1684483200,2.685,2.6959999999999997,2.684,2.693,133,420
1684486800,2.693,2.71,2.69,2.691,249,360
1684490400,2.689,2.699,2.674,2.695,203,360
1684494000,2.695,2.695,2.683,2.6879999999999997,188,350
1684497600,2.686,2.686,2.665,2.68,229,340
1684501200,2.681,2.69,2.676,2.681,176,330
1684504800,2.681,2.697,2.6710000000000003,2.694,249,310
1684508400,2.694,2.76,2.678,2.755,725,320
1684512000,2.755,2.792,2.721,2.755,1136,320
1684515600,2.757,2.798,2.74,2.797,668,320
1684519200,2.797,2.797,2.758,2.784,649,310
1684522800,2.784,2.793,2.765,2.774,527,320
1684526400,2.774,2.775,2.68,2.689,811,320
1684530000,2.689,2.705,2.681,2.7039999999999997,467,340
1684533600,2.7039999999999997,2.706,2.697,2.702,149,340
1684537200,2.702,2.703,2.684,2.685,95,360
1684717200,2.676,2.676,2.64,2.652,188,490
1684720800,2.652,2.654,2.6470000000000002,2.653,78,430
1684724400,2.653,2.658,2.653,2.656,87,420
1684728000,2.656,2.661,2.641,2.649,124,410
1684731600,2.649,2.649,2.645,2.648,71,420
1684735200,2.648,2.658,2.645,2.654,104,410
1684738800,2.654,2.662,2.652,2.659,100,420
1684742400,2.659,2.6630000000000003,2.656,2.66,79,420
1684746000,2.66,2.667,2.656,2.666,117,370
1684749600,2.667,2.691,2.65,2.6879999999999997,148,360
1684753200,2.6879999999999997,2.6879999999999997,2.6710000000000003,2.675,131,360
1684756800,2.674,2.676,2.662,2.6630000000000003,116,360
1684760400,2.6630000000000003,2.665,2.641,2.65,209,320
1684764000,2.65,2.6630000000000003,2.641,2.651,236,300
1684767600,2.651,2.657,2.594,2.609,549,310
1684771200,2.609,2.61,2.572,2.578,648,310
1684774800,2.567,2.567,2.512,2.523,780,330
1684778400,2.523,2.536,2.501,2.528,563,320
1684782000,2.528,2.539,2.511,2.512,337,320
1684785600,2.512,2.531,2.507,2.52,315,350
1684789200,2.52,2.542,2.515,2.541,360,350
1684792800,2.541,2.543,2.5300000000000002,2.536,151,340
1684796400,2.535,2.54,2.515,2.521,122,350
1684803600,2.534,2.537,2.523,2.537,94,500
1684807200,2.537,2.539,2.524,2.534,113,430
1684810800,2.534,2.544,2.5300000000000002,2.542,116,420
1684814400,2.542,2.543,2.537,2.537,74,420
1684818000,2.537,2.539,2.532,2.5380000000000003,64,420
1684821600,2.5380000000000003,2.5380000000000003,2.532,2.533,65,420
1684825200,2.533,2.536,2.524,2.528,125,410
1684828800,2.528,2.5380000000000003,2.527,2.536,118,420
1684832400,2.536,2.545,2.525,2.544,170,360
1684836000,2.544,2.5460000000000003,2.5380000000000003,2.539,119,360
1684839600,2.539,2.5540000000000003,2.539,2.548,134,360
1684843200,2.548,2.549,2.521,2.524,161,350
1684846800,2.524,2.532,2.52,2.526,158,330
1684850400,2.527,2.543,2.521,2.526,210,310
1684854000,2.526,2.533,2.502,2.521,455,310
1684857600,2.521,2.521,2.477,2.501,499,300
1684861200,2.501,2.529,2.489,2.524,422,320
1684864800,2.524,2.5460000000000003,2.487,2.493,377,300
1684868400,2.493,2.501,2.482,2.4859999999999998,268,330
1684872000,2.4859999999999998,2.491,2.479,2.482,258,350
1684875600,2.482,2.496,2.475,2.495,290,350
1684879200,2.495,2.499,2.489,2.496,151,350
1684882800,2.497,2.499,2.485,2.4859999999999998,78,360
1684890000,2.4939999999999998,2.497,2.49,2.492,53,510
1684893600,2.492,2.495,2.491,2.492,36,420
1684897200,2.492,2.502,2.491,2.495,104,420
1684900800,2.495,2.496,2.487,2.493,115,410
1684904400,2.493,2.493,2.487,2.491,90,420
1684908000,2.491,2.496,2.489,2.49,78,420
1684911600,2.49,2.491,2.483,2.487,96,420
1684915200,2.487,2.503,2.4859999999999998,2.501,128,410
1684918800,2.501,2.505,2.4939999999999998,2.502,134,370
1684922400,2.501,2.512,2.498,2.511,119,360
1684926000,2.511,2.511,2.499,2.505,114,350
1684929600,2.505,2.526,2.505,2.515,173,360
1684933200,2.516,2.519,2.505,2.505,151,330
1684936800,2.505,2.515,2.489,2.501,293,320
1684940400,2.501,2.544,2.495,2.534,538,320
1684944000,2.534,2.556,2.526,2.533,521,320
1684947600,2.533,2.5629999999999997,2.5300000000000002,2.549,425,270
1684951200,2.549,2.558,2.527,2.557,400,260
1684954800,2.557,2.56,2.531,2.532,392,260
1684958400,2.532,2.552,2.532,2.543,293,280
1684962000,2.543,2.566,2.535,2.551,447,280
1684965600,2.551,2.569,2.55,2.567,219,280
1684969200,2.567,2.57,2.543,2.543,131,290
1684976400,2.592,2.594,2.568,2.586,142,350
1684980000,2.586,2.59,2.5789999999999997,2.585,100,320
1684983600,2.585,2.59,2.581,2.589,135,300
1684987200,2.589,2.591,2.576,2.582,121,320
1684990800,2.582,2.586,2.5789999999999997,2.584,82,300
1684994400,2.583,2.584,2.574,2.576,110,320
1684998000,2.577,2.577,2.569,2.574,102,310
1685001600,2.574,2.575,2.566,2.57,122,310
1685005200,2.568,2.577,2.568,2.57,149,290
1685008800,2.57,2.581,2.555,2.56,200,280
1685012400,2.56,2.56,2.549,2.549,171,280
1685016000,2.55,2.5540000000000003,2.543,2.545,192,290
1685019600,2.545,2.555,2.537,2.537,156,270
1685023200,2.537,2.555,2.517,2.517,292,260
1685026800,2.517,2.57,2.492,2.566,723,270
1685030400,2.564,2.577,2.534,2.544,636,260
1685034000,2.545,2.552,2.479,2.499,811,260
1685037600,2.499,2.499,2.452,2.455,557,260
1685041200,2.454,2.464,2.431,2.445,465,260
1685044800,2.445,2.451,2.432,2.44,393,280
1685048400,2.439,2.499,2.438,2.464,622,280
1685052000,2.464,2.4699999999999998,2.456,2.466,193,280
1685055600,2.466,2.468,2.449,2.451,119,280
1685062800,2.462,2.463,2.443,2.444,93,350
1685066400,2.444,2.451,2.443,2.448,75,320
1685070000,2.448,2.461,2.448,2.459,87,300
1685073600,2.459,2.46,2.454,2.458,74,320
1685077200,2.458,2.458,2.454,2.457,55,320
1685080800,2.457,2.459,2.454,2.454,56,320
1685084400,2.455,2.458,2.451,2.456,71,320
1685088000,2.456,2.467,2.456,2.466,80,320
1685091600,2.466,2.472,2.456,2.471,175,290
1685095200,2.471,2.479,2.458,2.474,160,280
1685098800,2.475,2.481,2.467,2.471,115,280
1685102400,2.471,2.483,2.467,2.468,124,280
1685106000,2.468,2.468,2.427,2.433,264,260
1685109600,2.433,2.458,2.43,2.449,311,260
1685113200,2.449,2.46,2.411,2.412,518,260
1685116800,2.412,2.426,2.388,2.402,736,260
1685120400,2.402,2.427,2.394,2.396,479,260
1685124000,2.396,2.412,2.388,2.404,403,270
1685127600,2.404,2.416,2.398,2.415,323,270
1685131200,2.414,2.471,2.399,2.406,717,270
1685134800,2.406,2.428,2.394,2.417,726,270
1685138400,2.417,2.431,2.412,2.424,279,280
1685142000,2.424,2.424,2.4,2.408,139,290
1685322000,2.418,2.438,2.415,2.425,117,350
1685325600,2.43,2.443,2.429,2.439,93,330
1685329200,2.436,2.443,2.434,2.438,58,320
1685332800,2.438,2.439,2.433,2.434,55,320
1685336400,2.437,2.438,2.434,2.436,39,320
1685340000,2.433,2.437,2.43,2.433,50,320
1685343600,2.433,2.434,2.425,2.431,77,320
1685347200,2.431,2.436,2.416,2.425,122,310
1685350800,2.425,2.435,2.419,2.434,141,290
1685354400,2.434,2.439,2.421,2.426,178,280
1685358000,2.425,2.447,2.422,2.445,173,280
1685361600,2.445,2.453,2.439,2.45,131,290
1685365200,2.451,2.453,2.426,2.446,189,270
1685368800,2.446,2.452,2.426,2.431,154,260
1685372400,2.431,2.431,2.36,2.36,463,320
1685376000,2.36,2.373,2.355,2.368,304,330
1685379600,2.368,2.3689999999999998,2.351,2.357,233,320
1685383200,2.357,2.358,2.342,2.35,185,310
1685386800,2.35,2.356,2.349,2.355,104,320
1685390400,2.355,2.355,2.349,2.351,28,350
1685408400,2.358,2.362,2.339,2.349,89,500
1685412000,2.35,2.3529999999999998,2.337,2.347,86,430
1685415600,2.352,2.359,2.349,2.358,116,420
1685419200,2.358,2.364,2.357,2.359,102,420
1685422800,2.359,2.3609999999999998,2.354,2.355,47,430
1685426400,2.3609999999999998,2.362,2.354,2.359,77,420
1685430000,2.359,2.36,2.351,2.356,70,420
1685433600,2.357,2.358,2.35,2.352,69,420
1685437200,2.352,2.366,2.352,2.3609999999999998,102,290
1685440800,2.36,2.365,2.349,2.351,125,280
1685444400,2.352,2.38,2.352,2.359,199,280
1685448000,2.359,2.379,2.355,2.375,163,280
1685451600,2.375,2.3810000000000002,2.359,2.378,183,260
1685455200,2.378,2.38,2.3529999999999998,2.366,272,260
1685458800,2.366,2.384,2.324,2.335,647,260
1685462400,2.335,2.349,2.296,2.318,817,250
1685466000,2.318,2.342,2.308,2.31,621,260
1685469600,2.31,2.325,2.295,2.3,289,270
1685473200,2.3,2.311,2.285,2.289,387,260
1685476800,2.289,2.294,2.27,2.282,468,280
1685480400,2.282,2.346,2.277,2.325,772,280
1685484000,2.324,2.328,2.315,2.319,201,280
1685487600,2.319,2.324,2.299,2.306,134,280
1685494800,2.331,2.331,2.304,2.312,85,350
1685498400,2.311,2.319,2.305,2.313,89,320
1685502000,2.313,2.329,2.313,2.321,142,310
1685505600,2.321,2.324,2.317,2.318,81,320
1685509200,2.317,2.322,2.314,2.319,62,310
1685512800,2.319,2.319,2.313,2.314,99,310
1685516400,2.314,2.321,2.313,2.32,73,320
1685520000,2.32,2.32,2.316,2.318,54,320
1685523600,2.318,2.319,2.306,2.318,169,290
1685527200,2.318,2.331,2.318,2.324,154,290
1685530800,2.324,2.335,2.314,2.319,157,290
1685534400,2.321,2.331,2.306,2.31,189,280
1685538000,2.31,2.324,2.304,2.324,134,270
1685541600,2.324,2.331,2.301,2.306,268,240
1685545200,2.306,2.39,2.301,2.385,533,260
1685548800,2.384,2.422,2.338,2.338,1079,260
1685552400,2.339,2.3609999999999998,2.32,2.333,677,250
1685556000,2.333,2.341,2.322,2.322,370,260
1685559600,2.322,2.324,2.309,2.313,404,270
1685563200,2.312,2.315,2.286,2.309,397,270
1685566800,2.308,2.309,2.267,2.269,549,250
1685570400,2.269,2.2800000000000002,2.269,2.274,178,280
1685574000,2.274,2.282,2.251,2.252,122,290
1685581200,2.274,2.276,2.27,2.2720000000000002,72,350
1685584800,2.2720000000000002,2.276,2.269,2.275,58,330
1685588400,2.275,2.282,2.275,2.2800000000000002,84,310
1685592000,2.2800000000000002,2.284,2.276,2.283,85,300
1685595600,2.283,2.284,2.2800000000000002,2.2800000000000002,56,320
1685599200,2.283,2.286,2.2800000000000002,2.284,41,320
1685602800,2.285,2.286,2.276,2.2800000000000002,83,310
1685606400,2.283,2.285,2.279,2.281,76,320
1685610000,2.282,2.297,2.275,2.297,131,280
1685613600,2.297,2.302,2.284,2.297,163,290
1685617200,2.297,2.298,2.286,2.289,134,280
1685620800,2.289,2.295,2.286,2.29,123,280
1685624400,2.29,2.294,2.263,2.267,202,270
1685628000,2.267,2.281,2.266,2.273,210,260
1685631600,2.273,2.288,2.218,2.223,478,260
1685635200,2.223,2.224,2.182,2.186,551,250
1685638800,2.186,2.22,2.178,2.184,863,260
1685642400,2.184,2.202,2.164,2.189,603,260
1685646000,2.189,2.205,2.185,2.199,349,270
1685649600,2.199,2.207,2.183,2.203,403,280
1685653200,2.202,2.216,2.183,2.195,566,280
1685656800,2.195,2.195,2.186,2.19,157,280
1685660400,2.191,2.197,2.171,2.176,125,280
1685667600,2.194,2.196,2.191,2.194,89,360
1685671200,2.194,2.197,2.19,2.195,38,320
1685674800,2.195,2.203,2.193,2.199,110,320
1685678400,2.199,2.202,2.197,2.201,64,320
1685682000,2.199,2.203,2.198,2.202,59,320
1685685600,2.202,2.203,2.199,2.203,61,320
1685689200,2.203,2.203,2.199,2.203,56,310
1685692800,2.203,2.208,2.201,2.202,82,320
1685696400,2.201,2.209,2.193,2.195,128,290
1685700000,2.195,2.223,2.187,2.208,250,280
1685703600,2.208,2.215,2.201,2.212,158,270
1685707200,2.212,2.219,2.205,2.213,174,280
1685710800,2.214,2.217,2.198,2.21,192,270
1685714400,2.21,2.216,2.179,2.181,340,240
1685718000,2.182,2.237,2.178,2.233,644,240
1685721600,2.233,2.27,2.221,2.263,813,260
1685725200,2.2640000000000002,2.269,2.249,2.255,577,260
1685728800,2.255,2.268,2.226,2.243,393,250
1685732400,2.243,2.251,2.228,2.243,254,270
1685736000,2.243,2.247,2.225,2.229,323,260
1685739600,2.229,2.239,2.204,2.228,426,280
1685743200,2.228,2.232,2.217,2.22,178,280
1685746800,2.22,2.224,2.2,2.201,107,290
1685926800,2.242,2.253,2.224,2.247,201,340
1685930400,2.247,2.252,2.246,2.246,75,310
1685934000,2.246,2.247,2.238,2.241,73,320
1685937600,2.241,2.248,2.24,2.245,77,320
1685941200,2.2439999999999998,2.247,2.24,2.2439999999999998,45,320
1685944800,2.245,2.251,2.242,2.247,65,320
1685948400,2.247,2.253,2.245,2.252,69,320
1685952000,2.252,2.266,2.25,2.265,133,320
1685955600,2.265,2.27,2.254,2.258,136,290
1685959200,2.258,2.265,2.2560000000000002,2.2640000000000002,127,280
1685962800,2.265,2.276,2.262,2.2720000000000002,174,280
1685966400,2.273,2.277,2.257,2.275,187,270
1685970000,2.275,2.279,2.266,2.278,166,270
1685973600,2.277,2.299,2.259,2.287,296,260
1685977200,2.288,2.343,2.262,2.308,843,250
1685980800,2.308,2.341,2.305,2.325,839,260
1685984400,2.325,2.335,2.288,2.317,628,260
1685988000,2.317,2.34,2.309,2.335,502,250
1685991600,2.335,2.359,2.326,2.335,534,260
1685995200,2.335,2.335,2.306,2.317,424,280
1685998800,2.317,2.319,2.267,2.284,399,270
1686002400,2.284,2.301,2.281,2.295,210,280
1686006000,2.295,2.315,2.292,2.295,196,290
1686013200,2.313,2.314,2.307,2.309,52,350
1686016800,2.313,2.317,2.309,2.317,50,320
1686020400,2.317,2.332,2.316,2.326,79,310
1686024000,2.326,2.326,2.313,2.313,61,310
1686027600,2.315,2.317,2.311,2.313,60,320
1686031200,2.316,2.318,2.313,2.316,46,320
1686034800,2.316,2.319,2.308,2.309,58,310
1686038400,2.309,2.312,2.295,2.299,91,320
1686042000,2.3,2.311,2.288,2.297,176,290
1686045600,2.297,2.301,2.282,2.283,146,280
1686049200,2.283,2.289,2.274,2.276,159,280
1686052800,2.276,2.292,2.276,2.284,135,290
1686056400,2.284,2.287,2.273,2.274,128,270
1686060000,2.274,2.285,2.259,2.263,322,260
1686063600,2.263,2.267,2.224,2.249,729,250
1686067200,2.249,2.298,2.24,2.29,668,270
1686070800,2.29,2.333,2.287,2.327,751,260
1686074400,2.327,2.338,2.287,2.293,457,260
1686078000,2.293,2.315,2.286,2.313,426,260
1686081600,2.313,2.318,2.287,2.294,341,280
1686085200,2.294,2.316,2.281,2.312,421,280
1686088800,2.312,2.315,2.308,2.312,120,270
1686092400,2.311,2.315,2.2800000000000002,2.2800000000000002,95,290
1686099600,2.315,2.319,2.311,2.312,47,360
1686103200,2.317,2.318,2.31,2.316,52,320
1686106800,2.316,2.316,2.309,2.312,78,320
1686110400,2.312,2.314,2.307,2.311,55,320
1686114000,2.311,2.313,2.308,2.313,46,320
1686117600,2.312,2.315,2.307,2.314,63,320
1686121200,2.314,2.315,2.309,2.312,55,320
1686124800,2.312,2.312,2.305,2.307,86,310
1686128400,2.307,2.327,2.304,2.318,132,290
1686132000,2.318,2.321,2.3,2.311,118,280
1686135600,2.311,2.326,2.304,2.325,131,290
1686139200,2.325,2.326,2.306,2.31,124,280
1686142800,2.31,2.336,2.305,2.336,173,280
1686146400,2.336,2.367,2.317,2.36,366,260
1686150000,2.359,2.382,2.336,2.3689999999999998,665,260
1686153600,2.3689999999999998,2.393,2.363,2.373,672,250
1686157200,2.375,2.388,2.321,2.331,637,250
1686160800,2.331,2.378,2.326,2.373,533,260
1686164400,2.373,2.375,2.354,2.368,428,260
1686168000,2.368,2.373,2.354,2.3689999999999998,297,280
1686171600,2.3689999999999998,2.388,2.355,2.379,522,280
1686175200,2.379,2.38,2.367,2.372,180,280
1686178800,2.371,2.375,2.354,2.356,100,290
1686186000,2.376,2.376,2.364,2.3689999999999998,62,360
1686189600,2.3689999999999998,2.375,2.363,2.373,50,320
1686193200,2.373,2.375,2.364,2.368,103,310
1686196800,2.368,2.368,2.3609999999999998,2.364,53,320
1686200400,2.364,2.366,2.362,2.365,48,320
1686204000,2.364,2.368,2.362,2.365,56,320
1686207600,2.364,2.365,2.357,2.362,45,320
1686211200,2.3609999999999998,2.367,2.357,2.362,91,320
1686214800,2.363,2.368,2.352,2.357,151,290
1686218400,2.357,2.3689999999999998,2.3529999999999998,2.3609999999999998,144,280
1686222000,2.3609999999999998,2.37,2.3609999999999998,2.362,114,290
1686225600,2.362,2.3810000000000002,2.359,2.38,160,280
1686229200,2.38,2.387,2.37,2.37,155,270
1686232800,2.372,2.41,2.37,2.395,329,260
1686236400,2.395,2.413,2.372,2.378,674,250
1686240000,2.378,2.3890000000000002,2.338,2.372,872,260
1686243600,2.372,2.42,2.327,2.341,1188,260
1686247200,2.341,2.364,2.32,2.326,732,260
1686250800,2.326,2.38,2.323,2.376,606,260
1686254400,2.377,2.384,2.363,2.371,431,280
1686258000,2.37,2.391,2.37,2.375,505,270
1686261600,2.375,2.375,2.364,2.37,142,280
1686265200,2.37,2.371,2.337,2.337,112,280
1686272400,2.355,2.357,2.35,2.357,49,360
1686276000,2.357,2.357,2.346,2.3529999999999998,55,330
1686279600,2.3529999999999998,2.355,2.344,2.351,70,320
1686283200,2.351,2.358,2.347,2.356,79,320
1686286800,2.3529999999999998,2.358,2.352,2.357,38,320
1686290400,2.358,2.359,2.356,2.358,53,320
1686294000,2.358,2.358,2.347,2.351,70,310
1686297600,2.351,2.355,2.348,2.352,88,310
1686301200,2.352,2.363,2.346,2.3609999999999998,124,290
1686304800,2.3609999999999998,2.3689999999999998,2.346,2.365,177,280
1686308400,2.366,2.374,2.3529999999999998,2.371,212,280
1686312000,2.371,2.376,2.355,2.356,164,280
1686315600,2.356,2.356,2.332,2.338,234,260
1686319200,2.338,2.344,2.311,2.319,331,260
1686322800,2.319,2.33,2.302,2.325,613,260
1686326400,2.325,2.333,2.3,2.331,766,260
1686330000,2.331,2.3529999999999998,2.31,2.349,506,260
1686333600,2.35,2.35,2.322,2.329,466,270
1686337200,2.328,2.34,2.315,2.325,333,270
1686340800,2.325,2.328,2.286,2.291,402,280
1686344400,2.291,2.302,2.288,2.302,390,270
1686348000,2.302,2.306,2.299,2.301,139,280
1686351600,2.3,2.304,2.282,2.284,117,290
1686531600,2.3449999999999998,2.352,2.324,2.327,168,340
1686535200,2.327,2.332,2.322,2.331,53,320
1686538800,2.33,2.333,2.324,2.329,76,310
1686542400,2.329,2.33,2.325,2.328,37,320
1686546000,2.328,2.333,2.326,2.333,52,320
1686549600,2.332,2.332,2.323,2.328,43,320
1686553200,2.328,2.328,2.312,2.315,76,310
1686556800,2.315,2.318,2.304,2.307,91,320
1686560400,2.307,2.315,2.305,2.31,95,290
1686564000,2.309,2.316,2.281,2.285,207,280
1686567600,2.285,2.295,2.281,2.292,171,290
1686571200,2.292,2.301,2.287,2.294,132,280
1686574800,2.294,2.324,2.281,2.314,229,270
1686578400,2.314,2.315,2.269,2.2720000000000002,305,250
1686582000,2.2720000000000002,2.289,2.257,2.259,492,260
1686585600,2.259,2.296,2.257,2.293,628,270
1686589200,2.294,2.294,2.247,2.2720000000000002,478,270
1686592800,2.2720000000000002,2.291,2.261,2.281,430,260
1686596400,2.283,2.297,2.27,2.27,313,270
1686600000,2.27,2.298,2.255,2.289,314,270
1686603600,2.289,2.315,2.286,2.303,340,270
1686607200,2.303,2.31,2.299,2.307,120,280
1686610800,2.307,2.315,2.288,2.298,77,280
1686618000,2.316,2.316,2.307,2.309,51,350
1686621600,2.313,2.318,2.307,2.318,56,320
1686625200,2.318,2.324,2.317,2.322,81,320
1686628800,2.322,2.327,2.319,2.327,42,320
1686632400,2.327,2.327,2.322,2.326,56,320
1686636000,2.326,2.332,2.324,2.329,81,320
1686639600,2.329,2.331,2.322,2.327,60,320
1686643200,2.327,2.335,2.326,2.334,72,320
1686646800,2.334,2.34,2.329,2.335,127,290
1686650400,2.336,2.347,2.335,2.342,140,290
1686654000,2.342,2.3449999999999998,2.332,2.337,146,290
1686657600,2.337,2.359,2.332,2.358,179,290
1686661200,2.359,2.36,2.349,2.3529999999999998,179,270
1686664800,2.352,2.358,2.339,2.357,240,270
1686668400,2.357,2.393,2.349,2.362,633,260
1686672000,2.3609999999999998,2.403,2.3609999999999998,2.3810000000000002,764,270
1686675600,2.3810000000000002,2.39,2.373,2.387,393,270
1686679200,2.387,2.394,2.363,2.367,332,260
1686682800,2.367,2.376,2.346,2.354,328,270
1686686400,2.355,2.375,2.354,2.373,262,280
1686690000,2.373,2.385,2.367,2.375,361,280
1686693600,2.375,2.378,2.3689999999999998,2.372,135,280
1686697200,2.372,2.374,2.352,2.354,106,290
1686704400,2.371,2.371,2.362,2.366,33,350
1686708000,2.367,2.3689999999999998,2.36,2.366,50,330
1686711600,2.366,2.367,2.339,2.348,113,290
1686715200,2.348,2.348,2.341,2.3449999999999998,62,320
1686718800,2.3449999999999998,2.348,2.341,2.346,39,320
1686722400,2.346,2.351,2.342,2.35,47,320
1686726000,2.35,2.35,2.3449999999999998,2.346,41,320
1686729600,2.3449999999999998,2.355,2.3449999999999998,2.3529999999999998,61,320
1686733200,2.3529999999999998,2.371,2.352,2.3689999999999998,161,290
1686736800,2.3689999999999998,2.377,2.357,2.3689999999999998,206,280
1686740400,2.3689999999999998,2.372,2.36,2.368,170,290
1686744000,2.368,2.368,2.355,2.359,148,280
1686747600,2.359,2.377,2.352,2.376,172,270
1686751200,2.376,2.418,2.36,2.416,438,260
1686754800,2.416,2.428,2.385,2.392,682,260
1686758400,2.391,2.396,2.373,2.391,636,260
1686762000,2.391,2.392,2.359,2.364,504,270
1686765600,2.364,2.403,2.363,2.382,489,260
1686769200,2.3810000000000002,2.3970000000000002,2.375,2.392,334,270
1686772800,2.392,2.402,2.386,2.387,270,280
1686776400,2.387,2.391,2.373,2.384,453,270
1686780000,2.384,2.394,2.384,2.391,165,280
1686783600,2.391,2.394,2.3689999999999998,2.378,93,290
1686790800,2.391,2.391,2.3810000000000002,2.386,57,350
1686794400,2.386,2.386,2.379,2.3810000000000002,44,320
1686798000,2.3810000000000002,2.384,2.375,2.38,103,310
1686801600,2.38,2.38,2.372,2.372,62,320
1686805200,2.375,2.375,2.367,2.3689999999999998,69,310
1686808800,2.3689999999999998,2.374,2.367,2.374,64,310
1686812400,2.374,2.375,2.367,2.373,58,320
1686816000,2.373,2.382,2.37,2.378,121,320
1686819600,2.378,2.383,2.367,2.376,167,290
1686823200,2.376,2.384,2.372,2.383,152,290
1686826800,2.383,2.4050000000000002,2.377,2.398,205,280
1686830400,2.398,2.404,2.393,2.396,139,280
1686834000,2.396,2.413,2.383,2.411,221,270
1686837600,2.411,2.469,2.407,2.458,539,260
1686841200,2.458,2.468,2.434,2.453,566,260
1686844800,2.453,2.481,2.448,2.473,794,260
1686848400,2.473,2.567,2.467,2.561,1168,250
1686852000,2.5620000000000003,2.59,2.5460000000000003,2.553,866,260
1686855600,2.553,2.59,2.542,2.5789999999999997,630,250
1686859200,2.5789999999999997,2.614,2.577,2.6,632,270
1686862800,2.6,2.609,2.575,2.5949999999999998,783,270
1686866400,2.5949999999999998,2.61,2.592,2.607,263,280
1686870000,2.607,2.61,2.5789999999999997,2.59,148,280
1686877200,2.6029999999999998,2.605,2.599,2.601,72,360
1686880800,2.604,2.604,2.598,2.599,37,320
1686884400,2.602,2.602,2.586,2.589,218,310
1686888000,2.589,2.592,2.585,2.589,113,310
1686891600,2.589,2.593,2.585,2.585,78,310
1686895200,2.588,2.593,2.585,2.591,83,310
1686898800,2.591,2.597,2.589,2.594,93,310
1686902400,2.5949999999999998,2.608,2.591,2.608,123,320
1686906000,2.607,2.6189999999999998,2.6029999999999998,2.612,175,290
1686909600,2.612,2.6189999999999998,2.601,2.604,206,280
1686913200,2.604,2.61,2.592,2.61,252,270
1686916800,2.609,2.6189999999999998,2.593,2.61,241,280
1686920400,2.61,2.646,2.61,2.645,236,270
1686924000,2.645,2.652,2.598,2.612,399,260
1686927600,2.612,2.633,2.606,2.621,697,260
1686931200,2.622,2.683,2.573,2.5869999999999997,1211,260
1686934800,2.5869999999999997,2.672,2.577,2.6630000000000003,851,260
1686938400,2.6630000000000003,2.678,2.657,2.668,623,250
1686942000,2.668,2.697,2.665,2.695,432,270
1686945600,2.6959999999999997,2.709,2.672,2.68,496,260
1686949200,2.68,2.701,2.676,2.691,509,280
1686952800,2.691,2.694,2.675,2.675,189,270
1686956400,2.676,2.683,2.665,2.665,106,290
1687136400,2.682,2.685,2.664,2.675,162,350
1687140000,2.675,2.675,2.656,2.662,81,320
1687143600,2.662,2.6630000000000003,2.645,2.648,98,310
1687147200,2.648,2.649,2.64,2.643,89,320
1687150800,2.643,2.644,2.63,2.637,96,310
1687154400,2.638,2.649,2.632,2.643,97,310
1687158000,2.643,2.646,2.637,2.642,53,320
1687161600,2.642,2.648,2.6390000000000002,2.6470000000000002,85,320
1687165200,2.6470000000000002,2.652,2.644,2.651,99,290
1687168800,2.651,2.653,2.645,2.649,115,290
1687172400,2.649,2.652,2.643,2.645,83,290
1687176000,2.6470000000000002,2.676,2.6470000000000002,2.669,139,280
1687179600,2.67,2.6790000000000003,2.657,2.675,171,270
1687183200,2.675,2.683,2.666,2.667,171,260
1687186800,2.667,2.699,2.659,2.68,448,260
1687190400,2.68,2.719,2.674,2.718,555,270
1687194000,2.718,2.749,2.715,2.741,569,260
1687197600,2.741,2.749,2.7279999999999998,2.733,385,270
1687201200,2.733,2.742,2.719,2.733,202,320
1687204800,2.733,2.7359999999999998,2.723,2.7279999999999998,30,350
1687222800,2.7039999999999997,2.7119999999999997,2.6959999999999997,2.706,79,500
1687226400,2.706,2.708,2.695,2.706,71,420
1687230000,2.706,2.711,2.701,2.7039999999999997,70,420
1687233600,2.7039999999999997,2.706,2.699,2.7,60,420
1687237200,2.7,2.707,2.6959999999999997,2.705,57,420
1687240800,2.705,2.714,2.699,2.711,70,420
1687244400,2.711,2.715,2.705,2.714,73,420
1687248000,2.715,2.726,2.71,2.724,102,420
1687251600,2.724,2.739,2.721,2.735,120,280
1687255200,2.735,2.74,2.7279999999999998,2.732,139,290
1687258800,2.733,2.74,2.73,2.731,107,290
1687262400,2.731,2.753,2.727,2.746,143,290
1687266000,2.747,2.759,2.735,2.755,181,270
1687269600,2.755,2.765,2.73,2.7439999999999998,373,260
1687273200,2.745,2.745,2.685,2.71,736,240
1687276800,2.71,2.716,2.675,2.692,783,240
1687280400,2.692,2.707,2.586,2.6,1035,250
1687284000,2.6,2.625,2.586,2.6189999999999998,776,260
1687287600,2.6189999999999998,2.62,2.6,2.6029999999999998,442,260
1687291200,2.6029999999999998,2.61,2.575,2.585,408,270
1687294800,2.585,2.586,2.547,2.555,615,270
1687298400,2.555,2.568,2.553,2.553,245,270
1687302000,2.553,2.559,2.527,2.527,101,290
1687309200,2.545,2.552,2.545,2.547,66,360
1687312800,2.55,2.555,2.544,2.5540000000000003,52,320
1687316400,2.555,2.566,2.552,2.565,144,310
1687320000,2.564,2.569,2.561,2.569,96,310
1687323600,2.569,2.572,2.56,2.561,108,320
1687327200,2.561,2.568,2.561,2.566,79,310
1687330800,2.566,2.5709999999999997,2.5620000000000003,2.565,109,320
1687334400,2.565,2.566,2.559,2.559,90,320
1687338000,2.559,2.56,2.541,2.555,161,290
1687341600,2.555,2.575,2.553,2.566,232,290
1687345200,2.565,2.584,2.564,2.584,179,280
1687348800,2.584,2.586,2.569,2.5709999999999997,190,280
1687352400,2.5709999999999997,2.59,2.569,2.5789999999999997,212,270
1687356000,2.5789999999999997,2.602,2.5789999999999997,2.592,288,260
1687359600,2.59,2.599,2.537,2.561,699,260
1687363200,2.561,2.588,2.513,2.584,1051,260
1687366800,2.584,2.6189999999999998,2.583,2.588,704,260
1687370400,2.5869999999999997,2.625,2.584,2.618,466,270
1687374000,2.618,2.648,2.616,2.643,433,270
1687377600,2.643,2.644,2.621,2.64,384,270
1687381200,2.64,2.666,2.637,2.657,502,280
1687384800,2.657,2.664,2.646,2.662,186,280
1687388400,2.6630000000000003,2.668,2.632,2.642,126,280
1687395600,2.6550000000000002,2.656,2.646,2.649,47,360
1687399200,2.649,2.656,2.6470000000000002,2.656,69,320
1687402800,2.656,2.656,2.648,2.654,84,310
1687406400,2.654,2.6550000000000002,2.65,2.653,66,320
1687410000,2.652,2.6550000000000002,2.648,2.654,47,320
1687413600,2.654,2.6550000000000002,2.651,2.654,44,320
1687417200,2.654,2.658,2.652,2.657,53,320
1687420800,2.657,2.659,2.653,2.658,58,320
1687424400,2.657,2.668,2.6470000000000002,2.664,127,290
1687428000,2.664,2.686,2.661,2.685,151,280
1687431600,2.686,2.69,2.6790000000000003,2.6879999999999997,133,280
1687435200,2.6879999999999997,2.69,2.678,2.6879999999999997,147,280
1687438800,2.6879999999999997,2.699,2.668,2.67,218,270
1687442400,2.67,2.67,2.627,2.64,338,240
1687446000,2.64,2.681,2.638,2.662,687,260
1687449600,2.662,2.684,2.651,2.665,742,260
1687453200,2.665,2.693,2.599,2.627,1170,240
1687456800,2.627,2.6470000000000002,2.613,2.625,753,260
1687460400,2.625,2.648,2.624,2.637,472,270
1687464000,2.637,2.6879999999999997,2.636,2.676,482,280
1687467600,2.676,2.693,2.668,2.6879999999999997,493,260
1687471200,2.6879999999999997,2.6879999999999997,2.676,2.677,180,280
1687474800,2.677,2.691,2.664,2.676,116,280
1687482000,2.685,2.699,2.684,2.693,97,350
1687485600,2.693,2.695,2.68,2.6870000000000003,69,310
1687489200,2.684,2.689,2.681,2.682,85,310
1687492800,2.682,2.683,2.675,2.677,67,310
1687496400,2.677,2.68,2.673,2.6790000000000003,62,310
1687500000,2.6790000000000003,2.6790000000000003,2.672,2.675,57,310
1687503600,2.675,2.678,2.672,2.675,68,310
1687507200,2.675,2.676,2.668,2.669,47,320
1687510800,2.669,2.677,2.667,2.668,96,290
1687514400,2.667,2.67,2.652,2.656,121,280
1687518000,2.656,2.659,2.651,2.653,110,280
1687521600,2.653,2.664,2.641,2.6630000000000003,170,280
1687525200,2.6630000000000003,2.695,2.6630000000000003,2.677,224,270
1687528800,2.677,2.726,2.677,2.703,351,260
1687532400,2.705,2.7199999999999998,2.645,2.667,682,250
1687536000,2.667,2.668,2.597,2.626,891,260
1687539600,2.626,2.65,2.625,2.645,519,260
1687543200,2.645,2.708,2.627,2.705,560,250
1687546800,2.705,2.742,2.7039999999999997,2.742,583,260
1687550400,2.742,2.77,2.721,2.766,576,270
1687554000,2.766,2.835,2.765,2.808,930,280
1687557600,2.808,2.826,2.807,2.8120000000000003,339,280
1687561200,2.8120000000000003,2.819,2.797,2.801,163,260
1687741200,2.857,2.882,2.854,2.874,300,270
1687744800,2.875,2.8890000000000002,2.874,2.888,135,270
1687748400,2.888,2.888,2.862,2.865,195,260
1687752000,2.866,2.866,2.862,2.863,68,260
1687755600,2.863,2.866,2.862,2.864,72,260
1687759200,2.864,2.8689999999999998,2.862,2.865,81,260
1687762800,2.865,2.871,2.862,2.866,84,260
1687766400,2.865,2.87,2.864,2.8689999999999998,88,260
1687770000,2.8689999999999998,2.8890000000000002,2.867,2.885,171,250
1687773600,2.883,2.884,2.852,2.8529999999999998,317,240
1687777200,2.8529999999999998,2.8689999999999998,2.848,2.864,183,240
1687780800,2.864,2.875,2.838,2.848,218,220
1687784400,2.849,2.852,2.84,2.842,184,240
1687788000,2.842,2.847,2.8129999999999997,2.83,360,220
1687791600,2.83,2.871,2.828,2.8449999999999998,568,230
1687795200,2.8449999999999998,2.918,2.8449999999999998,2.887,1036,220
1687798800,2.8890000000000002,2.89,2.843,2.859,655,230
1687802400,2.859,2.8609999999999998,2.826,2.854,505,240
1687806000,2.854,2.877,2.848,2.851,596,230
1687809600,2.85,2.863,2.841,2.86,518,240
1687813200,2.86,2.893,2.855,2.888,684,240
1687816800,2.8890000000000002,2.8970000000000002,2.867,2.867,312,240
1687820400,2.868,2.8689999999999998,2.838,2.84,183,240
1687827600,2.8609999999999998,2.863,2.851,2.852,89,280
1687831200,2.852,2.857,2.852,2.855,76,270
1687834800,2.855,2.86,2.851,2.856,89,260
1687838400,2.856,2.862,2.852,2.8609999999999998,108,260
1687842000,2.862,2.875,2.859,2.872,88,260
1687845600,2.872,2.874,2.865,2.8689999999999998,74,260
1687849200,2.87,2.87,2.863,2.868,86,260
1687852800,2.868,2.87,2.8529999999999998,2.854,123,260
1687856400,2.855,2.858,2.844,2.846,103,250
1687860000,2.847,2.86,2.846,2.854,134,250
1687863600,2.854,2.867,2.852,2.863,111,250
1687867200,2.863,2.866,2.842,2.843,159,240
1687870800,2.843,2.856,2.8369999999999997,2.848,242,240
1687874400,2.848,2.864,2.825,2.826,295,220
1687878000,2.826,2.875,2.822,2.832,756,220
1687881600,2.834,2.85,2.8129999999999997,2.819,888,230
1687885200,2.819,2.863,2.816,2.862,514,230
1687888800,2.862,2.865,2.826,2.831,430,230
1687892400,2.831,2.838,2.819,2.836,420,240
1687896000,2.838,2.843,2.791,2.795,618,230
1687899600,2.795,2.801,2.74,2.787,1017,230
1687903200,2.787,2.799,2.784,2.785,230,240
1687906800,2.785,2.789,2.757,2.766,117,250
1687914000,2.785,2.786,2.778,2.782,87,280
1687917600,2.782,2.789,2.781,2.786,64,270
1687921200,2.787,2.791,2.787,2.789,68,260
1687924800,2.789,2.789,2.785,2.787,63,260
1687928400,2.787,2.7960000000000003,2.783,2.7960000000000003,67,260
1687932000,2.7960000000000003,2.807,2.795,2.8040000000000003,66,260
1687935600,2.802,2.815,2.798,2.802,117,250
1687939200,2.802,2.81,2.797,2.808,110,250
1687942800,2.808,2.8129999999999997,2.803,2.8120000000000003,142,250
1687946400,2.811,2.833,2.81,2.83,199,240
1687950000,2.8289999999999997,2.832,2.822,2.826,152,240
1687953600,2.827,2.831,2.81,2.815,258,240
1687957200,2.815,2.82,2.806,2.808,155,240
1687960800,2.808,2.832,2.802,2.83,253,230
1687964400,2.83,2.856,2.797,2.808,673,230
1687968000,2.808,2.8129999999999997,2.722,2.742,1015,220
1687971600,2.742,2.742,2.711,2.726,791,230
1687975200,2.725,2.746,2.6879999999999997,2.695,652,230
1687978800,2.695,2.723,2.6879999999999997,2.721,448,240
1687982400,2.7199999999999998,2.7199999999999998,2.668,2.682,555,230
1687986000,2.682,2.682,2.636,2.649,888,240
1687989600,2.649,2.652,2.635,2.64,233,240
1687993200,2.64,2.644,2.604,2.621,149,240
1688000400,2.638,2.643,2.634,2.641,111,280
1688004000,2.641,2.644,2.637,2.644,83,270
1688007600,2.645,2.656,2.642,2.6550000000000002,145,250
1688011200,2.6550000000000002,2.658,2.651,2.654,64,260
1688014800,2.654,2.6550000000000002,2.651,2.654,66,260
1688018400,2.654,2.656,2.651,2.654,58,260
1688022000,2.654,2.6550000000000002,2.645,2.649,72,260
1688025600,2.649,2.651,2.646,2.65,53,270
1688029200,2.648,2.658,2.6470000000000002,2.651,136,250
1688032800,2.651,2.66,2.641,2.649,188,250
1688036400,2.649,2.659,2.641,2.653,106,240
1688040000,2.653,2.653,2.64,2.645,108,250
1688043600,2.645,2.6630000000000003,2.64,2.642,173,240
1688047200,2.642,2.664,2.632,2.6470000000000002,270,220
1688050800,2.6470000000000002,2.6630000000000003,2.604,2.6109999999999998,847,220
1688054400,2.6109999999999998,2.646,2.602,2.628,789,230
1688058000,2.628,2.729,2.626,2.691,1174,230
1688061600,2.691,2.71,2.664,2.706,762,230
1688065200,2.705,2.723,2.673,2.6879999999999997,640,210
1688068800,2.6870000000000003,2.711,2.681,2.703,382,240
1688072400,2.703,2.71,2.674,2.674,560,240
1688076000,2.673,2.691,2.672,2.674,151,240
1688079600,2.674,2.675,2.6390000000000002,2.64,149,220
1688086800,2.658,2.667,2.657,2.665,88,280
1688090400,2.665,2.665,2.657,2.66,62,270
1688094000,2.661,2.664,2.656,2.662,71,270
1688097600,2.662,2.664,2.658,2.664,52,270
1688101200,2.664,2.6710000000000003,2.6630000000000003,2.669,57,270
1688104800,2.669,2.674,2.668,2.669,54,260
1688108400,2.669,2.673,2.665,2.668,68,260
1688112000,2.668,2.676,2.668,2.673,88,270
1688115600,2.673,2.675,2.665,2.667,83,250
1688119200,2.667,2.6790000000000003,2.666,2.678,111,250
1688122800,2.678,2.689,2.677,2.684,130,250
1688126400,2.684,2.686,2.675,2.678,111,250
1688130000,2.678,2.691,2.678,2.689,146,240
1688133600,2.689,2.702,2.622,2.652,450,220
1688137200,2.651,2.668,2.628,2.653,531,220
1688140800,2.653,2.716,2.6470000000000002,2.7119999999999997,1085,230
1688144400,2.7119999999999997,2.752,2.7,2.743,817,230
1688148000,2.7439999999999998,2.77,2.7359999999999998,2.766,714,220
1688151600,2.766,2.783,2.738,2.743,759,210
1688155200,2.7439999999999998,2.803,2.7439999999999998,2.781,1007,230
1688158800,2.782,2.798,2.768,2.787,836,230
1688162400,2.787,2.7880000000000003,2.759,2.765,259,230
1688166000,2.765,2.768,2.7359999999999998,2.74,166,240
1688346000,2.7,2.711,2.691,2.699,232,260
1688349600,2.699,2.7,2.6870000000000003,2.693,142,270
1688353200,2.693,2.695,2.686,2.693,79,260
1688356800,2.693,2.695,2.685,2.692,89,260
1688360400,2.692,2.698,2.691,2.694,69,270
1688364000,2.695,2.701,2.693,2.697,87,260
1688367600,2.697,2.699,2.689,2.689,90,260
1688371200,2.689,2.69,2.678,2.6879999999999997,95,270
1688374800,2.689,2.708,2.6870000000000003,2.705,164,250
1688378400,2.705,2.717,2.699,2.715,172,240
1688382000,2.715,2.725,2.709,2.723,157,240
1688385600,2.724,2.726,2.701,2.705,158,240
1688389200,2.705,2.714,2.701,2.707,167,240
1688392800,2.707,2.708,2.666,2.674,307,220
1688396400,2.674,2.7,2.666,2.682,566,230
1688400000,2.682,2.715,2.66,2.666,682,230
1688403600,2.666,2.699,2.654,2.697,496,230
1688407200,2.6959999999999997,2.7039999999999997,2.675,2.684,410,230
1688410800,2.685,2.695,2.674,2.693,326,230
1688414400,2.693,2.7039999999999997,2.6790000000000003,2.6790000000000003,121,240
1688432400,2.6710000000000003,2.672,2.66,2.668,49,500
1688436000,2.668,2.668,2.656,2.665,52,420
1688439600,2.665,2.675,2.661,2.675,53,420
1688443200,2.675,2.675,2.6630000000000003,2.6710000000000003,54,420
1688446800,2.6710000000000003,2.673,2.665,2.6710000000000003,40,430
1688450400,2.6710000000000003,2.6710000000000003,2.664,2.67,38,430
1688454000,2.67,2.672,2.664,2.67,38,430
1688457600,2.67,2.673,2.665,2.67,62,420
1688461200,2.67,2.68,2.666,2.673,92,370
1688464800,2.674,2.681,2.661,2.669,126,360
1688468400,2.67,2.672,2.66,2.662,93,360
1688472000,2.662,2.673,2.657,2.665,119,360
1688475600,2.665,2.667,2.641,2.649,128,330
1688479200,2.649,2.7,2.644,2.695,271,320
1688482800,2.695,2.708,2.6879999999999997,2.702,355,320
1688486400,2.7039999999999997,2.738,2.7039999999999997,2.732,460,320
1688490000,2.732,2.738,2.718,2.726,220,320
1688493600,2.726,2.738,2.721,2.735,208,330
1688497200,2.735,2.735,2.718,2.725,162,320
1688500800,2.725,2.725,2.722,2.723,3,350
1688518800,2.715,2.718,2.7039999999999997,2.718,76,500
1688522400,2.718,2.7279999999999998,2.714,2.725,77,430
1688526000,2.725,2.734,2.7199999999999998,2.73,127,420
1688529600,2.73,2.733,2.725,2.73,73,420
1688533200,2.73,2.733,2.724,2.733,62,420
1688536800,2.732,2.738,2.7279999999999998,2.733,76,420
1688540400,2.733,2.742,2.731,2.741,81,420
1688544000,2.741,2.754,2.74,2.75,97,420
1688547600,2.75,2.752,2.735,2.7439999999999998,133,370
1688551200,2.745,2.771,2.745,2.762,182,280
1688554800,2.762,2.762,2.751,2.76,135,290
1688558400,2.76,2.768,2.752,2.752,139,280
1688562000,2.752,2.762,2.751,2.759,150,270
1688565600,2.759,2.766,2.7439999999999998,2.763,279,260
1688569200,2.763,2.7640000000000002,2.675,2.703,714,250
1688572800,2.7039999999999997,2.75,2.69,2.716,746,260
1688576400,2.716,2.717,2.654,2.662,600,260
1688580000,2.662,2.668,2.648,2.665,555,250
1688583600,2.665,2.667,2.645,2.65,238,270
1688587200,2.65,2.6630000000000003,2.646,2.659,239,280
1688590800,2.659,2.662,2.632,2.638,425,270
1688594400,2.6390000000000002,2.643,2.628,2.6390000000000002,175,280
1688598000,2.6390000000000002,2.643,2.609,2.616,118,280
1688605200,2.627,2.632,2.624,2.625,49,350
1688608800,2.63,2.633,2.625,2.632,29,320
1688612400,2.6310000000000002,2.638,2.63,2.635,85,320
1688616000,2.635,2.638,2.632,2.635,56,310
1688619600,2.636,2.638,2.634,2.635,33,310
1688623200,2.635,2.6390000000000002,2.632,2.637,65,320
1688626800,2.637,2.637,2.62,2.627,89,290
1688630400,2.627,2.6310000000000002,2.624,2.624,68,320
1688634000,2.624,2.626,2.618,2.625,86,280
1688637600,2.626,2.626,2.61,2.61,142,280
1688641200,2.61,2.635,2.61,2.6310000000000002,150,280
1688644800,2.632,2.643,2.625,2.6310000000000002,166,280
1688648400,2.6310000000000002,2.646,2.616,2.644,174,270
1688652000,2.644,2.654,2.6390000000000002,2.65,220,260
1688655600,2.649,2.652,2.609,2.624,533,260
1688659200,2.624,2.649,2.586,2.594,774,250
1688662800,2.594,2.621,2.58,2.615,615,260
1688666400,2.615,2.621,2.584,2.589,456,260
1688670000,2.589,2.665,2.57,2.6630000000000003,595,260
1688673600,2.664,2.667,2.594,2.601,579,270
1688677200,2.601,2.607,2.583,2.607,392,280
1688680800,2.607,2.618,2.6,2.614,191,280
1688684400,2.614,2.616,2.598,2.6,96,280
1688691600,2.61,2.61,2.602,2.605,60,340
1688695200,2.608,2.609,2.601,2.605,41,320
1688698800,2.605,2.609,2.601,2.608,46,320
1688702400,2.608,2.609,2.604,2.608,43,320
1688706000,2.608,2.612,2.607,2.612,38,320
1688709600,2.612,2.617,2.609,2.617,50,310
1688713200,2.617,2.618,2.6109999999999998,2.615,47,320
1688716800,2.615,2.6189999999999998,2.613,2.616,54,320
1688720400,2.613,2.6189999999999998,2.613,2.617,76,290
1688724000,2.617,2.6189999999999998,2.607,2.615,133,280
1688727600,2.616,2.624,2.613,2.617,87,280
1688731200,2.617,2.629,2.616,2.629,113,280
1688734800,2.629,2.633,2.614,2.615,145,270
1688738400,2.615,2.629,2.602,2.61,249,260
1688742000,2.609,2.624,2.5869999999999997,2.593,488,250
1688745600,2.593,2.632,2.584,2.628,649,260
1688749200,2.629,2.6550000000000002,2.583,2.617,982,250
1688752800,2.617,2.636,2.592,2.5949999999999998,608,250
1688756400,2.594,2.614,2.577,2.605,385,270
1688760000,2.604,2.604,2.52,2.529,1018,270
1688763600,2.529,2.569,2.523,2.548,602,270
1688767200,2.548,2.552,2.543,2.547,169,280
1688770800,2.547,2.551,2.519,2.529,110,290
1688950800,2.548,2.5949999999999998,2.548,2.59,228,350
1688954400,2.59,2.6029999999999998,2.586,2.601,108,310
1688958000,2.601,2.606,2.6,2.6,105,300
1688961600,2.6,2.6029999999999998,2.596,2.6,79,310
1688965200,2.6,2.6,2.594,2.5949999999999998,77,320
1688968800,2.5949999999999998,2.613,2.5949999999999998,2.599,103,320
1688972400,2.6,2.608,2.598,2.606,107,320
1688976000,2.606,2.613,2.605,2.613,79,320
1688979600,2.613,2.621,2.605,2.618,144,290
1688983200,2.6189999999999998,2.629,2.614,2.624,168,290
1688986800,2.624,2.64,2.622,2.6390000000000002,134,290
1688990400,2.6390000000000002,2.6550000000000002,2.636,2.644,222,280
1688994000,2.644,2.646,2.623,2.627,222,260
1688997600,2.627,2.648,2.623,2.637,342,260
1689001200,2.637,2.6630000000000003,2.6310000000000002,2.6390000000000002,577,260
1689004800,2.6390000000000002,2.666,2.614,2.615,813,250
1689008400,2.615,2.633,2.604,2.624,510,250
1689012000,2.625,2.6550000000000002,2.624,2.648,527,260
1689015600,2.648,2.661,2.6390000000000002,2.652,470,260
1689019200,2.652,2.656,2.605,2.616,466,270
1689022800,2.616,2.643,2.61,2.62,432,280
1689026400,2.62,2.641,2.6189999999999998,2.632,193,280
1689030000,2.632,2.634,2.605,2.6189999999999998,93,290
1689037200,2.63,2.6310000000000002,2.597,2.614,157,340
1689040800,2.61,2.623,2.608,2.623,63,320
1689044400,2.622,2.632,2.62,2.632,107,310
1689048000,2.632,2.6390000000000002,2.628,2.633,63,310
1689051600,2.633,2.635,2.628,2.635,68,320
1689055200,2.635,2.635,2.627,2.63,33,320
1689058800,2.63,2.634,2.626,2.628,46,310
1689062400,2.628,2.633,2.624,2.628,70,320
1689066000,2.629,2.632,2.623,2.627,99,290
1689069600,2.63,2.6390000000000002,2.623,2.628,151,280
1689073200,2.628,2.636,2.625,2.633,147,290
1689076800,2.633,2.645,2.612,2.642,208,290
1689080400,2.643,2.675,2.634,2.665,289,270
1689084000,2.665,2.69,2.662,2.6879999999999997,365,260
1689087600,2.6879999999999997,2.698,2.666,2.681,573,260
1689091200,2.681,2.689,2.644,2.675,763,250
1689094800,2.675,2.713,2.672,2.702,595,260
1689098400,2.702,2.703,2.686,2.694,414,270
1689102000,2.694,2.7039999999999997,2.672,2.6870000000000003,410,260
1689105600,2.6870000000000003,2.693,2.676,2.693,358,280
1689109200,2.693,2.703,2.675,2.692,435,270
1689112800,2.692,2.694,2.6879999999999997,2.694,128,280
1689116400,2.694,2.694,2.669,2.6790000000000003,99,290
1689123600,2.694,2.694,2.645,2.664,187,350
1689127200,2.664,2.673,2.66,2.673,87,320
1689130800,2.672,2.705,2.666,2.695,423,310
1689134400,2.695,2.6959999999999997,2.689,2.695,60,320
1689138000,2.695,2.7,2.689,2.693,56,320
1689141600,2.693,2.6959999999999997,2.689,2.694,53,320
1689145200,2.694,2.7,2.685,2.69,73,320
1689148800,2.69,2.692,2.6870000000000003,2.689,76,310
1689152400,2.689,2.689,2.68,2.683,76,290
1689156000,2.683,2.686,2.668,2.675,140,290
1689159600,2.674,2.676,2.664,2.667,134,290
1689163200,2.666,2.678,2.666,2.6710000000000003,169,280
1689166800,2.67,2.689,2.662,2.673,196,260
1689170400,2.673,2.674,2.65,2.6630000000000003,316,250
1689174000,2.662,2.662,2.625,2.6310000000000002,617,260
1689177600,2.63,2.641,2.597,2.624,744,260
1689181200,2.624,2.635,2.6029999999999998,2.607,604,260
1689184800,2.607,2.625,2.6029999999999998,2.613,519,260
1689188400,2.6109999999999998,2.6109999999999998,2.581,2.6029999999999998,469,260
1689192000,2.6029999999999998,2.617,2.592,2.612,364,280
1689195600,2.612,2.612,2.586,2.606,621,270
1689199200,2.606,2.612,2.6029999999999998,2.608,176,280
1689202800,2.608,2.615,2.593,2.593,129,280
1689210000,2.6109999999999998,2.612,2.601,2.601,64,360
1689213600,2.604,2.604,2.591,2.597,64,320
1689217200,2.597,2.605,2.597,2.604,68,320
1689220800,2.604,2.609,2.601,2.608,37,320
1689224400,2.608,2.612,2.604,2.61,44,320
1689228000,2.61,2.613,2.607,2.609,52,320
1689231600,2.609,2.612,2.606,2.609,56,320
1689235200,2.609,2.6109999999999998,2.604,2.61,69,320
1689238800,2.61,2.614,2.605,2.61,94,290
1689242400,2.6109999999999998,2.614,2.599,2.607,131,290
1689246000,2.607,2.607,2.592,2.598,124,270
1689249600,2.598,2.599,2.583,2.589,108,290
1689253200,2.589,2.599,2.5869999999999997,2.593,162,280
1689256800,2.593,2.604,2.577,2.598,286,260
1689260400,2.598,2.626,2.584,2.6,461,270
1689264000,2.6,2.602,2.561,2.585,700,260
1689267600,2.585,2.6029999999999998,2.547,2.552,964,260
1689271200,2.552,2.566,2.542,2.56,483,260
1689274800,2.56,2.56,2.535,2.553,305,260
1689278400,2.552,2.558,2.524,2.527,333,270
1689282000,2.527,2.5380000000000003,2.516,2.523,462,280
1689285600,2.523,2.528,2.5220000000000002,2.528,184,280
1689289200,2.529,2.532,2.505,2.516,97,290
1689296400,2.528,2.5300000000000002,2.521,2.525,70,360
1689300000,2.525,2.528,2.52,2.526,50,320
1689303600,2.526,2.532,2.525,2.528,80,320
1689307200,2.528,2.532,2.526,2.532,68,320
1689310800,2.532,2.532,2.526,2.532,59,320
1689314400,2.532,2.536,2.531,2.532,46,320
1689318000,2.534,2.534,2.526,2.528,60,320
1689321600,2.528,2.533,2.526,2.528,69,320
1689325200,2.528,2.5300000000000002,2.52,2.525,116,290
1689328800,2.528,2.531,2.519,2.528,134,290
1689332400,2.528,2.536,2.526,2.536,124,290
1689336000,2.536,2.541,2.529,2.535,170,280
1689339600,2.535,2.544,2.528,2.539,133,270
1689343200,2.539,2.557,2.534,2.556,248,270
1689346800,2.556,2.568,2.543,2.549,411,270
1689350400,2.549,2.58,2.543,2.557,568,260
1689354000,2.557,2.557,2.491,2.516,605,260
1689357600,2.516,2.519,2.4859999999999998,2.49,407,270
1689361200,2.49,2.501,2.484,2.499,292,270
1689364800,2.499,2.504,2.474,2.49,362,270
1689368400,2.49,2.525,2.49,2.513,512,270
1689372000,2.513,2.521,2.51,2.52,200,270
1689375600,2.52,2.526,2.499,2.51,113,280
1689555600,2.525,2.532,2.515,2.526,170,350
1689559200,2.526,2.528,2.517,2.526,67,320
1689562800,2.526,2.529,2.5220000000000002,2.526,64,310
1689566400,2.526,2.527,2.519,2.519,62,320
1689570000,2.52,2.525,2.515,2.5220000000000002,57,310
1689573600,2.52,2.525,2.52,2.5220000000000002,50,320
1689577200,2.5220000000000002,2.525,2.519,2.525,67,310
1689580800,2.525,2.5300000000000002,2.524,2.527,83,320
1689584400,2.527,2.529,2.521,2.526,103,290
1689588000,2.526,2.5380000000000003,2.525,2.5300000000000002,104,290
1689591600,2.5300000000000002,2.548,2.528,2.544,159,280
1689595200,2.544,2.552,2.541,2.5460000000000003,168,290
1689598800,2.5460000000000003,2.553,2.542,2.551,127,270
1689602400,2.551,2.555,2.534,2.551,250,260
1689606000,2.551,2.553,2.504,2.509,531,260
1689609600,2.509,2.512,2.464,2.485,678,250
1689613200,2.485,2.5300000000000002,2.483,2.519,565,270
1689616800,2.519,2.529,2.504,2.507,411,260
1689620400,2.508,2.5140000000000002,2.488,2.495,310,270
1689624000,2.495,2.511,2.488,2.499,266,280
1689627600,2.499,2.503,2.488,2.495,328,280
1689631200,2.495,2.513,2.495,2.508,146,280
1689634800,2.508,2.516,2.4939999999999998,2.497,121,290
1689642000,2.511,2.512,2.504,2.504,58,360
1689645600,2.509,2.51,2.502,2.509,61,320
1689649200,2.509,2.512,2.509,2.511,37,320
1689652800,2.512,2.519,2.509,2.515,55,320
1689656400,2.5140000000000002,2.518,2.51,2.5140000000000002,72,320
1689660000,2.517,2.519,2.511,2.517,59,310
1689663600,2.517,2.52,2.513,2.517,57,320
1689667200,2.517,2.524,2.513,2.5220000000000002,99,320
1689670800,2.5220000000000002,2.525,2.517,2.521,100,290
1689674400,2.52,2.539,2.5140000000000002,2.537,147,290
1689678000,2.5380000000000003,2.54,2.526,2.533,159,290
1689681600,2.534,2.5380000000000003,2.528,2.533,112,280
1689685200,2.532,2.56,2.529,2.549,187,280
1689688800,2.548,2.573,2.548,2.57,264,320
1689692400,2.5709999999999997,2.58,2.548,2.58,461,320
1689696000,2.58,2.602,2.557,2.599,576,260
1689699600,2.599,2.608,2.57,2.572,617,260
1689703200,2.572,2.5869999999999997,2.564,2.566,489,270
1689706800,2.566,2.594,2.565,2.583,312,270
1689710400,2.583,2.62,2.583,2.612,476,270
1689714000,2.612,2.62,2.5949999999999998,2.598,455,280
1689717600,2.598,2.604,2.592,2.593,158,280
1689721200,2.593,2.597,2.574,2.576,128,280
1689728400,2.592,2.593,2.5869999999999997,2.592,50,360
1689732000,2.589,2.596,2.589,2.594,19,330
1689735600,2.596,2.596,2.588,2.591,75,320
1689739200,2.592,2.597,2.592,2.5949999999999998,51,320
1689742800,2.5949999999999998,2.597,2.593,2.596,38,320
1689746400,2.5949999999999998,2.597,2.593,2.593,31,320
1689750000,2.596,2.597,2.592,2.597,40,320
1689753600,2.597,2.6,2.594,2.6,46,320
1689757200,2.6,2.601,2.597,2.599,79,290
1689760800,2.599,2.599,2.59,2.599,131,280
1689764400,2.599,2.6,2.594,2.597,120,280
1689768000,2.597,2.6,2.586,2.594,119,290
1689771600,2.594,2.594,2.5789999999999997,2.581,219,270
1689775200,2.581,2.6,2.574,2.578,283,270
1689778800,2.578,2.583,2.557,2.578,442,260
1689782400,2.578,2.6189999999999998,2.574,2.5949999999999998,639,260
1689786000,2.594,2.606,2.582,2.601,502,270
1689789600,2.601,2.628,2.592,2.599,501,260
1689793200,2.599,2.608,2.589,2.604,331,260
1689796800,2.604,2.607,2.583,2.589,319,270
1689800400,2.589,2.6029999999999998,2.565,2.599,592,270
1689804000,2.599,2.606,2.589,2.599,249,270
1689807600,2.599,2.601,2.57,2.582,153,280
1689814800,2.593,2.594,2.582,2.582,57,350
1689818400,2.586,2.589,2.582,2.589,36,330
1689822000,2.586,2.59,2.582,2.584,68,320
1689825600,2.584,2.598,2.584,2.598,78,310
1689829200,2.598,2.606,2.597,2.604,95,320
1689832800,2.604,2.609,2.598,2.604,93,320
1689836400,2.604,2.607,2.6,2.602,80,320
1689840000,2.602,2.606,2.599,2.599,82,320
1689843600,2.599,2.607,2.598,2.602,107,280
1689847200,2.6029999999999998,2.62,2.6,2.617,147,290
1689850800,2.617,2.625,2.614,2.625,128,280
1689854400,2.625,2.632,2.622,2.627,130,290
1689858000,2.627,2.634,2.622,2.634,118,270
1689861600,2.634,2.648,2.6310000000000002,2.6390000000000002,250,270
1689865200,2.6390000000000002,2.675,2.634,2.6630000000000003,445,260
1689868800,2.6630000000000003,2.71,2.6630000000000003,2.692,558,270
1689872400,2.692,2.716,2.6790000000000003,2.711,724,260
1689876000,2.711,2.726,2.707,2.726,553,260
1689879600,2.726,2.742,2.717,2.742,338,270
1689883200,2.741,2.743,2.695,2.715,529,250
1689886800,2.714,2.7279999999999998,2.702,2.703,461,280
1689890400,2.702,2.706,2.699,2.7,190,280
1689894000,2.7,2.706,2.683,2.689,130,290
1689901200,2.7039999999999997,2.709,2.701,2.7039999999999997,91,360
1689904800,2.709,2.714,2.705,2.714,43,320
1689908400,2.715,2.715,2.7,2.705,83,310
1689912000,2.706,2.706,2.699,2.7039999999999997,56,320
1689915600,2.7039999999999997,2.708,2.7,2.703,52,320
1689919200,2.7039999999999997,2.705,2.699,2.702,50,310
1689922800,2.702,2.703,2.694,2.702,81,320
1689926400,2.703,2.703,2.6959999999999997,2.7,76,310
1689930000,2.703,2.711,2.699,2.71,93,290
1689933600,2.711,2.732,2.711,2.7279999999999998,124,290
1689937200,2.7279999999999998,2.73,2.722,2.73,135,290
1689940800,2.73,2.745,2.7279999999999998,2.7439999999999998,171,280
1689944400,2.7439999999999998,2.748,2.737,2.737,166,270
1689948000,2.737,2.745,2.729,2.735,246,270
1689951600,2.735,2.741,2.694,2.6959999999999997,530,260
1689955200,2.6959999999999997,2.707,2.6790000000000003,2.694,525,270
1689958800,2.694,2.711,2.6879999999999997,2.697,374,250
1689962400,2.6959999999999997,2.717,2.692,2.7039999999999997,305,270
1689966000,2.7039999999999997,2.709,2.676,2.685,334,260
1689969600,2.685,2.695,2.674,2.69,323,270
1689973200,2.69,2.71,2.681,2.695,365,280
1689976800,2.695,2.699,2.689,2.6959999999999997,159,280
1689980400,2.6959999999999997,2.707,2.681,2.681,130,290
1690160400,2.705,2.7199999999999998,2.68,2.685,165,340
1690164000,2.681,2.6959999999999997,2.68,2.684,80,320
1690167600,2.684,2.684,2.674,2.6790000000000003,100,320
1690171200,2.6790000000000003,2.6790000000000003,2.672,2.677,67,320
1690174800,2.677,2.681,2.675,2.678,64,320
1690178400,2.682,2.682,2.675,2.678,47,320
1690182000,2.676,2.683,2.674,2.677,58,320
1690185600,2.677,2.678,2.666,2.675,71,320
1690189200,2.675,2.691,2.674,2.69,115,290
1690192800,2.69,2.695,2.684,2.694,108,280
1690196400,2.694,2.709,2.694,2.7039999999999997,135,280
1690200000,2.7039999999999997,2.7119999999999997,2.699,2.71,140,280
1690203600,2.71,2.724,2.705,2.723,190,270
1690207200,2.722,2.723,2.68,2.697,301,260
1690210800,2.697,2.755,2.6879999999999997,2.718,640,260
1690214400,2.718,2.734,2.668,2.69,732,260
1690218000,2.69,2.716,2.6790000000000003,2.707,486,260
1690221600,2.707,2.71,2.659,2.667,480,270
1690225200,2.666,2.684,2.657,2.678,256,260
1690228800,2.678,2.7,2.675,2.682,364,280
1690232400,2.684,2.694,2.6790000000000003,2.684,361,270
1690236000,2.684,2.697,2.68,2.691,164,280
1690239600,2.692,2.703,2.684,2.686,116,290
1690246800,2.701,2.7039999999999997,2.697,2.702,55,350
1690250400,2.698,2.707,2.698,2.706,36,320
1690254000,2.707,2.7199999999999998,2.707,2.719,64,320
1690257600,2.719,2.722,2.716,2.7199999999999998,71,310
1690261200,2.7199999999999998,2.725,2.7199999999999998,2.724,50,320
1690264800,2.724,2.734,2.724,2.732,74,310
1690268400,2.732,2.734,2.725,2.7279999999999998,55,320
1690272000,2.7279999999999998,2.73,2.723,2.7279999999999998,75,320
1690275600,2.7279999999999998,2.729,2.716,2.721,104,290
1690279200,2.721,2.735,2.711,2.711,162,280
1690282800,2.711,2.721,2.709,2.711,185,280
1690286400,2.711,2.713,2.701,2.703,156,280
1690290000,2.703,2.725,2.701,2.724,148,270
1690293600,2.724,2.749,2.7119999999999997,2.731,367,260
1690297200,2.731,2.7359999999999998,2.686,2.69,561,260
1690300800,2.69,2.698,2.673,2.689,522,270
1690304400,2.689,2.701,2.684,2.694,377,270
1690308000,2.694,2.742,2.685,2.742,386,250
1690311600,2.741,2.769,2.697,2.718,697,260
1690315200,2.718,2.738,2.715,2.734,417,280
1690318800,2.734,2.755,2.7199999999999998,2.7199999999999998,500,280
1690322400,2.7199999999999998,2.739,2.719,2.735,182,280
1690326000,2.735,2.74,2.7119999999999997,2.713,152,290
1690333200,2.732,2.733,2.721,2.721,67,350
1690336800,2.725,2.733,2.722,2.732,73,320
1690340400,2.729,2.737,2.729,2.737,62,320
1690344000,2.737,2.74,2.735,2.74,57,320
1690347600,2.74,2.7439999999999998,2.739,2.7439999999999998,47,320
1690351200,2.7439999999999998,2.746,2.741,2.742,58,320
1690354800,2.739,2.747,2.737,2.7439999999999998,70,320
1690358400,2.745,2.745,2.739,2.7439999999999998,61,320
1690362000,2.745,2.7560000000000002,2.7439999999999998,2.752,77,290
1690365600,2.752,2.763,2.743,2.761,194,280
1690369200,2.761,2.761,2.747,2.747,140,280
1690372800,2.747,2.754,2.742,2.748,104,280
1690376400,2.749,2.758,2.734,2.742,174,270
1690380000,2.742,2.742,2.709,2.711,295,260
1690383600,2.713,2.729,2.703,2.7199999999999998,491,270
1690387200,2.7199999999999998,2.7199999999999998,2.661,2.686,749,260
1690390800,2.686,2.692,2.657,2.669,621,260
1690394400,2.669,2.698,2.6630000000000003,2.6870000000000003,449,270
1690398000,2.6870000000000003,2.689,2.67,2.686,366,270
1690401600,2.686,2.702,2.678,2.686,298,280
1690405200,2.686,2.706,2.681,2.693,471,270
1690408800,2.693,2.698,2.686,2.693,148,280
1690412400,2.693,2.695,2.66,2.669,94,290
1690419600,2.689,2.692,2.683,2.6879999999999997,66,350
1690423200,2.6879999999999997,2.691,2.68,2.6879999999999997,54,320
1690426800,2.6879999999999997,2.6959999999999997,2.682,2.686,106,300
1690430400,2.6870000000000003,2.693,2.686,2.693,40,320
1690434000,2.693,2.6959999999999997,2.689,2.69,50,310
1690437600,2.69,2.694,2.685,2.69,52,320
1690441200,2.69,2.694,2.686,2.692,67,320
1690444800,2.692,2.694,2.686,2.6879999999999997,73,320
1690448400,2.6879999999999997,2.697,2.6879999999999997,2.691,121,290
1690452000,2.691,2.695,2.6790000000000003,2.6790000000000003,155,280
1690455600,2.6790000000000003,2.68,2.669,2.672,163,270
1690459200,2.672,2.685,2.6710000000000003,2.68,104,290
1690462800,2.68,2.686,2.673,2.685,133,270
1690466400,2.685,2.702,2.664,2.669,273,260
1690470000,2.669,2.693,2.662,2.665,571,260
1690473600,2.665,2.665,2.636,2.659,751,260
1690477200,2.659,2.664,2.583,2.586,851,260
1690480800,2.586,2.604,2.576,2.577,526,260
1690484400,2.577,2.594,2.567,2.5709999999999997,321,260
1690488000,2.5709999999999997,2.591,2.564,2.57,434,270
1690491600,2.57,2.62,2.567,2.613,773,280
1690495200,2.613,2.625,2.6109999999999998,2.614,228,270
1690498800,2.614,2.62,2.592,2.592,125,280
1690506000,2.612,2.613,2.6029999999999998,2.612,44,360
1690509600,2.612,2.614,2.606,2.613,44,320
1690513200,2.613,2.616,2.608,2.612,87,320
1690516800,2.6109999999999998,2.617,2.6109999999999998,2.616,60,320
1690520400,2.616,2.623,2.615,2.623,60,320
1690524000,2.623,2.634,2.6189999999999998,2.625,104,320
1690527600,2.624,2.625,2.6189999999999998,2.623,75,320
1690531200,2.622,2.628,2.6189999999999998,2.622,76,310
1690534800,2.622,2.63,2.615,2.627,117,290
1690538400,2.627,2.634,2.621,2.625,119,280
1690542000,2.626,2.63,2.612,2.6189999999999998,94,290
1690545600,2.6189999999999998,2.6189999999999998,2.605,2.6109999999999998,134,270
1690549200,2.6109999999999998,2.6109999999999998,2.584,2.584,265,260
1690552800,2.584,2.62,2.582,2.62,324,260
1690556400,2.62,2.678,2.616,2.672,750,260
1690560000,2.672,2.7,2.64,2.654,929,260
1690563600,2.654,2.67,2.642,2.646,558,260
1690567200,2.646,2.653,2.612,2.628,515,270
1690570800,2.628,2.632,2.613,2.621,359,260
1690574400,2.621,2.6390000000000002,2.62,2.635,292,280
1690578000,2.637,2.6630000000000003,2.634,2.6550000000000002,425,280
1690581600,2.657,2.665,2.654,2.654,200,280
1690585200,2.654,2.661,2.632,2.632,118,290
1690765200,2.68,2.68,2.66,2.6630000000000003,140,350
1690768800,2.6630000000000003,2.673,2.658,2.6710000000000003,65,320
1690772400,2.672,2.672,2.664,2.664,56,320
1690776000,2.662,2.666,2.662,2.664,35,320
1690779600,2.664,2.676,2.664,2.664,74,320
1690783200,2.668,2.67,2.657,2.66,67,310
1690786800,2.661,2.664,2.658,2.664,78,320
1690790400,2.664,2.673,2.661,2.672,110,310
1690794000,2.673,2.682,2.667,2.678,134,290
1690797600,2.678,2.685,2.672,2.677,128,280
1690801200,2.676,2.684,2.675,2.682,99,280
1690804800,2.682,2.684,2.675,2.678,97,280
1690808400,2.6790000000000003,2.693,2.676,2.6790000000000003,147,280
1690812000,2.6790000000000003,2.7119999999999997,2.674,2.695,289,270
1690815600,2.695,2.705,2.626,2.633,547,260
1690819200,2.633,2.654,2.627,2.641,591,250
1690822800,2.6390000000000002,2.656,2.628,2.635,506,260
1690826400,2.635,2.659,2.627,2.646,414,270
1690830000,2.646,2.652,2.638,2.638,263,260
1690833600,2.638,2.65,2.633,2.6470000000000002,265,280
1690837200,2.648,2.662,2.637,2.658,368,270
1690840800,2.658,2.661,2.6550000000000002,2.66,117,280
1690844400,2.66,2.664,2.643,2.644,88,280
1690851600,2.662,2.664,2.654,2.664,56,360
1690855200,2.664,2.667,2.658,2.666,48,320
1690858800,2.666,2.673,2.665,2.672,47,320
1690862400,2.672,2.6790000000000003,2.67,2.6710000000000003,44,310
1690866000,2.6710000000000003,2.677,2.67,2.674,50,320
1690869600,2.674,2.674,2.668,2.67,38,320
1690873200,2.67,2.674,2.668,2.673,44,320
1690876800,2.673,2.684,2.6710000000000003,2.682,65,320
1690880400,2.682,2.685,2.672,2.673,147,290
1690884000,2.674,2.684,2.673,2.677,133,290
1690887600,2.677,2.694,2.677,2.684,130,280
1690891200,2.684,2.6870000000000003,2.677,2.683,127,290
1690894800,2.683,2.684,2.665,2.666,168,270
1690898400,2.666,2.675,2.644,2.65,292,260
1690902000,2.65,2.653,2.581,2.583,638,260
1690905600,2.583,2.584,2.557,2.573,636,260
1690909200,2.573,2.5949999999999998,2.5709999999999997,2.586,443,270
1690912800,2.586,2.591,2.567,2.574,347,270
1690916400,2.574,2.58,2.5709999999999997,2.5709999999999997,198,270
1690920000,2.5709999999999997,2.6,2.57,2.593,289,270
1690923600,2.593,2.602,2.577,2.596,392,280
1690927200,2.596,2.601,2.593,2.599,157,280
1690930800,2.599,2.602,2.585,2.589,85,290
1690938000,2.605,2.605,2.597,2.601,53,360
1690941600,2.597,2.602,2.59,2.594,48,320
1690945200,2.594,2.6029999999999998,2.592,2.6029999999999998,83,320
1690948800,2.6029999999999998,2.605,2.598,2.604,76,310
1690952400,2.604,2.604,2.5949999999999998,2.599,54,320
1690956000,2.599,2.601,2.592,2.593,60,320
1690959600,2.593,2.596,2.592,2.5949999999999998,48,320
1690963200,2.5949999999999998,2.6029999999999998,2.592,2.594,67,310
1690966800,2.594,2.601,2.5789999999999997,2.586,179,280
1690970400,2.586,2.597,2.584,2.591,157,280
1690974000,2.592,2.6,2.574,2.586,176,280
1690977600,2.5869999999999997,2.59,2.577,2.58,156,290
1690981200,2.5789999999999997,2.581,2.569,2.57,143,260
1690984800,2.57,2.581,2.549,2.549,250,260
1690988400,2.549,2.555,2.539,2.543,358,270
1690992000,2.543,2.549,2.524,2.529,488,270
1690995600,2.529,2.5300000000000002,2.5,2.501,377,270
1690999200,2.501,2.513,2.495,2.505,351,270
1691002800,2.505,2.511,2.487,2.492,258,270
1691006400,2.491,2.505,2.49,2.5,171,280
1691010000,2.5,2.516,2.498,2.513,285,280
1691013600,2.5140000000000002,2.516,2.507,2.508,118,280
1691017200,2.508,2.5140000000000002,2.49,2.5,95,290
1691024400,2.513,2.513,2.505,2.505,52,340
1691028000,2.51,2.511,2.503,2.509,54,320
1691031600,2.509,2.5140000000000002,2.509,2.513,110,310
1691035200,2.513,2.5140000000000002,2.51,2.511,58,320
1691038800,2.512,2.513,2.507,2.51,53,320
1691042400,2.51,2.512,2.507,2.512,44,310
1691046000,2.511,2.512,2.5060000000000002,2.509,49,320
1691049600,2.509,2.512,2.5060000000000002,2.509,73,320
1691053200,2.509,2.515,2.505,2.51,96,290
1691056800,2.51,2.528,2.509,2.526,174,290
1691060400,2.526,2.5300000000000002,2.5220000000000002,2.527,115,280
1691064000,2.527,2.542,2.524,2.539,124,290
1691067600,2.539,2.543,2.528,2.537,146,270
1691071200,2.537,2.551,2.528,2.534,264,260
1691074800,2.534,2.5620000000000003,2.524,2.561,436,260
1691078400,2.56,2.591,2.549,2.551,702,260
1691082000,2.551,2.591,2.551,2.591,556,260
1691085600,2.591,2.602,2.584,2.597,425,260
1691089200,2.597,2.607,2.584,2.606,292,270
1691092800,2.606,2.614,2.59,2.592,384,280
1691096400,2.592,2.601,2.582,2.5869999999999997,307,280
1691100000,2.5869999999999997,2.591,2.582,2.589,120,280
1691103600,2.589,2.594,2.5620000000000003,2.568,113,280
1691110800,2.585,2.589,2.583,2.589,47,360
1691114400,2.585,2.5949999999999998,2.585,2.593,65,320
1691118000,2.592,2.593,2.5869999999999997,2.593,93,310
1691121600,2.593,2.594,2.59,2.591,58,320
1691125200,2.591,2.593,2.5869999999999997,2.588,45,320
1691128800,2.59,2.594,2.588,2.594,40,320
1691132400,2.594,2.597,2.593,2.597,40,320
1691136000,2.597,2.6029999999999998,2.594,2.599,54,320
1691139600,2.599,2.605,2.5949999999999998,2.605,119,290
1691143200,2.605,2.6109999999999998,2.6,2.606,127,290
1691146800,2.606,2.615,2.606,2.613,120,280
1691150400,2.613,2.628,2.612,2.618,158,280
1691154000,2.618,2.627,2.588,2.588,162,270
1691157600,2.588,2.606,2.5789999999999997,2.5869999999999997,344,260
1691161200,2.586,2.609,2.567,2.585,546,260
1691164800,2.584,2.652,2.584,2.63,937,260
1691168400,2.63,2.636,2.616,2.629,458,260
1691172000,2.629,2.63,2.605,2.615,368,260
1691175600,2.615,2.622,2.6109999999999998,2.614,222,270
1691179200,2.614,2.6189999999999998,2.594,2.5949999999999998,255,270
1691182800,2.5949999999999998,2.616,2.593,2.61,242,280
1691186400,2.61,2.622,2.608,2.618,183,280
1691190000,2.6189999999999998,2.621,2.598,2.6,75,280
1691370000,2.614,2.635,2.607,2.621,134,350
1691373600,2.625,2.633,2.62,2.628,63,330
1691377200,2.633,2.638,2.629,2.635,69,320
1691380800,2.636,2.636,2.628,2.633,65,310
1691384400,2.633,2.638,2.6310000000000002,2.635,45,320
1691388000,2.635,2.635,2.624,2.627,48,320
1691391600,2.627,2.629,2.624,2.628,49,320
1691395200,2.628,2.636,2.625,2.636,74,320
1691398800,2.636,2.637,2.623,2.628,105,290
1691402400,2.628,2.648,2.628,2.6470000000000002,122,290
1691406000,2.6470000000000002,2.652,2.643,2.649,131,280
1691409600,2.649,2.658,2.645,2.656,132,290
1691413200,2.656,2.659,2.641,2.656,185,270
1691416800,2.656,2.685,2.651,2.684,324,260
1691420400,2.684,2.699,2.67,2.697,563,260
1691424000,2.697,2.7359999999999998,2.697,2.726,740,260
1691427600,2.727,2.748,2.726,2.74,542,260
1691431200,2.74,2.759,2.7359999999999998,2.757,484,270
1691434800,2.7560000000000002,2.782,2.753,2.774,336,270
1691438400,2.774,2.782,2.768,2.773,374,280
1691442000,2.773,2.774,2.749,2.766,423,270
1691445600,2.766,2.783,2.761,2.782,228,270
1691449200,2.782,2.786,2.743,2.751,203,270
1691456400,2.77,2.773,2.763,2.773,64,350
1691460000,2.773,2.777,2.768,2.774,54,330
1691463600,2.778,2.778,2.754,2.76,170,320
1691467200,2.759,2.76,2.75,2.75,94,320
1691470800,2.75,2.754,2.747,2.753,70,320
1691474400,2.753,2.753,2.7439999999999998,2.747,93,310
1691478000,2.747,2.75,2.743,2.743,75,320
1691481600,2.746,2.747,2.741,2.742,77,320
1691485200,2.742,2.745,2.738,2.743,100,290
1691488800,2.743,2.753,2.743,2.749,128,290
1691492400,2.749,2.7640000000000002,2.749,2.761,159,290
1691496000,2.761,2.7640000000000002,2.731,2.74,201,280
1691499600,2.739,2.76,2.734,2.755,261,270
1691503200,2.755,2.77,2.738,2.75,364,260
1691506800,2.75,2.81,2.729,2.785,736,250
1691510400,2.786,2.789,2.754,2.771,888,260
1691514000,2.771,2.802,2.769,2.801,491,270
1691517600,2.801,2.816,2.79,2.795,513,260
1691521200,2.795,2.811,2.792,2.8040000000000003,357,270
1691524800,2.8040000000000003,2.825,2.803,2.814,345,280
1691528400,2.814,2.816,2.795,2.8120000000000003,366,280
1691532000,2.8120000000000003,2.831,2.8120000000000003,2.828,233,280
1691535600,2.828,2.83,2.798,2.817,139,280
1691542800,2.832,2.832,2.822,2.823,61,360
1691546400,2.824,2.8289999999999997,2.8209999999999997,2.825,45,320
1691550000,2.826,2.826,2.814,2.819,113,310
1691553600,2.818,2.833,2.805,2.833,169,310
1691557200,2.833,2.834,2.807,2.817,212,310
1691560800,2.817,2.82,2.8120000000000003,2.82,113,320
1691564400,2.82,2.825,2.815,2.823,93,320
1691568000,2.823,2.824,2.8120000000000003,2.816,97,310
1691571600,2.816,2.825,2.814,2.825,95,290
1691575200,2.826,2.832,2.822,2.832,161,280
1691578800,2.831,2.841,2.822,2.836,170,280
1691582400,2.836,2.839,2.8209999999999997,2.824,188,280
1691586000,2.824,2.864,2.824,2.855,246,270
1691589600,2.854,2.912,2.841,2.9,533,260
1691593200,2.902,2.996,2.902,2.979,1080,250
1691596800,2.979,3.051,2.967,2.9859999999999998,1528,240
1691600400,2.9859999999999998,3.001,2.952,3.0,747,260
1691604000,3.0,3.024,2.995,3.024,586,250
1691607600,3.024,3.044,2.981,3.005,734,260
1691611200,3.005,3.01,2.961,2.973,690,270
1691614800,2.974,3.01,2.9619999999999997,3.001,685,260
1691618400,3.001,3.01,2.997,3.003,231,280
1691622000,3.004,3.01,2.982,2.995,125,290
1691629200,3.011,3.011,3.0,3.0,45,360
1691632800,3.005,3.008,2.998,3.006,86,320
1691636400,3.006,3.006,2.988,3.002,187,290
1691640000,3.002,3.005,2.999,3.002,84,320
1691643600,3.002,3.005,2.999,3.002,52,320
1691647200,2.999,3.006,2.997,3.0,65,310
1691650800,3.0,3.006,2.997,3.004,63,320
1691654400,3.004,3.025,3.002,3.025,104,300
1691658000,3.025,3.041,3.01,3.014,236,280
1691661600,3.014,3.016,2.999,3.001,210,260
1691665200,3.0,3.004,2.992,3.002,232,280
1691668800,3.001,3.014,2.992,3.004,205,280
1691672400,3.004,3.016,3.001,3.011,163,270
1691676000,3.011,3.016,2.9859999999999998,2.995,277,260
1691679600,2.995,2.995,2.9379999999999997,2.942,591,260
1691683200,2.942,2.947,2.906,2.935,922,260
1691686800,2.935,2.94,2.8529999999999998,2.857,1054,250
1691690400,2.857,2.857,2.836,2.843,653,260
1691694000,2.843,2.86,2.816,2.818,526,260
1691697600,2.818,2.8289999999999997,2.8040000000000003,2.809,443,270
1691701200,2.809,2.834,2.806,2.831,569,280
1691704800,2.831,2.835,2.827,2.834,179,280
1691708400,2.835,2.842,2.82,2.823,137,290
1691715600,2.839,2.84,2.83,2.839,67,360
1691719200,2.839,2.841,2.832,2.839,64,320
1691722800,2.839,2.85,2.839,2.846,115,320
1691726400,2.846,2.847,2.838,2.841,84,320
1691730000,2.842,2.844,2.834,2.836,86,320
1691733600,2.836,2.838,2.832,2.836,52,320
1691737200,2.835,2.839,2.831,2.8369999999999997,54,320
1691740800,2.838,2.841,2.834,2.84,77,320
1691744400,2.84,2.842,2.834,2.839,92,290
1691748000,2.84,2.856,2.835,2.844,159,290
1691751600,2.8449999999999998,2.856,2.843,2.8529999999999998,160,280
1691755200,2.8529999999999998,2.856,2.844,2.849,128,280
1691758800,2.849,2.866,2.848,2.866,132,270
1691762400,2.866,2.884,2.864,2.884,255,270
1691766000,2.884,2.893,2.803,2.814,795,250
1691769600,2.8129999999999997,2.817,2.7720000000000002,2.787,870,260
1691773200,2.787,2.807,2.773,2.775,473,270
1691776800,2.775,2.802,2.768,2.801,385,270
1691780400,2.801,2.826,2.791,2.805,490,260
1691784000,2.805,2.848,2.8040000000000003,2.841,517,270
1691787600,2.84,2.8449999999999998,2.827,2.832,413,280
1691791200,2.831,2.851,2.83,2.847,176,280
1691794800,2.847,2.8529999999999998,2.828,2.833,99,290
1691974800,2.848,2.866,2.848,2.86,186,350
1691978400,2.86,2.864,2.851,2.857,88,320
1691982000,2.857,2.8609999999999998,2.847,2.847,98,320
1691985600,2.847,2.8529999999999998,2.8449999999999998,2.846,62,310
1691989200,2.846,2.847,2.842,2.846,59,320
1691992800,2.846,2.846,2.841,2.843,55,320
1691996400,2.843,2.851,2.842,2.8449999999999998,55,320
1692000000,2.8449999999999998,2.847,2.842,2.8449999999999998,41,320
1692003600,2.8449999999999998,2.849,2.844,2.848,67,290
1692007200,2.847,2.8689999999999998,2.847,2.8689999999999998,166,280
1692010800,2.8689999999999998,2.874,2.866,2.87,118,280
1692014400,2.87,2.871,2.86,2.87,143,280
1692018000,2.871,2.876,2.865,2.865,168,270
1692021600,2.864,2.876,2.82,2.827,392,260
1692025200,2.827,2.891,2.822,2.85,760,250
1692028800,2.85,2.86,2.836,2.847,757,270
1692032400,2.847,2.8529999999999998,2.818,2.826,487,250
1692036000,2.826,2.84,2.811,2.834,378,250
1692039600,2.834,2.849,2.8289999999999997,2.848,296,270
1692043200,2.848,2.851,2.839,2.846,248,260
1692046800,2.847,2.862,2.846,2.8529999999999998,299,250
1692050400,2.854,2.863,2.852,2.856,145,260
1692054000,2.856,2.882,2.847,2.858,179,260
1692061200,2.875,2.878,2.872,2.877,69,310
1692064800,2.875,2.8810000000000002,2.873,2.879,52,290
1692068400,2.878,2.8810000000000002,2.872,2.879,97,280
1692072000,2.879,2.902,2.879,2.896,108,280
1692075600,2.896,2.898,2.893,2.896,74,280
1692079200,2.8970000000000002,2.902,2.894,2.901,60,280
1692082800,2.901,2.909,2.9,2.908,71,280
1692086400,2.908,2.91,2.903,2.906,63,270
1692090000,2.906,2.925,2.904,2.925,200,260
1692093600,2.925,2.926,2.883,2.887,245,250
1692097200,2.887,2.899,2.883,2.883,226,250
1692100800,2.883,2.887,2.87,2.874,179,260
1692104400,2.875,2.882,2.864,2.873,238,250
1692108000,2.873,2.874,2.827,2.827,375,240
1692111600,2.828,2.8289999999999997,2.792,2.794,680,240
1692115200,2.794,2.795,2.758,2.76,652,240
1692118800,2.76,2.76,2.726,2.74,669,240
1692122400,2.741,2.753,2.729,2.748,445,240
1692126000,2.749,2.755,2.739,2.755,338,250
1692129600,2.755,2.781,2.755,2.7560000000000002,452,250
1692133200,2.757,2.76,2.735,2.743,573,250
1692136800,2.7439999999999998,2.748,2.74,2.746,159,250
1692140400,2.747,2.749,2.717,2.717,104,260
1692147600,2.747,2.747,2.735,2.739,74,300
1692151200,2.739,2.741,2.735,2.741,53,290
1692154800,2.741,2.749,2.725,2.733,170,280
1692158400,2.732,2.737,2.729,2.733,107,280
1692162000,2.733,2.735,2.729,2.73,60,280
1692165600,2.7279999999999998,2.739,2.7279999999999998,2.738,87,270
1692169200,2.738,2.743,2.7359999999999998,2.741,84,280
1692172800,2.741,2.742,2.732,2.734,96,270
1692176400,2.734,2.753,2.734,2.753,171,250
1692180000,2.753,2.759,2.743,2.7439999999999998,243,260
1692183600,2.7439999999999998,2.752,2.743,2.751,186,260
1692187200,2.751,2.761,2.75,2.755,162,260
1692190800,2.754,2.7560000000000002,2.705,2.709,361,250
1692194400,2.71,2.729,2.699,2.711,373,240
1692198000,2.711,2.723,2.6870000000000003,2.7199999999999998,729,230
1692201600,2.7199999999999998,2.7199999999999998,2.6790000000000003,2.68,833,240
1692205200,2.68,2.694,2.677,2.68,505,240
1692208800,2.68,2.701,2.67,2.683,386,240
1692212400,2.683,2.701,2.683,2.6879999999999997,412,230
1692216000,2.6879999999999997,2.702,2.685,2.697,340,250
1692219600,2.697,2.703,2.686,2.6959999999999997,417,250
1692223200,2.695,2.697,2.6879999999999997,2.691,106,250
1692226800,2.691,2.701,2.68,2.689,126,260
1692234000,2.709,2.711,2.706,2.708,79,300
1692237600,2.708,2.709,2.705,2.709,44,290
1692241200,2.709,2.711,2.7039999999999997,2.705,72,280
1692244800,2.7039999999999997,2.717,2.701,2.715,101,280
1692248400,2.715,2.715,2.711,2.715,58,280
1692252000,2.715,2.716,2.709,2.7119999999999997,64,280
1692255600,2.7119999999999997,2.7119999999999997,2.697,2.703,58,280
1692259200,2.703,2.7039999999999997,2.694,2.699,105,280
1692262800,2.699,2.71,2.686,2.71,159,260
1692266400,2.707,2.71,2.6959999999999997,2.709,168,260
1692270000,2.709,2.709,2.697,2.703,106,250
1692273600,2.703,2.707,2.691,2.702,132,260
1692277200,2.702,2.716,2.699,2.715,179,250
1692280800,2.715,2.715,2.691,2.694,283,240
1692284400,2.693,2.75,2.686,2.7359999999999998,630,230
1692288000,2.7359999999999998,2.758,2.717,2.751,743,240
1692291600,2.751,2.766,2.722,2.733,761,230
1692295200,2.733,2.745,2.709,2.721,564,240
1692298800,2.722,2.741,2.722,2.723,313,250
1692302400,2.723,2.734,2.716,2.724,307,250
1692306000,2.724,2.729,2.716,2.726,258,250
1692309600,2.725,2.73,2.7199999999999998,2.725,138,250
1692313200,2.726,2.731,2.711,2.7119999999999997,69,260
1692320400,2.733,2.735,2.727,2.729,78,290
1692324000,2.729,2.733,2.726,2.73,74,280
1692327600,2.73,2.734,2.7199999999999998,2.734,94,270
1692331200,2.734,2.739,2.731,2.737,85,270
1692334800,2.737,2.739,2.734,2.7359999999999998,51,280
1692338400,2.7359999999999998,2.737,2.729,2.733,68,280
1692342000,2.733,2.735,2.729,2.732,53,280
1692345600,2.73,2.7359999999999998,2.729,2.735,78,280
1692349200,2.735,2.747,2.734,2.734,133,260
1692352800,2.734,2.734,2.689,2.693,309,250
1692356400,2.693,2.695,2.683,2.686,205,250
1692360000,2.686,2.701,2.683,2.6879999999999997,195,250
1692363600,2.6879999999999997,2.709,2.686,2.7,166,250
1692367200,2.701,2.705,2.668,2.668,191,240
1692370800,2.668,2.672,2.642,2.646,541,230
1692374400,2.646,2.7039999999999997,2.6390000000000002,2.6879999999999997,709,240
1692378000,2.6870000000000003,2.689,2.659,2.666,489,240
1692381600,2.665,2.685,2.658,2.6630000000000003,434,240
1692385200,2.662,2.665,2.6550000000000002,2.662,261,240
1692388800,2.6630000000000003,2.677,2.657,2.66,297,250
1692392400,2.66,2.674,2.654,2.669,272,250
1692396000,2.669,2.682,2.666,2.6790000000000003,147,240
1692399600,2.6790000000000003,2.685,2.6630000000000003,2.668,108,260
1692579600,2.672,2.7039999999999997,2.668,2.701,252,280
1692583200,2.701,2.713,2.698,2.71,124,270
1692586800,2.709,2.721,2.709,2.714,84,270
1692590400,2.716,2.717,2.71,2.7119999999999997,75,280
1692594000,2.711,2.713,2.709,2.709,51,280
1692597600,2.711,2.7119999999999997,2.702,2.702,105,270
1692601200,2.703,2.708,2.702,2.7039999999999997,79,280
1692604800,2.7039999999999997,2.725,2.7039999999999997,2.725,99,270
1692608400,2.725,2.739,2.7199999999999998,2.733,210,250
1692612000,2.731,2.74,2.729,2.737,179,250
1692615600,2.737,2.739,2.721,2.7279999999999998,177,250
1692619200,2.729,2.7640000000000002,2.7279999999999998,2.761,200,250
1692622800,2.761,2.768,2.745,2.75,179,240
1692626400,2.748,2.778,2.746,2.767,367,240
1692630000,2.766,2.778,2.717,2.733,718,230
1692633600,2.732,2.749,2.708,2.715,830,240
1692637200,2.716,2.722,2.692,2.713,557,240
1692640800,2.713,2.73,2.71,2.714,383,240
1692644400,2.714,2.733,2.7039999999999997,2.73,346,240
1692648000,2.73,2.737,2.711,2.716,355,250
1692651600,2.719,2.739,2.708,2.711,385,250
1692655200,2.711,2.718,2.7039999999999997,2.706,143,250
1692658800,2.706,2.7119999999999997,2.693,2.694,87,260
1692666000,2.717,2.719,2.699,2.7,65,290
1692669600,2.702,2.705,2.6959999999999997,2.705,82,280
1692673200,2.705,2.714,2.705,2.707,88,270
1692676800,2.707,2.711,2.702,2.705,76,280
1692680400,2.706,2.71,2.703,2.706,96,280
1692684000,2.705,2.715,2.705,2.715,118,270
1692687600,2.715,2.718,2.707,2.709,98,270
1692691200,2.709,2.71,2.695,2.6959999999999997,131,270
1692694800,2.6959999999999997,2.7039999999999997,2.694,2.699,184,260
1692698400,2.699,2.707,2.685,2.685,257,250
1692702000,2.686,2.702,2.686,2.698,161,250
1692705600,2.698,2.705,2.683,2.686,218,240
1692709200,2.686,2.693,2.672,2.693,190,240
1692712800,2.693,2.697,2.667,2.673,302,230
1692716400,2.673,2.698,2.662,2.683,538,240
1692720000,2.683,2.723,2.674,2.708,703,220
1692723600,2.708,2.719,2.661,2.6630000000000003,486,240
1692727200,2.662,2.677,2.637,2.641,384,240
1692730800,2.64,2.656,2.62,2.621,413,240
1692734400,2.622,2.6390000000000002,2.6189999999999998,2.63,258,250
1692738000,2.6310000000000002,2.646,2.629,2.638,353,250
1692741600,2.638,2.642,2.628,2.635,167,250
1692745200,2.635,2.637,2.618,2.6189999999999998,120,290
1692752400,2.656,2.658,2.65,2.651,50,340
1692756000,2.6550000000000002,2.656,2.649,2.654,49,320
1692759600,2.654,2.657,2.653,2.654,50,320
1692763200,2.656,2.662,2.656,2.662,49,320
1692766800,2.661,2.662,2.656,2.662,50,320
1692770400,2.661,2.661,2.654,2.654,66,320
1692774000,2.654,2.6550000000000002,2.653,2.654,54,320
1692777600,2.654,2.661,2.652,2.661,63,320
1692781200,2.661,2.666,2.652,2.657,102,290
1692784800,2.657,2.666,2.646,2.6630000000000003,197,290
1692788400,2.664,2.666,2.651,2.651,169,280
1692792000,2.652,2.659,2.641,2.645,225,270
1692795600,2.644,2.648,2.626,2.628,232,270
1692799200,2.628,2.638,2.625,2.637,200,270
1692802800,2.637,2.68,2.636,2.6710000000000003,561,270
1692806400,2.6710000000000003,2.68,2.623,2.629,626,270
1692810000,2.629,2.632,2.597,2.615,482,250
1692813600,2.614,2.6390000000000002,2.6029999999999998,2.61,429,250
1692817200,2.61,2.624,2.596,2.602,305,250
1692820800,2.602,2.613,2.596,2.599,370,260
1692824400,2.6,2.608,2.5949999999999998,2.5949999999999998,278,260
1692828000,2.5949999999999998,2.596,2.581,2.585,183,260
1692831600,2.585,2.59,2.561,2.573,130,270
1692838800,2.613,2.613,2.602,2.608,84,320
1692842400,2.608,2.6109999999999998,2.602,2.604,94,290
1692846000,2.604,2.62,2.604,2.618,123,290
1692849600,2.618,2.618,2.605,2.61,92,290
1692853200,2.61,2.6109999999999998,2.602,2.609,85,270
1692856800,2.609,2.613,2.604,2.605,51,280
1692860400,2.605,2.605,2.5949999999999998,2.602,98,290
1692864000,2.602,2.6029999999999998,2.599,2.6,86,290
1692867600,2.6,2.6029999999999998,2.591,2.602,173,270
1692871200,2.602,2.6109999999999998,2.599,2.605,174,270
1692874800,2.605,2.6109999999999998,2.596,2.6109999999999998,195,270
1692878400,2.61,2.612,2.601,2.604,118,260
1692882000,2.604,2.604,2.584,2.588,239,250
1692885600,2.588,2.5949999999999998,2.567,2.576,322,250
1692889200,2.576,2.597,2.5629999999999997,2.573,532,250
1692892800,2.5709999999999997,2.6,2.5620000000000003,2.575,614,250
1692896400,2.575,2.7,2.566,2.692,1157,250
1692900000,2.692,2.713,2.669,2.697,621,240
1692903600,2.697,2.714,2.691,2.706,467,240
1692907200,2.706,2.711,2.677,2.685,351,240
1692910800,2.685,2.686,2.652,2.666,332,240
1692914400,2.666,2.6710000000000003,2.657,2.66,103,240
1692918000,2.659,2.664,2.636,2.636,92,250
1692925200,2.6870000000000003,2.6870000000000003,2.681,2.683,72,280
1692928800,2.683,2.683,2.678,2.682,54,260
1692932400,2.682,2.682,2.642,2.657,165,260
1692936000,2.658,2.666,2.6550000000000002,2.662,115,260
1692939600,2.662,2.666,2.66,2.662,70,260
1692943200,2.662,2.672,2.661,2.67,81,260
1692946800,2.67,2.675,2.666,2.673,101,260
1692950400,2.674,2.684,2.6710000000000003,2.6790000000000003,129,260
1692954000,2.68,2.684,2.669,2.669,146,250
1692957600,2.67,2.7,2.667,2.697,170,250
1692961200,2.697,2.707,2.694,2.705,123,240
1692964800,2.705,2.708,2.7,2.7,98,250
1692968400,2.7,2.707,2.689,2.7,141,240
1692972000,2.7,2.701,2.674,2.701,326,230
1692975600,2.701,2.701,2.665,2.684,502,230
1692979200,2.684,2.684,2.646,2.6550000000000002,516,230
1692982800,2.6550000000000002,2.698,2.6470000000000002,2.6870000000000003,511,230
1692986400,2.6870000000000003,2.71,2.682,2.705,360,230
1692990000,2.706,2.73,2.698,2.724,407,240
1692993600,2.724,2.727,2.699,2.718,410,240
1692997200,2.718,2.724,2.7119999999999997,2.724,283,250
1693000800,2.725,2.737,2.724,2.732,195,240
1693004400,2.732,2.734,2.709,2.713,108,230
1693184400,2.838,2.84,2.8129999999999997,2.824,332,270
1693188000,2.824,2.838,2.824,2.832,175,260
1693191600,2.832,2.832,2.816,2.825,149,250
1693195200,2.825,2.827,2.815,2.818,74,260
1693198800,2.816,2.8209999999999997,2.815,2.82,83,250
1693202400,2.82,2.825,2.81,2.811,117,260
1693206000,2.8120000000000003,2.814,2.808,2.811,88,260
1693209600,2.8120000000000003,2.822,2.8120000000000003,2.82,94,270
1693213200,2.82,2.82,2.801,2.802,177,250
1693216800,2.803,2.81,2.802,2.808,155,250
1693220400,2.808,2.819,2.799,2.815,184,250
1693224000,2.815,2.827,2.81,2.816,169,240
1693227600,2.816,2.82,2.805,2.805,152,240
1693231200,2.806,2.854,2.793,2.843,391,220
1693234800,2.843,2.891,2.838,2.8609999999999998,701,230
1693238400,2.8609999999999998,2.903,2.842,2.843,887,220
1693242000,2.843,2.856,2.832,2.841,557,220
1693245600,2.841,2.8449999999999998,2.7880000000000003,2.7960000000000003,573,230
1693249200,2.7960000000000003,2.7960000000000003,2.74,2.748,537,210
1693252800,2.748,2.7720000000000002,2.729,2.735,581,210
1693256400,2.737,2.76,2.727,2.757,569,240
1693260000,2.757,2.759,2.7439999999999998,2.75,142,250
1693263600,2.75,2.755,2.732,2.738,124,250
1693270800,2.777,2.778,2.766,2.771,69,280
1693274400,2.771,2.778,2.766,2.778,75,270
1693278000,2.778,2.778,2.763,2.7640000000000002,97,260
1693281600,2.7640000000000002,2.769,2.763,2.7640000000000002,75,250
1693285200,2.7640000000000002,2.767,2.757,2.757,91,260
1693288800,2.758,2.758,2.745,2.746,115,260
1693292400,2.748,2.751,2.7439999999999998,2.745,62,260
1693296000,2.746,2.75,2.738,2.745,97,260
1693299600,2.745,2.754,2.742,2.753,151,250
1693303200,2.755,2.783,2.754,2.783,247,240
1693306800,2.783,2.789,2.771,2.771,217,240
1693310400,2.771,2.773,2.762,2.765,195,240
1693314000,2.765,2.771,2.748,2.754,253,240
1693317600,2.754,2.776,2.7359999999999998,2.7439999999999998,394,230
1693321200,2.7439999999999998,2.781,2.7279999999999998,2.741,642,220
1693324800,2.741,2.778,2.727,2.7560000000000002,856,230
1693328400,2.7560000000000002,2.774,2.7439999999999998,2.7439999999999998,507,230
1693332000,2.7439999999999998,2.759,2.731,2.741,456,230
1693335600,2.741,2.746,2.711,2.718,429,210
1693339200,2.717,2.734,2.714,2.724,340,230
1693342800,2.724,2.769,2.716,2.769,458,230
1693346400,2.77,2.771,2.754,2.76,177,240
1693350000,2.76,2.769,2.743,2.746,129,240
1693357200,2.786,2.786,2.779,2.782,62,280
1693360800,2.783,2.784,2.779,2.783,52,270
1693364400,2.783,2.784,2.776,2.779,73,260
1693368000,2.779,2.783,2.776,2.783,35,270
1693371600,2.784,2.789,2.782,2.784,61,260
1693375200,2.784,2.79,2.766,2.778,172,260
1693378800,2.779,2.789,2.761,2.786,397,260
1693382400,2.785,2.786,2.765,2.77,235,260
1693386000,2.77,2.776,2.767,2.775,113,250
1693389600,2.775,2.779,2.763,2.7720000000000002,136,250
1693393200,2.7720000000000002,2.776,2.76,2.77,143,250
1693396800,2.77,2.775,2.766,2.773,118,290
1693400400,2.773,2.785,2.766,2.779,187,280
1693404000,2.779,2.816,2.777,2.8040000000000003,431,260
1693407600,2.8040000000000003,2.811,2.755,2.755,556,220
1693411200,2.755,2.848,2.753,2.838,912,230
1693414800,2.838,2.85,2.808,2.844,581,230
1693418400,2.844,2.8609999999999998,2.833,2.8449999999999998,430,230
1693422000,2.846,2.852,2.834,2.851,366,230
1693425600,2.851,2.864,2.841,2.8609999999999998,451,240
1693429200,2.8609999999999998,2.9050000000000002,2.855,2.893,679,240
1693432800,2.893,2.911,2.891,2.909,261,250
1693436400,2.909,2.915,2.891,2.892,153,250
1693443600,2.924,2.925,2.919,2.919,102,280
1693447200,2.919,2.92,2.916,2.92,75,260
1693450800,2.92,2.92,2.911,2.915,127,260
1693454400,2.916,2.919,2.914,2.918,65,260
1693458000,2.917,2.918,2.91,2.91,60,270
1693461600,2.911,2.914,2.906,2.908,65,260
1693465200,2.908,2.9130000000000003,2.906,2.9130000000000003,79,270
1693468800,2.9130000000000003,2.917,2.909,2.915,97,270
1693472400,2.916,2.916,2.907,2.911,131,250
1693476000,2.911,2.92,2.9050000000000002,2.914,159,250
1693479600,2.916,2.916,2.908,2.912,104,250
1693483200,2.912,2.915,2.91,2.914,75,250
1693486800,2.914,2.943,2.912,2.936,139,240
1693490400,2.936,2.957,2.922,2.922,242,240
1693494000,2.922,2.932,2.891,2.915,534,240
1693497600,2.916,2.916,2.871,2.874,760,230
1693501200,2.874,2.977,2.846,2.9699999999999998,1239,230
1693504800,2.969,2.983,2.949,2.975,598,240
1693508400,2.975,2.976,2.896,2.901,763,250
1693512000,2.9,2.9210000000000003,2.9,2.907,377,280
1693515600,2.907,2.911,2.863,2.891,519,270
1693519200,2.891,2.893,2.884,2.888,188,280
1693522800,2.888,2.8890000000000002,2.8609999999999998,2.866,155,280
1693530000,2.896,2.8970000000000002,2.883,2.888,44,350
1693533600,2.888,2.891,2.879,2.887,71,320
1693537200,2.887,2.895,2.8810000000000002,2.885,92,320
1693540800,2.885,2.8890000000000002,2.884,2.886,65,310
1693544400,2.886,2.886,2.88,2.883,61,320
1693548000,2.88,2.8890000000000002,2.879,2.8890000000000002,64,320
1693551600,2.8890000000000002,2.895,2.886,2.895,92,310
1693555200,2.895,2.898,2.8890000000000002,2.893,82,320
1693558800,2.892,2.8970000000000002,2.877,2.89,144,290
1693562400,2.89,2.917,2.89,2.904,160,290
1693566000,2.904,2.906,2.892,2.9,148,290
1693569600,2.899,2.899,2.885,2.886,129,280
1693573200,2.886,2.8970000000000002,2.875,2.883,193,280
1693576800,2.883,2.918,2.877,2.918,252,270
1693580400,2.918,2.961,2.91,2.952,589,260
1693584000,2.952,2.972,2.939,2.958,600,270
1693587600,2.958,2.9859999999999998,2.953,2.974,495,270
1693591200,2.975,2.9779999999999998,2.939,2.948,455,260
1693594800,2.948,2.955,2.9210000000000003,2.93,416,270
1693598400,2.93,2.93,2.883,2.887,497,280
1693602000,2.888,2.898,2.875,2.89,358,280
1693605600,2.89,2.893,2.873,2.877,197,280
1693609200,2.877,2.887,2.866,2.8689999999999998,149,290
1693789200,2.815,2.824,2.777,2.787,302,340
1693792800,2.787,2.805,2.785,2.802,142,320
1693796400,2.802,2.805,2.797,2.802,79,320
1693800000,2.802,2.805,2.799,2.802,85,320
1693803600,2.801,2.808,2.799,2.8040000000000003,70,320
1693807200,2.8040000000000003,2.818,2.8,2.817,130,310
1693810800,2.817,2.819,2.8120000000000003,2.816,102,320
1693814400,2.8129999999999997,2.819,2.8129999999999997,2.817,73,320
1693818000,2.818,2.832,2.817,2.828,171,290
1693821600,2.828,2.8369999999999997,2.824,2.831,237,280
1693825200,2.83,2.84,2.822,2.838,211,280
1693828800,2.838,2.839,2.822,2.823,133,280
1693832400,2.823,2.832,2.805,2.817,197,270
1693836000,2.817,2.817,2.807,2.8120000000000003,164,270
1693839600,2.8120000000000003,2.827,2.802,2.803,262,270
1693843200,2.803,2.816,2.798,2.802,363,260
1693846800,2.802,2.811,2.794,2.7960000000000003,257,270
1693850400,2.7960000000000003,2.809,2.793,2.801,221,270
1693854000,2.801,2.805,2.7800000000000002,2.781,185,270
1693857600,2.7800000000000002,2.79,2.7800000000000002,2.786,35,280
1693875600,2.805,2.806,2.785,2.792,105,500
1693879200,2.792,2.795,2.783,2.795,97,430
1693882800,2.795,2.803,2.791,2.7960000000000003,106,420
1693886400,2.7960000000000003,2.802,2.791,2.797,84,420
1693890000,2.797,2.802,2.793,2.799,60,420
1693893600,2.798,2.807,2.794,2.805,60,420
1693897200,2.805,2.807,2.792,2.792,75,420
1693900800,2.797,2.799,2.784,2.786,87,420
1693904400,2.786,2.793,2.782,2.79,120,370
1693908000,2.791,2.817,2.791,2.799,194,280
1693911600,2.8,2.801,2.789,2.792,184,280
1693915200,2.792,2.792,2.773,2.779,228,280
1693918800,2.7800000000000002,2.795,2.779,2.795,194,270
1693922400,2.795,2.8,2.757,2.7640000000000002,291,270
1693926000,2.7640000000000002,2.776,2.75,2.767,593,260
1693929600,2.769,2.783,2.745,2.778,771,270
1693933200,2.778,2.778,2.754,2.76,368,270
1693936800,2.761,2.761,2.738,2.751,319,270
1693940400,2.751,2.767,2.74,2.759,389,270
1693944000,2.759,2.762,2.746,2.754,318,280
1693947600,2.753,2.7640000000000002,2.7439999999999998,2.747,468,280
1693951200,2.747,2.761,2.747,2.761,161,280
1693954800,2.761,2.761,2.7359999999999998,2.739,103,290
1693962000,2.77,2.773,2.7640000000000002,2.769,54,360
1693965600,2.768,2.768,2.761,2.766,46,320
1693969200,2.767,2.77,2.762,2.763,81,310
1693972800,2.763,2.767,2.76,2.763,82,320
1693976400,2.76,2.7640000000000002,2.758,2.763,53,320
1693980000,2.763,2.763,2.758,2.761,45,320
1693983600,2.761,2.765,2.759,2.7640000000000002,43,320
1693987200,2.7640000000000002,2.765,2.7560000000000002,2.76,56,320
1693990800,2.76,2.76,2.741,2.7560000000000002,150,290
1693994400,2.7560000000000002,2.759,2.75,2.758,156,280
1693998000,2.758,2.786,2.757,2.776,234,280
1694001600,2.777,2.781,2.767,2.771,172,290
1694005200,2.771,2.789,2.771,2.784,169,270
1694008800,2.784,2.802,2.769,2.778,371,250
1694012400,2.778,2.784,2.726,2.732,583,260
1694016000,2.732,2.735,2.7,2.715,747,270
1694019600,2.715,2.7359999999999998,2.7039999999999997,2.722,447,260
1694023200,2.722,2.746,2.721,2.729,336,270
1694026800,2.729,2.741,2.722,2.74,245,270
1694030400,2.74,2.74,2.721,2.725,220,280
1694034000,2.725,2.726,2.71,2.722,312,280
1694037600,2.722,2.724,2.713,2.722,168,270
1694041200,2.722,2.723,2.7039999999999997,2.7039999999999997,95,290
1694048400,2.735,2.737,2.729,2.732,43,360
1694052000,2.732,2.734,2.725,2.733,49,320
1694055600,2.733,2.735,2.729,2.729,71,320
1694059200,2.731,2.734,2.7279999999999998,2.734,62,320
1694062800,2.733,2.735,2.73,2.734,35,320
1694066400,2.734,2.737,2.731,2.735,66,320
1694070000,2.735,2.735,2.7279999999999998,2.731,48,320
1694073600,2.731,2.732,2.726,2.727,75,310
1694077200,2.727,2.731,2.7199999999999998,2.7279999999999998,110,290
1694080800,2.7279999999999998,2.738,2.726,2.7359999999999998,132,280
1694084400,2.735,2.738,2.729,2.731,104,290
1694088000,2.731,2.7359999999999998,2.729,2.731,84,290
1694091600,2.731,2.745,2.725,2.745,107,270
1694095200,2.745,2.762,2.741,2.7560000000000002,237,270
1694098800,2.7560000000000002,2.759,2.722,2.723,464,260
1694102400,2.724,2.746,2.708,2.733,648,250
1694106000,2.733,2.803,2.73,2.792,1106,260
1694109600,2.792,2.811,2.781,2.781,600,260
1694113200,2.781,2.803,2.768,2.768,386,260
1694116800,2.767,2.782,2.763,2.765,367,270
1694120400,2.7640000000000002,2.785,2.749,2.766,472,280
1694124000,2.766,2.781,2.7640000000000002,2.779,174,280
1694127600,2.779,2.781,2.7439999999999998,2.7439999999999998,144,280
1694134800,2.784,2.787,2.778,2.787,46,350
1694138400,2.787,2.7880000000000003,2.7800000000000002,2.7880000000000003,49,320
1694142000,2.787,2.787,2.778,2.783,83,320
1694145600,2.783,2.7880000000000003,2.782,2.787,54,320
1694149200,2.787,2.79,2.784,2.787,52,320
1694152800,2.79,2.79,2.787,2.789,24,320
1694156400,2.789,2.795,2.787,2.795,82,320
1694160000,2.7960000000000003,2.807,2.792,2.8040000000000003,100,320
1694163600,2.8040000000000003,2.823,2.8040000000000003,2.818,218,290
1694167200,2.817,2.824,2.8120000000000003,2.815,187,290
1694170800,2.816,2.8209999999999997,2.806,2.808,185,280
1694174400,2.809,2.825,2.806,2.823,148,270
1694178000,2.824,2.836,2.82,2.832,189,270
1694181600,2.832,2.843,2.82,2.841,399,260
1694185200,2.841,2.864,2.824,2.836,813,260
1694188800,2.836,2.844,2.807,2.8129999999999997,660,260
1694192400,2.8129999999999997,2.834,2.811,2.823,435,270
1694196000,2.823,2.839,2.81,2.819,399,260
1694199600,2.819,2.8209999999999997,2.802,2.807,297,270
1694203200,2.807,2.808,2.793,2.8,327,270
1694206800,2.8,2.8129999999999997,2.7960000000000003,2.808,331,280
1694210400,2.808,2.819,2.807,2.811,149,280
1694214000,2.811,2.816,2.797,2.802,153,290
1694394000,2.823,2.824,2.802,2.81,162,350
1694397600,2.81,2.81,2.797,2.801,91,320
1694401200,2.801,2.8040000000000003,2.784,2.7880000000000003,111,310
1694404800,2.7880000000000003,2.789,2.773,2.774,126,310
1694408400,2.774,2.774,2.763,2.768,77,310
1694412000,2.7720000000000002,2.773,2.767,2.773,99,320
1694415600,2.773,2.775,2.769,2.774,83,310
1694419200,2.774,2.777,2.771,2.774,86,320
1694422800,2.774,2.781,2.769,2.777,173,290
1694426400,2.774,2.792,2.7720000000000002,2.792,146,280
1694430000,2.792,2.794,2.781,2.787,153,280
1694433600,2.786,2.791,2.778,2.781,170,280
1694437200,2.781,2.798,2.7800000000000002,2.792,182,270
1694440800,2.792,2.798,2.7720000000000002,2.783,305,250
1694444400,2.783,2.8209999999999997,2.776,2.8,837,250
1694448000,2.8,2.841,2.786,2.8129999999999997,926,260
1694451600,2.815,2.8209999999999997,2.803,2.807,476,270
1694455200,2.806,2.831,2.803,2.8120000000000003,385,270
1694458800,2.8120000000000003,2.834,2.806,2.82,311,260
1694462400,2.82,2.823,2.795,2.8040000000000003,361,270
1694466000,2.8040000000000003,2.8289999999999997,2.799,2.809,462,280
1694469600,2.809,2.8209999999999997,2.809,2.817,158,280
1694473200,2.816,2.823,2.799,2.8,133,290
1694480400,2.833,2.833,2.824,2.826,54,340
1694484000,2.83,2.834,2.822,2.834,66,330
1694487600,2.834,2.834,2.822,2.823,69,320
1694491200,2.823,2.83,2.819,2.83,95,320
1694494800,2.83,2.831,2.827,2.83,82,310
1694498400,2.827,2.83,2.825,2.828,66,310
1694502000,2.828,2.828,2.823,2.828,68,320
1694505600,2.828,2.836,2.8209999999999997,2.834,83,320
1694509200,2.835,2.836,2.822,2.826,106,290
1694512800,2.826,2.844,2.825,2.839,193,280
1694516400,2.839,2.841,2.8289999999999997,2.8289999999999997,121,280
1694520000,2.8289999999999997,2.849,2.826,2.846,246,280
1694523600,2.846,2.856,2.835,2.846,202,270
1694527200,2.846,2.867,2.827,2.856,439,260
1694530800,2.857,2.877,2.85,2.865,680,250
1694534400,2.865,2.88,2.835,2.8369999999999997,622,260
1694538000,2.8369999999999997,2.908,2.824,2.9,759,260
1694541600,2.9,2.9619999999999997,2.893,2.942,1291,240
1694545200,2.942,2.951,2.923,2.945,526,230
1694548800,2.945,2.958,2.9370000000000003,2.951,493,230
1694552400,2.952,2.952,2.915,2.927,597,240
1694556000,2.928,2.932,2.9210000000000003,2.9210000000000003,167,240
1694559600,2.9210000000000003,2.926,2.891,2.891,106,250
1694566800,2.935,2.936,2.923,2.928,84,270
1694570400,2.928,2.931,2.925,2.926,54,260
1694574000,2.926,2.926,2.918,2.925,172,260
1694577600,2.926,2.928,2.923,2.925,83,270
1694581200,2.925,2.925,2.9210000000000003,2.923,58,260
1694584800,2.923,2.934,2.9210000000000003,2.933,86,260
1694588400,2.933,2.934,2.93,2.931,75,270
1694592000,2.931,2.934,2.928,2.9290000000000003,90,260
1694595600,2.9290000000000003,2.936,2.927,2.935,118,250
1694599200,2.935,2.941,2.916,2.919,209,250
1694602800,2.919,2.936,2.918,2.93,145,240
1694606400,2.931,2.9379999999999997,2.927,2.93,140,250
1694610000,2.93,2.944,2.925,2.936,176,240
1694613600,2.936,2.953,2.924,2.933,296,230
1694617200,2.933,2.9539999999999997,2.909,2.9539999999999997,651,220
1694620800,2.9539999999999997,2.955,2.883,2.901,823,230
1694624400,2.901,2.9619999999999997,2.894,2.948,670,230
1694628000,2.948,2.961,2.909,2.9130000000000003,690,230
1694631600,2.9130000000000003,2.916,2.885,2.892,661,220
1694635200,2.892,2.893,2.865,2.882,610,230
1694638800,2.8810000000000002,2.907,2.876,2.9,589,240
1694642400,2.9,2.926,2.895,2.922,239,240
1694646000,2.922,2.923,2.9,2.901,129,250
1694653200,2.933,2.933,2.922,2.926,102,270
1694656800,2.926,2.931,2.924,2.931,81,270
1694660400,2.932,2.952,2.9290000000000003,2.947,140,260
1694664000,2.949,2.957,2.947,2.9539999999999997,104,260
1694667600,2.9539999999999997,2.96,2.951,2.952,93,260
1694671200,2.953,2.955,2.944,2.945,108,270
1694674800,2.9459999999999997,2.95,2.944,2.945,81,260
1694678400,2.945,2.959,2.944,2.95,115,260
1694682000,2.95,2.95,2.936,2.94,131,250
1694685600,2.94,2.955,2.939,2.9539999999999997,184,250
1694689200,2.9539999999999997,2.957,2.943,2.9539999999999997,232,240
1694692800,2.9539999999999997,2.961,2.942,2.944,234,250
1694696400,2.943,2.98,2.943,2.98,340,240
1694700000,2.9779999999999998,3.017,2.977,3.006,508,240
1694703600,3.007,3.022,2.973,2.989,775,230
1694707200,2.989,3.0,2.944,2.99,706,230
1694710800,2.99,2.9939999999999998,2.9290000000000003,2.934,1066,230
1694714400,2.934,2.9539999999999997,2.919,2.9379999999999997,638,230
1694718000,2.9379999999999997,2.94,2.914,2.926,439,220
1694721600,2.926,2.933,2.912,2.916,383,240
1694725200,2.916,2.932,2.909,2.915,452,240
1694728800,2.915,2.915,2.907,2.912,155,240
1694732400,2.9130000000000003,2.918,2.894,2.899,79,250
1694739600,2.928,2.9290000000000003,2.918,2.925,98,260
1694743200,2.925,2.928,2.919,2.92,57,270
1694746800,2.92,2.932,2.92,2.931,63,270
1694750400,2.931,2.934,2.93,2.933,50,260
1694754000,2.933,2.933,2.9290000000000003,2.931,56,260
1694757600,2.932,2.9370000000000003,2.931,2.932,53,260
1694761200,2.934,2.935,2.9290000000000003,2.931,53,260
1694764800,2.93,2.933,2.9290000000000003,2.933,57,270
1694768400,2.933,2.936,2.922,2.926,88,260
1694772000,2.926,2.939,2.919,2.939,190,250
1694775600,2.939,2.943,2.924,2.924,168,240
1694779200,2.924,2.931,2.916,2.918,182,250
1694782800,2.918,2.926,2.904,2.904,213,240
1694786400,2.904,2.924,2.9,2.9210000000000003,351,220
1694790000,2.9210000000000003,2.932,2.885,2.894,635,220
1694793600,2.894,2.943,2.888,2.93,698,240
1694797200,2.9290000000000003,2.936,2.901,2.9050000000000002,467,230
1694800800,2.9050000000000002,2.915,2.895,2.901,375,230
1694804400,2.901,2.908,2.896,2.8970000000000002,230,240
1694808000,2.8970000000000002,2.8970000000000002,2.873,2.887,375,240
1694811600,2.886,2.887,2.872,2.88,354,240
1694815200,2.88,2.888,2.876,2.884,147,250
1694818800,2.884,2.885,2.855,2.855,147,250
1694998800,2.844,2.883,2.844,2.8810000000000002,209,270
1695002400,2.8810000000000002,2.882,2.875,2.878,79,270
1695006000,2.878,2.883,2.877,2.8810000000000002,83,260
1695009600,2.88,2.886,2.879,2.884,75,270
1695013200,2.883,2.8890000000000002,2.882,2.883,65,270
1695016800,2.885,2.8890000000000002,2.883,2.886,61,270
1695020400,2.886,2.894,2.884,2.89,114,260
1695024000,2.89,2.891,2.888,2.888,60,270
1695027600,2.888,2.89,2.872,2.8810000000000002,158,250
1695031200,2.8810000000000002,2.891,2.868,2.8689999999999998,240,250
1695034800,2.8689999999999998,2.882,2.867,2.87,146,250
1695038400,2.871,2.886,2.87,2.885,127,250
1695042000,2.885,2.887,2.871,2.885,195,240
1695045600,2.885,2.886,2.856,2.865,404,230
1695049200,2.865,2.876,2.84,2.874,586,210
1695052800,2.874,2.923,2.858,2.906,888,230
1695056400,2.906,2.958,2.906,2.958,863,230
1695060000,2.958,2.959,2.924,2.9379999999999997,459,230
1695063600,2.9379999999999997,2.948,2.928,2.948,446,230
1695067200,2.947,2.9539999999999997,2.94,2.95,276,240
1695070800,2.951,2.969,2.949,2.96,475,240
1695074400,2.961,2.963,2.948,2.951,203,250
1695078000,2.951,2.9539999999999997,2.925,2.939,148,250
1695085200,2.966,2.966,2.958,2.959,75,280
1695088800,2.96,2.963,2.959,2.963,35,270
1695092400,2.959,2.965,2.957,2.964,78,260
1695096000,2.964,2.967,2.961,2.9619999999999997,73,260
1695099600,2.961,2.964,2.956,2.963,80,260
1695103200,2.963,2.968,2.961,2.965,66,260
1695106800,2.966,2.969,2.96,2.961,54,270
1695110400,2.963,2.964,2.959,2.963,66,260
1695114000,2.963,2.963,2.956,2.958,96,250
1695117600,2.958,2.976,2.956,2.972,165,250
1695121200,2.974,2.974,2.957,2.963,125,240
1695124800,2.963,2.969,2.959,2.967,159,240
1695128400,2.967,2.969,2.951,2.956,211,240
1695132000,2.956,2.982,2.951,2.981,333,230
1695135600,2.981,3.019,2.974,3.008,704,230
1695139200,3.008,3.015,2.964,3.013,884,210
1695142800,3.013,3.041,3.009,3.041,867,230
1695146400,3.041,3.05,3.016,3.036,601,230
1695150000,3.036,3.042,3.015,3.021,439,220
1695153600,3.022,3.032,3.009,3.01,418,230
1695157200,3.01,3.02,2.9939999999999998,3.0,397,240
1695160800,2.999,3.009,2.998,3.002,155,250
1695164400,3.002,3.012,2.983,2.99,130,240
1695171600,2.992,3.001,2.974,2.98,319,260
1695175200,2.98,2.982,2.9539999999999997,2.955,218,240
1695178800,2.955,2.961,2.939,2.949,357,240
1695182400,2.949,2.964,2.941,2.958,278,260
1695186000,2.958,2.9619999999999997,2.945,2.9459999999999997,194,260
1695189600,2.9459999999999997,2.964,2.9459999999999997,2.957,265,250
1695193200,2.957,2.964,2.9539999999999997,2.956,149,250
1695196800,2.956,2.964,2.949,2.953,132,250
1695200400,2.952,2.974,2.952,2.971,240,250
1695204000,2.971,2.976,2.9459999999999997,2.9459999999999997,270,240
1695207600,2.9459999999999997,2.956,2.9459999999999997,2.949,231,240
1695211200,2.949,2.966,2.944,2.964,179,250
1695214800,2.964,2.967,2.9539999999999997,2.961,220,240
1695218400,2.961,2.974,2.949,2.968,545,230
1695222000,2.966,2.968,2.926,2.939,726,230
1695225600,2.939,2.939,2.8890000000000002,2.912,942,230
1695229200,2.912,2.933,2.898,2.932,721,240
1695232800,2.932,2.9370000000000003,2.919,2.925,457,230
1695236400,2.925,2.93,2.915,2.9210000000000003,360,240
1695240000,2.9210000000000003,2.923,2.907,2.919,272,240
1695243600,2.919,2.923,2.903,2.911,470,240
1695247200,2.91,2.918,2.91,2.912,153,250
1695250800,2.912,2.9210000000000003,2.886,2.8970000000000002,148,250
1695258000,2.927,2.932,2.916,2.924,118,260
1695261600,2.922,2.928,2.922,2.927,72,270
1695265200,2.928,2.942,2.924,2.927,195,240
1695268800,2.928,2.934,2.928,2.93,84,260
1695272400,2.93,2.932,2.927,2.931,63,260
1695276000,2.931,2.935,2.9290000000000003,2.933,88,260
1695279600,2.933,2.934,2.928,2.931,64,260
1695283200,2.931,2.934,2.93,2.93,57,270
1695286800,2.93,2.943,2.927,2.94,87,250
1695290400,2.94,2.945,2.935,2.944,131,250
1695294000,2.944,2.947,2.939,2.939,128,250
1695297600,2.941,2.9459999999999997,2.919,2.919,152,240
1695301200,2.919,2.9290000000000003,2.917,2.923,107,240
1695304800,2.923,2.925,2.886,2.888,238,230
1695308400,2.8890000000000002,2.903,2.878,2.899,569,230
1695312000,2.899,2.947,2.8890000000000002,2.9459999999999997,641,230
1695315600,2.9459999999999997,2.957,2.886,2.895,860,230
1695319200,2.895,2.918,2.876,2.8810000000000002,517,230
1695322800,2.8810000000000002,2.906,2.875,2.875,341,240
1695326400,2.875,2.879,2.854,2.854,365,240
1695330000,2.854,2.86,2.839,2.8529999999999998,546,230
1695333600,2.852,2.895,2.841,2.858,507,240
1695337200,2.858,2.8609999999999998,2.828,2.831,169,240
1695344400,2.865,2.87,2.858,2.862,93,270
1695348000,2.862,2.868,2.86,2.867,104,260
1695351600,2.867,2.883,2.867,2.876,178,260
1695355200,2.876,2.879,2.873,2.874,140,260
1695358800,2.874,2.883,2.872,2.88,73,270
1695362400,2.88,2.884,2.874,2.88,113,250
1695366000,2.88,2.884,2.874,2.875,89,260
1695369600,2.875,2.875,2.87,2.871,75,260
1695373200,2.87,2.885,2.867,2.876,146,250
1695376800,2.876,2.887,2.87,2.878,150,250
1695380400,2.878,2.887,2.874,2.8810000000000002,120,250
1695384000,2.8810000000000002,2.894,2.872,2.892,191,250
1695387600,2.892,2.898,2.886,2.893,152,250
1695391200,2.893,2.898,2.886,2.896,277,220
1695394800,2.896,2.936,2.895,2.9290000000000003,588,220
1695398400,2.928,2.933,2.878,2.888,569,220
1695402000,2.887,2.893,2.875,2.8810000000000002,411,240
1695405600,2.882,2.896,2.871,2.8890000000000002,305,240
1695409200,2.8890000000000002,2.892,2.877,2.883,253,240
1695412800,2.884,2.908,2.884,2.893,292,240
1695416400,2.895,2.916,2.885,2.901,445,230
1695420000,2.901,2.91,2.899,2.906,178,240
1695423600,2.906,2.914,2.884,2.895,133,250
1695603600,2.934,2.949,2.925,2.9370000000000003,189,280
1695607200,2.9379999999999997,2.942,2.931,2.939,87,270
1695610800,2.94,2.942,2.925,2.927,127,250
1695614400,2.927,2.941,2.927,2.9370000000000003,100,260
1695618000,2.9370000000000003,2.941,2.9370000000000003,2.9370000000000003,56,270
1695621600,2.936,2.9370000000000003,2.9290000000000003,2.931,80,260
1695625200,2.931,2.931,2.926,2.927,83,260
1695628800,2.927,2.93,2.918,2.927,97,260
1695632400,2.927,2.93,2.915,2.926,174,250
1695636000,2.926,2.932,2.915,2.9210000000000003,202,230
1695639600,2.9210000000000003,2.922,2.91,2.9210000000000003,189,250
1695643200,2.9210000000000003,2.9210000000000003,2.909,2.916,135,240
1695646800,2.916,2.9379999999999997,2.915,2.925,209,240
1695650400,2.925,2.935,2.908,2.923,224,230
1695654000,2.924,2.968,2.9130000000000003,2.922,666,230
1695657600,2.9210000000000003,2.9619999999999997,2.911,2.957,642,230
1695661200,2.957,2.983,2.949,2.966,550,220
1695664800,2.966,2.98,2.953,2.971,408,240
1695668400,2.971,2.975,2.939,2.94,344,240
1695672000,2.94,2.943,2.927,2.931,318,250
1695675600,2.931,2.957,2.927,2.9370000000000003,394,240
1695679200,2.9370000000000003,2.947,2.932,2.944,207,240
1695682800,2.944,2.951,2.926,2.93,97,240
1695690000,2.9699999999999998,2.972,2.966,2.966,137,280
1695693600,2.965,2.969,2.964,2.967,53,270
1695697200,2.967,2.967,2.961,2.963,73,270
1695700800,2.963,2.963,2.959,2.961,45,260
1695704400,2.961,2.964,2.956,2.957,69,260
1695708000,2.957,2.957,2.95,2.951,65,270
1695711600,2.951,2.951,2.944,2.947,94,270
1695715200,2.947,2.949,2.943,2.948,88,270
1695718800,2.948,2.959,2.927,2.939,237,250
1695722400,2.939,2.939,2.925,2.9379999999999997,214,250
1695726000,2.9379999999999997,2.943,2.93,2.933,171,240
1695729600,2.933,2.933,2.9210000000000003,2.93,157,240
1695733200,2.93,2.932,2.9130000000000003,2.917,217,240
1695736800,2.917,2.919,2.8810000000000002,2.884,440,230
1695740400,2.884,2.899,2.867,2.89,528,240
1695744000,2.89,2.9130000000000003,2.875,2.909,558,240
1695747600,2.909,2.958,2.9,2.952,606,240
1695751200,2.952,2.961,2.932,2.949,473,230
1695754800,2.949,2.949,2.915,2.915,420,220
1695758400,2.915,2.915,2.891,2.903,591,230
1695762000,2.903,2.92,2.8890000000000002,2.92,535,230
1695765600,2.92,2.922,2.909,2.91,181,240
1695769200,2.909,2.918,2.887,2.887,114,250
1695776400,2.935,2.935,2.927,2.932,67,280
1695780000,2.932,2.935,2.9290000000000003,2.935,57,270
1695783600,2.935,2.942,2.935,2.941,84,260
1695787200,2.941,2.948,2.941,2.9459999999999997,61,260
1695790800,2.948,2.952,2.9459999999999997,2.951,69,270
1695794400,2.952,2.9539999999999997,2.949,2.95,67,260
1695798000,2.95,2.953,2.948,2.952,59,260
1695801600,2.952,2.959,2.949,2.955,91,260
1695805200,2.956,2.96,2.949,2.953,133,250
1695808800,2.953,2.982,2.953,2.98,169,250
1695812400,2.98,2.982,2.9699999999999998,2.974,158,250
1695816000,2.974,2.984,2.969,2.979,162,240
1695819600,2.979,2.992,2.974,2.985,164,240
1695823200,2.985,3.001,2.969,2.982,340,220
1695826800,2.982,3.02,2.9619999999999997,2.974,778,230
1695830400,2.974,3.0,2.941,2.988,741,240
1695834000,2.988,3.007,2.979,2.989,598,220
1695837600,2.989,2.995,2.982,2.985,421,240
1695841200,2.985,3.015,2.98,3.004,337,240
1695844800,3.004,3.012,2.985,2.9939999999999998,356,240
1695848400,2.9939999999999998,3.007,2.9699999999999998,2.974,652,240
1695852000,2.974,2.976,2.964,2.964,170,250
1695855600,2.964,2.973,2.951,2.951,124,250
1695862800,2.985,2.988,2.984,2.987,77,290
1695866400,2.987,2.992,2.985,2.991,53,270
1695870000,2.991,3.009,2.991,3.008,99,260
1695873600,3.008,3.013,3.0,3.0,71,260
1695877200,3.0,3.002,2.993,2.993,70,260
1695880800,2.993,2.999,2.989,2.995,82,270
1695884400,2.9939999999999998,2.998,2.991,2.997,81,270
1695888000,2.996,3.001,2.9859999999999998,2.991,124,260
1695891600,2.989,3.003,2.982,3.001,180,250
1695895200,3.001,3.003,2.974,2.975,220,240
1695898800,2.975,2.9859999999999998,2.9699999999999998,2.985,212,240
1695902400,2.985,2.992,2.971,2.974,210,240
1695906000,2.974,2.993,2.966,2.989,238,240
1695909600,2.989,3.042,2.984,3.029,449,230
1695913200,3.028,3.039,3.011,3.023,627,220
1695916800,3.023,3.051,3.001,3.042,775,230
1695920400,3.042,3.07,3.022,3.031,843,220
1695924000,3.032,3.04,2.998,3.004,485,230
1695927600,3.003,3.046,3.001,3.037,339,240
1695931200,3.036,3.039,3.012,3.036,366,230
1695934800,3.035,3.045,3.02,3.039,356,240
1695938400,3.039,3.043,3.034,3.035,148,240
1695942000,3.035,3.045,3.023,3.024,130,250
1695949200,3.06,3.06,3.055,3.055,73,290
1695952800,3.057,3.063,3.056,3.063,71,270
1695956400,3.063,3.08,3.063,3.08,84,260
1695960000,3.08,3.095,3.079,3.095,100,260
1695963600,3.095,3.106,3.093,3.093,110,260
1695967200,3.093,3.096,3.083,3.085,86,250
1695970800,3.087,3.09,3.083,3.086,98,260
1695974400,3.086,3.091,3.081,3.088,101,260
1695978000,3.088,3.088,3.074,3.075,185,250
1695981600,3.075,3.078,3.063,3.075,238,250
1695985200,3.076,3.084,3.06,3.075,178,240
1695988800,3.075,3.075,3.061,3.069,146,250
1695992400,3.069,3.082,3.064,3.066,216,240
1695996000,3.066,3.066,3.024,3.029,449,210
1695999600,3.029,3.034,2.989,2.995,621,230
1696003200,2.995,3.027,2.971,3.021,806,230
1696006800,3.021,3.056,3.013,3.051,510,220
1696010400,3.05,3.072,3.046,3.069,445,240
1696014000,3.069,3.07,3.053,3.058,269,240
1696017600,3.058,3.069,3.049,3.069,297,240
1696021200,3.07,3.088,3.03,3.043,533,240
1696024800,3.043,3.047,3.038,3.047,170,240
1696028400,3.046,3.046,3.017,3.022,119,250
1696208400,3.066,3.068,3.033,3.038,190,270
1696212000,3.038,3.038,3.032,3.036,88,270
1696215600,3.036,3.036,3.024,3.025,117,260
1696219200,3.025,3.029,3.023,3.028,79,260
1696222800,3.028,3.028,3.017,3.019,99,250
1696226400,3.018,3.023,3.017,3.019,86,250
1696230000,3.018,3.023,3.016,3.017,70,260
1696233600,3.017,3.018,3.012,3.016,64,270
1696237200,3.015,3.045,3.015,3.035,181,250
1696240800,3.035,3.041,3.026,3.037,136,250
1696244400,3.039,3.06,3.038,3.06,152,240
1696248000,3.061,3.067,3.038,3.058,140,250
1696251600,3.058,3.058,3.036,3.036,181,240
1696255200,3.036,3.038,3.007,3.024,336,220
1696258800,3.022,3.043,3.01,3.028,572,230
1696262400,3.028,3.036,3.002,3.028,626,230
1696266000,3.028,3.033,2.975,2.993,664,230
1696269600,2.993,3.011,2.985,2.998,473,240
1696273200,2.998,3.02,2.988,3.012,337,230
1696276800,3.014,3.016,2.975,2.976,316,240
1696280400,2.976,2.987,2.966,2.967,385,240
1696284000,2.966,2.982,2.966,2.982,151,240
1696287600,2.982,2.987,2.953,2.9539999999999997,135,250
1696294800,2.99,2.99,2.9859999999999998,2.989,73,280
1696298400,2.989,2.991,2.9859999999999998,2.988,65,270
1696302000,2.989,2.989,2.982,2.983,65,260
1696305600,2.983,2.984,2.98,2.98,54,260
1696309200,2.981,2.981,2.974,2.979,64,260
1696312800,2.979,3.003,2.977,3.0,128,260
1696316400,3.001,3.001,2.995,2.997,104,260
1696320000,2.998,2.998,2.99,2.992,119,260
1696323600,2.992,3.008,2.992,3.008,121,250
1696327200,3.008,3.008,2.975,2.983,198,240
1696330800,2.983,2.988,2.9699999999999998,2.971,173,250
1696334400,2.971,2.988,2.971,2.984,229,240
1696338000,2.984,2.998,2.972,2.987,248,240
1696341600,2.987,3.014,2.987,3.005,299,230
1696345200,3.005,3.045,2.992,3.038,641,230
1696348800,3.038,3.054,3.022,3.046,641,230
1696352400,3.046,3.052,3.035,3.049,539,230
1696356000,3.049,3.086,3.048,3.083,587,230
1696359600,3.083,3.084,3.068,3.081,390,240
1696363200,3.08,3.089,3.075,3.079,280,240
1696366800,3.079,3.096,3.076,3.089,354,250
1696370400,3.088,3.101,3.079,3.081,218,240
1696374000,3.081,3.083,3.056,3.061,102,250
1696381200,3.094,3.097,3.091,3.094,60,280
1696384800,3.093,3.098,3.091,3.097,66,270
1696388400,3.097,3.099,3.089,3.099,158,260
1696392000,3.099,3.1,3.094,3.099,59,270
1696395600,3.099,3.099,3.096,3.096,41,270
1696399200,3.096,3.097,3.091,3.096,61,260
1696402800,3.096,3.109,3.094,3.108,62,270
1696406400,3.108,3.123,3.106,3.117,137,260
1696410000,3.117,3.118,3.101,3.104,161,250
1696413600,3.104,3.129,3.1,3.127,163,250
1696417200,3.127,3.137,3.121,3.128,126,220
1696420800,3.128,3.137,3.125,3.129,119,240
1696424400,3.129,3.13,3.105,3.121,365,240
1696428000,3.121,3.1390000000000002,3.118,3.126,278,240
1696431600,3.126,3.175,3.118,3.155,704,230
1696435200,3.154,3.196,3.154,3.175,727,240
1696438800,3.175,3.18,3.154,3.16,588,230
1696442400,3.16,3.168,3.148,3.149,425,230
1696446000,3.149,3.149,3.13,3.144,393,230
1696449600,3.142,3.149,3.133,3.141,232,250
1696453200,3.141,3.146,3.104,3.121,653,230
1696456800,3.121,3.142,3.1189999999999998,3.137,204,240
1696460400,3.137,3.14,3.112,3.114,101,250
1696467600,3.145,3.146,3.14,3.145,61,280
1696471200,3.146,3.149,3.141,3.145,58,270
1696474800,3.147,3.154,3.141,3.144,117,260
1696478400,3.144,3.154,3.141,3.153,74,260
1696482000,3.152,3.156,3.15,3.152,74,260
1696485600,3.154,3.159,3.153,3.155,58,270
1696489200,3.154,3.156,3.153,3.154,53,270
1696492800,3.154,3.174,3.15,3.17,132,260
1696496400,3.17,3.175,3.165,3.17,125,250
1696500000,3.17,3.17,3.155,3.163,128,240
1696503600,3.163,3.166,3.1390000000000002,3.14,139,250
1696507200,3.14,3.146,3.134,3.143,152,250
1696510800,3.142,3.155,3.132,3.144,175,240
1696514400,3.144,3.183,3.141,3.175,380,230
1696518000,3.176,3.198,3.17,3.189,562,240
1696521600,3.189,3.227,3.185,3.209,817,230
1696525200,3.209,3.319,3.208,3.298,1129,230
1696528800,3.298,3.312,3.289,3.298,586,240
1696532400,3.298,3.356,3.295,3.352,526,220
1696536000,3.351,3.362,3.329,3.344,572,240
1696539600,3.344,3.348,3.322,3.328,550,240
1696543200,3.328,3.348,3.323,3.342,284,240
1696546800,3.342,3.3529999999999998,3.328,3.33,192,240
1696554000,3.364,3.364,3.3529999999999998,3.3529999999999998,88,270
1696557600,3.355,3.359,3.35,3.358,94,270
1696561200,3.358,3.358,3.347,3.3529999999999998,207,250
1696564800,3.3529999999999998,3.357,3.35,3.351,92,270
1696568400,3.352,3.359,3.352,3.356,92,260
1696572000,3.356,3.362,3.3529999999999998,3.359,96,260
1696575600,3.36,3.363,3.359,3.3609999999999998,98,260
1696579200,3.362,3.365,3.352,3.364,138,260
1696582800,3.364,3.368,3.36,3.366,99,250
1696586400,3.365,3.412,3.356,3.401,267,240
1696590000,3.4,3.4,3.378,3.382,196,250
1696593600,3.382,3.3890000000000002,3.366,3.38,253,240
1696597200,3.38,3.38,3.358,3.371,333,240
1696600800,3.371,3.399,3.356,3.399,478,220
1696604400,3.3970000000000002,3.4050000000000002,3.357,3.365,947,230
1696608000,3.366,3.412,3.359,3.41,1144,230
1696611600,3.41,3.455,3.399,3.439,901,230
1696615200,3.439,3.466,3.427,3.462,660,230
1696618800,3.462,3.468,3.431,3.461,630,230
1696622400,3.461,3.49,3.455,3.479,553,240
1696626000,3.479,3.507,3.474,3.499,686,220
1696629600,3.499,3.5,3.471,3.475,299,240
1696633200,3.475,3.4859999999999998,3.459,3.464,138,250
1696813200,3.515,3.5300000000000002,3.485,3.496,344,280
1696816800,3.496,3.499,3.49,3.491,147,270
1696820400,3.491,3.515,3.487,3.509,138,260
1696824000,3.509,3.534,3.509,3.527,199,260
1696827600,3.527,3.555,3.526,3.551,145,260
1696831200,3.551,3.588,3.547,3.5869999999999997,202,260
1696834800,3.5869999999999997,3.622,3.582,3.591,290,260
1696838400,3.591,3.6109999999999998,3.588,3.596,176,260
1696842000,3.596,3.6,3.583,3.593,217,250
1696845600,3.593,3.596,3.559,3.564,258,240
1696849200,3.564,3.574,3.552,3.564,211,250
1696852800,3.564,3.5709999999999997,3.5460000000000003,3.551,213,240
1696856400,3.551,3.57,3.544,3.561,263,240
1696860000,3.561,3.589,3.537,3.555,451,210
1696863600,3.556,3.557,3.505,3.507,912,210
1696867200,3.507,3.547,3.473,3.482,1212,230
1696870800,3.483,3.551,3.483,3.533,717,230
1696874400,3.533,3.534,3.487,3.497,647,230
1696878000,3.498,3.532,3.4939999999999998,3.511,482,230
1696881600,3.511,3.524,3.505,3.5060000000000002,392,240
1696885200,3.5060000000000002,3.534,3.496,3.523,515,240
1696888800,3.523,3.527,3.512,3.524,188,240
1696892400,3.525,3.527,3.504,3.505,114,250
1696899600,3.528,3.5380000000000003,3.526,3.536,71,280
1696903200,3.534,3.541,3.533,3.539,97,260
1696906800,3.539,3.539,3.518,3.518,166,260
1696910400,3.518,3.519,3.51,3.5140000000000002,148,250
1696914000,3.5140000000000002,3.518,3.51,3.51,86,260
1696917600,3.51,3.512,3.507,3.508,80,260
1696921200,3.508,3.511,3.501,3.502,105,260
1696924800,3.502,3.509,3.502,3.505,123,260
1696928400,3.505,3.532,3.502,3.528,210,250
1696932000,3.528,3.539,3.517,3.537,153,240
1696935600,3.5380000000000003,3.545,3.533,3.54,107,240
1696939200,3.54,3.54,3.523,3.531,128,240
1696942800,3.531,3.551,3.526,3.527,272,230
1696946400,3.527,3.591,3.512,3.574,483,230
1696950000,3.573,3.589,3.529,3.532,746,220
1696953600,3.532,3.551,3.511,3.521,977,220
1696957200,3.521,3.537,3.495,3.536,644,230
1696960800,3.536,3.567,3.531,3.561,480,210
1696964400,3.56,3.567,3.527,3.536,492,230
1696968000,3.535,3.544,3.528,3.5380000000000003,426,240
1696971600,3.539,3.556,3.5380000000000003,3.552,388,250
1696975200,3.552,3.559,3.5460000000000003,3.557,169,240
1696978800,3.558,3.564,3.5380000000000003,3.5460000000000003,153,250
1696986000,3.574,3.574,3.57,3.573,61,280
1696989600,3.574,3.59,3.5709999999999997,3.5869999999999997,84,270
1696993200,3.5869999999999997,3.601,3.583,3.601,135,250
1696996800,3.601,3.602,3.593,3.601,63,260
1697000400,3.601,3.604,3.599,3.602,68,260
1697004000,3.602,3.602,3.5949999999999998,3.596,63,260
1697007600,3.596,3.596,3.593,3.593,56,270
1697011200,3.594,3.6,3.593,3.594,86,270
1697014800,3.5949999999999998,3.6109999999999998,3.592,3.606,177,250
1697018400,3.606,3.624,3.5949999999999998,3.62,189,250
1697022000,3.62,3.622,3.6029999999999998,3.606,161,240
1697025600,3.606,3.609,3.596,3.599,176,250
1697029200,3.598,3.626,3.5949999999999998,3.626,187,250
1697032800,3.626,3.626,3.544,3.549,432,230
1697036400,3.549,3.559,3.517,3.524,792,220
1697040000,3.524,3.529,3.441,3.446,972,230
1697043600,3.446,3.458,3.417,3.45,736,230
1697047200,3.449,3.487,3.441,3.482,604,230
1697050800,3.482,3.532,3.479,3.508,697,230
1697054400,3.507,3.5220000000000002,3.49,3.52,460,240
1697058000,3.52,3.564,3.517,3.552,697,230
1697061600,3.552,3.592,3.551,3.568,354,250
1697065200,3.568,3.582,3.543,3.543,143,250
1697072400,3.572,3.578,3.569,3.57,82,280
1697076000,3.5709999999999997,3.578,3.57,3.576,68,270
1697079600,3.576,3.58,3.575,3.576,63,270
1697083200,3.577,3.578,3.575,3.576,50,270
1697086800,3.575,3.577,3.565,3.569,104,260
1697090400,3.569,3.573,3.5620000000000003,3.5620000000000003,106,260
1697094000,3.5620000000000003,3.5789999999999997,3.561,3.575,116,260
1697097600,3.575,3.577,3.5629999999999997,3.568,116,260
1697101200,3.568,3.5709999999999997,3.557,3.566,159,250
1697104800,3.566,3.567,3.532,3.537,224,230
1697108400,3.537,3.544,3.526,3.527,266,220
1697112000,3.527,3.537,3.518,3.532,190,250
1697115600,3.532,3.535,3.515,3.52,194,230
1697119200,3.52,3.54,3.493,3.54,397,230
1697122800,3.539,3.54,3.505,3.521,684,230
1697126400,3.52,3.549,3.509,3.536,687,230
1697130000,3.536,3.612,3.526,3.566,1099,220
1697133600,3.566,3.573,3.518,3.527,671,230
1697137200,3.527,3.557,3.511,3.535,624,220
1697140800,3.535,3.55,3.524,3.543,415,240
1697144400,3.543,3.55,3.52,3.539,439,230
1697148000,3.539,3.552,3.537,3.547,138,240
1697151600,3.547,3.547,3.516,3.516,128,250
1697158800,3.552,3.553,3.543,3.548,63,280
1697162400,3.548,3.552,3.547,3.552,46,270
1697166000,3.553,3.555,3.55,3.553,65,260
1697169600,3.553,3.5540000000000003,3.5380000000000003,3.54,101,260
1697173200,3.542,3.542,3.535,3.537,52,270
1697176800,3.537,3.541,3.535,3.541,49,270
1697180400,3.542,3.545,3.537,3.542,62,260
1697184000,3.542,3.542,3.533,3.536,63,260
1697187600,3.536,3.537,3.513,3.525,194,250
1697191200,3.525,3.534,3.511,3.513,209,240
1697194800,3.5140000000000002,3.517,3.501,3.5060000000000002,162,250
1697198400,3.5060000000000002,3.515,3.484,3.488,239,230
1697202000,3.488,3.502,3.476,3.5,305,240
1697205600,3.5,3.5060000000000002,3.485,3.492,351,230
1697209200,3.492,3.527,3.481,3.492,666,230
1697212800,3.4939999999999998,3.523,3.4699999999999998,3.474,861,230
1697216400,3.474,3.4779999999999998,3.449,3.467,680,230
1697220000,3.467,3.481,3.46,3.4699999999999998,468,240
1697223600,3.4699999999999998,3.512,3.465,3.501,445,240
1697227200,3.5,3.5140000000000002,3.49,3.502,391,240
1697230800,3.502,3.502,3.48,3.481,368,230
1697234400,3.48,3.482,3.466,3.472,232,240
1697238000,3.472,3.472,3.442,3.445,121,250
1697418000,3.447,3.455,3.43,3.431,254,340
1697421600,3.431,3.431,3.421,3.426,109,320
1697425200,3.426,3.428,3.42,3.422,95,320
1697428800,3.421,3.427,3.42,3.421,78,310
1697432400,3.421,3.423,3.419,3.422,64,320
1697436000,3.422,3.425,3.419,3.424,46,320
1697439600,3.424,3.431,3.423,3.427,74,310
1697443200,3.427,3.427,3.415,3.416,110,320
1697446800,3.416,3.44,3.415,3.438,143,290
1697450400,3.438,3.446,3.429,3.444,168,280
1697454000,3.444,3.445,3.435,3.443,142,290
1697457600,3.442,3.449,3.421,3.423,124,280
1697461200,3.423,3.424,3.407,3.421,136,270
1697464800,3.421,3.455,3.411,3.429,318,270
1697468400,3.429,3.456,3.409,3.419,664,260
1697472000,3.417,3.421,3.367,3.377,798,260
1697475600,3.377,3.378,3.354,3.371,525,270
1697479200,3.371,3.384,3.365,3.3810000000000002,433,270
1697482800,3.3810000000000002,3.42,3.3689999999999998,3.42,577,250
1697486400,3.42,3.434,3.41,3.425,646,280
1697490000,3.425,3.433,3.393,3.401,500,280
1697493600,3.401,3.406,3.391,3.4,195,280
1697497200,3.4,3.406,3.377,3.382,112,280
1697504400,3.416,3.42,3.408,3.419,50,350
1697508000,3.419,3.419,3.408,3.414,46,320
1697511600,3.414,3.416,3.407,3.411,88,320
1697515200,3.411,3.411,3.398,3.398,63,310
1697518800,3.398,3.398,3.388,3.394,70,320
1697522400,3.394,3.402,3.392,3.398,63,320
1697526000,3.398,3.407,3.396,3.404,76,320
1697529600,3.404,3.418,3.4,3.415,86,320
1697533200,3.418,3.422,3.414,3.42,121,290
1697536800,3.42,3.435,3.418,3.43,226,280
1697540400,3.43,3.435,3.426,3.427,127,290
1697544000,3.427,3.441,3.427,3.441,111,290
1697547600,3.441,3.446,3.423,3.423,138,270
1697551200,3.423,3.431,3.401,3.42,279,250
1697554800,3.42,3.429,3.378,3.424,728,260
1697558400,3.424,3.424,3.372,3.378,666,260
1697562000,3.376,3.4,3.368,3.386,523,260
1697565600,3.386,3.398,3.344,3.3609999999999998,494,260
1697569200,3.3609999999999998,3.387,3.347,3.378,521,270
1697572800,3.378,3.39,3.3689999999999998,3.3890000000000002,386,270
1697576400,3.3890000000000002,3.406,3.377,3.393,427,280
1697580000,3.393,3.396,3.375,3.379,243,270
1697583600,3.379,3.393,3.364,3.365,123,280
1697590800,3.393,3.403,3.388,3.401,85,350
1697594400,3.402,3.406,3.4,3.4050000000000002,56,320
1697598000,3.4050000000000002,3.421,3.404,3.416,83,320
1697601600,3.416,3.422,3.416,3.421,70,320
1697605200,3.421,3.431,3.421,3.425,72,310
1697608800,3.425,3.429,3.407,3.416,68,300
1697612400,3.417,3.417,3.409,3.413,75,320
1697616000,3.413,3.415,3.404,3.413,105,310
1697619600,3.413,3.42,3.3970000000000002,3.3970000000000002,149,280
1697623200,3.3970000000000002,3.404,3.39,3.398,179,290
1697626800,3.398,3.419,3.398,3.419,178,280
1697630400,3.419,3.436,3.417,3.436,218,280
1697634000,3.435,3.455,3.432,3.449,254,270
1697637600,3.45,3.457,3.439,3.456,326,260
1697641200,3.456,3.474,3.447,3.471,514,260
1697644800,3.4699999999999998,3.492,3.451,3.453,793,250
1697648400,3.454,3.465,3.443,3.46,468,260
1697652000,3.461,3.467,3.432,3.435,318,260
1697655600,3.435,3.436,3.402,3.436,427,260
1697659200,3.436,3.441,3.415,3.421,362,270
1697662800,3.421,3.421,3.392,3.403,360,280
1697666400,3.403,3.408,3.399,3.404,170,280
1697670000,3.404,3.429,3.4,3.413,178,280
1697677200,3.447,3.461,3.444,3.45,115,350
1697680800,3.454,3.457,3.449,3.456,63,310
1697684400,3.455,3.463,3.447,3.45,78,310
1697688000,3.451,3.455,3.45,3.453,40,320
1697691600,3.453,3.453,3.442,3.442,56,320
1697695200,3.442,3.449,3.442,3.443,58,310
1697698800,3.444,3.447,3.44,3.446,34,320
1697702400,3.446,3.45,3.445,3.447,53,320
1697706000,3.447,3.453,3.443,3.445,92,290
1697709600,3.445,3.447,3.414,3.414,198,280
1697713200,3.414,3.418,3.407,3.413,208,290
1697716800,3.413,3.424,3.408,3.411,158,280
1697720400,3.41,3.415,3.386,3.398,179,270
1697724000,3.398,3.398,3.375,3.379,238,270
1697727600,3.379,3.391,3.373,3.39,431,270
1697731200,3.39,3.421,3.379,3.414,679,260
1697734800,3.414,3.426,3.319,3.3449999999999998,1023,260
1697738400,3.344,3.363,3.332,3.339,525,260
1697742000,3.339,3.339,3.301,3.303,369,270
1697745600,3.303,3.307,3.291,3.294,462,280
1697749200,3.294,3.303,3.289,3.297,420,280
1697752800,3.297,3.308,3.295,3.297,181,280
1697756400,3.297,3.298,3.2720000000000002,3.273,149,280
1697763600,3.299,3.302,3.295,3.295,74,360
1697767200,3.295,3.301,3.29,3.3,77,320
1697770800,3.3,3.307,3.296,3.297,130,320
1697774400,3.297,3.297,3.291,3.292,74,320
1697778000,3.293,3.298,3.292,3.295,49,320
1697781600,3.296,3.297,3.292,3.295,47,320
1697785200,3.294,3.297,3.293,3.294,64,320
1697788800,3.294,3.304,3.294,3.299,75,310
1697792400,3.299,3.312,3.297,3.311,140,290
1697796000,3.312,3.315,3.291,3.295,225,290
1697799600,3.295,3.301,3.284,3.289,161,280
1697803200,3.289,3.29,3.2800000000000002,3.281,125,280
1697806800,3.281,3.288,3.269,3.284,190,270
1697810400,3.284,3.285,3.267,3.277,348,260
1697814000,3.277,3.278,3.239,3.246,484,260
1697817600,3.246,3.268,3.234,3.255,735,260
1697821200,3.254,3.273,3.235,3.265,492,270
1697824800,3.265,3.267,3.257,3.265,333,270
1697828400,3.265,3.268,3.247,3.261,300,270
1697832000,3.261,3.266,3.251,3.252,331,280
1697835600,3.251,3.261,3.239,3.259,436,280
1697839200,3.259,3.261,3.242,3.251,283,270
1697842800,3.251,3.257,3.229,3.232,129,280
1698022800,3.249,3.252,3.2359999999999998,3.237,140,350
1698026400,3.237,3.24,3.23,3.234,88,320
1698030000,3.234,3.24,3.234,3.2359999999999998,84,310
1698033600,3.2359999999999998,3.238,3.23,3.231,86,320
1698037200,3.231,3.234,3.227,3.227,68,320
1698040800,3.227,3.228,3.214,3.216,105,310
1698044400,3.215,3.222,3.215,3.218,97,320
1698048000,3.218,3.225,3.216,3.223,79,320
1698051600,3.223,3.232,3.223,3.226,144,290
1698055200,3.227,3.24,3.222,3.239,193,280
1698058800,3.239,3.246,3.237,3.243,120,290
1698062400,3.243,3.2439999999999998,3.228,3.228,108,290
1698066000,3.228,3.247,3.228,3.238,121,280
1698069600,3.238,3.239,3.214,3.231,292,270
1698073200,3.231,3.25,3.216,3.249,518,250
1698076800,3.249,3.265,3.243,3.257,615,270
1698080400,3.257,3.279,3.241,3.277,458,270
1698084000,3.277,3.294,3.2720000000000002,3.279,391,270
1698087600,3.279,3.2800000000000002,3.246,3.268,426,270
1698091200,3.268,3.274,3.258,3.267,325,280
1698094800,3.267,3.275,3.26,3.265,353,280
1698098400,3.265,3.273,3.2640000000000002,3.2720000000000002,175,280
1698102000,3.2720000000000002,3.274,3.253,3.253,94,290
1698109200,3.282,3.283,3.279,3.2800000000000002,38,360
1698112800,3.2800000000000002,3.285,3.279,3.284,69,320
1698116400,3.284,3.296,3.282,3.296,76,310
1698120000,3.296,3.3,3.293,3.295,61,310
1698123600,3.296,3.299,3.294,3.294,42,320
1698127200,3.294,3.294,3.291,3.292,37,320
1698130800,3.292,3.293,3.286,3.29,89,310
1698134400,3.29,3.293,3.27,3.27,106,320
1698138000,3.27,3.283,3.2640000000000002,3.2800000000000002,170,290
1698141600,3.2800000000000002,3.29,3.2720000000000002,3.286,193,280
1698145200,3.286,3.289,3.263,3.266,137,280
1698148800,3.266,3.282,3.2640000000000002,3.2720000000000002,86,290
1698152400,3.273,3.298,3.271,3.297,141,270
1698156000,3.297,3.348,3.296,3.335,359,260
1698159600,3.335,3.351,3.324,3.328,509,260
1698163200,3.328,3.328,3.277,3.299,687,240
1698166800,3.299,3.306,3.271,3.3,460,270
1698170400,3.3,3.302,3.275,3.276,349,270
1698174000,3.276,3.298,3.2640000000000002,3.296,367,270
1698177600,3.296,3.315,3.291,3.311,357,280
1698181200,3.311,3.341,3.308,3.338,396,280
1698184800,3.338,3.357,3.338,3.3529999999999998,241,280
1698188400,3.3529999999999998,3.3529999999999998,3.324,3.325,112,290
1698195600,3.349,3.3529999999999998,3.343,3.351,73,350
1698199200,3.351,3.357,3.35,3.357,52,320
1698202800,3.356,3.359,3.346,3.35,90,300
1698206400,3.35,3.3529999999999998,3.346,3.348,75,310
1698210000,3.348,3.349,3.344,3.347,56,320
1698213600,3.347,3.356,3.336,3.338,106,320
1698217200,3.338,3.352,3.336,3.352,112,320
1698220800,3.352,3.359,3.341,3.343,114,320
1698224400,3.343,3.358,3.341,3.358,148,290
1698228000,3.358,3.375,3.35,3.356,198,280
1698231600,3.3529999999999998,3.36,3.339,3.34,138,280
1698235200,3.34,3.368,3.339,3.359,164,280
1698238800,3.36,3.385,3.357,3.379,223,270
1698242400,3.379,3.382,3.351,3.371,372,260
1698246000,3.371,3.413,3.363,3.398,492,270
1698249600,3.398,3.415,3.379,3.407,589,270
1698253200,3.407,3.418,3.375,3.377,494,260
1698256800,3.377,3.392,3.376,3.379,321,270
1698260400,3.379,3.385,3.352,3.377,351,270
1698264000,3.377,3.382,3.367,3.382,289,280
1698267600,3.382,3.404,3.379,3.398,354,280
1698271200,3.398,3.425,3.395,3.419,250,280
1698274800,3.42,3.422,3.403,3.4050000000000002,157,290
1698282000,3.43,3.432,3.421,3.424,90,350
1698285600,3.424,3.426,3.419,3.424,71,320
1698289200,3.425,3.425,3.414,3.418,88,290
1698292800,3.417,3.418,3.414,3.416,41,310
1698296400,3.416,3.417,3.413,3.416,43,320
1698300000,3.416,3.417,3.414,3.414,57,320
1698303600,3.414,3.417,3.412,3.415,49,320
1698307200,3.415,3.416,3.411,3.412,60,320
1698310800,3.412,3.419,3.408,3.412,116,290
1698314400,3.412,3.416,3.3970000000000002,3.4050000000000002,210,270
1698318000,3.4050000000000002,3.41,3.4,3.407,143,290
1698321600,3.406,3.407,3.3970000000000002,3.398,119,290
1698325200,3.398,3.425,3.3970000000000002,3.424,163,270
1698328800,3.424,3.424,3.414,3.416,215,260
1698332400,3.418,3.442,3.418,3.439,524,260
1698336000,3.439,3.452,3.409,3.444,692,260
1698339600,3.444,3.485,3.418,3.465,875,250
1698343200,3.465,3.465,3.412,3.456,644,270
1698346800,3.456,3.528,3.455,3.513,824,260
1698350400,3.515,3.5460000000000003,3.502,3.521,793,270
1698354000,3.521,3.555,3.499,3.552,900,260
1698357600,3.553,3.572,3.547,3.548,440,270
1698361200,3.55,3.559,3.525,3.527,196,280
1698368400,3.54,3.547,3.537,3.547,87,350
1698372000,3.547,3.55,3.54,3.548,102,320
1698375600,3.548,3.559,3.543,3.558,112,320
1698379200,3.559,3.566,3.555,3.5620000000000003,83,320
1698382800,3.5620000000000003,3.58,3.561,3.578,94,320
1698386400,3.578,3.583,3.578,3.582,70,320
1698390000,3.581,3.59,3.581,3.585,90,320
1698393600,3.585,3.588,3.576,3.578,122,320
1698397200,3.578,3.592,3.576,3.592,156,290
1698400800,3.593,3.609,3.591,3.602,177,270
1698404400,3.601,3.62,3.601,3.616,216,280
1698408000,3.616,3.625,3.612,3.613,152,290
1698411600,3.615,3.632,3.61,3.629,180,270
1698415200,3.629,3.656,3.614,3.6550000000000002,312,270
1698418800,3.656,3.6790000000000003,3.606,3.627,758,260
1698422400,3.627,3.646,3.568,3.577,931,250
1698426000,3.577,3.616,3.573,3.599,686,260
1698429600,3.599,3.61,3.582,3.584,569,260
1698433200,3.584,3.605,3.557,3.6,704,270
1698436800,3.6,3.6029999999999998,3.565,3.5789999999999997,530,260
1698440400,3.5789999999999997,3.5789999999999997,3.503,3.5060000000000002,810,270
1698444000,3.5060000000000002,3.5060000000000002,3.492,3.504,297,270
1698447600,3.504,3.504,3.463,3.466,159,280
1698627600,3.441,3.441,3.407,3.416,211,350
1698631200,3.416,3.427,3.409,3.417,141,360
1698634800,3.416,3.42,3.411,3.416,145,350
1698638400,3.417,3.431,3.417,3.427,76,360
1698642000,3.427,3.43,3.421,3.425,76,360
1698645600,3.425,3.431,3.423,3.431,93,350
1698649200,3.431,3.431,3.415,3.415,72,360
1698652800,3.415,3.418,3.398,3.404,144,360
1698656400,3.403,3.425,3.401,3.423,226,350
1698660000,3.423,3.424,3.3890000000000002,3.398,259,290
1698663600,3.398,3.419,3.3970000000000002,3.401,228,290
1698667200,3.401,3.412,3.398,3.408,156,290
1698670800,3.408,3.413,3.392,3.399,262,280
1698674400,3.399,3.409,3.379,3.403,308,270
1698678000,3.403,3.424,3.392,3.401,719,260
1698681600,3.401,3.415,3.379,3.3970000000000002,983,260
1698685200,3.3970000000000002,3.404,3.383,3.4,629,260
1698688800,3.401,3.429,3.388,3.427,431,270
1698692400,3.427,3.433,3.402,3.403,388,270
1698696000,3.403,3.416,3.3890000000000002,3.399,336,280
1698699600,3.399,3.418,3.39,3.409,381,280
1698703200,3.409,3.413,3.391,3.391,228,280
1698706800,3.391,3.396,3.363,3.363,99,290
1698714000,3.387,3.39,3.382,3.385,60,360
1698717600,3.385,3.393,3.385,3.387,75,320
1698721200,3.386,3.394,3.383,3.391,111,300
1698724800,3.391,3.395,3.386,3.386,77,320
1698728400,3.386,3.391,3.386,3.388,52,320
1698732000,3.388,3.388,3.384,3.384,41,320
1698735600,3.384,3.393,3.382,3.392,92,320
1698739200,3.392,3.406,3.3890000000000002,3.404,108,320
1698742800,3.403,3.41,3.403,3.407,83,320
1698746400,3.407,3.436,3.406,3.436,205,290
1698750000,3.436,3.461,3.435,3.461,202,290
1698753600,3.461,3.463,3.45,3.462,123,290
1698757200,3.463,3.475,3.446,3.457,161,280
1698760800,3.457,3.474,3.447,3.454,264,270
1698764400,3.454,3.487,3.448,3.4779999999999998,514,260
1698768000,3.4779999999999998,3.5869999999999997,3.4779999999999998,3.576,1215,250
1698771600,3.575,3.626,3.574,3.6,1017,260
1698775200,3.6,3.624,3.5869999999999997,3.623,631,260
1698778800,3.623,3.658,3.622,3.641,683,270
1698782400,3.641,3.693,3.6390000000000002,3.69,737,270
1698786000,3.69,3.693,3.63,3.641,945,280
1698789600,3.641,3.672,3.635,3.669,313,270
1698793200,3.668,3.672,3.649,3.654,131,280
1698800400,3.674,3.678,3.668,3.67,81,360
1698804000,3.67,3.672,3.6630000000000003,3.6630000000000003,94,320
1698807600,3.6630000000000003,3.68,3.662,3.672,158,310
1698811200,3.672,3.6790000000000003,3.662,3.662,112,300
1698814800,3.662,3.664,3.659,3.6630000000000003,78,310
1698818400,3.6630000000000003,3.667,3.659,3.661,75,320
1698822000,3.66,3.674,3.66,3.673,75,320
1698825600,3.673,3.673,3.653,3.656,173,310
1698829200,3.656,3.66,3.638,3.642,150,310
1698832800,3.642,3.648,3.6,3.602,296,280
1698836400,3.602,3.606,3.5949999999999998,3.5949999999999998,206,290
1698840000,3.5949999999999998,3.604,3.5949999999999998,3.601,157,280
1698843600,3.601,3.604,3.57,3.5709999999999997,239,260
1698847200,3.5709999999999997,3.572,3.54,3.555,341,270
1698850800,3.558,3.564,3.529,3.529,573,260
1698854400,3.5300000000000002,3.559,3.512,3.518,691,270
1698858000,3.518,3.594,3.516,3.59,629,270
1698861600,3.59,3.645,3.5869999999999997,3.6109999999999998,908,250
1698865200,3.608,3.6310000000000002,3.577,3.578,643,260
1698868800,3.578,3.601,3.569,3.573,429,270
1698872400,3.573,3.5869999999999997,3.558,3.576,397,280
1698876000,3.576,3.578,3.555,3.575,272,270
1698879600,3.575,3.589,3.569,3.572,125,290
1698886800,3.598,3.601,3.589,3.593,94,340
1698890400,3.593,3.593,3.583,3.585,70,320
1698894000,3.585,3.5949999999999998,3.585,3.588,89,320
1698897600,3.589,3.594,3.583,3.588,80,320
1698901200,3.588,3.589,3.583,3.584,72,310
1698904800,3.585,3.5869999999999997,3.581,3.583,44,320
1698908400,3.583,3.585,3.5789999999999997,3.583,66,320
1698912000,3.583,3.588,3.5629999999999997,3.564,139,310
1698915600,3.564,3.566,3.556,3.558,142,300
1698919200,3.556,3.561,3.542,3.553,213,290
1698922800,3.552,3.557,3.547,3.548,149,290
1698926400,3.548,3.5540000000000003,3.535,3.539,136,280
1698930000,3.5380000000000003,3.541,3.52,3.52,171,280
1698933600,3.52,3.527,3.504,3.526,235,270
1698937200,3.526,3.542,3.507,3.531,558,260
1698940800,3.531,3.548,3.528,3.531,496,260
1698944400,3.531,3.564,3.519,3.5629999999999997,740,260
1698948000,3.564,3.597,3.543,3.586,591,270
1698951600,3.586,3.591,3.556,3.556,495,240
1698955200,3.556,3.575,3.551,3.5709999999999997,344,280
1698958800,3.5709999999999997,3.599,3.5620000000000003,3.5949999999999998,348,280
1698962400,3.5949999999999998,3.614,3.584,3.608,289,280
1698966000,3.608,3.624,3.599,3.601,184,280
1698973200,3.628,3.63,3.622,3.627,88,360
1698976800,3.627,3.627,3.614,3.621,81,320
1698980400,3.622,3.626,3.6189999999999998,3.622,95,310
1698984000,3.622,3.627,3.62,3.623,71,320
1698987600,3.624,3.628,3.624,3.628,50,320
1698991200,3.628,3.6310000000000002,3.624,3.6310000000000002,52,320
1698994800,3.6310000000000002,3.6390000000000002,3.629,3.637,67,320
1698998400,3.637,3.644,3.636,3.643,80,320
1699002000,3.642,3.662,3.638,3.657,125,310
1699005600,3.657,3.681,3.654,3.678,195,290
1699009200,3.678,3.685,3.668,3.6710000000000003,173,290
1699012800,3.6710000000000003,3.672,3.654,3.662,174,270
1699016400,3.662,3.676,3.648,3.662,201,270
1699020000,3.662,3.664,3.596,3.615,417,270
1699023600,3.616,3.656,3.574,3.646,756,260
1699027200,3.646,3.669,3.605,3.637,1005,260
1699030800,3.637,3.643,3.616,3.629,543,250
1699034400,3.629,3.693,3.622,3.69,430,270
1699038000,3.69,3.695,3.621,3.6310000000000002,654,250
1699041600,3.6310000000000002,3.643,3.616,3.621,349,280
1699045200,3.621,3.637,3.614,3.614,332,280
1699048800,3.614,3.614,3.601,3.604,247,280
1699052400,3.605,3.607,3.577,3.5789999999999997,160,280
1699232400,3.518,3.524,3.502,3.515,197,290
1699236000,3.515,3.531,3.513,3.528,114,300
1699239600,3.528,3.529,3.518,3.5220000000000002,80,310
1699243200,3.5220000000000002,3.524,3.52,3.523,65,320
1699246800,3.523,3.528,3.521,3.526,60,320
1699250400,3.526,3.527,3.521,3.523,98,310
1699254000,3.524,3.525,3.516,3.525,75,310
1699257600,3.525,3.537,3.525,3.528,115,320
1699261200,3.528,3.535,3.515,3.521,190,290
1699264800,3.5220000000000002,3.529,3.519,3.527,172,290
1699268400,3.527,3.5300000000000002,3.521,3.524,133,290
1699272000,3.524,3.542,3.521,3.531,147,270
1699275600,3.531,3.531,3.507,3.507,132,270
1699279200,3.508,3.512,3.488,3.4939999999999998,264,260
1699282800,3.4939999999999998,3.4939999999999998,3.463,3.472,487,260
1699286400,3.472,3.483,3.433,3.435,794,270
1699290000,3.436,3.442,3.417,3.423,483,270
1699293600,3.423,3.431,3.404,3.4050000000000002,360,270
1699297200,3.4050000000000002,3.408,3.3970000000000002,3.4,258,270
1699300800,3.4,3.41,3.395,3.399,282,280
1699304400,3.399,3.43,3.398,3.427,369,280
1699308000,3.427,3.429,3.414,3.418,222,280
1699311600,3.418,3.421,3.4,3.402,102,280
1699318800,3.424,3.439,3.416,3.439,114,320
1699322400,3.438,3.448,3.437,3.443,161,310
1699326000,3.444,3.444,3.434,3.434,103,320
1699329600,3.434,3.437,3.43,3.431,68,310
1699333200,3.431,3.431,3.42,3.427,71,300
1699336800,3.427,3.447,3.427,3.432,129,310
1699340400,3.432,3.437,3.424,3.436,71,310
1699344000,3.436,3.436,3.415,3.415,142,310
1699347600,3.416,3.432,3.4050000000000002,3.411,203,290
1699351200,3.411,3.412,3.4,3.41,176,280
1699354800,3.41,3.414,3.394,3.402,140,280
1699358400,3.402,3.406,3.394,3.395,95,270
1699362000,3.396,3.4,3.384,3.385,156,270
1699365600,3.387,3.391,3.311,3.312,500,250
1699369200,3.312,3.35,3.3,3.348,794,260
1699372800,3.348,3.348,3.295,3.339,1103,260
1699376400,3.339,3.364,3.324,3.358,605,260
1699380000,3.358,3.3609999999999998,3.327,3.333,461,270
1699383600,3.332,3.332,3.31,3.313,299,270
1699387200,3.313,3.327,3.309,3.314,333,280
1699390800,3.315,3.346,3.305,3.344,488,280
1699394400,3.344,3.356,3.341,3.347,225,280
1699398000,3.347,3.349,3.327,3.335,135,290
1699405200,3.354,3.362,3.351,3.362,78,320
1699408800,3.362,3.372,3.3609999999999998,3.37,123,310
1699412400,3.37,3.372,3.362,3.364,106,310
1699416000,3.364,3.3689999999999998,3.3609999999999998,3.3689999999999998,81,320
1699419600,3.3689999999999998,3.3689999999999998,3.3609999999999998,3.363,96,320
1699423200,3.363,3.366,3.358,3.3609999999999998,71,320
1699426800,3.362,3.365,3.348,3.348,111,310
1699430400,3.348,3.351,3.341,3.351,117,310
1699434000,3.351,3.365,3.319,3.322,220,290
1699437600,3.322,3.329,3.32,3.329,138,280
1699441200,3.329,3.332,3.323,3.329,136,280
1699444800,3.329,3.337,3.318,3.321,139,270
1699448400,3.32,3.329,3.299,3.3,198,270
1699452000,3.302,3.306,3.263,3.266,325,260
1699455600,3.266,3.298,3.266,3.286,632,270
1699459200,3.285,3.35,3.2720000000000002,3.324,1117,250
1699462800,3.324,3.328,3.263,3.263,601,260
1699466400,3.263,3.309,3.25,3.282,779,270
1699470000,3.282,3.282,3.222,3.235,630,250
1699473600,3.235,3.27,3.233,3.262,580,280
1699477200,3.262,3.279,3.248,3.278,672,270
1699480800,3.277,3.296,3.269,3.295,237,280
1699484400,3.295,3.299,3.261,3.266,146,290
1699491600,3.287,3.29,3.282,3.288,78,320
1699495200,3.287,3.296,3.287,3.29,77,320
1699498800,3.29,3.297,3.29,3.295,55,320
1699502400,3.294,3.298,3.293,3.296,58,320
1699506000,3.296,3.299,3.288,3.288,57,320
1699509600,3.291,3.299,3.286,3.298,78,320
1699513200,3.298,3.302,3.278,3.282,101,300
1699516800,3.282,3.289,3.282,3.285,121,320
1699520400,3.286,3.304,3.2720000000000002,3.301,186,280
1699524000,3.301,3.311,3.292,3.311,180,280
1699527600,3.31,3.312,3.297,3.301,112,290
1699531200,3.301,3.303,3.276,3.279,106,290
1699534800,3.279,3.283,3.254,3.262,211,270
1699538400,3.262,3.303,3.235,3.3,418,260
1699542000,3.3,3.323,3.2720000000000002,3.291,804,260
1699545600,3.291,3.292,3.222,3.232,755,260
1699549200,3.232,3.238,3.193,3.216,572,270
1699552800,3.216,3.23,3.198,3.216,602,270
1699556400,3.216,3.246,3.207,3.2439999999999998,544,270
1699560000,3.2439999999999998,3.249,3.211,3.218,453,280
1699563600,3.218,3.234,3.213,3.218,567,280
1699567200,3.218,3.228,3.215,3.219,184,280
1699570800,3.219,3.222,3.193,3.201,129,280
1699578000,3.227,3.228,3.212,3.221,111,320
1699581600,3.222,3.225,3.216,3.216,130,310
1699585200,3.216,3.219,3.206,3.206,125,310
1699588800,3.206,3.215,3.205,3.214,47,320
1699592400,3.214,3.218,3.211,3.215,58,320
1699596000,3.215,3.216,3.209,3.213,83,320
1699599600,3.212,3.213,3.201,3.201,104,310
1699603200,3.201,3.211,3.192,3.21,153,310
1699606800,3.21,3.241,3.21,3.239,192,290
1699610400,3.237,3.24,3.214,3.216,138,280
1699614000,3.215,3.229,3.214,3.224,119,290
1699617600,3.224,3.23,3.209,3.218,121,280
1699621200,3.219,3.223,3.19,3.211,196,270
1699624800,3.211,3.219,3.19,3.218,272,260
1699628400,3.218,3.245,3.189,3.237,618,220
1699632000,3.238,3.252,3.209,3.219,786,230
1699635600,3.219,3.226,3.196,3.203,471,240
1699639200,3.203,3.219,3.196,3.206,361,240
1699642800,3.207,3.217,3.202,3.206,257,240
1699646400,3.206,3.219,3.203,3.21,266,240
1699650000,3.21,3.222,3.197,3.209,468,240
1699653600,3.21,3.213,3.205,3.207,134,250
1699657200,3.208,3.21,3.17,3.174,124,250
1699837200,3.243,3.279,3.239,3.2720000000000002,231,260
1699840800,3.262,3.27,3.259,3.269,112,260
1699844400,3.269,3.273,3.267,3.273,60,260
1699848000,3.273,3.281,3.271,3.278,49,270
1699851600,3.278,3.278,3.269,3.271,90,260
1699855200,3.271,3.279,3.269,3.277,61,260
1699858800,3.278,3.289,3.277,3.286,90,260
1699862400,3.287,3.301,3.284,3.297,150,260
1699866000,3.298,3.343,3.298,3.333,259,250
1699869600,3.333,3.336,3.326,3.335,161,250
1699873200,3.334,3.341,3.333,3.337,196,240
1699876800,3.339,3.348,3.334,3.348,175,250
1699880400,3.349,3.367,3.34,3.364,257,240
1699884000,3.364,3.364,3.341,3.362,353,230
1699887600,3.365,3.372,3.31,3.316,712,230
1699891200,3.313,3.346,3.303,3.326,716,230
1699894800,3.326,3.326,3.287,3.293,479,240
1699898400,3.293,3.308,3.271,3.304,578,230
1699902000,3.304,3.317,3.286,3.287,402,240
1699905600,3.286,3.323,3.274,3.319,459,240
1699909200,3.32,3.375,3.312,3.368,792,240
1699912800,3.368,3.379,3.36,3.3689999999999998,285,240
1699916400,3.3689999999999998,3.375,3.3449999999999998,3.3449999999999998,136,250
1699923600,3.384,3.4,3.383,3.395,149,270
1699927200,3.395,3.395,3.384,3.394,91,250
1699930800,3.394,3.412,3.391,3.407,64,270
1699934400,3.407,3.413,3.4,3.403,126,260
1699938000,3.403,3.4050000000000002,3.394,3.395,62,260
1699941600,3.395,3.396,3.383,3.3890000000000002,96,260
1699945200,3.3890000000000002,3.394,3.368,3.373,143,250
1699948800,3.373,3.375,3.3609999999999998,3.363,150,260
1699952400,3.363,3.363,3.327,3.334,257,250
1699956000,3.334,3.351,3.334,3.346,163,250
1699959600,3.348,3.3529999999999998,3.339,3.3449999999999998,142,250
1699963200,3.3449999999999998,3.372,3.3449999999999998,3.3689999999999998,142,250
1699966800,3.37,3.379,3.34,3.3529999999999998,331,240
1699970400,3.3529999999999998,3.363,3.338,3.362,360,230
1699974000,3.362,3.363,3.296,3.303,735,230
1699977600,3.303,3.347,3.289,3.3449999999999998,745,240
1699981200,3.346,3.362,3.316,3.335,563,240
1699984800,3.335,3.336,3.294,3.311,588,230
1699988400,3.312,3.326,3.294,3.297,502,230
1699992000,3.296,3.296,3.25,3.263,556,240
1699995600,3.2640000000000002,3.2800000000000002,3.25,3.253,556,240
1699999200,3.253,3.258,3.248,3.254,160,240
1700002800,3.254,3.257,3.2359999999999998,3.239,125,250
1700010000,3.267,3.27,3.263,3.268,93,260
1700013600,3.267,3.275,3.267,3.274,87,260
1700017200,3.274,3.2800000000000002,3.2720000000000002,3.2720000000000002,96,270
1700020800,3.273,3.273,3.266,3.271,78,260
1700024400,3.271,3.273,3.269,3.27,64,270
1700028000,3.27,3.273,3.255,3.262,150,260
1700031600,3.262,3.268,3.254,3.254,91,260
1700035200,3.254,3.257,3.228,3.239,196,250
1700038800,3.24,3.286,3.239,3.286,293,240
1700042400,3.286,3.288,3.276,3.284,161,250
1700046000,3.284,3.288,3.283,3.284,84,250
1700049600,3.285,3.316,3.284,3.305,155,250
1700053200,3.305,3.35,3.304,3.3449999999999998,266,240
1700056800,3.3449999999999998,3.3449999999999998,3.309,3.324,334,220
1700060400,3.324,3.362,3.318,3.339,645,240
1700064000,3.339,3.344,3.318,3.318,598,240
1700067600,3.317,3.348,3.311,3.343,467,240
1700071200,3.343,3.41,3.334,3.403,761,230
1700074800,3.403,3.406,3.37,3.384,452,230
1700078400,3.384,3.39,3.357,3.37,430,230
1700082000,3.37,3.373,3.308,3.308,684,230
1700085600,3.309,3.31,3.293,3.298,175,240
1700089200,3.298,3.303,3.261,3.261,122,250
1700096400,3.287,3.297,3.286,3.289,103,260
1700100000,3.289,3.291,3.287,3.288,64,270
1700103600,3.288,3.297,3.282,3.294,99,260
1700107200,3.294,3.303,3.293,3.299,64,270
1700110800,3.299,3.309,3.299,3.299,110,260
1700114400,3.299,3.305,3.294,3.3,115,260
1700118000,3.3,3.305,3.293,3.296,97,260
1700121600,3.296,3.326,3.295,3.324,139,260
1700125200,3.324,3.362,3.32,3.357,412,250
1700128800,3.357,3.36,3.341,3.348,153,250
1700132400,3.348,3.359,3.341,3.341,149,250
1700136000,3.342,3.3689999999999998,3.341,3.3689999999999998,188,250
1700139600,3.3689999999999998,3.375,3.346,3.368,249,230
1700143200,3.368,3.38,3.36,3.36,301,230
1700146800,3.36,3.368,3.312,3.317,596,230
1700150400,3.316,3.321,3.27,3.284,786,240
1700154000,3.284,3.31,3.171,3.218,1341,230
1700157600,3.218,3.228,3.2,3.212,731,230
1700161200,3.212,3.213,3.184,3.194,557,220
1700164800,3.191,3.204,3.188,3.196,363,240
1700168400,3.195,3.213,3.186,3.21,399,230
1700172000,3.209,3.21,3.198,3.204,152,250
1700175600,3.205,3.207,3.169,3.169,104,250
1700182800,3.205,3.225,3.2,3.223,131,270
1700186400,3.224,3.234,3.222,3.228,147,260
1700190000,3.228,3.235,3.225,3.234,84,260
1700193600,3.234,3.251,3.233,3.237,123,240
1700197200,3.238,3.2439999999999998,3.233,3.239,91,260
1700200800,3.239,3.242,3.235,3.238,71,260
1700204400,3.237,3.245,3.234,3.242,128,260
1700208000,3.242,3.252,3.241,3.248,84,270
1700211600,3.248,3.252,3.21,3.216,264,250
1700215200,3.216,3.219,3.204,3.215,186,240
1700218800,3.215,3.222,3.211,3.216,127,240
1700222400,3.216,3.2359999999999998,3.213,3.219,192,240
1700226000,3.219,3.219,3.185,3.192,236,230
1700229600,3.192,3.217,3.191,3.204,251,220
1700233200,3.204,3.21,3.153,3.155,539,220
1700236800,3.155,3.155,3.126,3.127,113,240
1700244000,3.083,3.085,3.059,3.069,589,230
1700247600,3.07,3.078,3.055,3.059,397,240
1700251200,3.059,3.075,3.047,3.053,439,240
1700254800,3.053,3.117,3.052,3.1,781,240
1700258400,3.1,3.1189999999999998,3.1,3.113,180,240
1700262000,3.113,3.12,3.08,3.092,159,240
1700442000,3.106,3.106,3.066,3.103,293,240
1700445600,3.103,3.12,3.103,3.105,168,250
1700449200,3.105,3.113,3.104,3.111,116,260
1700452800,3.111,3.113,3.109,3.109,66,260
1700456400,3.109,3.112,3.105,3.107,97,260
1700460000,3.107,3.11,3.093,3.096,129,260
1700463600,3.096,3.096,3.087,3.09,156,260
1700467200,3.091,3.114,3.059,3.062,349,260
1700470800,3.062,3.071,3.028,3.035,433,240
1700474400,3.035,3.048,3.035,3.046,236,240
1700478000,3.046,3.071,3.038,3.06,216,240
1700481600,3.061,3.071,3.056,3.061,146,230
1700485200,3.061,3.065,3.045,3.06,196,240
1700488800,3.061,3.066,3.032,3.048,356,230
1700492400,3.048,3.057,3.04,3.048,461,240
1700496000,3.048,3.084,3.032,3.069,679,230
1700499600,3.069,3.087,3.066,3.077,435,230
1700503200,3.077,3.085,3.053,3.053,415,240
1700506800,3.053,3.07,3.047,3.05,355,240
1700510400,3.05,3.061,3.038,3.04,331,240
1700514000,3.04,3.051,3.029,3.039,368,240
1700517600,3.04,3.042,3.034,3.035,142,240
1700521200,3.035,3.039,3.009,3.012,121,250
1700528400,3.033,3.045,3.029,3.045,121,270
1700532000,3.045,3.051,3.039,3.04,122,260
1700535600,3.04,3.041,3.026,3.031,100,260
1700539200,3.03,3.035,3.028,3.035,64,270
1700542800,3.034,3.041,3.034,3.036,98,260
1700546400,3.037,3.054,3.035,3.051,83,270
1700550000,3.054,3.054,3.047,3.051,86,270
1700553600,3.051,3.061,3.045,3.047,144,260
1700557200,3.047,3.059,3.029,3.055,208,240
1700560800,3.054,3.056,3.047,3.049,122,240
1700564400,3.049,3.064,3.049,3.06,125,250
1700568000,3.06,3.067,3.056,3.065,151,240
1700571600,3.065,3.066,3.029,3.029,206,220
1700575200,3.029,3.037,3.0,3.004,220,240
1700578800,3.004,3.05,3.004,3.035,594,230
1700582400,3.035,3.039,2.991,3.018,550,240
1700586000,3.018,3.052,3.018,3.051,365,240
1700589600,3.051,3.057,3.019,3.022,402,240
1700593200,3.022,3.022,2.984,2.991,337,210
1700596800,2.99,3.001,2.979,2.9859999999999998,274,250
1700600400,2.9859999999999998,2.997,2.9779999999999998,2.985,182,230
1700604000,2.985,2.985,2.973,2.976,185,240
1700607600,2.976,2.987,2.966,2.9699999999999998,156,240
1700614800,2.976,2.983,2.975,2.982,92,250
1700618400,2.982,2.985,2.98,2.982,101,250
1700622000,2.982,2.982,2.976,2.982,91,240
1700625600,2.98,2.98,2.971,2.973,67,250
1700629200,2.973,2.974,2.964,2.964,79,250
1700632800,2.964,2.974,2.951,2.972,124,240
1700636400,2.972,2.973,2.961,2.967,122,250
1700640000,2.967,2.9699999999999998,2.961,2.967,105,250
1700643600,2.967,2.974,2.95,2.966,198,230
1700647200,2.967,2.973,2.9619999999999997,2.963,125,240
1700650800,2.963,2.968,2.959,2.961,101,240
1700654400,2.961,2.9779999999999998,2.95,2.972,149,250
1700658000,2.972,2.973,2.951,2.956,166,240
1700661600,2.956,2.98,2.952,2.974,271,240
1700665200,2.974,3.017,2.972,2.987,798,230
1700668800,2.987,2.991,2.961,2.979,617,230
1700672400,2.9779999999999998,2.993,2.95,2.953,508,240
1700676000,2.953,2.974,2.944,2.966,455,210
1700679600,3.003,3.032,2.979,2.9939999999999998,876,230
1700683200,2.995,3.013,2.988,3.002,339,240
1700686800,3.003,3.033,2.993,3.028,402,240
1700690400,3.028,3.037,3.021,3.023,217,240
1700694000,3.024,3.03,3.007,3.007,91,250
1700701200,3.015,3.016,3.0,3.007,102,250
1700704800,3.007,3.015,2.9939999999999998,3.009,138,250
1700708400,3.009,3.009,2.998,3.005,62,260
1700712000,3.006,3.012,3.004,3.009,61,270
1700715600,3.009,3.009,3.002,3.004,67,270
1700719200,3.004,3.005,2.997,3.002,102,260
1700722800,3.002,3.005,2.991,2.9939999999999998,109,260
1700726400,2.9939999999999998,3.003,2.989,2.995,114,260
1700730000,2.997,3.017,2.991,3.014,252,250
1700733600,3.013,3.014,2.998,3.008,132,240
1700737200,3.008,3.014,3.0,3.012,120,250
1700740800,3.012,3.015,3.002,3.008,148,240
1700744400,3.008,3.046,3.006,3.04,164,240
1700748000,3.04,3.042,3.025,3.025,242,230
1700751600,3.025,3.039,3.021,3.034,280,230
1700755200,3.034,3.041,3.019,3.037,361,230
1700758800,3.037,3.043,3.016,3.03,251,240
1700762400,3.029,3.043,3.026,3.033,238,230
1700766000,3.033,3.047,3.03,3.043,143,230
1700769600,3.043,3.046,3.042,3.044,28,240
1700787600,3.019,3.044,3.019,3.044,86,320
1700791200,3.044,3.065,3.04,3.059,117,310
1700794800,3.059,3.064,3.057,3.062,78,310
1700798400,3.062,3.065,3.059,3.064,51,320
1700802000,3.064,3.07,3.042,3.05,116,300
1700805600,3.047,3.056,3.04,3.041,92,300
1700809200,3.041,3.041,3.024,3.031,121,310
1700812800,3.031,3.064,3.031,3.056,185,320
1700816400,3.056,3.056,2.997,2.999,298,290
1700820000,2.999,3.003,2.988,2.993,175,260
1700823600,2.993,2.996,2.989,2.989,119,290
1700827200,2.989,2.996,2.984,2.995,127,290
1700830800,2.995,2.996,2.983,2.987,162,270
1700834400,2.987,2.987,2.943,2.952,285,260
1700838000,2.952,2.9619999999999997,2.919,2.948,465,270
1700841600,2.947,2.95,2.9130000000000003,2.945,487,260
1700845200,2.945,2.951,2.935,2.9370000000000003,316,260
1700848800,2.9370000000000003,2.993,2.936,2.988,362,270
1700852400,2.988,3.01,2.984,2.987,361,270
1700856000,2.987,2.987,2.984,2.9859999999999998,12,280
1701046800,2.909,2.927,2.896,2.907,332,300
1701050400,2.906,2.912,2.904,2.907,129,310
1701054000,2.907,2.9130000000000003,2.903,2.906,94,320
1701057600,2.906,2.911,2.903,2.907,65,310
1701061200,2.907,2.911,2.904,2.907,68,320
1701064800,2.907,2.907,2.892,2.892,104,310
1701068400,2.893,2.8970000000000002,2.879,2.879,102,290
1701072000,2.879,2.882,2.857,2.86,167,320
1701075600,2.86,2.871,2.854,2.8689999999999998,187,290
1701079200,2.8689999999999998,2.8689999999999998,2.857,2.857,200,280
1701082800,2.858,2.863,2.847,2.8529999999999998,209,280
1701086400,2.8529999999999998,2.854,2.8449999999999998,2.851,173,280
1701090000,2.852,2.854,2.843,2.848,188,270
1701093600,2.848,2.87,2.848,2.859,327,270
1701097200,2.859,2.903,2.855,2.894,568,270
1701100800,2.893,2.904,2.8810000000000002,2.886,528,270
1701104400,2.886,2.894,2.8609999999999998,2.893,418,270
1701108000,2.893,2.908,2.885,2.8890000000000002,355,260
1701111600,2.89,2.9050000000000002,2.89,2.893,296,270
1701115200,2.893,2.915,2.888,2.899,285,280
1701118800,2.899,2.924,2.899,2.912,409,280
1701122400,2.912,2.923,2.912,2.919,134,280
1701126000,2.919,2.923,2.896,2.907,96,280
1701133200,2.918,2.943,2.918,2.942,159,320
1701136800,2.941,2.949,2.932,2.9370000000000003,129,300
1701140400,2.9370000000000003,2.947,2.934,2.943,68,320
1701144000,2.94,2.9539999999999997,2.94,2.947,63,320
1701147600,2.947,2.947,2.9370000000000003,2.9379999999999997,78,320
1701151200,2.9379999999999997,2.944,2.934,2.939,67,320
1701154800,2.939,2.947,2.927,2.931,94,320
1701158400,2.931,2.9379999999999997,2.923,2.923,106,310
1701162000,2.923,2.939,2.911,2.924,265,280
1701165600,2.924,2.932,2.922,2.926,113,290
1701169200,2.926,2.94,2.924,2.939,101,290
1701172800,2.94,2.957,2.9379999999999997,2.9539999999999997,148,280
1701176400,2.955,2.964,2.95,2.95,237,240
1701180000,2.95,2.95,2.924,2.931,218,240
1701183600,2.931,2.939,2.887,2.888,512,230
1701187200,2.888,2.8890000000000002,2.858,2.879,756,240
1701190800,2.879,2.9130000000000003,2.868,2.912,565,240
1701194400,2.912,2.918,2.882,2.883,444,230
1701198000,2.883,2.885,2.865,2.877,262,240
1701201600,2.878,2.882,2.86,2.863,235,240
1701205200,2.863,2.877,2.784,2.785,816,240
1701208800,2.785,2.7880000000000003,2.773,2.777,342,240
1701212400,2.777,2.781,2.748,2.749,159,230
1701219600,2.767,2.775,2.765,2.7720000000000002,136,260
1701223200,2.7720000000000002,2.778,2.77,2.7720000000000002,123,260
1701226800,2.7720000000000002,2.779,2.768,2.768,91,260
1701230400,2.768,2.771,2.767,2.768,69,260
1701234000,2.769,2.771,2.763,2.766,89,250
1701237600,2.766,2.767,2.759,2.7640000000000002,110,260
1701241200,2.7640000000000002,2.767,2.759,2.76,118,260
1701244800,2.76,2.775,2.758,2.76,168,260
1701248400,2.761,2.777,2.737,2.777,273,250
1701252000,2.777,2.779,2.7640000000000002,2.774,183,240
1701255600,2.773,2.778,2.762,2.77,199,240
1701259200,2.77,2.781,2.768,2.777,121,250
1701262800,2.777,2.777,2.755,2.768,198,240
1701266400,2.768,2.806,2.763,2.8,273,240
1701270000,2.8,2.811,2.789,2.799,560,230
1701273600,2.799,2.8449999999999998,2.795,2.819,672,220
1701277200,2.819,2.8209999999999997,2.794,2.8120000000000003,511,240
1701280800,2.8120000000000003,2.827,2.776,2.784,488,220
1701284400,2.784,2.809,2.7800000000000002,2.792,304,230
1701288000,2.792,2.808,2.782,2.791,249,240
1701291600,2.792,2.793,2.771,2.773,314,240
1701295200,2.773,2.779,2.77,2.7720000000000002,127,250
1701298800,2.7720000000000002,2.775,2.748,2.749,84,250
1701306000,2.769,2.773,2.765,2.767,85,270
1701309600,2.767,2.771,2.767,2.769,74,260
1701313200,2.769,2.769,2.761,2.761,44,260
1701316800,2.763,2.7720000000000002,2.761,2.7720000000000002,52,260
1701320400,2.7720000000000002,2.778,2.768,2.775,92,270
1701324000,2.775,2.779,2.7720000000000002,2.777,47,270
1701327600,2.779,2.8,2.776,2.799,126,250
1701331200,2.799,2.799,2.786,2.79,135,260
1701334800,2.79,2.808,2.7720000000000002,2.799,293,250
1701338400,2.799,2.802,2.795,2.798,109,240
1701342000,2.798,2.803,2.798,2.802,59,250
1701345600,2.802,2.802,2.795,2.7960000000000003,88,240
1701349200,2.7960000000000003,2.808,2.787,2.8040000000000003,186,240
1701352800,2.8040000000000003,2.8289999999999997,2.801,2.808,244,240
1701356400,2.808,2.824,2.793,2.797,550,230
1701360000,2.797,2.817,2.7960000000000003,2.8040000000000003,576,230
1701363600,2.805,2.808,2.7359999999999998,2.767,807,220
1701367200,2.767,2.786,2.753,2.783,470,240
1701370800,2.783,2.786,2.76,2.775,336,240
1701374400,2.775,2.784,2.762,2.771,288,240
1701378000,2.771,2.786,2.752,2.782,361,230
1701381600,2.782,2.784,2.777,2.778,144,240
1701385200,2.778,2.784,2.757,2.7640000000000002,106,240
1701392400,2.786,2.786,2.782,2.783,18,270
1701396000,2.782,2.784,2.779,2.783,64,260
1701399600,2.783,2.784,2.7720000000000002,2.7720000000000002,59,270
1701403200,2.773,2.779,2.7720000000000002,2.774,56,260
1701406800,2.775,2.775,2.767,2.77,72,260
1701410400,2.77,2.77,2.763,2.77,74,270
1701414000,2.77,2.774,2.763,2.774,87,260
1701417600,2.774,2.777,2.766,2.769,103,260
1701421200,2.769,2.773,2.735,2.738,250,250
1701424800,2.737,2.7439999999999998,2.737,2.738,126,250
1701428400,2.738,2.754,2.737,2.745,160,250
1701432000,2.745,2.76,2.7439999999999998,2.7439999999999998,180,250
1701435600,2.7439999999999998,2.759,2.74,2.759,127,240
1701439200,2.757,2.757,2.732,2.743,217,240
1701442800,2.743,2.76,2.726,2.739,394,240
1701446400,2.739,2.7560000000000002,2.729,2.739,526,230
1701450000,2.739,2.8129999999999997,2.739,2.811,655,240
1701453600,2.811,2.811,2.783,2.8040000000000003,484,230
1701457200,2.805,2.806,2.782,2.8040000000000003,302,240
1701460800,2.8040000000000003,2.8040000000000003,2.775,2.7800000000000002,277,250
1701464400,2.7800000000000002,2.798,2.757,2.758,460,240
1701468000,2.757,2.759,2.74,2.742,188,240
1701471600,2.742,2.752,2.7279999999999998,2.731,135,250
1701651600,2.692,2.7,2.677,2.689,235,230
1701655200,2.69,2.692,2.685,2.6879999999999997,103,260
1701658800,2.691,2.691,2.68,2.682,56,260
1701662400,2.681,2.686,2.676,2.681,75,260
1701666000,2.68,2.685,2.6790000000000003,2.684,85,270
1701669600,2.684,2.685,2.6790000000000003,2.683,61,260
1701673200,2.683,2.684,2.6790000000000003,2.6790000000000003,57,270
1701676800,2.6790000000000003,2.684,2.669,2.677,118,260
1701680400,2.677,2.683,2.669,2.672,203,250
1701684000,2.672,2.6790000000000003,2.665,2.677,138,250
1701687600,2.677,2.682,2.672,2.68,147,250
1701691200,2.68,2.694,2.673,2.694,145,250
1701694800,2.694,2.717,2.69,2.701,182,230
1701698400,2.701,2.718,2.699,2.703,228,230
1701702000,2.7039999999999997,2.7039999999999997,2.651,2.657,548,230
1701705600,2.657,2.672,2.628,2.629,679,230
1701709200,2.629,2.651,2.6189999999999998,2.642,501,230
1701712800,2.642,2.672,2.635,2.64,546,240
1701716400,2.64,2.65,2.629,2.636,339,230
1701720000,2.636,2.657,2.629,2.646,387,240
1701723600,2.648,2.684,2.6470000000000002,2.681,532,250
1701727200,2.682,2.683,2.669,2.676,163,250
1701730800,2.676,2.677,2.648,2.648,123,240
1701738000,2.664,2.673,2.661,2.666,93,270
1701741600,2.667,2.667,2.66,2.661,63,260
1701745200,2.661,2.666,2.659,2.659,59,260
1701748800,2.659,2.66,2.653,2.656,55,270
1701752400,2.6550000000000002,2.657,2.65,2.654,69,270
1701756000,2.654,2.659,2.642,2.658,153,260
1701759600,2.658,2.673,2.652,2.67,130,270
1701763200,2.67,2.674,2.659,2.67,186,250
1701766800,2.67,2.6790000000000003,2.658,2.677,209,250
1701770400,2.677,2.68,2.669,2.676,161,240
1701774000,2.676,2.682,2.664,2.667,98,250
1701777600,2.667,2.683,2.653,2.683,185,240
1701781200,2.683,2.701,2.678,2.684,208,240
1701784800,2.684,2.697,2.6710000000000003,2.686,242,230
1701788400,2.686,2.722,2.678,2.71,585,230
1701792000,2.71,2.748,2.695,2.738,768,230
1701795600,2.738,2.745,2.703,2.724,547,240
1701799200,2.724,2.7279999999999998,2.7039999999999997,2.7119999999999997,412,230
1701802800,2.7119999999999997,2.723,2.6870000000000003,2.6959999999999997,369,240
1701806400,2.6959999999999997,2.697,2.673,2.676,298,240
1701810000,2.676,2.684,2.641,2.6790000000000003,574,230
1701813600,2.6790000000000003,2.681,2.666,2.674,184,280
1701817200,2.674,2.677,2.641,2.642,91,290
1701824400,2.662,2.662,2.6550000000000002,2.658,70,320
1701828000,2.658,2.658,2.649,2.654,67,310
1701831600,2.654,2.656,2.648,2.651,71,320
1701835200,2.652,2.653,2.6470000000000002,2.649,53,320
1701838800,2.649,2.652,2.646,2.6470000000000002,80,320
1701842400,2.6470000000000002,2.654,2.644,2.652,111,320
1701846000,2.652,2.66,2.645,2.648,102,310
1701849600,2.649,2.658,2.648,2.658,103,320
1701853200,2.658,2.6710000000000003,2.653,2.666,192,300
1701856800,2.666,2.667,2.6470000000000002,2.654,114,290
1701860400,2.6550000000000002,2.66,2.648,2.659,137,290
1701864000,2.659,2.675,2.648,2.67,128,290
1701867600,2.67,2.683,2.662,2.6790000000000003,170,270
1701871200,2.6790000000000003,2.699,2.678,2.689,273,270
1701874800,2.689,2.716,2.686,2.694,494,270
1701878400,2.694,2.702,2.665,2.667,594,260
1701882000,2.667,2.6790000000000003,2.643,2.649,445,260
1701885600,2.648,2.651,2.517,2.533,1334,240
1701889200,2.533,2.551,2.524,2.525,649,270
1701892800,2.525,2.527,2.502,2.509,573,270
1701896400,2.509,2.5380000000000003,2.5,2.524,681,270
1701900000,2.523,2.541,2.5220000000000002,2.5220000000000002,202,280
1701903600,2.523,2.526,2.4939999999999998,2.51,142,280
1701910800,2.5220000000000002,2.529,2.521,2.525,86,320
1701914400,2.525,2.528,2.515,2.517,86,320
1701918000,2.517,2.524,2.513,2.513,81,310
1701921600,2.513,2.517,2.51,2.512,57,320
1701925200,2.515,2.517,2.512,2.516,46,320
1701928800,2.516,2.519,2.512,2.513,80,280
1701932400,2.513,2.513,2.498,2.5,127,310
1701936000,2.5,2.501,2.477,2.4779999999999998,186,300
1701939600,2.477,2.491,2.4699999999999998,2.476,274,290
1701943200,2.476,2.485,2.464,2.471,147,260
1701946800,2.471,2.473,2.458,2.46,175,280
1701950400,2.46,2.471,2.449,2.464,205,280
1701954000,2.464,2.474,2.456,2.459,166,270
1701957600,2.459,2.472,2.444,2.467,365,270
1701961200,2.467,2.516,2.462,2.504,730,260
1701964800,2.505,2.521,2.491,2.516,753,270
1701968400,2.516,2.544,2.474,2.4779999999999998,893,240
1701972000,2.4779999999999998,2.525,2.471,2.525,609,260
1701975600,2.524,2.531,2.501,2.518,495,270
1701979200,2.518,2.547,2.508,2.539,571,280
1701982800,2.539,2.559,2.52,2.5220000000000002,585,270
1701986400,2.5220000000000002,2.523,2.509,2.512,156,270
1701990000,2.512,2.515,2.481,2.485,152,280
1701997200,2.492,2.511,2.492,2.503,78,310
1702000800,2.503,2.51,2.499,2.5060000000000002,96,310
1702004400,2.5060000000000002,2.515,2.502,2.515,78,320
1702008000,2.515,2.52,2.5140000000000002,2.517,53,320
1702011600,2.517,2.523,2.5140000000000002,2.523,83,320
1702015200,2.5220000000000002,2.527,2.52,2.525,79,310
1702018800,2.523,2.528,2.5220000000000002,2.527,82,320
1702022400,2.527,2.528,2.517,2.525,101,320
1702026000,2.525,2.5380000000000003,2.509,2.517,161,280
1702029600,2.517,2.536,2.51,2.533,162,290
1702033200,2.533,2.533,2.5140000000000002,2.521,112,280
1702036800,2.521,2.5380000000000003,2.52,2.5380000000000003,91,290
1702040400,2.5380000000000003,2.545,2.531,2.536,135,260
1702044000,2.536,2.541,2.505,2.513,242,250
1702047600,2.5140000000000002,2.539,2.503,2.5140000000000002,566,270
1702051200,2.5140000000000002,2.526,2.487,2.487,621,270
1702054800,2.487,2.5140000000000002,2.473,2.509,601,260
1702058400,2.509,2.518,2.489,2.5060000000000002,463,250
1702062000,2.5060000000000002,2.529,2.492,2.518,408,270
1702065600,2.518,2.541,2.518,2.536,376,280
1702069200,2.536,2.537,2.496,2.499,442,260
1702072800,2.499,2.502,2.484,2.489,201,270
1702076400,2.489,2.497,2.468,2.473,128,290
1702256400,2.3970000000000002,2.413,2.382,2.398,405,300
1702260000,2.398,2.404,2.3970000000000002,2.401,109,310
1702263600,2.401,2.403,2.385,2.386,115,310
1702267200,2.386,2.392,2.38,2.38,85,320
1702270800,2.38,2.387,2.376,2.378,96,310
1702274400,2.378,2.38,2.36,2.36,115,300
1702278000,2.36,2.366,2.36,2.364,100,320
1702281600,2.364,2.37,2.363,2.364,109,320
1702285200,2.364,2.365,2.318,2.323,225,290
1702288800,2.323,2.343,2.323,2.334,214,280
1702292400,2.334,2.3449999999999998,2.328,2.33,158,280
1702296000,2.33,2.335,2.324,2.326,138,290
1702299600,2.327,2.33,2.308,2.321,190,270
1702303200,2.322,2.327,2.307,2.324,306,260
1702306800,2.324,2.328,2.282,2.283,615,240
1702310400,2.283,2.285,2.227,2.263,1094,270
1702314000,2.263,2.271,2.2439999999999998,2.2439999999999998,577,260
1702317600,2.2439999999999998,2.286,2.2359999999999998,2.282,570,260
1702321200,2.282,2.304,2.267,2.29,491,270
1702324800,2.29,2.354,2.289,2.351,799,250
1702328400,2.351,2.371,2.326,2.367,932,270
1702332000,2.367,2.375,2.3529999999999998,2.368,311,270
1702335600,2.368,2.376,2.342,2.358,136,280
1702342800,2.36,2.367,2.357,2.367,63,320
1702346400,2.367,2.367,2.348,2.349,113,310
1702350000,2.349,2.357,2.347,2.357,57,320
1702353600,2.357,2.364,2.356,2.364,61,320
1702357200,2.363,2.366,2.346,2.346,143,310
1702360800,2.346,2.347,2.337,2.34,125,310
1702364400,2.34,2.359,2.34,2.354,106,320
1702368000,2.3529999999999998,2.357,2.342,2.349,130,300
1702371600,2.348,2.37,2.343,2.364,182,290
1702375200,2.364,2.374,2.349,2.371,157,280
1702378800,2.371,2.373,2.357,2.366,134,280
1702382400,2.366,2.373,2.356,2.3609999999999998,135,280
1702386000,2.364,2.367,2.347,2.355,166,270
1702389600,2.355,2.377,2.348,2.357,301,260
1702393200,2.357,2.36,2.297,2.299,599,260
1702396800,2.299,2.299,2.259,2.278,724,270
1702400400,2.279,2.317,2.2720000000000002,2.298,451,270
1702404000,2.298,2.314,2.286,2.296,388,270
1702407600,2.296,2.3,2.27,2.271,390,270
1702411200,2.271,2.271,2.248,2.2560000000000002,376,280
1702414800,2.2560000000000002,2.257,2.226,2.229,451,280
1702418400,2.229,2.237,2.226,2.229,201,240
1702422000,2.229,2.234,2.206,2.206,132,250
1702429200,2.219,2.225,2.218,2.223,98,270
1702432800,2.222,2.225,2.219,2.223,99,260
1702436400,2.223,2.224,2.204,2.206,156,260
1702440000,2.206,2.212,2.203,2.208,93,270
1702443600,2.209,2.209,2.198,2.2,95,270
1702447200,2.201,2.207,2.195,2.205,109,260
1702450800,2.206,2.219,2.204,2.21,165,260
1702454400,2.21,2.215,2.184,2.193,189,260
1702458000,2.193,2.24,2.193,2.237,338,250
1702461600,2.237,2.2439999999999998,2.235,2.238,163,240
1702465200,2.239,2.2439999999999998,2.237,2.243,103,250
1702468800,2.2439999999999998,2.248,2.23,2.241,126,240
1702472400,2.24,2.245,2.22,2.235,186,240
1702476000,2.235,2.263,2.231,2.26,312,220
1702479600,2.261,2.274,2.2359999999999998,2.249,511,230
1702483200,2.249,2.275,2.218,2.273,766,230
1702486800,2.2720000000000002,2.288,2.249,2.288,761,230
1702490400,2.287,2.338,2.271,2.316,887,230
1702494000,2.315,2.317,2.286,2.293,513,230
1702497600,2.293,2.307,2.281,2.294,422,240
1702501200,2.295,2.298,2.274,2.274,630,240
1702504800,2.275,2.289,2.273,2.289,191,240
1702508400,2.289,2.297,2.266,2.278,159,250
1702515600,2.296,2.3,2.293,2.299,92,260
1702519200,2.299,2.299,2.285,2.285,102,250
1702522800,2.285,2.294,2.285,2.291,92,260
1702526400,2.291,2.293,2.289,2.29,53,270
1702530000,2.291,2.297,2.29,2.292,58,260
1702533600,2.291,2.314,2.291,2.312,99,260
1702537200,2.312,2.322,2.312,2.32,108,270
1702540800,2.32,2.322,2.31,2.321,148,260
1702544400,2.321,2.321,2.295,2.297,214,250
1702548000,2.297,2.301,2.292,2.293,128,250
1702551600,2.294,2.294,2.282,2.289,99,240
1702555200,2.289,2.308,2.288,2.306,132,240
1702558800,2.307,2.308,2.288,2.292,155,240
1702562400,2.292,2.3,2.277,2.29,235,240
1702566000,2.287,2.336,2.284,2.321,446,230
1702569600,2.321,2.321,2.285,2.309,503,230
1702573200,2.309,2.335,2.294,2.309,603,230
1702576800,2.309,2.325,2.278,2.293,512,230
1702580400,2.292,2.306,2.285,2.299,302,240
1702584000,2.299,2.325,2.294,2.321,312,240
1702587600,2.321,2.355,2.313,2.338,561,240
1702591200,2.338,2.368,2.333,2.365,228,240
1702594800,2.366,2.367,2.344,2.3449999999999998,125,250
1702602000,2.355,2.365,2.355,2.365,62,270
1702605600,2.365,2.373,2.3609999999999998,2.367,82,260
1702609200,2.367,2.38,2.364,2.379,100,260
1702612800,2.38,2.388,2.379,2.382,71,260
1702616400,2.382,2.383,2.37,2.375,107,270
1702620000,2.375,2.379,2.3689999999999998,2.374,93,270
1702623600,2.374,2.374,2.349,2.351,97,260
1702627200,2.351,2.356,2.339,2.347,131,260
1702630800,2.347,2.347,2.325,2.326,235,240
1702634400,2.326,2.33,2.319,2.325,160,250
1702638000,2.325,2.342,2.324,2.341,139,250
1702641600,2.341,2.359,2.339,2.355,157,240
1702645200,2.354,2.36,2.326,2.335,211,240
1702648800,2.335,2.35,2.326,2.347,276,230
1702652400,2.347,2.377,2.34,2.371,550,230
1702656000,2.371,2.415,2.3449999999999998,2.395,864,220
1702659600,2.395,2.42,2.3689999999999998,2.409,607,230
1702663200,2.409,2.413,2.3810000000000002,2.394,497,240
1702666800,2.394,2.435,2.387,2.433,343,230
1702670400,2.433,2.462,2.432,2.45,673,240
1702674000,2.45,2.453,2.404,2.408,673,240
1702677600,2.408,2.409,2.3890000000000002,2.3890000000000002,184,240
1702681200,2.3890000000000002,2.4,2.359,2.378,150,250
1702861200,2.428,2.44,2.408,2.423,207,240
1702864800,2.423,2.429,2.416,2.419,94,260
1702868400,2.42,2.423,2.417,2.422,70,260
1702872000,2.423,2.433,2.423,2.433,78,260
1702875600,2.433,2.438,2.427,2.438,71,270
1702879200,2.438,2.448,2.435,2.448,78,270
1702882800,2.449,2.452,2.431,2.432,95,270
1702886400,2.432,2.45,2.424,2.439,171,260
1702890000,2.439,2.442,2.417,2.431,263,250
1702893600,2.431,2.451,2.427,2.451,145,250
1702897200,2.451,2.452,2.445,2.448,98,250
1702900800,2.448,2.472,2.442,2.472,153,250
1702904400,2.472,2.497,2.466,2.495,233,240
1702908000,2.495,2.496,2.476,2.491,299,230
1702911600,2.491,2.5,2.467,2.477,578,230
1702915200,2.476,2.495,2.454,2.4859999999999998,737,210
1702918800,2.4859999999999998,2.488,2.443,2.449,372,240
1702922400,2.449,2.475,2.444,2.472,404,240
1702926000,2.472,2.491,2.464,2.467,317,240
1702929600,2.468,2.472,2.45,2.45,346,240
1702933200,2.45,2.452,2.403,2.418,606,240
1702936800,2.419,2.419,2.407,2.412,150,240
1702940400,2.412,2.418,2.388,2.401,115,240
1702947600,2.417,2.424,2.413,2.417,87,270
1702951200,2.417,2.417,2.406,2.407,94,260
1702954800,2.407,2.409,2.403,2.404,73,270
1702958400,2.404,2.406,2.403,2.404,46,270
1702962000,2.404,2.416,2.4,2.414,78,260
1702965600,2.414,2.423,2.412,2.417,82,260
1702969200,2.417,2.418,2.407,2.411,83,260
1702972800,2.411,2.417,2.394,2.394,175,260
1702976400,2.394,2.395,2.36,2.366,336,250
1702980000,2.366,2.377,2.364,2.372,183,250
1702983600,2.372,2.378,2.3689999999999998,2.374,165,240
1702987200,2.374,2.374,2.351,2.354,170,240
1702990800,2.354,2.355,2.338,2.341,184,240
1702994400,2.344,2.362,2.34,2.348,322,240
1702998000,2.348,2.366,2.313,2.315,522,230
1703001600,2.315,2.33,2.307,2.314,574,230
1703005200,2.314,2.314,2.276,2.304,648,230
1703008800,2.304,2.368,2.299,2.363,573,240
1703012400,2.363,2.375,2.34,2.3529999999999998,511,230
1703016000,2.3529999999999998,2.384,2.344,2.3529999999999998,462,240
1703019600,2.354,2.395,2.339,2.392,703,230
1703023200,2.391,2.421,2.385,2.415,318,240
1703026800,2.415,2.415,2.3810000000000002,2.396,149,240
1703034000,2.401,2.417,2.4,2.411,118,270
1703037600,2.411,2.412,2.4050000000000002,2.407,98,260
1703041200,2.407,2.412,2.403,2.406,90,260
1703044800,2.407,2.412,2.407,2.41,88,260
1703048400,2.408,2.409,2.4,2.4050000000000002,83,260
1703052000,2.4050000000000002,2.4050000000000002,2.388,2.388,105,250
1703055600,2.388,2.4,2.383,2.394,142,240
1703059200,2.394,2.409,2.384,2.404,216,250
1703062800,2.404,2.429,2.394,2.394,270,250
1703066400,2.394,2.4050000000000002,2.38,2.385,180,250
1703070000,2.386,2.387,2.382,2.382,103,250
1703073600,2.382,2.382,2.364,2.367,162,240
1703077200,2.367,2.392,2.367,2.377,239,240
1703080800,2.377,2.377,2.314,2.314,398,230
1703084400,2.314,2.371,2.305,2.356,645,230
1703088000,2.356,2.383,2.341,2.368,718,240
1703091600,2.368,2.39,2.357,2.357,565,220
1703095200,2.356,2.366,2.316,2.325,618,220
1703098800,2.324,2.3529999999999998,2.323,2.342,398,230
1703102400,2.342,2.355,2.326,2.34,427,240
1703106000,2.339,2.339,2.31,2.312,506,240
1703109600,2.312,2.319,2.298,2.301,212,230
1703113200,2.301,2.311,2.29,2.292,125,250
1703120400,2.304,2.311,2.299,2.303,110,260
1703124000,2.302,2.306,2.297,2.297,65,260
1703127600,2.298,2.299,2.295,2.295,80,270
1703131200,2.295,2.296,2.287,2.296,92,250
1703134800,2.296,2.304,2.29,2.303,96,260
1703138400,2.302,2.307,2.294,2.307,164,260
1703142000,2.307,2.321,2.299,2.306,157,260
1703145600,2.307,2.317,2.304,2.317,168,260
1703149200,2.317,2.32,2.294,2.299,262,240
1703152800,2.299,2.318,2.296,2.316,133,250
1703156400,2.316,2.319,2.309,2.313,96,250
1703160000,2.313,2.339,2.31,2.336,166,240
1703163600,2.336,2.3449999999999998,2.332,2.344,175,230
1703167200,2.343,2.354,2.331,2.352,235,230
1703170800,2.351,2.3810000000000002,2.351,2.365,540,230
1703174400,2.364,2.387,2.34,2.343,702,240
1703178000,2.343,2.396,2.343,2.392,813,230
1703181600,2.392,2.417,2.386,2.4050000000000002,701,220
1703185200,2.4050000000000002,2.45,2.401,2.445,468,240
1703188800,2.446,2.463,2.43,2.443,707,230
1703192400,2.443,2.452,2.422,2.45,521,230
1703196000,2.45,2.452,2.434,2.443,190,240
1703199600,2.442,2.443,2.411,2.421,100,250
1703206800,2.428,2.433,2.426,2.433,82,270
1703210400,2.433,2.437,2.426,2.426,118,260
1703214000,2.426,2.432,2.424,2.43,74,270
1703217600,2.432,2.434,2.43,2.433,73,270
1703221200,2.433,2.438,2.427,2.427,79,260
1703224800,2.427,2.441,2.426,2.44,87,260
1703228400,2.441,2.441,2.42,2.428,126,260
1703232000,2.428,2.431,2.42,2.43,110,260
1703235600,2.43,2.438,2.414,2.425,214,240
1703239200,2.425,2.437,2.424,2.432,135,250
1703242800,2.432,2.443,2.428,2.438,89,250
1703246400,2.438,2.454,2.434,2.454,130,290
1703250000,2.454,2.454,2.428,2.43,166,270
1703253600,2.431,2.452,2.418,2.429,227,270
1703257200,2.429,2.435,2.384,2.391,525,260
1703260800,2.391,2.408,2.373,2.395,542,260
1703264400,2.395,2.426,2.388,2.413,382,270
1703268000,2.413,2.425,2.4,2.411,391,260
1703271600,2.41,2.44,2.404,2.434,324,270
1703275200,2.434,2.46,2.429,2.457,377,260
1703278800,2.457,2.46,2.418,2.436,479,280
1703282400,2.436,2.458,2.435,2.455,228,270
1703286000,2.455,2.46,2.414,2.414,151,280
1703552400,2.375,2.393,2.366,2.373,228,320
1703556000,2.374,2.3810000000000002,2.358,2.363,199,300
1703559600,2.363,2.363,2.351,2.356,122,310
1703563200,2.356,2.358,2.349,2.356,80,300
1703566800,2.355,2.357,2.351,2.3529999999999998,90,310
1703570400,2.352,2.357,2.347,2.357,94,320
1703574000,2.357,2.3609999999999998,2.348,2.358,100,300
1703577600,2.358,2.365,2.358,2.36,120,320
1703581200,2.36,2.373,2.347,2.35,203,290
1703584800,2.35,2.367,2.35,2.359,178,280
1703588400,2.358,2.364,2.35,2.35,112,290
1703592000,2.35,2.364,2.344,2.359,132,290
1703595600,2.359,2.359,2.34,2.341,149,270
1703599200,2.341,2.356,2.316,2.319,314,260
1703602800,2.32,2.3689999999999998,2.318,2.362,445,260
1703606400,2.362,2.399,2.344,2.357,619,270
1703610000,2.357,2.366,2.341,2.359,425,250
1703613600,2.359,2.382,2.352,2.3689999999999998,398,260
1703617200,2.3689999999999998,2.382,2.362,2.372,355,270
1703620800,2.371,2.376,2.343,2.344,321,280
1703624400,2.344,2.3890000000000002,2.342,2.3890000000000002,573,280
1703628000,2.3890000000000002,2.392,2.383,2.387,194,270
1703631600,2.387,2.39,2.357,2.371,87,290
1703638800,2.375,2.387,2.372,2.387,77,310
1703642400,2.386,2.399,2.3810000000000002,2.387,85,310
1703646000,2.387,2.394,2.385,2.39,69,310
1703649600,2.393,2.3970000000000002,2.391,2.394,60,310
1703653200,2.3970000000000002,2.403,2.391,2.393,94,310
1703656800,2.393,2.419,2.392,2.416,127,310
1703660400,2.416,2.431,2.409,2.431,187,310
1703664000,2.431,2.435,2.413,2.435,279,310
1703667600,2.434,2.451,2.419,2.44,357,290
1703671200,2.44,2.452,2.436,2.451,165,280
1703674800,2.45,2.458,2.443,2.457,101,290
1703678400,2.457,2.475,2.456,2.466,182,280
1703682000,2.466,2.473,2.448,2.456,232,270
1703685600,2.456,2.469,2.441,2.443,331,250
1703689200,2.443,2.483,2.426,2.483,509,270
1703692800,2.483,2.491,2.462,2.489,505,270
1703696400,2.489,2.509,2.447,2.45,489,260
1703700000,2.45,2.458,2.426,2.438,402,260
1703703600,2.438,2.448,2.431,2.441,266,270
1703707200,2.442,2.448,2.383,2.383,431,270
1703710800,2.383,2.406,2.38,2.392,647,260
1703714400,2.392,2.402,2.391,2.3970000000000002,168,280
1703718000,2.396,2.399,2.378,2.386,91,290
1703725200,2.394,2.402,2.3890000000000002,2.392,89,320
1703728800,2.392,2.399,2.392,2.396,63,320
1703732400,2.396,2.4050000000000002,2.396,2.403,78,310
1703736000,2.403,2.406,2.4,2.402,57,300
1703739600,2.402,2.403,2.393,2.395,54,300
1703743200,2.395,2.395,2.3890000000000002,2.3890000000000002,57,310
1703746800,2.3890000000000002,2.391,2.382,2.388,79,310
1703750400,2.387,2.391,2.384,2.3890000000000002,96,320
1703754000,2.3890000000000002,2.398,2.358,2.364,262,290
1703757600,2.364,2.374,2.363,2.368,157,280
1703761200,2.37,2.378,2.367,2.3689999999999998,115,290
1703764800,2.3689999999999998,2.393,2.365,2.39,137,290
1703768400,2.39,2.409,2.383,2.409,153,280
1703772000,2.409,2.424,2.395,2.42,308,260
1703775600,2.42,2.46,2.42,2.459,520,260
1703779200,2.459,2.477,2.443,2.453,614,270
1703782800,2.453,2.491,2.453,2.474,590,270
1703786400,2.474,2.483,2.454,2.458,358,330
1703790000,2.458,2.473,2.454,2.469,263,330
1703793600,2.469,2.491,2.467,2.483,287,350
1703797200,2.483,2.504,2.476,2.499,507,340
1703800800,2.499,2.5,2.474,2.476,178,350
1703804400,2.476,2.477,2.455,2.458,99,360
1703811600,2.458,2.458,2.443,2.456,51,440
1703815200,2.456,2.465,2.453,2.463,67,420
1703818800,2.463,2.464,2.453,2.463,65,420
1703822400,2.464,2.464,2.455,2.458,51,420
1703826000,2.459,2.461,2.453,2.457,64,430
1703829600,2.457,2.458,2.442,2.45,80,410
1703833200,2.45,2.458,2.447,2.453,89,420
1703836800,2.453,2.456,2.437,2.444,124,420
1703840400,2.444,2.471,2.433,2.471,197,370
1703844000,2.471,2.471,2.45,2.451,80,360
1703847600,2.451,2.46,2.448,2.458,86,370
1703851200,2.459,2.465,2.448,2.464,122,360
1703854800,2.464,2.48,2.449,2.451,200,320
1703858400,2.451,2.487,2.443,2.4859999999999998,335,330
1703862000,2.4859999999999998,2.487,2.423,2.427,431,320
1703865600,2.427,2.457,2.42,2.45,344,330
1703869200,2.45,2.461,2.436,2.445,211,330
1703872800,2.445,2.482,2.442,2.472,364,330
1703876400,2.472,2.481,2.457,2.462,227,330
1703880000,2.462,2.4699999999999998,2.445,2.449,266,340
1703883600,2.449,2.45,2.42,2.421,383,340
1703887200,2.421,2.427,2.411,2.427,191,350
1703890800,2.425,2.425,2.4050000000000002,2.408,99,350
1704157200,2.513,2.567,2.502,2.566,263,430
1704160800,2.565,2.572,2.555,2.5709999999999997,124,400
1704164400,2.5709999999999997,2.572,2.541,2.545,178,410
1704168000,2.545,2.5460000000000003,2.533,2.5460000000000003,89,420
1704171600,2.5460000000000003,2.558,2.536,2.542,120,410
1704175200,2.542,2.561,2.535,2.558,143,420
1704178800,2.558,2.565,2.542,2.559,167,420
1704182400,2.559,2.564,2.544,2.544,172,420
1704186000,2.544,2.548,2.4859999999999998,2.5,332,360
1704189600,2.5,2.528,2.499,2.528,130,360
1704193200,2.529,2.5300000000000002,2.516,2.523,103,360
1704196800,2.523,2.528,2.517,2.525,102,360
1704200400,2.525,2.526,2.515,2.521,118,330
1704204000,2.521,2.57,2.519,2.5629999999999997,320,270
1704207600,2.565,2.572,2.521,2.5300000000000002,584,260
1704211200,2.5300000000000002,2.535,2.476,2.483,619,260
1704214800,2.483,2.49,2.452,2.454,401,270
1704218400,2.454,2.477,2.453,2.465,434,260
1704222000,2.465,2.484,2.46,2.462,320,270
1704225600,2.462,2.465,2.444,2.445,277,270
1704229200,2.445,2.489,2.443,2.473,424,280
1704232800,2.473,2.481,2.4699999999999998,2.481,161,280
1704236400,2.481,2.493,2.463,2.473,115,290
1704243600,2.473,2.481,2.473,2.479,69,320
1704247200,2.479,2.484,2.476,2.483,95,310
1704250800,2.483,2.489,2.481,2.489,73,320
1704254400,2.489,2.495,2.4859999999999998,2.49,80,320
1704258000,2.492,2.493,2.482,2.484,75,320
1704261600,2.484,2.489,2.481,2.488,81,320
1704265200,2.488,2.488,2.4699999999999998,2.488,143,310
1704268800,2.488,2.49,2.477,2.479,138,320
1704272400,2.479,2.48,2.448,2.459,236,290
1704276000,2.459,2.465,2.456,2.459,111,280
1704279600,2.46,2.474,2.459,2.463,119,290
1704283200,2.463,2.479,2.459,2.4779999999999998,164,280
1704286800,2.479,2.496,2.474,2.4939999999999998,250,270
1704290400,2.4939999999999998,2.529,2.482,2.528,400,260
1704294000,2.528,2.534,2.5,2.509,548,260
1704297600,2.509,2.5949999999999998,2.507,2.588,849,270
1704301200,2.588,2.612,2.541,2.561,706,250
1704304800,2.561,2.59,2.536,2.5380000000000003,647,250
1704308400,2.5380000000000003,2.581,2.5220000000000002,2.568,492,260
1704312000,2.569,2.583,2.555,2.576,375,280
1704315600,2.576,2.5789999999999997,2.541,2.55,472,270
1704319200,2.55,2.582,2.547,2.581,178,280
1704322800,2.581,2.585,2.552,2.552,141,260
1704330000,2.5709999999999997,2.5709999999999997,2.558,2.568,103,320
1704333600,2.568,2.5709999999999997,2.56,2.568,126,310
1704337200,2.566,2.59,2.5629999999999997,2.58,122,290
1704340800,2.58,2.5869999999999997,2.57,2.583,108,300
1704344400,2.583,2.583,2.57,2.578,96,310
1704348000,2.578,2.601,2.568,2.596,150,290
1704351600,2.596,2.627,2.59,2.625,230,300
1704355200,2.625,2.637,2.614,2.635,207,300
1704358800,2.635,2.643,2.627,2.641,297,290
1704362400,2.641,2.643,2.622,2.637,177,280
1704366000,2.637,2.64,2.629,2.635,128,290
1704369600,2.635,2.637,2.621,2.622,155,280
1704373200,2.622,2.642,2.6189999999999998,2.641,171,270
1704376800,2.641,2.6630000000000003,2.637,2.661,321,260
1704380400,2.661,2.705,2.659,2.694,786,260
1704384000,2.694,2.705,2.629,2.643,867,250
1704387600,2.643,2.6550000000000002,2.604,2.6189999999999998,1002,250
1704391200,2.6189999999999998,2.659,2.61,2.653,602,260
1704394800,2.653,2.683,2.642,2.674,498,270
1704398400,2.674,2.6959999999999997,2.64,2.651,579,270
1704402000,2.651,2.717,2.645,2.713,905,270
1704405600,2.713,2.714,2.7,2.706,246,280
1704409200,2.706,2.71,2.69,2.691,143,290
1704416400,2.6870000000000003,2.6870000000000003,2.67,2.672,124,320
1704420000,2.674,2.674,2.654,2.659,189,310
1704423600,2.659,2.659,2.644,2.65,89,320
1704427200,2.65,2.65,2.642,2.646,72,320
1704430800,2.6470000000000002,2.648,2.636,2.643,81,300
1704434400,2.644,2.648,2.634,2.643,149,310
1704438000,2.643,2.6630000000000003,2.641,2.656,169,310
1704441600,2.656,2.672,2.651,2.6630000000000003,165,320
1704445200,2.6630000000000003,2.674,2.645,2.674,229,290
1704448800,2.674,2.68,2.654,2.6550000000000002,157,280
1704452400,2.6550000000000002,2.659,2.645,2.645,163,270
1704456000,2.645,2.653,2.6390000000000002,2.643,176,280
1704459600,2.643,2.6470000000000002,2.622,2.634,254,270
1704463200,2.634,2.652,2.614,2.615,281,260
1704466800,2.615,2.624,2.556,2.564,851,260
1704470400,2.564,2.608,2.5620000000000003,2.599,774,260
1704474000,2.6,2.626,2.598,2.621,571,270
1704477600,2.621,2.657,2.597,2.657,637,270
1704481200,2.657,2.701,2.656,2.683,557,270
1704484800,2.683,2.724,2.683,2.717,558,280
1704488400,2.717,2.743,2.711,2.7279999999999998,661,270
1704492000,2.7279999999999998,2.7279999999999998,2.713,2.716,271,270
1704495600,2.716,2.73,2.709,2.719,194,280
1704675600,2.741,2.745,2.68,2.694,246,410
1704679200,2.694,2.697,2.682,2.686,154,310
1704682800,2.6870000000000003,2.6959999999999997,2.675,2.678,127,310
1704686400,2.678,2.683,2.67,2.6710000000000003,110,300
1704690000,2.6710000000000003,2.683,2.6710000000000003,2.681,101,320
1704693600,2.681,2.685,2.676,2.682,124,320
1704697200,2.682,2.685,2.676,2.684,109,310
1704700800,2.684,2.684,2.675,2.681,122,310
1704704400,2.681,2.702,2.656,2.658,235,290
1704708000,2.659,2.665,2.653,2.657,145,280
1704711600,2.657,2.67,2.654,2.6630000000000003,114,290
1704715200,2.6630000000000003,2.665,2.65,2.657,166,290
1704718800,2.657,2.665,2.626,2.628,257,270
1704722400,2.628,2.636,2.609,2.613,393,260
1704726000,2.613,2.63,2.578,2.5789999999999997,687,250
1704729600,2.5789999999999997,2.6029999999999998,2.531,2.5709999999999997,985,270
1704733200,2.57,2.612,2.543,2.593,705,260
1704736800,2.593,2.646,2.593,2.627,771,260
1704740400,2.627,2.658,2.622,2.649,521,260
1704744000,2.649,2.708,2.6390000000000002,2.706,748,270
1704747600,2.706,2.765,2.7,2.763,805,280
1704751200,2.763,2.768,2.727,2.727,307,280
1704754800,2.7279999999999998,2.7279999999999998,2.689,2.694,177,290
1704762000,2.691,2.691,2.6630000000000003,2.673,175,310
1704765600,2.673,2.675,2.658,2.658,143,300
1704769200,2.658,2.677,2.6550000000000002,2.674,116,320
1704772800,2.6710000000000003,2.68,2.669,2.677,92,320
1704776400,2.677,2.677,2.65,2.651,140,310
1704780000,2.651,2.689,2.651,2.6870000000000003,199,310
1704783600,2.686,2.694,2.673,2.68,189,290
1704787200,2.68,2.708,2.676,2.699,212,310
1704790800,2.699,2.739,2.695,2.729,413,290
1704794400,2.729,2.737,2.727,2.734,192,280
1704798000,2.734,2.7359999999999998,2.7279999999999998,2.733,109,290
1704801600,2.734,2.767,2.734,2.762,228,280
1704805200,2.763,2.791,2.76,2.789,296,270
1704808800,2.789,2.794,2.755,2.782,591,260
1704812400,2.783,2.844,2.77,2.8209999999999997,924,250
1704816000,2.8209999999999997,2.849,2.791,2.794,1240,260
1704819600,2.794,2.8120000000000003,2.738,2.768,1097,240
1704823200,2.768,2.849,2.746,2.84,1143,250
1704826800,2.84,2.9130000000000003,2.839,2.901,1348,240
1704830400,2.901,3.002,2.901,2.99,1307,270
1704834000,2.99,2.991,2.856,2.898,2037,260
1704837600,2.898,2.899,2.859,2.875,488,270
1704841200,2.876,2.89,2.8369999999999997,2.842,249,270
1704848400,2.838,2.847,2.831,2.843,147,320
1704852000,2.843,2.8449999999999998,2.818,2.8209999999999997,244,310
1704855600,2.8209999999999997,2.842,2.8209999999999997,2.841,160,310
1704859200,2.84,2.8449999999999998,2.834,2.842,108,310
1704862800,2.842,2.8529999999999998,2.835,2.849,123,310
1704866400,2.847,2.858,2.803,2.805,288,300
1704870000,2.805,2.805,2.769,2.7880000000000003,297,310
1704873600,2.7880000000000003,2.801,2.757,2.763,367,290
1704877200,2.763,2.789,2.746,2.752,433,290
1704880800,2.752,2.777,2.752,2.7640000000000002,250,280
1704884400,2.7640000000000002,2.77,2.7560000000000002,2.761,169,280
1704888000,2.761,2.8,2.761,2.776,317,280
1704891600,2.776,2.776,2.729,2.741,366,270
1704895200,2.742,2.784,2.734,2.7800000000000002,505,250
1704898800,2.7800000000000002,2.801,2.694,2.706,1142,250
1704902400,2.706,2.773,2.693,2.766,1369,260
1704906000,2.766,2.777,2.705,2.705,1069,250
1704909600,2.705,2.725,2.675,2.6870000000000003,1168,260
1704913200,2.6870000000000003,2.71,2.677,2.693,703,270
1704916800,2.693,2.716,2.6630000000000003,2.709,876,270
1704920400,2.709,2.726,2.682,2.698,900,280
1704924000,2.698,2.708,2.69,2.698,225,280
1704927600,2.698,2.698,2.666,2.678,140,290
1704934800,2.668,2.672,2.659,2.664,112,320
1704938400,2.664,2.672,2.661,2.672,110,300
1704942000,2.672,2.676,2.648,2.649,132,300
1704945600,2.649,2.651,2.637,2.642,164,300
1704949200,2.642,2.645,2.633,2.642,128,310
1704952800,2.642,2.69,2.634,2.6879999999999997,206,310
1704956400,2.6870000000000003,2.6959999999999997,2.682,2.692,156,310
1704960000,2.692,2.702,2.666,2.684,180,320
1704963600,2.684,2.698,2.651,2.651,343,290
1704967200,2.651,2.652,2.6310000000000002,2.633,235,280
1704970800,2.633,2.662,2.632,2.662,180,290
1704974400,2.662,2.668,2.625,2.629,274,280
1704978000,2.629,2.632,2.609,2.626,346,270
1704981600,2.626,2.658,2.6189999999999998,2.654,487,250
1704985200,2.654,2.673,2.624,2.656,643,260
1704988800,2.6550000000000002,2.689,2.646,2.675,901,260
1704992400,2.675,2.748,2.673,2.746,1299,260
1704996000,2.746,2.797,2.739,2.781,1401,260
1704999600,2.781,2.793,2.734,2.77,1044,260
1705003200,2.77,2.792,2.729,2.7439999999999998,1001,260
1705006800,2.7439999999999998,2.755,2.676,2.683,1136,250
1705010400,2.682,2.69,2.672,2.6790000000000003,286,280
1705014000,2.6790000000000003,2.697,2.67,2.684,170,290
1705021200,2.673,2.6879999999999997,2.666,2.6879999999999997,147,320
1705024800,2.6870000000000003,2.697,2.6870000000000003,2.695,157,320
1705028400,2.6959999999999997,2.714,2.69,2.713,144,310
1705032000,2.713,2.716,2.709,2.715,112,320
1705035600,2.715,2.715,2.707,2.713,93,320
1705039200,2.7119999999999997,2.715,2.686,2.708,195,290
1705042800,2.708,2.717,2.697,2.7039999999999997,165,300
1705046400,2.7039999999999997,2.724,2.702,2.703,209,310
1705050000,2.703,2.723,2.683,2.6959999999999997,387,290
1705053600,2.6959999999999997,2.7039999999999997,2.691,2.694,187,280
1705057200,2.694,2.695,2.677,2.686,159,280
1705060800,2.686,2.6959999999999997,2.666,2.6790000000000003,359,280
1705064400,2.678,2.69,2.667,2.6790000000000003,355,260
1705068000,2.6790000000000003,2.75,2.667,2.725,691,250
1705071600,2.725,2.75,2.69,2.735,1274,240
1705075200,2.735,2.794,2.726,2.774,1535,250
1705078800,2.774,2.778,2.7039999999999997,2.7199999999999998,1355,250
1705082400,2.7199999999999998,2.754,2.706,2.749,705,260
1705086000,2.749,2.763,2.718,2.761,677,260
1705089600,2.76,2.77,2.724,2.767,757,260
1705093200,2.767,2.801,2.757,2.782,1233,260
1705096800,2.781,2.798,2.776,2.793,373,270
1705100400,2.794,2.805,2.755,2.755,186,290
1705280400,2.65,2.6550000000000002,2.635,2.635,35,410
1705309200,2.648,2.651,2.648,2.651,8,600
1705312800,2.652,2.658,2.637,2.656,118,360
1705316400,2.656,2.657,2.64,2.64,95,360
1705320000,2.64,2.641,2.623,2.635,130,350
1705323600,2.635,2.65,2.63,2.648,105,510
1705327200,2.648,2.651,2.63,2.632,187,500
1705330800,2.632,2.65,2.615,2.616,287,490
1705334400,2.616,2.644,2.606,2.627,315,500
1705338000,2.628,2.633,2.615,2.622,250,500
1705341600,2.622,2.623,2.599,2.606,267,500
1705345200,2.606,2.615,2.598,2.6029999999999998,181,490
1705348800,2.6029999999999998,2.63,2.599,2.63,159,550
1705352400,2.63,2.6310000000000002,2.617,2.622,44,560
1705395600,2.534,2.534,2.521,2.5220000000000002,13,590
1705399200,2.5220000000000002,2.527,2.517,2.5220000000000002,126,580
1705402800,2.5220000000000002,2.539,2.5220000000000002,2.529,126,590
1705406400,2.529,2.537,2.525,2.528,105,590
1705410000,2.528,2.528,2.504,2.519,287,330
1705413600,2.519,2.552,2.519,2.552,480,320
1705417200,2.552,2.56,2.5140000000000002,2.5380000000000003,786,310
1705420800,2.5380000000000003,2.56,2.5300000000000002,2.539,744,270
1705424400,2.539,2.573,2.535,2.569,525,330
1705428000,2.569,2.5869999999999997,2.557,2.565,446,330
1705431600,2.565,2.57,2.5300000000000002,2.537,378,320
1705435200,2.537,2.559,2.527,2.547,413,350
1705438800,2.547,2.5540000000000003,2.52,2.5220000000000002,570,350
1705442400,2.5220000000000002,2.524,2.495,2.5,286,340
1705446000,2.5,2.501,2.4779999999999998,2.482,118,360
1705453200,2.475,2.488,2.464,2.487,149,420
1705456800,2.487,2.49,2.475,2.475,144,420
1705460400,2.475,2.477,2.461,2.467,153,420
1705464000,2.467,2.472,2.46,2.467,83,420
1705467600,2.468,2.472,2.464,2.469,76,420
1705471200,2.469,2.471,2.459,2.462,86,420
1705474800,2.462,2.468,2.459,2.467,110,410
1705478400,2.467,2.469,2.455,2.459,114,420
1705482000,2.459,2.476,2.449,2.464,209,360
1705485600,2.464,2.474,2.453,2.467,202,350
1705489200,2.467,2.471,2.463,2.467,151,360
1705492800,2.466,2.469,2.44,2.445,159,350
1705496400,2.445,2.461,2.44,2.452,275,320
1705500000,2.452,2.483,2.442,2.48,357,320
1705503600,2.48,2.491,2.447,2.462,620,320
1705507200,2.462,2.495,2.451,2.487,589,330
1705510800,2.487,2.496,2.469,2.488,392,320
1705514400,2.489,2.523,2.488,2.5060000000000002,460,320
1705518000,2.5060000000000002,2.512,2.483,2.508,440,320
1705521600,2.508,2.536,2.4939999999999998,2.528,454,350
1705525200,2.528,2.56,2.516,2.5300000000000002,886,340
1705528800,2.5300000000000002,2.5300000000000002,2.51,2.5140000000000002,201,350
1705532400,2.5140000000000002,2.524,2.503,2.503,117,360
1705539600,2.497,2.501,2.487,2.501,83,430
1705543200,2.501,2.501,2.489,2.489,101,420
1705546800,2.489,2.492,2.482,2.49,78,420
1705550400,2.49,2.492,2.485,2.491,72,420
1705554000,2.491,2.493,2.485,2.4859999999999998,74,420
1705557600,2.4859999999999998,2.493,2.477,2.4779999999999998,139,410
1705561200,2.4779999999999998,2.49,2.475,2.489,152,410
1705564800,2.489,2.505,2.481,2.505,165,420
1705568400,2.505,2.507,2.493,2.505,249,360
1705572000,2.505,2.512,2.495,2.504,141,360
1705575600,2.505,2.508,2.492,2.5,151,360
1705579200,2.5,2.5140000000000002,2.4859999999999998,2.487,284,360
1705582800,2.488,2.489,2.462,2.472,293,330
1705586400,2.472,2.473,2.443,2.452,456,310
1705590000,2.452,2.462,2.429,2.449,607,310
1705593600,2.449,2.473,2.436,2.441,559,320
1705597200,2.44,2.454,2.4050000000000002,2.414,828,240
1705600800,2.414,2.459,2.406,2.443,679,270
1705604400,2.443,2.443,2.412,2.416,562,270
1705608000,2.415,2.415,2.39,2.393,554,260
1705611600,2.393,2.433,2.38,2.414,694,270
1705615200,2.413,2.429,2.412,2.424,205,280
1705618800,2.424,2.43,2.408,2.413,180,280
1705626000,2.416,2.416,2.391,2.401,101,310
1705629600,2.401,2.411,2.399,2.402,129,310
1705633200,2.402,2.406,2.4,2.402,130,310
1705636800,2.402,2.403,2.396,2.399,66,320
1705640400,2.399,2.401,2.395,2.3970000000000002,129,320
1705644000,2.3970000000000002,2.402,2.392,2.395,90,320
1705647600,2.395,2.3970000000000002,2.379,2.382,169,320
1705651200,2.383,2.386,2.376,2.379,116,320
1705654800,2.379,2.385,2.359,2.363,257,290
1705658400,2.363,2.373,2.359,2.371,200,280
1705662000,2.37,2.372,2.36,2.3609999999999998,133,290
1705665600,2.3609999999999998,2.372,2.358,2.368,171,290
1705669200,2.3689999999999998,2.374,2.356,2.36,182,270
1705672800,2.36,2.374,2.358,2.368,347,260
1705676400,2.368,2.368,2.329,2.3449999999999998,619,250
1705680000,2.3449999999999998,2.3529999999999998,2.314,2.325,594,260
1705683600,2.325,2.326,2.266,2.268,580,260
1705687200,2.268,2.282,2.2439999999999998,2.254,722,270
1705690800,2.2560000000000002,2.269,2.243,2.246,460,260
1705694400,2.246,2.262,2.243,2.249,400,280
1705698000,2.249,2.262,2.243,2.255,628,270
1705701600,2.255,2.262,2.243,2.243,261,280
1705705200,2.243,2.247,2.223,2.223,149,280
1705885200,2.144,2.144,2.094,2.095,215,410
1705888800,2.094,2.115,2.093,2.111,210,400
1705892400,2.11,2.114,2.102,2.106,117,420
1705896000,2.106,2.11,2.103,2.109,81,420
1705899600,2.109,2.112,2.104,2.111,73,420
1705903200,2.111,2.113,2.106,2.111,85,420
1705906800,2.111,2.116,2.108,2.114,117,420
1705910400,2.115,2.134,2.115,2.1310000000000002,194,420
1705914000,2.1310000000000002,2.145,2.127,2.136,206,360
1705917600,2.136,2.137,2.128,2.134,151,360
1705921200,2.134,2.145,2.134,2.144,93,370
1705924800,2.144,2.149,2.134,2.136,131,360
1705928400,2.134,2.142,2.122,2.122,223,240
1705932000,2.125,2.13,2.116,2.125,324,240
1705935600,2.125,2.1310000000000002,2.107,2.108,523,260
1705939200,2.108,2.129,2.102,2.123,772,240
1705942800,2.122,2.13,2.113,2.116,373,260
1705946400,2.116,2.136,2.102,2.128,426,270
1705950000,2.128,2.135,2.118,2.121,341,260
1705953600,2.121,2.138,2.1189999999999998,2.136,437,270
1705957200,2.138,2.144,2.105,2.112,463,270
1705960800,2.112,2.122,2.099,2.109,379,280
1705964400,2.109,2.1189999999999998,2.099,2.101,201,290
1705971600,2.114,2.123,2.11,2.121,151,320
1705975200,2.121,2.128,2.1189999999999998,2.12,171,310
1705978800,2.12,2.123,2.115,2.118,105,320
1705982400,2.117,2.128,2.117,2.125,100,320
1705986000,2.125,2.13,2.122,2.128,76,320
1705989600,2.128,2.13,2.1189999999999998,2.122,115,320
1705993200,2.122,2.123,2.115,2.12,111,320
1705996800,2.121,2.127,2.107,2.107,146,320
1706000400,2.107,2.12,2.102,2.116,176,290
1706004000,2.117,2.1189999999999998,2.111,2.113,102,290
1706007600,2.113,2.124,2.113,2.116,86,290
1706011200,2.1189999999999998,2.124,2.112,2.117,91,290
1706014800,2.115,2.1189999999999998,2.099,2.103,137,270
1706018400,2.103,2.1189999999999998,2.101,2.117,214,270
1706022000,2.117,2.1189999999999998,2.078,2.079,562,260
1706025600,2.079,2.1189999999999998,2.067,2.118,582,270
1706029200,2.118,2.1310000000000002,2.1,2.107,458,270
1706032800,2.107,2.128,2.103,2.105,409,270
1706036400,2.105,2.116,2.1,2.104,273,260
1706040000,2.103,2.124,2.096,2.123,336,280
1706043600,2.123,2.163,2.117,2.149,617,280
1706047200,2.149,2.172,2.149,2.166,259,280
1706050800,2.166,2.176,2.159,2.163,177,290
1706058000,2.192,2.192,2.173,2.191,139,320
1706061600,2.191,2.192,2.182,2.186,125,310
1706065200,2.186,2.196,2.179,2.183,143,320
1706068800,2.182,2.192,2.178,2.192,114,310
1706072400,2.192,2.193,2.176,2.179,94,320
1706076000,2.179,2.188,2.177,2.187,91,320
1706079600,2.187,2.192,2.178,2.184,119,320
1706083200,2.184,2.188,2.174,2.187,146,320
1706086800,2.187,2.198,2.177,2.197,153,290
1706090400,2.197,2.202,2.19,2.199,158,280
1706094000,2.199,2.209,2.194,2.205,138,290
1706097600,2.206,2.21,2.204,2.207,157,290
1706101200,2.207,2.223,2.207,2.219,213,270
1706104800,2.219,2.221,2.192,2.201,443,260
1706108400,2.201,2.249,2.189,2.2439999999999998,678,250
1706112000,2.2439999999999998,2.2439999999999998,2.205,2.208,730,260
1706115600,2.208,2.241,2.205,2.232,568,270
1706119200,2.232,2.243,2.215,2.225,564,260
1706122800,2.224,2.227,2.208,2.217,485,260
1706126400,2.217,2.223,2.188,2.221,514,270
1706130000,2.222,2.26,2.216,2.251,581,280
1706133600,2.251,2.273,2.245,2.266,307,280
1706137200,2.266,2.276,2.249,2.249,165,290
1706144400,2.2720000000000002,2.276,2.266,2.271,95,320
1706148000,2.271,2.271,2.262,2.263,108,310
1706151600,2.263,2.268,2.26,2.265,93,310
1706155200,2.265,2.265,2.255,2.265,93,320
1706158800,2.265,2.265,2.253,2.259,97,320
1706162400,2.2560000000000002,2.262,2.253,2.261,95,320
1706166000,2.258,2.283,2.255,2.282,166,320
1706169600,2.282,2.301,2.276,2.297,286,310
1706173200,2.297,2.297,2.274,2.293,265,290
1706176800,2.293,2.298,2.282,2.29,182,290
1706180400,2.29,2.304,2.288,2.296,192,280
1706184000,2.296,2.311,2.296,2.303,224,280
1706187600,2.303,2.318,2.283,2.3,309,270
1706191200,2.3,2.312,2.271,2.282,433,270
1706194800,2.282,2.286,2.245,2.245,650,270
1706198400,2.245,2.2720000000000002,2.242,2.2439999999999998,702,270
1706202000,2.2439999999999998,2.25,2.186,2.194,1024,270
1706205600,2.194,2.2,2.164,2.172,548,320
1706209200,2.172,2.183,2.152,2.165,424,270
1706212800,2.165,2.196,2.147,2.19,644,280
1706216400,2.19,2.203,2.159,2.174,705,270
1706220000,2.175,2.175,2.155,2.161,228,280
1706223600,2.161,2.17,2.154,2.16,123,280
1706230800,2.176,2.182,2.163,2.182,124,320
1706234400,2.182,2.191,2.178,2.187,145,310
1706238000,2.186,2.199,2.18,2.189,162,310
1706241600,2.189,2.193,2.184,2.192,88,310
1706245200,2.192,2.195,2.185,2.195,93,310
1706248800,2.195,2.2,2.183,2.189,110,310
1706252400,2.189,2.189,2.179,2.183,139,320
1706256000,2.183,2.188,2.176,2.18,159,310
1706259600,2.181,2.2,2.178,2.193,162,290
1706263200,2.193,2.206,2.193,2.204,115,290
1706266800,2.204,2.222,2.195,2.222,171,280
1706270400,2.222,2.222,2.186,2.2,436,270
1706274000,2.199,2.199,2.162,2.173,386,270
1706277600,2.173,2.196,2.159,2.171,341,250
1706281200,2.171,2.181,2.135,2.135,524,270
1706284800,2.136,2.167,2.136,2.148,537,260
1706288400,2.148,2.164,2.086,2.108,1070,240
1706292000,2.108,2.122,2.098,2.101,542,260
1706295600,2.101,2.118,2.1,2.115,461,270
1706299200,2.115,2.15,2.105,2.13,565,280
1706302800,2.13,2.168,2.13,2.165,766,280
1706306400,2.165,2.177,2.16,2.167,332,280
1706310000,2.167,2.181,2.151,2.154,202,280
1706490000,2.14,2.157,2.123,2.134,337,300
1706493600,2.134,2.144,2.132,2.136,151,310
1706497200,2.136,2.143,2.135,2.136,98,300
1706500800,2.136,2.1390000000000002,2.1310000000000002,2.135,90,310
1706504400,2.135,2.1390000000000002,2.13,2.1390000000000002,99,310
1706508000,2.136,2.1390000000000002,2.132,2.137,80,310
1706511600,2.135,2.138,2.1310000000000002,2.135,105,310
1706515200,2.135,2.138,2.106,2.108,205,300
1706518800,2.109,2.12,2.101,2.118,307,280
1706522400,2.118,2.1310000000000002,2.116,2.129,193,280
1706526000,2.129,2.135,2.115,2.116,146,280
1706529600,2.116,2.129,2.115,2.122,176,280
1706533200,2.122,2.123,2.105,2.106,187,270
1706536800,2.106,2.1310000000000002,2.106,2.122,291,250
1706540400,2.122,2.13,2.098,2.102,492,260
1706544000,2.102,2.113,2.095,2.101,548,250
1706547600,2.101,2.101,2.085,2.088,367,260
1706551200,2.088,2.091,2.055,2.071,494,240
1706554800,2.071,2.093,2.068,2.079,403,260
1706558400,2.079,2.08,2.061,2.063,309,280
1706562000,2.063,2.082,2.042,2.05,664,260
1706565600,2.05,2.062,2.049,2.06,183,280
1706569200,2.06,2.061,2.032,2.035,115,280
1706576400,2.052,2.052,2.038,2.044,80,320
1706580000,2.045,2.061,2.045,2.061,117,310
1706583600,2.061,2.064,2.056,2.06,93,310
1706587200,2.057,2.065,2.055,2.062,67,320
1706590800,2.062,2.075,2.062,2.071,80,310
1706594400,2.07,2.072,2.065,2.067,97,310
1706598000,2.066,2.069,2.056,2.056,113,310
1706601600,2.056,2.067,2.052,2.061,151,320
1706605200,2.061,2.062,2.043,2.045,186,290
1706608800,2.045,2.057,2.042,2.057,105,290
1706612400,2.058,2.058,2.05,2.055,106,280
1706616000,2.055,2.066,2.047,2.066,138,290
1706619600,2.066,2.079,2.053,2.078,243,260
1706623200,2.078,2.089,2.061,2.087,299,260
1706626800,2.087,2.087,2.06,2.075,481,270
1706630400,2.076,2.089,2.053,2.066,583,260
1706634000,2.067,2.079,2.053,2.064,478,260
1706637600,2.064,2.105,2.062,2.104,432,260
1706641200,2.104,2.11,2.068,2.073,375,260
1706644800,2.072,2.072,2.053,2.062,308,280
1706648400,2.062,2.111,2.055,2.103,498,280
1706652000,2.103,2.103,2.084,2.087,234,270
1706655600,2.087,2.089,2.061,2.062,135,280
1706662800,2.078,2.079,2.069,2.073,64,320
1706666400,2.073,2.076,2.069,2.072,62,310
1706670000,2.072,2.075,2.07,2.073,70,310
1706673600,2.07,2.077,2.07,2.077,54,320
1706677200,2.077,2.078,2.068,2.072,52,300
1706680800,2.072,2.073,2.06,2.066,91,310
1706684400,2.063,2.067,2.05,2.054,112,310
1706688000,2.054,2.062,2.053,2.055,140,320
1706691600,2.055,2.059,2.03,2.042,248,290
1706695200,2.042,2.053,2.041,2.052,158,280
1706698800,2.052,2.054,2.039,2.049,121,290
1706702400,2.05,2.06,2.045,2.054,125,280
1706706000,2.057,2.059,2.043,2.048,203,270
1706709600,2.048,2.091,2.048,2.085,276,250
1706713200,2.085,2.132,2.085,2.124,546,260
1706716800,2.125,2.127,2.091,2.096,551,260
1706720400,2.096,2.124,2.088,2.121,454,260
1706724000,2.121,2.15,2.12,2.136,588,260
1706727600,2.137,2.143,2.094,2.113,442,250
1706731200,2.113,2.116,2.1,2.112,305,280
1706734800,2.112,2.116,2.088,2.112,545,260
1706738400,2.112,2.1189999999999998,2.105,2.115,199,280
1706742000,2.115,2.121,2.104,2.111,152,290
1706749200,2.123,2.125,2.112,2.122,96,320
1706752800,2.1189999999999998,2.126,2.115,2.125,106,320
1706756400,2.125,2.129,2.121,2.127,93,320
1706760000,2.127,2.141,2.121,2.138,107,320
1706763600,2.138,2.151,2.134,2.146,168,310
1706767200,2.146,2.147,2.141,2.145,75,320
1706770800,2.15,2.15,2.132,2.1390000000000002,65,320
1706774400,2.1390000000000002,2.145,2.13,2.138,149,320
1706778000,2.138,2.149,2.129,2.148,163,290
1706781600,2.148,2.148,2.133,2.14,128,280
1706785200,2.14,2.143,2.135,2.14,82,290
1706788800,2.14,2.143,2.127,2.129,115,270
1706792400,2.127,2.13,2.113,2.117,152,270
1706796000,2.117,2.134,2.102,2.109,242,250
1706799600,2.109,2.1189999999999998,2.092,2.092,360,260
1706803200,2.092,2.106,2.077,2.093,455,260
1706806800,2.093,2.111,2.064,2.075,635,240
1706810400,2.075,2.075,2.05,2.058,482,230
1706814000,2.059,2.066,2.033,2.036,417,230
1706817600,2.036,2.067,2.031,2.045,429,240
1706821200,2.045,2.057,2.039,2.046,484,240
1706824800,2.046,2.049,2.027,2.033,187,240
1706828400,2.033,2.043,2.016,2.026,134,250
1706835600,2.045,2.048,2.042,2.046,117,270
1706839200,2.046,2.055,2.046,2.051,117,260
1706842800,2.052,2.055,2.047,2.054,86,270
1706846400,2.054,2.058,2.052,2.056,76,270
1706850000,2.057,2.062,2.053,2.058,83,260
1706853600,2.057,2.059,2.055,2.059,80,270
1706857200,2.057,2.063,2.056,2.062,90,260
1706860800,2.062,2.062,2.044,2.047,126,260
1706864400,2.047,2.05,2.037,2.038,178,250
1706868000,2.038,2.052,2.036,2.051,112,250
1706871600,2.05,2.064,2.048,2.06,85,250
1706875200,2.06,2.076,2.059,2.06,127,240
1706878800,2.06,2.075,2.058,2.061,143,240
1706882400,2.061,2.064,2.015,2.024,282,230
1706886000,2.024,2.066,2.02,2.039,569,240
1706889600,2.039,2.071,2.039,2.051,537,270
1706893200,2.051,2.076,2.051,2.066,397,260
1706896800,2.066,2.086,2.056,2.06,433,260
1706900400,2.06,2.071,2.051,2.07,256,270
1706904000,2.07,2.076,2.059,2.067,259,270
1706907600,2.067,2.08,2.062,2.073,361,270
1706911200,2.073,2.086,2.065,2.078,218,280
1706914800,2.078,2.088,2.059,2.062,131,290
1707094800,2.093,2.111,2.09,2.102,158,280
1707098400,2.102,2.102,2.086,2.09,123,310
1707102000,2.09,2.09,2.063,2.068,160,300
1707105600,2.068,2.068,2.057,2.062,107,320
1707109200,2.062,2.07,2.059,2.069,95,310
1707112800,2.069,2.073,2.062,2.068,93,320
1707116400,2.068,2.084,2.068,2.082,100,320
1707120000,2.082,2.086,2.07,2.08,121,320
1707123600,2.081,2.081,2.064,2.074,132,290
1707127200,2.074,2.083,2.074,2.08,103,290
1707130800,2.08,2.088,2.075,2.085,110,280
1707134400,2.085,2.088,2.079,2.083,93,280
1707138000,2.083,2.09,2.078,2.089,106,270
1707141600,2.089,2.089,2.051,2.07,298,250
1707145200,2.07,2.08,2.029,2.047,491,260
1707148800,2.047,2.067,2.038,2.057,601,260
1707152400,2.057,2.063,2.045,2.05,329,260
1707156000,2.05,2.058,2.04,2.052,277,270
1707159600,2.052,2.054,2.041,2.053,207,260
1707163200,2.053,2.06,2.042,2.046,265,270
1707166800,2.046,2.082,2.046,2.063,554,280
1707170400,2.063,2.067,2.056,2.059,169,280
1707174000,2.059,2.059,2.026,2.029,100,290
1707181200,2.043,2.043,2.027,2.034,90,320
1707184800,2.035,2.04,2.033,2.037,89,310
1707188400,2.037,2.045,2.035,2.043,83,320
1707192000,2.042,2.045,2.037,2.039,52,320
1707195600,2.044,2.046,2.039,2.045,53,320
1707199200,2.045,2.05,2.038,2.05,63,320
1707202800,2.047,2.059,2.045,2.053,88,320
1707206400,2.053,2.058,2.044,2.058,112,320
1707210000,2.058,2.063,2.047,2.061,127,290
1707213600,2.061,2.063,2.057,2.062,88,290
1707217200,2.06,2.064,2.057,2.063,97,290
1707220800,2.064,2.07,2.058,2.065,124,290
1707224400,2.065,2.071,2.046,2.049,137,270
1707228000,2.049,2.058,2.033,2.039,272,260
1707231600,2.039,2.044,2.024,2.029,326,260
1707235200,2.028,2.031,1.9929999999999999,2.018,628,270
1707238800,2.018,2.018,1.996,2.007,364,270
1707242400,2.007,2.029,2.002,2.017,380,270
1707246000,2.016,2.027,2.009,2.012,275,270
1707249600,2.012,2.024,2.008,2.012,241,270
1707253200,2.012,2.013,1.987,1.9929999999999999,362,280
1707256800,1.9929999999999999,1.9929999999999999,1.983,1.986,175,280
1707260400,1.986,1.9889999999999999,1.967,1.9689999999999999,115,290
1707267600,1.982,1.987,1.974,1.986,76,320
1707271200,1.986,1.996,1.9849999999999999,1.994,109,320
1707274800,1.994,1.998,1.9889999999999999,1.994,91,320
1707278400,1.994,1.9969999999999999,1.9889999999999999,1.992,68,320
1707282000,1.992,1.999,1.99,1.998,61,320
1707285600,1.998,2.0,1.991,1.995,62,320
1707289200,1.995,1.995,1.987,1.994,79,320
1707292800,1.991,1.998,1.988,1.9969999999999999,87,320
1707296400,1.9969999999999999,2.003,1.987,2.002,128,290
1707300000,2.002,2.006,1.9929999999999999,2.005,136,280
1707303600,2.005,2.007,2.0,2.002,149,290
1707307200,2.002,2.006,1.994,1.999,150,280
1707310800,1.999,2.005,1.988,2.001,149,270
1707314400,2.001,2.016,1.994,2.005,234,260
1707318000,2.005,2.022,2.0,2.02,333,260
1707321600,2.02,2.021,1.976,1.979,411,270
1707325200,1.98,1.9809999999999999,1.9489999999999998,1.958,461,270
1707328800,1.958,1.974,1.951,1.9649999999999999,400,250
1707332400,1.9649999999999999,1.972,1.9609999999999999,1.967,247,270
1707336000,1.967,1.9689999999999999,1.958,1.968,219,270
1707339600,1.968,1.9689999999999999,1.955,1.962,390,280
1707343200,1.962,1.968,1.9569999999999999,1.964,154,280
1707346800,1.964,1.9649999999999999,1.9449999999999998,1.9449999999999998,93,290
1707354000,1.959,1.96,1.95,1.96,70,320
1707357600,1.9569999999999999,1.967,1.955,1.964,110,320
1707361200,1.963,1.968,1.96,1.966,90,320
1707364800,1.964,1.97,1.9609999999999999,1.9689999999999999,69,320
1707368400,1.9689999999999999,1.97,1.963,1.968,62,320
1707372000,1.968,1.968,1.955,1.955,87,310
1707375600,1.955,1.96,1.951,1.954,96,320
1707379200,1.954,1.96,1.9489999999999998,1.96,110,320
1707382800,1.96,1.9689999999999999,1.947,1.967,163,290
1707386400,1.967,1.972,1.9609999999999999,1.968,109,290
1707390000,1.968,1.9689999999999999,1.959,1.9649999999999999,97,280
1707393600,1.9649999999999999,1.976,1.959,1.975,120,280
1707397200,1.974,1.979,1.967,1.9769999999999999,131,280
1707400800,1.9769999999999999,1.978,1.951,1.9609999999999999,214,260
1707404400,1.9609999999999999,1.968,1.927,1.936,541,260
1707408000,1.936,1.946,1.924,1.935,458,270
1707411600,1.935,1.948,1.912,1.9180000000000001,496,260
1707415200,1.9180000000000001,1.928,1.909,1.9260000000000002,324,330
1707418800,1.9260000000000002,1.932,1.9180000000000001,1.9220000000000002,236,260
1707422400,1.9220000000000002,1.9409999999999998,1.915,1.925,275,270
1707426000,1.9260000000000002,1.939,1.8980000000000001,1.901,495,280
1707429600,1.901,1.903,1.874,1.887,293,280
1707433200,1.887,1.888,1.865,1.877,109,290
1707440400,1.8900000000000001,1.891,1.879,1.8900000000000001,77,320
1707444000,1.8900000000000001,1.892,1.887,1.889,66,320
1707447600,1.888,1.888,1.873,1.873,88,320
1707451200,1.879,1.88,1.87,1.87,81,310
1707454800,1.87,1.877,1.867,1.875,91,320
1707458400,1.873,1.875,1.862,1.865,105,320
1707462000,1.865,1.8679999999999999,1.862,1.8639999999999999,61,320
1707465600,1.8639999999999999,1.866,1.843,1.846,138,310
1707469200,1.846,1.849,1.8279999999999998,1.835,239,290
1707472800,1.835,1.835,1.829,1.831,162,280
1707476400,1.829,1.839,1.8279999999999998,1.8319999999999999,143,290
1707480000,1.8319999999999999,1.839,1.826,1.835,143,290
1707483600,1.835,1.853,1.83,1.8479999999999999,190,270
1707487200,1.8479999999999999,1.865,1.8479999999999999,1.861,277,260
1707490800,1.861,1.88,1.853,1.88,493,260
1707494400,1.88,1.893,1.87,1.871,468,260
1707498000,1.871,1.877,1.854,1.8639999999999999,345,270
1707501600,1.8639999999999999,1.8679999999999999,1.857,1.865,291,270
1707505200,1.866,1.869,1.847,1.853,310,270
1707508800,1.853,1.858,1.8439999999999999,1.853,293,270
1707512400,1.853,1.87,1.8519999999999999,1.8639999999999999,409,270
1707516000,1.8639999999999999,1.8679999999999999,1.859,1.8599999999999999,150,280
1707519600,1.8599999999999999,1.874,1.8519999999999999,1.8559999999999999,125,290
1707699600,1.81,1.822,1.802,1.814,255,300
1707703200,1.813,1.8159999999999998,1.8090000000000002,1.8159999999999998,92,310
1707706800,1.8159999999999998,1.8199999999999998,1.812,1.815,92,320
1707710400,1.815,1.8159999999999998,1.807,1.81,66,300
1707714000,1.813,1.819,1.807,1.813,83,320
1707717600,1.813,1.823,1.812,1.817,77,320
1707721200,1.814,1.821,1.811,1.812,84,320
1707724800,1.812,1.819,1.812,1.818,94,320
1707728400,1.818,1.826,1.806,1.826,169,290
1707732000,1.826,1.83,1.823,1.83,103,280
1707735600,1.83,1.839,1.829,1.838,114,280
1707739200,1.838,1.854,1.8359999999999999,1.854,138,290
1707742800,1.854,1.855,1.83,1.839,177,270
1707746400,1.839,1.858,1.829,1.846,252,270
1707750000,1.846,1.862,1.8359999999999999,1.8399999999999999,392,270
1707753600,1.8399999999999999,1.861,1.835,1.861,515,270
1707757200,1.861,1.867,1.829,1.8319999999999999,295,270
1707760800,1.8319999999999999,1.837,1.821,1.831,275,270
1707764400,1.831,1.833,1.811,1.815,296,270
1707768000,1.815,1.8159999999999998,1.7930000000000001,1.794,279,280
1707771600,1.794,1.796,1.762,1.764,489,250
1707775200,1.764,1.7650000000000001,1.746,1.759,304,270
1707778800,1.759,1.764,1.745,1.754,131,290
1707786000,1.77,1.771,1.758,1.768,101,320
1707789600,1.767,1.778,1.762,1.7770000000000001,198,320
1707793200,1.7770000000000001,1.78,1.772,1.778,101,320
1707796800,1.778,1.7810000000000001,1.772,1.78,77,320
1707800400,1.78,1.782,1.775,1.775,64,320
1707804000,1.78,1.782,1.774,1.775,90,310
1707807600,1.778,1.7810000000000001,1.7730000000000001,1.778,132,320
1707811200,1.778,1.782,1.767,1.782,129,320
1707814800,1.7810000000000001,1.8,1.778,1.788,127,290
1707818400,1.788,1.7970000000000002,1.782,1.794,159,290
1707822000,1.794,1.798,1.7850000000000001,1.786,133,290
1707825600,1.786,1.7890000000000001,1.782,1.786,114,290
1707829200,1.786,1.787,1.7690000000000001,1.78,169,270
1707832800,1.78,1.791,1.775,1.778,202,260
1707836400,1.779,1.784,1.756,1.756,360,260
1707840000,1.756,1.756,1.685,1.687,724,260
1707843600,1.687,1.718,1.6840000000000002,1.704,475,250
1707847200,1.704,1.708,1.688,1.6949999999999998,484,270
1707850800,1.6949999999999998,1.704,1.685,1.687,351,270
1707854400,1.687,1.712,1.682,1.705,335,280
1707858000,1.706,1.724,1.7,1.701,407,280
1707861600,1.701,1.7029999999999998,1.689,1.702,211,280
1707865200,1.702,1.7069999999999999,1.675,1.681,120,280
1707872400,1.697,1.706,1.688,1.705,109,320
1707876000,1.706,1.712,1.7029999999999998,1.712,130,310
1707879600,1.712,1.717,1.705,1.7149999999999999,109,320
1707883200,1.7149999999999999,1.716,1.708,1.713,71,320
1707886800,1.713,1.714,1.708,1.714,78,320
1707890400,1.7109999999999999,1.717,1.709,1.716,77,320
1707894000,1.7149999999999999,1.717,1.708,1.71,117,320
1707897600,1.708,1.714,1.704,1.709,97,320
1707901200,1.709,1.71,1.7,1.7029999999999998,129,290
1707904800,1.7029999999999998,1.705,1.696,1.702,118,290
1707908400,1.7029999999999998,1.705,1.697,1.702,100,290
1707912000,1.706,1.7109999999999999,1.693,1.7029999999999998,125,280
1707915600,1.702,1.704,1.693,1.702,136,270
1707919200,1.702,1.71,1.683,1.696,295,260
1707922800,1.696,1.709,1.673,1.675,572,240
1707926400,1.674,1.7,1.6600000000000001,1.67,602,210
1707930000,1.67,1.677,1.6480000000000001,1.6600000000000001,463,220
1707933600,1.659,1.659,1.624,1.641,497,230
1707937200,1.641,1.655,1.639,1.643,364,230
1707940800,1.643,1.6560000000000001,1.633,1.647,344,240
1707944400,1.649,1.654,1.635,1.642,472,230
1707948000,1.642,1.6480000000000001,1.6400000000000001,1.6400000000000001,154,250
1707951600,1.6400000000000001,1.65,1.617,1.627,117,240
1707958800,1.649,1.6520000000000001,1.645,1.6520000000000001,90,270
1707962400,1.653,1.6600000000000001,1.651,1.6520000000000001,135,260
1707966000,1.653,1.658,1.651,1.654,97,260
1707969600,1.654,1.659,1.651,1.658,75,270
1707973200,1.657,1.659,1.651,1.6560000000000001,76,260
1707976800,1.654,1.655,1.651,1.655,80,270
1707980400,1.655,1.661,1.654,1.658,86,260
1707984000,1.658,1.661,1.655,1.658,102,270
1707987600,1.658,1.658,1.65,1.6560000000000001,114,250
1707991200,1.655,1.671,1.653,1.67,174,250
1707994800,1.669,1.67,1.665,1.665,67,250
1707998400,1.666,1.669,1.665,1.666,81,250
1708002000,1.666,1.673,1.662,1.663,111,250
1708005600,1.6640000000000001,1.669,1.6560000000000001,1.667,166,240
1708009200,1.667,1.701,1.6640000000000001,1.6989999999999998,317,240
1708012800,1.6989999999999998,1.6989999999999998,1.6520000000000001,1.662,489,230
1708016400,1.663,1.669,1.623,1.646,784,230
1708020000,1.646,1.6480000000000001,1.621,1.621,371,230
1708023600,1.621,1.6400000000000001,1.617,1.627,250,240
1708027200,1.6280000000000001,1.654,1.6280000000000001,1.6400000000000001,317,240
1708030800,1.639,1.643,1.623,1.634,317,240
1708034400,1.634,1.638,1.627,1.635,177,240
1708038000,1.635,1.639,1.617,1.617,99,250
1708045200,1.637,1.637,1.629,1.634,101,270
1708048800,1.635,1.6440000000000001,1.634,1.643,123,260
1708052400,1.643,1.6480000000000001,1.639,1.6480000000000001,132,260
1708056000,1.6480000000000001,1.657,1.647,1.657,97,260
1708059600,1.6560000000000001,1.657,1.649,1.651,82,260
1708063200,1.6520000000000001,1.6520000000000001,1.645,1.647,85,260
1708066800,1.646,1.654,1.642,1.6440000000000001,99,270
1708070400,1.645,1.647,1.639,1.641,112,260
1708074000,1.642,1.645,1.63,1.634,123,250
1708077600,1.633,1.638,1.631,1.634,95,250
1708081200,1.635,1.635,1.629,1.631,80,250
1708084800,1.63,1.637,1.63,1.63,85,250
1708088400,1.63,1.637,1.6219999999999999,1.6360000000000001,157,240
1708092000,1.6360000000000001,1.649,1.629,1.634,206,240
1708095600,1.633,1.651,1.631,1.647,427,230
1708099200,1.647,1.6720000000000002,1.633,1.662,498,230
1708102800,1.662,1.6640000000000001,1.6480000000000001,1.653,393,240
1708106400,1.653,1.688,1.651,1.657,461,220
1708110000,1.6560000000000001,1.667,1.646,1.649,300,230
1708113600,1.6480000000000001,1.662,1.643,1.659,224,250
1708117200,1.6600000000000001,1.673,1.647,1.665,366,240
1708120800,1.6640000000000001,1.6760000000000002,1.658,1.661,206,250
1708124400,1.661,1.6640000000000001,1.63,1.63,103,290
1708304400,1.585,1.6139999999999999,1.58,1.605,219,310
1708308000,1.605,1.619,1.605,1.611,127,310
1708311600,1.611,1.615,1.6019999999999999,1.607,129,310
1708315200,1.6059999999999999,1.612,1.601,1.611,106,310
1708318800,1.611,1.6139999999999999,1.605,1.6139999999999999,59,320
1708322400,1.6139999999999999,1.6139999999999999,1.599,1.605,91,320
1708326000,1.6019999999999999,1.6139999999999999,1.6,1.6139999999999999,90,320
1708329600,1.6139999999999999,1.621,1.612,1.62,132,320
1708333200,1.62,1.626,1.613,1.6179999999999999,144,290
1708336800,1.6179999999999999,1.6219999999999999,1.611,1.6179999999999999,111,280
1708340400,1.6179999999999999,1.619,1.615,1.6179999999999999,74,280
1708344000,1.6179999999999999,1.6179999999999999,1.6139999999999999,1.6139999999999999,8,290
1708390800,1.6179999999999999,1.621,1.611,1.617,94,320
1708394400,1.6179999999999999,1.629,1.6179999999999999,1.624,74,320
1708398000,1.624,1.627,1.62,1.621,68,310
1708401600,1.621,1.6219999999999999,1.617,1.62,54,320
1708405200,1.62,1.623,1.617,1.6219999999999999,57,310
1708408800,1.619,1.624,1.619,1.623,53,320
1708412400,1.62,1.6219999999999999,1.615,1.6179999999999999,87,320
1708416000,1.6179999999999999,1.625,1.6179999999999999,1.623,84,320
1708419600,1.623,1.634,1.6179999999999999,1.6320000000000001,136,290
1708423200,1.6320000000000001,1.634,1.626,1.6280000000000001,100,290
1708426800,1.6280000000000001,1.6360000000000001,1.626,1.6360000000000001,113,290
1708430400,1.634,1.6520000000000001,1.634,1.646,152,290
1708434000,1.646,1.6640000000000001,1.646,1.654,211,270
1708437600,1.654,1.654,1.624,1.627,285,270
1708441200,1.627,1.6440000000000001,1.615,1.629,413,260
1708444800,1.629,1.639,1.616,1.6219999999999999,349,270
1708448400,1.621,1.657,1.621,1.654,310,260
1708452000,1.654,1.6560000000000001,1.629,1.63,260,270
1708455600,1.63,1.642,1.623,1.641,235,270
1708459200,1.641,1.6440000000000001,1.627,1.6360000000000001,253,280
1708462800,1.6360000000000001,1.642,1.6280000000000001,1.642,292,280
1708466400,1.642,1.645,1.635,1.638,175,280
1708470000,1.639,1.751,1.638,1.751,795,280
1708477200,1.767,1.7730000000000001,1.748,1.766,220,260
1708480800,1.766,1.767,1.742,1.755,196,250
1708484400,1.755,1.772,1.755,1.756,147,250
1708488000,1.7570000000000001,1.7690000000000001,1.752,1.7610000000000001,75,270
1708491600,1.7610000000000001,1.772,1.758,1.762,155,420
1708495200,1.762,1.768,1.759,1.7650000000000001,85,420
1708498800,1.7650000000000001,1.768,1.759,1.763,82,420
1708502400,1.763,1.763,1.7469999999999999,1.755,110,420
1708506000,1.755,1.766,1.749,1.7570000000000001,190,370
1708509600,1.7570000000000001,1.759,1.75,1.7530000000000001,133,260
1708513200,1.754,1.76,1.746,1.76,149,290
1708516800,1.762,1.778,1.7570000000000001,1.774,208,290
1708520400,1.774,1.799,1.774,1.7970000000000002,289,270
1708524000,1.7970000000000002,1.83,1.788,1.81,463,260
1708527600,1.81,1.863,1.786,1.849,839,270
1708531200,1.849,1.867,1.8050000000000002,1.813,909,250
1708534800,1.813,1.8359999999999999,1.7930000000000001,1.833,659,260
1708538400,1.833,1.85,1.8279999999999998,1.843,460,230
1708542000,1.843,1.851,1.833,1.845,408,230
1708545600,1.8439999999999999,1.862,1.838,1.846,458,240
1708549200,1.847,1.858,1.838,1.842,457,240
1708552800,1.842,1.8559999999999999,1.839,1.855,228,240
1708556400,1.854,1.862,1.835,1.849,168,250
1708563600,1.863,1.865,1.85,1.8519999999999999,103,270
1708567200,1.8519999999999999,1.853,1.845,1.853,133,250
1708570800,1.851,1.854,1.847,1.849,83,260
1708574400,1.8479999999999999,1.854,1.8479999999999999,1.8519999999999999,58,260
1708578000,1.8519999999999999,1.854,1.8439999999999999,1.845,65,260
1708581600,1.847,1.857,1.8439999999999999,1.854,91,260
1708585200,1.854,1.859,1.851,1.8559999999999999,119,260
1708588800,1.8559999999999999,1.8599999999999999,1.853,1.8599999999999999,85,270
1708592400,1.859,1.862,1.839,1.843,171,250
1708596000,1.843,1.851,1.838,1.847,135,250
1708599600,1.847,1.8479999999999999,1.839,1.8439999999999999,67,250
1708603200,1.8439999999999999,1.8439999999999999,1.8319999999999999,1.834,103,250
1708606800,1.833,1.8399999999999999,1.818,1.827,201,240
1708610400,1.827,1.83,1.811,1.811,215,230
1708614000,1.811,1.814,1.778,1.7930000000000001,494,230
1708617600,1.7930000000000001,1.826,1.779,1.802,491,230
1708621200,1.802,1.807,1.755,1.762,618,220
1708624800,1.7610000000000001,1.783,1.7570000000000001,1.763,426,240
1708628400,1.763,1.786,1.756,1.782,329,240
1708632000,1.782,1.81,1.7690000000000001,1.8090000000000002,330,240
1708635600,1.81,1.845,1.808,1.831,543,240
1708639200,1.8319999999999999,1.839,1.819,1.822,238,250
1708642800,1.822,1.829,1.799,1.807,171,250
1708650000,1.825,1.825,1.8050000000000002,1.815,129,270
1708653600,1.815,1.822,1.815,1.815,103,260
1708657200,1.814,1.814,1.807,1.81,127,260
1708660800,1.81,1.811,1.8050000000000002,1.806,79,260
1708664400,1.8050000000000002,1.8090000000000002,1.795,1.7970000000000002,95,270
1708668000,1.7970000000000002,1.804,1.7970000000000002,1.804,88,270
1708671600,1.804,1.806,1.792,1.794,105,260
1708675200,1.795,1.7970000000000002,1.787,1.7930000000000001,125,260
1708678800,1.794,1.806,1.7810000000000001,1.795,193,250
1708682400,1.795,1.799,1.788,1.79,113,250
1708686000,1.791,1.795,1.787,1.788,65,250
1708689600,1.788,1.7890000000000001,1.762,1.77,248,230
1708693200,1.77,1.784,1.7650000000000001,1.776,168,240
1708696800,1.776,1.782,1.762,1.767,273,230
1708700400,1.767,1.7770000000000001,1.7309999999999999,1.741,517,230
1708704000,1.741,1.76,1.7229999999999999,1.728,596,220
1708707600,1.728,1.749,1.726,1.7349999999999999,476,240
1708711200,1.7349999999999999,1.738,1.706,1.7229999999999999,462,230
1708714800,1.7229999999999999,1.725,1.702,1.71,358,230
1708718400,1.71,1.734,1.709,1.732,296,250
1708722000,1.732,1.736,1.701,1.705,418,240
1708725600,1.705,1.713,1.701,1.712,195,240
1708729200,1.712,1.713,1.6760000000000002,1.677,126,250
1708909200,1.768,1.802,1.76,1.7970000000000002,402,250
1708912800,1.7970000000000002,1.7970000000000002,1.7810000000000001,1.784,206,260
1708916400,1.784,1.7850000000000001,1.779,1.783,105,270
1708920000,1.783,1.788,1.7810000000000001,1.7850000000000001,58,270
1708923600,1.7850000000000001,1.787,1.776,1.779,75,270
1708927200,1.779,1.787,1.779,1.786,87,260
1708930800,1.787,1.787,1.78,1.786,84,250
1708934400,1.7850000000000001,1.802,1.7850000000000001,1.8010000000000002,167,260
1708938000,1.802,1.814,1.7970000000000002,1.807,163,250
1708941600,1.807,1.815,1.804,1.813,130,250
1708945200,1.813,1.813,1.791,1.7930000000000001,137,250
1708948800,1.795,1.803,1.79,1.802,116,250
1708952400,1.8010000000000002,1.808,1.771,1.778,271,240
1708956000,1.778,1.803,1.776,1.7970000000000002,342,240
1708959600,1.798,1.843,1.7930000000000001,1.823,625,240
1708963200,1.823,1.847,1.796,1.8090000000000002,722,230
1708966800,1.8090000000000002,1.821,1.7850000000000001,1.795,579,240
1708970400,1.795,1.81,1.786,1.787,381,230
1708974000,1.787,1.792,1.767,1.77,413,230
1708977600,1.77,1.772,1.733,1.749,553,220
1708981200,1.749,1.7650000000000001,1.737,1.74,554,240
1708984800,1.74,1.771,1.74,1.763,235,250
1708988400,1.764,1.7690000000000001,1.741,1.7570000000000001,126,250
1708995600,1.779,1.78,1.7650000000000001,1.7650000000000001,106,250
1708999200,1.7650000000000001,1.775,1.762,1.7650000000000001,126,260
1709002800,1.763,1.768,1.76,1.76,82,260
1709006400,1.76,1.763,1.758,1.759,71,270
1709010000,1.759,1.762,1.758,1.7610000000000001,63,270
1709013600,1.7610000000000001,1.767,1.759,1.76,70,260
1709017200,1.76,1.7610000000000001,1.755,1.756,91,270
1709020800,1.758,1.7650000000000001,1.758,1.76,113,260
1709024400,1.7610000000000001,1.79,1.759,1.7810000000000001,201,250
1709028000,1.7810000000000001,1.7890000000000001,1.77,1.77,165,250
1709031600,1.77,1.7850000000000001,1.767,1.775,161,240
1709035200,1.775,1.7770000000000001,1.759,1.7690000000000001,130,250
1709038800,1.7690000000000001,1.7690000000000001,1.738,1.7429999999999999,274,240
1709042400,1.7429999999999999,1.782,1.7389999999999999,1.774,373,230
1709046000,1.774,1.846,1.746,1.838,840,240
1709049600,1.838,1.85,1.818,1.8439999999999999,754,240
1709053200,1.8439999999999999,1.863,1.826,1.826,489,240
1709056800,1.826,1.861,1.826,1.854,438,240
1709060400,1.854,1.862,1.8399999999999999,1.851,387,240
1709064000,1.851,1.8559999999999999,1.803,1.803,551,240
1709067600,1.803,1.845,1.7970000000000002,1.8359999999999999,661,240
1709071200,1.837,1.839,1.83,1.834,146,250
1709074800,1.834,1.841,1.813,1.827,126,240
1709082000,1.8479999999999999,1.85,1.8359999999999999,1.8399999999999999,99,270
1709085600,1.8399999999999999,1.841,1.833,1.839,109,260
1709089200,1.839,1.842,1.834,1.842,83,260
1709092800,1.842,1.845,1.841,1.843,62,260
1709096400,1.841,1.846,1.8399999999999999,1.8439999999999999,50,270
1709100000,1.847,1.8479999999999999,1.845,1.846,62,260
1709103600,1.847,1.849,1.839,1.839,85,260
1709107200,1.839,1.8479999999999999,1.833,1.837,118,260
1709110800,1.838,1.8399999999999999,1.819,1.822,223,250
1709114400,1.823,1.83,1.818,1.822,111,250
1709118000,1.822,1.8279999999999998,1.817,1.822,110,240
1709121600,1.822,1.834,1.819,1.833,112,250
1709125200,1.833,1.837,1.818,1.826,181,240
1709128800,1.825,1.8679999999999999,1.823,1.8639999999999999,380,220
1709132400,1.863,1.903,1.863,1.8900000000000001,617,240
1709136000,1.889,1.915,1.8780000000000001,1.899,631,230
1709139600,1.899,1.903,1.889,1.9,389,230
1709143200,1.9,1.903,1.884,1.903,345,240
1709146800,1.903,1.917,1.889,1.9140000000000001,339,240
1709150400,1.9140000000000001,1.925,1.908,1.919,313,240
1709154000,1.919,1.942,1.901,1.932,539,240
1709157600,1.932,1.933,1.9060000000000001,1.909,237,240
1709161200,1.9100000000000001,1.913,1.88,1.892,98,230
1709168400,1.9140000000000001,1.9140000000000001,1.905,1.909,93,270
1709172000,1.909,1.911,1.904,1.907,119,260
1709175600,1.907,1.908,1.903,1.905,74,270
1709179200,1.905,1.908,1.904,1.904,61,260
1709182800,1.905,1.9060000000000001,1.9,1.9020000000000001,59,270
1709186400,1.903,1.904,1.899,1.899,71,260
1709190000,1.9020000000000001,1.9020000000000001,1.893,1.895,77,260
1709193600,1.896,1.9140000000000001,1.896,1.911,156,260
1709197200,1.911,1.917,1.8980000000000001,1.905,148,250
1709200800,1.9060000000000001,1.9100000000000001,1.9,1.909,94,250
1709204400,1.908,1.923,1.908,1.921,84,250
1709208000,1.921,1.9300000000000002,1.911,1.928,133,250
1709211600,1.928,1.938,1.924,1.927,182,240
1709215200,1.927,1.936,1.8940000000000001,1.904,347,230
1709218800,1.904,1.917,1.879,1.901,597,230
1709222400,1.901,1.921,1.887,1.912,552,230
1709226000,1.912,1.956,1.897,1.912,865,230
1709229600,1.912,1.919,1.9,1.9180000000000001,440,240
1709233200,1.9180000000000001,1.929,1.909,1.9220000000000002,274,240
1709236800,1.921,1.9300000000000002,1.912,1.921,214,240
1709240400,1.923,1.924,1.8820000000000001,1.893,409,230
1709244000,1.892,1.901,1.883,1.887,142,240
1709247600,1.887,1.8900000000000001,1.861,1.869,120,240
1709254800,1.8940000000000001,1.897,1.891,1.893,63,270
1709258400,1.8940000000000001,1.896,1.888,1.892,88,260
1709262000,1.8940000000000001,1.8940000000000001,1.8860000000000001,1.888,94,260
1709265600,1.889,1.891,1.8860000000000001,1.8860000000000001,58,270
1709269200,1.888,1.897,1.8860000000000001,1.8940000000000001,75,260
1709272800,1.896,1.897,1.891,1.892,56,260
1709276400,1.8940000000000001,1.908,1.892,1.907,101,260
1709280000,1.907,1.912,1.905,1.912,99,270
1709283600,1.912,1.913,1.904,1.911,107,250
1709287200,1.911,1.9180000000000001,1.908,1.9100000000000001,94,250
1709290800,1.911,1.9180000000000001,1.909,1.911,98,240
1709294400,1.912,1.913,1.896,1.907,126,240
1709298000,1.907,1.928,1.8980000000000001,1.915,249,240
1709301600,1.915,1.917,1.893,1.909,335,220
1709305200,1.909,1.912,1.8780000000000001,1.884,503,230
1709308800,1.884,1.893,1.855,1.8900000000000001,711,240
1709312400,1.8900000000000001,1.9,1.877,1.877,447,240
1709316000,1.876,1.881,1.869,1.87,296,240
1709319600,1.87,1.881,1.867,1.877,202,240
1709323200,1.877,1.897,1.87,1.891,251,240
1709326800,1.891,1.8940000000000001,1.875,1.88,283,240
1709330400,1.881,1.885,1.877,1.879,137,250
1709334000,1.879,1.88,1.8559999999999999,1.861,114,250
1709514000,1.935,1.9609999999999999,1.932,1.9489999999999998,274,250
1709517600,1.9489999999999998,1.951,1.94,1.9489999999999998,152,250
1709521200,1.9489999999999998,1.9489999999999998,1.9409999999999998,1.944,62,270
1709524800,1.944,1.9449999999999998,1.9409999999999998,1.9449999999999998,55,270
1709528400,1.9449999999999998,1.947,1.94,1.943,80,270
1709532000,1.943,1.943,1.939,1.9409999999999998,60,270
1709535600,1.94,1.947,1.939,1.944,82,270
1709539200,1.944,1.944,1.933,1.944,118,260
1709542800,1.944,1.947,1.933,1.936,97,260
1709546400,1.938,1.943,1.935,1.936,90,250
1709550000,1.937,1.938,1.9300000000000002,1.933,62,250
1709553600,1.9340000000000002,1.9889999999999999,1.932,1.9889999999999999,276,250
1709557200,1.988,2.008,1.982,1.984,349,240
1709560800,1.984,2.014,1.9809999999999999,2.012,494,220
1709564400,2.012,2.029,2.0,2.018,739,220
1709568000,2.018,2.021,1.984,2.0,767,230
1709571600,2.0,2.033,1.999,2.031,527,240
1709575200,2.031,2.04,2.018,2.026,438,240
1709578800,2.026,2.032,2.005,2.006,322,230
1709582400,2.006,2.009,1.979,1.984,329,240
1709586000,1.984,1.987,1.959,1.9809999999999999,458,240
1709589600,1.9809999999999999,1.991,1.98,1.988,177,240
1709593200,1.988,1.992,1.963,1.964,94,250
1709600400,1.9849999999999999,1.9969999999999999,1.9849999999999999,1.988,90,270
1709604000,1.988,1.988,1.976,1.987,153,250
1709607600,1.987,1.99,1.978,1.9809999999999999,83,250
1709611200,1.9809999999999999,1.9809999999999999,1.975,1.978,64,260
1709614800,1.976,1.9809999999999999,1.974,1.979,89,260
1709618400,1.9769999999999999,1.979,1.968,1.972,91,260
1709622000,1.972,1.9729999999999999,1.968,1.9689999999999999,89,270
1709625600,1.9689999999999999,1.9849999999999999,1.9689999999999999,1.974,168,260
1709629200,1.974,1.9889999999999999,1.972,1.986,142,250
1709632800,1.986,2.003,1.986,1.9969999999999999,166,250
1709636400,1.9969999999999999,2.004,1.9889999999999999,2.0,152,240
1709640000,2.0,2.003,1.991,1.991,106,250
1709643600,1.992,1.992,1.971,1.978,205,240
1709647200,1.978,1.978,1.956,1.966,302,240
1709650800,1.966,1.974,1.954,1.974,365,230
1709654400,1.974,2.008,1.956,1.9689999999999999,629,220
1709658000,1.9689999999999999,1.982,1.9609999999999999,1.976,405,240
1709661600,1.9769999999999999,1.987,1.968,1.98,284,240
1709665200,1.98,1.983,1.9729999999999999,1.975,201,240
1709668800,1.975,2.065,1.974,1.998,891,240
1709672400,1.998,2.019,1.9929999999999999,2.014,456,280
1709676000,2.014,2.018,2.004,2.013,158,280
1709679600,2.014,2.014,1.976,1.987,111,280
1709686800,2.009,2.012,1.9969999999999999,2.009,72,320
1709690400,2.009,2.009,1.996,2.003,125,300
1709694000,2.0,2.003,1.994,1.994,87,320
1709697600,1.999,2.002,1.9929999999999999,2.001,53,320
1709701200,1.999,2.004,1.995,1.996,91,310
1709704800,2.0,2.001,1.994,1.995,54,320
1709708400,1.995,2.005,1.995,2.0,93,320
1709712000,2.0,2.005,1.9969999999999999,2.005,97,320
1709715600,2.005,2.006,1.9929999999999999,1.995,103,290
1709719200,1.995,2.004,1.992,2.003,125,280
1709722800,2.003,2.007,1.998,2.003,109,290
1709726400,2.003,2.006,1.986,1.988,132,270
1709730000,1.988,2.005,1.9849999999999999,2.005,127,270
1709733600,2.005,2.018,1.991,2.003,290,270
1709737200,2.003,2.042,1.998,2.025,480,230
1709740800,2.025,2.032,2.006,2.017,501,240
1709744400,2.016,2.028,2.014,2.024,340,240
1709748000,2.023,2.027,1.9969999999999999,2.005,375,230
1709751600,2.005,2.01,1.987,2.01,270,230
1709755200,2.01,2.011,1.988,1.996,222,240
1709758800,1.9969999999999999,2.0,1.988,1.996,296,240
1709762400,1.996,1.999,1.9889999999999999,1.994,126,240
1709766000,1.9929999999999999,1.995,1.971,1.972,90,250
1709773200,2.0,2.002,1.996,1.9969999999999999,96,270
1709776800,1.996,1.998,1.9929999999999999,1.9969999999999999,83,250
1709780400,1.9969999999999999,1.999,1.994,1.995,70,270
1709784000,1.996,1.9969999999999999,1.987,1.996,96,260
1709787600,1.996,1.998,1.994,1.996,41,270
1709791200,1.995,1.998,1.994,1.9969999999999999,55,260
1709794800,1.9969999999999999,2.01,1.996,2.004,109,260
1709798400,2.005,2.007,1.998,2.0,111,260
1709802000,2.0,2.018,1.994,2.017,199,250
1709805600,2.018,2.019,2.013,2.016,98,250
1709809200,2.015,2.017,2.01,2.011,88,250
1709812800,2.013,2.021,2.008,2.019,124,250
1709816400,2.019,2.019,2.003,2.004,131,240
1709820000,2.004,2.018,2.0,2.009,179,240
1709823600,2.009,2.015,1.9809999999999999,1.987,376,230
1709827200,1.987,1.987,1.958,1.966,501,240
1709830800,1.966,1.996,1.9409999999999998,1.946,670,240
1709834400,1.946,1.947,1.929,1.944,354,270
1709838000,1.944,1.948,1.917,1.917,308,250
1709841600,1.917,1.923,1.913,1.92,220,280
1709845200,1.92,1.92,1.873,1.875,496,270
1709848800,1.875,1.879,1.859,1.862,273,280
1709852400,1.862,1.8679999999999999,1.849,1.853,156,290
1709859600,1.8780000000000001,1.883,1.8639999999999999,1.866,147,320
1709863200,1.866,1.88,1.866,1.875,127,310
1709866800,1.875,1.876,1.869,1.8719999999999999,72,320
1709870400,1.8719999999999999,1.8719999999999999,1.866,1.866,54,320
1709874000,1.866,1.873,1.866,1.871,73,300
1709877600,1.871,1.875,1.865,1.873,68,320
1709881200,1.87,1.8820000000000001,1.867,1.879,88,320
1709884800,1.879,1.88,1.866,1.8780000000000001,122,310
1709888400,1.8780000000000001,1.8780000000000001,1.869,1.875,120,290
1709892000,1.875,1.881,1.873,1.875,120,290
1709895600,1.875,1.877,1.8679999999999999,1.873,152,290
1709899200,1.873,1.8780000000000001,1.862,1.873,128,280
1709902800,1.873,1.875,1.834,1.841,227,270
1709906400,1.843,1.867,1.834,1.859,314,260
1709910000,1.8599999999999999,1.869,1.843,1.8559999999999999,463,260
1709913600,1.8559999999999999,1.883,1.8559999999999999,1.871,484,270
1709917200,1.871,1.881,1.863,1.8639999999999999,352,270
1709920800,1.8639999999999999,1.8820000000000001,1.859,1.88,404,250
1709924400,1.881,1.883,1.873,1.879,212,270
1709928000,1.8780000000000001,1.896,1.8719999999999999,1.8719999999999999,333,280
1709931600,1.8719999999999999,1.889,1.865,1.871,342,280
1709935200,1.8719999999999999,1.8719999999999999,1.861,1.865,155,280
1709938800,1.865,1.874,1.846,1.858,114,290
1710118800,1.8820000000000001,1.904,1.8820000000000001,1.896,166,310
1710122400,1.896,1.907,1.896,1.903,101,320
1710126000,1.903,1.905,1.896,1.9020000000000001,79,320
1710129600,1.9020000000000001,1.908,1.8980000000000001,1.904,72,320
1710133200,1.9020000000000001,1.9060000000000001,1.8980000000000001,1.904,61,320
1710136800,1.904,1.905,1.8980000000000001,1.8980000000000001,54,320
1710140400,1.903,1.903,1.895,1.901,48,320
1710144000,1.899,1.901,1.892,1.8980000000000001,82,320
1710147600,1.897,1.897,1.874,1.8820000000000001,166,310
1710151200,1.8820000000000001,1.892,1.88,1.887,155,290
1710154800,1.887,1.893,1.88,1.88,113,290
1710158400,1.88,1.884,1.876,1.881,115,290
1710162000,1.881,1.8820000000000001,1.857,1.861,171,280
1710165600,1.861,1.863,1.845,1.853,181,270
1710169200,1.853,1.867,1.823,1.825,371,250
1710172800,1.825,1.85,1.823,1.838,586,260
1710176400,1.838,1.8399999999999999,1.814,1.8279999999999998,381,270
1710180000,1.8279999999999998,1.8359999999999999,1.821,1.834,336,240
1710183600,1.834,1.841,1.822,1.826,297,240
1710187200,1.827,1.833,1.8159999999999998,1.83,243,250
1710190800,1.831,1.833,1.815,1.8239999999999998,294,250
1710194400,1.8239999999999998,1.825,1.813,1.813,138,250
1710198000,1.813,1.814,1.784,1.795,108,250
1710205200,1.817,1.818,1.807,1.812,87,290
1710208800,1.812,1.814,1.8090000000000002,1.813,71,270
1710212400,1.813,1.814,1.807,1.8090000000000002,106,260
1710216000,1.808,1.814,1.808,1.812,82,270
1710219600,1.813,1.817,1.811,1.813,68,270
1710223200,1.813,1.8159999999999998,1.812,1.814,62,270
1710226800,1.815,1.818,1.815,1.815,42,260
1710230400,1.817,1.83,1.8159999999999998,1.823,92,270
1710234000,1.823,1.83,1.822,1.826,111,270
1710237600,1.826,1.835,1.819,1.834,117,250
1710241200,1.834,1.8359999999999999,1.827,1.831,94,250
1710244800,1.83,1.842,1.8239999999999998,1.838,100,250
1710248400,1.839,1.863,1.837,1.859,226,250
1710252000,1.859,1.8820000000000001,1.849,1.8780000000000001,354,240
1710255600,1.8780000000000001,1.881,1.8479999999999999,1.866,483,230
1710259200,1.866,1.883,1.838,1.8439999999999999,557,240
1710262800,1.8439999999999999,1.845,1.787,1.796,516,230
1710266400,1.796,1.799,1.778,1.784,339,240
1710270000,1.784,1.79,1.772,1.782,326,260
1710273600,1.782,1.787,1.759,1.7650000000000001,315,280
1710277200,1.7650000000000001,1.7850000000000001,1.7610000000000001,1.778,371,260
1710280800,1.778,1.784,1.7730000000000001,1.776,141,280
1710284400,1.776,1.779,1.759,1.7610000000000001,95,290
1710291600,1.782,1.782,1.768,1.778,60,320
1710295200,1.774,1.782,1.771,1.782,79,320
1710298800,1.782,1.792,1.78,1.788,110,320
1710302400,1.788,1.79,1.783,1.783,83,320
1710306000,1.788,1.7890000000000001,1.783,1.7850000000000001,34,320
1710309600,1.783,1.788,1.779,1.782,86,320
1710313200,1.78,1.788,1.778,1.786,90,320
1710316800,1.783,1.787,1.778,1.787,98,320
1710320400,1.784,1.787,1.775,1.776,99,320
1710324000,1.776,1.7770000000000001,1.762,1.7690000000000001,146,290
1710327600,1.7690000000000001,1.776,1.764,1.774,114,290
1710331200,1.774,1.787,1.7690000000000001,1.772,185,280
1710334800,1.77,1.772,1.7570000000000001,1.759,157,280
1710338400,1.76,1.7610000000000001,1.74,1.756,248,270
1710342000,1.756,1.776,1.736,1.737,431,260
1710345600,1.7349999999999999,1.7690000000000001,1.7309999999999999,1.76,564,240
1710349200,1.76,1.766,1.745,1.745,405,240
1710352800,1.744,1.767,1.744,1.766,235,240
1710356400,1.7650000000000001,1.776,1.7570000000000001,1.76,319,240
1710360000,1.759,1.766,1.754,1.758,264,240
1710363600,1.758,1.762,1.74,1.746,324,240
1710367200,1.7469999999999999,1.7530000000000001,1.746,1.749,124,250
1710370800,1.75,1.752,1.73,1.7349999999999999,101,250
1710378000,1.758,1.759,1.752,1.7570000000000001,61,280
1710381600,1.7570000000000001,1.758,1.7469999999999999,1.75,94,270
1710385200,1.751,1.759,1.751,1.756,82,260
1710388800,1.756,1.759,1.755,1.7570000000000001,70,260
1710392400,1.7570000000000001,1.7570000000000001,1.754,1.7570000000000001,56,270
1710396000,1.7570000000000001,1.76,1.755,1.759,56,260
1710399600,1.7570000000000001,1.7610000000000001,1.756,1.76,87,260
1710403200,1.76,1.771,1.759,1.759,116,260
1710406800,1.76,1.766,1.754,1.7650000000000001,123,260
1710410400,1.7650000000000001,1.7650000000000001,1.754,1.759,107,250
1710414000,1.758,1.76,1.752,1.7570000000000001,79,250
1710417600,1.758,1.7610000000000001,1.754,1.7570000000000001,81,250
1710421200,1.7570000000000001,1.7610000000000001,1.75,1.7530000000000001,118,240
1710424800,1.754,1.772,1.741,1.745,304,240
1710428400,1.745,1.7650000000000001,1.732,1.748,382,230
1710432000,1.748,1.78,1.734,1.77,665,240
1710435600,1.772,1.795,1.768,1.7810000000000001,506,240
1710439200,1.7810000000000001,1.812,1.779,1.808,442,240
1710442800,1.8090000000000002,1.819,1.8050000000000002,1.8090000000000002,396,240
1710446400,1.8090000000000002,1.819,1.7930000000000001,1.81,310,240
1710450000,1.811,1.846,1.8090000000000002,1.843,513,240
1710453600,1.8439999999999999,1.8519999999999999,1.825,1.8279999999999998,248,240
1710457200,1.829,1.837,1.817,1.825,128,250
1710464400,1.8479999999999999,1.8479999999999999,1.8399999999999999,1.845,85,270
1710468000,1.8439999999999999,1.847,1.839,1.845,99,260
1710471600,1.845,1.846,1.834,1.8439999999999999,152,260
1710475200,1.8439999999999999,1.8479999999999999,1.842,1.847,83,260
1710478800,1.845,1.849,1.845,1.847,59,270
1710482400,1.846,1.8479999999999999,1.839,1.8439999999999999,64,270
1710486000,1.842,1.843,1.8359999999999999,1.839,74,260
1710489600,1.839,1.8439999999999999,1.838,1.842,74,260
1710493200,1.842,1.85,1.8399999999999999,1.85,94,260
1710496800,1.85,1.8519999999999999,1.839,1.842,119,250
1710500400,1.841,1.849,1.8399999999999999,1.847,110,250
1710504000,1.847,1.853,1.8439999999999999,1.847,120,250
1710507600,1.846,1.8519999999999999,1.838,1.845,176,240
1710511200,1.845,1.8679999999999999,1.837,1.8439999999999999,249,240
1710514800,1.8439999999999999,1.85,1.822,1.8239999999999998,481,230
1710518400,1.8239999999999998,1.826,1.779,1.7850000000000001,708,230
1710522000,1.7850000000000001,1.7930000000000001,1.77,1.7850000000000001,457,240
1710525600,1.7850000000000001,1.81,1.782,1.81,332,240
1710529200,1.81,1.815,1.7690000000000001,1.77,412,230
1710532800,1.771,1.774,1.755,1.771,465,240
1710536400,1.772,1.776,1.755,1.7730000000000001,446,240
1710540000,1.772,1.7890000000000001,1.7690000000000001,1.787,182,250
1710543600,1.787,1.7890000000000001,1.7530000000000001,1.7570000000000001,162,250
1710723600,1.812,1.813,1.7970000000000002,1.812,148,260
1710727200,1.812,1.825,1.811,1.825,105,270
1710730800,1.8239999999999998,1.863,1.8239999999999998,1.846,286,260
1710734400,1.845,1.8559999999999999,1.845,1.847,124,260
1710738000,1.849,1.857,1.846,1.853,118,260
1710741600,1.853,1.853,1.843,1.846,111,260
1710745200,1.846,1.8479999999999999,1.8399999999999999,1.841,102,270
1710748800,1.843,1.858,1.842,1.851,113,260
1710752400,1.851,1.851,1.831,1.842,207,260
1710756000,1.845,1.855,1.837,1.853,188,250
1710759600,1.853,1.861,1.845,1.849,177,250
1710763200,1.851,1.8599999999999999,1.846,1.857,160,250
1710766800,1.857,1.861,1.847,1.853,193,250
1710770400,1.853,1.865,1.835,1.849,305,240
1710774000,1.849,1.858,1.821,1.8319999999999999,650,220
1710777600,1.8319999999999999,1.8519999999999999,1.812,1.8159999999999998,676,230
1710781200,1.8159999999999998,1.822,1.784,1.7890000000000001,497,240
1710784800,1.7890000000000001,1.812,1.7850000000000001,1.807,334,230
1710788400,1.807,1.812,1.8,1.803,263,230
1710792000,1.803,1.8159999999999998,1.8010000000000002,1.8159999999999998,239,240
1710795600,1.8159999999999998,1.838,1.806,1.8199999999999998,431,240
1710799200,1.819,1.821,1.81,1.818,129,240
1710802800,1.817,1.8279999999999998,1.798,1.808,130,250
1710810000,1.831,1.834,1.822,1.823,74,280
1710813600,1.8239999999999998,1.833,1.8239999999999998,1.825,66,270
1710817200,1.826,1.834,1.8239999999999998,1.833,87,270
1710820800,1.833,1.834,1.8279999999999998,1.8279999999999998,56,270
1710824400,1.83,1.833,1.8279999999999998,1.833,67,270
1710828000,1.833,1.835,1.83,1.831,64,260
1710831600,1.831,1.835,1.8279999999999998,1.8319999999999999,63,270
1710835200,1.834,1.834,1.8239999999999998,1.827,66,270
1710838800,1.827,1.846,1.826,1.841,140,260
1710842400,1.843,1.85,1.8399999999999999,1.849,122,260
1710846000,1.849,1.851,1.843,1.8439999999999999,92,250
1710849600,1.8439999999999999,1.85,1.8359999999999999,1.837,115,250
1710853200,1.837,1.841,1.819,1.8359999999999999,202,240
1710856800,1.8359999999999999,1.854,1.8359999999999999,1.8359999999999999,308,240
1710860400,1.8359999999999999,1.87,1.834,1.846,588,230
1710864000,1.846,1.869,1.841,1.861,527,230
1710867600,1.861,1.876,1.859,1.869,377,240
1710871200,1.8679999999999999,1.877,1.854,1.854,327,230
1710874800,1.854,1.855,1.8359999999999999,1.841,354,220
1710878400,1.8399999999999999,1.855,1.829,1.8479999999999999,299,240
1710882000,1.849,1.867,1.841,1.861,329,240
1710885600,1.8599999999999999,1.866,1.858,1.861,146,250
1710889200,1.861,1.875,1.842,1.85,166,250
1710896400,1.879,1.8940000000000001,1.8780000000000001,1.881,148,280
1710900000,1.883,1.884,1.8780000000000001,1.883,75,270
1710903600,1.883,1.888,1.8820000000000001,1.888,111,260
1710907200,1.888,1.889,1.881,1.8820000000000001,67,270
1710910800,1.883,1.883,1.8780000000000001,1.8820000000000001,76,250
1710914400,1.883,1.887,1.881,1.8820000000000001,78,270
1710918000,1.8820000000000001,1.883,1.877,1.88,110,260
1710921600,1.88,1.884,1.8780000000000001,1.883,105,250
1710925200,1.883,1.887,1.876,1.8780000000000001,123,260
1710928800,1.8780000000000001,1.8780000000000001,1.87,1.873,132,250
1710932400,1.873,1.877,1.862,1.87,173,250
1710936000,1.87,1.871,1.8599999999999999,1.863,128,250
1710939600,1.863,1.8639999999999999,1.855,1.863,189,240
1710943200,1.863,1.8780000000000001,1.851,1.874,218,240
1710946800,1.874,1.8860000000000001,1.867,1.871,443,210
1710950400,1.8719999999999999,1.8719999999999999,1.8239999999999998,1.842,638,230
1710954000,1.841,1.857,1.834,1.8399999999999999,420,230
1710957600,1.839,1.854,1.837,1.8519999999999999,244,240
1710961200,1.853,1.853,1.8359999999999999,1.837,199,240
1710964800,1.837,1.85,1.837,1.839,192,250
1710968400,1.839,1.846,1.833,1.835,260,250
1710972000,1.835,1.838,1.829,1.835,132,240
1710975600,1.835,1.838,1.807,1.81,99,280
1710982800,1.846,1.846,1.834,1.839,74,320
1710986400,1.835,1.846,1.835,1.846,70,330
1710990000,1.847,1.855,1.847,1.851,99,320
1710993600,1.851,1.853,1.8479999999999999,1.853,43,320
1710997200,1.85,1.855,1.849,1.8519999999999999,57,320
1711000800,1.8519999999999999,1.853,1.849,1.849,52,320
1711004400,1.8519999999999999,1.853,1.849,1.8519999999999999,53,320
1711008000,1.849,1.858,1.849,1.858,55,320
1711011600,1.857,1.857,1.8479999999999999,1.851,86,310
1711015200,1.851,1.853,1.845,1.8479999999999999,82,280
1711018800,1.8479999999999999,1.849,1.839,1.842,98,290
1711022400,1.842,1.842,1.834,1.839,115,290
1711026000,1.838,1.8439999999999999,1.837,1.8439999999999999,99,290
1711029600,1.8439999999999999,1.8439999999999999,1.822,1.83,210,270
1711033200,1.83,1.842,1.8239999999999998,1.831,262,270
1711036800,1.831,1.8399999999999999,1.8159999999999998,1.8199999999999998,364,270
1711040400,1.819,1.847,1.806,1.814,560,270
1711044000,1.814,1.825,1.8050000000000002,1.811,330,260
1711047600,1.811,1.846,1.81,1.8439999999999999,270,270
1711051200,1.8439999999999999,1.847,1.8279999999999998,1.834,285,280
1711054800,1.834,1.846,1.829,1.83,336,270
1711058400,1.83,1.8399999999999999,1.829,1.839,117,280
1711062000,1.839,1.845,1.822,1.831,106,290
1711069200,1.853,1.857,1.8479999999999999,1.8519999999999999,67,360
1711072800,1.857,1.8599999999999999,1.8519999999999999,1.858,76,320
1711076400,1.858,1.863,1.858,1.861,66,320
1711080000,1.861,1.873,1.857,1.87,64,320
1711083600,1.87,1.8719999999999999,1.867,1.869,94,320
1711087200,1.869,1.87,1.8599999999999999,1.861,76,320
1711090800,1.861,1.863,1.857,1.857,65,320
1711094400,1.857,1.858,1.85,1.853,80,310
1711098000,1.8519999999999999,1.854,1.843,1.845,110,310
1711101600,1.845,1.853,1.8399999999999999,1.853,116,290
1711105200,1.854,1.857,1.847,1.8479999999999999,100,280
1711108800,1.8479999999999999,1.85,1.843,1.847,82,280
1711112400,1.8479999999999999,1.85,1.8399999999999999,1.849,118,280
1711116000,1.8519999999999999,1.862,1.835,1.839,195,270
1711119600,1.839,1.85,1.825,1.8279999999999998,330,260
1711123200,1.8279999999999998,1.833,1.8090000000000002,1.819,339,270
1711126800,1.819,1.837,1.818,1.8279999999999998,296,270
1711130400,1.8279999999999998,1.834,1.819,1.829,231,270
1711134000,1.829,1.8319999999999999,1.821,1.8239999999999998,188,270
1711137600,1.8239999999999998,1.838,1.8239999999999998,1.834,179,280
1711141200,1.834,1.834,1.8199999999999998,1.822,221,280
1711144800,1.821,1.826,1.818,1.8239999999999998,139,280
1711148400,1.8239999999999998,1.827,1.799,1.799,88,290
1711328400,1.8399999999999999,1.846,1.831,1.835,141,310
1711332000,1.835,1.838,1.8279999999999998,1.83,80,310
1711335600,1.83,1.8319999999999999,1.826,1.83,60,320
1711339200,1.83,1.838,1.8239999999999998,1.838,72,320
1711342800,1.837,1.837,1.8319999999999999,1.8359999999999999,52,320
1711346400,1.8359999999999999,1.838,1.834,1.837,59,320
1711350000,1.837,1.839,1.834,1.838,63,320
1711353600,1.838,1.842,1.8359999999999999,1.837,82,320
1711357200,1.838,1.842,1.8319999999999999,1.838,94,320
1711360800,1.838,1.841,1.825,1.827,100,290
1711364400,1.827,1.837,1.825,1.827,121,290
1711368000,1.8279999999999998,1.8279999999999998,1.819,1.8199999999999998,120,290
1711371600,1.8199999999999998,1.822,1.8010000000000002,1.8010000000000002,186,280
1711375200,1.8010000000000002,1.8050000000000002,1.784,1.7930000000000001,254,270
1711378800,1.794,1.812,1.79,1.802,294,270
1711382400,1.802,1.827,1.795,1.819,421,270
1711386000,1.819,1.83,1.811,1.825,312,260
1711389600,1.825,1.8439999999999999,1.825,1.833,279,270
1711393200,1.8319999999999999,1.838,1.8279999999999998,1.834,230,270
1711396800,1.834,1.835,1.8159999999999998,1.818,254,270
1711400400,1.818,1.825,1.81,1.821,369,280
1711404000,1.821,1.827,1.819,1.826,156,280
1711407600,1.826,1.8319999999999999,1.803,1.81,128,280
1711414800,1.834,1.834,1.826,1.8319999999999999,78,320
1711418400,1.8319999999999999,1.8359999999999999,1.829,1.8359999999999999,37,320
1711422000,1.8359999999999999,1.8399999999999999,1.83,1.833,72,320
1711425600,1.834,1.835,1.829,1.833,57,310
1711429200,1.833,1.837,1.8319999999999999,1.834,49,320
1711432800,1.837,1.837,1.831,1.835,50,320
1711436400,1.835,1.837,1.833,1.8359999999999999,45,320
1711440000,1.8359999999999999,1.8439999999999999,1.835,1.838,58,320
1711443600,1.838,1.8399999999999999,1.8319999999999999,1.839,115,320
1711447200,1.8399999999999999,1.8559999999999999,1.8359999999999999,1.8519999999999999,169,290
1711450800,1.853,1.867,1.8519999999999999,1.865,162,250
1711454400,1.866,1.866,1.859,1.865,147,250
1711458000,1.865,1.866,1.8559999999999999,1.863,138,230
1711461600,1.862,1.862,1.845,1.847,195,240
1711465200,1.847,1.847,1.823,1.837,413,240
1711468800,1.837,1.8519999999999999,1.83,1.842,432,230
1711472400,1.842,1.842,1.823,1.829,268,240
1711476000,1.829,1.843,1.823,1.843,269,240
1711479600,1.843,1.843,1.827,1.835,279,240
1711483200,1.835,1.846,1.827,1.831,302,240
1711486800,1.83,1.8319999999999999,1.815,1.825,460,240
1711490400,1.826,1.829,1.821,1.8279999999999998,153,250
1711494000,1.8279999999999998,1.829,1.8050000000000002,1.807,75,250
1711501200,1.833,1.833,1.827,1.829,48,280
1711504800,1.831,1.8319999999999999,1.827,1.83,43,270
1711508400,1.8319999999999999,1.834,1.8159999999999998,1.8239999999999998,102,240
1711512000,1.825,1.825,1.818,1.8199999999999998,71,260
1711515600,1.8199999999999998,1.8199999999999998,1.812,1.8159999999999998,94,260
1711519200,1.8159999999999998,1.823,1.8159999999999998,1.823,54,260
1711522800,1.822,1.826,1.822,1.8239999999999998,61,260
1711526400,1.8239999999999998,1.8279999999999998,1.8199999999999998,1.8279999999999998,94,270
1711530000,1.829,1.833,1.827,1.829,101,250
1711533600,1.83,1.83,1.819,1.823,106,250
1711537200,1.8239999999999998,1.83,1.822,1.827,81,250
1711540800,1.827,1.833,1.821,1.823,95,240
1711544400,1.823,1.826,1.818,1.819,103,250
1711548000,1.8199999999999998,1.8199999999999998,1.8010000000000002,1.812,198,240
1711551600,1.812,1.815,1.7970000000000002,1.798,340,220
1711555200,1.798,1.798,1.768,1.776,456,240
1711558800,1.776,1.776,1.7570000000000001,1.763,372,240
1711562400,1.763,1.782,1.759,1.782,244,240
1711566000,1.782,1.787,1.766,1.77,245,240
1711569600,1.771,1.774,1.766,1.768,156,250
1711573200,1.768,1.7730000000000001,1.762,1.772,277,240
1711576800,1.771,1.7730000000000001,1.7650000000000001,1.767,97,240
1711580400,1.767,1.768,1.7389999999999999,1.75,88,250
1711587600,1.779,1.78,1.775,1.78,45,270
1711591200,1.78,1.7810000000000001,1.776,1.7810000000000001,35,270
1711594800,1.7810000000000001,1.784,1.779,1.78,109,270
1711598400,1.78,1.7810000000000001,1.7770000000000001,1.779,45,270
1711602000,1.779,1.783,1.778,1.783,44,260
1711605600,1.783,1.783,1.78,1.78,53,270
1711609200,1.779,1.7810000000000001,1.775,1.779,79,260
1711612800,1.779,1.783,1.778,1.78,76,260
1711616400,1.7810000000000001,1.782,1.778,1.778,72,260
1711620000,1.778,1.778,1.763,1.7690000000000001,126,250
1711623600,1.768,1.772,1.764,1.766,80,250
1711627200,1.766,1.766,1.756,1.758,75,250
1711630800,1.7570000000000001,1.763,1.751,1.7610000000000001,103,250
1711634400,1.7610000000000001,1.7730000000000001,1.7530000000000001,1.7690000000000001,165,240
1711638000,1.7690000000000001,1.8050000000000002,1.7650000000000001,1.8,341,240
1711641600,1.8,1.817,1.795,1.8,456,230
1711645200,1.8,1.8279999999999998,1.786,1.796,602,230
1711648800,1.796,1.8050000000000002,1.79,1.792,312,240
1711652400,1.792,1.8050000000000002,1.7890000000000001,1.8050000000000002,206,240
1711656000,1.806,1.822,1.8,1.8159999999999998,307,250
1711659600,1.817,1.846,1.811,1.811,472,240
1711663200,1.811,1.812,1.806,1.806,152,250
1711666800,1.806,1.8199999999999998,1.799,1.799,169,250
1711933200,1.8279999999999998,1.833,1.7930000000000001,1.794,175,240
1711936800,1.794,1.804,1.791,1.803,121,260
1711940400,1.803,1.8090000000000002,1.802,1.808,89,270
1711944000,1.808,1.8090000000000002,1.802,1.808,65,270
1711947600,1.808,1.813,1.807,1.812,53,260
1711951200,1.811,1.813,1.807,1.807,50,270
1711954800,1.807,1.811,1.806,1.811,51,270
1711958400,1.81,1.813,1.804,1.806,85,260
1711962000,1.807,1.8159999999999998,1.803,1.803,116,250
1711965600,1.803,1.803,1.7970000000000002,1.799,100,250
1711969200,1.8,1.8010000000000002,1.79,1.794,83,250
1711972800,1.794,1.798,1.7850000000000001,1.795,116,250
1711976400,1.795,1.819,1.795,1.815,156,240
1711980000,1.815,1.837,1.815,1.8279999999999998,264,240
1711983600,1.8279999999999998,1.892,1.8279999999999998,1.887,502,320
1711987200,1.888,1.919,1.8780000000000001,1.891,781,300
1711990800,1.891,1.893,1.8719999999999999,1.8900000000000001,331,330
1711994400,1.8900000000000001,1.909,1.8900000000000001,1.905,265,330
1711998000,1.905,1.921,1.904,1.912,230,330
1712001600,1.912,1.915,1.896,1.899,250,350
1712005200,1.899,1.917,1.8940000000000001,1.9060000000000001,305,350
1712008800,1.9060000000000001,1.912,1.904,1.912,126,350
1712012400,1.911,1.913,1.888,1.8980000000000001,64,360
1712019600,1.909,1.912,1.8980000000000001,1.907,82,500
1712023200,1.907,1.9100000000000001,1.9,1.908,54,420
1712026800,1.909,1.909,1.895,1.908,137,410
1712030400,1.907,1.913,1.904,1.908,73,420
1712034000,1.908,1.909,1.896,1.904,55,420
1712037600,1.8980000000000001,1.904,1.892,1.8980000000000001,76,420
1712041200,1.8980000000000001,1.905,1.892,1.904,71,420
1712044800,1.904,1.912,1.9,1.9060000000000001,95,420
1712048400,1.9060000000000001,1.927,1.904,1.927,138,370
1712052000,1.927,1.936,1.907,1.9180000000000001,178,280
1712055600,1.9180000000000001,1.9220000000000002,1.9100000000000001,1.917,168,270
1712059200,1.917,1.919,1.9060000000000001,1.916,179,290
1712062800,1.917,1.919,1.901,1.903,205,260
1712066400,1.904,1.915,1.883,1.892,370,260
1712070000,1.892,1.9,1.8639999999999999,1.866,555,260
1712073600,1.866,1.905,1.863,1.8980000000000001,595,260
1712077200,1.8980000000000001,1.955,1.896,1.9449999999999998,689,260
1712080800,1.9449999999999998,1.9609999999999999,1.933,1.942,521,260
1712084400,1.942,1.962,1.94,1.9569999999999999,267,270
1712088000,1.956,1.9609999999999999,1.94,1.943,254,280
1712091600,1.943,1.9489999999999998,1.931,1.939,341,270
1712095200,1.939,1.939,1.932,1.935,150,280
1712098800,1.935,1.935,1.915,1.916,101,290
1712106000,1.9449999999999998,1.946,1.937,1.943,58,360
1712109600,1.939,1.946,1.939,1.946,37,320
1712113200,1.9449999999999998,1.9449999999999998,1.936,1.938,77,320
1712116800,1.943,1.9449999999999998,1.937,1.944,78,320
1712120400,1.944,1.944,1.937,1.939,46,320
1712124000,1.936,1.944,1.936,1.943,63,320
1712127600,1.94,1.947,1.94,1.9449999999999998,45,320
1712131200,1.942,1.946,1.939,1.942,53,310
1712134800,1.942,1.946,1.9340000000000002,1.9409999999999998,102,290
1712138400,1.9409999999999998,1.9569999999999999,1.9409999999999998,1.948,137,280
1712142000,1.9489999999999998,1.9569999999999999,1.947,1.952,112,280
1712145600,1.952,1.958,1.952,1.956,94,290
1712149200,1.956,1.966,1.95,1.963,147,270
1712152800,1.964,1.979,1.943,1.978,276,260
1712156400,1.978,1.9889999999999999,1.959,1.987,512,260
1712160000,1.988,1.996,1.959,1.959,584,260
1712163600,1.959,1.963,1.938,1.952,467,270
1712167200,1.952,1.954,1.935,1.95,300,270
1712170800,1.95,1.95,1.936,1.938,269,270
1712174400,1.938,1.943,1.928,1.929,169,280
1712178000,1.929,1.939,1.924,1.9300000000000002,263,270
1712181600,1.9300000000000002,1.937,1.928,1.936,121,280
1712185200,1.936,1.94,1.904,1.9140000000000001,121,280
1712192400,1.936,1.938,1.932,1.938,60,360
1712196000,1.9340000000000002,1.943,1.933,1.943,38,320
1712199600,1.943,1.944,1.938,1.942,46,320
1712203200,1.942,1.9449999999999998,1.94,1.942,40,320
1712206800,1.942,1.942,1.937,1.94,42,320
1712210400,1.938,1.9409999999999998,1.936,1.94,52,320
1712214000,1.9409999999999998,1.946,1.937,1.942,77,320
1712217600,1.942,1.947,1.939,1.9449999999999998,71,320
1712221200,1.9449999999999998,1.947,1.94,1.942,106,280
1712224800,1.942,1.9449999999999998,1.936,1.938,91,290
1712228400,1.937,1.939,1.927,1.939,132,280
1712232000,1.94,1.9409999999999998,1.9300000000000002,1.935,107,290
1712235600,1.935,1.9409999999999998,1.925,1.929,151,270
1712239200,1.929,1.9300000000000002,1.921,1.9260000000000002,199,270
1712242800,1.9260000000000002,1.939,1.916,1.928,339,270
1712246400,1.928,1.942,1.921,1.927,491,270
1712250000,1.927,1.937,1.889,1.897,592,260
1712253600,1.897,1.9,1.8860000000000001,1.891,395,270
1712257200,1.891,1.891,1.867,1.8780000000000001,334,260
1712260800,1.877,1.884,1.871,1.8780000000000001,230,280
1712264400,1.879,1.881,1.866,1.873,330,280
1712268000,1.873,1.877,1.869,1.873,141,280
1712271600,1.873,1.875,1.855,1.857,76,290
1712278800,1.883,1.884,1.861,1.866,87,350
1712282400,1.866,1.87,1.861,1.8639999999999999,50,320
1712286000,1.863,1.869,1.861,1.863,122,320
1712289600,1.863,1.865,1.858,1.8599999999999999,84,320
1712293200,1.8599999999999999,1.865,1.859,1.865,64,320
1712296800,1.8639999999999999,1.866,1.861,1.865,43,320
1712300400,1.865,1.866,1.859,1.861,67,320
1712304000,1.861,1.865,1.858,1.862,113,320
1712307600,1.862,1.871,1.8599999999999999,1.871,144,290
1712311200,1.87,1.871,1.859,1.866,116,280
1712314800,1.866,1.8679999999999999,1.862,1.863,114,280
1712318400,1.8639999999999999,1.8820000000000001,1.863,1.881,146,290
1712322000,1.881,1.895,1.876,1.891,145,270
1712325600,1.891,1.901,1.879,1.884,298,270
1712329200,1.884,1.891,1.8639999999999999,1.867,509,260
1712332800,1.867,1.899,1.866,1.899,555,270
1712336400,1.899,1.908,1.8780000000000001,1.9,518,270
1712340000,1.9,1.917,1.888,1.908,385,270
1712343600,1.908,1.92,1.904,1.916,241,270
1712347200,1.916,1.925,1.897,1.905,370,280
1712350800,1.905,1.911,1.884,1.885,462,280
1712354400,1.885,1.8900000000000001,1.879,1.883,125,280
1712358000,1.885,1.905,1.874,1.875,154,280
1712538000,1.879,1.887,1.8719999999999999,1.876,137,350
1712541600,1.876,1.879,1.871,1.874,51,320
1712545200,1.874,1.875,1.869,1.873,87,320
1712548800,1.873,1.874,1.867,1.874,55,320
1712552400,1.873,1.8780000000000001,1.8719999999999999,1.877,60,320
1712556000,1.875,1.8780000000000001,1.87,1.874,65,320
1712559600,1.877,1.877,1.87,1.873,62,320
1712563200,1.873,1.873,1.865,1.873,88,320
1712566800,1.873,1.885,1.873,1.883,136,300
1712570400,1.883,1.892,1.88,1.887,106,290
1712574000,1.888,1.8900000000000001,1.8820000000000001,1.884,94,290
1712577600,1.884,1.897,1.8780000000000001,1.892,162,290
1712581200,1.892,1.908,1.8860000000000001,1.8940000000000001,199,290
1712584800,1.8940000000000001,1.913,1.891,1.908,283,320
1712588400,1.908,1.932,1.891,1.92,482,320
1712592000,1.921,1.9409999999999998,1.9100000000000001,1.931,607,320
1712595600,1.931,1.9489999999999998,1.9220000000000002,1.933,445,330
1712599200,1.933,1.9489999999999998,1.932,1.948,274,330
1712602800,1.947,1.951,1.939,1.9489999999999998,194,330
1712606400,1.9489999999999998,1.954,1.944,1.948,221,340
1712610000,1.948,1.951,1.9409999999999998,1.9489999999999998,220,350
1712613600,1.9489999999999998,1.9489999999999998,1.9409999999999998,1.9449999999999998,93,350
1712617200,1.946,1.946,1.931,1.932,58,370
1712624400,1.947,1.9489999999999998,1.938,1.9489999999999998,51,500
1712628000,1.9489999999999998,1.967,1.942,1.966,74,420
1712631600,1.966,1.967,1.954,1.959,96,420
1712635200,1.959,1.962,1.954,1.9569999999999999,63,420
1712638800,1.951,1.962,1.95,1.956,51,420
1712642400,1.95,1.955,1.948,1.952,40,420
1712646000,1.952,1.962,1.947,1.9609999999999999,68,320
1712649600,1.9609999999999999,1.962,1.955,1.96,81,310
1712653200,1.96,1.9729999999999999,1.959,1.966,141,280
1712656800,1.966,1.9729999999999999,1.9609999999999999,1.972,109,280
1712660400,1.972,1.975,1.966,1.97,121,290
1712664000,1.97,1.975,1.9689999999999999,1.9729999999999999,122,290
1712667600,1.9729999999999999,1.9929999999999999,1.9729999999999999,1.992,200,270
1712671200,1.991,2.006,1.987,2.002,286,260
1712674800,2.002,2.013,1.98,1.9969999999999999,519,270
1712678400,1.9969999999999999,2.026,1.98,2.013,643,270
1712682000,2.013,2.023,1.995,1.996,477,260
1712685600,1.996,2.005,1.99,1.992,329,270
1712689200,1.991,1.9969999999999999,1.9649999999999999,1.966,286,270
1712692800,1.966,1.9689999999999999,1.952,1.966,302,280
1712696400,1.966,1.991,1.96,1.991,339,280
1712700000,1.991,2.006,1.9889999999999999,2.004,147,280
1712703600,2.003,2.007,1.9689999999999999,1.984,93,280
1712710800,2.008,2.008,1.9969999999999999,2.0,62,320
1712714400,2.003,2.006,1.998,2.005,35,320
1712718000,2.007,2.009,2.003,2.007,59,310
1712721600,2.007,2.01,2.005,2.009,48,320
1712725200,2.009,2.011,2.004,2.007,39,320
1712728800,2.011,2.012,2.005,2.005,52,320
1712732400,2.008,2.018,2.006,2.017,67,320
1712736000,2.017,2.018,2.011,2.015,61,320
1712739600,2.015,2.023,2.01,2.01,140,290
1712743200,2.01,2.026,2.004,2.022,197,290
1712746800,2.023,2.027,2.018,2.022,136,290
1712750400,2.023,2.023,2.011,2.014,167,280
1712754000,2.015,2.032,2.014,2.027,221,270
1712757600,2.027,2.048,2.023,2.024,333,270
1712761200,2.024,2.045,2.014,2.025,544,260
1712764800,2.025,2.03,2.015,2.016,407,270
1712768400,2.017,2.019,1.991,1.992,396,260
1712772000,1.992,2.007,1.9809999999999999,1.999,366,260
1712775600,1.999,1.999,1.983,1.9889999999999999,246,270
1712779200,1.9889999999999999,1.995,1.982,1.994,200,280
1712782800,1.994,2.004,1.988,1.9929999999999999,359,280
1712786400,1.9929999999999999,1.999,1.988,1.99,112,250
1712790000,1.99,1.992,1.971,1.9729999999999999,103,250
1712797200,1.996,1.9969999999999999,1.983,1.986,74,280
1712800800,1.9849999999999999,1.986,1.978,1.986,72,270
1712804400,1.986,1.992,1.982,1.99,88,270
1712808000,1.99,1.99,1.9849999999999999,1.986,75,260
1712811600,1.986,1.986,1.978,1.98,83,270
1712815200,1.98,1.9809999999999999,1.9769999999999999,1.979,75,260
1712818800,1.979,1.979,1.976,1.9769999999999999,35,270
1712822400,1.978,1.984,1.9769999999999999,1.98,83,270
1712826000,1.98,1.995,1.98,1.995,172,250
1712829600,1.995,2.004,1.992,1.995,127,250
1712833200,1.995,2.004,1.992,2.003,121,240
1712836800,2.003,2.007,2.001,2.005,105,250
1712840400,2.005,2.011,1.992,1.9929999999999999,141,240
1712844000,1.9929999999999999,2.0,1.9769999999999999,1.987,239,230
1712847600,1.987,1.9889999999999999,1.958,1.958,514,230
1712851200,1.958,1.9729999999999999,1.951,1.954,517,240
1712854800,1.954,1.971,1.938,1.9449999999999998,557,240
1712858400,1.9449999999999998,1.946,1.924,1.9300000000000002,405,240
1712862000,1.9300000000000002,1.937,1.923,1.9300000000000002,275,240
1712865600,1.9300000000000002,1.938,1.915,1.919,274,230
1712869200,1.919,1.931,1.915,1.924,354,240
1712872800,1.924,1.9300000000000002,1.923,1.9300000000000002,157,240
1712876400,1.929,1.931,1.901,1.909,114,250
1712883600,1.936,1.939,1.92,1.9300000000000002,90,270
1712887200,1.9300000000000002,1.932,1.9260000000000002,1.929,54,270
1712890800,1.929,1.931,1.9220000000000002,1.925,83,260
1712894400,1.924,1.928,1.923,1.927,58,270
1712898000,1.927,1.929,1.923,1.924,69,260
1712901600,1.9260000000000002,1.927,1.923,1.925,61,270
1712905200,1.927,1.927,1.917,1.924,97,260
1712908800,1.924,1.931,1.923,1.928,82,270
1712912400,1.928,1.94,1.928,1.9340000000000002,147,260
1712916000,1.935,1.939,1.928,1.932,169,230
1712919600,1.933,1.933,1.9180000000000001,1.929,117,240
1712923200,1.9300000000000002,1.943,1.929,1.939,212,250
1712926800,1.939,1.943,1.929,1.9300000000000002,136,240
1712930400,1.9300000000000002,1.9529999999999998,1.925,1.939,315,230
1712934000,1.939,1.952,1.913,1.916,568,220
1712937600,1.915,1.944,1.905,1.94,707,240
1712941200,1.94,1.9409999999999998,1.9260000000000002,1.938,337,260
1712944800,1.938,1.954,1.9340000000000002,1.947,266,250
1712948400,1.947,1.951,1.938,1.943,214,270
1712952000,1.943,1.954,1.942,1.948,216,260
1712955600,1.948,1.96,1.943,1.956,250,280
1712959200,1.956,1.966,1.956,1.9649999999999999,119,280
1712962800,1.966,1.968,1.947,1.9489999999999998,97,290
1713142800,1.972,1.974,1.9649999999999999,1.9729999999999999,87,350
1713146400,1.9729999999999999,1.9729999999999999,1.962,1.966,58,320
1713150000,1.966,1.967,1.956,1.958,71,300
1713153600,1.958,1.959,1.952,1.956,57,320
1713157200,1.956,1.9569999999999999,1.951,1.955,49,320
1713160800,1.955,1.956,1.952,1.955,70,320
1713164400,1.955,1.959,1.951,1.959,67,320
1713168000,1.959,1.962,1.9569999999999999,1.959,58,320
1713171600,1.959,1.968,1.955,1.956,105,290
1713175200,1.955,1.964,1.954,1.96,118,290
1713178800,1.96,1.967,1.958,1.9609999999999999,111,290
1713182400,1.963,1.9649999999999999,1.955,1.958,99,290
1713186000,1.958,1.964,1.95,1.963,154,270
1713189600,1.963,1.971,1.937,1.942,280,250
1713193200,1.942,1.942,1.9020000000000001,1.9060000000000001,440,260
1713196800,1.9060000000000001,1.917,1.901,1.911,408,260
1713200400,1.911,1.928,1.908,1.913,380,270
1713204000,1.913,1.9140000000000001,1.899,1.909,255,260
1713207600,1.909,1.912,1.8900000000000001,1.891,220,270
1713211200,1.891,1.892,1.871,1.874,302,280
1713214800,1.874,1.8900000000000001,1.874,1.888,279,280
1713218400,1.888,1.888,1.874,1.877,134,280
1713222000,1.877,1.881,1.853,1.863,88,290
1713229200,1.889,1.8900000000000001,1.8780000000000001,1.885,89,360
1713232800,1.885,1.888,1.881,1.887,65,330
1713236400,1.888,1.891,1.884,1.891,121,320
1713240000,1.891,1.8940000000000001,1.887,1.8940000000000001,75,320
1713243600,1.893,1.8980000000000001,1.892,1.897,60,320
1713247200,1.897,1.899,1.8900000000000001,1.8940000000000001,71,320
1713250800,1.891,1.8980000000000001,1.8900000000000001,1.893,62,320
1713254400,1.892,1.893,1.889,1.891,57,320
1713258000,1.891,1.8980000000000001,1.887,1.896,112,290
1713261600,1.896,1.903,1.8940000000000001,1.896,125,290
1713265200,1.896,1.899,1.8900000000000001,1.892,101,290
1713268800,1.893,1.905,1.889,1.905,134,290
1713272400,1.905,1.9140000000000001,1.889,1.892,235,260
1713276000,1.892,1.905,1.8860000000000001,1.896,224,270
1713279600,1.896,1.919,1.8860000000000001,1.917,488,260
1713283200,1.917,1.927,1.88,1.8860000000000001,554,270
1713286800,1.8860000000000001,1.888,1.867,1.867,283,260
1713290400,1.867,1.884,1.866,1.8719999999999999,264,260
1713294000,1.8719999999999999,1.8719999999999999,1.861,1.8639999999999999,232,270
1713297600,1.8639999999999999,1.9300000000000002,1.858,1.921,424,280
1713301200,1.92,1.994,1.9100000000000001,1.942,1355,340
1713304800,1.942,1.944,1.9220000000000002,1.933,316,340
1713308400,1.933,1.942,1.865,1.871,318,340
1713315600,1.8900000000000001,1.904,1.888,1.904,93,500
1713319200,1.904,1.904,1.889,1.895,71,420
1713322800,1.899,1.903,1.8900000000000001,1.901,74,420
1713326400,1.901,1.9100000000000001,1.896,1.903,89,420
1713330000,1.904,1.907,1.896,1.9,45,420
1713333600,1.9060000000000001,1.908,1.899,1.899,50,430
1713337200,1.905,1.907,1.897,1.904,63,420
1713340800,1.903,1.909,1.896,1.9060000000000001,78,420
1713344400,1.9060000000000001,1.9100000000000001,1.8980000000000001,1.905,125,370
1713348000,1.905,1.905,1.8860000000000001,1.889,102,360
1713351600,1.889,1.895,1.883,1.887,100,360
1713355200,1.887,1.899,1.885,1.897,123,360
1713358800,1.897,1.899,1.885,1.893,158,330
1713362400,1.893,1.8980000000000001,1.876,1.876,244,330
1713366000,1.876,1.9180000000000001,1.874,1.9180000000000001,413,320
1713369600,1.9180000000000001,1.923,1.887,1.892,497,270
1713373200,1.892,1.8940000000000001,1.881,1.889,325,270
1713376800,1.889,1.9,1.887,1.8940000000000001,230,270
1713380400,1.8940000000000001,1.904,1.8860000000000001,1.904,225,250
1713384000,1.905,1.924,1.9020000000000001,1.913,329,240
1713387600,1.913,1.933,1.9100000000000001,1.911,341,240
1713391200,1.911,1.935,1.909,1.9340000000000002,203,280
1713394800,1.9340000000000002,1.938,1.901,1.9180000000000001,156,280
1713402000,1.944,1.944,1.935,1.939,64,360
1713405600,1.935,1.9409999999999998,1.9340000000000002,1.9409999999999998,44,330
1713409200,1.9409999999999998,1.943,1.938,1.943,61,320
1713412800,1.943,1.9609999999999999,1.939,1.955,95,310
1713416400,1.955,1.963,1.954,1.963,85,320
1713420000,1.963,1.9689999999999999,1.959,1.964,109,320
1713423600,1.964,1.966,1.962,1.9649999999999999,67,310
1713427200,1.9649999999999999,1.975,1.9649999999999999,1.975,108,320
1713430800,1.975,1.975,1.95,1.9569999999999999,225,280
1713434400,1.9569999999999999,1.959,1.952,1.952,164,290
1713438000,1.9529999999999998,1.9609999999999999,1.952,1.9569999999999999,129,280
1713441600,1.9569999999999999,1.962,1.951,1.9569999999999999,154,290
1713445200,1.9569999999999999,1.963,1.948,1.96,276,270
1713448800,1.958,1.971,1.948,1.954,365,260
1713452400,1.954,1.979,1.951,1.962,571,260
1713456000,1.962,1.974,1.951,1.964,547,270
1713459600,1.964,1.978,1.952,1.963,624,260
1713463200,1.963,1.976,1.9609999999999999,1.966,370,270
1713466800,1.966,1.972,1.948,1.96,333,270
1713470400,1.96,1.96,1.946,1.956,213,280
1713474000,1.956,1.968,1.94,1.947,349,280
1713477600,1.947,1.951,1.9409999999999998,1.95,146,280
1713481200,1.95,1.954,1.929,1.937,116,290
1713488400,1.9569999999999999,1.959,1.9489999999999998,1.954,69,350
1713492000,1.954,1.9609999999999999,1.9529999999999998,1.9609999999999999,42,330
1713495600,1.9609999999999999,1.966,1.958,1.9649999999999999,60,320
1713499200,1.9649999999999999,1.996,1.964,1.9849999999999999,208,320
1713502800,1.9849999999999999,1.988,1.9809999999999999,1.987,139,320
1713506400,1.987,1.9889999999999999,1.978,1.9809999999999999,102,320
1713510000,1.9809999999999999,1.983,1.966,1.971,81,320
1713513600,1.971,1.98,1.971,1.974,109,320
1713517200,1.974,1.974,1.963,1.9689999999999999,178,290
1713520800,1.9689999999999999,1.974,1.9649999999999999,1.968,112,290
1713524400,1.968,1.968,1.9529999999999998,1.9569999999999999,141,290
1713528000,1.9569999999999999,1.966,1.955,1.9649999999999999,182,290
1713531600,1.9649999999999999,1.97,1.959,1.964,189,270
1713535200,1.964,1.9649999999999999,1.9529999999999998,1.959,208,270
1713538800,1.959,1.986,1.938,1.975,792,260
1713542400,1.975,2.014,1.975,2.009,689,270
1713546000,2.009,2.016,1.984,1.986,464,270
1713549600,1.986,1.99,1.963,1.963,360,270
1713553200,1.963,1.975,1.9569999999999999,1.975,304,270
1713556800,1.975,1.978,1.967,1.9729999999999999,259,280
1713560400,1.9729999999999999,1.979,1.964,1.978,278,280
1713564000,1.978,1.979,1.972,1.975,141,280
1713567600,1.975,1.9809999999999999,1.958,1.958,117,290
1713747600,1.982,1.992,1.9689999999999999,1.978,133,340
1713751200,1.978,1.994,1.9769999999999999,1.986,145,320
1713754800,1.986,1.986,1.97,1.9729999999999999,91,310
1713758400,1.9729999999999999,1.975,1.97,1.97,45,310
1713762000,1.9729999999999999,1.975,1.97,1.974,60,320
1713765600,1.974,1.974,1.97,1.9729999999999999,47,320
1713769200,1.972,1.976,1.9689999999999999,1.975,62,320
1713772800,1.975,1.975,1.9689999999999999,1.9729999999999999,63,320
1713776400,1.9729999999999999,1.9729999999999999,1.963,1.97,105,290
1713780000,1.97,1.97,1.962,1.968,94,280
1713783600,1.968,1.976,1.963,1.968,131,290
1713787200,1.968,1.979,1.966,1.978,121,290
1713790800,1.978,1.982,1.974,1.9809999999999999,144,270
1713794400,1.983,1.992,1.979,1.992,261,240
1713798000,1.992,2.024,1.992,2.012,467,240
1713801600,2.012,2.05,2.012,2.03,629,230
1713805200,2.03,2.049,2.03,2.046,361,240
1713808800,2.046,2.055,2.042,2.049,273,240
1713812400,2.049,2.058,2.049,2.056,220,240
1713816000,2.056,2.061,2.044,2.048,188,220
1713819600,2.049,2.069,2.042,2.065,273,240
1713823200,2.065,2.068,2.059,2.063,109,250
1713826800,2.063,2.067,2.048,2.053,109,250
1713834000,2.085,2.088,2.08,2.086,96,270
1713837600,2.088,2.089,2.081,2.082,61,270
1713841200,2.082,2.082,2.073,2.077,160,260
1713844800,2.076,2.078,2.075,2.075,67,260
1713848400,2.076,2.078,2.075,2.076,37,260
1713852000,2.075,2.076,2.071,2.073,52,250
1713855600,2.073,2.076,2.072,2.076,51,270
1713859200,2.074,2.078,2.072,2.075,63,260
1713862800,2.075,2.076,2.069,2.076,107,250
1713866400,2.076,2.079,2.072,2.075,90,250
1713870000,2.076,2.078,2.071,2.072,71,250
1713873600,2.072,2.096,2.07,2.094,137,250
1713877200,2.094,2.096,2.078,2.083,152,240
1713880800,2.083,2.093,2.079,2.09,208,240
1713884400,2.09,2.095,2.047,2.052,488,230
1713888000,2.052,2.096,2.035,2.092,646,230
1713891600,2.091,2.1,2.061,2.083,467,230
1713895200,2.083,2.085,2.071,2.073,287,230
1713898800,2.073,2.092,2.071,2.089,233,240
1713902400,2.089,2.094,2.084,2.091,145,240
1713906000,2.091,2.129,2.09,2.12,339,240
1713909600,2.1189999999999998,2.1390000000000002,2.1189999999999998,2.132,243,250
1713913200,2.133,2.153,2.123,2.129,229,240
1713920400,2.158,2.161,2.152,2.159,131,260
1713924000,2.16,2.162,2.153,2.157,133,260
1713927600,2.157,2.158,2.151,2.156,155,260
1713931200,2.156,2.158,2.146,2.153,91,260
1713934800,2.153,2.154,2.137,2.138,119,260
1713938400,2.1390000000000002,2.143,2.136,2.138,95,260
1713942000,2.138,2.14,2.135,2.1390000000000002,75,270
1713945600,2.1390000000000002,2.142,2.136,2.1390000000000002,59,270
1713949200,2.14,2.149,2.1390000000000002,2.147,160,250
1713952800,2.147,2.149,2.142,2.146,141,250
1713956400,2.146,2.147,2.137,2.138,124,240
1713960000,2.138,2.145,2.137,2.1390000000000002,118,240
1713963600,2.1390000000000002,2.145,2.1310000000000002,2.1310000000000002,146,240
1713967200,2.1310000000000002,2.144,2.128,2.135,197,240
1713970800,2.136,2.136,2.084,2.089,581,230
1713974400,2.087,2.088,2.057,2.061,538,220
1713978000,2.061,2.063,2.038,2.041,504,230
1713981600,2.042,2.045,2.027,2.038,350,230
1713985200,2.037,2.039,2.028,2.03,185,240
1713988800,2.03,2.045,2.027,2.033,275,250
1713992400,2.032,2.034,1.9969999999999999,2.011,516,240
1713996000,2.009,2.011,1.995,1.999,256,230
1713999600,2.0,2.009,1.976,1.987,137,250
1714006800,2.02,2.021,2.008,2.017,174,280
1714010400,2.018,2.02,2.014,2.017,96,270
1714014000,2.017,2.026,2.015,2.019,157,260
1714017600,2.02,2.03,2.018,2.025,76,260
1714021200,2.025,2.029,2.024,2.028,59,260
1714024800,2.028,2.028,2.024,2.026,73,270
1714028400,2.026,2.029,2.025,2.027,79,260
1714032000,2.026,2.026,2.023,2.026,65,270
1714035600,2.026,2.03,2.016,2.027,201,250
1714039200,2.026,2.031,2.02,2.025,165,250
1714042800,2.024,2.029,2.022,2.027,115,250
1714046400,2.027,2.027,2.017,2.02,148,250
1714050000,2.021,2.032,2.014,2.029,124,240
1714053600,2.03,2.033,2.009,2.012,266,240
1714057200,2.012,2.013,1.979,2.002,507,240
1714060800,2.002,2.02,1.998,2.007,644,230
1714064400,2.007,2.027,1.9889999999999999,2.024,653,230
1714068000,2.024,2.035,2.009,2.032,413,240
1714071600,2.032,2.045,2.029,2.032,346,240
1714075200,2.032,2.041,2.024,2.03,273,240
1714078800,2.03,2.042,2.024,2.026,409,240
1714082400,2.027,2.03,2.017,2.018,139,240
1714086000,2.018,2.024,2.005,2.014,173,250
1714093200,2.045,2.057,2.038,2.048,93,280
1714096800,2.048,2.055,2.046,2.052,73,270
1714100400,2.053,2.069,2.053,2.057,135,260
1714104000,2.057,2.06,2.053,2.058,69,260
1714107600,2.059,2.059,2.051,2.051,44,270
1714111200,2.053,2.056,2.049,2.051,61,260
1714114800,2.053,2.057,2.051,2.057,56,270
1714118400,2.057,2.064,2.055,2.062,82,260
1714122000,2.062,2.064,2.051,2.06,152,250
1714125600,2.06,2.06,2.05,2.057,100,250
1714129200,2.056,2.056,2.039,2.042,88,250
1714132800,2.042,2.044,2.041,2.042,64,250
1714136400,2.042,2.042,2.023,2.026,148,240
1714140000,2.025,2.026,2.011,2.012,245,230
1714143600,2.012,2.017,1.983,1.994,536,230
1714147200,1.994,2.015,1.988,2.008,500,240
1714150800,2.008,2.02,2.002,2.018,322,230
1714154400,2.018,2.02,1.992,1.9929999999999999,281,230
1714158000,1.9929999999999999,1.998,1.982,1.9929999999999999,214,240
1714161600,1.9929999999999999,1.9929999999999999,1.98,1.983,232,240
1714165200,1.984,2.005,1.982,1.9969999999999999,409,240
1714168800,1.998,2.0,1.9929999999999999,1.994,123,250
1714172400,1.994,1.999,1.972,1.9729999999999999,124,250
1714352400,2.008,2.026,2.007,2.025,148,280
1714356000,2.025,2.033,2.02,2.032,84,270
1714359600,2.032,2.034,2.028,2.031,114,260
1714363200,2.031,2.031,2.029,2.031,55,270
1714366800,2.031,2.031,2.026,2.028,55,270
1714370400,2.029,2.03,2.024,2.026,58,260
1714374000,2.026,2.032,2.026,2.031,65,270
1714377600,2.03,2.047,2.028,2.046,105,260
1714381200,2.046,2.047,2.035,2.038,137,260
1714384800,2.038,2.043,2.035,2.043,99,240
1714388400,2.043,2.047,2.04,2.043,73,250
1714392000,2.043,2.046,2.037,2.039,95,250
1714395600,2.039,2.04,2.018,2.025,155,240
1714399200,2.025,2.033,2.008,2.009,292,220
1714402800,2.008,2.045,2.004,2.029,579,230
1714406400,2.029,2.06,2.029,2.055,619,230
1714410000,2.055,2.081,2.053,2.077,383,230
1714413600,2.077,2.104,2.077,2.101,433,240
1714417200,2.101,2.12,2.097,2.11,361,240
1714420800,2.11,2.117,2.085,2.099,414,240
1714424400,2.098,2.117,2.095,2.113,340,230
1714428000,2.114,2.128,2.113,2.122,179,250
1714431600,2.123,2.13,2.095,2.112,111,250
1714438800,2.146,2.148,2.137,2.14,104,270
1714442400,2.138,2.142,2.137,2.138,71,270
1714446000,2.138,2.143,2.134,2.14,132,260
1714449600,2.141,2.152,2.141,2.148,124,260
1714453200,2.148,2.165,2.148,2.159,122,260
1714456800,2.159,2.161,2.153,2.157,70,270
1714460400,2.158,2.162,2.156,2.157,71,260
1714464000,2.157,2.158,2.154,2.155,74,270
1714467600,2.155,2.162,2.146,2.162,180,250
1714471200,2.163,2.178,2.162,2.175,161,250
1714474800,2.175,2.178,2.168,2.17,124,250
1714478400,2.17,2.176,2.159,2.166,185,250
1714482000,2.166,2.18,2.158,2.179,232,240
1714485600,2.178,2.182,2.147,2.171,390,230
1714489200,2.171,2.171,2.123,2.129,636,230
1714492800,2.1310000000000002,2.149,2.116,2.127,568,230
1714496400,2.127,2.142,2.124,2.14,355,240
1714500000,2.14,2.14,2.111,2.112,291,240
1714503600,2.112,2.115,2.082,2.085,355,240
1714507200,2.084,2.084,2.056,2.061,325,240
1714510800,2.06,2.1,2.056,2.074,515,240
1714514400,2.073,2.074,2.065,2.067,166,240
1714518000,2.067,2.068,2.028,2.032,147,240
1714525200,2.061,2.066,2.052,2.06,104,280
1714528800,2.061,2.068,2.058,2.067,75,260
1714532400,2.067,2.068,2.052,2.053,107,260
1714536000,2.052,2.061,2.051,2.058,70,270
1714539600,2.058,2.059,2.054,2.055,54,270
1714543200,2.055,2.057,2.053,2.055,49,270
1714546800,2.055,2.06,2.05,2.051,58,250
1714550400,2.051,2.055,2.05,2.053,41,270
1714554000,2.052,2.052,2.043,2.045,78,250
1714557600,2.044,2.046,2.039,2.04,70,250
1714561200,2.04,2.049,2.04,2.044,82,250
1714564800,2.044,2.045,2.039,2.042,86,250
1714568400,2.042,2.047,2.034,2.039,119,240
1714572000,2.039,2.059,2.037,2.042,291,230
1714575600,2.042,2.057,2.036,2.057,417,240
1714579200,2.057,2.077,2.039,2.043,625,240
1714582800,2.043,2.046,2.027,2.032,263,240
1714586400,2.031,2.054,2.026,2.048,307,240
1714590000,2.048,2.06,2.039,2.053,271,240
1714593600,2.053,2.063,2.045,2.047,259,250
1714597200,2.047,2.052,2.038,2.049,321,230
1714600800,2.049,2.049,2.034,2.04,139,240
1714604400,2.04,2.043,2.021,2.022,66,250
1714611600,2.051,2.055,2.049,2.055,60,280
1714615200,2.053,2.061,2.053,2.06,63,260
1714618800,2.06,2.077,2.06,2.073,104,250
1714622400,2.073,2.074,2.07,2.07,59,260
1714626000,2.071,2.078,2.071,2.076,62,270
1714629600,2.076,2.079,2.074,2.079,51,270
1714633200,2.079,2.079,2.072,2.076,67,270
1714636800,2.075,2.079,2.071,2.076,80,260
1714640400,2.076,2.086,2.075,2.082,179,250
1714644000,2.082,2.096,2.08,2.094,159,250
1714647600,2.094,2.096,2.088,2.092,144,250
1714651200,2.091,2.095,2.085,2.086,110,250
1714654800,2.086,2.094,2.076,2.083,145,240
1714658400,2.083,2.088,2.071,2.073,230,230
1714662000,2.073,2.1,2.071,2.078,422,240
1714665600,2.078,2.115,2.078,2.103,496,240
1714669200,2.103,2.141,2.103,2.134,656,220
1714672800,2.134,2.141,2.1189999999999998,2.14,341,230
1714676400,2.14,2.144,2.121,2.142,452,240
1714680000,2.143,2.152,2.134,2.143,249,250
1714683600,2.143,2.157,2.134,2.149,330,250
1714687200,2.15,2.151,2.14,2.141,163,240
1714690800,2.141,2.145,2.108,2.118,107,250
1714698000,2.155,2.158,2.152,2.153,83,270
1714701600,2.153,2.158,2.151,2.152,71,270
1714705200,2.152,2.152,2.1390000000000002,2.148,141,260
1714708800,2.148,2.149,2.1390000000000002,2.142,76,260
1714712400,2.142,2.142,2.137,2.1390000000000002,45,270
1714716000,2.138,2.14,2.132,2.135,67,250
1714719600,2.135,2.1390000000000002,2.133,2.138,69,260
1714723200,2.138,2.142,2.136,2.137,79,270
1714726800,2.137,2.144,2.135,2.142,139,240
1714730400,2.142,2.155,2.142,2.151,146,250
1714734000,2.151,2.16,2.149,2.158,97,250
1714737600,2.158,2.161,2.144,2.147,130,240
1714741200,2.146,2.157,2.141,2.143,124,240
1714744800,2.142,2.183,2.136,2.166,311,230
1714748400,2.166,2.177,2.14,2.174,550,240
1714752000,2.174,2.184,2.155,2.159,550,260
1714755600,2.159,2.18,2.153,2.179,315,240
1714759200,2.179,2.24,2.174,2.235,945,220
1714762800,2.235,2.2640000000000002,2.235,2.253,603,240
1714766400,2.253,2.26,2.239,2.253,340,240
1714770000,2.252,2.269,2.242,2.265,432,240
1714773600,2.265,2.27,2.255,2.2560000000000002,186,250
1714777200,2.257,2.26,2.2359999999999998,2.241,164,250
1714957200,2.286,2.306,2.284,2.303,163,270
1714960800,2.301,2.301,2.277,2.277,111,270
1714964400,2.278,2.2800000000000002,2.269,2.273,104,260
1714968000,2.273,2.273,2.265,2.27,70,260
1714971600,2.27,2.276,2.262,2.263,75,260
1714975200,2.265,2.266,2.261,2.265,56,270
1714978800,2.267,2.271,2.263,2.269,58,270
1714982400,2.269,2.2720000000000002,2.267,2.27,60,260
1714986000,2.27,2.27,2.263,2.268,110,250
1714989600,2.268,2.276,2.2640000000000002,2.266,131,250
1714993200,2.266,2.266,2.25,2.253,129,250
1714996800,2.253,2.261,2.249,2.26,95,360
1715000400,2.261,2.273,2.258,2.269,129,330
1715004000,2.269,2.301,2.267,2.297,333,310
1715007600,2.297,2.328,2.296,2.315,513,250
1715011200,2.316,2.342,2.309,2.324,729,230
1715014800,2.324,2.35,2.323,2.34,504,240
1715018400,2.34,2.357,2.333,2.344,383,240
1715022000,2.344,2.379,2.343,2.362,417,240
1715025600,2.363,2.365,2.336,2.339,433,240
1715029200,2.34,2.341,2.31,2.315,431,240
1715032800,2.317,2.322,2.309,2.316,152,240
1715036400,2.316,2.322,2.291,2.291,98,250
1715043600,2.333,2.336,2.328,2.33,90,280
1715047200,2.33,2.331,2.322,2.325,80,260
1715050800,2.325,2.325,2.3,2.306,259,250
1715054400,2.306,2.306,2.294,2.299,94,260
1715058000,2.3,2.3,2.296,2.296,63,270
1715061600,2.296,2.305,2.295,2.303,80,260
1715065200,2.304,2.304,2.298,2.3,78,260
1715068800,2.3,2.3,2.293,2.299,78,260
1715072400,2.299,2.308,2.296,2.302,150,250
1715076000,2.301,2.307,2.297,2.3,103,250
1715079600,2.3,2.302,2.284,2.29,124,250
1715083200,2.29,2.319,2.283,2.31,246,250
1715086800,2.31,2.34,2.31,2.334,315,240
1715090400,2.334,2.36,2.332,2.338,425,230
1715094000,2.338,2.349,2.308,2.309,624,230
1715097600,2.309,2.3449999999999998,2.296,2.341,702,240
1715101200,2.341,2.3529999999999998,2.33,2.336,435,240
1715104800,2.336,2.347,2.33,2.341,328,230
1715108400,2.341,2.344,2.329,2.33,244,240
1715112000,2.33,2.338,2.307,2.336,370,240
1715115600,2.337,2.343,2.326,2.337,293,240
1715119200,2.337,2.343,2.336,2.342,111,250
1715122800,2.342,2.356,2.331,2.333,127,250
1715130000,2.357,2.362,2.354,2.362,73,290
1715133600,2.362,2.362,2.357,2.358,68,260
1715137200,2.358,2.3609999999999998,2.352,2.36,114,260
1715140800,2.36,2.3609999999999998,2.356,2.357,65,270
1715144400,2.356,2.358,2.354,2.355,37,260
1715148000,2.354,2.359,2.354,2.356,61,270
1715151600,2.356,2.358,2.354,2.358,49,260
1715155200,2.358,2.36,2.354,2.358,66,260
1715158800,2.358,2.371,2.348,2.368,132,250
1715162400,2.368,2.3689999999999998,2.352,2.356,136,240
1715166000,2.355,2.3609999999999998,2.355,2.36,125,240
1715169600,2.36,2.387,2.352,2.3810000000000002,211,250
1715173200,2.3810000000000002,2.392,2.376,2.39,207,240
1715176800,2.39,2.412,2.38,2.399,415,230
1715180400,2.399,2.414,2.3890000000000002,2.3890000000000002,473,230
1715184000,2.3890000000000002,2.399,2.3449999999999998,2.3449999999999998,613,220
1715187600,2.3449999999999998,2.3689999999999998,2.339,2.3609999999999998,427,240
1715191200,2.3609999999999998,2.3689999999999998,2.3449999999999998,2.359,322,230
1715194800,2.359,2.363,2.325,2.327,354,240
1715198400,2.327,2.339,2.324,2.338,249,240
1715202000,2.338,2.3449999999999998,2.333,2.338,259,240
1715205600,2.339,2.344,2.335,2.336,139,240
1715209200,2.336,2.34,2.309,2.319,82,250
1715216400,2.347,2.347,2.339,2.343,54,280
1715220000,2.343,2.35,2.341,2.349,61,270
1715223600,2.35,2.352,2.348,2.35,49,270
1715227200,2.35,2.35,2.346,2.348,51,270
1715230800,2.348,2.348,2.3449999999999998,2.348,44,260
1715234400,2.348,2.35,2.346,2.35,48,270
1715238000,2.349,2.359,2.349,2.357,75,260
1715241600,2.355,2.364,2.3529999999999998,2.363,69,260
1715245200,2.363,2.363,2.349,2.351,88,250
1715248800,2.351,2.3609999999999998,2.348,2.359,112,250
1715252400,2.358,2.36,2.355,2.358,60,250
1715256000,2.358,2.363,2.348,2.35,103,250
1715259600,2.35,2.351,2.328,2.328,148,230
1715263200,2.329,2.337,2.322,2.328,284,230
1715266800,2.327,2.375,2.325,2.36,482,240
1715270400,2.36,2.404,2.36,2.384,476,240
1715274000,2.384,2.458,2.383,2.421,1004,220
1715277600,2.421,2.441,2.404,2.415,492,230
1715281200,2.415,2.429,2.413,2.419,326,230
1715284800,2.419,2.428,2.417,2.427,336,240
1715288400,2.427,2.449,2.425,2.438,343,240
1715292000,2.439,2.451,2.438,2.449,151,250
1715295600,2.449,2.45,2.414,2.425,121,250
1715302800,2.45,2.459,2.449,2.455,80,280
1715306400,2.455,2.461,2.453,2.455,68,270
1715310000,2.456,2.462,2.449,2.462,171,260
1715313600,2.462,2.477,2.461,2.476,129,260
1715317200,2.476,2.482,2.468,2.475,102,270
1715320800,2.476,2.476,2.468,2.471,81,260
1715324400,2.472,2.474,2.469,2.472,60,270
1715328000,2.472,2.473,2.463,2.465,70,260
1715331600,2.465,2.472,2.456,2.467,216,250
1715335200,2.466,2.471,2.461,2.464,156,250
1715338800,2.463,2.464,2.456,2.459,98,250
1715342400,2.459,2.469,2.456,2.465,118,250
1715346000,2.465,2.467,2.452,2.467,152,240
1715349600,2.467,2.4699999999999998,2.433,2.436,295,230
1715353200,2.437,2.445,2.407,2.43,539,230
1715356800,2.43,2.453,2.416,2.428,646,240
1715360400,2.427,2.433,2.422,2.43,357,240
1715364000,2.431,2.437,2.418,2.419,290,240
1715367600,2.419,2.422,2.404,2.406,292,240
1715371200,2.406,2.414,2.402,2.406,228,240
1715374800,2.407,2.414,2.395,2.4,339,240
1715378400,2.4,2.404,2.396,2.4,126,240
1715382000,2.399,2.403,2.37,2.379,136,240
1715562000,2.382,2.387,2.3689999999999998,2.382,180,280
1715565600,2.383,2.388,2.378,2.388,96,260
1715569200,2.388,2.394,2.387,2.394,109,260
1715572800,2.394,2.403,2.39,2.391,90,260
1715576400,2.391,2.395,2.3890000000000002,2.393,86,270
1715580000,2.393,2.398,2.3890000000000002,2.394,69,260
1715583600,2.396,2.4,2.395,2.3970000000000002,52,260
1715587200,2.3970000000000002,2.403,2.395,2.401,87,270
1715590800,2.401,2.423,2.401,2.422,123,250
1715594400,2.422,2.436,2.419,2.433,212,250
1715598000,2.434,2.444,2.429,2.44,226,250
1715601600,2.44,2.444,2.428,2.434,137,240
1715605200,2.433,2.433,2.417,2.419,200,240
1715608800,2.419,2.432,2.404,2.406,444,230
1715612400,2.406,2.419,2.377,2.418,627,230
1715616000,2.418,2.447,2.412,2.44,615,230
1715619600,2.44,2.444,2.421,2.443,381,240
1715623200,2.443,2.469,2.439,2.464,321,240
1715626800,2.464,2.484,2.463,2.48,304,240
1715630400,2.48,2.493,2.479,2.493,285,240
1715634000,2.492,2.52,2.488,2.507,440,240
1715637600,2.507,2.512,2.502,2.504,159,240
1715641200,2.505,2.5060000000000002,2.472,2.484,86,250
1715648400,2.5140000000000002,2.519,2.507,2.508,120,280
1715652000,2.508,2.51,2.505,2.5060000000000002,87,270
1715655600,2.5060000000000002,2.5140000000000002,2.503,2.509,107,270
1715659200,2.509,2.51,2.505,2.507,76,270
1715662800,2.507,2.51,2.505,2.505,67,260
1715666400,2.505,2.507,2.504,2.504,33,270
1715670000,2.507,2.51,2.505,2.509,57,260
1715673600,2.509,2.511,2.498,2.499,89,260
1715677200,2.499,2.505,2.492,2.495,136,260
1715680800,2.495,2.495,2.482,2.489,146,250
1715684400,2.489,2.491,2.475,2.485,216,250
1715688000,2.485,2.499,2.485,2.491,228,250
1715691600,2.491,2.511,2.482,2.503,232,230
1715695200,2.503,2.507,2.482,2.492,338,230
1715698800,2.492,2.5,2.46,2.469,595,230
1715702400,2.469,2.499,2.469,2.499,508,240
1715706000,2.498,2.521,2.496,2.519,330,240
1715709600,2.518,2.548,2.509,2.512,461,230
1715713200,2.512,2.532,2.499,2.531,349,240
1715716800,2.532,2.534,2.509,2.5140000000000002,257,240
1715720400,2.515,2.515,2.4939999999999998,2.5060000000000002,320,240
1715724000,2.505,2.5060000000000002,2.499,2.502,107,250
1715727600,2.501,2.502,2.474,2.4779999999999998,116,250
1715734800,2.504,2.505,2.5,2.505,72,280
1715738400,2.505,2.51,2.503,2.507,67,270
1715742000,2.508,2.51,2.497,2.5,77,260
1715745600,2.5,2.502,2.497,2.5,46,270
1715749200,2.498,2.503,2.498,2.502,33,270
1715752800,2.504,2.512,2.5,2.51,52,260
1715756400,2.51,2.51,2.504,2.505,70,260
1715760000,2.5060000000000002,2.512,2.503,2.512,95,260
1715763600,2.512,2.525,2.511,2.525,132,260
1715767200,2.526,2.535,2.525,2.528,140,250
1715770800,2.528,2.535,2.523,2.5300000000000002,172,250
1715774400,2.5300000000000002,2.534,2.526,2.531,130,250
1715778000,2.531,2.534,2.5140000000000002,2.527,202,240
1715781600,2.527,2.547,2.519,2.543,325,240
1715785200,2.543,2.5620000000000003,2.54,2.551,384,240
1715788800,2.551,2.5540000000000003,2.488,2.511,786,230
1715792400,2.511,2.531,2.509,2.511,536,240
1715796000,2.511,2.55,2.501,2.55,420,240
1715799600,2.55,2.586,2.549,2.5709999999999997,389,240
1715803200,2.5709999999999997,2.578,2.536,2.5620000000000003,481,240
1715806800,2.5620000000000003,2.584,2.561,2.583,452,240
1715810400,2.583,2.583,2.57,2.57,146,250
1715814000,2.57,2.573,2.548,2.551,116,250
1715821200,2.578,2.588,2.573,2.588,103,270
1715824800,2.588,2.593,2.585,2.585,80,270
1715828400,2.585,2.594,2.584,2.591,93,270
1715832000,2.591,2.591,2.584,2.588,65,260
1715835600,2.5869999999999997,2.59,2.582,2.583,102,260
1715839200,2.585,2.586,2.581,2.584,46,270
1715842800,2.585,2.5869999999999997,2.58,2.586,84,270
1715846400,2.586,2.5869999999999997,2.578,2.58,82,260
1715850000,2.58,2.581,2.567,2.5709999999999997,144,250
1715853600,2.5709999999999997,2.592,2.568,2.5789999999999997,136,250
1715857200,2.5789999999999997,2.582,2.567,2.57,131,250
1715860800,2.5709999999999997,2.576,2.567,2.569,166,250
1715864400,2.569,2.607,2.567,2.6029999999999998,259,240
1715868000,2.6029999999999998,2.614,2.596,2.605,382,240
1715871600,2.605,2.638,2.6,2.629,553,240
1715875200,2.63,2.644,2.6189999999999998,2.64,581,230
1715878800,2.64,2.716,2.635,2.701,869,210
1715882400,2.701,2.71,2.605,2.63,1168,230
1715886000,2.63,2.657,2.626,2.637,481,240
1715889600,2.638,2.656,2.638,2.641,336,240
1715893200,2.641,2.659,2.621,2.6550000000000002,516,240
1715896800,2.6550000000000002,2.657,2.638,2.642,191,240
1715900400,2.642,2.644,2.621,2.624,106,250
1715907600,2.648,2.668,2.642,2.664,101,280
1715911200,2.665,2.666,2.66,2.666,84,260
1715914800,2.667,2.668,2.654,2.657,135,250
1715918400,2.657,2.667,2.6550000000000002,2.666,89,260
1715922000,2.665,2.666,2.657,2.658,56,260
1715925600,2.658,2.661,2.658,2.66,53,270
1715929200,2.661,2.661,2.654,2.656,64,260
1715932800,2.656,2.659,2.6550000000000002,2.658,66,260
1715936400,2.659,2.66,2.654,2.657,96,250
1715940000,2.657,2.67,2.654,2.659,157,250
1715943600,2.66,2.672,2.657,2.672,146,250
1715947200,2.672,2.676,2.667,2.675,116,250
1715950800,2.675,2.675,2.66,2.661,184,240
1715954400,2.661,2.691,2.654,2.678,420,230
1715958000,2.678,2.7,2.6630000000000003,2.692,696,240
1715961600,2.692,2.723,2.692,2.714,650,230
1715965200,2.715,2.752,2.71,2.745,527,240
1715968800,2.745,2.745,2.7199999999999998,2.729,449,230
1715972400,2.73,2.732,2.709,2.723,317,240
1715976000,2.725,2.742,2.717,2.742,292,240
1715979600,2.741,2.774,2.741,2.771,448,240
1715983200,2.771,2.782,2.763,2.768,244,250
1715986800,2.768,2.769,2.741,2.748,158,250
1716166800,2.7800000000000002,2.7960000000000003,2.766,2.766,197,280
1716170400,2.766,2.776,2.763,2.769,98,260
1716174000,2.769,2.781,2.7640000000000002,2.779,109,250
1716177600,2.779,2.786,2.778,2.786,72,270
1716181200,2.787,2.7960000000000003,2.787,2.794,63,270
1716184800,2.793,2.801,2.793,2.799,52,270
1716188400,2.799,2.801,2.7960000000000003,2.799,72,270
1716192000,2.799,2.801,2.7960000000000003,2.797,71,270
1716195600,2.7960000000000003,2.802,2.795,2.801,124,250
1716199200,2.802,2.802,2.7800000000000002,2.785,128,250
1716202800,2.785,2.789,2.775,2.775,175,240
1716206400,2.775,2.786,2.775,2.783,168,250
1716210000,2.784,2.7960000000000003,2.776,2.785,310,240
1716213600,2.784,2.803,2.781,2.792,362,230
1716217200,2.791,2.823,2.789,2.798,637,230
1716220800,2.798,2.832,2.784,2.826,1031,230
1716224400,2.826,2.859,2.826,2.843,596,230
1716228000,2.843,2.854,2.835,2.836,470,240
1716231600,2.836,2.858,2.835,2.85,249,240
1716235200,2.85,2.863,2.83,2.859,326,240
1716238800,2.86,2.885,2.857,2.875,371,240
1716242400,2.875,2.884,2.87,2.879,185,240
1716246000,2.879,2.88,2.844,2.854,127,240
1716253200,2.876,2.891,2.872,2.885,107,280
1716256800,2.885,2.886,2.877,2.8810000000000002,67,270
1716260400,2.8810000000000002,2.883,2.873,2.876,127,250
1716264000,2.877,2.879,2.874,2.877,71,270
1716267600,2.877,2.878,2.872,2.874,51,270
1716271200,2.874,2.874,2.8689999999999998,2.873,50,270
1716274800,2.873,2.873,2.8689999999999998,2.871,68,260
1716278400,2.872,2.874,2.8689999999999998,2.872,67,270
1716282000,2.87,2.873,2.866,2.872,103,250
1716285600,2.872,2.902,2.871,2.899,185,250
1716289200,2.899,2.9,2.892,2.894,140,250
1716292800,2.895,2.9050000000000002,2.895,2.902,218,240
1716296400,2.9,2.9290000000000003,2.898,2.9290000000000003,285,240
1716300000,2.9290000000000003,2.931,2.883,2.883,391,220
1716303600,2.885,2.89,2.802,2.831,1095,230
1716307200,2.8289999999999997,2.875,2.81,2.875,932,230
1716310800,2.875,2.898,2.864,2.883,564,240
1716314400,2.883,2.894,2.859,2.8609999999999998,533,230
1716318000,2.862,2.871,2.857,2.859,316,240
1716321600,2.859,2.859,2.816,2.82,501,240
1716325200,2.8209999999999997,2.832,2.79,2.827,563,240
1716328800,2.828,2.841,2.827,2.8369999999999997,146,250
1716332400,2.836,2.8369999999999997,2.786,2.8,147,240
1716339600,2.819,2.826,2.817,2.825,79,280
1716343200,2.825,2.8289999999999997,2.824,2.825,77,270
1716346800,2.825,2.825,2.789,2.791,173,250
1716350400,2.79,2.799,2.789,2.793,100,260
1716354000,2.793,2.795,2.784,2.787,94,260
1716357600,2.787,2.791,2.784,2.786,88,260
1716361200,2.785,2.786,2.776,2.782,77,260
1716364800,2.782,2.787,2.779,2.786,80,270
1716368400,2.786,2.806,2.786,2.805,203,240
1716372000,2.805,2.811,2.793,2.797,193,250
1716375600,2.797,2.8040000000000003,2.792,2.799,189,250
1716379200,2.798,2.808,2.793,2.799,196,240
1716382800,2.798,2.81,2.784,2.8,346,230
1716386400,2.8,2.84,2.798,2.822,633,230
1716390000,2.822,2.832,2.785,2.823,900,230
1716393600,2.823,2.866,2.815,2.843,787,230
1716397200,2.843,2.891,2.842,2.888,472,230
1716400800,2.888,2.949,2.878,2.941,691,230
1716404400,2.941,2.981,2.941,2.965,638,230
1716408000,2.967,3.03,2.956,3.021,743,240
1716411600,3.022,3.048,2.982,2.984,901,240
1716415200,2.984,2.999,2.974,2.9939999999999998,334,240
1716418800,2.993,3.003,2.972,2.973,244,240
1716426000,2.993,2.993,2.974,2.983,137,270
1716429600,2.983,2.984,2.976,2.982,97,270
1716433200,2.983,3.005,2.9779999999999998,2.992,177,260
1716436800,2.992,3.0,2.9859999999999998,2.989,114,260
1716440400,2.989,2.991,2.987,2.99,80,260
1716444000,2.99,3.017,2.987,3.008,148,240
1716447600,3.008,3.012,3.001,3.01,109,260
1716451200,3.01,3.014,3.006,3.01,104,260
1716454800,3.011,3.019,3.006,3.006,157,250
1716458400,3.005,3.006,2.985,2.9859999999999998,251,240
1716462000,2.9859999999999998,3.004,2.984,2.9939999999999998,227,250
1716465600,2.9939999999999998,3.012,2.99,3.001,249,250
1716469200,3.001,3.025,3.001,3.024,244,250
1716472800,3.024,3.03,2.985,2.989,376,230
1716476400,2.989,3.079,2.989,3.066,889,230
1716480000,3.066,3.151,3.057,3.079,1166,230
1716483600,3.079,3.094,2.955,3.001,2216,220
1716487200,3.001,3.079,3.001,3.078,852,320
1716490800,3.078,3.084,2.981,2.984,882,310
1716494400,2.984,2.984,2.887,2.927,1395,250
1716498000,2.927,2.9459999999999997,2.903,2.934,705,250
1716501600,2.934,2.9379999999999997,2.928,2.9290000000000003,223,280
1716505200,2.9290000000000003,2.936,2.904,2.906,174,290
1716512400,2.927,2.9370000000000003,2.906,2.908,143,320
1716516000,2.908,2.908,2.8890000000000002,2.899,135,320
1716519600,2.898,2.914,2.891,2.912,158,310
1716523200,2.911,2.933,2.91,2.928,154,310
1716526800,2.928,2.939,2.924,2.935,103,320
1716530400,2.935,2.955,2.9290000000000003,2.93,141,310
1716534000,2.93,2.9459999999999997,2.927,2.944,89,320
1716537600,2.944,2.955,2.943,2.948,104,310
1716541200,2.948,2.9539999999999997,2.941,2.945,217,290
1716544800,2.945,2.956,2.934,2.943,327,290
1716548400,2.943,2.951,2.9210000000000003,2.928,306,280
1716552000,2.928,2.941,2.918,2.9290000000000003,543,280
1716555600,2.928,2.94,2.919,2.9210000000000003,247,270
1716559200,2.9210000000000003,2.9210000000000003,2.852,2.867,605,270
1716562800,2.866,2.866,2.8209999999999997,2.8289999999999997,904,250
1716566400,2.83,2.872,2.808,2.834,891,260
1716570000,2.834,2.851,2.814,2.841,541,270
1716573600,2.841,2.855,2.824,2.828,444,260
1716577200,2.828,2.828,2.799,2.8,392,260
1716580800,2.8,2.8040000000000003,2.8,2.803,6,280
1716858000,2.787,2.799,2.773,2.773,135,500
1716861600,2.773,2.777,2.757,2.768,143,420
1716865200,2.768,2.781,2.767,2.7800000000000002,115,420
1716868800,2.7800000000000002,2.782,2.769,2.776,73,420
1716872400,2.776,2.776,2.758,2.7640000000000002,110,420
1716876000,2.7640000000000002,2.773,2.758,2.76,82,420
1716879600,2.76,2.762,2.751,2.76,91,420
1716883200,2.76,2.76,2.743,2.752,83,420
1716886800,2.752,2.762,2.743,2.75,176,370
1716890400,2.751,2.753,2.735,2.742,132,360
1716894000,2.742,2.753,2.737,2.746,129,360
1716897600,2.746,2.751,2.73,2.731,146,360
1716901200,2.732,2.746,2.73,2.739,141,270
1716904800,2.739,2.7640000000000002,2.735,2.7560000000000002,318,260
1716908400,2.757,2.7960000000000003,2.74,2.7720000000000002,651,260
1716912000,2.7720000000000002,2.7800000000000002,2.74,2.771,748,260
1716915600,2.771,2.784,2.748,2.76,483,270
1716919200,2.76,2.802,2.754,2.7880000000000003,484,270
1716922800,2.7880000000000003,2.8040000000000003,2.776,2.798,395,260
1716926400,2.797,2.828,2.7960000000000003,2.827,555,270
1716930000,2.828,2.839,2.801,2.808,772,270
1716933600,2.808,2.827,2.807,2.823,228,280
1716937200,2.824,2.824,2.8040000000000003,2.818,128,280
1716944400,2.833,2.833,2.82,2.826,98,320
1716948000,2.826,2.836,2.825,2.836,59,320
1716951600,2.836,2.839,2.8129999999999997,2.8209999999999997,107,310
1716955200,2.8209999999999997,2.827,2.816,2.818,75,320
1716958800,2.818,2.8209999999999997,2.815,2.82,59,320
1716962400,2.82,2.8209999999999997,2.816,2.819,45,320
1716966000,2.819,2.824,2.815,2.82,81,320
1716969600,2.823,2.827,2.818,2.824,100,310
1716973200,2.824,2.833,2.819,2.826,155,290
1716976800,2.826,2.8289999999999997,2.807,2.822,200,280
1716980400,2.822,2.824,2.8120000000000003,2.815,128,280
1716984000,2.816,2.818,2.793,2.793,204,280
1716987600,2.793,2.8,2.79,2.798,147,270
1716991200,2.798,2.798,2.757,2.76,338,260
1716994800,2.76,2.799,2.746,2.75,678,250
1716998400,2.749,2.758,2.703,2.7039999999999997,683,260
1717002000,2.7039999999999997,2.713,2.681,2.693,567,240
1717005600,2.693,2.705,2.667,2.668,478,270
1717009200,2.668,2.692,2.665,2.67,367,270
1717012800,2.67,2.686,2.6550000000000002,2.681,455,280
1717016400,2.681,2.694,2.657,2.672,539,280
1717020000,2.672,2.673,2.658,2.658,172,280
1717023600,2.658,2.662,2.634,2.6390000000000002,91,290
1717030800,2.664,2.666,2.65,2.657,60,360
1717034400,2.653,2.657,2.651,2.656,47,320
1717038000,2.656,2.667,2.654,2.657,105,320
1717041600,2.654,2.661,2.652,2.6550000000000002,50,310
1717045200,2.652,2.657,2.651,2.6550000000000002,43,320
1717048800,2.652,2.656,2.65,2.653,37,320
1717052400,2.654,2.657,2.649,2.653,54,320
1717056000,2.653,2.659,2.649,2.6550000000000002,61,320
1717059600,2.6550000000000002,2.665,2.654,2.66,129,290
1717063200,2.66,2.6630000000000003,2.6550000000000002,2.659,110,290
1717066800,2.659,2.66,2.652,2.653,110,290
1717070400,2.653,2.653,2.6310000000000002,2.645,187,290
1717074000,2.645,2.675,2.642,2.6630000000000003,173,270
1717077600,2.664,2.682,2.657,2.664,276,260
1717081200,2.664,2.67,2.613,2.627,657,260
1717084800,2.627,2.638,2.591,2.6029999999999998,818,260
1717088400,2.6029999999999998,2.621,2.576,2.59,729,250
1717092000,2.59,2.617,2.583,2.612,408,270
1717095600,2.6109999999999998,2.628,2.605,2.621,367,260
1717099200,2.622,2.637,2.594,2.601,351,280
1717102800,2.601,2.604,2.575,2.5789999999999997,408,280
1717106400,2.5789999999999997,2.582,2.573,2.573,118,280
1717110000,2.573,2.58,2.564,2.565,100,280
1717117200,2.577,2.578,2.569,2.572,46,360
1717120800,2.572,2.577,2.568,2.577,52,320
1717124400,2.577,2.583,2.5629999999999997,2.566,113,310
1717128000,2.5629999999999997,2.566,2.56,2.5629999999999997,47,320
1717131600,2.5629999999999997,2.566,2.56,2.565,46,320
1717135200,2.565,2.568,2.5620000000000003,2.564,68,320
1717138800,2.564,2.565,2.561,2.564,26,320
1717142400,2.564,2.568,2.561,2.567,56,320
1717146000,2.567,2.5789999999999997,2.567,2.575,107,290
1717149600,2.575,2.58,2.561,2.565,103,290
1717153200,2.565,2.565,2.558,2.564,77,280
1717156800,2.564,2.57,2.56,2.5629999999999997,96,290
1717160400,2.5620000000000003,2.57,2.559,2.567,141,270
1717164000,2.567,2.5869999999999997,2.548,2.553,297,270
1717167600,2.553,2.577,2.537,2.56,639,270
1717171200,2.558,2.614,2.556,2.598,888,260
1717174800,2.598,2.607,2.57,2.581,519,250
1717178400,2.581,2.583,2.557,2.575,338,270
1717182000,2.575,2.588,2.5620000000000003,2.58,383,260
1717185600,2.58,2.597,2.5789999999999997,2.588,301,280
1717189200,2.588,2.636,2.584,2.6029999999999998,713,280
1717192800,2.6029999999999998,2.606,2.5789999999999997,2.583,172,280
1717196400,2.583,2.594,2.573,2.577,115,270
1717376400,2.667,2.691,2.654,2.6870000000000003,273,330
1717380000,2.6870000000000003,2.689,2.677,2.685,77,320
1717383600,2.682,2.724,2.68,2.715,208,310
1717387200,2.715,2.723,2.71,2.717,110,310
1717390800,2.718,2.723,2.713,2.719,102,320
1717394400,2.719,2.723,2.702,2.7039999999999997,98,320
1717398000,2.7039999999999997,2.7119999999999997,2.702,2.707,65,320
1717401600,2.707,2.719,2.7039999999999997,2.7039999999999997,111,310
1717405200,2.7039999999999997,2.707,2.691,2.702,208,290
1717408800,2.703,2.708,2.694,2.702,183,280
1717412400,2.702,2.7199999999999998,2.69,2.715,254,280
1717416000,2.716,2.734,2.711,2.733,254,290
1717419600,2.733,2.735,2.7119999999999997,2.723,262,270
1717423200,2.723,2.723,2.68,2.682,495,260
1717426800,2.683,2.806,2.68,2.778,1150,250
1717430400,2.778,2.784,2.733,2.737,1039,260
1717434000,2.737,2.758,2.664,2.6710000000000003,820,260
1717437600,2.6710000000000003,2.6870000000000003,2.64,2.658,731,250
1717441200,2.658,2.703,2.657,2.697,597,260
1717444800,2.697,2.726,2.685,2.726,454,260
1717448400,2.726,2.774,2.722,2.7640000000000002,805,270
1717452000,2.7640000000000002,2.7800000000000002,2.7640000000000002,2.771,256,280
1717455600,2.771,2.781,2.745,2.75,184,280
1717462800,2.77,2.7720000000000002,2.7640000000000002,2.765,91,360
1717466400,2.766,2.768,2.76,2.767,70,330
1717470000,2.767,2.779,2.762,2.773,106,320
1717473600,2.773,2.778,2.768,2.771,52,320
1717477200,2.771,2.7720000000000002,2.7640000000000002,2.769,44,320
1717480800,2.769,2.769,2.757,2.761,79,310
1717484400,2.761,2.763,2.751,2.7560000000000002,76,310
1717488000,2.7560000000000002,2.7560000000000002,2.75,2.752,78,320
1717491600,2.753,2.761,2.745,2.745,110,290
1717495200,2.745,2.755,2.735,2.7359999999999998,185,280
1717498800,2.7359999999999998,2.7800000000000002,2.735,2.7720000000000002,339,280
1717502400,2.7720000000000002,2.776,2.759,2.769,263,290
1717506000,2.769,2.801,2.753,2.797,323,270
1717509600,2.7960000000000003,2.836,2.791,2.83,523,250
1717513200,2.83,2.83,2.75,2.757,1026,260
1717516800,2.757,2.766,2.71,2.735,1043,260
1717520400,2.735,2.74,2.691,2.703,680,230
1717524000,2.703,2.741,2.695,2.73,522,240
1717527600,2.729,2.731,2.683,2.684,475,230
1717531200,2.683,2.701,2.613,2.623,865,230
1717534800,2.623,2.6390000000000002,2.6029999999999998,2.614,713,230
1717538400,2.614,2.667,2.609,2.654,479,240
1717542000,2.654,2.654,2.6189999999999998,2.62,318,230
1717549200,2.646,2.653,2.637,2.646,96,280
1717552800,2.645,2.657,2.643,2.657,85,270
1717556400,2.657,2.66,2.652,2.659,141,260
1717560000,2.657,2.664,2.654,2.662,98,270
1717563600,2.662,2.676,2.661,2.6710000000000003,107,260
1717567200,2.6710000000000003,2.672,2.666,2.668,78,260
1717570800,2.67,2.68,2.669,2.673,95,260
1717574400,2.673,2.675,2.666,2.668,95,260
1717578000,2.668,2.684,2.66,2.677,195,250
1717581600,2.677,2.677,2.659,2.669,218,250
1717585200,2.668,2.682,2.665,2.667,175,250
1717588800,2.667,2.674,2.653,2.654,201,240
1717592400,2.653,2.664,2.641,2.66,237,240
1717596000,2.66,2.684,2.644,2.657,467,230
1717599600,2.657,2.701,2.632,2.697,851,230
1717603200,2.697,2.722,2.659,2.686,1189,230
1717606800,2.686,2.747,2.68,2.726,673,230
1717610400,2.726,2.787,2.723,2.774,669,230
1717614000,2.775,2.776,2.742,2.749,649,210
1717617600,2.749,2.7720000000000002,2.7359999999999998,2.765,581,240
1717621200,2.765,2.808,2.752,2.7960000000000003,664,240
1717624800,2.7960000000000003,2.808,2.786,2.791,297,240
1717628400,2.791,2.793,2.761,2.768,147,250
1717635600,2.787,2.791,2.7800000000000002,2.789,98,280
1717639200,2.79,2.791,2.773,2.774,85,260
1717642800,2.775,2.803,2.77,2.802,135,260
1717646400,2.802,2.806,2.794,2.794,111,260
1717650000,2.794,2.7960000000000003,2.789,2.792,84,250
1717653600,2.79,2.793,2.783,2.787,90,260
1717657200,2.7880000000000003,2.794,2.787,2.793,90,260
1717660800,2.793,2.795,2.784,2.7880000000000003,92,260
1717664400,2.7880000000000003,2.789,2.779,2.781,151,250
1717668000,2.781,2.783,2.7720000000000002,2.775,161,240
1717671600,2.774,2.786,2.754,2.7640000000000002,235,240
1717675200,2.7640000000000002,2.797,2.761,2.792,304,240
1717678800,2.792,2.809,2.785,2.7960000000000003,274,240
1717682400,2.7960000000000003,2.842,2.791,2.84,521,230
1717686000,2.84,2.8890000000000002,2.839,2.876,819,230
1717689600,2.876,2.903,2.85,2.8810000000000002,896,230
1717693200,2.8810000000000002,2.89,2.798,2.8040000000000003,1114,220
1717696800,2.8040000000000003,2.8449999999999998,2.799,2.8120000000000003,630,230
1717700400,2.8120000000000003,2.8129999999999997,2.7720000000000002,2.795,618,230
1717704000,2.794,2.838,2.79,2.832,406,240
1717707600,2.832,2.863,2.815,2.863,499,230
1717711200,2.863,2.863,2.842,2.846,144,240
1717714800,2.846,2.849,2.818,2.819,160,240
1717722000,2.841,2.849,2.839,2.8449999999999998,71,270
1717725600,2.8449999999999998,2.87,2.8449999999999998,2.868,107,270
1717729200,2.868,2.868,2.854,2.865,186,260
1717732800,2.865,2.8689999999999998,2.859,2.859,109,260
1717736400,2.8609999999999998,2.865,2.86,2.863,98,260
1717740000,2.863,2.87,2.8609999999999998,2.863,109,260
1717743600,2.865,2.871,2.864,2.8689999999999998,88,260
1717747200,2.8689999999999998,2.871,2.859,2.864,95,250
1717750800,2.864,2.864,2.857,2.862,119,250
1717754400,2.862,2.876,2.86,2.866,140,250
1717758000,2.866,2.87,2.858,2.858,133,250
1717761600,2.856,2.8609999999999998,2.852,2.857,158,250
1717765200,2.857,2.8890000000000002,2.855,2.885,218,240
1717768800,2.885,2.917,2.874,2.9130000000000003,387,230
1717772400,2.9130000000000003,2.934,2.849,2.879,863,240
1717776000,2.878,2.9050000000000002,2.828,2.896,1132,250
1717779600,2.896,2.948,2.885,2.9459999999999997,875,230
1717783200,2.945,2.96,2.922,2.934,646,220
1717786800,2.934,2.959,2.9210000000000003,2.95,448,230
1717790400,2.949,2.998,2.949,2.9619999999999997,624,240
1717794000,2.965,2.9699999999999998,2.922,2.951,633,320
1717797600,2.951,2.979,2.95,2.9779999999999998,237,350
1717801200,2.9779999999999998,2.979,2.9459999999999997,2.9539999999999997,168,360
1717981200,3.006,3.026,2.99,3.018,229,470
1717984800,3.018,3.019,2.998,3.01,124,420
1717988400,3.01,3.012,2.999,3.008,110,420
1717992000,3.007,3.012,2.999,3.007,82,420
1717995600,3.007,3.012,3.001,3.009,60,420
1717999200,3.009,3.014,2.998,3.014,75,410
1718002800,3.013,3.015,3.006,3.011,76,420
1718006400,3.011,3.016,3.005,3.01,100,420
1718010000,3.01,3.023,3.007,3.019,152,370
1718013600,3.015,3.018,3.001,3.002,122,360
1718017200,3.003,3.01,3.002,3.01,68,300
1718020800,3.01,3.019,2.9939999999999998,3.018,167,280
1718024400,3.018,3.048,3.018,3.043,305,270
1718028000,3.043,3.08,3.037,3.078,459,260
1718031600,3.077,3.127,3.07,3.084,925,240
1718035200,3.086,3.114,3.071,3.101,1134,260
1718038800,3.101,3.105,3.059,3.078,795,320
1718042400,3.078,3.113,3.068,3.089,544,300
1718046000,3.091,3.091,3.008,3.013,782,310
1718049600,3.013,3.016,2.9130000000000003,2.9210000000000003,1318,330
1718053200,2.9210000000000003,2.967,2.902,2.958,927,330
1718056800,2.957,2.975,2.951,2.972,220,340
1718060400,2.972,3.001,2.965,2.993,210,350
1718067600,3.007,3.035,2.989,3.034,157,420
1718071200,3.034,3.035,3.017,3.028,101,420
1718074800,3.032,3.035,3.018,3.033,93,410
1718078400,3.033,3.056,3.031,3.043,177,420
1718082000,3.043,3.05,3.038,3.04,95,420
1718085600,3.04,3.043,3.024,3.035,108,410
1718089200,3.035,3.039,3.025,3.03,81,430
1718092800,3.031,3.046,3.025,3.042,133,420
1718096400,3.042,3.052,3.032,3.051,153,370
1718100000,3.051,3.058,3.046,3.054,118,260
1718103600,3.054,3.058,3.047,3.056,111,290
1718107200,3.055,3.099,3.051,3.084,266,290
1718110800,3.084,3.105,3.081,3.097,378,270
1718114400,3.095,3.109,3.069,3.069,463,270
1718118000,3.069,3.089,3.028,3.079,1121,260
1718121600,3.079,3.09,3.042,3.046,1111,250
1718125200,3.046,3.087,3.033,3.078,706,260
1718128800,3.078,3.1,3.043,3.067,628,250
1718132400,3.067,3.095,3.062,3.077,536,260
1718136000,3.077,3.106,3.064,3.106,440,280
1718139600,3.106,3.178,3.106,3.171,781,280
1718143200,3.171,3.177,3.146,3.173,395,270
1718146800,3.173,3.189,3.163,3.168,224,280
1718182800,3.125,3.13,3.125,3.126,10,600
1718186400,3.126,3.14,3.11,3.134,95,360
1718190000,3.135,3.14,3.122,3.13,143,360
1718193600,3.13,3.13,3.104,3.108,136,360
1718197200,3.109,3.1189999999999998,3.096,3.107,207,330
1718200800,3.107,3.123,3.078,3.1189999999999998,429,290
1718204400,3.118,3.1310000000000002,3.084,3.092,840,320
1718208000,3.092,3.155,3.078,3.112,1232,310
1718211600,3.112,3.157,3.112,3.122,743,320
1718215200,3.122,3.132,3.074,3.079,593,310
1718218800,3.078,3.083,3.04,3.074,685,320
1718222400,3.074,3.096,3.061,3.074,453,340
1718226000,3.074,3.097,3.059,3.089,642,280
1718229600,3.089,3.094,3.074,3.081,234,280
1718233200,3.081,3.093,3.054,3.057,173,290
1718240400,3.072,3.095,3.069,3.091,87,320
1718244000,3.091,3.091,3.083,3.084,52,320
1718247600,3.084,3.091,3.078,3.09,80,320
1718251200,3.09,3.091,3.067,3.068,83,300
1718254800,3.068,3.074,3.065,3.072,76,320
1718258400,3.072,3.074,3.066,3.072,72,310
1718262000,3.072,3.081,3.067,3.074,88,320
1718265600,3.075,3.076,3.07,3.074,67,310
1718269200,3.073,3.09,3.07,3.089,102,290
1718272800,3.09,3.113,3.09,3.105,307,280
1718276400,3.105,3.135,3.104,3.133,292,290
1718280000,3.133,3.14,3.105,3.108,357,280
1718283600,3.109,3.111,3.072,3.085,351,270
1718287200,3.085,3.095,3.019,3.03,663,240
1718290800,3.03,3.053,3.006,3.02,749,250
1718294400,3.021,3.072,3.02,3.066,1023,260
1718298000,3.066,3.07,2.949,2.993,1364,260
1718301600,2.993,3.021,2.966,3.016,791,250
1718305200,3.016,3.046,2.998,3.01,605,250
1718308800,3.01,3.033,2.999,3.006,492,270
1718312400,3.006,3.016,2.992,2.999,544,270
1718316000,2.999,3.001,2.98,2.983,200,280
1718319600,2.982,2.987,2.95,2.955,148,260
1718326800,2.973,2.981,2.964,2.975,96,350
1718330400,2.975,2.987,2.9699999999999998,2.982,90,320
1718334000,2.982,2.988,2.979,2.98,99,310
1718337600,2.98,2.983,2.977,2.982,61,320
1718341200,2.982,2.984,2.976,2.981,53,310
1718344800,2.9779999999999998,2.99,2.9779999999999998,2.989,58,320
1718348400,2.989,2.991,2.979,2.987,75,310
1718352000,2.987,2.992,2.982,2.989,59,320
1718355600,2.989,2.99,2.982,2.989,82,290
1718359200,2.99,3.017,2.99,3.01,206,280
1718362800,3.01,3.022,3.004,3.019,185,280
1718366400,3.018,3.036,3.016,3.02,228,290
1718370000,3.016,3.033,2.995,3.021,384,270
1718373600,3.021,3.044,2.998,3.009,456,250
1718377200,3.009,3.01,2.955,2.965,869,260
1718380800,2.968,3.023,2.956,3.006,891,260
1718384400,3.006,3.022,2.979,3.003,664,240
1718388000,3.003,3.003,2.945,2.95,567,260
1718391600,2.95,2.982,2.947,2.974,399,270
1718395200,2.974,2.974,2.9370000000000003,2.944,374,280
1718398800,2.944,2.952,2.928,2.95,492,280
1718402400,2.95,2.9539999999999997,2.945,2.95,177,280
1718406000,2.951,2.953,2.925,2.928,127,280
1718586000,2.8890000000000002,2.89,2.865,2.877,204,310
1718589600,2.877,2.877,2.865,2.871,69,320
1718593200,2.871,2.884,2.87,2.872,94,310
1718596800,2.872,2.876,2.868,2.874,65,310
1718600400,2.874,2.877,2.868,2.868,66,310
1718604000,2.868,2.871,2.866,2.87,51,320
1718607600,2.867,2.872,2.866,2.871,60,320
1718611200,2.871,2.875,2.867,2.873,73,320
1718614800,2.873,2.875,2.858,2.873,144,290
1718618400,2.873,2.89,2.873,2.879,189,280
1718622000,2.879,2.886,2.875,2.877,127,280
1718625600,2.877,2.883,2.867,2.874,160,270
1718629200,2.874,2.878,2.849,2.86,187,270
1718632800,2.86,2.901,2.859,2.879,376,250
1718636400,2.879,2.898,2.854,2.863,596,250
1718640000,2.863,2.886,2.846,2.8529999999999998,735,250
1718643600,2.8529999999999998,2.862,2.825,2.828,512,230
1718647200,2.828,2.858,2.8209999999999997,2.856,511,230
1718650800,2.856,2.864,2.844,2.8609999999999998,374,230
1718654400,2.862,2.875,2.841,2.875,367,240
1718658000,2.874,2.884,2.844,2.857,460,240
1718661600,2.857,2.858,2.849,2.85,171,240
1718665200,2.85,2.8529999999999998,2.831,2.833,128,250
1718672400,2.854,2.858,2.843,2.847,81,270
1718676000,2.847,2.86,2.847,2.854,96,270
1718679600,2.855,2.865,2.855,2.864,100,260
1718683200,2.864,2.867,2.858,2.86,68,260
1718686800,2.86,2.8689999999999998,2.859,2.866,63,270
1718690400,2.865,2.87,2.864,2.866,66,270
1718694000,2.866,2.879,2.866,2.877,104,260
1718697600,2.877,2.882,2.874,2.8810000000000002,99,260
1718701200,2.8810000000000002,2.885,2.866,2.872,179,250
1718704800,2.872,2.877,2.862,2.864,127,250
1718708400,2.863,2.868,2.8529999999999998,2.867,181,240
1718712000,2.866,2.8810000000000002,2.863,2.866,157,250
1718715600,2.866,2.888,2.86,2.882,276,240
1718719200,2.882,2.918,2.867,2.904,391,240
1718722800,2.904,2.936,2.892,2.898,715,230
1718726400,2.898,2.91,2.858,2.904,805,220
1718730000,2.904,2.936,2.904,2.931,516,230
1718733600,2.931,2.949,2.919,2.934,453,240
1718737200,2.934,2.955,2.911,2.953,470,230
1718740800,2.953,2.979,2.943,2.968,402,240
1718744400,2.968,2.983,2.96,2.971,502,240
1718748000,2.971,2.981,2.971,2.973,156,240
1718751600,2.973,2.976,2.955,2.957,124,250
1718845200,2.976,2.9779999999999998,2.969,2.9699999999999998,82,280
1718848800,2.9699999999999998,2.979,2.969,2.9779999999999998,120,270
1718852400,2.9779999999999998,3.009,2.977,3.005,138,260
1718856000,3.005,3.012,3.0,3.002,122,260
1718859600,3.002,3.003,2.997,3.0,94,260
1718863200,3.0,3.0,2.982,2.984,109,260
1718866800,2.984,2.9859999999999998,2.976,2.976,86,250
1718870400,2.976,2.977,2.9539999999999997,2.957,113,250
1718874000,2.957,2.958,2.943,2.948,136,250
1718877600,2.948,2.955,2.943,2.9459999999999997,195,250
1718881200,2.9459999999999997,2.948,2.93,2.931,122,240
1718884800,2.931,2.933,2.92,2.927,218,230
1718888400,2.928,2.9370000000000003,2.924,2.932,186,240
1718892000,2.932,2.932,2.8970000000000002,2.909,361,240
1718895600,2.909,2.933,2.895,2.923,584,230
1718899200,2.923,2.923,2.877,2.896,751,230
1718902800,2.896,2.9,2.872,2.8890000000000002,360,240
1718906400,2.8890000000000002,2.8890000000000002,2.864,2.874,338,230
1718910000,2.874,2.874,2.849,2.857,335,230
1718913600,2.857,2.857,2.82,2.847,535,230
1718917200,2.847,2.85,2.8289999999999997,2.84,525,230
1718920800,2.84,2.84,2.822,2.832,209,280
1718924400,2.832,2.838,2.807,2.81,110,290
1718931600,2.8209999999999997,2.828,2.815,2.827,100,320
1718935200,2.827,2.835,2.8209999999999997,2.835,63,320
1718938800,2.835,2.84,2.819,2.824,123,310
1718942400,2.825,2.826,2.819,2.822,108,300
1718946000,2.8209999999999997,2.825,2.818,2.822,58,310
1718949600,2.822,2.8289999999999997,2.8209999999999997,2.828,53,320
1718953200,2.828,2.832,2.8209999999999997,2.825,74,310
1718956800,2.823,2.827,2.819,2.8209999999999997,85,320
1718960400,2.822,2.8289999999999997,2.819,2.828,107,290
1718964000,2.828,2.832,2.791,2.794,169,280
1718967600,2.794,2.802,2.789,2.792,152,280
1718971200,2.791,2.794,2.781,2.787,161,270
1718974800,2.787,2.806,2.785,2.789,249,270
1718978400,2.789,2.819,2.778,2.816,356,270
1718982000,2.816,2.852,2.8120000000000003,2.85,512,260
1718985600,2.85,2.871,2.825,2.857,612,250
1718989200,2.857,2.863,2.81,2.815,854,260
1718992800,2.815,2.857,2.811,2.85,452,270
1718996400,2.85,2.856,2.819,2.833,343,260
1719000000,2.833,2.834,2.8120000000000003,2.824,370,270
1719003600,2.824,2.828,2.8129999999999997,2.823,313,280
1719007200,2.824,2.828,2.817,2.822,159,280
1719010800,2.822,2.835,2.809,2.815,137,290
1719190800,2.776,2.801,2.773,2.789,143,320
1719194400,2.789,2.793,2.785,2.79,91,310
1719198000,2.79,2.797,2.789,2.7960000000000003,79,310
1719201600,2.7960000000000003,2.798,2.787,2.787,82,310
1719205200,2.787,2.79,2.783,2.79,57,320
1719208800,2.79,2.8,2.787,2.797,48,320
1719212400,2.797,2.799,2.795,2.7960000000000003,50,320
1719216000,2.799,2.8,2.791,2.794,65,320
1719219600,2.794,2.795,2.781,2.795,117,290
1719223200,2.7960000000000003,2.828,2.792,2.827,177,290
1719226800,2.827,2.827,2.811,2.8129999999999997,151,280
1719230400,2.814,2.831,2.805,2.826,174,280
1719234000,2.826,2.8369999999999997,2.823,2.83,145,270
1719237600,2.83,2.858,2.802,2.8040000000000003,348,260
1719241200,2.8040000000000003,2.816,2.787,2.8040000000000003,552,240
1719244800,2.803,2.8449999999999998,2.775,2.835,759,250
1719248400,2.835,2.8970000000000002,2.831,2.866,837,260
1719252000,2.8689999999999998,2.884,2.8609999999999998,2.8689999999999998,332,260
1719255600,2.8689999999999998,2.898,2.865,2.888,271,260
1719259200,2.888,2.895,2.866,2.883,361,270
1719262800,2.883,2.934,2.883,2.9210000000000003,644,270
1719266400,2.9210000000000003,2.934,2.915,2.931,263,280
1719270000,2.931,2.934,2.898,2.899,132,280
1719277200,2.915,2.918,2.907,2.91,121,320
1719280800,2.91,2.9130000000000003,2.9050000000000002,2.908,84,320
1719284400,2.908,2.911,2.901,2.908,128,310
1719288000,2.909,2.912,2.8970000000000002,2.903,196,310
1719291600,2.903,2.908,2.8970000000000002,2.904,90,310
1719295200,2.904,2.906,2.895,2.902,79,300
1719298800,2.899,2.92,2.899,2.911,118,320
1719302400,2.91,2.914,2.908,2.912,97,320
1719306000,2.912,2.916,2.9050000000000002,2.912,113,290
1719309600,2.914,2.915,2.8970000000000002,2.912,169,280
1719313200,2.912,2.916,2.911,2.916,80,290
1719316800,2.916,2.918,2.907,2.915,121,290
1719320400,2.916,2.932,2.912,2.916,219,270
1719324000,2.916,2.925,2.871,2.875,348,270
1719327600,2.875,2.893,2.85,2.867,752,260
1719331200,2.866,2.875,2.843,2.849,719,260
1719334800,2.849,2.863,2.842,2.86,440,270
1719338400,2.8609999999999998,2.883,2.856,2.876,424,270
1719342000,2.877,2.9,2.868,2.8689999999999998,384,270
1719345600,2.8689999999999998,2.871,2.851,2.8529999999999998,362,240
1719349200,2.852,2.863,2.824,2.8289999999999997,542,230
1719352800,2.8289999999999997,2.834,2.815,2.823,236,240
1719356400,2.823,2.838,2.818,2.823,142,240
1719363600,2.84,2.841,2.824,2.831,115,280
1719367200,2.831,2.833,2.824,2.825,69,270
1719370800,2.832,2.843,2.831,2.841,107,250
1719374400,2.842,2.842,2.8369999999999997,2.841,72,260
1719378000,2.841,2.842,2.833,2.834,112,260
1719381600,2.834,2.8369999999999997,2.833,2.833,61,270
1719385200,2.833,2.834,2.83,2.833,65,270
1719388800,2.833,2.834,2.831,2.833,57,260
1719392400,2.833,2.84,2.823,2.824,129,250
1719396000,2.824,2.8289999999999997,2.81,2.8120000000000003,153,240
1719399600,2.811,2.825,2.81,2.818,119,240
1719403200,2.815,2.8209999999999997,2.797,2.801,170,240
1719406800,2.801,2.802,2.789,2.791,199,240
1719410400,2.791,2.81,2.778,2.781,295,220
1719414000,2.781,2.808,2.7800000000000002,2.79,571,230
1719417600,2.79,2.798,2.763,2.779,812,230
1719421200,2.778,2.782,2.766,2.782,443,240
1719424800,2.782,2.792,2.748,2.76,368,230
1719428400,2.759,2.7640000000000002,2.739,2.761,305,230
1719432000,2.762,2.762,2.739,2.743,316,240
1719435600,2.7439999999999998,2.748,2.717,2.727,580,240
1719439200,2.727,2.7279999999999998,2.721,2.723,145,230
1719442800,2.724,2.73,2.703,2.707,165,240
1719450000,2.716,2.7199999999999998,2.702,2.7039999999999997,103,280
1719453600,2.7039999999999997,2.711,2.702,2.71,84,270
1719457200,2.71,2.724,2.71,2.717,106,270
1719460800,2.717,2.735,2.717,2.726,120,260
1719464400,2.726,2.732,2.724,2.731,74,260
1719468000,2.73,2.737,2.727,2.737,48,260
1719471600,2.7359999999999998,2.741,2.733,2.738,63,270
1719475200,2.738,2.7439999999999998,2.7359999999999998,2.741,71,270
1719478800,2.74,2.746,2.731,2.733,100,250
1719482400,2.733,2.745,2.724,2.7359999999999998,187,250
1719486000,2.735,2.742,2.733,2.737,108,240
1719489600,2.737,2.738,2.729,2.731,107,250
1719493200,2.731,2.769,2.731,2.7640000000000002,192,230
1719496800,2.7640000000000002,2.7640000000000002,2.71,2.7199999999999998,375,220
1719500400,2.719,2.737,2.69,2.7359999999999998,656,230
1719504000,2.7359999999999998,2.7359999999999998,2.694,2.697,722,220
1719507600,2.697,2.748,2.673,2.729,885,220
1719511200,2.729,2.739,2.711,2.73,556,220
1719514800,2.73,2.733,2.681,2.698,460,230
1719518400,2.698,2.715,2.6870000000000003,2.691,498,240
1719522000,2.691,2.691,2.658,2.668,485,240
1719525600,2.668,2.6790000000000003,2.668,2.675,142,240
1719529200,2.675,2.682,2.659,2.667,126,250
1719536400,2.681,2.682,2.6710000000000003,2.677,82,350
1719540000,2.677,2.684,2.67,2.684,60,320
1719543600,2.684,2.69,2.682,2.684,98,320
1719547200,2.684,2.69,2.6790000000000003,2.6879999999999997,74,310
1719550800,2.6879999999999997,2.69,2.684,2.6870000000000003,51,310
1719554400,2.684,2.694,2.684,2.689,62,320
1719558000,2.691,2.697,2.6879999999999997,2.691,60,320
1719561600,2.691,2.6959999999999997,2.6879999999999997,2.689,59,320
1719565200,2.689,2.694,2.6879999999999997,2.692,63,290
1719568800,2.692,2.705,2.682,2.699,114,280
1719572400,2.699,2.7039999999999997,2.693,2.701,94,290
1719576000,2.701,2.719,2.697,2.717,102,280
1719579600,2.717,2.719,2.709,2.71,138,270
1719583200,2.71,2.735,2.708,2.729,242,250
1719586800,2.73,2.745,2.694,2.713,519,260
1719590400,2.713,2.713,2.637,2.64,683,250
1719594000,2.64,2.643,2.615,2.623,531,260
1719597600,2.623,2.629,2.609,2.61,371,270
1719601200,2.61,2.62,2.596,2.596,385,260
1719604800,2.596,2.606,2.581,2.584,275,270
1719608400,2.584,2.6109999999999998,2.5789999999999997,2.59,497,270
1719612000,2.59,2.593,2.583,2.59,175,280
1719615600,2.59,2.598,2.559,2.559,113,290
1719795600,2.551,2.57,2.55,2.57,162,340
1719799200,2.57,2.581,2.57,2.578,134,320
1719802800,2.578,2.584,2.565,2.568,142,300
1719806400,2.568,2.569,2.558,2.561,105,310
1719810000,2.561,2.561,2.55,2.55,89,310
1719813600,2.553,2.556,2.55,2.552,57,320
1719817200,2.552,2.553,2.543,2.547,59,320
1719820800,2.548,2.556,2.545,2.555,50,320
1719824400,2.5540000000000003,2.5620000000000003,2.553,2.559,94,290
1719828000,2.558,2.569,2.557,2.557,98,290
1719831600,2.558,2.56,2.552,2.555,95,290
1719835200,2.555,2.5629999999999997,2.541,2.547,183,290
1719838800,2.547,2.555,2.542,2.543,123,270
1719842400,2.543,2.566,2.54,2.541,330,260
1719846000,2.541,2.544,2.515,2.543,478,270
1719849600,2.543,2.559,2.5300000000000002,2.542,654,260
1719853200,2.542,2.545,2.487,2.493,568,260
1719856800,2.493,2.497,2.482,2.4939999999999998,328,270
1719860400,2.4939999999999998,2.495,2.481,2.485,273,260
1719864000,2.485,2.496,2.483,2.484,263,280
1719867600,2.484,2.4859999999999998,2.465,2.473,313,280
1719871200,2.473,2.473,2.464,2.467,118,280
1719874800,2.467,2.467,2.447,2.447,91,280
1719882000,2.459,2.4699999999999998,2.459,2.465,68,350
1719885600,2.468,2.4699999999999998,2.463,2.464,47,320
1719889200,2.464,2.468,2.457,2.457,83,320
1719892800,2.46,2.46,2.449,2.453,98,310
1719896400,2.453,2.454,2.446,2.453,75,320
1719900000,2.452,2.453,2.447,2.451,51,320
1719903600,2.448,2.459,2.448,2.457,58,320
1719907200,2.457,2.457,2.451,2.455,61,320
1719910800,2.455,2.464,2.453,2.46,93,300
1719914400,2.46,2.46,2.451,2.453,76,290
1719918000,2.453,2.466,2.45,2.462,91,290
1719921600,2.462,2.462,2.453,2.453,114,270
1719925200,2.453,2.459,2.436,2.451,217,270
1719928800,2.451,2.468,2.428,2.429,381,240
1719932400,2.429,2.451,2.421,2.445,618,260
1719936000,2.445,2.456,2.428,2.431,673,260
1719939600,2.431,2.442,2.416,2.426,437,260
1719943200,2.425,2.438,2.414,2.435,372,270
1719946800,2.435,2.438,2.418,2.42,258,270
1719950400,2.42,2.44,2.41,2.44,281,280
1719954000,2.44,2.447,2.426,2.442,366,280
1719957600,2.442,2.451,2.437,2.448,167,280
1719961200,2.448,2.469,2.436,2.446,217,280
1719968400,2.457,2.457,2.441,2.444,75,320
1719972000,2.444,2.453,2.439,2.453,66,320
1719975600,2.453,2.458,2.451,2.455,84,310
1719979200,2.455,2.455,2.446,2.446,73,310
1719982800,2.446,2.449,2.437,2.441,58,310
1719986400,2.443,2.444,2.439,2.442,39,320
1719990000,2.442,2.442,2.437,2.437,55,320
1719993600,2.437,2.438,2.433,2.437,74,320
1719997200,2.437,2.44,2.432,2.44,76,290
1720000800,2.44,2.448,2.431,2.443,126,280
1720004400,2.444,2.448,2.437,2.438,93,290
1720008000,2.439,2.441,2.429,2.433,128,290
1720011600,2.433,2.437,2.429,2.431,102,270
1720015200,2.431,2.439,2.42,2.436,254,260
1720018800,2.436,2.456,2.429,2.437,484,260
1720022400,2.437,2.437,2.407,2.42,517,260
1720026000,2.42,2.476,2.419,2.469,570,260
1720029600,2.469,2.4699999999999998,2.448,2.45,319,260
1720033200,2.45,2.458,2.426,2.44,524,250
1720036800,2.441,2.441,2.421,2.425,232,280
1720040400,2.425,2.426,2.411,2.423,299,280
1720044000,2.423,2.424,2.415,2.416,136,280
1720047600,2.416,2.424,2.402,2.403,90,280
1720054800,2.417,2.42,2.412,2.414,58,350
1720058400,2.419,2.426,2.416,2.425,39,320
1720062000,2.425,2.428,2.421,2.424,59,320
1720065600,2.424,2.428,2.421,2.424,32,320
1720069200,2.426,2.43,2.424,2.43,29,320
1720072800,2.43,2.431,2.425,2.426,36,320
1720076400,2.429,2.434,2.427,2.431,44,320
1720080000,2.433,2.435,2.43,2.43,45,310
1720083600,2.43,2.43,2.422,2.426,77,290
1720087200,2.426,2.43,2.422,2.422,84,290
1720090800,2.422,2.428,2.419,2.426,70,290
1720094400,2.424,2.431,2.423,2.426,83,290
1720098000,2.427,2.428,2.407,2.411,121,270
1720101600,2.41,2.411,2.393,2.406,161,270
1720105200,2.406,2.406,2.373,2.375,254,260
1720108800,2.375,2.385,2.367,2.37,304,270
1720112400,2.37,2.371,2.337,2.339,291,260
1720116000,2.339,2.352,2.339,2.351,285,270
1720119600,2.351,2.368,2.347,2.362,173,260
1720123200,2.363,2.363,2.3529999999999998,2.363,40,280
1720141200,2.373,2.376,2.366,2.368,124,350
1720144800,2.364,2.372,2.3609999999999998,2.371,51,320
1720148400,2.371,2.378,2.365,2.368,85,320
1720152000,2.368,2.3689999999999998,2.362,2.364,77,320
1720155600,2.365,2.365,2.36,2.364,60,320
1720159200,2.364,2.365,2.3609999999999998,2.363,44,320
1720162800,2.362,2.363,2.35,2.351,85,320
1720166400,2.351,2.356,2.35,2.356,88,320
1720170000,2.356,2.367,2.35,2.367,109,290
1720173600,2.367,2.377,2.358,2.362,132,290
1720177200,2.362,2.371,2.3609999999999998,2.3689999999999998,115,290
1720180800,2.3689999999999998,2.37,2.347,2.349,125,280
1720184400,2.348,2.3529999999999998,2.336,2.339,134,270
1720188000,2.339,2.37,2.339,2.37,270,270
1720191600,2.37,2.399,2.364,2.382,482,260
1720195200,2.382,2.406,2.362,2.382,604,260
1720198800,2.382,2.383,2.366,2.378,324,270
1720202400,2.378,2.378,2.351,2.3529999999999998,343,270
1720206000,2.352,2.354,2.332,2.334,262,270
1720209600,2.334,2.342,2.331,2.333,264,280
1720213200,2.333,2.334,2.317,2.326,322,270
1720216800,2.326,2.333,2.321,2.331,159,280
1720220400,2.331,2.331,2.305,2.315,95,290
1720400400,2.284,2.309,2.273,2.302,226,320
1720404000,2.302,2.317,2.299,2.317,72,320
1720407600,2.316,2.324,2.314,2.322,125,310
1720411200,2.323,2.338,2.321,2.338,76,320
1720414800,2.338,2.34,2.334,2.336,100,300
1720418400,2.336,2.343,2.334,2.342,57,310
1720422000,2.341,2.348,2.34,2.341,78,310
1720425600,2.344,2.3449999999999998,2.339,2.341,57,320
1720429200,2.342,2.342,2.331,2.332,88,290
1720432800,2.332,2.336,2.32,2.323,159,280
1720436400,2.324,2.331,2.314,2.316,132,280
1720440000,2.316,2.325,2.311,2.325,181,280
1720443600,2.325,2.325,2.309,2.315,157,270
1720447200,2.315,2.351,2.309,2.346,275,260
1720450800,2.346,2.391,2.31,2.382,660,240
1720454400,2.382,2.385,2.351,2.354,579,240
1720458000,2.354,2.358,2.3449999999999998,2.349,257,240
1720461600,2.349,2.372,2.347,2.356,264,240
1720465200,2.356,2.371,2.352,2.359,272,240
1720468800,2.359,2.382,2.348,2.371,306,250
1720472400,2.372,2.382,2.357,2.364,471,240
1720476000,2.364,2.367,2.3609999999999998,2.366,120,250
1720479600,2.366,2.367,2.346,2.351,99,240
1720486800,2.366,2.371,2.36,2.37,75,280
1720490400,2.37,2.371,2.366,2.371,45,270
1720494000,2.371,2.382,2.368,2.377,80,260
1720497600,2.377,2.385,2.376,2.3810000000000002,84,260
1720501200,2.38,2.3810000000000002,2.373,2.376,65,270
1720504800,2.376,2.376,2.37,2.37,54,270
1720508400,2.37,2.372,2.367,2.37,67,270
1720512000,2.3689999999999998,2.371,2.3609999999999998,2.362,83,260
1720515600,2.362,2.368,2.362,2.364,90,250
1720519200,2.364,2.371,2.3609999999999998,2.368,89,250
1720522800,2.368,2.37,2.3609999999999998,2.362,117,250
1720526400,2.362,2.368,2.36,2.365,97,250
1720530000,2.365,2.366,2.342,2.342,130,240
1720533600,2.344,2.388,2.332,2.384,340,240
1720537200,2.384,2.429,2.375,2.42,866,260
1720540800,2.42,2.437,2.3890000000000002,2.392,652,270
1720544400,2.392,2.412,2.379,2.406,418,270
1720548000,2.406,2.408,2.388,2.388,275,270
1720551600,2.388,2.393,2.372,2.384,257,270
1720555200,2.384,2.387,2.36,2.36,228,270
1720558800,2.36,2.365,2.335,2.34,330,270
1720562400,2.34,2.3449999999999998,2.336,2.3449999999999998,124,280
1720566000,2.344,2.347,2.321,2.321,85,290
1720573200,2.348,2.348,2.337,2.343,77,320
1720576800,2.343,2.3449999999999998,2.339,2.343,74,330
1720580400,2.343,2.344,2.332,2.334,67,320
1720584000,2.334,2.337,2.331,2.334,58,320
1720587600,2.335,2.339,2.33,2.334,59,320
1720591200,2.337,2.343,2.334,2.341,52,320
1720594800,2.341,2.341,2.329,2.332,73,320
1720598400,2.332,2.337,2.33,2.336,65,320
1720602000,2.336,2.336,2.327,2.328,96,290
1720605600,2.328,2.3609999999999998,2.314,2.357,279,280
1720609200,2.357,2.364,2.354,2.359,160,290
1720612800,2.359,2.37,2.3529999999999998,2.37,183,280
1720616400,2.37,2.371,2.357,2.358,177,270
1720620000,2.357,2.378,2.341,2.3529999999999998,395,260
1720623600,2.3529999999999998,2.371,2.333,2.333,628,270
1720627200,2.333,2.3449999999999998,2.325,2.332,522,270
1720630800,2.332,2.337,2.312,2.319,455,270
1720634400,2.319,2.323,2.301,2.303,303,260
1720638000,2.303,2.319,2.292,2.311,343,270
1720641600,2.311,2.341,2.305,2.338,309,260
1720645200,2.336,2.343,2.314,2.316,374,280
1720648800,2.316,2.316,2.309,2.312,127,280
1720652400,2.312,2.318,2.29,2.302,109,290
1720659600,2.314,2.317,2.311,2.311,49,360
1720663200,2.316,2.323,2.312,2.321,34,320
1720666800,2.319,2.323,2.317,2.322,38,320
1720670400,2.322,2.326,2.319,2.32,41,320
1720674000,2.323,2.325,2.321,2.325,30,320
1720677600,2.325,2.326,2.321,2.323,38,320
1720681200,2.323,2.332,2.319,2.33,55,310
1720684800,2.33,2.331,2.326,2.33,55,320
1720688400,2.33,2.33,2.321,2.326,102,290
1720692000,2.325,2.326,2.312,2.315,130,290
1720695600,2.317,2.319,2.312,2.314,80,290
1720699200,2.314,2.331,2.311,2.325,97,290
1720702800,2.328,2.334,2.318,2.319,136,270
1720706400,2.319,2.319,2.298,2.299,274,260
1720710000,2.299,2.311,2.287,2.287,404,270
1720713600,2.287,2.299,2.2800000000000002,2.294,333,270
1720717200,2.297,2.3,2.263,2.277,479,250
1720720800,2.278,2.283,2.2640000000000002,2.266,260,270
1720724400,2.266,2.274,2.258,2.262,260,270
1720728000,2.262,2.274,2.261,2.263,249,280
1720731600,2.263,2.266,2.259,2.266,221,280
1720735200,2.266,2.269,2.2640000000000002,2.266,106,280
1720738800,2.266,2.269,2.238,2.238,80,290
1720746000,2.2640000000000002,2.267,2.26,2.26,45,320
1720749600,2.265,2.269,2.261,2.269,42,320
1720753200,2.269,2.273,2.2640000000000002,2.265,90,310
1720756800,2.262,2.268,2.262,2.263,49,320
1720760400,2.263,2.265,2.261,2.261,28,320
1720764000,2.2640000000000002,2.265,2.258,2.258,39,320
1720767600,2.261,2.2640000000000002,2.259,2.2640000000000002,49,320
1720771200,2.2640000000000002,2.265,2.26,2.263,39,320
1720774800,2.263,2.268,2.261,2.263,82,290
1720778400,2.263,2.275,2.26,2.269,110,290
1720782000,2.269,2.2720000000000002,2.26,2.27,124,290
1720785600,2.269,2.269,2.255,2.257,120,290
1720789200,2.257,2.261,2.237,2.247,186,270
1720792800,2.247,2.2560000000000002,2.24,2.255,202,240
1720796400,2.255,2.279,2.252,2.275,373,240
1720800000,2.275,2.302,2.254,2.298,481,240
1720803600,2.298,2.317,2.292,2.314,490,240
1720807200,2.314,2.327,2.301,2.303,371,240
1720810800,2.303,2.33,2.303,2.321,251,240
1720814400,2.321,2.342,2.32,2.334,307,250
1720818000,2.335,2.335,2.312,2.312,295,280
1720821600,2.312,2.313,2.3,2.302,157,280
1720825200,2.302,2.308,2.286,2.289,98,290
1721005200,2.254,2.26,2.248,2.259,117,360
1721008800,2.255,2.259,2.249,2.253,56,320
1721012400,2.252,2.253,2.246,2.248,58,310
1721016000,2.248,2.249,2.245,2.248,42,320
1721019600,2.245,2.25,2.245,2.249,40,320
1721023200,2.249,2.2560000000000002,2.246,2.252,72,320
1721026800,2.252,2.252,2.2439999999999998,2.249,63,320
1721030400,2.249,2.249,2.24,2.247,64,320
1721034000,2.247,2.251,2.2439999999999998,2.25,92,290
1721037600,2.25,2.2560000000000002,2.248,2.253,130,290
1721041200,2.252,2.257,2.247,2.252,103,290
1721044800,2.252,2.2560000000000002,2.249,2.254,84,290
1721048400,2.252,2.266,2.25,2.265,157,270
1721052000,2.265,2.266,2.222,2.225,319,250
1721055600,2.226,2.234,2.207,2.217,408,270
1721059200,2.217,2.231,2.207,2.221,463,260
1721062800,2.221,2.243,2.217,2.2359999999999998,380,260
1721066400,2.2359999999999998,2.237,2.217,2.233,285,260
1721070000,2.233,2.238,2.212,2.222,289,270
1721073600,2.222,2.237,2.204,2.204,260,280
1721077200,2.205,2.205,2.148,2.162,488,280
1721080800,2.162,2.162,2.155,2.161,113,350
1721084400,2.161,2.165,2.14,2.156,107,360
1721091600,2.161,2.161,2.146,2.153,58,500
1721095200,2.153,2.161,2.148,2.159,51,430
1721098800,2.159,2.162,2.152,2.155,53,420
1721102400,2.155,2.158,2.151,2.157,38,430
1721106000,2.157,2.159,2.152,2.152,34,430
1721109600,2.158,2.158,2.147,2.152,49,420
1721113200,2.152,2.153,2.141,2.149,69,420
1721116800,2.149,2.153,2.143,2.153,43,430
1721120400,2.153,2.162,2.15,2.159,68,370
1721124000,2.158,2.165,2.154,2.163,99,360
1721127600,2.163,2.165,2.156,2.162,75,370
1721131200,2.158,2.169,2.156,2.162,95,360
1721134800,2.162,2.173,2.159,2.167,101,330
1721138400,2.169,2.186,2.153,2.183,261,330
1721142000,2.183,2.199,2.171,2.195,362,320
1721145600,2.195,2.203,2.182,2.194,344,320
1721149200,2.195,2.213,2.179,2.204,306,330
1721152800,2.204,2.213,2.194,2.204,268,330
1721156400,2.204,2.205,2.167,2.17,250,320
1721160000,2.17,2.189,2.162,2.183,284,350
1721163600,2.183,2.194,2.176,2.182,312,280
1721167200,2.183,2.187,2.18,2.181,117,280
1721170800,2.181,2.187,2.159,2.164,76,280
1721178000,2.174,2.181,2.174,2.175,56,360
1721181600,2.178,2.184,2.174,2.183,45,320
1721185200,2.183,2.183,2.178,2.178,44,320
1721188800,2.181,2.181,2.178,2.179,32,310
1721192400,2.177,2.186,2.177,2.185,51,320
1721196000,2.182,2.186,2.18,2.181,49,320
1721199600,2.185,2.187,2.18,2.187,41,320
1721203200,2.186,2.189,2.184,2.187,42,320
1721206800,2.188,2.189,2.182,2.188,55,290
1721210400,2.188,2.188,2.176,2.18,88,290
1721214000,2.18,2.18,2.17,2.17,96,290
1721217600,2.17,2.182,2.165,2.181,109,290
1721221200,2.182,2.196,2.176,2.188,124,270
1721224800,2.187,2.207,2.185,2.19,220,260
1721228400,2.191,2.197,2.168,2.179,504,270
1721232000,2.179,2.179,2.094,2.094,719,270
1721235600,2.094,2.094,2.059,2.083,527,250
1721239200,2.083,2.086,2.061,2.069,298,320
1721242800,2.069,2.073,2.048,2.049,264,320
1721246400,2.049,2.055,2.04,2.043,246,340
1721250000,2.043,2.06,2.032,2.053,337,350
1721253600,2.053,2.057,2.05,2.053,132,350
1721257200,2.053,2.065,2.05,2.053,91,360
1721264400,2.059,2.059,2.044,2.053,48,420
1721268000,2.045,2.061,2.045,2.061,68,430
1721271600,2.061,2.065,2.056,2.063,73,420
1721275200,2.063,2.066,2.057,2.062,62,420
1721278800,2.062,2.062,2.052,2.059,46,420
1721282400,2.059,2.059,2.046,2.05,73,430
1721286000,2.045,2.051,2.044,2.046,74,430
1721289600,2.046,2.049,2.038,2.049,55,430
1721293200,2.049,2.055,2.042,2.052,100,370
1721296800,2.052,2.059,2.047,2.051,75,360
1721300400,2.051,2.057,2.047,2.054,64,370
1721304000,2.055,2.056,2.049,2.051,76,360
1721307600,2.051,2.059,2.045,2.045,96,330
1721311200,2.045,2.076,2.042,2.066,268,320
1721314800,2.066,2.101,2.064,2.094,410,330
1721318400,2.094,2.11,2.081,2.108,406,320
1721322000,2.108,2.147,2.087,2.127,683,320
1721325600,2.127,2.151,2.124,2.141,339,330
1721329200,2.141,2.148,2.129,2.142,257,320
1721332800,2.142,2.15,2.135,2.136,185,350
1721336400,2.136,2.15,2.135,2.137,217,350
1721340000,2.137,2.137,2.112,2.114,129,350
1721343600,2.115,2.117,2.094,2.104,81,360
1721350800,2.103,2.116,2.102,2.109,73,500
1721354400,2.109,2.114,2.101,2.113,53,430
1721358000,2.113,2.113,2.102,2.109,74,420
1721361600,2.109,2.111,2.104,2.11,34,430
1721365200,2.104,2.113,2.104,2.107,27,430
1721368800,2.112,2.12,2.11,2.116,52,430
1721372400,2.116,2.118,2.104,2.112,48,420
1721376000,2.106,2.113,2.106,2.109,37,430
1721379600,2.109,2.114,2.103,2.113,60,370
1721383200,2.113,2.113,2.094,2.101,132,360
1721386800,2.101,2.111,2.097,2.111,96,370
1721390400,2.111,2.114,2.107,2.109,77,360
1721394000,2.11,2.115,2.107,2.115,76,330
1721397600,2.115,2.115,2.085,2.104,233,320
1721401200,2.104,2.104,2.077,2.094,420,320
1721404800,2.094,2.123,2.082,2.106,513,330
1721408400,2.106,2.12,2.096,2.112,333,330
1721412000,2.111,2.111,2.095,2.096,264,330
1721415600,2.096,2.133,2.093,2.133,243,330
1721419200,2.133,2.142,2.123,2.137,248,350
1721422800,2.137,2.158,2.135,2.147,281,340
1721426400,2.147,2.15,2.14,2.143,102,350
1721430000,2.142,2.144,2.122,2.128,68,360
1721610000,2.115,2.167,2.114,2.163,144,500
1721613600,2.163,2.164,2.153,2.161,82,420
1721617200,2.161,2.169,2.153,2.169,101,420
1721620800,2.168,2.178,2.161,2.178,83,420
1721624400,2.178,2.178,2.169,2.176,67,420
1721628000,2.17,2.179,2.165,2.176,87,420
1721631600,2.176,2.176,2.168,2.175,54,420
1721635200,2.175,2.177,2.165,2.169,55,420
1721638800,2.169,2.178,2.163,2.175,68,370
1721642400,2.176,2.18,2.174,2.18,85,370
1721646000,2.176,2.191,2.176,2.191,82,290
1721649600,2.191,2.207,2.187,2.205,148,280
1721653200,2.206,2.221,2.203,2.215,120,270
1721656800,2.215,2.226,2.214,2.225,244,270
1721660400,2.225,2.254,2.217,2.2439999999999998,596,260
1721664000,2.2439999999999998,2.249,2.209,2.233,674,270
1721667600,2.233,2.2560000000000002,2.217,2.253,407,260
1721671200,2.253,2.26,2.24,2.258,291,270
1721674800,2.258,2.278,2.258,2.274,266,270
1721678400,2.274,2.287,2.255,2.26,325,280
1721682000,2.26,2.276,2.249,2.251,280,280
1721685600,2.251,2.263,2.248,2.258,159,280
1721689200,2.258,2.262,2.226,2.238,76,290
1721696400,2.262,2.2640000000000002,2.252,2.257,74,360
1721700000,2.257,2.268,2.254,2.2640000000000002,58,320
1721703600,2.2640000000000002,2.271,2.2640000000000002,2.271,65,320
1721707200,2.2720000000000002,2.273,2.261,2.2640000000000002,58,320
1721710800,2.2640000000000002,2.265,2.26,2.262,43,320
1721714400,2.263,2.2640000000000002,2.26,2.2640000000000002,41,310
1721718000,2.2640000000000002,2.268,2.262,2.265,37,320
1721721600,2.265,2.2720000000000002,2.262,2.2640000000000002,67,320
1721725200,2.2640000000000002,2.269,2.263,2.269,93,290
1721728800,2.269,2.269,2.257,2.2640000000000002,103,280
1721732400,2.2640000000000002,2.27,2.262,2.269,115,290
1721736000,2.269,2.2800000000000002,2.266,2.279,99,290
1721739600,2.279,2.279,2.258,2.258,169,260
1721743200,2.258,2.262,2.237,2.238,280,260
1721746800,2.238,2.241,2.219,2.23,426,270
1721750400,2.23,2.254,2.206,2.221,776,260
1721754000,2.221,2.231,2.204,2.218,544,270
1721757600,2.218,2.232,2.214,2.22,337,270
1721761200,2.22,2.23,2.215,2.219,329,270
1721764800,2.219,2.228,2.217,2.218,205,280
1721768400,2.218,2.221,2.207,2.215,278,280
1721772000,2.215,2.248,2.215,2.238,205,270
1721775600,2.238,2.238,2.151,2.162,433,270
1721782800,2.185,2.2,2.183,2.196,80,350
1721786400,2.196,2.198,2.179,2.182,73,320
1721790000,2.182,2.188,2.173,2.178,109,300
1721793600,2.178,2.18,2.173,2.179,74,310
1721797200,2.179,2.182,2.174,2.177,49,320
1721800800,2.177,2.182,2.174,2.175,60,320
1721804400,2.175,2.175,2.165,2.167,99,320
1721808000,2.166,2.171,2.165,2.17,79,320
1721811600,2.171,2.189,2.171,2.189,133,290
1721815200,2.188,2.191,2.178,2.182,186,290
1721818800,2.182,2.193,2.178,2.19,154,290
1721822400,2.19,2.193,2.173,2.18,145,280
1721826000,2.179,2.184,2.174,2.177,135,270
1721829600,2.177,2.178,2.15,2.168,360,260
1721833200,2.167,2.17,2.135,2.162,494,250
1721836800,2.162,2.186,2.15,2.161,692,270
1721840400,2.16,2.195,2.153,2.187,591,260
1721844000,2.187,2.2,2.177,2.19,367,260
1721847600,2.19,2.194,2.163,2.164,280,250
1721851200,2.163,2.169,2.156,2.158,315,280
1721854800,2.158,2.169,2.149,2.154,342,280
1721858400,2.154,2.166,2.151,2.159,137,280
1721862000,2.159,2.159,2.137,2.143,120,290
1721869200,2.159,2.162,2.153,2.162,65,360
1721872800,2.161,2.163,2.157,2.16,64,320
1721876400,2.16,2.165,2.15,2.165,68,320
1721880000,2.165,2.168,2.155,2.158,62,320
1721883600,2.158,2.172,2.157,2.162,79,320
1721887200,2.166,2.169,2.153,2.159,71,310
1721890800,2.159,2.165,2.157,2.162,75,320
1721894400,2.162,2.162,2.157,2.16,58,320
1721898000,2.16,2.162,2.147,2.15,95,290
1721901600,2.15,2.166,2.15,2.161,164,290
1721905200,2.161,2.179,2.149,2.171,175,280
1721908800,2.171,2.179,2.161,2.169,198,280
1721912400,2.168,2.192,2.165,2.181,265,270
1721916000,2.18,2.189,2.158,2.159,246,250
1721919600,2.159,2.161,2.127,2.137,558,260
1721923200,2.137,2.137,2.1,2.105,505,260
1721926800,2.105,2.145,2.087,2.1,884,250
1721930400,2.1,2.105,2.084,2.088,377,270
1721934000,2.088,2.106,2.087,2.102,325,270
1721937600,2.102,2.117,2.077,2.078,317,260
1721941200,2.08,2.08,2.067,2.077,349,280
1721944800,2.077,2.08,2.072,2.079,122,280
1721948400,2.079,2.08,2.061,2.066,114,280
1721955600,2.081,2.084,2.073,2.083,71,350
1721959200,2.083,2.084,2.076,2.084,56,330
1721962800,2.084,2.099,2.084,2.098,99,320
1721966400,2.098,2.099,2.09,2.096,89,320
1721970000,2.096,2.098,2.092,2.092,62,320
1721973600,2.095,2.098,2.089,2.096,52,320
1721977200,2.096,2.096,2.088,2.092,74,320
1721980800,2.092,2.093,2.088,2.09,53,320
1721984400,2.092,2.097,2.088,2.096,66,290
1721988000,2.096,2.097,2.084,2.085,131,290
1721991600,2.085,2.089,2.078,2.079,141,280
1721995200,2.079,2.08,2.07,2.078,124,290
1721998800,2.078,2.087,2.072,2.074,148,270
1722002400,2.074,2.091,2.064,2.072,276,270
1722006000,2.072,2.092,2.065,2.082,360,270
1722009600,2.082,2.093,2.068,2.086,542,260
1722013200,2.086,2.091,2.061,2.081,419,250
1722016800,2.081,2.084,2.071,2.072,282,270
1722020400,2.072,2.078,2.062,2.062,264,270
1722024000,2.062,2.08,2.061,2.077,266,280
1722027600,2.077,2.09,2.051,2.053,378,270
1722031200,2.053,2.057,2.05,2.053,164,280
1722034800,2.052,2.059,2.034,2.034,131,290
1722214800,2.069,2.112,2.068,2.103,155,350
1722218400,2.102,2.107,2.099,2.107,71,320
1722222000,2.107,2.109,2.101,2.102,73,320
1722225600,2.101,2.108,2.097,2.107,62,320
1722229200,2.107,2.107,2.099,2.106,50,320
1722232800,2.105,2.107,2.097,2.099,53,320
1722236400,2.103,2.106,2.101,2.103,40,320
1722240000,2.104,2.108,2.101,2.107,79,320
1722243600,2.107,2.109,2.09,2.091,124,290
1722247200,2.091,2.092,2.076,2.083,166,290
1722250800,2.083,2.084,2.07,2.072,139,290
1722254400,2.072,2.074,2.064,2.068,137,280
1722258000,2.068,2.071,2.046,2.049,207,270
1722261600,2.049,2.077,2.041,2.074,291,260
1722265200,2.074,2.104,2.056,2.093,515,260
1722268800,2.093,2.108,2.048,2.06,660,260
1722272400,2.06,2.06,2.018,2.019,451,270
1722276000,2.018,2.037,2.018,2.023,304,270
1722279600,2.023,2.053,2.022,2.051,297,270
1722283200,2.051,2.079,2.049,2.079,302,280
1722286800,2.079,2.083,2.041,2.057,627,270
1722290400,2.057,2.068,2.056,2.067,142,280
1722294000,2.067,2.072,2.044,2.064,134,280
1722301200,2.08,2.08,2.069,2.072,77,360
1722304800,2.072,2.075,2.067,2.073,61,320
1722308400,2.073,2.082,2.071,2.074,77,320
1722312000,2.071,2.075,2.071,2.074,43,320
1722315600,2.071,2.074,2.069,2.074,41,320
1722319200,2.074,2.075,2.071,2.074,21,320
1722322800,2.075,2.083,2.072,2.083,43,320
1722326400,2.083,2.083,2.075,2.078,44,320
1722330000,2.078,2.079,2.069,2.075,100,290
1722333600,2.076,2.08,2.068,2.069,92,290
1722337200,2.066,2.068,2.058,2.062,116,290
1722340800,2.061,2.081,2.061,2.076,125,290
1722344400,2.076,2.089,2.068,2.07,168,270
1722348000,2.07,2.07,2.023,2.024,414,250
1722351600,2.024,2.045,2.011,2.037,533,250
1722355200,2.037,2.063,2.011,2.062,675,270
1722358800,2.061,2.1,2.056,2.097,438,270
1722362400,2.097,2.123,2.079,2.11,455,260
1722366000,2.111,2.14,2.11,2.138,381,270
1722369600,2.138,2.152,2.133,2.144,468,260
1722373200,2.144,2.147,2.126,2.132,428,270
1722376800,2.1310000000000002,2.137,2.128,2.135,120,280
1722380400,2.135,2.143,2.117,2.127,75,290
1722387600,2.142,2.143,2.136,2.141,38,360
1722391200,2.14,2.147,2.137,2.144,42,330
1722394800,2.148,2.148,2.142,2.148,45,320
1722398400,2.148,2.153,2.145,2.153,54,320
1722402000,2.153,2.153,2.144,2.149,57,320
1722405600,2.149,2.153,2.141,2.144,75,310
1722409200,2.144,2.152,2.144,2.152,57,320
1722412800,2.152,2.164,2.149,2.159,73,320
1722416400,2.159,2.168,2.155,2.165,110,290
1722420000,2.165,2.168,2.151,2.155,117,280
1722423600,2.154,2.163,2.149,2.16,123,290
1722427200,2.16,2.162,2.143,2.147,160,280
1722430800,2.147,2.155,2.132,2.151,205,270
1722434400,2.151,2.165,2.099,2.102,480,250
1722438000,2.102,2.122,2.09,2.117,608,260
1722441600,2.117,2.121,2.065,2.074,673,270
1722445200,2.074,2.088,2.061,2.068,476,260
1722448800,2.068,2.1,2.067,2.074,385,270
1722452400,2.075,2.114,2.073,2.091,376,270
1722456000,2.09,2.091,2.072,2.072,231,280
1722459600,2.072,2.073,2.049,2.071,336,280
1722463200,2.071,2.073,2.068,2.072,121,280
1722466800,2.071,2.071,2.042,2.051,82,290
1722474000,2.068,2.072,2.063,2.069,48,350
1722477600,2.07,2.072,2.062,2.07,49,320
1722481200,2.07,2.088,2.07,2.079,94,320
1722484800,2.079,2.081,2.075,2.079,49,320
1722488400,2.076,2.082,2.076,2.081,51,320
1722492000,2.081,2.084,2.078,2.08,44,320
1722495600,2.083,2.083,2.078,2.078,47,320
1722499200,2.082,2.089,2.08,2.085,57,320
1722502800,2.085,2.094,2.076,2.088,121,290
1722506400,2.088,2.088,2.076,2.082,121,290
1722510000,2.082,2.089,2.082,2.087,120,290
1722513600,2.087,2.092,2.08,2.086,113,290
1722517200,2.086,2.1,2.074,2.078,198,260
1722520800,2.078,2.086,2.061,2.082,337,260
1722524400,2.082,2.121,2.074,2.116,470,260
1722528000,2.117,2.146,2.111,2.12,620,270
1722531600,2.12,2.154,2.088,2.09,893,250
1722535200,2.09,2.093,2.064,2.071,434,260
1722538800,2.071,2.076,2.057,2.065,327,270
1722542400,2.065,2.067,2.029,2.03,335,270
1722546000,2.03,2.031,1.9969999999999999,2.006,494,280
1722549600,2.006,2.012,2.002,2.009,173,280
1722553200,2.008,2.009,1.9809999999999999,1.9929999999999999,89,290
1722560400,2.019,2.021,2.005,2.01,93,350
1722564000,2.01,2.014,2.005,2.014,49,320
1722567600,2.014,2.014,2.007,2.008,41,320
1722571200,2.01,2.012,2.008,2.01,40,320
1722574800,2.011,2.011,2.002,2.009,72,320
1722578400,2.009,2.013,2.003,2.007,52,320
1722582000,2.007,2.009,1.999,2.001,53,320
1722585600,2.0,2.004,1.999,2.001,74,320
1722589200,2.001,2.015,1.998,2.008,94,290
1722592800,2.007,2.026,2.007,2.024,176,290
1722596400,2.024,2.027,2.018,2.02,98,290
1722600000,2.02,2.035,2.018,2.032,126,290
1722603600,2.032,2.032,2.023,2.026,135,270
1722607200,2.026,2.046,2.01,2.038,324,260
1722610800,2.038,2.055,2.011,2.02,610,250
1722614400,2.021,2.059,2.021,2.051,705,260
1722618000,2.051,2.054,2.027,2.035,379,270
1722621600,2.035,2.035,2.002,2.002,369,270
1722625200,2.002,2.003,1.964,1.9649999999999999,385,270
1722628800,1.9649999999999999,2.018,1.956,2.003,602,280
1722632400,2.003,2.012,1.9849999999999999,2.008,396,280
1722636000,2.008,2.008,1.998,2.003,140,280
1722639600,2.004,2.008,1.986,1.99,96,290
1722819600,1.9809999999999999,1.995,1.9649999999999999,1.968,145,350
1722823200,1.971,1.974,1.966,1.972,68,330
1722826800,1.972,1.972,1.958,1.958,80,320
1722830400,1.959,1.964,1.947,1.952,118,310
1722834000,1.952,1.96,1.9489999999999998,1.959,75,310
1722837600,1.956,1.964,1.956,1.958,75,320
1722841200,1.958,1.962,1.95,1.95,57,310
1722844800,1.95,1.954,1.947,1.95,90,320
1722848400,1.95,1.96,1.939,1.956,124,290
1722852000,1.9569999999999999,1.974,1.955,1.972,195,290
1722855600,1.972,1.972,1.9569999999999999,1.96,142,280
1722859200,1.9609999999999999,1.964,1.947,1.948,157,290
1722862800,1.948,1.955,1.943,1.95,143,270
1722866400,1.95,1.95,1.927,1.929,279,270
1722870000,1.929,1.956,1.9180000000000001,1.94,472,260
1722873600,1.9409999999999998,2.009,1.9409999999999998,1.9849999999999999,817,260
1722877200,1.9849999999999999,1.992,1.938,1.94,404,260
1722880800,1.939,1.9729999999999999,1.936,1.968,419,270
1722884400,1.968,1.994,1.968,1.987,317,270
1722888000,1.987,1.9969999999999999,1.975,1.979,285,280
1722891600,1.979,1.991,1.958,1.9689999999999999,394,280
1722895200,1.9689999999999999,1.988,1.9689999999999999,1.987,116,280
1722898800,1.987,1.987,1.966,1.9689999999999999,101,290
1722906000,1.9929999999999999,2.003,1.983,1.998,77,340
1722909600,2.001,2.012,1.999,2.009,63,330
1722913200,2.011,2.011,2.003,2.006,67,320
1722916800,2.007,2.009,1.9969999999999999,2.005,74,320
1722920400,2.005,2.006,2.0,2.001,42,320
1722924000,2.003,2.003,1.995,2.002,51,310
1722927600,2.002,2.008,1.999,2.004,48,320
1722931200,2.004,2.005,1.9969999999999999,1.999,61,320
1722934800,1.999,1.999,1.983,1.983,99,280
1722938400,1.983,1.983,1.974,1.98,107,290
1722942000,1.98,1.9809999999999999,1.9729999999999999,1.975,120,290
1722945600,1.974,1.988,1.971,1.979,120,290
1722949200,1.979,2.001,1.978,1.995,179,270
1722952800,1.995,2.004,1.974,1.98,243,270
1722956400,1.98,2.013,1.9449999999999998,2.008,590,260
1722960000,2.009,2.055,2.009,2.025,684,260
1722963600,2.025,2.07,2.0,2.06,548,260
1722967200,2.06,2.07,2.051,2.056,464,270
1722970800,2.055,2.067,2.023,2.036,391,270
1722974400,2.036,2.069,2.036,2.063,476,280
1722978000,2.062,2.069,2.049,2.058,391,270
1722981600,2.058,2.058,2.052,2.055,132,270
1722985200,2.055,2.068,2.046,2.047,123,290
1722992400,2.065,2.066,2.058,2.061,71,320
1722996000,2.061,2.067,2.056,2.065,47,320
1722999600,2.064,2.081,2.056,2.075,133,320
1723003200,2.075,2.08,2.069,2.078,58,320
1723006800,2.078,2.08,2.075,2.077,41,320
1723010400,2.077,2.081,2.071,2.072,67,310
1723014000,2.072,2.084,2.071,2.08,55,320
1723017600,2.079,2.081,2.075,2.077,49,320
1723021200,2.077,2.083,2.077,2.08,82,290
1723024800,2.08,2.082,2.072,2.074,127,290
1723028400,2.074,2.079,2.067,2.079,99,290
1723032000,2.079,2.099,2.079,2.093,184,290
1723035600,2.093,2.106,2.092,2.106,187,270
1723039200,2.106,2.123,2.093,2.122,358,270
1723042800,2.122,2.158,2.1189999999999998,2.145,686,270
1723046400,2.144,2.159,2.108,2.132,701,270
1723050000,2.132,2.142,2.111,2.14,439,270
1723053600,2.14,2.155,2.126,2.154,430,270
1723057200,2.154,2.155,2.125,2.125,401,260
1723060800,2.126,2.15,2.122,2.148,332,280
1723064400,2.148,2.173,2.138,2.156,593,270
1723068000,2.156,2.159,2.15,2.151,155,280
1723071600,2.15,2.157,2.136,2.142,86,290
1723078800,2.155,2.155,2.14,2.149,84,360
1723082400,2.149,2.149,2.141,2.148,65,320
1723086000,2.148,2.158,2.145,2.158,79,320
1723089600,2.158,2.158,2.151,2.153,58,320
1723093200,2.153,2.156,2.151,2.153,42,320
1723096800,2.153,2.155,2.151,2.153,34,320
1723100400,2.154,2.154,2.149,2.15,42,310
1723104000,2.153,2.158,2.151,2.152,83,310
1723107600,2.152,2.152,2.138,2.143,136,290
1723111200,2.143,2.151,2.142,2.145,121,290
1723114800,2.145,2.154,2.14,2.149,107,290
1723118400,2.149,2.149,2.133,2.138,175,270
1723122000,2.138,2.149,2.135,2.147,183,270
1723125600,2.147,2.153,2.127,2.129,288,270
1723129200,2.129,2.148,2.116,2.144,453,270
1723132800,2.144,2.146,2.106,2.107,569,260
1723136400,2.109,2.176,2.094,2.167,872,260
1723140000,2.167,2.234,2.158,2.226,887,270
1723143600,2.227,2.248,2.211,2.218,559,270
1723147200,2.219,2.223,2.18,2.181,454,270
1723150800,2.181,2.206,2.164,2.201,502,270
1723154400,2.201,2.215,2.197,2.213,148,260
1723158000,2.213,2.226,2.197,2.206,135,290
1723165200,2.222,2.222,2.209,2.215,84,320
1723168800,2.215,2.22,2.211,2.22,51,330
1723172400,2.22,2.22,2.207,2.214,89,310
1723176000,2.214,2.219,2.212,2.216,37,310
1723179600,2.216,2.223,2.213,2.218,60,320
1723183200,2.221,2.226,2.217,2.225,53,320
1723186800,2.225,2.227,2.22,2.223,54,320
1723190400,2.223,2.23,2.223,2.225,59,320
1723194000,2.225,2.231,2.224,2.227,82,290
1723197600,2.227,2.23,2.217,2.224,137,290
1723201200,2.225,2.247,2.223,2.237,188,280
1723204800,2.237,2.249,2.231,2.248,150,290
1723208400,2.249,2.251,2.232,2.2359999999999998,191,270
1723212000,2.2359999999999998,2.249,2.216,2.23,404,260
1723215600,2.231,2.266,2.207,2.257,673,260
1723219200,2.258,2.261,2.209,2.209,775,260
1723222800,2.209,2.212,2.184,2.205,538,260
1723226400,2.206,2.219,2.2,2.202,349,270
1723230000,2.201,2.224,2.182,2.223,367,270
1723233600,2.223,2.2359999999999998,2.209,2.21,370,280
1723237200,2.21,2.24,2.206,2.237,377,280
1723240800,2.237,2.2439999999999998,2.231,2.2359999999999998,169,280
1723244400,2.2359999999999998,2.24,2.222,2.225,120,290
1723424400,2.258,2.286,2.2560000000000002,2.285,148,350
1723428000,2.285,2.287,2.2800000000000002,2.287,41,330
1723431600,2.287,2.297,2.284,2.292,72,320
1723435200,2.292,2.297,2.29,2.296,73,310
1723438800,2.296,2.303,2.291,2.303,59,320
1723442400,2.302,2.302,2.29,2.295,81,320
1723446000,2.295,2.304,2.289,2.303,67,320
1723449600,2.303,2.308,2.303,2.307,51,320
1723453200,2.306,2.311,2.304,2.311,82,290
1723456800,2.311,2.325,2.311,2.324,53,290
1723460400,2.324,2.331,2.32,2.325,144,290
1723464000,2.327,2.328,2.315,2.326,169,290
1723467600,2.326,2.335,2.321,2.331,157,270
1723471200,2.331,2.332,2.316,2.321,320,260
1723474800,2.319,2.323,2.291,2.307,581,260
1723478400,2.308,2.31,2.279,2.284,797,270
1723482000,2.285,2.288,2.257,2.267,585,270
1723485600,2.267,2.267,2.2439999999999998,2.247,437,270
1723489200,2.247,2.279,2.241,2.274,413,270
1723492800,2.274,2.2800000000000002,2.26,2.274,332,270
1723496400,2.274,2.281,2.26,2.27,380,280
1723500000,2.27,2.2720000000000002,2.2560000000000002,2.263,169,270
1723503600,2.263,2.263,2.231,2.248,104,290
1723510800,2.27,2.27,2.254,2.257,63,320
1723514400,2.257,2.258,2.251,2.257,36,330
1723518000,2.257,2.266,2.247,2.2640000000000002,81,320
1723521600,2.2640000000000002,2.2640000000000002,2.255,2.258,50,320
1723525200,2.258,2.258,2.25,2.25,63,320
1723528800,2.25,2.2560000000000002,2.248,2.255,52,320
1723532400,2.255,2.259,2.252,2.259,61,320
1723536000,2.259,2.263,2.255,2.262,44,320
1723539600,2.263,2.276,2.26,2.27,119,290
1723543200,2.27,2.276,2.265,2.276,161,280
1723546800,2.276,2.284,2.273,2.281,95,290
1723550400,2.281,2.283,2.274,2.281,111,290
1723554000,2.281,2.281,2.254,2.263,266,280
1723557600,2.262,2.316,2.254,2.306,438,260
1723561200,2.306,2.317,2.274,2.299,678,270
1723564800,2.298,2.322,2.287,2.293,617,270
1723568400,2.294,2.314,2.25,2.253,498,270
1723572000,2.253,2.255,2.232,2.237,416,260
1723575600,2.237,2.242,2.226,2.242,290,270
1723579200,2.241,2.245,2.229,2.231,238,280
1723582800,2.231,2.243,2.217,2.24,333,270
1723586400,2.24,2.2439999999999998,2.238,2.242,125,280
1723590000,2.242,2.247,2.211,2.212,91,290
1723597200,2.238,2.245,2.235,2.2439999999999998,69,360
1723600800,2.241,2.247,2.239,2.2439999999999998,50,330
1723604400,2.247,2.247,2.243,2.247,42,320
1723608000,2.247,2.248,2.243,2.246,48,320
1723611600,2.245,2.246,2.238,2.241,45,320
1723615200,2.24,2.246,2.2359999999999998,2.242,59,320
1723618800,2.245,2.247,2.242,2.245,52,320
1723622400,2.245,2.258,2.242,2.251,90,320
1723626000,2.249,2.254,2.247,2.254,93,290
1723629600,2.254,2.2560000000000002,2.2439999999999998,2.246,150,290
1723633200,2.246,2.257,2.237,2.241,143,290
1723636800,2.241,2.243,2.23,2.2359999999999998,110,290
1723640400,2.2359999999999998,2.25,2.234,2.247,194,270
1723644000,2.248,2.266,2.24,2.241,339,260
1723647600,2.241,2.285,2.23,2.285,618,260
1723651200,2.284,2.332,2.279,2.328,728,270
1723654800,2.328,2.354,2.311,2.346,666,260
1723658400,2.346,2.351,2.32,2.328,468,260
1723662000,2.328,2.332,2.318,2.326,371,270
1723665600,2.326,2.337,2.294,2.296,371,280
1723669200,2.296,2.306,2.283,2.304,410,280
1723672800,2.304,2.308,2.301,2.308,148,280
1723676400,2.307,2.311,2.283,2.284,76,290
1723683600,2.305,2.312,2.304,2.307,57,360
1723687200,2.307,2.31,2.304,2.31,41,320
1723690800,2.31,2.316,2.302,2.304,82,300
1723694400,2.304,2.304,2.297,2.299,54,310
1723698000,2.303,2.316,2.302,2.312,85,320
1723701600,2.312,2.312,2.303,2.31,61,320
1723705200,2.31,2.312,2.305,2.307,61,320
1723708800,2.307,2.311,2.304,2.307,94,320
1723712400,2.308,2.309,2.3,2.305,100,290
1723716000,2.305,2.306,2.299,2.303,115,290
1723719600,2.304,2.311,2.302,2.309,156,290
1723723200,2.309,2.321,2.305,2.306,131,290
1723726800,2.307,2.32,2.302,2.317,204,270
1723730400,2.317,2.335,2.309,2.315,367,270
1723734000,2.315,2.323,2.281,2.303,592,250
1723737600,2.303,2.333,2.301,2.333,612,260
1723741200,2.333,2.384,2.329,2.376,871,260
1723744800,2.376,2.3810000000000002,2.355,2.364,454,270
1723748400,2.364,2.367,2.34,2.346,302,260
1723752000,2.346,2.351,2.297,2.3,417,280
1723755600,2.3,2.3,2.286,2.295,453,270
1723759200,2.295,2.295,2.287,2.291,146,280
1723762800,2.291,2.298,2.281,2.287,106,290
1723770000,2.303,2.305,2.297,2.299,86,350
1723773600,2.299,2.299,2.291,2.292,57,320
1723777200,2.292,2.295,2.284,2.293,95,320
1723780800,2.294,2.298,2.291,2.297,62,320
1723784400,2.298,2.298,2.29,2.294,46,320
1723788000,2.294,2.301,2.287,2.299,77,320
1723791600,2.299,2.301,2.295,2.297,59,320
1723795200,2.297,2.298,2.294,2.297,57,320
1723798800,2.297,2.301,2.292,2.294,98,300
1723802400,2.297,2.308,2.296,2.307,112,290
1723806000,2.307,2.308,2.304,2.306,103,290
1723809600,2.306,2.31,2.302,2.305,110,290
1723813200,2.303,2.31,2.293,2.299,138,270
1723816800,2.3,2.302,2.263,2.265,315,270
1723820400,2.2640000000000002,2.268,2.243,2.245,436,260
1723824000,2.2439999999999998,2.276,2.242,2.253,523,270
1723827600,2.253,2.259,2.229,2.248,413,270
1723831200,2.248,2.248,2.218,2.227,303,270
1723834800,2.227,2.241,2.219,2.224,297,270
1723838400,2.224,2.232,2.221,2.229,214,280
1723842000,2.228,2.229,2.206,2.209,261,280
1723845600,2.209,2.216,2.206,2.214,130,280
1723849200,2.214,2.221,2.201,2.207,101,290
1724029200,2.218,2.219,2.197,2.202,172,350
1724032800,2.202,2.204,2.197,2.204,68,320
1724036400,2.204,2.213,2.204,2.213,69,320
1724040000,2.213,2.221,2.211,2.221,53,320
1724043600,2.221,2.221,2.215,2.217,38,320
1724047200,2.217,2.221,2.214,2.22,41,320
1724050800,2.22,2.221,2.214,2.218,53,320
1724054400,2.218,2.218,2.209,2.209,56,320
1724058000,2.21,2.216,2.209,2.216,102,290
1724061600,2.216,2.22,2.208,2.209,119,290
1724065200,2.209,2.221,2.207,2.221,92,290
1724068800,2.221,2.221,2.213,2.217,105,290
1724072400,2.218,2.253,2.218,2.247,226,270
1724076000,2.247,2.257,2.234,2.2439999999999998,318,260
1724079600,2.245,2.271,2.245,2.266,478,270
1724083200,2.266,2.339,2.266,2.333,760,270
1724086800,2.333,2.346,2.31,2.343,478,260
1724090400,2.343,2.346,2.306,2.313,513,270
1724094000,2.313,2.336,2.309,2.331,284,260
1724097600,2.331,2.335,2.309,2.317,347,270
1724101200,2.317,2.337,2.31,2.327,419,270
1724104800,2.327,2.329,2.321,2.321,155,280
1724108400,2.321,2.334,2.317,2.33,142,290
1724115600,2.349,2.349,2.335,2.336,71,320
1724119200,2.336,2.34,2.333,2.339,53,320
1724122800,2.339,2.35,2.339,2.344,82,310
1724126400,2.344,2.344,2.337,2.341,63,310
1724130000,2.341,2.341,2.335,2.339,31,320
1724133600,2.338,2.338,2.326,2.329,74,320
1724137200,2.329,2.336,2.327,2.334,82,310
1724140800,2.334,2.334,2.329,2.329,68,320
1724144400,2.329,2.331,2.325,2.328,73,300
1724148000,2.328,2.341,2.326,2.338,156,290
1724151600,2.338,2.339,2.33,2.333,131,290
1724155200,2.334,2.341,2.33,2.331,151,280
1724158800,2.332,2.337,2.323,2.329,175,280
1724162400,2.329,2.367,2.328,2.362,483,260
1724166000,2.362,2.3810000000000002,2.32,2.327,593,270
1724169600,2.327,2.327,2.293,2.298,721,270
1724173200,2.298,2.322,2.293,2.308,409,270
1724176800,2.308,2.31,2.282,2.295,405,260
1724180400,2.296,2.302,2.282,2.284,260,270
1724184000,2.284,2.309,2.283,2.303,262,280
1724187600,2.303,2.322,2.3,2.319,301,280
1724191200,2.319,2.32,2.312,2.314,123,280
1724194800,2.314,2.323,2.298,2.299,140,290
1724202000,2.32,2.32,2.308,2.312,70,360
1724205600,2.308,2.315,2.305,2.313,50,320
1724209200,2.313,2.316,2.308,2.316,51,320
1724212800,2.316,2.319,2.314,2.317,47,320
1724216400,2.315,2.319,2.315,2.319,30,320
1724220000,2.319,2.32,2.311,2.317,57,320
1724223600,2.317,2.322,2.313,2.316,80,320
1724227200,2.316,2.316,2.312,2.314,47,320
1724230800,2.316,2.321,2.312,2.321,75,290
1724234400,2.32,2.322,2.316,2.318,61,290
1724238000,2.319,2.321,2.305,2.307,98,290
1724241600,2.307,2.313,2.298,2.301,119,290
1724245200,2.301,2.332,2.301,2.331,227,270
1724248800,2.331,2.34,2.323,2.338,313,270
1724252400,2.338,2.351,2.304,2.316,569,260
1724256000,2.316,2.331,2.292,2.307,577,270
1724259600,2.307,2.309,2.269,2.273,432,260
1724263200,2.273,2.275,2.263,2.269,319,270
1724266800,2.269,2.278,2.2640000000000002,2.268,226,270
1724270400,2.268,2.283,2.257,2.276,293,280
1724274000,2.276,2.308,2.27,2.306,364,280
1724277600,2.306,2.318,2.303,2.31,173,280
1724281200,2.31,2.315,2.288,2.296,85,290
1724288400,2.328,2.334,2.322,2.327,59,360
1724292000,2.332,2.333,2.326,2.332,33,320
1724295600,2.332,2.338,2.332,2.332,47,320
1724299200,2.336,2.337,2.331,2.335,44,320
1724302800,2.335,2.336,2.328,2.329,41,320
1724306400,2.332,2.333,2.32,2.323,74,320
1724310000,2.32,2.323,2.315,2.318,60,320
1724313600,2.316,2.325,2.316,2.318,89,320
1724317200,2.318,2.319,2.314,2.316,77,290
1724320800,2.316,2.33,2.315,2.323,130,290
1724324400,2.323,2.329,2.321,2.323,80,290
1724328000,2.323,2.328,2.314,2.321,105,290
1724331600,2.321,2.321,2.302,2.313,157,270
1724335200,2.313,2.313,2.286,2.293,268,260
1724338800,2.293,2.293,2.267,2.269,462,270
1724342400,2.269,2.2720000000000002,2.229,2.231,714,270
1724346000,2.231,2.248,2.191,2.201,970,250
1724349600,2.201,2.208,2.174,2.175,514,260
1724353200,2.175,2.239,2.175,2.217,516,270
1724356800,2.216,2.221,2.185,2.187,524,260
1724360400,2.187,2.206,2.186,2.203,430,280
1724364000,2.203,2.207,2.196,2.207,146,280
1724367600,2.207,2.21,2.179,2.179,117,280
1724374800,2.23,2.23,2.214,2.218,69,320
1724378400,2.218,2.229,2.215,2.229,59,330
1724382000,2.229,2.233,2.226,2.233,66,310
1724385600,2.232,2.232,2.219,2.222,83,310
1724389200,2.223,2.224,2.219,2.224,61,320
1724392800,2.221,2.228,2.214,2.219,84,320
1724396400,2.218,2.224,2.217,2.219,75,320
1724400000,2.219,2.221,2.214,2.219,69,320
1724403600,2.22,2.226,2.217,2.226,89,290
1724407200,2.226,2.227,2.204,2.21,127,290
1724410800,2.209,2.217,2.207,2.215,89,290
1724414400,2.215,2.219,2.206,2.208,167,290
1724418000,2.208,2.208,2.197,2.2,187,270
1724421600,2.2,2.202,2.18,2.181,323,260
1724425200,2.184,2.203,2.182,2.194,441,270
1724428800,2.196,2.211,2.181,2.19,524,260
1724432400,2.19,2.214,2.189,2.199,485,270
1724436000,2.199,2.205,2.19,2.2,287,260
1724439600,2.2,2.202,2.192,2.2,232,270
1724443200,2.2,2.204,2.191,2.2,186,280
1724446800,2.2,2.212,2.198,2.207,252,280
1724450400,2.207,2.214,2.207,2.211,115,280
1724454000,2.211,2.215,2.196,2.197,108,290
1724634000,2.2,2.215,2.195,2.205,145,340
1724637600,2.205,2.208,2.198,2.208,79,330
1724641200,2.208,2.217,2.207,2.214,82,320
1724644800,2.214,2.221,2.209,2.212,91,320
1724648400,2.212,2.216,2.209,2.213,60,320
1724652000,2.213,2.214,2.207,2.211,61,320
1724655600,2.211,2.218,2.21,2.214,57,310
1724659200,2.214,2.216,2.211,2.213,64,320
1724662800,2.213,2.226,2.213,2.221,85,290
1724666400,2.221,2.225,2.217,2.218,137,290
1724670000,2.218,2.222,2.201,2.206,150,290
1724673600,2.206,2.215,2.197,2.202,266,270
1724677200,2.202,2.205,2.192,2.201,233,270
1724680800,2.201,2.212,2.182,2.187,383,260
1724684400,2.187,2.202,2.18,2.196,487,270
1724688000,2.195,2.231,2.192,2.231,685,270
1724691600,2.23,2.233,2.172,2.178,528,270
1724695200,2.179,2.18,2.162,2.175,322,270
1724698800,2.175,2.199,2.174,2.19,346,270
1724702400,2.19,2.196,2.182,2.184,256,280
1724706000,2.184,2.187,2.166,2.166,279,280
1724709600,2.166,2.173,2.166,2.172,146,280
1724713200,2.172,2.172,2.144,2.153,102,280
1724720400,2.19,2.19,2.182,2.186,67,360
1724724000,2.186,2.189,2.181,2.186,41,320
1724727600,2.189,2.191,2.185,2.185,66,310
1724731200,2.185,2.189,2.184,2.188,48,320
1724734800,2.186,2.19,2.184,2.188,39,320
1724738400,2.188,2.189,2.185,2.186,43,310
1724742000,2.186,2.186,2.181,2.184,65,320
1724745600,2.184,2.184,2.177,2.178,60,320
1724749200,2.18,2.183,2.171,2.175,107,290
1724752800,2.175,2.175,2.153,2.153,109,290
1724756400,2.153,2.163,2.153,2.159,116,290
1724760000,2.159,2.166,2.155,2.162,175,280
1724763600,2.161,2.173,2.161,2.169,157,270
1724767200,2.17,2.176,2.161,2.167,246,270
1724770800,2.167,2.174,2.147,2.171,384,260
1724774400,2.171,2.173,2.153,2.163,449,240
1724778000,2.162,2.168,2.147,2.148,357,240
1724781600,2.148,2.158,2.146,2.154,282,240
1724785200,2.156,2.168,2.148,2.15,291,240
1724788800,2.148,2.149,2.1189999999999998,2.14,474,240
1724792400,2.14,2.163,2.14,2.155,464,240
1724796000,2.155,2.161,2.154,2.157,131,250
1724799600,2.157,2.158,2.127,2.135,90,250
1724806800,2.173,2.174,2.17,2.172,36,290
1724810400,2.172,2.18,2.171,2.177,51,260
1724814000,2.178,2.183,2.178,2.179,75,260
1724817600,2.179,2.18,2.175,2.175,62,270
1724821200,2.176,2.177,2.173,2.174,45,270
1724824800,2.176,2.176,2.17,2.172,80,260
1724828400,2.171,2.175,2.17,2.174,70,270
1724832000,2.174,2.177,2.172,2.173,60,270
1724835600,2.174,2.178,2.172,2.173,91,250
1724839200,2.173,2.178,2.168,2.171,105,250
1724842800,2.171,2.171,2.163,2.164,74,250
1724846400,2.165,2.165,2.159,2.163,113,250
1724850000,2.163,2.174,2.157,2.169,148,250
1724853600,2.169,2.171,2.145,2.155,224,230
1724857200,2.155,2.183,2.146,2.153,415,230
1724860800,2.153,2.153,2.118,2.135,729,230
1724864400,2.135,2.202,2.132,2.201,652,240
1724868000,2.201,2.205,2.167,2.185,541,240
1724871600,2.185,2.232,2.179,2.223,482,240
1724875200,2.223,2.224,2.202,2.203,397,240
1724878800,2.203,2.212,2.165,2.208,699,230
1724882400,2.208,2.213,2.194,2.198,153,240
1724886000,2.198,2.201,2.171,2.172,95,250
1724893200,2.212,2.214,2.207,2.211,70,280
1724896800,2.211,2.22,2.21,2.219,65,270
1724900400,2.219,2.237,2.217,2.234,99,270
1724904000,2.234,2.241,2.233,2.238,101,270
1724907600,2.238,2.239,2.222,2.23,91,260
1724911200,2.229,2.232,2.226,2.23,69,270
1724914800,2.232,2.2359999999999998,2.229,2.232,62,260
1724918400,2.233,2.235,2.232,2.232,66,270
1724922000,2.232,2.2359999999999998,2.222,2.229,155,250
1724925600,2.229,2.2359999999999998,2.223,2.224,134,250
1724929200,2.225,2.229,2.218,2.221,127,250
1724932800,2.221,2.225,2.214,2.215,150,250
1724936400,2.215,2.223,2.202,2.205,185,240
1724940000,2.205,2.212,2.184,2.187,314,230
1724943600,2.187,2.187,2.161,2.17,557,240
1724947200,2.17,2.17,2.142,2.158,607,240
1724950800,2.158,2.207,2.156,2.203,787,230
1724954400,2.203,2.22,2.189,2.2,668,230
1724958000,2.2,2.251,2.199,2.25,594,230
1724961600,2.251,2.255,2.23,2.239,442,240
1724965200,2.239,2.25,2.235,2.2439999999999998,311,250
1724968800,2.245,2.253,2.2439999999999998,2.247,122,250
1724972400,2.247,2.249,2.22,2.22,86,250
1724979600,2.269,2.269,2.257,2.262,95,270
1724983200,2.262,2.267,2.261,2.263,51,280
1724986800,2.266,2.266,2.259,2.262,73,270
1724990400,2.263,2.2640000000000002,2.26,2.261,70,260
1724994000,2.261,2.2640000000000002,2.26,2.263,33,270
1724997600,2.263,2.268,2.26,2.265,67,270
1725001200,2.266,2.269,2.258,2.263,73,260
1725004800,2.263,2.278,2.263,2.275,83,260
1725008400,2.277,2.283,2.262,2.27,192,250
1725012000,2.27,2.281,2.268,2.269,110,250
1725015600,2.269,2.277,2.265,2.268,140,250
1725019200,2.268,2.2720000000000002,2.2560000000000002,2.2560000000000002,125,250
1725022800,2.2560000000000002,2.259,2.247,2.257,189,240
1725026400,2.257,2.276,2.248,2.258,360,240
1725030000,2.257,2.292,2.251,2.267,654,230
1725033600,2.267,2.286,2.227,2.238,786,240
1725037200,2.238,2.278,2.237,2.275,606,240
1725040800,2.275,2.275,2.23,2.231,442,230
1725044400,2.231,2.251,2.216,2.227,437,240
1725048000,2.226,2.252,2.222,2.239,409,240
1725051600,2.241,2.255,2.229,2.249,416,240
1725055200,2.249,2.253,2.243,2.245,163,250
1725058800,2.245,2.252,2.223,2.2439999999999998,133,250
1725238800,2.257,2.3,2.254,2.285,278,280
1725242400,2.285,2.292,2.278,2.29,114,270
1725246000,2.29,2.291,2.287,2.29,67,260
1725249600,2.29,2.291,2.284,2.284,43,260
1725253200,2.284,2.292,2.281,2.29,78,270
1725256800,2.29,2.291,2.274,2.279,79,260
1725260400,2.279,2.279,2.273,2.276,58,270
1725264000,2.276,2.278,2.273,2.274,66,270
1725267600,2.275,2.279,2.265,2.267,125,250
1725271200,2.267,2.2720000000000002,2.262,2.271,99,250
1725274800,2.2720000000000002,2.277,2.269,2.276,75,250
1725278400,2.276,2.282,2.276,2.279,85,250
1725282000,2.279,2.2800000000000002,2.271,2.274,114,240
1725285600,2.274,2.287,2.265,2.281,155,260
1725289200,2.284,2.31,2.2720000000000002,2.301,417,240
1725292800,2.301,2.312,2.299,2.301,421,240
1725296400,2.301,2.306,2.293,2.301,238,240
1725300000,2.3,2.305,2.29,2.295,207,240
1725303600,2.295,2.3,2.287,2.299,144,230
1725325200,2.32,2.32,2.301,2.301,91,280
1725328800,2.304,2.305,2.3,2.3,68,260
1725332400,2.3,2.302,2.291,2.296,89,260
1725336000,2.295,2.297,2.294,2.295,43,270
1725339600,2.296,2.303,2.295,2.3,41,270
1725343200,2.301,2.304,2.295,2.303,59,270
1725346800,2.305,2.305,2.3,2.303,51,270
1725350400,2.303,2.307,2.302,2.306,73,270
1725354000,2.306,2.321,2.305,2.316,127,250
1725357600,2.317,2.317,2.303,2.306,133,250
1725361200,2.306,2.314,2.302,2.307,103,250
1725364800,2.307,2.32,2.303,2.316,125,250
1725368400,2.316,2.322,2.305,2.317,215,240
1725372000,2.317,2.321,2.276,2.279,340,240
1725375600,2.279,2.279,2.2439999999999998,2.258,523,240
1725379200,2.258,2.271,2.215,2.216,630,240
1725382800,2.216,2.259,2.209,2.258,530,240
1725386400,2.258,2.2800000000000002,2.2560000000000002,2.275,483,230
1725390000,2.275,2.33,2.275,2.32,599,240
1725393600,2.32,2.33,2.308,2.322,473,240
1725397200,2.323,2.342,2.316,2.339,364,250
1725400800,2.338,2.35,2.336,2.339,173,250
1725404400,2.339,2.341,2.301,2.307,124,250
1725411600,2.338,2.346,2.336,2.3449999999999998,94,270
1725415200,2.3449999999999998,2.347,2.342,2.346,34,270
1725418800,2.346,2.346,2.339,2.339,66,270
1725422400,2.339,2.339,2.333,2.338,70,260
1725426000,2.338,2.34,2.334,2.336,47,260
1725429600,2.337,2.34,2.333,2.335,73,260
1725433200,2.336,2.34,2.336,2.336,68,270
1725436800,2.338,2.343,2.336,2.343,64,260
1725440400,2.343,2.35,2.334,2.349,126,250
1725444000,2.35,2.352,2.335,2.339,129,250
1725447600,2.339,2.348,2.322,2.328,204,230
1725451200,2.329,2.333,2.319,2.331,180,250
1725454800,2.331,2.352,2.328,2.351,212,240
1725458400,2.351,2.368,2.335,2.3609999999999998,359,230
1725462000,2.3609999999999998,2.3970000000000002,2.35,2.396,601,240
1725465600,2.395,2.411,2.348,2.358,719,240
1725469200,2.358,2.365,2.34,2.3449999999999998,478,230
1725472800,2.3449999999999998,2.364,2.313,2.315,498,240
1725476400,2.314,2.315,2.286,2.29,439,240
1725480000,2.29,2.309,2.285,2.29,374,250
1725483600,2.292,2.312,2.289,2.3,349,240
1725487200,2.3,2.3,2.292,2.293,121,250
1725490800,2.293,2.295,2.271,2.273,79,250
1725498000,2.308,2.314,2.303,2.314,75,270
1725501600,2.314,2.314,2.308,2.311,40,270
1725505200,2.311,2.311,2.303,2.306,74,260
1725508800,2.306,2.312,2.305,2.31,64,270
1725512400,2.31,2.31,2.303,2.305,81,270
1725516000,2.305,2.305,2.295,2.299,58,260
1725519600,2.299,2.299,2.291,2.293,61,250
1725523200,2.293,2.295,2.286,2.289,64,270
1725526800,2.29,2.299,2.287,2.296,111,250
1725530400,2.296,2.316,2.296,2.311,186,250
1725534000,2.311,2.313,2.303,2.31,116,250
1725537600,2.31,2.312,2.303,2.306,120,250
1725541200,2.311,2.315,2.306,2.313,141,240
1725544800,2.313,2.348,2.308,2.3449999999999998,287,230
1725548400,2.3449999999999998,2.364,2.332,2.358,654,230
1725552000,2.357,2.382,2.354,2.3810000000000002,478,240
1725555600,2.3810000000000002,2.434,2.37,2.411,899,230
1725559200,2.411,2.433,2.41,2.427,572,240
1725562800,2.427,2.433,2.415,2.424,368,240
1725566400,2.424,2.437,2.403,2.408,448,240
1725570000,2.409,2.421,2.396,2.414,440,240
1725573600,2.414,2.415,2.406,2.409,159,240
1725577200,2.409,2.416,2.396,2.3970000000000002,116,250
1725584400,2.418,2.423,2.415,2.423,83,280
1725588000,2.423,2.426,2.419,2.424,49,270
1725591600,2.423,2.423,2.416,2.42,96,260
1725595200,2.421,2.427,2.418,2.425,71,260
1725598800,2.425,2.425,2.42,2.421,31,270
1725602400,2.421,2.426,2.419,2.422,76,270
1725606000,2.422,2.426,2.42,2.423,80,270
1725609600,2.425,2.426,2.419,2.42,61,260
1725613200,2.42,2.436,2.42,2.436,139,250
1725616800,2.436,2.439,2.426,2.439,154,250
1725620400,2.439,2.44,2.432,2.434,87,250
1725624000,2.434,2.446,2.434,2.445,69,250
1725627600,2.445,2.456,2.434,2.436,272,240
1725631200,2.436,2.443,2.418,2.421,302,230
1725634800,2.421,2.452,2.406,2.427,852,230
1725638400,2.426,2.449,2.42,2.438,603,240
1725642000,2.438,2.454,2.434,2.439,534,230
1725645600,2.439,2.444,2.401,2.408,483,230
1725649200,2.408,2.439,2.406,2.439,332,240
1725652800,2.438,2.445,2.426,2.431,295,250
1725656400,2.431,2.451,2.429,2.45,303,240
1725660000,2.45,2.453,2.447,2.448,122,250
1725663600,2.447,2.457,2.436,2.438,114,250
1725843600,2.4050000000000002,2.414,2.395,2.4050000000000002,246,270
1725847200,2.4050000000000002,2.4050000000000002,2.3970000000000002,2.4,86,270
1725850800,2.401,2.402,2.39,2.393,85,260
1725854400,2.393,2.3970000000000002,2.383,2.385,99,260
1725858000,2.385,2.387,2.384,2.387,60,270
1725861600,2.387,2.392,2.383,2.3890000000000002,75,260
1725865200,2.39,2.39,2.384,2.387,76,270
1725868800,2.386,2.3890000000000002,2.382,2.387,75,270
1725872400,2.387,2.393,2.384,2.386,86,250
1725876000,2.386,2.403,2.384,2.387,246,240
1725879600,2.387,2.388,2.383,2.387,90,250
1725883200,2.387,2.396,2.384,2.395,122,250
1725886800,2.395,2.395,2.375,2.38,191,240
1725890400,2.38,2.391,2.37,2.373,354,240
1725894000,2.373,2.424,2.364,2.42,660,230
1725897600,2.42,2.435,2.373,2.374,675,240
1725901200,2.374,2.385,2.363,2.364,420,240
1725904800,2.364,2.386,2.3609999999999998,2.385,417,240
1725908400,2.384,2.407,2.377,2.38,336,230
1725912000,2.38,2.38,2.358,2.3609999999999998,348,240
1725915600,2.3609999999999998,2.38,2.359,2.363,359,250
1725919200,2.363,2.365,2.348,2.351,167,240
1725922800,2.351,2.354,2.335,2.335,89,250
1725930000,2.372,2.373,2.358,2.363,80,290
1725933600,2.3609999999999998,2.365,2.359,2.362,63,260
1725937200,2.362,2.363,2.358,2.3609999999999998,81,260
1725940800,2.3609999999999998,2.364,2.3609999999999998,2.362,50,270
1725944400,2.362,2.363,2.359,2.362,40,270
1725948000,2.362,2.363,2.36,2.362,33,270
1725951600,2.362,2.363,2.3609999999999998,2.3609999999999998,41,270
1725955200,2.362,2.362,2.3529999999999998,2.358,52,260
1725958800,2.358,2.363,2.3529999999999998,2.363,83,250
1725962400,2.363,2.371,2.3609999999999998,2.368,187,250
1725966000,2.368,2.375,2.367,2.371,122,250
1725969600,2.371,2.378,2.365,2.375,111,250
1725973200,2.376,2.398,2.375,2.396,200,240
1725976800,2.396,2.443,2.396,2.432,527,240
1725980400,2.432,2.449,2.429,2.439,605,240
1725984000,2.439,2.454,2.413,2.416,564,240
1725987600,2.416,2.435,2.411,2.424,539,240
1725991200,2.425,2.431,2.39,2.403,469,260
1725994800,2.403,2.431,2.3970000000000002,2.431,341,270
1725998400,2.431,2.443,2.421,2.428,326,280
1726002000,2.428,2.437,2.418,2.424,276,280
1726005600,2.425,2.431,2.423,2.427,129,280
1726009200,2.427,2.43,2.394,2.404,81,290
1726016400,2.432,2.437,2.423,2.432,55,320
1726020000,2.437,2.441,2.432,2.44,41,320
1726023600,2.44,2.44,2.425,2.425,90,320
1726027200,2.426,2.427,2.422,2.426,45,320
1726030800,2.426,2.43,2.423,2.427,53,320
1726034400,2.428,2.433,2.423,2.432,39,320
1726038000,2.429,2.431,2.426,2.426,57,320
1726041600,2.429,2.433,2.427,2.429,49,320
1726045200,2.429,2.437,2.427,2.433,99,290
1726048800,2.433,2.44,2.431,2.431,119,280
1726052400,2.431,2.432,2.426,2.428,118,290
1726056000,2.428,2.435,2.421,2.426,109,280
1726059600,2.426,2.431,2.411,2.416,176,270
1726063200,2.417,2.457,2.41,2.452,372,260
1726066800,2.451,2.468,2.445,2.463,575,260
1726070400,2.463,2.471,2.442,2.45,615,270
1726074000,2.45,2.501,2.45,2.495,691,260
1726077600,2.495,2.501,2.469,2.469,413,270
1726081200,2.471,2.492,2.471,2.485,348,270
1726084800,2.485,2.491,2.458,2.468,518,280
1726088400,2.468,2.4779999999999998,2.46,2.468,338,280
1726092000,2.468,2.469,2.463,2.467,135,280
1726095600,2.466,2.472,2.454,2.458,89,290
1726102800,2.485,2.488,2.4779999999999998,2.4859999999999998,60,320
1726106400,2.4859999999999998,2.487,2.48,2.485,51,320
1726110000,2.4859999999999998,2.493,2.476,2.4779999999999998,68,320
1726113600,2.4779999999999998,2.487,2.474,2.484,79,320
1726117200,2.484,2.484,2.4779999999999998,2.482,60,320
1726120800,2.482,2.488,2.479,2.487,55,320
1726124400,2.487,2.487,2.482,2.483,54,320
1726128000,2.4859999999999998,2.49,2.483,2.483,58,320
1726131600,2.484,2.4939999999999998,2.482,2.49,74,290
1726135200,2.49,2.492,2.468,2.4699999999999998,139,290
1726138800,2.4699999999999998,2.474,2.46,2.462,110,290
1726142400,2.462,2.466,2.459,2.462,135,290
1726146000,2.462,2.491,2.461,2.488,225,270
1726149600,2.487,2.509,2.48,2.507,322,270
1726153200,2.507,2.511,2.485,2.488,485,250
1726156800,2.487,2.487,2.444,2.469,644,270
1726160400,2.469,2.541,2.466,2.526,908,260
1726164000,2.526,2.552,2.519,2.548,488,270
1726167600,2.548,2.577,2.536,2.567,371,270
1726171200,2.567,2.585,2.565,2.57,349,240
1726174800,2.569,2.569,2.547,2.552,378,240
1726178400,2.553,2.558,2.549,2.553,139,240
1726182000,2.553,2.557,2.524,2.524,89,250
1726189200,2.566,2.568,2.5620000000000003,2.568,59,260
1726192800,2.568,2.568,2.561,2.565,47,270
1726196400,2.565,2.568,2.559,2.567,93,270
1726200000,2.567,2.572,2.565,2.569,52,270
1726203600,2.568,2.569,2.564,2.567,54,260
1726207200,2.567,2.572,2.565,2.57,59,270
1726210800,2.5709999999999997,2.572,2.567,2.57,68,270
1726214400,2.5709999999999997,2.572,2.57,2.5709999999999997,49,270
1726218000,2.572,2.582,2.572,2.581,94,260
1726221600,2.581,2.584,2.568,2.572,164,250
1726225200,2.572,2.575,2.567,2.569,114,250
1726228800,2.569,2.573,2.5620000000000003,2.57,145,250
1726232400,2.57,2.581,2.566,2.5789999999999997,176,240
1726236000,2.5789999999999997,2.5789999999999997,2.557,2.569,304,240
1726239600,2.569,2.596,2.556,2.586,603,230
1726243200,2.5869999999999997,2.601,2.555,2.578,594,240
1726246800,2.578,2.586,2.535,2.542,510,240
1726250400,2.542,2.553,2.5220000000000002,2.525,432,230
1726254000,2.525,2.528,2.508,2.5140000000000002,332,240
1726257600,2.5140000000000002,2.527,2.507,2.511,360,240
1726261200,2.512,2.525,2.51,2.5140000000000002,369,240
1726264800,2.5140000000000002,2.518,2.511,2.5140000000000002,134,240
1726268400,2.5140000000000002,2.5140000000000002,2.483,2.49,104,240
1726448400,2.52,2.523,2.5140000000000002,2.5220000000000002,122,280
1726452000,2.5220000000000002,2.5220000000000002,2.515,2.517,59,270
1726455600,2.517,2.518,2.504,2.508,74,260
1726459200,2.508,2.509,2.503,2.5060000000000002,61,270
1726462800,2.5060000000000002,2.5060000000000002,2.497,2.498,54,260
1726466400,2.498,2.502,2.496,2.496,45,260
1726470000,2.496,2.499,2.4939999999999998,2.496,50,260
1726473600,2.496,2.501,2.491,2.5,82,270
1726477200,2.498,2.51,2.498,2.509,110,250
1726480800,2.509,2.519,2.5060000000000002,2.5140000000000002,139,250
1726484400,2.5140000000000002,2.519,2.511,2.513,99,250
1726488000,2.513,2.516,2.5060000000000002,2.511,89,250
1726491600,2.511,2.529,2.51,2.527,142,240
1726495200,2.527,2.533,2.516,2.524,290,240
1726498800,2.525,2.525,2.493,2.516,533,230
1726502400,2.516,2.5620000000000003,2.497,2.559,688,220
1726506000,2.559,2.577,2.549,2.55,585,220
1726509600,2.55,2.605,2.548,2.589,471,230
1726513200,2.589,2.594,2.565,2.5709999999999997,514,220
1726516800,2.5709999999999997,2.589,2.569,2.5789999999999997,285,250
1726520400,2.5789999999999997,2.591,2.578,2.584,347,250
1726524000,2.584,2.594,2.584,2.5869999999999997,132,250
1726527600,2.5869999999999997,2.592,2.572,2.581,101,250
1726534800,2.604,2.607,2.599,2.601,68,280
1726538400,2.601,2.601,2.597,2.599,59,270
1726542000,2.599,2.626,2.599,2.6189999999999998,101,270
1726545600,2.6189999999999998,2.623,2.608,2.609,92,270
1726549200,2.61,2.614,2.608,2.612,78,270
1726552800,2.613,2.613,2.605,2.606,64,270
1726556400,2.606,2.61,2.605,2.608,57,260
1726560000,2.608,2.609,2.604,2.608,66,270
1726563600,2.608,2.609,2.602,2.604,76,250
1726567200,2.604,2.605,2.594,2.599,154,250
1726570800,2.599,2.6029999999999998,2.59,2.594,99,250
1726574400,2.594,2.594,2.585,2.5869999999999997,90,250
1726578000,2.586,2.594,2.581,2.592,174,240
1726581600,2.592,2.618,2.592,2.609,195,240
1726585200,2.609,2.643,2.592,2.63,828,220
1726588800,2.6310000000000002,2.653,2.624,2.634,538,230
1726592400,2.634,2.6470000000000002,2.615,2.618,433,230
1726596000,2.618,2.63,2.594,2.598,537,230
1726599600,2.598,2.601,2.589,2.596,313,240
1726603200,2.597,2.597,2.567,2.576,395,240
1726606800,2.575,2.5789999999999997,2.5620000000000003,2.567,380,250
1726610400,2.567,2.568,2.561,2.5620000000000003,117,250
1726614000,2.5620000000000003,2.567,2.5460000000000003,2.5460000000000003,90,250
1726621200,2.574,2.582,2.568,2.575,104,280
1726624800,2.577,2.577,2.572,2.576,27,270
1726628400,2.575,2.581,2.575,2.577,66,270
1726632000,2.577,2.577,2.575,2.575,33,270
1726635600,2.577,2.577,2.574,2.574,32,270
1726639200,2.575,2.588,2.573,2.585,99,260
1726642800,2.585,2.586,2.58,2.582,76,260
1726646400,2.582,2.588,2.581,2.588,73,270
1726650000,2.588,2.588,2.577,2.578,125,250
1726653600,2.578,2.586,2.578,2.581,120,250
1726657200,2.581,2.5869999999999997,2.58,2.582,74,250
1726660800,2.581,2.583,2.577,2.58,76,250
1726664400,2.58,2.6,2.58,2.593,155,240
1726668000,2.593,2.6109999999999998,2.588,2.606,255,240
1726671600,2.606,2.63,2.6,2.614,557,230
1726675200,2.612,2.615,2.588,2.591,474,240
1726678800,2.591,2.592,2.558,2.567,585,230
1726682400,2.567,2.567,2.541,2.547,351,240
1726686000,2.547,2.567,2.542,2.566,211,240
1726689600,2.566,2.566,2.551,2.561,304,240
1726693200,2.561,2.569,2.533,2.553,455,240
1726696800,2.552,2.553,2.542,2.544,151,240
1726700400,2.544,2.553,2.5220000000000002,2.528,99,250
1726707600,2.5540000000000003,2.56,2.552,2.555,68,290
1726711200,2.557,2.564,2.555,2.5629999999999997,47,270
1726714800,2.564,2.576,2.564,2.565,84,260
1726718400,2.565,2.565,2.558,2.56,70,260
1726722000,2.56,2.5629999999999997,2.559,2.5629999999999997,39,270
1726725600,2.5629999999999997,2.5629999999999997,2.558,2.5620000000000003,53,270
1726729200,2.561,2.565,2.559,2.565,42,270
1726732800,2.565,2.566,2.56,2.56,54,260
1726736400,2.56,2.573,2.558,2.565,129,250
1726740000,2.565,2.567,2.543,2.553,188,250
1726743600,2.5540000000000003,2.559,2.551,2.556,103,250
1726747200,2.556,2.557,2.545,2.553,138,250
1726750800,2.553,2.556,2.536,2.5380000000000003,167,240
1726754400,2.5380000000000003,2.54,2.511,2.524,293,220
1726758000,2.5220000000000002,2.528,2.501,2.503,456,230
1726761600,2.502,2.528,2.493,2.526,579,240
1726765200,2.525,2.539,2.495,2.526,738,220
1726768800,2.526,2.577,2.524,2.576,507,240
1726772400,2.576,2.581,2.542,2.555,622,230
1726776000,2.555,2.582,2.552,2.5709999999999997,369,240
1726779600,2.5709999999999997,2.59,2.561,2.576,336,240
1726783200,2.575,2.59,2.574,2.586,159,240
1726786800,2.586,2.5869999999999997,2.557,2.57,91,250
1726794000,2.605,2.606,2.589,2.592,108,270
1726797600,2.592,2.594,2.588,2.594,43,270
1726801200,2.5949999999999998,2.5949999999999998,2.585,2.594,61,270
1726804800,2.594,2.597,2.589,2.596,56,320
1726808400,2.596,2.6,2.593,2.6,46,320
1726812000,2.599,2.6,2.593,2.597,62,320
1726815600,2.597,2.601,2.594,2.6,52,320
1726819200,2.6,2.605,2.598,2.601,66,320
1726822800,2.601,2.609,2.599,2.608,88,290
1726826400,2.608,2.609,2.597,2.6,76,290
1726830000,2.6,2.602,2.596,2.602,88,290
1726833600,2.602,2.604,2.593,2.594,106,290
1726837200,2.594,2.608,2.591,2.598,160,270
1726840800,2.598,2.625,2.5949999999999998,2.62,278,270
1726844400,2.62,2.645,2.6189999999999998,2.636,457,260
1726848000,2.636,2.645,2.589,2.599,653,270
1726851600,2.599,2.636,2.596,2.634,420,270
1726855200,2.634,2.6710000000000003,2.63,2.667,503,260
1726858800,2.666,2.703,2.659,2.699,451,270
1726862400,2.699,2.732,2.691,2.732,560,280
1726866000,2.732,2.748,2.7199999999999998,2.747,634,280
1726869600,2.747,2.747,2.734,2.738,219,280
1726873200,2.738,2.739,2.717,2.725,140,290
1727053200,2.771,2.771,2.753,2.762,124,320
1727056800,2.762,2.767,2.759,2.762,69,310
1727060400,2.762,2.769,2.753,2.766,101,320
1727064000,2.766,2.779,2.7640000000000002,2.778,100,320
1727067600,2.778,2.779,2.769,2.777,61,320
1727071200,2.777,2.781,2.774,2.777,73,320
1727074800,2.777,2.7800000000000002,2.774,2.775,61,320
1727078400,2.775,2.781,2.771,2.7800000000000002,76,320
1727082000,2.7800000000000002,2.782,2.775,2.781,83,290
1727085600,2.781,2.781,2.767,2.771,196,280
1727089200,2.771,2.789,2.771,2.786,147,290
1727092800,2.786,2.795,2.784,2.785,181,280
1727096400,2.785,2.787,2.7720000000000002,2.779,198,270
1727100000,2.779,2.8040000000000003,2.77,2.803,343,260
1727103600,2.803,2.826,2.8,2.81,523,260
1727107200,2.811,2.8810000000000002,2.79,2.85,1103,260
1727110800,2.85,2.89,2.834,2.868,1022,260
1727114400,2.868,2.886,2.822,2.8289999999999997,939,250
1727118000,2.828,2.868,2.828,2.867,588,260
1727121600,2.867,2.872,2.846,2.863,506,280
1727125200,2.862,2.887,2.8609999999999998,2.884,451,270
1727128800,2.883,2.89,2.882,2.888,178,280
1727132400,2.888,2.8970000000000002,2.863,2.863,106,290
1727139600,2.9,2.902,2.882,2.887,111,350
1727143200,2.887,2.906,2.8810000000000002,2.902,106,310
1727146800,2.903,2.919,2.887,2.8970000000000002,193,300
1727150400,2.898,2.918,2.8970000000000002,2.91,149,320
1727154000,2.91,2.914,2.904,2.914,77,320
1727157600,2.914,2.914,2.907,2.909,81,320
1727161200,2.909,2.916,2.907,2.9130000000000003,63,320
1727164800,2.9130000000000003,2.915,2.909,2.914,62,320
1727168400,2.914,2.918,2.907,2.917,70,290
1727172000,2.917,2.928,2.912,2.9130000000000003,177,280
1727175600,2.9130000000000003,2.916,2.907,2.914,115,290
1727179200,2.914,2.932,2.912,2.931,150,290
1727182800,2.93,2.935,2.92,2.934,216,240
1727186400,2.934,2.939,2.89,2.898,396,230
1727190000,2.898,2.898,2.858,2.88,750,230
1727193600,2.88,2.906,2.865,2.888,936,230
1727197200,2.888,2.902,2.87,2.893,599,240
1727200800,2.892,2.893,2.8529999999999998,2.875,506,220
1727204400,2.875,2.9050000000000002,2.838,2.842,569,230
1727208000,2.842,2.863,2.822,2.835,571,240
1727211600,2.838,2.851,2.8209999999999997,2.849,508,240
1727215200,2.848,2.862,2.847,2.859,148,250
1727218800,2.859,2.86,2.8369999999999997,2.844,119,250
1727226000,2.874,2.879,2.871,2.877,80,280
1727229600,2.878,2.88,2.874,2.878,54,270
1727233200,2.88,2.8810000000000002,2.874,2.88,67,260
1727236800,2.88,2.892,2.88,2.886,68,270
1727240400,2.884,2.887,2.884,2.885,48,270
1727244000,2.885,2.886,2.879,2.883,68,270
1727247600,2.884,2.891,2.883,2.89,67,270
1727251200,2.89,2.891,2.886,2.888,58,270
1727254800,2.887,2.894,2.883,2.891,114,250
1727258400,2.891,2.895,2.887,2.893,83,250
1727262000,2.893,2.908,2.89,2.904,152,250
1727265600,2.904,2.9130000000000003,2.9,2.9130000000000003,146,250
1727269200,2.9130000000000003,2.915,2.903,2.914,154,240
1727272800,2.9130000000000003,2.923,2.882,2.9,386,230
1727276400,2.9,2.919,2.88,2.908,567,230
1727280000,2.906,2.948,2.886,2.911,868,230
1727283600,2.911,2.92,2.868,2.883,626,240
1727287200,2.882,2.906,2.88,2.904,464,240
1727290800,2.904,2.924,2.878,2.888,588,230
1727294400,2.888,2.908,2.863,2.866,477,240
1727298000,2.866,2.8890000000000002,2.856,2.882,910,240
1727301600,2.883,2.884,2.868,2.882,228,240
1727305200,2.882,2.892,2.862,2.872,141,250
1727312400,2.904,2.906,2.891,2.8970000000000002,109,270
1727316000,2.8970000000000002,2.908,2.8970000000000002,2.9050000000000002,61,260
1727319600,2.904,2.918,2.903,2.917,87,260
1727323200,2.917,2.927,2.9130000000000003,2.926,86,270
1727326800,2.926,2.9290000000000003,2.9210000000000003,2.923,60,270
1727330400,2.924,2.925,2.919,2.922,65,260
1727334000,2.924,2.926,2.9210000000000003,2.925,42,270
1727337600,2.925,2.927,2.91,2.914,87,260
1727341200,2.914,2.922,2.907,2.9210000000000003,116,250
1727344800,2.9210000000000003,2.931,2.916,2.926,114,250
1727348400,2.926,2.936,2.923,2.933,103,250
1727352000,2.934,2.94,2.9290000000000003,2.94,133,250
1727355600,2.939,2.956,2.9370000000000003,2.943,184,240
1727359200,2.943,2.949,2.91,2.9210000000000003,437,230
1727362800,2.92,2.93,2.887,2.901,707,220
1727366400,2.902,2.931,2.859,2.898,1290,230
1727370000,2.9,2.914,2.865,2.865,1163,220
1727373600,2.865,2.865,2.832,2.852,815,230
1727377200,2.8529999999999998,2.8529999999999998,2.823,2.827,485,240
1727380800,2.827,2.839,2.815,2.824,515,240
1727384400,2.826,2.844,2.8209999999999997,2.822,591,240
1727388000,2.823,2.838,2.822,2.834,137,250
1727391600,2.834,2.835,2.809,2.809,80,250
1727398800,2.84,2.852,2.838,2.843,88,270
1727402400,2.843,2.8449999999999998,2.835,2.838,63,270
1727406000,2.8369999999999997,2.841,2.823,2.826,99,250
1727409600,2.826,2.828,2.823,2.826,51,250
1727413200,2.825,2.826,2.8209999999999997,2.823,48,260
1727416800,2.824,2.824,2.8209999999999997,2.822,28,270
1727420400,2.824,2.827,2.822,2.825,57,270
1727424000,2.825,2.828,2.822,2.822,63,270
1727427600,2.823,2.841,2.822,2.841,109,260
1727431200,2.843,2.8529999999999998,2.835,2.846,170,250
1727434800,2.8449999999999998,2.848,2.841,2.844,86,250
1727438400,2.844,2.847,2.8369999999999997,2.844,96,240
1727442000,2.844,2.844,2.828,2.838,161,240
1727445600,2.835,2.846,2.819,2.844,223,240
1727449200,2.8449999999999998,2.9,2.842,2.895,697,220
1727452800,2.8970000000000002,2.963,2.8970000000000002,2.9539999999999997,1051,220
1727456400,2.9539999999999997,3.012,2.948,2.98,1152,230
1727460000,2.979,2.998,2.974,2.992,696,230
1727463600,2.992,3.003,2.98,3.0,456,230
1727467200,2.999,3.017,2.99,3.002,477,230
1727470800,3.002,3.017,2.992,2.995,544,240
1727474400,2.997,3.009,2.9939999999999998,3.006,248,250
1727478000,3.005,3.021,2.988,2.997,179,250
1727658000,2.997,3.002,2.99,2.991,160,250
1727661600,2.991,2.992,2.981,2.984,93,260
1727665200,2.984,2.988,2.982,2.985,72,260
1727668800,2.985,2.988,2.982,2.982,70,260
1727672400,2.982,2.983,2.979,2.982,51,260
1727676000,2.98,2.995,2.98,2.9859999999999998,132,260
1727679600,2.9859999999999998,2.996,2.9859999999999998,2.993,75,270
1727683200,2.993,3.002,2.991,3.002,85,260
1727686800,3.002,3.003,2.993,2.999,126,250
1727690400,2.999,3.01,2.992,2.995,177,250
1727694000,2.995,3.002,2.99,3.0,113,250
1727697600,3.0,3.015,2.996,3.01,124,250
1727701200,3.01,3.033,3.001,3.032,224,240
1727704800,3.031,3.042,3.007,3.032,391,230
1727708400,3.032,3.035,2.98,3.006,817,230
1727712000,3.005,3.037,2.984,3.035,1174,230
1727715600,3.034,3.064,3.012,3.036,916,230
1727719200,3.036,3.05,3.029,3.038,421,240
1727722800,3.038,3.042,3.004,3.023,485,240
1727726400,3.023,3.038,3.01,3.011,467,240
1727730000,3.012,3.044,3.001,3.023,625,240
1727733600,3.024,3.029,3.013,3.021,165,240
1727737200,3.021,3.025,2.997,2.997,97,250
1727744400,3.038,3.039,3.03,3.033,97,280
1727748000,3.033,3.033,3.026,3.032,56,270
1727751600,3.031,3.032,3.021,3.031,73,270
1727755200,3.031,3.031,3.023,3.026,46,260
1727758800,3.027,3.035,3.027,3.033,43,270
1727762400,3.034,3.04,3.03,3.038,64,260
1727766000,3.038,3.042,3.037,3.042,53,260
1727769600,3.043,3.047,3.039,3.043,69,270
1727773200,3.043,3.049,3.036,3.039,101,250
1727776800,3.039,3.044,3.029,3.031,147,240
1727780400,3.031,3.034,3.024,3.028,119,250
1727784000,3.028,3.035,3.019,3.023,139,240
1727787600,3.023,3.032,3.008,3.026,186,230
1727791200,3.026,3.042,2.979,2.983,435,230
1727794800,2.983,3.034,2.9619999999999997,3.031,857,230
1727798400,3.031,3.064,3.001,3.051,1178,230
1727802000,3.051,3.058,2.987,2.995,844,220
1727805600,2.995,3.039,2.982,3.038,668,240
1727809200,3.038,3.049,3.013,3.018,559,230
1727812800,3.019,3.041,3.006,3.023,460,240
1727816400,3.023,3.031,3.01,3.028,442,230
1727820000,3.029,3.036,3.027,3.035,125,250
1727823600,3.035,3.043,3.006,3.006,147,230
1727830800,3.038,3.041,3.036,3.038,67,270
1727834400,3.038,3.044,3.038,3.041,53,270
1727838000,3.041,3.042,3.03,3.038,99,270
1727841600,3.039,3.042,3.036,3.037,61,270
1727845200,3.041,3.047,3.038,3.04,73,270
1727848800,3.04,3.042,3.036,3.04,37,270
1727852400,3.038,3.045,3.038,3.04,62,270
1727856000,3.04,3.042,3.031,3.035,73,250
1727859600,3.035,3.056,3.035,3.054,134,250
1727863200,3.055,3.071,3.055,3.069,175,250
1727866800,3.069,3.074,3.063,3.073,87,250
1727870400,3.073,3.073,3.063,3.064,94,250
1727874000,3.064,3.079,3.059,3.071,183,240
1727877600,3.071,3.11,3.058,3.1,444,230
1727881200,3.1,3.135,3.094,3.116,645,230
1727884800,3.116,3.123,3.085,3.112,672,220
1727888400,3.112,3.117,3.017,3.029,787,230
1727892000,3.029,3.075,3.015,3.074,601,230
1727895600,3.074,3.111,3.073,3.084,576,210
1727899200,3.082,3.091,3.04,3.049,415,230
1727902800,3.048,3.058,3.019,3.054,512,240
1727906400,3.055,3.075,3.055,3.063,260,240
1727910000,3.064,3.069,3.04,3.053,115,250
1727917200,3.08,3.08,3.072,3.075,68,290
1727920800,3.076,3.084,3.072,3.083,54,260
1727924400,3.083,3.099,3.083,3.094,70,260
1727928000,3.094,3.096,3.092,3.096,68,270
1727931600,3.096,3.096,3.089,3.095,64,270
1727935200,3.094,3.097,3.09,3.094,63,260
1727938800,3.094,3.094,3.089,3.091,55,270
1727942400,3.091,3.093,3.08,3.08,58,260
1727946000,3.078,3.083,3.075,3.08,100,250
1727949600,3.08,3.095,3.08,3.09,119,250
1727953200,3.09,3.091,3.075,3.076,124,250
1727956800,3.076,3.086,3.073,3.083,74,250
1727960400,3.083,3.089,3.07,3.086,161,240
1727964000,3.086,3.11,3.067,3.077,546,230
1727967600,3.077,3.109,3.064,3.101,731,230
1727971200,3.099,3.1390000000000002,3.098,3.135,771,230
1727974800,3.135,3.144,3.107,3.123,947,220
1727978400,3.123,3.132,3.095,3.098,516,230
1727982000,3.098,3.1310000000000002,3.098,3.117,392,230
1727985600,3.118,3.136,3.114,3.123,349,230
1727989200,3.123,3.133,3.115,3.126,389,240
1727992800,3.126,3.135,3.125,3.129,168,250
1727996400,3.129,3.138,3.107,3.114,131,240
1728003600,3.147,3.147,3.143,3.145,68,270
1728007200,3.143,3.147,3.141,3.143,60,270
1728010800,3.143,3.143,3.138,3.1390000000000002,85,260
1728014400,3.138,3.141,3.138,3.14,42,270
1728018000,3.14,3.14,3.137,3.137,24,270
1728021600,3.138,3.141,3.137,3.141,53,270
1728025200,3.141,3.144,3.1390000000000002,3.143,42,270
1728028800,3.144,3.145,3.141,3.141,48,260
1728032400,3.141,3.153,3.1390000000000002,3.146,105,250
1728036000,3.148,3.157,3.148,3.154,92,250
1728039600,3.154,3.155,3.145,3.148,76,250
1728043200,3.148,3.148,3.138,3.1390000000000002,79,250
1728046800,3.1390000000000002,3.149,3.1390000000000002,3.144,90,240
1728050400,3.144,3.19,3.142,3.189,358,230
1728054000,3.189,3.189,3.095,3.101,776,230
1728057600,3.101,3.1189999999999998,3.076,3.102,852,230
1728061200,3.102,3.104,3.056,3.07,562,230
1728064800,3.069,3.078,3.052,3.071,377,240
1728068400,3.071,3.074,3.049,3.051,266,230
1728072000,3.05,3.06,3.042,3.06,345,240
1728075600,3.06,3.072,3.048,3.049,414,240
1728079200,3.049,3.049,3.041,3.044,136,240
1728082800,3.044,3.045,3.016,3.025,65,250
1728262800,3.035,3.047,3.023,3.026,240,280
1728266400,3.027,3.03,3.027,3.03,96,270
1728270000,3.03,3.034,3.026,3.029,76,260
1728273600,3.029,3.029,3.022,3.028,70,260
1728277200,3.031,3.032,3.027,3.03,53,260
1728280800,3.03,3.031,3.028,3.03,49,260
1728284400,3.03,3.031,3.028,3.031,37,270
1728288000,3.032,3.032,3.027,3.03,36,270
1728291600,3.031,3.044,3.025,3.043,91,250
1728295200,3.044,3.049,3.04,3.048,118,250
1728298800,3.048,3.051,3.04,3.051,119,250
1728302400,3.051,3.057,3.045,3.047,145,240
1728306000,3.047,3.06,3.045,3.049,150,230
1728309600,3.049,3.063,3.028,3.042,403,230
1728313200,3.042,3.064,3.017,3.056,757,210
1728316800,3.056,3.073,2.997,3.002,919,220
1728320400,3.002,3.013,2.981,2.982,511,240
1728324000,2.981,2.9939999999999998,2.974,2.983,442,230
1728327600,2.982,2.983,2.96,2.964,310,240
1728331200,2.964,2.98,2.95,2.976,429,240
1728334800,2.975,2.992,2.968,2.975,481,240
1728338400,2.976,2.976,2.965,2.965,134,250
1728342000,2.965,2.975,2.947,2.949,81,250
1728349200,2.981,2.9939999999999998,2.981,2.99,92,280
1728352800,2.988,2.993,2.9859999999999998,2.989,63,270
1728356400,2.989,2.991,2.9859999999999998,2.988,82,270
1728360000,2.988,2.99,2.985,2.989,67,260
1728363600,2.988,2.989,2.98,2.983,59,260
1728367200,2.983,2.9859999999999998,2.982,2.982,47,270
1728370800,2.983,2.992,2.981,2.991,57,270
1728374400,2.99,2.992,2.987,2.988,56,270
1728378000,2.99,3.002,2.983,3.001,111,250
1728381600,3.001,3.011,2.997,3.002,169,250
1728385200,3.002,3.006,2.997,2.999,130,240
1728388800,2.999,3.007,2.9939999999999998,3.004,114,250
1728392400,3.004,3.007,2.988,2.995,145,240
1728396000,2.9939999999999998,3.023,2.985,2.993,330,220
1728399600,2.993,2.993,2.949,2.9539999999999997,583,220
1728403200,2.9539999999999997,2.995,2.948,2.984,748,230
1728406800,2.983,3.001,2.958,2.975,537,240
1728410400,2.975,2.992,2.969,2.985,417,230
1728414000,2.985,2.995,2.976,2.9859999999999998,308,240
1728417600,2.985,3.013,2.9779999999999998,2.991,501,230
1728421200,2.991,3.002,2.98,2.98,463,240
1728424800,2.98,2.981,2.959,2.963,149,240
1728428400,2.964,2.965,2.935,2.948,91,250
1728435600,2.982,2.988,2.9779999999999998,2.9779999999999998,82,270
1728439200,2.979,2.98,2.977,2.979,52,270
1728442800,2.979,2.979,2.972,2.974,68,260
1728446400,2.974,2.974,2.963,2.966,78,250
1728450000,2.966,2.967,2.963,2.965,60,270
1728453600,2.965,2.976,2.964,2.973,84,270
1728457200,2.973,2.975,2.971,2.972,65,270
1728460800,2.972,2.977,2.972,2.974,61,270
1728464400,2.973,2.973,2.966,2.968,69,260
1728468000,2.968,2.968,2.9619999999999997,2.9619999999999997,96,250
1728471600,2.961,2.965,2.958,2.9619999999999997,81,250
1728475200,2.963,2.968,2.961,2.966,86,250
1728478800,2.967,2.973,2.959,2.964,162,240
1728482400,2.964,2.98,2.955,2.964,329,240
1728486000,2.964,2.981,2.955,2.971,423,230
1728489600,2.971,2.984,2.933,2.9459999999999997,718,220
1728493200,2.9459999999999997,2.9459999999999997,2.916,2.916,404,240
1728496800,2.916,2.93,2.898,2.916,502,240
1728500400,2.916,2.922,2.896,2.9,366,230
1728504000,2.899,2.914,2.894,2.911,356,240
1728507600,2.9130000000000003,2.939,2.912,2.9130000000000003,496,240
1728511200,2.914,2.916,2.903,2.9050000000000002,151,240
1728514800,2.9050000000000002,2.91,2.882,2.892,61,250
1728522000,2.927,2.931,2.923,2.927,99,270
1728525600,2.928,2.931,2.927,2.9290000000000003,48,270
1728529200,2.9290000000000003,2.935,2.9290000000000003,2.933,93,260
1728532800,2.933,2.933,2.925,2.927,69,270
1728536400,2.927,2.933,2.925,2.93,68,270
1728540000,2.9290000000000003,2.932,2.927,2.931,65,260
1728543600,2.931,2.935,2.931,2.933,48,270
1728547200,2.933,2.933,2.925,2.926,80,260
1728550800,2.926,2.9290000000000003,2.923,2.924,63,250
1728554400,2.926,2.9290000000000003,2.9210000000000003,2.9210000000000003,96,250
1728558000,2.923,2.93,2.922,2.923,94,250
1728561600,2.923,2.93,2.9210000000000003,2.928,69,250
1728565200,2.928,2.93,2.915,2.916,125,240
1728568800,2.916,2.9210000000000003,2.888,2.888,264,230
1728572400,2.888,2.904,2.879,2.904,491,230
1728576000,2.903,2.912,2.887,2.91,629,230
1728579600,2.91,2.923,2.88,2.92,739,230
1728583200,2.92,2.947,2.914,2.923,616,240
1728586800,2.924,2.965,2.918,2.958,443,240
1728590400,2.958,2.961,2.924,2.934,387,240
1728594000,2.935,2.949,2.933,2.942,327,240
1728597600,2.942,2.953,2.942,2.951,128,250
1728601200,2.952,2.952,2.9290000000000003,2.936,128,250
1728608400,2.973,2.976,2.969,2.975,99,280
1728612000,2.975,2.976,2.968,2.976,64,300
1728615600,2.976,2.9779999999999998,2.969,2.974,62,320
1728619200,2.974,2.9779999999999998,2.967,2.974,104,320
1728622800,2.974,2.9779999999999998,2.972,2.974,58,320
1728626400,2.974,2.976,2.966,2.967,90,320
1728630000,2.9699999999999998,2.972,2.966,2.966,50,320
1728633600,2.9699999999999998,2.974,2.965,2.973,52,320
1728637200,2.973,2.981,2.9699999999999998,2.974,78,290
1728640800,2.974,2.975,2.964,2.971,130,290
1728644400,2.971,2.972,2.964,2.969,71,290
1728648000,2.969,2.979,2.969,2.9779999999999998,85,290
1728651600,2.9779999999999998,2.993,2.975,2.988,177,270
1728655200,2.988,2.996,2.974,2.979,233,260
1728658800,2.979,3.004,2.953,2.988,609,260
1728662400,2.987,2.988,2.9210000000000003,2.93,579,260
1728666000,2.93,2.945,2.923,2.944,456,270
1728669600,2.944,2.945,2.906,2.907,354,270
1728673200,2.907,2.912,2.89,2.911,381,270
1728676800,2.911,2.918,2.893,2.917,382,280
1728680400,2.917,2.917,2.9,2.908,359,280
1728684000,2.908,2.909,2.902,2.906,153,280
1728687600,2.906,2.915,2.891,2.892,110,290
1728867600,2.908,2.908,2.876,2.885,141,350
1728871200,2.885,2.89,2.882,2.89,44,320
1728874800,2.891,2.891,2.886,2.8890000000000002,67,310
1728878400,2.8890000000000002,2.89,2.882,2.885,81,320
1728882000,2.885,2.885,2.878,2.879,55,310
1728885600,2.884,2.8890000000000002,2.8810000000000002,2.888,87,320
1728889200,2.885,2.89,2.885,2.8890000000000002,43,320
1728892800,2.8890000000000002,2.8890000000000002,2.88,2.883,47,320
1728896400,2.883,2.886,2.873,2.874,103,290
1728900000,2.876,2.883,2.875,2.875,206,290
1728903600,2.875,2.8810000000000002,2.874,2.878,104,290
1728907200,2.878,2.88,2.874,2.876,87,280
1728910800,2.876,2.88,2.873,2.879,111,270
1728914400,2.879,2.888,2.87,2.879,195,270
1728918000,2.88,2.885,2.859,2.859,354,250
1728921600,2.859,2.872,2.842,2.843,473,260
1728925200,2.843,2.847,2.826,2.839,358,270
1728928800,2.839,2.84,2.815,2.816,283,270
1728932400,2.816,2.82,2.806,2.809,262,270
1728936000,2.809,2.811,2.803,2.807,184,280
1728939600,2.807,2.809,2.793,2.794,215,280
1728943200,2.793,2.7960000000000003,2.791,2.792,139,280
1728946800,2.792,2.797,2.765,2.7720000000000002,76,290
1728954000,2.801,2.808,2.798,2.803,93,360
1728957600,2.8,2.805,2.79,2.7960000000000003,95,320
1728961200,2.795,2.799,2.792,2.7960000000000003,70,320
1728964800,2.7960000000000003,2.798,2.792,2.7960000000000003,62,320
1728968400,2.7960000000000003,2.798,2.793,2.798,43,320
1728972000,2.798,2.799,2.792,2.792,29,320
1728975600,2.795,2.7960000000000003,2.7880000000000003,2.791,81,320
1728979200,2.7880000000000003,2.792,2.787,2.7880000000000003,60,320
1728982800,2.7880000000000003,2.789,2.784,2.786,69,290
1728986400,2.786,2.787,2.7720000000000002,2.784,179,290
1728990000,2.785,2.799,2.785,2.798,129,290
1728993600,2.7960000000000003,2.798,2.783,2.785,135,280
1728997200,2.784,2.791,2.778,2.783,168,270
1729000800,2.783,2.822,2.781,2.809,379,260
1729004400,2.809,2.852,2.802,2.842,562,260
1729008000,2.841,2.855,2.8289999999999997,2.842,641,270
1729011600,2.841,2.851,2.827,2.843,485,270
1729015200,2.843,2.8890000000000002,2.841,2.874,473,270
1729018800,2.874,2.879,2.847,2.862,358,270
1729022400,2.8609999999999998,2.8609999999999998,2.836,2.844,381,280
1729026000,2.844,2.844,2.827,2.8289999999999997,298,270
1729029600,2.8289999999999997,2.8289999999999997,2.823,2.824,139,280
1729033200,2.825,2.831,2.801,2.809,100,280
1729040400,2.835,2.84,2.83,2.8369999999999997,93,350
1729044000,2.833,2.842,2.833,2.841,59,320
1729047600,2.84,2.842,2.834,2.834,57,310
1729051200,2.834,2.836,2.83,2.835,43,320
1729054800,2.835,2.842,2.833,2.84,69,320
1729058400,2.84,2.847,2.838,2.844,67,320
1729062000,2.844,2.846,2.843,2.844,52,320
1729065600,2.843,2.843,2.836,2.839,51,320
1729069200,2.839,2.84,2.833,2.833,98,290
1729072800,2.833,2.8369999999999997,2.83,2.83,118,290
1729076400,2.83,2.831,2.826,2.8289999999999997,127,290
1729080000,2.8289999999999997,2.836,2.826,2.8289999999999997,106,280
1729083600,2.8289999999999997,2.839,2.825,2.828,143,270
1729087200,2.828,2.846,2.811,2.815,278,270
1729090800,2.8129999999999997,2.818,2.793,2.816,523,250
1729094400,2.814,2.815,2.795,2.797,530,270
1729098000,2.797,2.807,2.77,2.801,536,260
1729101600,2.801,2.806,2.775,2.783,345,270
1729105200,2.784,2.785,2.759,2.762,329,270
1729108800,2.762,2.765,2.745,2.747,345,280
1729112400,2.747,2.757,2.734,2.752,337,280
1729116000,2.752,2.757,2.75,2.753,151,280
1729119600,2.754,2.758,2.729,2.739,82,290
1729126800,2.768,2.774,2.765,2.77,87,320
1729130400,2.77,2.773,2.766,2.769,36,320
1729134000,2.7720000000000002,2.774,2.769,2.7720000000000002,52,320
1729137600,2.7720000000000002,2.776,2.77,2.774,54,320
1729141200,2.774,2.775,2.769,2.77,29,320
1729144800,2.77,2.7720000000000002,2.765,2.767,54,320
1729148400,2.767,2.768,2.763,2.763,40,320
1729152000,2.765,2.771,2.762,2.769,44,320
1729155600,2.769,2.769,2.76,2.763,85,290
1729159200,2.763,2.768,2.752,2.7560000000000002,132,290
1729162800,2.7560000000000002,2.763,2.7560000000000002,2.759,89,290
1729166400,2.759,2.767,2.758,2.765,88,290
1729170000,2.765,2.783,2.765,2.779,131,270
1729173600,2.779,2.7880000000000003,2.774,2.784,248,270
1729177200,2.784,2.806,2.783,2.8,464,270
1729180800,2.799,2.803,2.769,2.769,570,270
1729184400,2.769,2.815,2.765,2.77,806,260
1729188000,2.77,2.782,2.765,2.774,452,270
1729191600,2.774,2.777,2.754,2.754,303,270
1729195200,2.754,2.758,2.741,2.7439999999999998,402,280
1729198800,2.7439999999999998,2.758,2.743,2.747,285,280
1729202400,2.747,2.755,2.745,2.753,132,280
1729206000,2.753,2.76,2.735,2.735,86,290
1729213200,2.768,2.774,2.7640000000000002,2.7720000000000002,66,360
1729216800,2.7720000000000002,2.774,2.769,2.773,42,320
1729220400,2.773,2.779,2.773,2.773,48,320
1729224000,2.774,2.776,2.7720000000000002,2.776,49,320
1729227600,2.776,2.7800000000000002,2.775,2.775,45,320
1729231200,2.778,2.778,2.771,2.773,49,320
1729234800,2.773,2.776,2.7720000000000002,2.775,48,320
1729238400,2.775,2.7800000000000002,2.774,2.779,55,320
1729242000,2.779,2.785,2.7720000000000002,2.776,94,290
1729245600,2.777,2.777,2.768,2.769,110,290
1729249200,2.768,2.771,2.752,2.753,142,290
1729252800,2.753,2.759,2.752,2.759,138,280
1729256400,2.76,2.7640000000000002,2.754,2.754,154,270
1729260000,2.754,2.765,2.751,2.76,210,250
1729263600,2.76,2.771,2.734,2.741,424,270
1729267200,2.741,2.749,2.715,2.7199999999999998,587,260
1729270800,2.7199999999999998,2.724,2.706,2.718,448,270
1729274400,2.718,2.718,2.705,2.707,284,270
1729278000,2.707,2.721,2.705,2.7199999999999998,242,270
1729281600,2.7199999999999998,2.7199999999999998,2.708,2.71,235,280
1729285200,2.71,2.722,2.7039999999999997,2.714,305,280
1729288800,2.714,2.719,2.71,2.719,115,270
1729292400,2.719,2.719,2.691,2.691,118,280
1729472400,2.691,2.7119999999999997,2.682,2.711,164,350
1729476000,2.711,2.722,2.71,2.722,79,320
1729479600,2.722,2.727,2.722,2.725,64,320
1729483200,2.724,2.726,2.71,2.711,83,310
1729486800,2.713,2.721,2.71,2.7199999999999998,63,320
1729490400,2.7199999999999998,2.722,2.715,2.715,69,320
1729494000,2.716,2.718,2.7119999999999997,2.717,72,320
1729497600,2.717,2.718,2.711,2.711,64,320
1729501200,2.711,2.726,2.71,2.724,124,290
1729504800,2.725,2.731,2.722,2.722,147,290
1729508400,2.722,2.732,2.718,2.731,121,290
1729512000,2.731,2.7439999999999998,2.7279999999999998,2.741,130,290
1729515600,2.741,2.757,2.74,2.757,173,270
1729519200,2.757,2.784,2.754,2.779,281,260
1729522800,2.778,2.799,2.754,2.754,576,260
1729526400,2.754,2.776,2.749,2.763,656,270
1729530000,2.763,2.789,2.761,2.778,503,270
1729533600,2.778,2.789,2.768,2.773,439,270
1729537200,2.773,2.781,2.765,2.7720000000000002,392,270
1729540800,2.7720000000000002,2.773,2.757,2.762,262,280
1729544400,2.762,2.7960000000000003,2.757,2.791,394,270
1729548000,2.79,2.7960000000000003,2.787,2.794,157,280
1729551600,2.794,2.815,2.789,2.808,154,290
1729558800,2.834,2.834,2.815,2.82,111,320
1729562400,2.82,2.825,2.814,2.823,40,320
1729566000,2.823,2.83,2.8209999999999997,2.828,69,320
1729569600,2.828,2.83,2.822,2.826,51,320
1729573200,2.826,2.826,2.816,2.8209999999999997,49,320
1729576800,2.82,2.82,2.8129999999999997,2.817,61,320
1729580400,2.817,2.819,2.8129999999999997,2.817,56,320
1729584000,2.817,2.825,2.8129999999999997,2.817,80,320
1729587600,2.817,2.817,2.808,2.8129999999999997,95,290
1729591200,2.8129999999999997,2.816,2.809,2.816,94,280
1729594800,2.817,2.83,2.816,2.823,94,290
1729598400,2.823,2.8289999999999997,2.82,2.825,118,290
1729602000,2.825,2.831,2.8209999999999997,2.8289999999999997,159,280
1729605600,2.8289999999999997,2.834,2.7960000000000003,2.8040000000000003,329,260
1729609200,2.8040000000000003,2.809,2.774,2.795,434,260
1729612800,2.794,2.868,2.779,2.851,919,270
1729616400,2.851,2.896,2.84,2.86,965,270
1729620000,2.86,2.8890000000000002,2.846,2.885,544,270
1729623600,2.885,2.9050000000000002,2.874,2.8810000000000002,540,270
1729627200,2.8810000000000002,2.898,2.865,2.871,431,280
1729630800,2.872,2.894,2.854,2.874,486,270
1729634400,2.874,2.88,2.867,2.868,233,280
1729638000,2.868,2.88,2.852,2.854,124,290
1729645200,2.875,2.879,2.864,2.8689999999999998,88,320
1729648800,2.8689999999999998,2.873,2.867,2.8689999999999998,57,320
1729652400,2.8689999999999998,2.8689999999999998,2.863,2.867,41,320
1729656000,2.867,2.868,2.864,2.867,60,310
1729659600,2.867,2.878,2.865,2.877,53,320
1729663200,2.877,2.883,2.875,2.879,76,320
1729666800,2.879,2.88,2.87,2.878,94,310
1729670400,2.879,2.883,2.8689999999999998,2.872,79,300
1729674000,2.87,2.882,2.87,2.873,96,290
1729677600,2.873,2.88,2.871,2.877,91,290
1729681200,2.878,2.887,2.878,2.8810000000000002,104,290
1729684800,2.8810000000000002,2.886,2.874,2.875,96,280
1729688400,2.875,2.885,2.865,2.8689999999999998,167,270
1729692000,2.8689999999999998,2.873,2.849,2.863,360,270
1729695600,2.862,2.893,2.856,2.8890000000000002,592,250
1729699200,2.888,2.902,2.851,2.902,799,270
1729702800,2.902,2.9050000000000002,2.8689999999999998,2.887,551,260
1729706400,2.887,2.892,2.867,2.871,380,260
1729710000,2.871,2.877,2.8609999999999998,2.868,350,270
1729713600,2.868,2.879,2.857,2.873,264,280
1729717200,2.873,2.969,2.8609999999999998,2.964,687,280
1729720800,2.964,2.9779999999999998,2.933,2.949,521,270
1729724400,2.95,2.961,2.931,2.94,163,280
1729731600,2.957,2.966,2.957,2.964,102,350
1729735200,2.965,2.968,2.9619999999999997,2.968,58,320
1729738800,2.967,2.979,2.961,2.9779999999999998,93,320
1729742400,2.9779999999999998,2.98,2.967,2.9699999999999998,78,320
1729746000,2.969,2.975,2.966,2.974,73,310
1729749600,2.974,2.979,2.956,2.963,176,320
1729753200,2.963,2.9699999999999998,2.963,2.969,79,320
1729756800,2.968,2.9699999999999998,2.963,2.969,64,320
1729760400,2.969,2.9779999999999998,2.966,2.977,106,290
1729764000,2.977,2.977,2.968,2.973,108,290
1729767600,2.973,2.975,2.966,2.9699999999999998,131,290
1729771200,2.9699999999999998,2.977,2.959,2.96,133,290
1729774800,2.96,2.974,2.958,2.964,238,270
1729778400,2.964,2.99,2.945,2.9859999999999998,462,270
1729782000,2.9859999999999998,3.01,2.982,2.985,545,270
1729785600,2.983,2.992,2.968,2.982,607,270
1729789200,2.982,2.997,2.916,2.9290000000000003,1062,260
1729792800,2.928,2.96,2.925,2.955,699,270
1729796400,2.955,3.0,2.941,2.999,548,270
1729800000,2.999,3.016,2.979,3.011,572,270
1729803600,3.01,3.046,3.01,3.04,821,270
1729807200,3.04,3.071,3.04,3.066,320,280
1729810800,3.066,3.066,2.997,3.003,238,280
1729818000,3.035,3.042,3.031,3.034,118,350
1729821600,3.034,3.042,3.03,3.033,86,320
1729825200,3.035,3.053,3.034,3.052,93,310
1729828800,3.053,3.054,3.047,3.049,97,320
1729832400,3.049,3.049,3.039,3.044,64,290
1729836000,3.045,3.045,3.039,3.043,53,320
1729839600,3.043,3.044,3.036,3.038,87,310
1729843200,3.039,3.05,3.037,3.037,89,310
1729846800,3.037,3.041,3.028,3.036,142,290
1729850400,3.037,3.042,3.034,3.038,106,280
1729854000,3.038,3.038,3.024,3.032,182,270
1729857600,3.032,3.037,3.027,3.03,220,280
1729861200,3.03,3.041,3.028,3.04,194,280
1729864800,3.04,3.057,3.021,3.022,413,260
1729868400,3.022,3.025,2.991,3.013,701,260
1729872000,3.014,3.06,3.013,3.038,1153,260
1729875600,3.038,3.049,3.016,3.027,634,260
1729879200,3.027,3.055,3.024,3.036,474,270
1729882800,3.037,3.063,3.017,3.052,574,260
1729886400,3.052,3.107,3.05,3.104,494,280
1729890000,3.105,3.123,3.078,3.087,710,270
1729893600,3.086,3.104,3.082,3.102,262,280
1729897200,3.103,3.103,3.066,3.067,182,280
1730077200,3.07,3.072,3.034,3.048,190,350
1730080800,3.048,3.056,3.048,3.052,84,350
1730084400,3.053,3.055,3.048,3.053,66,360
1730088000,3.053,3.053,3.047,3.05,46,360
1730091600,3.05,3.052,3.042,3.047,71,360
1730095200,3.047,3.057,3.043,3.051,75,360
1730098800,3.051,3.055,3.048,3.055,63,360
1730102400,3.055,3.06,3.039,3.042,77,360
1730106000,3.042,3.052,3.036,3.046,101,360
1730109600,3.046,3.053,3.039,3.052,128,290
1730113200,3.052,3.052,3.043,3.045,112,290
1730116800,3.045,3.053,3.043,3.044,144,280
1730120400,3.044,3.044,3.009,3.012,216,280
1730124000,3.012,3.019,2.9699999999999998,2.972,356,270
1730127600,2.971,2.971,2.91,2.914,785,250
1730131200,2.914,2.927,2.886,2.888,782,260
1730134800,2.887,2.888,2.871,2.873,514,260
1730138400,2.873,2.874,2.85,2.852,385,270
1730142000,2.851,2.894,2.841,2.867,636,270
1730145600,2.868,2.8890000000000002,2.865,2.8890000000000002,495,260
1730149200,2.8890000000000002,2.91,2.872,2.9,817,260
1730152800,2.901,2.903,2.88,2.882,190,280
1730156400,2.882,2.887,2.868,2.8689999999999998,89,290
1730163600,2.893,2.902,2.892,2.8970000000000002,101,350
1730167200,2.8970000000000002,2.902,2.892,2.901,53,320
1730170800,2.901,2.9050000000000002,2.896,2.9,75,320
1730174400,2.9,2.901,2.896,2.896,52,320
1730178000,2.896,2.896,2.885,2.886,85,320
1730181600,2.8890000000000002,2.8890000000000002,2.882,2.885,62,320
1730185200,2.885,2.887,2.882,2.887,42,320
1730188800,2.887,2.888,2.883,2.886,57,320
1730192400,2.886,2.9,2.88,2.884,123,310
1730196000,2.884,2.891,2.88,2.888,85,300
1730199600,2.8890000000000002,2.9,2.8890000000000002,2.894,82,290
1730203200,2.894,2.895,2.878,2.8810000000000002,148,280
1730206800,2.8810000000000002,2.887,2.872,2.873,156,280
1730210400,2.874,2.878,2.864,2.876,276,270
1730214000,2.877,2.906,2.8449999999999998,2.884,505,260
1730217600,2.884,2.917,2.884,2.91,680,260
1730221200,2.91,2.916,2.875,2.879,519,270
1730224800,2.8810000000000002,2.912,2.876,2.899,478,270
1730228400,2.899,2.916,2.888,2.916,442,270
1730232000,2.915,2.94,2.909,2.922,529,260
1730235600,2.922,2.931,2.8890000000000002,2.903,661,260
1730239200,2.902,2.91,2.901,2.909,122,280
1730242800,2.908,2.947,2.903,2.942,354,270
1730250000,2.969,2.969,2.941,2.945,156,350
1730253600,2.941,2.963,2.941,2.953,82,330
1730257200,2.953,2.956,2.948,2.951,83,310
1730260800,2.951,2.955,2.9459999999999997,2.953,58,310
1730264400,2.9539999999999997,2.9619999999999997,2.952,2.9539999999999997,76,310
1730268000,2.955,2.955,2.949,2.952,63,320
1730271600,2.952,2.9539999999999997,2.95,2.951,37,320
1730275200,2.9539999999999997,2.955,2.949,2.955,52,320
1730278800,2.9539999999999997,2.955,2.935,2.94,145,310
1730282400,2.94,2.948,2.936,2.945,121,290
1730286000,2.945,2.947,2.9370000000000003,2.941,98,290
1730289600,2.941,2.948,2.925,2.928,118,280
1730293200,2.928,2.928,2.914,2.9210000000000003,166,280
1730296800,2.92,2.928,2.906,2.91,253,270
1730300400,2.91,2.91,2.866,2.871,656,250
1730304000,2.871,2.896,2.835,2.888,815,270
1730307600,2.888,2.919,2.872,2.886,698,260
1730311200,2.886,2.93,2.885,2.915,660,260
1730314800,2.915,2.915,2.887,2.891,438,260
1730318400,2.891,2.912,2.888,2.907,312,280
1730322000,2.907,2.92,2.896,2.898,337,280
1730325600,2.895,2.895,2.885,2.885,163,280
1730329200,2.885,2.8890000000000002,2.8609999999999998,2.864,114,290
1730336400,2.893,2.896,2.887,2.895,92,320
1730340000,2.895,2.902,2.891,2.899,65,320
1730343600,2.899,2.901,2.893,2.901,51,310
1730347200,2.901,2.903,2.893,2.898,54,320
1730350800,2.898,2.899,2.895,2.896,29,320
1730354400,2.899,2.9,2.891,2.895,58,320
1730358000,2.895,2.896,2.887,2.8890000000000002,58,320
1730361600,2.8890000000000002,2.891,2.885,2.887,65,310
1730365200,2.887,2.892,2.8810000000000002,2.891,120,310
1730368800,2.891,2.891,2.878,2.884,92,290
1730372400,2.884,2.888,2.88,2.882,92,290
1730376000,2.882,2.884,2.8689999999999998,2.871,107,290
1730379600,2.871,2.877,2.866,2.875,130,280
1730383200,2.873,2.898,2.86,2.883,304,270
1730386800,2.883,2.893,2.857,2.8609999999999998,458,260
1730390400,2.8609999999999998,2.883,2.835,2.84,552,250
1730394000,2.84,2.8609999999999998,2.808,2.823,643,260
1730397600,2.823,2.823,2.769,2.795,512,260
1730401200,2.795,2.823,2.792,2.797,629,270
1730404800,2.7960000000000003,2.814,2.784,2.794,409,280
1730408400,2.795,2.807,2.775,2.79,424,280
1730412000,2.79,2.79,2.779,2.784,162,280
1730415600,2.784,2.797,2.762,2.763,132,290
1730422800,2.779,2.799,2.776,2.797,143,350
1730426400,2.797,2.801,2.7880000000000003,2.801,71,320
1730430000,2.801,2.807,2.798,2.805,84,320
1730433600,2.805,2.806,2.8,2.802,60,320
1730437200,2.802,2.803,2.794,2.798,67,310
1730440800,2.798,2.803,2.794,2.8,53,320
1730444400,2.801,2.801,2.792,2.795,55,320
1730448000,2.792,2.797,2.792,2.7960000000000003,44,320
1730451600,2.7960000000000003,2.7960000000000003,2.778,2.781,102,320
1730455200,2.781,2.784,2.775,2.782,106,290
1730458800,2.782,2.797,2.782,2.791,151,290
1730462400,2.792,2.801,2.7880000000000003,2.799,144,280
1730466000,2.799,2.799,2.7800000000000002,2.785,127,290
1730469600,2.785,2.799,2.769,2.781,297,270
1730473200,2.781,2.794,2.754,2.762,666,260
1730476800,2.762,2.8129999999999997,2.761,2.794,757,270
1730480400,2.794,2.794,2.757,2.765,496,270
1730484000,2.765,2.767,2.7439999999999998,2.75,376,270
1730487600,2.749,2.766,2.742,2.753,408,270
1730491200,2.753,2.754,2.7279999999999998,2.737,304,280
1730494800,2.737,2.774,2.7359999999999998,2.771,493,280
1730498400,2.771,2.7720000000000002,2.75,2.755,192,270
1730502000,2.7560000000000002,2.7560000000000002,2.721,2.726,157,280
1730682000,2.6550000000000002,2.701,2.654,2.699,291,310
1730685600,2.699,2.701,2.694,2.699,98,320
1730689200,2.699,2.703,2.697,2.703,88,310
1730692800,2.703,2.703,2.699,2.702,46,320
1730696400,2.702,2.708,2.699,2.707,55,320
1730700000,2.707,2.71,2.702,2.705,65,320
1730703600,2.706,2.709,2.703,2.709,59,320
1730707200,2.706,2.713,2.706,2.71,69,320
1730710800,2.71,2.711,2.702,2.707,83,290
1730714400,2.707,2.725,2.707,2.724,103,290
1730718000,2.725,2.731,2.721,2.7279999999999998,106,280
1730721600,2.7279999999999998,2.74,2.726,2.732,138,280
1730725200,2.732,2.74,2.713,2.714,245,250
1730728800,2.714,2.7439999999999998,2.7039999999999997,2.734,335,270
1730732400,2.734,2.7560000000000002,2.717,2.739,540,260
1730736000,2.74,2.801,2.74,2.7880000000000003,875,270
1730739600,2.7880000000000003,2.88,2.777,2.857,1098,250
1730743200,2.857,2.892,2.836,2.85,906,250
1730746800,2.85,2.876,2.84,2.868,561,270
1730750400,2.868,2.893,2.849,2.883,631,270
1730754000,2.882,2.888,2.87,2.883,488,280
1730757600,2.883,2.896,2.882,2.886,182,280
1730761200,2.886,2.891,2.871,2.873,130,290
1730768400,2.895,2.896,2.8810000000000002,2.885,86,320
1730772000,2.884,2.901,2.871,2.898,142,320
1730775600,2.899,2.903,2.895,2.896,104,310
1730779200,2.896,2.899,2.894,2.896,93,320
1730782800,2.8970000000000002,2.901,2.894,2.896,79,320
1730786400,2.896,2.908,2.896,2.907,98,320
1730790000,2.907,2.912,2.903,2.909,105,320
1730793600,2.909,2.912,2.898,2.898,158,320
1730797200,2.898,2.904,2.895,2.903,185,290
1730800800,2.903,2.912,2.895,2.901,145,290
1730804400,2.901,2.904,2.8970000000000002,2.901,90,280
1730808000,2.902,2.903,2.879,2.882,165,290
1730811600,2.882,2.887,2.8609999999999998,2.8689999999999998,284,260
1730815200,2.8689999999999998,2.93,2.857,2.925,575,260
1730818800,2.924,2.925,2.876,2.8810000000000002,780,260
1730822400,2.8810000000000002,2.928,2.867,2.867,912,260
1730826000,2.866,2.8689999999999998,2.835,2.86,767,270
1730829600,2.86,2.88,2.823,2.848,673,260
1730833200,2.848,2.852,2.798,2.798,510,260
1730836800,2.798,2.802,2.77,2.789,640,270
1730840400,2.789,2.802,2.782,2.7960000000000003,504,280
1730844000,2.795,2.795,2.785,2.7880000000000003,169,260
1730847600,2.7880000000000003,2.801,2.773,2.781,103,290
1730854800,2.808,2.825,2.805,2.822,116,330
1730858400,2.822,2.828,2.81,2.81,103,320
1730862000,2.811,2.8209999999999997,2.811,2.819,92,320
1730865600,2.82,2.8209999999999997,2.811,2.8120000000000003,70,320
1730869200,2.811,2.8120000000000003,2.806,2.811,95,320
1730872800,2.811,2.815,2.809,2.81,80,310
1730876400,2.808,2.816,2.805,2.806,76,320
1730880000,2.806,2.811,2.797,2.798,180,300
1730883600,2.798,2.807,2.7880000000000003,2.806,182,280
1730887200,2.806,2.815,2.7960000000000003,2.808,211,290
1730890800,2.807,2.818,2.799,2.817,178,290
1730894400,2.817,2.8209999999999997,2.7960000000000003,2.7960000000000003,191,290
1730898000,2.7960000000000003,2.816,2.791,2.807,204,270
1730901600,2.807,2.843,2.8040000000000003,2.827,555,260
1730905200,2.827,2.862,2.814,2.83,828,260
1730908800,2.83,2.877,2.817,2.8609999999999998,802,260
1730912400,2.8609999999999998,2.862,2.835,2.843,572,260
1730916000,2.843,2.885,2.8369999999999997,2.8810000000000002,537,260
1730919600,2.883,2.9210000000000003,2.868,2.88,795,260
1730923200,2.8810000000000002,2.899,2.857,2.89,544,270
1730926800,2.891,2.896,2.865,2.879,443,280
1730930400,2.879,2.8810000000000002,2.873,2.873,153,280
1730934000,2.873,2.873,2.822,2.8289999999999997,136,280
1730941200,2.848,2.875,2.848,2.868,163,320
1730944800,2.871,2.872,2.8529999999999998,2.864,126,320
1730948400,2.865,2.866,2.859,2.863,75,320
1730952000,2.864,2.867,2.8609999999999998,2.864,67,320
1730955600,2.865,2.871,2.8609999999999998,2.871,76,320
1730959200,2.871,2.872,2.863,2.868,75,320
1730962800,2.868,2.876,2.866,2.875,64,310
1730966400,2.876,2.886,2.868,2.882,110,320
1730970000,2.882,2.895,2.879,2.893,109,290
1730973600,2.893,2.896,2.8689999999999998,2.87,184,290
1730977200,2.87,2.883,2.867,2.878,164,280
1730980800,2.878,2.88,2.8689999999999998,2.877,170,280
1730984400,2.877,2.884,2.872,2.875,178,270
1730988000,2.875,2.914,2.871,2.892,405,260
1730991600,2.891,2.901,2.847,2.854,621,260
1730995200,2.854,2.854,2.806,2.817,700,260
1730998800,2.817,2.846,2.8,2.84,885,250
1731002400,2.84,2.849,2.814,2.84,701,260
1731006000,2.839,2.857,2.808,2.828,607,260
1731009600,2.828,2.833,2.8120000000000003,2.83,384,260
1731013200,2.83,2.84,2.826,2.832,295,280
1731016800,2.832,2.838,2.828,2.838,138,280
1731020400,2.8369999999999997,2.842,2.815,2.8209999999999997,102,290
1731027600,2.8449999999999998,2.854,2.843,2.854,105,320
1731031200,2.8529999999999998,2.858,2.849,2.858,83,320
1731034800,2.858,2.859,2.849,2.854,69,310
1731038400,2.854,2.854,2.843,2.844,57,320
1731042000,2.844,2.847,2.842,2.846,55,320
1731045600,2.846,2.847,2.841,2.8449999999999998,60,320
1731049200,2.8449999999999998,2.848,2.84,2.847,66,320
1731052800,2.848,2.86,2.841,2.847,124,310
1731056400,2.847,2.865,2.8449999999999998,2.859,203,290
1731060000,2.859,2.859,2.84,2.842,183,290
1731063600,2.842,2.851,2.84,2.846,137,290
1731067200,2.846,2.8609999999999998,2.8449999999999998,2.858,156,290
1731070800,2.857,2.879,2.857,2.875,232,270
1731074400,2.875,2.882,2.8529999999999998,2.865,552,260
1731078000,2.865,2.884,2.836,2.838,659,250
1731081600,2.8369999999999997,2.899,2.826,2.879,831,270
1731085200,2.879,2.8890000000000002,2.859,2.871,538,270
1731088800,2.871,2.877,2.836,2.839,436,270
1731092400,2.839,2.841,2.799,2.8040000000000003,468,270
1731096000,2.8040000000000003,2.831,2.801,2.819,486,280
1731099600,2.819,2.831,2.808,2.818,434,270
1731103200,2.818,2.825,2.8129999999999997,2.816,194,270
1731106800,2.816,2.82,2.798,2.801,107,290
1731286800,2.936,2.958,2.932,2.9539999999999997,293,300
1731290400,2.9539999999999997,2.965,2.952,2.96,119,320
1731294000,2.96,2.972,2.952,2.971,122,310
1731297600,2.971,2.975,2.966,2.969,87,310
1731301200,2.9699999999999998,2.9699999999999998,2.959,2.966,80,310
1731304800,2.966,2.971,2.966,2.9699999999999998,78,320
1731308400,2.9699999999999998,2.975,2.961,2.966,70,310
1731312000,2.966,2.987,2.966,2.984,104,310
1731315600,2.984,2.985,2.966,2.979,170,290
1731319200,2.979,2.987,2.979,2.9859999999999998,136,290
1731322800,2.9859999999999998,2.9939999999999998,2.981,2.985,132,290
1731326400,2.985,2.987,2.977,2.9859999999999998,108,290
1731330000,2.9859999999999998,3.004,2.979,3.003,174,270
1731333600,3.003,3.026,2.996,3.025,350,260
1731337200,3.025,3.047,3.01,3.015,629,260
1731340800,3.015,3.09,3.015,3.071,802,260
1731344400,3.071,3.091,3.055,3.075,710,260
1731348000,3.075,3.083,3.035,3.037,744,270
1731351600,3.037,3.061,3.026,3.058,609,260
1731355200,3.058,3.076,3.052,3.07,460,270
1731358800,3.07,3.071,3.046,3.07,461,280
1731362400,3.07,3.072,3.06,3.068,205,280
1731366000,3.068,3.078,3.053,3.058,141,280
1731373200,3.076,3.076,3.065,3.07,136,320
1731376800,3.07,3.07,3.061,3.068,91,320
1731380400,3.068,3.085,3.068,3.079,101,320
1731384000,3.079,3.086,3.076,3.079,91,320
1731387600,3.079,3.083,3.069,3.069,100,320
1731391200,3.069,3.07,3.064,3.065,68,320
1731394800,3.065,3.075,3.058,3.074,95,320
1731398400,3.074,3.086,3.072,3.083,166,310
1731402000,3.083,3.087,3.072,3.086,135,290
1731405600,3.085,3.092,3.08,3.088,137,280
1731409200,3.088,3.093,3.079,3.079,166,290
1731412800,3.08,3.086,3.058,3.061,194,280
1731416400,3.061,3.066,3.049,3.057,261,270
1731420000,3.057,3.086,3.055,3.072,453,260
1731423600,3.072,3.072,3.011,3.033,726,260
1731427200,3.033,3.121,3.026,3.11,1050,260
1731430800,3.11,3.1310000000000002,3.1,3.123,731,270
1731434400,3.123,3.15,3.077,3.099,940,260
1731438000,3.099,3.107,3.049,3.084,823,260
1731441600,3.084,3.095,3.014,3.028,846,270
1731445200,3.028,3.066,3.026,3.059,560,270
1731448800,3.059,3.069,3.059,3.062,168,280
1731452400,3.062,3.075,3.047,3.047,125,290
1731459600,3.065,3.074,3.057,3.074,102,320
1731463200,3.074,3.075,3.066,3.072,72,320
1731466800,3.073,3.073,3.063,3.068,82,320
1731470400,3.065,3.067,3.058,3.061,94,290
1731474000,3.061,3.071,3.057,3.06,77,310
1731477600,3.06,3.071,3.059,3.064,78,320
1731481200,3.064,3.065,3.048,3.049,69,310
1731484800,3.049,3.049,3.038,3.046,102,310
1731488400,3.046,3.054,3.046,3.052,99,290
1731492000,3.052,3.052,3.043,3.047,139,280
1731495600,3.047,3.055,3.044,3.046,93,280
1731499200,3.046,3.048,3.031,3.033,127,280
1731502800,3.033,3.047,3.022,3.038,223,270
1731506400,3.038,3.049,3.007,3.047,397,260
1731510000,3.047,3.048,2.998,3.02,820,260
1731513600,3.02,3.058,3.014,3.048,876,260
1731517200,3.048,3.079,3.04,3.075,684,270
1731520800,3.075,3.157,3.062,3.142,974,260
1731524400,3.142,3.169,3.122,3.148,888,260
1731528000,3.148,3.166,3.111,3.158,751,270
1731531600,3.158,3.161,3.14,3.154,534,270
1731535200,3.154,3.175,3.149,3.171,249,280
1731538800,3.172,3.172,3.1189999999999998,3.1189999999999998,191,280
1731546000,3.145,3.148,3.133,3.144,107,320
1731549600,3.144,3.147,3.135,3.144,82,300
1731553200,3.144,3.144,3.1310000000000002,3.1310000000000002,90,320
1731556800,3.1310000000000002,3.134,3.128,3.1310000000000002,79,310
1731560400,3.1310000000000002,3.133,3.12,3.122,91,310
1731564000,3.122,3.127,3.12,3.126,84,320
1731567600,3.126,3.126,3.1189999999999998,3.121,94,310
1731571200,3.12,3.128,3.116,3.125,103,320
1731574800,3.124,3.141,3.124,3.137,167,290
1731578400,3.137,3.137,3.127,3.132,114,290
1731582000,3.132,3.137,3.125,3.128,155,280
1731585600,3.129,3.13,3.1189999999999998,3.123,133,280
1731589200,3.123,3.123,3.11,3.117,161,270
1731592800,3.117,3.15,3.109,3.145,314,270
1731596400,3.145,3.148,3.121,3.136,654,260
1731600000,3.136,3.141,3.106,3.126,666,250
1731603600,3.126,3.14,3.064,3.069,819,250
1731607200,3.069,3.071,3.032,3.056,930,260
1731610800,3.056,3.085,3.036,3.051,641,250
1731614400,3.051,3.055,3.01,3.012,539,270
1731618000,3.012,3.021,2.981,2.9859999999999998,436,280
1731621600,2.9859999999999998,2.99,2.98,2.984,198,280
1731625200,2.984,2.985,2.968,2.9699999999999998,111,290
1731632400,2.9939999999999998,3.008,2.991,2.996,125,320
1731636000,2.997,2.999,2.996,2.997,50,320
1731639600,2.997,3.001,2.9939999999999998,3.001,74,320
1731643200,3.001,3.001,2.9939999999999998,3.0,63,320
1731646800,3.0,3.001,2.992,2.992,43,320
1731650400,2.9939999999999998,2.995,2.9779999999999998,2.981,98,320
1731654000,2.9779999999999998,2.983,2.957,2.96,122,310
1731657600,2.96,2.9619999999999997,2.944,2.945,166,310
1731661200,2.944,2.967,2.944,2.959,195,290
1731664800,2.959,2.96,2.953,2.959,125,290
1731668400,2.959,2.9619999999999997,2.949,2.95,126,290
1731672000,2.95,2.958,2.947,2.958,141,290
1731675600,2.958,2.958,2.936,2.947,229,270
1731679200,2.947,2.949,2.933,2.947,322,250
1731682800,2.947,2.967,2.942,2.966,400,270
1731686400,2.967,3.01,2.9539999999999997,2.9939999999999998,750,260
1731690000,2.9939999999999998,3.025,2.988,3.023,527,270
1731693600,3.023,3.042,3.002,3.024,724,260
1731697200,3.024,3.047,2.995,3.043,620,250
1731700800,3.043,3.053,3.024,3.035,426,270
1731704400,3.035,3.061,3.033,3.057,412,270
1731708000,3.057,3.059,3.044,3.051,211,280
1731711600,3.051,3.054,3.033,3.049,154,280
1731891600,3.166,3.19,3.156,3.156,394,310
1731895200,3.156,3.164,3.142,3.148,179,320
1731898800,3.148,3.162,3.145,3.161,100,320
1731902400,3.161,3.165,3.15,3.151,104,310
1731906000,3.151,3.154,3.146,3.15,95,310
1731909600,3.15,3.153,3.147,3.152,64,320
1731913200,3.152,3.152,3.138,3.144,88,300
1731916800,3.143,3.143,3.135,3.135,109,310
1731920400,3.135,3.147,3.127,3.137,170,290
1731924000,3.137,3.144,3.124,3.125,134,290
1731927600,3.125,3.1310000000000002,3.121,3.122,125,290
1731931200,3.122,3.132,3.113,3.1310000000000002,158,290
1731934800,3.132,3.135,3.109,3.11,242,270
1731938400,3.11,3.129,3.091,3.125,376,260
1731942000,3.125,3.146,3.087,3.088,555,260
1731945600,3.088,3.12,3.063,3.114,991,260
1731949200,3.114,3.13,3.099,3.108,685,240
1731952800,3.108,3.136,3.108,3.127,678,250
1731956400,3.127,3.133,3.108,3.128,412,270
1731960000,3.128,3.155,3.128,3.149,516,270
1731963600,3.149,3.167,3.147,3.156,383,280
1731967200,3.156,3.162,3.151,3.152,149,280
1731970800,3.152,3.153,3.117,3.12,120,290
1731978000,3.147,3.152,3.133,3.146,130,320
1731981600,3.146,3.154,3.144,3.147,78,320
1731985200,3.147,3.157,3.144,3.15,114,310
1731988800,3.15,3.152,3.146,3.152,76,320
1731992400,3.152,3.153,3.145,3.15,93,310
1731996000,3.15,3.154,3.145,3.148,65,310
1731999600,3.148,3.154,3.147,3.149,78,310
1732003200,3.149,3.168,3.149,3.164,141,310
1732006800,3.164,3.168,3.159,3.167,109,290
1732010400,3.168,3.171,3.156,3.158,139,290
1732014000,3.158,3.171,3.156,3.168,122,290
1732017600,3.168,3.18,3.161,3.174,171,280
1732021200,3.174,3.181,3.149,3.149,257,260
1732024800,3.149,3.156,3.122,3.123,419,260
1732028400,3.123,3.15,3.1189999999999998,3.134,654,250
1732032000,3.134,3.188,3.128,3.172,774,260
1732035600,3.172,3.196,3.169,3.183,602,270
1732039200,3.183,3.227,3.181,3.225,607,260
1732042800,3.226,3.2640000000000002,3.225,3.253,662,250
1732046400,3.253,3.255,3.154,3.206,1279,270
1732050000,3.206,3.234,3.199,3.201,663,270
1732053600,3.201,3.203,3.184,3.191,251,270
1732057200,3.191,3.194,3.153,3.156,129,280
1732064400,3.162,3.174,3.16,3.17,90,330
1732068000,3.171,3.171,3.162,3.167,76,320
1732071600,3.167,3.175,3.165,3.172,90,320
1732075200,3.172,3.179,3.167,3.178,71,320
1732078800,3.178,3.189,3.178,3.179,95,310
1732082400,3.18,3.18,3.164,3.169,103,310
1732086000,3.169,3.181,3.15,3.179,137,300
1732089600,3.179,3.245,3.176,3.2359999999999998,290,310
1732093200,3.235,3.248,3.233,3.245,147,290
1732096800,3.245,3.248,3.237,3.243,148,290
1732100400,3.243,3.258,3.241,3.2560000000000002,132,290
1732104000,3.257,3.263,3.248,3.261,137,280
1732107600,3.261,3.305,3.261,3.291,443,270
1732111200,3.291,3.316,3.29,3.302,423,270
1732114800,3.302,3.333,3.295,3.298,566,260
1732118400,3.299,3.325,3.271,3.287,683,250
1732122000,3.287,3.309,3.282,3.309,401,270
1732125600,3.309,3.387,3.305,3.373,911,250
1732129200,3.373,3.406,3.342,3.357,831,250
1732132800,3.357,3.378,3.334,3.376,664,270
1732136400,3.376,3.393,3.357,3.377,466,280
1732140000,3.378,3.396,3.365,3.391,230,280
1732143600,3.3890000000000002,3.411,3.377,3.385,196,290
1732150800,3.384,3.386,3.371,3.377,106,320
1732154400,3.376,3.379,3.362,3.378,153,310
1732158000,3.378,3.394,3.376,3.394,121,310
1732161600,3.394,3.399,3.39,3.39,106,320
1732165200,3.39,3.391,3.377,3.387,108,310
1732168800,3.387,3.401,3.387,3.394,122,310
1732172400,3.394,3.426,3.394,3.422,169,320
1732176000,3.422,3.4779999999999998,3.419,3.469,314,310
1732179600,3.4699999999999998,3.476,3.459,3.474,257,290
1732183200,3.474,3.499,3.469,3.488,295,290
1732186800,3.488,3.504,3.484,3.502,232,290
1732190400,3.502,3.536,3.498,3.532,306,280
1732194000,3.532,3.535,3.496,3.526,404,270
1732197600,3.526,3.542,3.497,3.5060000000000002,571,260
1732201200,3.5060000000000002,3.55,3.488,3.547,806,260
1732204800,3.549,3.565,3.462,3.505,1183,260
1732208400,3.5060000000000002,3.556,3.501,3.545,927,260
1732212000,3.545,3.556,3.495,3.509,922,250
1732215600,3.509,3.535,3.424,3.446,1197,250
1732219200,3.446,3.454,3.395,3.423,1292,270
1732222800,3.423,3.483,3.415,3.48,661,280
1732226400,3.48,3.499,3.462,3.472,357,280
1732230000,3.473,3.49,3.46,3.483,186,280
1732237200,3.49,3.52,3.489,3.515,212,320
1732240800,3.515,3.515,3.4859999999999998,3.487,190,310
1732244400,3.484,3.509,3.484,3.508,172,310
1732248000,3.509,3.598,3.504,3.5629999999999997,380,290
1732251600,3.5629999999999997,3.585,3.529,3.533,375,310
1732255200,3.532,3.539,3.507,3.51,232,310
1732258800,3.51,3.52,3.444,3.455,404,300
1732262400,3.455,3.48,3.442,3.467,374,300
1732266000,3.467,3.492,3.458,3.491,289,290
1732269600,3.49,3.504,3.469,3.473,292,280
1732273200,3.473,3.48,3.456,3.468,273,280
1732276800,3.468,3.487,3.452,3.457,270,280
1732280400,3.457,3.457,3.411,3.423,524,260
1732284000,3.423,3.438,3.364,3.373,787,250
1732287600,3.375,3.382,3.288,3.299,1133,250
1732291200,3.299,3.329,3.26,3.274,1309,260
1732294800,3.274,3.296,3.234,3.2439999999999998,921,260
1732298400,3.2439999999999998,3.267,3.217,3.254,1198,250
1732302000,3.254,3.288,3.223,3.282,915,260
1732305600,3.282,3.286,3.231,3.262,1015,260
1732309200,3.263,3.2720000000000002,3.245,3.267,747,270
1732312800,3.267,3.273,3.2640000000000002,3.269,235,270
1732316400,3.269,3.269,3.237,3.237,147,280
1732496400,3.466,3.493,3.466,3.479,110,310
1732500000,3.479,3.489,3.4779999999999998,3.487,172,300
1732503600,3.487,3.489,3.4779999999999998,3.487,169,310
1732507200,3.487,3.49,3.483,3.487,113,320
1732510800,3.487,3.487,3.466,3.4699999999999998,173,320
1732514400,3.4699999999999998,3.48,3.459,3.464,172,310
1732518000,3.464,3.465,3.423,3.426,247,310
1732521600,3.426,3.481,3.418,3.468,351,300
1732525200,3.468,3.471,3.435,3.436,309,280
1732528800,3.436,3.451,3.435,3.444,287,270
1732532400,3.444,3.45,3.414,3.414,342,270
1732536000,3.414,3.427,3.396,3.403,276,270
1732539600,3.403,3.419,3.371,3.402,545,270
1732543200,3.402,3.44,3.384,3.425,728,250
1732546800,3.426,3.45,3.403,3.407,854,240
1732550400,3.407,3.466,3.4,3.46,1093,260
1732554000,3.46,3.497,3.452,3.495,857,270
1732557600,3.495,3.52,3.428,3.439,1085,240
1732561200,3.439,3.482,3.413,3.427,918,260
1732564800,3.427,3.441,3.392,3.42,1265,270
1732568400,3.42,3.429,3.354,3.359,1014,260
1732572000,3.358,3.383,3.357,3.372,247,280
1732575600,3.373,3.399,3.367,3.373,207,280
1732582800,3.378,3.379,3.347,3.352,182,320
1732586400,3.352,3.368,3.351,3.358,177,310
1732590000,3.358,3.37,3.349,3.367,138,310
1732593600,3.365,3.366,3.352,3.3609999999999998,106,310
1732597200,3.3609999999999998,3.37,3.359,3.362,95,310
1732600800,3.363,3.376,3.3529999999999998,3.374,80,310
1732604400,3.374,3.386,3.364,3.376,138,300
1732608000,3.375,3.402,3.36,3.4,259,290
1732611600,3.4,3.4,3.374,3.386,158,280
1732615200,3.386,3.3970000000000002,3.3810000000000002,3.394,202,280
1732618800,3.394,3.402,3.385,3.396,172,280
1732622400,3.396,3.396,3.377,3.387,167,280
1732626000,3.387,3.461,3.3810000000000002,3.455,398,270
1732629600,3.455,3.461,3.415,3.43,483,260
1732633200,3.43,3.452,3.395,3.442,744,260
1732636800,3.444,3.471,3.413,3.462,1033,250
1732640400,3.462,3.469,3.36,3.3689999999999998,908,250
1732644000,3.3689999999999998,3.386,3.34,3.357,849,260
1732647600,3.357,3.444,3.357,3.417,850,260
1732651200,3.417,3.461,3.365,3.46,949,270
1732654800,3.46,3.475,3.406,3.424,900,270
1732658400,3.424,3.439,3.421,3.431,306,280
1732662000,3.43,3.431,3.41,3.416,175,280
1732669200,3.404,3.408,3.398,3.404,111,320
1732672800,3.404,3.4050000000000002,3.393,3.396,73,310
1732676400,3.396,3.399,3.382,3.386,114,310
1732680000,3.386,3.3970000000000002,3.383,3.39,77,310
1732683600,3.39,3.393,3.3810000000000002,3.3890000000000002,85,320
1732687200,3.3890000000000002,3.3890000000000002,3.359,3.363,138,310
1732690800,3.363,3.363,3.34,3.342,154,300
1732694400,3.342,3.342,3.287,3.299,262,310
1732698000,3.299,3.308,3.295,3.298,228,290
1732701600,3.298,3.298,3.288,3.29,195,290
1732705200,3.29,3.301,3.289,3.291,144,290
1732708800,3.291,3.296,3.253,3.253,277,280
1732712400,3.253,3.2560000000000002,3.233,3.253,359,270
1732716000,3.254,3.268,3.24,3.248,411,260
1732719600,3.248,3.287,3.219,3.233,749,260
1732723200,3.233,3.233,3.185,3.207,801,260
1732726800,3.207,3.218,3.19,3.191,470,260
1732730400,3.191,3.214,3.184,3.209,519,270
1732734000,3.209,3.22,3.156,3.158,697,260
1732737600,3.158,3.175,3.149,3.162,586,270
1732741200,3.162,3.166,3.148,3.155,378,280
1732744800,3.155,3.158,3.137,3.137,167,270
1732748400,3.138,3.144,3.116,3.125,107,280
1732755600,3.143,3.144,3.129,3.134,101,310
1732759200,3.134,3.142,3.134,3.141,65,320
1732762800,3.141,3.143,3.136,3.1390000000000002,66,320
1732766400,3.1390000000000002,3.14,3.137,3.137,40,320
1732770000,3.14,3.14,3.1310000000000002,3.134,61,320
1732773600,3.134,3.138,3.122,3.126,88,310
1732777200,3.125,3.145,3.121,3.1390000000000002,99,310
1732780800,3.138,3.165,3.137,3.161,225,310
1732784400,3.161,3.175,3.16,3.171,168,290
1732788000,3.171,3.173,3.164,3.168,113,290
1732791600,3.168,3.18,3.167,3.179,107,290
1732795200,3.18,3.181,3.171,3.177,101,290
1732798800,3.177,3.178,3.146,3.152,226,270
1732802400,3.152,3.191,3.15,3.172,316,260
1732806000,3.172,3.201,3.16,3.196,356,260
1732809600,3.196,3.196,3.17,3.186,475,260
1732813200,3.186,3.192,3.173,3.183,260,270
1732816800,3.183,3.21,3.181,3.206,301,260
1732820400,3.206,3.237,3.195,3.232,259,270
1732824000,3.233,3.237,3.223,3.226,82,270
1732842000,3.23,3.237,3.206,3.21,186,320
1732845600,3.21,3.225,3.205,3.214,98,310
1732849200,3.214,3.248,3.214,3.2359999999999998,157,310
1732852800,3.235,3.2359999999999998,3.225,3.2359999999999998,98,310
1732856400,3.2359999999999998,3.241,3.226,3.238,119,320
1732860000,3.238,3.241,3.228,3.23,97,300
1732863600,3.23,3.259,3.219,3.252,205,310
1732867200,3.252,3.265,3.219,3.257,272,300
1732870800,3.2560000000000002,3.267,3.2439999999999998,3.265,176,290
1732874400,3.265,3.281,3.259,3.261,171,280
1732878000,3.261,3.262,3.245,3.247,143,280
1732881600,3.247,3.255,3.24,3.246,136,280
1732885200,3.246,3.252,3.23,3.238,203,270
1732888800,3.238,3.25,3.224,3.237,368,260
1732892400,3.237,3.269,3.234,3.263,487,270
1732896000,3.263,3.295,3.245,3.265,721,260
1732899600,3.265,3.276,3.233,3.24,493,260
1732903200,3.24,3.293,3.224,3.287,644,260
1732906800,3.289,3.316,3.267,3.269,574,260
1732910400,3.269,3.288,3.262,3.2720000000000002,323,280
1732914000,3.2720000000000002,3.295,3.27,3.294,148,350
1733101200,3.155,3.174,3.132,3.138,288,310
1733104800,3.138,3.143,3.127,3.1310000000000002,103,310
1733108400,3.1310000000000002,3.132,3.123,3.126,78,310
1733112000,3.127,3.133,3.122,3.132,91,320
1733115600,3.1310000000000002,3.147,3.13,3.137,115,310
1733119200,3.137,3.137,3.106,3.113,133,310
1733122800,3.113,3.113,3.09,3.097,128,300
1733126400,3.097,3.106,3.087,3.098,170,300
1733130000,3.098,3.108,3.095,3.096,180,290
1733133600,3.096,3.099,3.091,3.097,170,290
1733137200,3.097,3.102,3.092,3.094,142,290
1733140800,3.095,3.1,3.088,3.094,135,290
1733144400,3.094,3.113,3.09,3.109,201,270
1733148000,3.109,3.111,3.084,3.088,285,270
1733151600,3.088,3.116,3.087,3.113,505,260
1733155200,3.113,3.188,3.113,3.16,1018,260
1733158800,3.16,3.208,3.157,3.176,718,260
1733162400,3.176,3.206,3.116,3.14,832,260
1733166000,3.14,3.167,3.1189999999999998,3.163,621,260
1733169600,3.163,3.17,3.123,3.125,570,270
1733173200,3.125,3.164,3.113,3.138,521,270
1733176800,3.138,3.14,3.132,3.134,186,270
1733180400,3.134,3.143,3.124,3.129,141,290
1733191200,3.121,3.125,3.1189999999999998,3.125,45,310
1733194800,3.125,3.13,3.12,3.123,77,310
1733198400,3.123,3.13,3.12,3.129,80,320
1733202000,3.129,3.141,3.126,3.141,79,320
1733205600,3.141,3.141,3.129,3.132,104,300
1733209200,3.132,3.134,3.12,3.121,105,310
1733212800,3.121,3.121,3.102,3.102,190,300
1733216400,3.102,3.113,3.101,3.11,151,280
1733220000,3.11,3.1189999999999998,3.108,3.1189999999999998,154,280
1733223600,3.1189999999999998,3.12,3.102,3.102,112,290
1733227200,3.102,3.109,3.097,3.098,163,270
1733230800,3.101,3.106,3.087,3.093,173,270
1733234400,3.093,3.096,3.052,3.053,297,260
1733238000,3.055,3.082,3.041,3.054,530,260
1733241600,3.054,3.07,3.025,3.026,556,260
1733245200,3.026,3.029,2.997,3.013,497,260
1733248800,3.013,3.027,2.999,3.013,565,270
1733252400,3.013,3.015,2.99,2.995,351,270
1733256000,2.995,2.995,2.964,2.974,389,280
1733259600,2.974,2.979,2.966,2.9779999999999998,261,240
1733263200,2.9779999999999998,2.983,2.977,2.981,103,240
1733266800,2.981,2.991,2.967,2.968,130,240
1733274000,2.979,2.981,2.971,2.976,101,260
1733277600,2.976,2.983,2.976,2.98,97,260
1733281200,2.98,2.983,2.979,2.982,62,260
1733284800,2.982,2.984,2.979,2.98,61,260
1733288400,2.98,2.98,2.9699999999999998,2.9699999999999998,107,260
1733292000,2.9699999999999998,2.984,2.9699999999999998,2.982,77,260
1733295600,2.982,2.982,2.975,2.979,81,250
1733299200,2.98,2.984,2.972,2.973,134,260
1733302800,2.974,2.981,2.973,2.975,160,240
1733306400,2.975,2.977,2.965,2.969,106,240
1733310000,2.969,2.971,2.956,2.966,103,240
1733313600,2.966,2.968,2.948,2.952,132,240
1733317200,2.952,2.952,2.933,2.9370000000000003,154,240
1733320800,2.9370000000000003,2.9379999999999997,2.9130000000000003,2.919,229,240
1733324400,2.919,2.952,2.918,2.952,417,240
1733328000,2.952,2.975,2.945,2.945,611,230
1733331600,2.945,2.951,2.916,2.925,479,230
1733335200,2.925,2.9459999999999997,2.912,2.9370000000000003,469,240
1733338800,2.9370000000000003,3.01,2.928,2.985,654,240
1733342400,2.985,2.991,2.955,2.9699999999999998,493,210
1733346000,2.9699999999999998,2.987,2.967,2.974,235,240
1733349600,2.974,2.9939999999999998,2.974,2.993,139,240
1733353200,2.993,3.007,2.98,2.989,177,240
1733360400,2.981,3.002,2.981,2.995,129,270
1733364000,2.995,2.995,2.973,2.973,129,260
1733367600,2.974,2.998,2.974,2.993,117,260
1733371200,2.993,2.998,2.984,2.984,107,260
1733374800,2.984,2.987,2.977,2.982,87,260
1733378400,2.982,2.9859999999999998,2.981,2.984,74,260
1733382000,2.985,3.005,2.9779999999999998,3.004,162,260
1733385600,3.004,3.013,2.997,3.003,232,240
1733389200,3.004,3.017,3.0,3.014,190,240
1733392800,3.014,3.025,3.01,3.021,160,240
1733396400,3.021,3.034,3.021,3.023,143,240
1733400000,3.023,3.03,3.005,3.006,185,240
1733403600,3.006,3.013,2.9939999999999998,3.009,167,240
1733407200,3.009,3.03,2.987,2.999,483,230
1733410800,2.999,3.062,2.996,3.031,831,230
1733414400,3.031,3.048,3.014,3.046,709,230
1733418000,3.046,3.058,3.014,3.034,805,220
1733421600,3.034,3.068,3.017,3.022,748,230
1733425200,3.022,3.022,2.985,2.985,589,230
1733428800,2.985,3.015,2.972,3.005,378,240
1733432400,3.005,3.021,2.996,3.001,260,240
1733436000,3.001,3.005,2.991,2.996,101,240
1733439600,2.996,3.014,2.9859999999999998,2.989,118,240
1733446800,2.997,3.001,2.993,3.001,75,270
1733450400,3.001,3.001,2.991,2.9939999999999998,80,260
1733454000,2.993,3.002,2.993,2.998,96,260
1733457600,2.998,3.003,2.997,2.997,69,260
1733461200,2.997,2.998,2.985,2.99,83,260
1733464800,2.99,2.992,2.9859999999999998,2.991,55,260
1733468400,2.99,2.993,2.983,2.987,97,260
1733472000,2.987,2.987,2.974,2.977,134,250
1733475600,2.977,2.9779999999999998,2.952,2.956,145,250
1733479200,2.956,2.964,2.953,2.956,104,240
1733482800,2.956,2.957,2.95,2.952,84,240
1733486400,2.952,2.952,2.934,2.9379999999999997,128,240
1733490000,2.9379999999999997,2.945,2.924,2.927,177,230
1733493600,2.927,2.949,2.926,2.944,269,220
1733497200,2.944,2.964,2.941,2.9459999999999997,535,230
1733500800,2.9459999999999997,2.981,2.9459999999999997,2.968,641,230
1733504400,2.968,3.007,2.951,2.989,444,230
1733508000,2.989,3.002,2.975,2.991,399,230
1733511600,2.991,3.008,2.974,2.993,457,230
1733515200,2.993,3.005,2.979,2.993,247,230
1733518800,2.993,2.996,2.975,2.993,272,240
1733522400,2.993,2.997,2.98,2.991,168,230
1733526000,2.991,3.001,2.974,2.991,111,240
1733706000,3.167,3.197,3.15,3.151,627,250
1733709600,3.153,3.154,3.144,3.146,127,260
1733713200,3.146,3.15,3.1310000000000002,3.135,144,260
1733716800,3.136,3.136,3.118,3.122,119,260
1733720400,3.122,3.122,3.108,3.113,134,260
1733724000,3.113,3.117,3.105,3.106,110,250
1733727600,3.106,3.115,3.084,3.087,161,240
1733731200,3.087,3.11,3.083,3.109,334,250
1733734800,3.109,3.123,3.091,3.114,210,250
1733738400,3.114,3.122,3.106,3.12,157,240
1733742000,3.121,3.124,3.118,3.1189999999999998,95,240
1733745600,3.1189999999999998,3.123,3.103,3.108,104,240
1733749200,3.108,3.122,3.104,3.121,167,240
1733752800,3.121,3.125,3.067,3.071,308,230
1733756400,3.071,3.11,3.07,3.085,686,220
1733760000,3.085,3.088,3.044,3.049,717,240
1733763600,3.049,3.056,3.02,3.048,514,240
1733767200,3.048,3.099,3.039,3.082,677,230
1733770800,3.082,3.093,3.053,3.067,600,230
1733774400,3.067,3.084,3.048,3.052,422,230
1733778000,3.053,3.07,3.05,3.055,316,240
1733781600,3.055,3.067,3.055,3.057,107,240
1733785200,3.057,3.063,3.042,3.049,118,240
1733792400,3.054,3.054,3.035,3.041,129,260
1733796000,3.041,3.044,3.037,3.042,71,260
1733799600,3.042,3.046,3.035,3.035,90,260
1733803200,3.035,3.037,3.033,3.037,63,270
1733806800,3.037,3.048,3.033,3.046,99,260
1733810400,3.046,3.049,3.031,3.035,99,260
1733814000,3.035,3.044,3.021,3.038,167,260
1733817600,3.038,3.047,3.034,3.038,175,250
1733821200,3.039,3.044,3.03,3.031,103,240
1733824800,3.031,3.035,3.026,3.029,106,240
1733828400,3.029,3.034,3.023,3.024,125,240
1733832000,3.025,3.026,2.991,2.991,164,230
1733835600,2.991,2.991,2.975,2.985,210,240
1733839200,2.985,3.003,2.958,2.969,372,230
1733842800,2.969,2.984,2.96,2.967,478,230
1733846400,2.967,2.973,2.947,2.951,610,240
1733850000,2.951,2.984,2.948,2.963,454,240
1733853600,2.963,3.002,2.955,2.981,576,230
1733857200,2.981,3.021,2.968,3.005,688,230
1733860800,3.005,3.051,2.991,3.044,483,230
1733864400,3.044,3.052,3.021,3.05,378,240
1733868000,3.05,3.057,3.045,3.054,161,240
1733871600,3.054,3.056,3.033,3.038,118,230
1733878800,3.05,3.05,3.038,3.039,117,270
1733882400,3.039,3.041,3.037,3.038,78,260
1733886000,3.039,3.041,3.036,3.039,74,260
1733889600,3.039,3.043,3.037,3.038,71,270
1733893200,3.039,3.041,3.033,3.034,88,260
1733896800,3.035,3.063,3.033,3.056,116,260
1733900400,3.056,3.066,3.05,3.063,171,240
1733904000,3.064,3.072,3.053,3.069,179,250
1733907600,3.069,3.069,3.058,3.065,150,250
1733911200,3.065,3.068,3.057,3.059,138,250
1733914800,3.059,3.081,3.054,3.078,186,240
1733918400,3.078,3.095,3.076,3.095,158,240
1733922000,3.095,3.101,3.087,3.098,258,240
1733925600,3.098,3.114,3.086,3.112,305,230
1733929200,3.112,3.147,3.108,3.122,609,230
1733932800,3.1189999999999998,3.173,3.106,3.171,832,230
1733936400,3.171,3.206,3.147,3.205,796,230
1733940000,3.205,3.209,3.181,3.191,617,240
1733943600,3.191,3.207,3.158,3.204,839,250
1733947200,3.204,3.226,3.188,3.201,734,270
1733950800,3.201,3.227,3.178,3.182,697,270
1733954400,3.181,3.195,3.18,3.187,240,280
1733958000,3.187,3.201,3.159,3.164,174,280
1733965200,3.175,3.177,3.16,3.173,143,320
1733968800,3.173,3.173,3.158,3.166,145,300
1733972400,3.165,3.165,3.158,3.162,100,310
1733976000,3.162,3.169,3.16,3.167,84,320
1733979600,3.167,3.179,3.167,3.176,111,320
1733983200,3.176,3.215,3.173,3.215,154,310
1733986800,3.215,3.234,3.201,3.23,263,310
1733990400,3.23,3.231,3.168,3.181,372,300
1733994000,3.181,3.189,3.168,3.179,206,290
1733997600,3.179,3.18,3.162,3.166,194,270
1734001200,3.166,3.172,3.156,3.165,156,290
1734004800,3.165,3.176,3.148,3.172,200,270
1734008400,3.173,3.197,3.165,3.18,276,270
1734012000,3.18,3.194,3.112,3.114,594,250
1734015600,3.114,3.178,3.1,3.168,863,250
1734019200,3.166,3.209,3.152,3.153,957,250
1734022800,3.156,3.2560000000000002,3.149,3.221,1306,240
1734026400,3.221,3.293,3.202,3.293,1038,230
1734030000,3.293,3.315,3.266,3.309,926,220
1734033600,3.309,3.333,3.2640000000000002,3.274,735,230
1734037200,3.274,3.2800000000000002,3.238,3.254,518,240
1734040800,3.254,3.267,3.251,3.2640000000000002,193,240
1734044400,3.2640000000000002,3.275,3.234,3.2359999999999998,152,240
1734051600,3.239,3.247,3.233,3.24,176,270
1734055200,3.24,3.24,3.229,3.238,133,260
1734058800,3.238,3.243,3.235,3.239,100,260
1734062400,3.239,3.249,3.237,3.248,80,260
1734066000,3.248,3.259,3.246,3.25,111,260
1734069600,3.25,3.258,3.248,3.254,111,260
1734073200,3.254,3.263,3.22,3.221,283,250
1734076800,3.221,3.233,3.207,3.221,293,250
1734080400,3.221,3.234,3.22,3.232,191,240
1734084000,3.232,3.2439999999999998,3.226,3.235,146,240
1734087600,3.235,3.253,3.23,3.25,182,240
1734091200,3.25,3.2560000000000002,3.242,3.253,202,240
1734094800,3.253,3.26,3.208,3.212,343,240
1734098400,3.212,3.221,3.193,3.209,569,230
1734102000,3.209,3.2359999999999998,3.187,3.187,881,230
1734105600,3.187,3.205,3.153,3.162,930,230
1734109200,3.162,3.172,3.127,3.144,769,260
1734112800,3.144,3.166,3.126,3.141,776,260
1734116400,3.14,3.141,3.11,3.118,564,260
1734120000,3.118,3.141,3.106,3.117,539,280
1734123600,3.117,3.14,3.116,3.132,388,280
1734127200,3.132,3.133,3.12,3.122,177,280
1734130800,3.122,3.125,3.096,3.098,121,280
1734310800,3.06,3.079,3.044,3.077,247,290
1734314400,3.077,3.081,3.071,3.071,97,310
1734318000,3.071,3.073,3.059,3.062,86,320
1734321600,3.062,3.069,3.062,3.067,78,310
1734325200,3.067,3.07,3.062,3.063,85,310
1734328800,3.063,3.066,3.059,3.063,86,320
1734332400,3.062,3.069,3.042,3.043,111,310
1734336000,3.043,3.043,3.018,3.023,179,310
1734339600,3.023,3.037,3.021,3.022,180,290
1734343200,3.022,3.027,3.016,3.019,143,280
1734346800,3.019,3.019,3.011,3.016,116,290
1734350400,3.016,3.016,2.997,3.001,149,280
1734354000,3.002,3.021,3.0,3.009,253,260
1734357600,3.009,3.036,3.002,3.035,377,260
1734361200,3.035,3.056,3.023,3.052,472,260
1734364800,3.052,3.062,3.024,3.032,663,260
1734368400,3.032,3.073,3.024,3.063,613,260
1734372000,3.063,3.063,3.031,3.033,533,260
1734375600,3.033,3.063,3.033,3.049,419,270
1734379200,3.049,3.061,3.032,3.038,401,270
1734382800,3.038,3.05,3.034,3.039,356,280
1734386400,3.039,3.049,3.038,3.047,152,280
1734390000,3.047,3.047,3.028,3.033,88,290
1734397200,3.033,3.033,3.026,3.028,96,320
1734400800,3.028,3.031,3.026,3.029,62,310
1734404400,3.029,3.031,3.022,3.029,48,320
1734408000,3.029,3.029,3.025,3.028,46,320
1734411600,3.028,3.028,3.02,3.023,55,320
1734415200,3.024,3.026,3.02,3.025,29,320
1734418800,3.025,3.034,3.021,3.032,76,310
1734422400,3.031,3.05,3.023,3.048,140,300
1734426000,3.049,3.052,3.037,3.04,152,280
1734429600,3.04,3.042,3.032,3.035,110,290
1734433200,3.035,3.049,3.03,3.042,126,280
1734436800,3.042,3.049,3.032,3.044,146,290
1734440400,3.044,3.077,3.044,3.062,240,270
1734444000,3.062,3.064,2.996,3.001,385,240
1734447600,3.001,3.011,2.979,2.987,587,260
1734451200,2.987,2.993,2.9379999999999997,2.94,638,260
1734454800,2.94,2.9459999999999997,2.922,2.944,527,260
1734458400,2.944,2.965,2.939,2.9539999999999997,607,270
1734462000,2.9539999999999997,2.974,2.933,2.9699999999999998,522,270
1734465600,2.9699999999999998,3.077,2.9619999999999997,3.071,1037,270
1734469200,3.071,3.112,3.064,3.11,876,270
1734472800,3.11,3.136,3.108,3.132,297,280
1734476400,3.132,3.156,3.1189999999999998,3.122,277,280
1734483600,3.123,3.128,3.117,3.123,135,320
1734487200,3.123,3.128,3.1189999999999998,3.125,97,320
1734490800,3.125,3.128,3.121,3.127,69,320
1734494400,3.127,3.128,3.123,3.124,50,320
1734498000,3.124,3.124,3.099,3.101,154,310
1734501600,3.101,3.105,3.098,3.1,79,310
1734505200,3.1,3.101,3.087,3.097,104,300
1734508800,3.097,3.112,3.089,3.094,183,300
1734512400,3.094,3.104,3.089,3.102,175,290
1734516000,3.102,3.106,3.096,3.097,127,290
1734519600,3.097,3.102,3.08,3.081,138,280
1734523200,3.081,3.099,3.081,3.091,156,280
1734526800,3.091,3.125,3.084,3.122,259,260
1734530400,3.122,3.128,3.094,3.109,465,250
1734534000,3.109,3.163,3.109,3.151,726,260
1734537600,3.15,3.15,3.117,3.1390000000000002,848,260
1734541200,3.1390000000000002,3.15,3.11,3.145,701,260
1734544800,3.145,3.167,3.133,3.159,673,260
1734548400,3.159,3.172,3.127,3.138,625,260
1734552000,3.138,3.142,3.089,3.109,874,270
1734555600,3.109,3.14,3.09,3.1390000000000002,557,280
1734559200,3.1390000000000002,3.15,3.134,3.136,306,280
1734562800,3.136,3.141,3.117,3.12,160,280
1734570000,3.116,3.118,3.108,3.114,108,310
1734573600,3.114,3.122,3.111,3.118,88,310
1734577200,3.118,3.1310000000000002,3.115,3.1310000000000002,96,320
1734580800,3.1310000000000002,3.134,3.126,3.13,104,310
1734584400,3.1310000000000002,3.135,3.124,3.134,110,310
1734588000,3.134,3.137,3.127,3.128,95,320
1734591600,3.128,3.154,3.127,3.144,151,310
1734595200,3.144,3.165,3.143,3.161,186,310
1734598800,3.161,3.161,3.146,3.151,183,290
1734602400,3.15,3.154,3.146,3.149,146,290
1734606000,3.149,3.159,3.1390000000000002,3.143,202,290
1734609600,3.144,3.153,3.132,3.15,266,280
1734613200,3.152,3.188,3.149,3.178,309,260
1734616800,3.179,3.202,3.168,3.181,347,260
1734620400,3.181,3.218,3.172,3.199,803,260
1734624000,3.199,3.21,3.179,3.19,739,270
1734627600,3.19,3.225,3.179,3.202,944,260
1734631200,3.202,3.254,3.196,3.251,690,250
1734634800,3.251,3.258,3.226,3.229,596,260
1734638400,3.23,3.245,3.191,3.2439999999999998,857,270
1734642000,3.2439999999999998,3.288,3.228,3.283,622,280
1734645600,3.283,3.316,3.283,3.31,450,280
1734649200,3.311,3.322,3.281,3.298,199,290
1734656400,3.288,3.288,3.275,3.277,130,330
1734660000,3.277,3.277,3.258,3.273,144,320
1734663600,3.273,3.318,3.2720000000000002,3.315,187,320
1734667200,3.315,3.321,3.295,3.302,165,310
1734670800,3.302,3.31,3.286,3.305,169,320
1734674400,3.305,3.314,3.295,3.303,189,310
1734678000,3.303,3.308,3.2800000000000002,3.282,183,310
1734681600,3.282,3.303,3.265,3.278,320,300
1734685200,3.278,3.296,3.276,3.286,264,290
1734688800,3.286,3.298,3.284,3.294,211,290
1734692400,3.294,3.315,3.291,3.313,223,280
1734696000,3.313,3.334,3.31,3.333,235,280
1734699600,3.333,3.347,3.32,3.324,369,270
1734703200,3.324,3.341,3.3,3.311,609,260
1734706800,3.311,3.356,3.281,3.286,999,250
1734710400,3.286,3.326,3.231,3.258,1390,250
1734714000,3.258,3.296,3.258,3.289,827,260
1734717600,3.289,3.337,3.285,3.336,768,260
1734721200,3.336,3.385,3.312,3.374,895,260
1734724800,3.374,3.419,3.358,3.376,1167,270
1734728400,3.375,3.385,3.354,3.357,786,280
1734732000,3.357,3.391,3.354,3.388,268,280
1734735600,3.388,3.391,3.337,3.3449999999999998,206,280
1734915600,3.439,3.474,3.422,3.424,433,290
1734919200,3.424,3.426,3.411,3.411,166,310
1734922800,3.413,3.433,3.413,3.429,109,320
1734926400,3.429,3.429,3.416,3.424,80,310
1734930000,3.424,3.435,3.417,3.43,143,260
1734933600,3.431,3.448,3.429,3.448,123,260
1734937200,3.448,3.459,3.442,3.445,158,260
1734940800,3.445,3.447,3.435,3.439,202,260
1734944400,3.439,3.442,3.433,3.439,179,250
1734948000,3.439,3.439,3.422,3.43,180,240
1734951600,3.43,3.434,3.424,3.425,148,240
1734955200,3.424,3.436,3.414,3.414,159,240
1734958800,3.414,3.415,3.392,3.4,262,230
1734962400,3.4,3.412,3.378,3.394,459,220
1734966000,3.396,3.406,3.305,3.329,1013,220
1734969600,3.331,3.3449999999999998,3.268,3.275,1015,220
1734973200,3.274,3.323,3.239,3.299,908,240
1734976800,3.302,3.302,3.248,3.274,875,220
1734980400,3.274,3.293,3.251,3.265,692,230
1734984000,3.265,3.288,3.251,3.285,383,240
1734987600,3.285,3.302,3.277,3.292,349,240
1734991200,3.291,3.323,3.289,3.321,185,240
1734994800,3.321,3.333,3.31,3.313,150,240
1735002000,3.309,3.324,3.304,3.324,141,260
1735005600,3.324,3.333,3.323,3.328,96,260
1735009200,3.328,3.33,3.312,3.321,120,260
1735012800,3.321,3.322,3.313,3.315,83,260
1735016400,3.315,3.318,3.314,3.318,63,260
1735020000,3.318,3.329,3.316,3.329,79,260
1735023600,3.329,3.33,3.3,3.301,129,250
1735027200,3.301,3.318,3.294,3.298,246,250
1735030800,3.298,3.305,3.284,3.301,200,230
1735034400,3.301,3.316,3.298,3.314,161,240
1735038000,3.314,3.34,3.313,3.335,226,240
1735041600,3.336,3.3689999999999998,3.332,3.3689999999999998,244,230
1735045200,3.3689999999999998,3.399,3.355,3.364,329,220
1735048800,3.3609999999999998,3.3689999999999998,3.34,3.367,535,230
1735052400,3.365,3.379,3.321,3.335,609,230
1735056000,3.335,3.408,3.334,3.403,833,220
1735059600,3.403,3.419,3.388,3.398,725,230
1735063200,3.398,3.4050000000000002,3.383,3.384,566,230
1735066800,3.384,3.412,3.371,3.407,601,230
1735070400,3.406,3.43,3.388,3.426,353,230
1735174800,3.402,3.402,3.307,3.314,402,260
1735178400,3.314,3.338,3.309,3.332,243,260
1735182000,3.332,3.349,3.33,3.3449999999999998,143,260
1735185600,3.346,3.347,3.331,3.337,150,260
1735189200,3.337,3.349,3.336,3.342,114,260
1735192800,3.342,3.351,3.335,3.3449999999999998,135,260
1735196400,3.3449999999999998,3.357,3.332,3.333,187,260
1735200000,3.333,3.343,3.302,3.318,364,240
1735203600,3.317,3.371,3.312,3.3609999999999998,349,250
1735207200,3.3609999999999998,3.373,3.354,3.367,262,240
1735210800,3.367,3.371,3.344,3.35,295,240
1735214400,3.35,3.3609999999999998,3.329,3.332,242,220
1735218000,3.332,3.333,3.304,3.323,316,230
1735221600,3.323,3.323,3.255,3.258,521,230
1735225200,3.259,3.287,3.215,3.222,810,230
1735228800,3.224,3.243,3.183,3.191,874,230
1735232400,3.191,3.217,3.185,3.217,545,230
1735236000,3.215,3.237,3.186,3.189,757,230
1735239600,3.189,3.208,3.171,3.193,691,210
1735243200,3.193,3.218,3.184,3.209,570,240
1735246800,3.208,3.23,3.191,3.211,452,240
1735250400,3.211,3.22,3.208,3.219,132,240
1735254000,3.219,3.223,3.199,3.2,111,240
1735261200,3.201,3.216,3.199,3.213,132,260
1735264800,3.213,3.216,3.208,3.21,112,260
1735268400,3.211,3.211,3.187,3.189,127,260
1735272000,3.189,3.192,3.185,3.187,95,260
1735275600,3.187,3.193,3.181,3.193,84,260
1735279200,3.192,3.194,3.182,3.183,76,260
1735282800,3.183,3.218,3.18,3.215,184,250
1735286400,3.216,3.291,3.208,3.285,430,240
1735290000,3.285,3.306,3.278,3.304,242,250
1735293600,3.304,3.318,3.296,3.303,192,240
1735297200,3.303,3.321,3.297,3.316,153,230
1735300800,3.316,3.317,3.288,3.301,221,240
1735304400,3.301,3.302,3.279,3.285,233,230
1735308000,3.284,3.307,3.274,3.297,415,230
1735311600,3.297,3.308,3.265,3.301,627,230
1735315200,3.301,3.308,3.257,3.281,843,230
1735318800,3.281,3.305,3.223,3.25,828,230
1735322400,3.25,3.275,3.227,3.246,930,210
1735326000,3.246,3.2560000000000002,3.212,3.214,652,230
1735329600,3.214,3.257,3.192,3.209,661,240
1735333200,3.21,3.286,3.204,3.282,598,240
1735336800,3.282,3.288,3.274,3.285,183,240
1735340400,3.285,3.29,3.267,3.276,144,240
1735520400,3.517,3.555,3.5140000000000002,3.535,480,250
1735524000,3.535,3.5460000000000003,3.505,3.52,400,250
1735527600,3.52,3.524,3.507,3.5220000000000002,216,260
1735531200,3.5220000000000002,3.533,3.516,3.529,153,260
1735534800,3.529,3.529,3.493,3.5060000000000002,262,260
1735538400,3.5060000000000002,3.5220000000000002,3.492,3.498,257,250
1735542000,3.498,3.535,3.4939999999999998,3.5220000000000002,285,250
1735545600,3.5220000000000002,3.552,3.52,3.531,340,250
1735549200,3.531,3.531,3.5,3.516,317,240
1735552800,3.517,3.5300000000000002,3.504,3.5220000000000002,371,240
1735556400,3.523,3.534,3.515,3.533,198,240
1735560000,3.535,3.558,3.527,3.556,210,240
1735563600,3.556,3.593,3.5540000000000003,3.592,369,230
1735567200,3.589,3.762,3.584,3.748,1045,210
1735570800,3.748,3.76,3.692,3.7439999999999998,1650,230
1735574400,3.747,3.95,3.731,3.9290000000000003,2109,230
1735578000,3.93,3.942,3.734,3.755,2561,220
1735581600,3.755,3.7960000000000003,3.6790000000000003,3.743,2394,220
1735585200,3.743,3.782,3.725,3.735,1271,230
1735588800,3.735,3.773,3.624,3.702,1811,220
1735592400,3.702,3.754,3.682,3.693,928,220
1735596000,3.693,3.705,3.6870000000000003,3.689,234,230
1735599600,3.689,3.709,3.689,3.69,180,240
1735606800,3.682,3.694,3.62,3.64,370,260
1735610400,3.6390000000000002,3.695,3.6390000000000002,3.666,274,250
1735614000,3.667,3.6959999999999997,3.657,3.686,246,250
1735617600,3.685,3.692,3.665,3.6870000000000003,174,250
1735621200,3.6870000000000003,3.7279999999999998,3.6790000000000003,3.714,350,250
1735624800,3.714,3.76,3.698,3.752,383,260
1735628400,3.752,3.755,3.643,3.6550000000000002,472,240
1735632000,3.6550000000000002,3.664,3.578,3.581,577,250
1735635600,3.581,3.588,3.56,3.5709999999999997,361,240
1735639200,3.5709999999999997,3.59,3.5540000000000003,3.5789999999999997,314,240
1735642800,3.5789999999999997,3.601,3.551,3.561,365,240
1735646400,3.561,3.574,3.541,3.5540000000000003,373,230
1735650000,3.5540000000000003,3.593,3.553,3.59,303,230
1735653600,3.59,3.591,3.542,3.582,696,230
1735657200,3.584,3.613,3.476,3.4779999999999998,1149,220
1735660800,3.48,3.561,3.48,3.528,1422,230
1735664400,3.528,3.5300000000000002,3.488,3.513,931,230
1735668000,3.5140000000000002,3.545,3.489,3.531,977,230
1735671600,3.531,3.551,3.43,3.454,975,220
1735675200,3.454,3.456,3.446,3.456,20,240
1735779600,3.432,3.434,3.395,3.399,366,260
1735783200,3.403,3.459,3.4,3.458,279,240
1735786800,3.458,3.469,3.3810000000000002,3.39,446,260
1735790400,3.39,3.399,3.382,3.392,187,260
1735794000,3.392,3.407,3.3449999999999998,3.365,333,240
1735797600,3.365,3.416,3.36,3.398,384,240
1735801200,3.398,3.423,3.384,3.402,363,250
1735804800,3.402,3.4050000000000002,3.36,3.3970000000000002,377,240
1735808400,3.3970000000000002,3.412,3.378,3.394,357,240
1735812000,3.394,3.453,3.391,3.451,267,240
1735815600,3.451,3.467,3.444,3.463,272,230
1735819200,3.464,3.469,3.438,3.449,267,240
1735822800,3.449,3.5140000000000002,3.43,3.508,433,230
1735826400,3.507,3.507,3.441,3.491,718,220
1735830000,3.497,3.497,3.409,3.455,1031,220
1735833600,3.465,3.505,3.456,3.482,1443,230
1735837200,3.484,3.4939999999999998,3.424,3.466,888,220
1735840800,3.465,3.529,3.464,3.529,810,230
1735844400,3.529,3.575,3.521,3.525,1001,230
1735848000,3.525,3.525,3.457,3.4939999999999998,733,230
1735851600,3.4939999999999998,3.495,3.441,3.455,435,230
1735855200,3.455,3.459,3.441,3.456,188,230
1735858800,3.456,3.456,3.424,3.433,162,240
1735866000,3.428,3.447,3.425,3.428,211,260
1735869600,3.428,3.431,3.422,3.429,133,260
1735873200,3.429,3.436,3.421,3.426,132,260
1735876800,3.426,3.43,3.421,3.425,111,260
1735880400,3.425,3.435,3.424,3.434,108,260
1735884000,3.434,3.445,3.429,3.436,142,260
1735887600,3.436,3.448,3.3689999999999998,3.37,369,240
1735891200,3.37,3.373,3.346,3.349,420,240
1735894800,3.348,3.364,3.318,3.323,389,240
1735898400,3.323,3.342,3.315,3.335,313,230
1735902000,3.335,3.342,3.314,3.318,253,240
1735905600,3.318,3.334,3.31,3.315,282,240
1735909200,3.315,3.317,3.288,3.297,339,240
1735912800,3.298,3.298,3.251,3.291,644,230
1735916400,3.291,3.301,3.263,3.27,753,230
1735920000,3.2720000000000002,3.301,3.259,3.275,885,220
1735923600,3.276,3.283,3.182,3.193,1141,220
1735927200,3.193,3.219,3.163,3.194,1071,230
1735930800,3.194,3.208,3.179,3.184,823,220
1735934400,3.184,3.201,3.15,3.178,611,240
1735938000,3.178,3.191,3.159,3.181,430,220
1735941600,3.181,3.181,3.167,3.169,180,230
1735945200,3.17,3.179,3.157,3.166,170,240
1736125200,3.3,3.306,3.285,3.288,201,260
1736128800,3.288,3.29,3.275,3.2800000000000002,160,250
1736132400,3.2800000000000002,3.281,3.274,3.275,96,260
1736136000,3.275,3.29,3.274,3.29,95,260
1736139600,3.29,3.298,3.275,3.291,154,260
1736143200,3.291,3.306,3.289,3.3,152,260
1736146800,3.3,3.314,3.3,3.312,129,260
1736150400,3.312,3.366,3.312,3.357,334,250
1736154000,3.357,3.37,3.342,3.357,296,240
1736157600,3.357,3.374,3.352,3.373,215,240
1736161200,3.373,3.385,3.363,3.3689999999999998,263,240
1736164800,3.3689999999999998,3.371,3.35,3.36,216,240
1736168400,3.36,3.393,3.351,3.391,292,240
1736172000,3.3890000000000002,3.3970000000000002,3.328,3.337,675,220
1736175600,3.338,3.41,3.337,3.401,822,230
1736179200,3.401,3.431,3.309,3.316,1547,210
1736182800,3.316,3.356,3.299,3.349,1150,210
1736186400,3.349,3.417,3.347,3.406,879,230
1736190000,3.406,3.415,3.3449999999999998,3.351,801,230
1736193600,3.351,3.3970000000000002,3.316,3.384,788,230
1736197200,3.384,3.421,3.38,3.419,600,230
1736200800,3.419,3.432,3.412,3.417,205,240
1736204400,3.417,3.419,3.388,3.409,151,240
1736211600,3.3970000000000002,3.3970000000000002,3.377,3.382,145,270
1736215200,3.382,3.39,3.376,3.385,143,260
1736218800,3.385,3.398,3.377,3.392,151,260
1736222400,3.393,3.395,3.3890000000000002,3.393,96,260
1736226000,3.392,3.416,3.39,3.406,197,260
1736229600,3.406,3.408,3.383,3.394,173,250
1736233200,3.394,3.394,3.341,3.355,289,250
1736236800,3.354,3.359,3.289,3.29,494,250
1736240400,3.29,3.29,3.26,3.2640000000000002,305,240
1736244000,3.2640000000000002,3.281,3.251,3.252,219,240
1736247600,3.254,3.263,3.237,3.24,221,240
1736251200,3.24,3.26,3.239,3.249,260,240
1736254800,3.249,3.277,3.2359999999999998,3.269,306,220
1736258400,3.2720000000000002,3.342,3.271,3.325,617,220
1736262000,3.325,3.3449999999999998,3.257,3.286,1012,230
1736265600,3.284,3.35,3.271,3.326,1119,230
1736269200,3.326,3.335,3.307,3.319,726,230
1736272800,3.319,3.34,3.226,3.255,1030,230
1736276400,3.255,3.277,3.235,3.267,848,230
1736280000,3.267,3.276,3.227,3.233,547,230
1736283600,3.233,3.248,3.209,3.218,432,230
1736287200,3.218,3.223,3.204,3.218,173,240
1736290800,3.218,3.223,3.2,3.204,151,240
1736298000,3.201,3.208,3.183,3.186,166,260
1736301600,3.187,3.2,3.186,3.197,157,260
1736305200,3.199,3.199,3.189,3.193,99,250
1736308800,3.194,3.201,3.193,3.197,87,260
1736312400,3.197,3.215,3.195,3.21,116,260
1736316000,3.211,3.219,3.206,3.217,117,260
1736319600,3.217,3.311,3.216,3.296,412,250
1736323200,3.296,3.322,3.286,3.318,580,240
1736326800,3.318,3.327,3.304,3.326,343,240
1736330400,3.326,3.333,3.315,3.329,260,240
1736334000,3.329,3.335,3.309,3.333,346,240
1736337600,3.333,3.341,3.318,3.334,219,230
1736341200,3.336,3.343,3.323,3.335,274,230
1736344800,3.335,3.347,3.304,3.31,495,230
1736348400,3.31,3.329,3.287,3.288,749,210
1736352000,3.288,3.329,3.284,3.313,682,230
1736355600,3.313,3.3689999999999998,3.308,3.366,670,240
1736359200,3.366,3.3689999999999998,3.308,3.3375,855,230
1736362800,3.3395,3.3485,3.2885,3.3475,1067,210
1736366400,3.3475,3.3865,3.3475,3.3735,564,220
1736370000,3.3735,3.3845,3.3555,3.3645,413,240
1736373600,3.3645,3.3935,3.3625,3.3885,149,240
1736377200,3.3885,3.3885,3.3555,3.3575,147,240
1736384400,3.3575,3.3585,3.3495,3.3525,160,270
1736388000,3.3525,3.3525,3.3315,3.3345000000000002,191,260
1736391600,3.3345000000000002,3.3345000000000002,3.3165,3.3175,153,250
1736395200,3.3175,3.3215,3.2995,3.3064999999999998,137,260
1736398800,3.3064999999999998,3.3215,3.2995,3.3205,114,270
1736402400,3.3205,3.3265000000000002,3.3095,3.3175,149,260
1736406000,3.3185000000000002,3.3395,3.2805,3.3195,392,240
1736409600,3.3195,3.3395,3.2765,3.3105,457,240
1736413200,3.3105,3.3255,3.3055,3.3195,248,250
1736416800,3.3215,3.3295,3.3045,3.3075,188,240
1736420400,3.3075,3.3075,3.2935,3.2995,142,240
1736424000,3.2995,3.3105,3.2904999999999998,3.3055,158,240
1736427600,3.3055,3.3095,3.2775,3.2815,221,240
1736431200,3.2824999999999998,3.3165,3.2655,3.3055,480,220
1736434800,3.3055,3.3655,3.2984999999999998,3.3615,805,230
1736438400,3.3595,3.4485,3.3555,3.4255,1026,230
1736442000,3.4255,3.4555,3.3985,3.4265,731,230
1736445600,3.4265,3.4685,3.4255,3.4645,696,230
1736449200,3.4645,3.5175,3.4625,3.5055,980,230
1736452800,3.5055,3.5065,3.4365,3.4525,709,230
1736456400,3.4525,3.4565,3.3965,3.4154999999999998,538,230
1736460000,3.4154999999999998,3.4314999999999998,3.4085,3.4154999999999998,183,240
1736463600,3.4154999999999998,3.4234999999999998,3.3925,3.4005,195,240
1736470800,3.3935,3.3975,3.3765,3.3785,200,260
1736474400,3.3785,3.3815,3.3735,3.3755,169,260
1736478000,3.3755,3.3825,3.3715,3.3745,123,260
1736481600,3.3745,3.3985,3.3715,3.3955,198,260
1736485200,3.3955,3.4115,3.3865,3.3935,204,260
1736488800,3.3935,3.4345,3.3885,3.4295,248,260
1736492400,3.4305,3.4895,3.4215,3.4735,414,250
1736496000,3.4745,3.4805,3.4275,3.4685,451,240
1736499600,3.4685,3.4885,3.4525,3.4875,287,250
1736503200,3.4875,3.4925,3.4735,3.4805,236,240
1736506800,3.4795,3.4935,3.4705,3.4735,243,240
1736510400,3.4735,3.5015,3.4725,3.4985,303,240
1736514000,3.4985,3.4985,3.4625,3.4925,354,240
1736517600,3.4905,3.5045,3.4685,3.4735,501,230
1736521200,3.4745,3.5475,3.4555,3.5435,947,230
1736524800,3.5445,3.5765000000000002,3.5185,3.5365,1215,230
1736528400,3.5365,3.5655,3.5075,3.5365,972,240
1736532000,3.5365,3.5765000000000002,3.5195,3.5665,908,230
1736535600,3.5665,3.5875,3.5345,3.5805,902,230
1736539200,3.5805,3.5905,3.5355,3.5585,612,230
1736542800,3.5585,3.5885,3.5525,3.5735,436,230
1736546400,3.5735,3.5795,3.5675,3.5735,177,240
1736550000,3.5735,3.5845000000000002,3.5555,3.5585,177,240
1736730000,3.7215,3.7295,3.7075,3.7165,343,410
1736733600,3.7165,3.7165,3.6935000000000002,3.6945,227,410
1736737200,3.6945,3.7015000000000002,3.6765,3.7015000000000002,184,420
1736740800,3.7015000000000002,3.7035,3.6825,3.6855,173,410
1736744400,3.6855,3.7035,3.6814999999999998,3.6975,159,420
1736748000,3.6975,3.7015000000000002,3.6855,3.6865,142,420
1736751600,3.6865,3.6865,3.6225,3.6295,350,400
1736755200,3.6295,3.6485,3.6085000000000003,3.6135,336,400
1736758800,3.6135,3.6485,3.6035,3.6465,322,360
1736762400,3.6465,3.6795,3.6385,3.6755,239,360
1736766000,3.6755,3.6755,3.6585,3.6625,272,360
1736769600,3.6625,3.6785,3.6445,3.6494999999999997,332,350
1736773200,3.6494999999999997,3.6845,3.6365,3.6835,342,330
1736776800,3.6825,3.6835,3.6085000000000003,3.6334999999999997,669,320
1736780400,3.6334999999999997,3.6334999999999997,3.5745,3.5945,1090,310
1736784000,3.5925000000000002,3.6025,3.5255,3.5665,1316,270
1736787600,3.5685000000000002,3.6225,3.5685000000000002,3.6105,871,260
1736791200,3.6105,3.6205,3.5564999999999998,3.5725,872,250
1736794800,3.5725,3.5935,3.4935,3.5255,942,260
1736798400,3.5255,3.5365,3.4855,3.5185,864,270
1736802000,3.5185,3.5735,3.5075,3.5735,748,270
1736805600,3.5735,3.5735,3.5545,3.5564999999999998,227,270
1736809200,3.5564999999999998,3.5585,3.5345,3.5355,149,280
1736816400,3.5324999999999998,3.5324999999999998,3.5095,3.5225,173,310
1736820000,3.5235,3.5425,3.5235,3.5385,135,310
1736823600,3.5385,3.5555,3.5345,3.5525,127,310
1736827200,3.5525,3.5545,3.5315,3.5365,121,310
1736830800,3.5365,3.5425,3.5125,3.5195,124,310
1736834400,3.5195,3.5495,3.5175,3.5475,177,310
1736838000,3.5475,3.5865,3.5145,3.5225,401,290
1736841600,3.5225,3.5244999999999997,3.4435000000000002,3.4645,687,290
1736845200,3.4645,3.4765,3.4475,3.4645,330,290
1736848800,3.4645,3.4655,3.4515000000000002,3.4595000000000002,215,280
1736852400,3.4595000000000002,3.4645,3.4365,3.4635,234,280
1736856000,3.4665,3.4745,3.4605,3.4695,219,270
1736859600,3.4705,3.4795,3.4154999999999998,3.4375,437,260
1736863200,3.4375,3.4505,3.4095,3.4145,492,260
1736866800,3.4145,3.4495,3.3805,3.4185,911,260
1736870400,3.4195,3.4845,3.4035,3.4695,1132,260
1736874000,3.4695,3.5115,3.4365,3.5045,877,250
1736877600,3.5055,3.5164999999999997,3.4555,3.4825,1033,260
1736881200,3.4825,3.5935,3.4735,3.5615,1059,260
1736884800,3.5615,3.5905,3.5445,3.5635,844,280
1736888400,3.5635,3.5635,3.5324999999999998,3.5465,707,270
1736892000,3.5465,3.5665,3.5445,3.5515,190,260
1736895600,3.5525,3.5525,3.5225,3.5315,173,280
1736902800,3.5075,3.5135,3.4875,3.5015,221,320
1736906400,3.5004999999999997,3.5015,3.4675000000000002,3.4775,196,290
1736910000,3.4775,3.4795,3.4515000000000002,3.4695,191,310
1736913600,3.4695,3.4705,3.4515000000000002,3.4655,198,310
1736917200,3.4655,3.4845,3.4605,3.4805,211,310
1736920800,3.4805,3.4845,3.4385,3.4475,229,290
1736924400,3.4475,3.4865,3.4395,3.4795,336,300
1736928000,3.4795,3.5275,3.4535,3.5244999999999997,425,310
1736931600,3.5244999999999997,3.5345,3.5145,3.5155,246,290
1736935200,3.5155,3.5205,3.4985,3.5055,185,280
1736938800,3.5055,3.5285,3.5004999999999997,3.5265,172,270
1736942400,3.5265,3.5495,3.5035,3.5415,257,280
1736946000,3.5415,3.5745,3.5095,3.5164999999999997,349,270
1736949600,3.5164999999999997,3.5455,3.4715,3.4755,637,260
1736953200,3.4765,3.5735,3.4645,3.5564999999999998,1041,250
1736956800,3.5564999999999998,3.6275,3.5415,3.5895,1253,260
1736960400,3.5895,3.6055,3.5445,3.5555,771,250
1736964000,3.5555,3.6065,3.5425,3.6065,796,250
1736967600,3.6075,3.6265,3.5825,3.5965,723,260
1736971200,3.5965,3.6175,3.5655,3.6115,698,270
1736974800,3.6125,3.6895,3.6075,3.6885,725,260
1736978400,3.6885,3.6905,3.6734999999999998,3.6755,346,260
1736982000,3.6755,3.6785,3.6535,3.6605,141,280
1736989200,3.6295,3.6325,3.6095,3.6165000000000003,251,320
1736992800,3.6165000000000003,3.6245000000000003,3.6035,3.6145,213,310
1736996400,3.6145,3.6185,3.5915,3.5945,197,310
1737000000,3.5945,3.6105,3.5735,3.6005000000000003,231,310
1737003600,3.6005000000000003,3.6175,3.5945,3.6035,224,310
1737007200,3.6035,3.6105,3.5765000000000002,3.5765000000000002,195,300
1737010800,3.5765000000000002,3.6095,3.5615,3.6045,363,300
1737014400,3.6045,3.6115,3.5725,3.5945,288,300
1737018000,3.5945,3.6215,3.5915,3.6075,243,290
1737021600,3.6095,3.6165000000000003,3.5965,3.5975,215,280
1737025200,3.5975,3.6045,3.5935,3.6015,159,280
1737028800,3.6015,3.6185,3.5965,3.6115,188,280
1737032400,3.6115,3.6695,3.6065,3.6485,414,270
1737036000,3.6485,3.6885,3.6395,3.6855,674,260
1737039600,3.6855,3.6895,3.6065,3.6445,907,260
1737043200,3.6445,3.6625,3.6095,3.6395,912,250
1737046800,3.6445,3.6475,3.5685000000000002,3.5845000000000002,1170,250
1737050400,3.5845000000000002,3.6205,3.5825,3.5895,948,260
1737054000,3.5895,3.6215,3.5835,3.5945,842,260
1737057600,3.5945,3.7555,3.5925000000000002,3.7545,1310,280
1737061200,3.7545,3.8355,3.7455,3.8285,1123,270
1737064800,3.8285,3.8415,3.8165,3.8175,562,270
1737068400,3.8175,3.8215,3.7425,3.7495000000000003,443,280
1737075600,3.7325,3.7435,3.7165,3.7285,250,320
1737079200,3.7285,3.7315,3.7135,3.7315,231,310
1737082800,3.7315,3.7595,3.7225,3.7285,204,300
1737086400,3.7285,3.7345,3.7205,3.7215,202,310
1737090000,3.7215,3.7245,3.7065,3.7185,284,310
1737093600,3.7195,3.7245,3.7025,3.7145,165,310
1737097200,3.7155,3.7205,3.6725,3.6875,274,290
1737100800,3.6875,3.6875,3.6455,3.6545,328,300
1737104400,3.6545,3.6725,3.6525,3.6605,329,290
1737108000,3.6605,3.6665,3.6385,3.6445,277,280
1737111600,3.6445,3.6465,3.6345,3.6414999999999997,229,270
1737115200,3.6414999999999997,3.6445,3.6175,3.6325,241,270
1737118800,3.6334999999999997,3.6334999999999997,3.5945,3.6035,319,270
1737122400,3.6035,3.6475,3.5885,3.6195,679,260
1737126000,3.6205,3.6295,3.5564999999999998,3.5745,1177,260
1737129600,3.5755,3.5885,3.5244999999999997,3.5795,1273,250
1737133200,3.5795,3.6095,3.5595,3.5735,831,250
1737136800,3.5735,3.5945,3.5505,3.5915,725,270
1737140400,3.5915,3.6175,3.5495,3.5735,923,250
1737144000,3.5735,3.5825,3.5465,3.5515,753,270
1737147600,3.5515,3.5535,3.4895,3.5045,918,270
1737151200,3.5045,3.5084999999999997,3.4955,3.5025,283,270
1737154800,3.5035,3.5075,3.4715,3.4725,168,270
1737334800,3.4065,3.4225,3.3875,3.4145,361,410
1737338400,3.4145,3.4225,3.4125,3.4195,152,420
1737342000,3.4195,3.4225,3.4154999999999998,3.4165,70,420
1737345600,3.4165,3.4185,3.4055,3.4135,82,420
1737349200,3.4135,3.4234999999999998,3.4115,3.4195,110,420
1737352800,3.4195,3.4215,3.4105,3.4205,98,420
1737356400,3.4205,3.4275,3.4115,3.4215,129,420
1737360000,3.4215,3.4314999999999998,3.4135,3.4234999999999998,183,410
1737363600,3.4234999999999998,3.4325,3.4225,3.4325,134,370
1737367200,3.4325,3.4355,3.4255,3.4355,115,350
1737370800,3.4355,3.4355,3.4225,3.4314999999999998,112,360
1737374400,3.4314999999999998,3.4314999999999998,3.4135,3.4145,117,360
1737378000,3.4145,3.4165,3.3955,3.4165,169,330
1737381600,3.4165,3.4355,3.4165,3.4345,193,320
1737385200,3.4345,3.4755,3.4205,3.4425,460,310
1737388800,3.4425,3.4435000000000002,3.4165,3.4215,500,320
1737392400,3.4215,3.4415,3.4165,3.4265,403,320
1737396000,3.4265,3.4665,3.4234999999999998,3.4555,454,320
1737399600,3.4555,3.4805,3.4515000000000002,3.4655,380,310
1737403200,3.4655,3.4705,3.4465,3.4505,120,350
1737421200,3.4265,3.4305,3.4065,3.4065,126,420
1737424800,3.4065,3.4125,3.3935,3.3945,144,410
1737428400,3.3945,3.4074999999999998,3.3925,3.4025,119,420
1737432000,3.4025,3.4165,3.3965,3.4055,108,420
1737435600,3.4055,3.4105,3.4015,3.4074999999999998,89,420
1737439200,3.4074999999999998,3.4314999999999998,3.4074999999999998,3.4165,154,410
1737442800,3.4165,3.4355,3.4115,3.4275,121,400
1737446400,3.4275,3.4595000000000002,3.4065,3.4585,292,410
1737450000,3.4585,3.4655,3.4445,3.4585,181,360
1737453600,3.4585,3.4585,3.4425,3.4445,135,360
1737457200,3.4445,3.4595000000000002,3.4375,3.4375,175,360
1737460800,3.4375,3.4395,3.4195,3.4275,187,360
1737464400,3.4265,3.4415,3.4074999999999998,3.4295,319,330
1737468000,3.4295,3.4615,3.4175,3.4195,540,320
1737471600,3.4195,3.4195,3.3835,3.3945,774,320
1737475200,3.3945,3.4305,3.3905,3.4165,648,320
1737478800,3.4165,3.4375,3.3785,3.3885,647,310
1737482400,3.3885,3.4015,3.3535,3.3575,768,250
1737486000,3.3575,3.3705,3.3445,3.3535,595,260
1737489600,3.3535,3.3765,3.3425000000000002,3.3455,520,280
1737493200,3.3455,3.3645,3.3405,3.3595,544,250
1737496800,3.3595,3.3705,3.3545,3.3695,200,280
1737500400,3.3685,3.3775,3.3575,3.3585,126,290
1737507600,3.3525,3.3545,3.3365,3.3405,123,320
1737511200,3.3405,3.3425000000000002,3.3325,3.3405,91,320
1737514800,3.3405,3.3505,3.3345000000000002,3.3365,127,310
1737518400,3.3365,3.3365,3.3245,3.3255,80,300
1737522000,3.3255,3.3265000000000002,3.3195,3.3215,58,320
1737525600,3.3245,3.3325,3.3205,3.3265000000000002,79,310
1737529200,3.3255,3.3295,3.3135,3.3165,101,310
1737532800,3.3165,3.3195,3.3064999999999998,3.3075,117,310
1737536400,3.3075,3.3525,3.3075,3.3525,222,290
1737540000,3.3525,3.3625,3.3455,3.3535,190,280
1737543600,3.3535,3.3555,3.3415,3.3495,187,280
1737547200,3.3495,3.3495,3.3345000000000002,3.3365,156,290
1737550800,3.3375,3.3675,3.3365,3.3375,299,270
1737554400,3.3375,3.3535,3.3105,3.3225,541,260
1737558000,3.3225,3.3645,3.3125,3.3345000000000002,804,260
1737561600,3.3345000000000002,3.3985,3.3295,3.3835,945,260
1737565200,3.3835,3.3985,3.3635,3.3695,591,260
1737568800,3.3695,3.4485,3.3635,3.4355,813,260
1737572400,3.4355,3.4585,3.4145,3.4425,626,270
1737576000,3.4425,3.4865,3.4335,3.4815,699,270
1737579600,3.4825,3.5135,3.4775,3.4995,635,270
1737583200,3.4995,3.5095,3.4935,3.5004999999999997,277,280
1737586800,3.5004999999999997,3.5135,3.4955,3.4995,174,280
1737594000,3.5135,3.5155,3.5035,3.5065,159,320
1737597600,3.5075,3.5084999999999997,3.4945,3.4975,123,310
1737601200,3.4975,3.5004999999999997,3.4805,3.4845,113,300
1737604800,3.4845,3.4865,3.4775,3.4825,99,310
1737608400,3.4825,3.4945,3.4715,3.4785,171,310
1737612000,3.4785,3.4925,3.4735,3.4875,123,310
1737615600,3.4875,3.5025,3.4765,3.4915,223,310
1737619200,3.4915,3.5135,3.4785,3.4815,338,310
1737622800,3.4815,3.4905,3.4765,3.4805,164,290
1737626400,3.4815,3.4825,3.4615,3.4615,129,290
1737630000,3.4615,3.4735,3.4615,3.4655,116,290
1737633600,3.4655,3.4675000000000002,3.4545,3.4665,140,280
1737637200,3.4675000000000002,3.5235,3.4665,3.5195,308,270
1737640800,3.5195,3.5235,3.4885,3.4925,503,260
1737644400,3.4925,3.5435,3.4735,3.5265,739,250
1737648000,3.5265,3.5484999999999998,3.5105,3.5475,714,270
1737651600,3.5484999999999998,3.5705,3.4465,3.4765,1185,250
1737655200,3.4765,3.4865,3.3935,3.4135,961,310
1737658800,3.4135,3.4345,3.4025,3.4045,748,260
1737662400,3.4045,3.4455,3.4015,3.4285,603,270
1737666000,3.4285,3.4625,3.4095,3.4595000000000002,556,280
1737669600,3.4595000000000002,3.4715,3.4485,3.4485,281,270
1737673200,3.4475,3.4615,3.4314999999999998,3.4385,190,280
1737680400,3.4485,3.4575,3.4405,3.4465,131,320
1737684000,3.4465,3.4515000000000002,3.4385,3.4395,107,320
1737687600,3.4395,3.4495,3.4365,3.4495,91,320
1737691200,3.4485,3.4525,3.4425,3.4485,85,310
1737694800,3.4485,3.4535,3.4475,3.4505,84,310
1737698400,3.4505,3.4595000000000002,3.4435000000000002,3.4445,101,300
1737702000,3.4445,3.4495,3.4365,3.4375,108,300
1737705600,3.4375,3.4435000000000002,3.3875,3.3875,266,300
1737709200,3.3885,3.4015,3.3835,3.3975,201,290
1737712800,3.3975,3.3975,3.3785,3.3835,165,280
1737716400,3.3835,3.3855,3.3725,3.3775,147,270
1737720000,3.3775,3.3825,3.3735,3.3815,167,280
1737723600,3.3825,3.3835,3.3595,3.3685,172,260
1737727200,3.3685,3.3855,3.3515,3.3675,342,250
1737730800,3.3675,3.3775,3.3485,3.3635,442,260
1737734400,3.3635,3.3885,3.3515,3.3515,590,260
1737738000,3.3515,3.3625,3.3355,3.3455,531,260
1737741600,3.3455,3.3805,3.3325,3.3455,604,260
1737745200,3.3455,3.4305,3.3415,3.4205,857,260
1737748800,3.4205,3.4535,3.3915,3.4505,820,270
1737752400,3.4505,3.4595000000000002,3.4265,3.4355,553,270
1737756000,3.4355,3.4375,3.4125,3.4195,263,280
1737759600,3.4205,3.4265,3.3955,3.4074999999999998,163,290
1737939600,3.3005,3.3335,3.2995,3.3205,303,310
1737943200,3.3205,3.3215,3.3105,3.3105,79,320
1737946800,3.3105,3.3105,3.2925,3.2975,110,310
1737950400,3.2975,3.3115,3.2915,3.3105,98,300
1737954000,3.3105,3.3145,3.3045,3.3064999999999998,96,300
1737957600,3.3075,3.3075,3.2945,3.2984999999999998,81,300
1737961200,3.3025,3.3035,3.2785,3.2925,164,310
1737964800,3.2935,3.3055,3.2725,3.2735,318,300
1737968400,3.2735,3.2745,3.2555,3.2565,177,290
1737972000,3.2555,3.2625,3.2485,3.2505,151,290
1737975600,3.2505,3.2625,3.2435,3.2475,156,290
1737979200,3.2475,3.2565,3.2365,3.2405,184,280
1737982800,3.2405,3.2675,3.2375,3.2615,253,270
1737986400,3.2615,3.3075,3.2545,3.3015,378,240
1737990000,3.3015,3.3025,3.2635,3.2895,487,210
1737993600,3.2895,3.2965,3.2285,3.2425,912,220
1737997200,3.2425,3.2465,3.2075,3.2355,664,210
1738000800,3.2355,3.2475,3.1695,3.1775,698,220
1738004400,3.1775,3.2305,3.1775,3.2225,616,230
1738008000,3.2225,3.2355,3.2045,3.2285,448,240
1738011600,3.2285,3.2465,3.2235,3.2395,312,240
1738015200,3.2395,3.2505,3.2385,3.2405,134,240
1738018800,3.2405,3.2415,3.2125,3.2145,145,240
1738026000,3.2425,3.2455,3.2165,3.2195,161,260
1738029600,3.2235,3.2265,3.2175,3.2205,84,260
1738033200,3.2215,3.2355,3.2195,3.2305,130,260
1738036800,3.2305,3.2425,3.2265,3.2365,95,260
1738040400,3.2365,3.2405,3.2255,3.2285,114,250
1738044000,3.2285,3.2415,3.2245,3.2385,93,260
1738047600,3.2385,3.2425,3.2205,3.2235,147,250
1738051200,3.2235,3.2465,3.2115,3.2125,247,250
1738054800,3.2125,3.2125,3.1935000000000002,3.2005,201,250
1738058400,3.2005,3.2085,3.1905,3.2025,171,240
1738062000,3.2025,3.2075,3.1925,3.1955,158,240
1738065600,3.1955,3.1985,3.1845,3.1865,125,240
1738069200,3.1865,3.1895,3.1645,3.1675,209,240
1738072800,3.1675,3.1775,3.1465,3.1765,312,230
1738076400,3.1765,3.1805,3.1145,3.1185,608,220
1738080000,3.1185,3.1875,3.1155,3.1725,759,230
1738083600,3.1725,3.1725,3.1395,3.1435,480,220
1738087200,3.1435,3.1475,3.1155,3.1265,491,230
1738090800,3.1265,3.1265,3.0945,3.1005,381,230
1738094400,3.1005,3.1455,3.0905,3.1395,305,230
1738098000,3.1395,3.1515,3.1015,3.1135,458,240
1738101600,3.1135,3.1145,3.0805,3.0805,171,240
1738105200,3.0805,3.0855,3.0615,3.0655,142,240
1738112400,3.0815,3.1025,3.0775,3.0945,174,260
1738116000,3.0955,3.0995,3.0835,3.0875,124,260
1738119600,3.0875,3.0915,3.0745,3.0765,118,260
1738123200,3.0775,3.0905,3.0765,3.0875,105,260
1738126800,3.0875,3.0895,3.0785,3.0825,86,260
1738130400,3.0825,3.0875,3.0795,3.0835,80,260
1738134000,3.0825,3.0835,3.0655,3.0665,120,250
1738137600,3.0665,3.0745,3.0615,3.0685000000000002,168,260
1738141200,3.0685000000000002,3.1015,3.0645,3.0915,231,240
1738144800,3.0915,3.1055,3.0865,3.0905,162,240
1738148400,3.0905,3.0945,3.0705,3.0745,220,240
1738152000,3.0745,3.0855,3.0685000000000002,3.0805,191,240
1738155600,3.0805,3.1095,3.0715,3.0805,302,240
1738159200,3.0805,3.1435,3.0775,3.1355,526,230
1738162800,3.1355,3.1635,3.1135,3.1135,676,230
1738166400,3.1135,3.1685,3.1105,3.1425,800,230
1738170000,3.1425,3.1425,3.0965,3.1175,602,230
1738173600,3.1175,3.1485,3.0995,3.1435,638,230
1738177200,3.1435,3.1565,3.1285,3.1435,528,230
1738180800,3.1435,3.1785,3.1315,3.1685,476,220
1738184400,3.1685,3.1895,3.1485,3.1745,578,230
1738188000,3.1745,3.1845,3.1705,3.1705,179,240
1738191600,3.1705,3.1865,3.1535,3.1555,129,240
1738198800,3.1734999999999998,3.1825,3.1665,3.1705,106,270
1738202400,3.1715,3.1745,3.1695,3.1715,63,260
1738206000,3.1715,3.1775,3.1655,3.1765,102,260
1738209600,3.1765,3.1775,3.1565,3.1575,118,260
1738213200,3.1575,3.1605,3.1565,3.1585,83,260
1738216800,3.1585,3.1755,3.1525,3.1675,118,260
1738220400,3.1675,3.2345,3.1675,3.2255,286,260
1738224000,3.2255,3.2275,3.1745,3.1805,291,250
1738227600,3.1814999999999998,3.1814999999999998,3.1585,3.1695,196,240
1738231200,3.1695,3.1805,3.1585,3.1635,170,240
1738234800,3.1635,3.1795,3.1565,3.1795,171,240
1738238400,3.1795,3.1975,3.1685,3.1955,193,230
1738242000,3.1955,3.2305,3.1955,3.2095,291,220
1738245600,3.2095,3.2165,3.1695,3.1945,467,220
1738249200,3.1945,3.2125,3.1425,3.1525,580,230
1738252800,3.1525,3.1525,3.1055,3.1275,740,220
1738256400,3.1275,3.1565,3.0815,3.0815,931,220
1738260000,3.0815,3.1325,3.0815,3.0925,683,230
1738263600,3.0925,3.1215,3.0715,3.0755,686,230
1738267200,3.0755,3.1055,3.0325,3.0445,444,230
1738270800,3.0445,3.0605,3.0335,3.0505,517,220
1738274400,3.0505,3.0605,3.0425,3.0515,218,240
1738278000,3.0515,3.0665,3.0455,3.0615,151,240
1738285200,3.0775,3.0835,3.0685000000000002,3.0745,143,270
1738288800,3.0745,3.1065,3.0695,3.1025,218,260
1738292400,3.1025,3.1105,3.0945,3.0955,153,260
1738296000,3.0955,3.0965,3.0885,3.0915,109,260
1738299600,3.0925,3.0935,3.0785,3.0825,93,260
1738303200,3.0825,3.0895,3.0815,3.0895,94,260
1738306800,3.0895,3.0935,3.0815,3.0815,100,260
1738310400,3.0815,3.0825,3.0545,3.0615,228,250
1738314000,3.0625,3.0625,3.0535,3.0595,170,250
1738317600,3.0595,3.0845,3.0555,3.0815,161,240
1738321200,3.0815,3.0935,3.0815,3.0845,144,240
1738324800,3.0845,3.0945,3.0715,3.0725,169,240
1738328400,3.0725,3.0725,3.0355,3.0385,202,230
1738332000,3.0385,3.0495,3.0135,3.0195,295,210
1738335600,3.0195,3.0295,2.9895,2.9985,441,230
1738339200,2.9985,3.0425,2.9915000000000003,3.0145,694,230
1738342800,3.0145,3.0745,3.0075,3.0725,563,240
1738346400,3.0725,3.0805,3.0385,3.0495,596,220
1738350000,3.0495,3.0585,3.0255,3.0485,487,230
1738353600,3.0485,3.0745,3.0475,3.0665,327,240
1738357200,3.0665,3.0715,3.0375,3.0575,276,240
1738360800,3.0575,3.0735,3.0455,3.0635,195,240
1738364400,3.0635,3.0825,3.0475,3.0515,212,240
1738544400,3.2465,3.3095,3.2365,3.2995,807,250
1738548000,3.2995,3.3135,3.2795,3.3035,553,240
1738551600,3.3045,3.3145,3.2904999999999998,3.3025,314,250
1738555200,3.3025,3.3064999999999998,3.2995,3.3025,139,260
1738558800,3.3025,3.3105,3.2755,3.2965,351,260
1738562400,3.2965,3.3095,3.2935,3.2995,199,260
1738566000,3.2995,3.3025,3.2865,3.2935,161,250
1738569600,3.2935,3.2935,3.2615,3.2655,306,250
1738573200,3.2655,3.2705,3.2605,3.2665,187,240
1738576800,3.2665,3.2795,3.2625,3.2625,190,240
1738580400,3.2625,3.2735,3.2535,3.2585,205,240
1738584000,3.2585,3.2824999999999998,3.2565,3.2824999999999998,278,230
1738587600,3.2824999999999998,3.3064999999999998,3.2824999999999998,3.3045,300,230
1738591200,3.3045,3.3115,3.2875,3.2965,492,230
1738594800,3.2965,3.3135,3.2695,3.2904999999999998,802,230
1738598400,3.2904999999999998,3.3115,3.2815,3.2984999999999998,765,230
1738602000,3.2984999999999998,3.3485,3.2805,3.3425000000000002,712,230
1738605600,3.3425000000000002,3.3765,3.3395,3.3585,790,240
1738609200,3.3585,3.3865,3.3375,3.3515,709,250
1738612800,3.3515,3.3585,3.2955,3.3375,968,250
1738616400,3.3375,3.3575,3.3235,3.3275,585,270
1738620000,3.3275,3.3335,3.3215,3.3245,214,270
1738623600,3.3245,3.3335,3.2775,3.2785,282,270
1738630800,3.3045,3.3205,3.2955,3.3185000000000002,153,320
1738634400,3.3185000000000002,3.3185000000000002,3.3045,3.3075,150,310
1738638000,3.3075,3.3225,3.3075,3.3205,102,320
1738641600,3.3205,3.3295,3.3155,3.3185000000000002,99,310
1738645200,3.3185000000000002,3.3275,3.3155,3.3205,93,310
1738648800,3.3205,3.3235,3.2875,3.2945,148,300
1738652400,3.2945,3.2965,3.2545,3.2625,225,290
1738656000,3.2625,3.2685,3.2285,3.2295,417,300
1738659600,3.2295,3.2305,3.2115,3.2135,168,280
1738663200,3.2135,3.2315,3.2135,3.2195,179,280
1738666800,3.2195,3.2225,3.2015000000000002,3.2025,181,280
1738670400,3.2025,3.2115,3.2005,3.2085,140,280
1738674000,3.2085,3.2205,3.1935000000000002,3.2125,241,270
1738677600,3.2125,3.2195,3.1895,3.1905,336,260
1738681200,3.1905,3.1915,3.1615,3.1665,527,260
1738684800,3.1665,3.2095,3.1635,3.2035,883,260
1738688400,3.2035,3.2705,3.1885,3.2565,875,260
1738692000,3.2565,3.2735,3.2305,3.2635,738,260
1738695600,3.2635,3.2955,3.2505,3.2855,590,260
1738699200,3.2855,3.3055,3.2315,3.2585,827,260
1738702800,3.2585,3.2655,3.2385,3.2435,501,270
1738706400,3.2435,3.2515,3.2225,3.2235,284,270
1738710000,3.2235,3.2235,3.1935000000000002,3.2005,145,270
1738717200,3.2165,3.2205,3.1985,3.2035,148,350
1738720800,3.2035,3.2195,3.1995,3.2135,117,420
1738724400,3.2135,3.2295,3.2045,3.2175,123,260
1738728000,3.2175,3.2205,3.2145,3.2165,71,260
1738731600,3.2165,3.2245,3.2055,3.2225,153,260
1738735200,3.2215,3.2265,3.1865,3.1865,122,260
1738738800,3.1875,3.1875,3.1635,3.1805,236,240
1738742400,3.1805,3.1975,3.1745,3.1855,239,250
1738746000,3.1855,3.1935000000000002,3.1785,3.1855,223,250
1738749600,3.1855,3.1995,3.1825,3.1955,165,240
1738753200,3.1955,3.2045,3.1915,3.1965,162,230
1738756800,3.1965,3.2075,3.1925,3.2075,137,240
1738760400,3.2075,3.2125,3.1734999999999998,3.1755,258,240
1738764000,3.1755,3.2225,3.1725,3.2125,360,230
1738767600,3.2125,3.2135,3.1575,3.1995,536,230
1738771200,3.1995,3.2495,3.1975,3.2465,709,230
1738774800,3.2465,3.2475,3.2165,3.2325,532,230
1738778400,3.2325,3.2895,3.2285,3.2805,574,230
1738782000,3.2805,3.2805,3.2505,3.2675,406,230
1738785600,3.2675,3.3095,3.2465,3.3064999999999998,395,240
1738789200,3.3064999999999998,3.3545,3.2975,3.3535,729,230
1738792800,3.3535,3.3615,3.3425000000000002,3.3595,167,240
1738796400,3.3595,3.3595,3.3175,3.3195,171,240
1738803600,3.3365,3.3395,3.3295,3.3325,141,310
1738807200,3.3325,3.3335,3.3185000000000002,3.3235,138,310
1738810800,3.3235,3.3235,3.3115,3.3135,102,310
1738814400,3.3135,3.3145,3.3055,3.3095,96,310
1738818000,3.3085,3.3095,3.2945,3.3005,103,310
1738821600,3.3005,3.3075,3.2965,3.2965,83,320
1738825200,3.2965,3.3105,3.2925,3.3075,201,300
1738828800,3.3075,3.3445,3.3075,3.3335,308,310
1738832400,3.3335,3.3405,3.3305,3.3385,143,290
1738836000,3.3385,3.3425000000000002,3.3345000000000002,3.3375,133,290
1738839600,3.3375,3.3465,3.3355,3.3425000000000002,108,290
1738843200,3.3425000000000002,3.3575,3.3305,3.3345000000000002,180,280
1738846800,3.3345000000000002,3.3615,3.3315,3.3345000000000002,275,270
1738850400,3.3345000000000002,3.3805,3.3325,3.3695,380,260
1738854000,3.3695,3.3905,3.3485,3.3495,625,250
1738857600,3.3495,3.3525,3.2965,3.3105,828,240
1738861200,3.3105,3.3475,3.3045,3.3375,818,210
1738864800,3.3375,3.3745,3.3335,3.3735,670,230
1738868400,3.3735,3.3745,3.3165,3.3415,723,230
1738872000,3.3415,3.4035,3.3355,3.4035,457,240
1738875600,3.4035,3.4154999999999998,3.3665,3.3695,489,220
1738879200,3.3695,3.3765,3.3675,3.3725,153,240
1738882800,3.3725,3.3725,3.3385,3.3465,136,240
1738890000,3.3595,3.3655,3.3555,3.3645,94,270
1738893600,3.3645,3.3655,3.3565,3.3615,97,260
1738897200,3.3615,3.3615,3.3455,3.3535,111,260
1738900800,3.3535,3.3645,3.3535,3.3625,84,260
1738904400,3.3625,3.3635,3.3545,3.3585,90,260
1738908000,3.3585,3.3715,3.3545,3.3695,94,260
1738911600,3.3695,3.3905,3.3665,3.3725,186,260
1738915200,3.3725,3.3865,3.3655,3.3715,231,250
1738918800,3.3715,3.3785,3.3635,3.3695,171,240
1738922400,3.3695,3.3815,3.3525,3.3545,179,240
1738926000,3.3545,3.3645,3.3535,3.3615,115,240
1738929600,3.3615,3.3705,3.3545,3.3615,140,240
1738933200,3.3615,3.3855,3.3575,3.3845,218,230
1738936800,3.3845,3.4185,3.3825,3.4005,437,230
1738940400,3.4005,3.4025,3.3635,3.3845,520,220
1738944000,3.3845,3.3965,3.3345000000000002,3.3875,694,220
1738947600,3.3875,3.3885,3.3415,3.3525,526,230
1738951200,3.3525,3.3615,3.3235,3.3395,707,230
1738954800,3.3395,3.3695,3.3295,3.3625,554,230
1738958400,3.3625,3.3685,3.3064999999999998,3.3075,408,230
1738962000,3.3075,3.3205,3.2915,3.2915,343,240
1738965600,3.2915,3.3035,3.2885,3.2975,175,230
1738969200,3.2975,3.2995,3.2775,3.2805,141,240
1739149200,3.4115,3.4185,3.3955,3.4074999999999998,253,240
1739152800,3.4074999999999998,3.4095,3.4025,3.4055,79,260
1739156400,3.4055,3.4065,3.3965,3.3975,79,260
1739160000,3.3975,3.4105,3.3965,3.4074999999999998,90,260
1739163600,3.4085,3.4195,3.4065,3.4175,112,260
1739167200,3.4185,3.4195,3.4145,3.4175,66,260
1739170800,3.4175,3.4245,3.3935,3.3945,150,260
1739174400,3.3945,3.4145,3.3905,3.4095,204,260
1739178000,3.4095,3.4195,3.4025,3.4135,220,250
1739181600,3.4135,3.4215,3.4095,3.4095,169,220
1739185200,3.4095,3.4165,3.4005,3.4005,128,240
1739188800,3.4005,3.4314999999999998,3.3985,3.4305,197,230
1739192400,3.4305,3.4395,3.4005,3.4085,254,240
1739196000,3.4085,3.4245,3.3985,3.4245,318,230
1739199600,3.4245,3.4355,3.3745,3.3885,730,220
1739203200,3.3885,3.3975,3.3465,3.3615,802,230
1739206800,3.3615,3.4355,3.3515,3.4255,689,230
1739210400,3.4255,3.4435000000000002,3.4195,3.4255,549,230
1739214000,3.4255,3.4735,3.4245,3.4705,445,230
1739217600,3.4705,3.4715,3.4465,3.4515000000000002,411,220
1739221200,3.4515000000000002,3.4615,3.4355,3.4515000000000002,332,230
1739224800,3.4515000000000002,3.4515000000000002,3.4415,3.4425,121,240
1739228400,3.4425,3.4445,3.4135,3.4175,121,250
1739235600,3.4385,3.4425,3.4275,3.4314999999999998,148,270
1739239200,3.4314999999999998,3.4375,3.4295,3.4355,96,260
1739242800,3.4355,3.4395,3.4265,3.4275,85,260
1739246400,3.4285,3.4395,3.4275,3.4335,89,270
1739250000,3.4314999999999998,3.4445,3.4314999999999998,3.4415,124,260
1739253600,3.4415,3.4545,3.4405,3.4515000000000002,123,260
1739257200,3.4525,3.4725,3.4525,3.4675000000000002,184,260
1739260800,3.4675000000000002,3.4925,3.4535,3.4755,308,240
1739264400,3.4755,3.4835,3.4665,3.4815,171,250
1739268000,3.4825,3.4875,3.4755,3.4805,129,240
1739271600,3.4805,3.4895,3.4765,3.4895,120,240
1739275200,3.4895,3.5045,3.4855,3.4945,154,240
1739278800,3.4945,3.5084999999999997,3.4775,3.5045,186,240
1739282400,3.5045,3.5175,3.4875,3.5025,399,230
1739286000,3.5025,3.5164999999999997,3.4775,3.5065,766,230
1739289600,3.5065,3.5445,3.5004999999999997,3.5265,767,240
1739293200,3.5275,3.5484999999999998,3.5155,3.5465,566,240
1739296800,3.5465,3.5665,3.4995,3.5155,698,230
1739300400,3.5155,3.5425,3.5025,3.5305,674,230
1739304000,3.5305,3.5375,3.5025,3.5125,418,240
1739307600,3.5125,3.5215,3.4975,3.5135,270,240
1739311200,3.5135,3.5175,3.5075,3.5095,119,240
1739314800,3.5095,3.5115,3.4735,3.4825,127,280
1739322000,3.4935,3.5025,3.4915,3.5015,107,330
1739325600,3.5015,3.5025,3.4985,3.4995,62,320
1739329200,3.4995,3.5004999999999997,3.4925,3.4995,91,320
1739332800,3.4995,3.5035,3.4945,3.4975,78,310
1739336400,3.4975,3.5015,3.4925,3.4975,74,320
1739340000,3.4975,3.5055,3.4975,3.5035,87,320
1739343600,3.5035,3.5105,3.5035,3.5105,86,320
1739347200,3.5105,3.5175,3.4985,3.5015,191,310
1739350800,3.5015,3.5015,3.4785,3.4905,164,290
1739354400,3.4905,3.4925,3.4825,3.4855,143,280
1739358000,3.4855,3.4945,3.4765,3.4875,142,280
1739361600,3.4875,3.4955,3.4825,3.4925,135,270
1739365200,3.4925,3.4935,3.4695,3.4765,197,260
1739368800,3.4765,3.5164999999999997,3.4745,3.5084999999999997,424,250
1739372400,3.5084999999999997,3.5255,3.4795,3.5244999999999997,711,260
1739376000,3.5265,3.5645,3.5225,3.5415,799,230
1739379600,3.5415,3.5555,3.4855,3.4915,602,230
1739383200,3.4915,3.5404999999999998,3.4885,3.5355,585,240
1739386800,3.5355,3.5415,3.5285,3.5375,380,230
1739390400,3.5375,3.5575,3.5315,3.5525,269,240
1739394000,3.5525,3.5755,3.5505,3.5625,258,240
1739397600,3.5625,3.5655,3.5505,3.5505,117,240
1739401200,3.5505,3.5525,3.5205,3.5215,147,240
1739408400,3.5725,3.6085000000000003,3.5665,3.5985,316,260
1739412000,3.5985,3.6055,3.5955,3.5995,142,260
1739415600,3.5995,3.6285,3.5995,3.6215,179,260
1739419200,3.6215,3.6305,3.6205,3.6245000000000003,174,260
1739422800,3.6245000000000003,3.6254999999999997,3.6155,3.6165000000000003,174,250
1739426400,3.6175,3.6325,3.6175,3.6285,137,260
1739430000,3.6285,3.6625,3.6235,3.6625,191,260
1739433600,3.6625,3.6725,3.6385,3.6685,255,250
1739437200,3.6685,3.6855,3.6515,3.6555,310,250
1739440800,3.6555,3.6574999999999998,3.6435,3.6465,185,240
1739444400,3.6465,3.6494999999999997,3.6425,3.6465,144,240
1739448000,3.6465,3.6734999999999998,3.6465,3.6685,180,240
1739451600,3.6685,3.6745,3.6455,3.6485,224,240
1739455200,3.6485,3.6805,3.6385,3.6795,493,230
1739458800,3.6795,3.7115,3.6745,3.7005,784,230
1739462400,3.7005,3.7035,3.6695,3.6895,652,230
1739466000,3.6895,3.7535,3.6855,3.7355,939,230
1739469600,3.7355,3.7435,3.6414999999999997,3.6435,785,220
1739473200,3.6435,3.6574999999999998,3.6025,3.6385,1035,220
1739476800,3.6385,3.6615,3.5845000000000002,3.5975,722,230
1739480400,3.5975,3.6205,3.5975,3.6105,352,240
1739484000,3.6105,3.6245000000000003,3.6095,3.6105,172,240
1739487600,3.6105,3.6185,3.5875,3.6085000000000003,103,250
1739494800,3.6235,3.6275,3.6105,3.6215,146,260
1739498400,3.6215,3.6355,3.6205,3.6235,168,260
1739502000,3.6235,3.6305,3.6195,3.6254999999999997,113,260
1739505600,3.6254999999999997,3.6365,3.6125,3.6185,184,260
1739509200,3.6185,3.6235,3.6175,3.6175,101,260
1739512800,3.6185,3.6765,3.6165000000000003,3.6745,237,260
1739516400,3.6745,3.6895,3.6654999999999998,3.6725,264,250
1739520000,3.6725,3.6805,3.6645,3.6755,218,250
1739523600,3.6755,3.6845,3.6505,3.6595,219,250
1739527200,3.6595,3.6695,3.6565,3.6635,131,240
1739530800,3.6635,3.6734999999999998,3.6615,3.6705,131,240
1739534400,3.6705,3.6745,3.6525,3.6605,177,230
1739538000,3.6605,3.6945,3.6605,3.6895,242,220
1739541600,3.6895,3.7285,3.6835,3.7175000000000002,455,210
1739545200,3.7175000000000002,3.7235,3.6445,3.6715,878,220
1739548800,3.6715,3.7285,3.6605,3.7185,788,230
1739552400,3.7185,3.7235,3.6995,3.7195,613,230
1739556000,3.7195,3.7395,3.6955,3.7375,647,220
1739559600,3.7375,3.7655,3.7115,3.7175000000000002,576,230
1739563200,3.7175000000000002,3.7205,3.6845,3.6975,535,230
1739566800,3.6975,3.7145,3.6955,3.7025,354,230
1739570400,3.7025,3.7065,3.6935000000000002,3.7025,157,240
1739574000,3.7025,3.7075,3.6715,3.6755,142,240
1739754000,3.6075,3.6075,3.5725,3.5815,359,240
1739757600,3.5815,3.6055,3.5805,3.5895,170,260
1739761200,3.5895,3.5935,3.5835,3.5855,105,260
1739764800,3.5855,3.6055,3.5825,3.6035,152,260
1739768400,3.6035,3.6165000000000003,3.6005000000000003,3.6065,140,250
1739772000,3.6065,3.6175,3.6055,3.6175,89,260
1739775600,3.6175,3.6225,3.6155,3.6175,110,250
1739779200,3.6185,3.6225,3.6155,3.6165000000000003,168,260
1739782800,3.6165000000000003,3.6195,3.6135,3.6185,112,250
1739786400,3.6185,3.6305,3.6185,3.6245000000000003,134,240
1739790000,3.6245000000000003,3.6285,3.6185,3.6265,103,240
1739793600,3.6265,3.6315,3.6215,3.6295,95,250
1739797200,3.6295,3.6305,3.6095,3.6235,107,240
1739800800,3.6235,3.6365,3.6115,3.6345,240,230
1739804400,3.6345,3.6345,3.5985,3.6005000000000003,322,230
1739808000,3.6005000000000003,3.6075,3.5755,3.5795,327,220
1739811600,3.5795,3.5795,3.5515,3.5535,235,230
1739815200,3.5535,3.5685000000000002,3.5515,3.5645,206,240
1739818800,3.5645,3.5855,3.5595,3.5805,240,220
1739822400,3.5815,3.5895,3.5795,3.5855,95,230
1739826000,3.5855,3.5895,3.5845000000000002,3.5875,21,240
1739840400,3.5815,3.5885,3.5715,3.5735,132,260
1739844000,3.5725,3.5775,3.5675,3.5755,95,260
1739847600,3.5745,3.5775,3.5685000000000002,3.5715,99,260
1739851200,3.5715,3.5715,3.5585,3.5645,92,260
1739854800,3.5645,3.5735,3.5585,3.5595,95,270
1739858400,3.5595,3.5635,3.5484999999999998,3.5505,111,260
1739862000,3.5505,3.5615,3.5465,3.5475,143,260
1739865600,3.5475,3.5835,3.5465,3.5825,232,250
1739869200,3.5825,3.5855,3.5745,3.5795,148,250
1739872800,3.5795,3.5805,3.5715,3.5715,88,240
1739876400,3.5715,3.5925000000000002,3.5685000000000002,3.5905,103,240
1739880000,3.5905,3.5965,3.5785,3.5815,140,240
1739883600,3.5815,3.6035,3.5765000000000002,3.6005000000000003,153,240
1739887200,3.6005000000000003,3.6175,3.5915,3.6165000000000003,324,230
1739890800,3.6165000000000003,3.6745,3.6075,3.6665,752,230
1739894400,3.6665,3.7075,3.6654999999999998,3.6975,767,210
1739898000,3.6975,3.7395,3.6725,3.7345,648,220
1739901600,3.7345,3.8235,3.7345,3.8145,1174,230
1739905200,3.8135,3.8605,3.7965,3.8525,1036,230
1739908800,3.8525,3.9395,3.8425000000000002,3.9355,1049,230
1739912400,3.9355,3.9705,3.9185,3.9465,609,240
1739916000,3.9465,3.9655,3.9425,3.9425,253,240
1739919600,3.9425,3.9515000000000002,3.9345,3.9485,218,240
1739926800,3.9465,3.9475,3.9234999999999998,3.9245,233,260
1739930400,3.9245,3.9245,3.8994999999999997,3.9165,268,260
1739934000,3.9175,3.9285,3.9154999999999998,3.9175,158,260
1739937600,3.9175,3.9275,3.9105,3.9205,146,260
1739941200,3.9255,3.9395,3.9205,3.9285,180,250
1739944800,3.9295,3.9795,3.9275,3.9675000000000002,269,260
1739948400,3.9675000000000002,3.9855,3.9585,3.9665,256,260
1739952000,3.9665,3.9775,3.9485,3.9745,299,240
1739955600,3.9755000000000003,3.9925,3.9735,3.9915000000000003,234,250
1739959200,3.9915000000000003,3.9955,3.9775,3.9815,225,240
1739962800,3.9815,3.9855,3.9495,3.9665,239,240
1739966400,3.9665,3.9665,3.9485,3.9585,179,240
1739970000,3.9585,4.0405,3.9555,4.0375,506,230
1739973600,4.0375,4.1505,4.0225,4.1215,1173,230
1739977200,4.1215,4.1925,4.0935,4.1315,1826,210
1739980800,4.1315,4.1515,4.0665,4.1465,1638,250
1739984400,4.1465,4.1835,4.0985,4.1195,1693,250
1739988000,4.1195,4.1565,4.0815,4.1385,1280,250
1739991600,4.1385,4.1415,4.0925,4.1355,1038,260
1739995200,4.1355,4.1865,4.1335,4.1835,1063,260
1739998800,4.1835,4.2165,4.1795,4.2165,1243,260
1740002400,4.2165,4.2745,4.2125,4.2545,716,280
1740006000,4.2545,4.2565,4.2355,4.2525,292,270
1740013200,4.2505,4.2715,4.2375,4.2625,216,320
1740016800,4.2625,4.2635,4.2185,4.2295,289,310
1740020400,4.2315,4.2785,4.2295,4.2755,239,310
1740024000,4.2755,4.2755,4.2485,4.2585,222,300
1740027600,4.2585,4.2595,4.2355,4.2555,295,310
1740031200,4.2565,4.3335,4.2485,4.2815,495,300
1740034800,4.2815,4.3085,4.2385,4.2385,408,310
1740038400,4.2385,4.2475,4.1415,4.1505,762,300
1740042000,4.1505,4.1625,4.1345,4.1575,335,290
1740045600,4.1575,4.1695,4.1285,4.1375,340,280
1740049200,4.1375,4.1375,4.1055,4.1115,307,280
1740052800,4.1115,4.1115,4.0675,4.0745,385,270
1740056400,4.0745,4.1515,4.0715,4.1315,581,270
1740060000,4.1315,4.1415,4.0855,4.1065,1014,250
1740063600,4.1075,4.1145,4.0185,4.0505,1425,250
1740067200,4.0505,4.1195,4.0345,4.0885,1616,260
1740070800,4.0885,4.0995,4.0035,4.0065,1532,240
1740074400,4.0065,4.0445,3.9925,4.0245,1222,230
1740078000,4.0245,4.0345,3.9935,4.0075,874,220
1740081600,4.0075,4.0815,3.9995000000000003,4.0625,637,230
1740085200,4.0625,4.0985,4.0495,4.0975,636,230
1740088800,4.0975,4.1025,4.0785,4.0895,187,240
1740092400,4.0895,4.0925,4.0685,4.0725,174,240
1740099600,4.0865,4.1365,4.0805,4.1055,293,260
1740103200,4.1065,4.1185,4.0895,4.0975,130,250
1740106800,4.0985,4.1075,4.0805,4.0855,152,260
1740110400,4.0855,4.1275,4.0855,4.1165,242,250
1740114000,4.1165,4.1265,4.1025,4.1065,176,260
1740117600,4.1065,4.1455,4.1015,4.1375,194,260
1740121200,4.1375,4.1975,4.1355,4.1915,260,260
1740124800,4.1915,4.2305,4.1735,4.2145,387,260
1740128400,4.2145,4.2655,4.2115,4.2475,343,240
1740132000,4.2475,4.2475,4.2075,4.2085,244,230
1740135600,4.2085,4.2395,4.2075,4.2085,255,240
1740139200,4.2085,4.2375,4.1935,4.2055,374,220
1740142800,4.2055,4.2095,4.1835,4.1835,285,240
1740146400,4.1835,4.1965,4.1295,4.1345,497,220
1740150000,4.1345,4.1885,4.0685,4.1875,1228,210
1740153600,4.1875,4.3045,4.1675,4.2075,2145,220
1740157200,4.2075,4.2985,4.2075,4.2685,1306,220
1740160800,4.2685,4.2825,4.2015,4.2205,1103,210
1740164400,4.2205,4.2725,4.1735,4.1795,1230,220
1740168000,4.1795,4.2145,4.1475,4.1475,940,220
1740171600,4.1475,4.1585,4.1095,4.1345,790,220
1740175200,4.1345,4.1635,4.1325,4.1565,250,240
1740178800,4.1565,4.1635,4.1265,4.1295,201,240
1740358800,4.0015,4.0035,3.9595000000000002,3.9695,377,310
1740362400,3.9695,3.9705,3.9605,3.9635,137,310
1740366000,3.9635,3.9765,3.9605,3.9755000000000003,91,310
1740369600,3.9755000000000003,3.9825,3.9715,3.9815,90,310
1740373200,3.9815,3.9995000000000003,3.9775,3.9795,153,310
1740376800,3.9795,3.9925,3.9685,3.9865,151,310
1740380400,3.9855,3.9865,3.9655,3.9705,151,310
1740384000,3.9705,3.9925,3.9435000000000002,3.9465,386,300
1740387600,3.9465,3.9705,3.9385,3.9485,316,290
1740391200,3.9485,3.9635,3.9435000000000002,3.9545,233,290
1740394800,3.9545,3.9565,3.9475,3.9515000000000002,150,280
1740398400,3.9505,3.9555,3.9195,3.9265,223,280
1740402000,3.9265,3.9285,3.8834999999999997,3.8865,367,250
1740405600,3.8875,3.9195,3.8865,3.9125,476,260
1740409200,3.9125,3.9215,3.8705,3.9055,847,250
1740412800,3.9055,3.9805,3.9045,3.9385,1322,260
1740416400,3.9385,3.9765,3.9285,3.9445,886,230
1740420000,3.9445,3.9715,3.9295,3.9575,800,230
1740423600,3.9575,3.9785,3.9475,3.9775,616,220
1740427200,3.9775,4.0125,3.9465,3.9555,614,230
1740430800,3.9555,3.9895,3.9445,3.9825,453,230
1740434400,3.9825,4.0035,3.9675000000000002,4.0005,167,240
1740438000,4.0005,4.0085,3.9595000000000002,3.9625,199,240
1740445200,3.9825,4.0025,3.9755000000000003,3.9765,194,260
1740448800,3.9765,3.9815,3.9525,3.9605,138,260
1740452400,3.9605,3.9635,3.9445,3.9485,141,250
1740456000,3.9495,3.9685,3.9465,3.9585,170,250
1740459600,3.9585,3.9635,3.9425,3.9425,146,260
1740463200,3.9435000000000002,3.9585,3.9325,3.9495,189,260
1740466800,3.9505,3.9855,3.9415,3.9605,224,260
1740470400,3.9605,4.0035,3.9605,3.9925,239,260
1740474000,3.9925,3.9955,3.9655,3.9665,236,250
1740477600,3.9665,3.9825,3.9645,3.9785,208,240
1740481200,3.9785,3.9965,3.9775,3.9905,232,240
1740484800,3.9905,3.9955,3.9665,3.9805,212,240
1740488400,3.9805,4.0335,3.9805,4.0185,285,220
1740492000,4.0185,4.0215,3.9935,4.0065,438,220
1740495600,4.0065,4.0445,4.0045,4.0255,880,210
1740499200,4.0255,4.0435,4.0105,4.0245,698,220
1740502800,4.0245,4.0425,3.9875,4.0135,729,220
1740506400,4.0135,4.0405,4.0005,4.0255,661,220
1740510000,4.0255,4.0385,4.0085,4.0285,505,230
1740513600,4.0285,4.1105,4.0275,4.1035,927,220
1740517200,4.1035,4.1365,4.0775,4.1065,837,220
1740520800,4.1065,4.1095,4.0915,4.0975,165,240
1740524400,4.0975,4.1355,4.0975,4.1185,196,240
1740531600,4.1225,4.1275,4.1085,4.1155,203,260
1740535200,4.1165,4.1435,4.1145,4.1415,151,260
1740538800,4.1415,4.1745,4.1395,4.1675,196,260
1740542400,4.1675,4.1725,4.1455,4.1495,144,260
1740546000,4.1485,4.1565,4.1445,4.1485,110,260
1740549600,4.1485,4.1505,4.1435,4.1445,75,260
1740553200,4.1445,4.1595,4.1365,4.1575,160,260
1740556800,4.1575,4.1675,4.1475,4.1505,149,260
1740560400,4.1515,4.1515,4.1245,4.1255,158,240
1740564000,4.1255,4.1335,4.1155,4.1185,179,240
1740567600,4.1185,4.1265,4.1155,4.1155,139,240
1740571200,4.1165,4.1215,4.1025,4.1145,206,240
1740574800,4.1145,4.1585,4.0945,4.0965,432,230
1740578400,4.0965,4.1105,4.0615,4.0785,539,220
1740582000,4.0785,4.0855,4.0335,4.0525,826,230
1740585600,4.0515,4.0665,4.0065,4.0155,911,230
1740589200,4.0155,4.0235,3.9845,4.0235,683,240
1740592800,4.0235,4.0245,3.9715,3.9815,598,230
1740596400,3.9815,4.0175,3.9555,4.0075,613,240
1740600000,4.0075,4.0375,3.9485,3.9525,595,220
1740603600,3.9525,3.9835000000000003,3.9485,3.9665,642,230
1740607200,3.9665,3.9985,3.9635,3.9935,206,240
1740610800,3.9935,3.9995000000000003,3.9435000000000002,3.9445,177,240
1740618000,3.9735,3.9845,3.9685,3.9795,134,260
1740621600,3.9795,3.9845,3.9595000000000002,3.9625,153,250
1740625200,3.9625,3.9785,3.9615,3.9765,113,260
1740628800,3.9765,3.9895,3.9725,3.9835000000000003,103,250
1740632400,3.9835000000000003,3.9935,3.9755000000000003,3.9805,150,260
1740636000,3.9805,3.9935,3.9765,3.9865,126,260
1740639600,3.9865,3.9965,3.9855,3.9905,134,250
1740643200,3.9915000000000003,3.9955,3.9345,3.9525,401,250
1740646800,3.9525,3.9585,3.9285,3.9575,294,250
1740650400,3.9575,3.9815,3.9495,3.9805,234,240
1740654000,3.9805,4.0045,3.9795,4.0035,223,240
1740657600,4.0035,4.0035,3.9685,3.9755000000000003,247,230
1740661200,3.9755000000000003,4.0035,3.9745,3.9805,285,230
1740664800,3.9805,3.9975,3.8955,3.9015,693,220
1740668400,3.9025,3.9585,3.8865,3.9575,902,220
1740672000,3.9575,4.0345,3.9435000000000002,4.0145,1067,220
1740675600,4.0145,4.0575,3.9845,4.0455,1238,220
1740679200,4.0455,4.0695,4.0005,4.0245,868,220
1740682800,4.0245,4.0325,3.9905,3.9955,519,240
1740686400,3.9955,4.0075,3.9465,3.9475,909,260
1740690000,3.9485,3.9705,3.9285,3.9485,670,270
1740693600,3.9485,3.9515000000000002,3.9325,3.9335,197,280
1740697200,3.9335,3.9505,3.9205,3.9215,151,280
1740704400,3.9455,3.9455,3.9335,3.9365,88,350
1740708000,3.9365,3.9415,3.9325,3.9325,100,310
1740711600,3.9325,3.9325,3.9135,3.9165,117,300
1740715200,3.9165,3.9335,3.9125,3.9215,98,310
1740718800,3.9215,3.9525,3.9205,3.9385,144,310
1740722400,3.9385,3.9445,3.9234999999999998,3.9275,142,310
1740726000,3.9245,3.9365,3.9095,3.9095,198,300
1740729600,3.9095,3.9335,3.9095,3.9325,195,310
1740733200,3.9325,3.9495,3.9295,3.9415,171,280
1740736800,3.9415,3.9575,3.9395,3.9405,179,280
1740740400,3.9405,3.9485,3.9335,3.9385,147,290
1740744000,3.9385,3.9385,3.9245,3.9275,177,290
1740747600,3.9275,3.9275,3.9045,3.9055,226,260
1740751200,3.9055,3.9125,3.8765,3.8775,454,240
1740754800,3.8775,3.9265,3.8775,3.8935,723,260
1740758400,3.8935,3.9385,3.8855,3.8985,1024,260
1740762000,3.8985,3.9234999999999998,3.8875,3.8895,511,270
1740765600,3.8895,3.8895,3.8555,3.8615,679,260
1740769200,3.8615,3.8914999999999997,3.8565,3.8845,507,260
1740772800,3.8845,3.8865,3.8555,3.8715,477,270
1740776400,3.8715,3.8725,3.8365,3.8575,497,280
1740780000,3.8575,3.8575,3.8395,3.8395,248,280
1740783600,3.8395,3.8405,3.8064999999999998,3.8115,179,280
1740963600,3.8005,3.8005,3.7664999999999997,3.7695,209,300
1740967200,3.7705,3.7735,3.7635,3.7715,110,310
1740970800,3.7715,3.7815,3.7705,3.7765,109,310
1740974400,3.7765,3.7765,3.7675,3.7685,88,310
1740978000,3.7675,3.7815,3.7655,3.7715,126,310
1740981600,3.7715,3.7805,3.7685,3.7785,77,310
1740985200,3.7785,3.7935,3.7755,3.7935,95,310
1740988800,3.7935,3.8205,3.7925,3.8155,246,320
1740992400,3.8145,3.8205,3.8075,3.8105,138,290
1740996000,3.8105,3.8145,3.8025,3.8105,152,290
1740999600,3.8115,3.8245,3.8085,3.8235,114,290
1741003200,3.8205,3.8535,3.8155,3.8425000000000002,207,280
1741006800,3.8435,3.8525,3.8325,3.8515,226,270
1741010400,3.8515,3.8965,3.8495,3.8825,471,250
1741014000,3.8834999999999997,3.9345,3.8754999999999997,3.9074999999999998,798,250
1741017600,3.9074999999999998,3.9545,3.8925,3.9545,912,240
1741021200,3.9545,4.0005,3.9345,3.9985,800,230
1741024800,3.9985,4.1385,3.9795,4.1265,1674,230
1741028400,4.1265,4.1785,4.0505,4.0765,1780,210
1741032000,4.0755,4.1195,4.0525,4.1165,947,230
1741035600,4.1165,4.1595,4.1145,4.1525,855,220
1741039200,4.1525,4.1605,4.1415,4.1475,277,240
1741042800,4.1475,4.1745,4.1455,4.1565,209,240
1741050000,4.1785,4.1805,4.1515,4.1525,207,260
1741053600,4.1525,4.1815,4.1525,4.1605,247,240
1741057200,4.1605,4.1625,4.1395,4.1485,156,260
1741060800,4.1485,4.1605,4.1395,4.1605,152,260
1741064400,4.1605,4.1635,4.1355,4.1405,198,260
1741068000,4.1405,4.1465,4.1225,4.1265,156,250
1741071600,4.1265,4.1435,4.1155,4.1385,224,240
1741075200,4.1385,4.1385,4.0875,4.1005,280,240
1741078800,4.1005,4.1005,4.0765,4.0795,223,250
1741082400,4.0795,4.1025,4.0725,4.0945,266,240
1741086000,4.0945,4.0975,4.0795,4.0915,219,240
1741089600,4.0935,4.1285,4.0815,4.1145,357,240
1741093200,4.1145,4.1435,4.0765,4.0785,496,220
1741096800,4.0785,4.2005,4.0725,4.1985,938,210
1741100400,4.1985,4.3485,4.1725,4.3325,2262,210
1741104000,4.3325,4.5045,4.2905,4.4715,2807,220
1741107600,4.4715,4.5035,4.3865,4.5015,2211,210
1741111200,4.5015,4.5545,4.4485,4.4955,2064,230
1741114800,4.4975,4.5015,4.3885,4.4365,1631,250
1741118400,4.4365,4.4855,4.4065,4.4405,1469,260
1741122000,4.4405,4.4585,4.3205,4.3235,1397,260
1741125600,4.3235,4.3705,4.3185,4.3675,513,280
1741129200,4.3675,4.3745,4.2895,4.2935,307,270
1741136400,4.3215,4.3215,4.2844999999999995,4.3095,287,320
1741140000,4.3095,4.3165,4.2985,4.3085,254,310
1741143600,4.3085,4.3215,4.3045,4.3175,163,310
1741147200,4.3175,4.3505,4.3065,4.3245000000000005,259,310
1741150800,4.3255,4.3535,4.3165,4.3185,343,310
1741154400,4.3185,4.3365,4.3135,4.3285,242,310
1741158000,4.3285,4.3285,4.2955,4.3115,248,290
1741161600,4.3115,4.4015,4.3105,4.3845,513,300
1741165200,4.3845,4.3875,4.2965,4.3135,464,280
1741168800,4.3135,4.3145,4.2815,4.2885,469,280
1741172400,4.2885,4.2925,4.2605,4.2655,316,280
1741176000,4.2655,4.3145,4.2455,4.3125,527,270
1741179600,4.3145,4.3685,4.2835,4.3485,826,260
1741183200,4.3485,4.3515,4.2855,4.2995,972,240
1741186800,4.2995,4.5255,4.2895,4.4325,2700,250
1741190400,4.4325,4.4485,4.2765,4.3975,2568,250
1741194000,4.3975,4.4265,4.3165,4.3535,1381,250
1741197600,4.3525,4.4455,4.3515,4.4045,1192,240
1741201200,4.4045,4.4365,4.3865,4.4265,695,320
1741204800,4.4254999999999995,4.4835,4.4215,4.4575,967,330
1741208400,4.4575,4.4835,4.3965,4.4555,989,330
1741212000,4.4555,4.4595,4.4315,4.4575,346,340
1741215600,4.4585,4.4735,4.4555,4.4685,156,360
1741222800,4.4665,4.4665,4.4445,4.4525,144,420
1741226400,4.4525,4.4785,4.4475,4.4635,153,420
1741230000,4.4635,4.4695,4.4545,4.4545,137,420
1741233600,4.4545,4.4565,4.4285,4.4285,174,410
1741237200,4.4285,4.4355,4.4195,4.4305,127,400
1741240800,4.4305,4.4495000000000005,4.4015,4.4115,202,400
1741244400,4.4115,4.4335,4.3775,4.3775,245,400
1741248000,4.3775,4.3955,4.3615,4.3755,372,400
1741251600,4.3755,4.4135,4.3715,4.3905,327,360
1741255200,4.3905,4.4015,4.3765,4.3905,228,340
1741258800,4.3915,4.4065,4.3815,4.4035,226,360
1741262400,4.4035,4.4135,4.3805,4.3955,265,360
1741266000,4.3955,4.4445,4.3875,4.3915,451,310
1741269600,4.3915,4.4715,4.3875,4.4635,952,300
1741273200,4.4635,4.4745,4.4055,4.4105,1132,250
1741276800,4.4105,4.4105,4.3405000000000005,4.3475,1703,240
1741280400,4.3485,4.3925,4.2745,4.3285,1998,250
1741284000,4.3285,4.3695,4.3115,4.3185,1292,250
1741287600,4.3185,4.3325,4.2865,4.3305,1020,250
1741291200,4.3305,4.3475,4.2844999999999995,4.3345,901,260
1741294800,4.3345,4.3385,4.3015,4.3185,779,260
1741298400,4.3185,4.3235,4.3055,4.3075,290,260
1741302000,4.3085,4.3085,4.2685,4.2785,201,280
1741309200,4.2955,4.2955,4.2735,4.2885,166,320
1741312800,4.2885,4.2925,4.2865,4.2895,111,310
1741316400,4.2895,4.2905,4.2695,4.2895,139,310
1741320000,4.2895,4.2905,4.2785,4.2844999999999995,117,290
1741323600,4.2844999999999995,4.3055,4.2844999999999995,4.2895,183,310
1741327200,4.2905,4.2985,4.2855,4.2895,107,310
1741330800,4.2895,4.2895,4.2625,4.2625,199,300
1741334400,4.2625,4.2915,4.2555,4.2675,346,300
1741338000,4.2675,4.2685,4.2475,4.2555,238,290
1741341600,4.2555,4.2825,4.2365,4.2475,344,270
1741345200,4.2475,4.2715,4.2335,4.2375,253,280
1741348800,4.2375,4.2515,4.2295,4.2495,255,260
1741352400,4.2495,4.2585,4.1995000000000005,4.2075,481,260
1741356000,4.2075,4.2325,4.2015,4.2185,698,240
1741359600,4.2205,4.2305,4.1725,4.1975,927,250
1741363200,4.1975,4.2345,4.1535,4.2205,1576,250
1741366800,4.2205,4.3065,4.2065,4.2795,1400,250
1741370400,4.2795,4.2835,4.2265,4.2465,1070,240
1741374000,4.2465,4.2495,4.1965,4.2105,773,260
1741377600,4.2105,4.3305,4.2045,4.3055,1001,270
1741381200,4.3055,4.4425,4.3055,4.4185,1989,260
1741384800,4.4185,4.4245,4.3785,4.3895,539,260
1741388400,4.3895,4.4235,4.3885,4.3985,311,280
1741568400,4.4985,4.8835,4.4925,4.6985,1597,290
1741572000,4.6985,4.7005,4.6485,4.6545,349,400
1741575600,4.6545,4.6765,4.6365,4.6645,453,390
1741579200,4.6645,4.6655,4.6485,4.6545,194,420
1741582800,4.6545,4.6555,4.6315,4.6475,197,420
1741586400,4.6475,4.6495,4.6165,4.6185,300,420
1741590000,4.6185,4.6485,4.6145,4.6265,314,400
1741593600,4.6265,4.6825,4.6215,4.6495,350,410
1741597200,4.6495,4.6705,4.6274999999999995,4.6655,335,400
1741600800,4.6655,4.6825,4.6375,4.6465,384,360
1741604400,4.6465,4.6465,4.6215,4.6305,337,340
1741608000,4.6305,4.6465,4.6105,4.6175,362,360
1741611600,4.6175,4.6175,4.5875,4.5875,398,350
1741615200,4.5875,4.6525,4.5785,4.6035,812,330
1741618800,4.6035,4.6685,4.5485,4.6594999999999995,1793,300
1741622400,4.6594999999999995,4.6615,4.4705,4.4775,2428,310
1741626000,4.4775,4.5515,4.4675,4.5075,1878,250
1741629600,4.5075,4.5565,4.4955,4.5555,1311,260
1741633200,4.5555,4.6055,4.5165,4.5945,1371,250
1741636800,4.5945,4.5955,4.5095,4.5155,1008,260
1741640400,4.5165,4.5585,4.5045,4.5125,1104,250
1741644000,4.5125,4.5145,4.5045,4.5085,297,280
1741647600,4.5085,4.5205,4.4585,4.4605,274,280
1741654800,4.4765,4.4855,4.4695,4.4725,130,350
1741658400,4.4725,4.4725,4.4485,4.4525,138,320
1741662000,4.4525,4.4775,4.4495000000000005,4.4575,176,310
1741665600,4.4575,4.4635,4.4395,4.4435,188,310
1741669200,4.4435,4.4725,4.4425,4.4665,229,310
1741672800,4.4665,4.4885,4.4645,4.4795,186,310
1741676400,4.4795,4.4805,4.4545,4.4675,158,290
1741680000,4.4675,4.4835,4.4475,4.4775,200,300
1741683600,4.4775,4.5184999999999995,4.4775,4.5115,329,300
1741687200,4.5105,4.5235,4.4955,4.5175,260,290
1741690800,4.5175,4.5175,4.4905,4.4995,245,270
1741694400,4.4995,4.5445,4.4985,4.5335,295,280
1741698000,4.5335,4.5455,4.4875,4.5195,536,270
1741701600,4.5205,4.5915,4.5205,4.5765,831,260
1741705200,4.5765,4.6085,4.5235,4.5865,1516,240
1741708800,4.5895,4.5995,4.4395,4.4505,1876,240
1741712400,4.4505,4.5155,4.4195,4.4275,1427,240
1741716000,4.4254999999999995,4.5344999999999995,4.4055,4.5305,1557,250
1741719600,4.5305,4.5385,4.4755,4.4965,1078,250
1741723200,4.4955,4.4965,4.4505,4.4945,730,270
1741726800,4.4935,4.4995,4.4415,4.4425,815,250
1741730400,4.4425,4.4425,4.3995,4.4125,575,270
1741734000,4.4125,4.4145,4.3545,4.3555,353,280
1741741200,4.3675,4.3805,4.3545,4.3795,178,340
1741744800,4.3795,4.3815,4.3625,4.3685,144,310
1741748400,4.3685,4.3725,4.3395,4.3595,222,300
1741752000,4.3595,4.3725,4.3525,4.3615,197,300
1741755600,4.3615,4.3775,4.3575,4.3655,145,310
1741759200,4.3655,4.3865,4.3605,4.3815,184,300
1741762800,4.3815,4.3835,4.3695,4.3725,124,310
1741766400,4.3725,4.3795,4.3595,4.3615,160,310
1741770000,4.3615,4.3685,4.3405000000000005,4.3565,264,300
1741773600,4.3565,4.4055,4.3535,4.4055,277,290
1741777200,4.4055,4.4075,4.3795,4.3895,254,280
1741780800,4.3905,4.3985,4.3545,4.3635,274,280
1741784400,4.3635,4.3645,4.3305,4.3395,378,280
1741788000,4.3395,4.3595,4.3095,4.3135,477,270
1741791600,4.3135,4.3365,4.2665,4.2675,1102,240
1741795200,4.2675,4.2775,4.2055,4.2195,1617,240
1741798800,4.2195,4.2405,4.1715,4.1875,1040,250
1741802400,4.1875,4.2115,4.1745,4.1825,859,260
1741806000,4.1815,4.1915,4.1265,4.1335,843,260
1741809600,4.1325,4.1975,4.1315,4.1635,916,270
1741813200,4.1635,4.1745,4.0985,4.1245,1210,270
1741816800,4.1245,4.1245,4.1015,4.1035,427,270
1741820400,4.1035,4.1055,4.0425,4.0445,335,270
1741827600,4.0605,4.0665,4.0375,4.0405,173,340
1741831200,4.0405,4.0535,4.0315,4.0535,121,320
1741834800,4.0535,4.0595,4.0405,4.0555,188,310
1741838400,4.0555,4.0725,4.0475,4.0715,170,320
1741842000,4.0725,4.0885,4.0695,4.0745,168,310
1741845600,4.0745,4.0945,4.0705,4.0875,215,310
1741849200,4.0875,4.0925,4.0775,4.0865,126,320
1741852800,4.0865,4.1005,4.0825,4.0835,140,300
1741856400,4.0835,4.1085,4.0825,4.0875,247,290
1741860000,4.0875,4.1025,4.0785,4.0985,203,290
1741863600,4.0985,4.1115,4.0865,4.1005,216,280
1741867200,4.1005,4.1325,4.0925,4.1305,278,280
1741870800,4.1305,4.1625,4.1245,4.1515,336,270
1741874400,4.1525,4.1585,4.0535,4.0595,759,260
1741878000,4.0595,4.0765,3.9925,4.0125,1364,240
1741881600,4.0125,4.0675,4.0065,4.0365,1481,210
1741885200,4.0355,4.2115,4.0265,4.1805,2350,220
1741888800,4.1805,4.2035,4.1425,4.1565,1244,210
1741892400,4.1565,4.2365,4.1555,4.2185,1113,210
1741896000,4.2185,4.2195,4.1725,4.2115,545,230
1741899600,4.2115,4.2235,4.1045,4.1135,745,230
1741903200,4.1135,4.1175,4.0815,4.0835,268,220
1741906800,4.0835,4.0985,4.0595,4.0645,248,240
1741914000,4.0865,4.0945,4.0535,4.0625,157,270
1741917600,4.0625,4.0705,4.0595,4.0695,133,260
1741921200,4.0705,4.0735,4.0535,4.0555,148,240
1741924800,4.0555,4.0915,4.0525,4.0915,210,230
1741928400,4.0915,4.0925,4.0745,4.0805,144,260
1741932000,4.0805,4.0885,4.0805,4.0835,71,260
1741935600,4.0835,4.0835,4.0735,4.0795,95,260
1741939200,4.0795,4.1005,4.0675,4.0955,177,260
1741942800,4.0955,4.1165,4.0835,4.1145,295,250
1741946400,4.1155,4.1215,4.1025,4.1075,238,240
1741950000,4.1075,4.1295,4.1025,4.1215,235,240
1741953600,4.1215,4.1455,4.1175,4.1375,198,240
1741957200,4.1375,4.1385,4.0675,4.0845,426,220
1741960800,4.0845,4.1075,4.0685,4.0745,558,230
1741964400,4.0745,4.1155,4.0665,4.0775,862,220
1741968000,4.0755,4.0845,4.0125,4.0245,1106,210
1741971600,4.0245,4.1255,4.0095,4.0735,1450,220
1741975200,4.0735,4.0825,4.0405,4.0615,821,220
1741978800,4.0615,4.1175,4.0555,4.0865,835,220
1741982400,4.0865,4.1835,4.0815,4.1455,939,220
1741986000,4.1455,4.1655,4.1265,4.1475,470,230
1741989600,4.1475,4.1625,4.1465,4.1505,219,230
1741993200,4.1505,4.1505,4.1105,4.1155,164,240
1742173200,4.1875,4.1905,4.1475,4.1585,324,240
1742176800,4.1585,4.1635,4.1475,4.1625,124,250
1742180400,4.1625,4.1865,4.1605,4.1754999999999995,128,250
1742184000,4.1754999999999995,4.2165,4.1754999999999995,4.1935,236,250
1742187600,4.1935,4.1935,4.1725,4.1855,146,260
1742191200,4.1855,4.1915,4.1725,4.1745,115,260
1742194800,4.1745,4.1754999999999995,4.1555,4.1675,165,240
1742198400,4.1665,4.1715,4.1535,4.1605,159,250
1742202000,4.1605,4.2085,4.1485,4.2075,353,250
1742205600,4.2085,4.2205,4.2055,4.2205,262,250
1742209200,4.2185,4.2365,4.2075,4.2085,253,230
1742212800,4.2085,4.2125,4.1955,4.2065,193,240
1742216400,4.2065,4.2345,4.2025,4.2315,293,240
1742220000,4.2335,4.2565,4.2055,4.2385,479,230
1742223600,4.2375,4.2415,4.0975,4.0985,1359,220
1742227200,4.0985,4.1025,4.0635,4.0805,1411,220
1742230800,4.0805,4.1355,4.0785,4.0965,958,230
1742234400,4.0965,4.1205,4.0875,4.0915,763,230
1742238000,4.0915,4.1295,4.0735,4.1245,725,230
1742241600,4.1245,4.1425,4.0825,4.0995,490,230
1742245200,4.0995,4.1145,4.0255,4.0375,528,220
1742248800,4.0375,4.0475,4.0375,4.0435,169,230
1742252400,4.0435,4.0515,4.0265,4.0345,189,240
1742259600,4.0715,4.0715,4.0415,4.0495,149,270
1742263200,4.0495,4.0575,4.0455,4.0575,113,260
1742266800,4.0565,4.0725,4.0515,4.0715,128,260
1742270400,4.0715,4.0725,4.0605,4.0685,111,260
1742274000,4.0685,4.0795,4.0685,4.0725,87,260
1742277600,4.0725,4.0835,4.0695,4.0695,110,260
1742281200,4.0695,4.0825,4.0695,4.0775,113,260
1742284800,4.0775,4.0955,4.0775,4.0855,139,260
1742288400,4.0855,4.0855,4.0345,4.0365,298,250
1742292000,4.0365,4.0495,4.0345,4.0395,226,250
1742295600,4.0395,4.0475,4.0285,4.0315,285,240
1742299200,4.0315,4.0375,4.0235,4.0255,181,230
1742302800,4.0255,4.0455,4.0245,4.0345,324,240
1742306400,4.0345,4.0585,4.0245,4.0325,367,230
1742310000,4.0325,4.1305,4.0275,4.1105,1069,230
1742313600,4.1105,4.1475,4.1005,4.1305,1069,220
1742317200,4.1305,4.1585,4.1035,4.1395,717,230
1742320800,4.1385,4.1595,4.1155,4.1175,627,230
1742324400,4.1175,4.1505,4.1075,4.1435,556,230
1742328000,4.1435,4.1685,4.1305,4.1545,433,230
1742331600,4.1545,4.1655,4.0905,4.0995,555,230
1742335200,4.0995,4.1055,4.0785,4.0785,192,240
1742338800,4.0785,4.1075,4.0765,4.0855,188,240
1742346000,4.1045,4.1095,4.0905,4.0975,121,270
1742349600,4.0975,4.0995,4.0935,4.0985,93,270
1742353200,4.0995,4.1005,4.0865,4.0985,116,260
1742356800,4.0985,4.1195,4.0965,4.1185,133,260
1742360400,4.1185,4.1265,4.1135,4.1175,128,250
1742364000,4.1175,4.1255,4.1135,4.1225,106,260
1742367600,4.1225,4.1275,4.1125,4.1265,107,250
1742371200,4.1265,4.1285,4.1215,4.1225,96,260
1742374800,4.1225,4.1335,4.1155,4.1175,174,260
1742378400,4.1175,4.1385,4.1165,4.1265,210,240
1742382000,4.1265,4.1295,4.1135,4.1195,190,230
1742385600,4.1205,4.1565,4.1195,4.1565,183,230
1742389200,4.1565,4.1785,4.1535,4.1754999999999995,229,230
1742392800,4.1765,4.2305,4.1745,4.2185,470,230
1742396400,4.2185,4.2305,4.1595,4.2005,943,220
1742400000,4.2005,4.2165,4.1735,4.1915,1074,230
1742403600,4.1915,4.2235,4.1675,4.2085,904,230
1742407200,4.2085,4.2235,4.1915,4.1955,678,230
1742410800,4.1955,4.2885,4.1935,4.2685,979,210
1742414400,4.2685,4.2745,4.2265,4.2285,631,230
1742418000,4.2285,4.3065,4.2205,4.2655,802,230
1742421600,4.2655,4.2815,4.2555,4.2625,267,220
1742425200,4.2625,4.2735,4.2395,4.2455,199,240
1742432400,4.2665,4.2725,4.2455,4.2495,176,270
1742436000,4.2495,4.2525,4.2435,4.2455,96,260
1742439600,4.2455,4.2535,4.2335,4.2445,149,250
1742443200,4.2445,4.2595,4.2445,4.2545,103,260
1742446800,4.2555,4.2665,4.2555,4.2555,85,260
1742450400,4.2555,4.2555,4.2395,4.2465,90,260
1742454000,4.2475,4.2495,4.2455,4.2455,53,270
1742457600,4.2455,4.2545,4.2365,4.2465,133,250
1742461200,4.2465,4.2685,4.2425,4.2475,254,250
1742464800,4.2475,4.2515,4.2325,4.2385,163,250
1742468400,4.2385,4.2425,4.2185,4.2245,150,240
1742472000,4.2245,4.2415,4.2205,4.2385,132,240
1742475600,4.2385,4.2605,4.2205,4.2255,316,230
1742479200,4.2255,4.3015,4.2235,4.2875,446,230
1742482800,4.2875,4.2995,4.2205,4.2295,868,210
1742486400,4.2265,4.2265,4.1585,4.1655,1329,220
1742490000,4.1655,4.2045,4.0985,4.1245,1616,220
1742493600,4.1245,4.1285,4.0835,4.0885,1148,220
1742497200,4.0885,4.1105,4.0575,4.0705,755,230
1742500800,4.0705,4.0765,4.0355,4.0455,542,230
1742504400,4.0465,4.0605,4.0205,4.0455,657,220
1742508000,4.0455,4.0575,4.0375,4.0415,177,240
1742511600,4.0405,4.0435,3.9995000000000003,3.9995000000000003,173,240
1742518800,4.0335,4.0365,4.0105,4.0195,142,270
1742522400,4.0195,4.0205,3.9845,3.9925,179,260
1742526000,3.9925,4.0045,3.9855,3.9955,213,250
1742529600,3.9955,4.0025,3.9325,3.9505,273,240
1742533200,3.9505,3.9535,3.9285,3.9345,269,250
1742536800,3.9345,3.9825,3.9345,3.9805,333,260
1742540400,3.9805,3.9805,3.9515000000000002,3.9635,170,260
1742544000,3.9645,3.9705,3.9555,3.9695,190,260
1742547600,3.9705,3.9775,3.9445,3.9585,351,240
1742551200,3.9585,3.9805,3.9565,3.9655,245,250
1742554800,3.9645,3.9885,3.9625,3.9815,255,240
1742558400,3.9815,3.9905,3.9675000000000002,3.9685,203,240
1742562000,3.9685,3.9945,3.9635,3.9725,303,230
1742565600,3.9725,3.9905,3.9595000000000002,3.9735,433,230
1742569200,3.9735,4.0545,3.9445,4.0355,1204,210
1742572800,4.0355,4.0815,4.0025,4.0725,1518,220
1742576400,4.0725,4.0855,4.0175,4.0345,850,220
1742580000,4.0345,4.0505,4.0165,4.0375,609,230
1742583600,4.0375,4.0585,4.0035,4.0065,648,260
1742587200,4.0065,4.0395,3.9975,4.0245,501,240
1742590800,4.0245,4.0285,3.9825,3.9915000000000003,525,270
1742594400,3.9915000000000003,3.9995000000000003,3.9765,3.9845,229,260
1742598000,3.9845,4.0045,3.9735,3.9755000000000003,219,280
1742778000,3.9245,3.9475,3.9154999999999998,3.9405,212,300
1742781600,3.9405,3.9405,3.9325,3.9395,73,310
1742785200,3.9395,3.9565,3.9395,3.9545,111,310
1742788800,3.9545,3.9685,3.9475,3.9675000000000002,142,300
1742792400,3.9675000000000002,3.9755000000000003,3.9655,3.9695,98,320
1742796000,3.9695,3.9815,3.9635,3.9785,134,310
1742799600,3.9785,3.9805,3.9735,3.9775,102,300
1742803200,3.9775,3.9795,3.9715,3.9745,129,320
1742806800,3.9745,3.9975,3.9745,3.9955,221,310
1742810400,3.9955,4.0045,3.9885,3.9975,143,290
1742814000,3.9975,4.0035,3.9805,3.9825,163,280
1742817600,3.9825,3.9865,3.9715,3.9725,156,280
1742821200,3.9735,4.0045,3.9695,3.9705,316,280
1742824800,3.9705,3.9935,3.9495,3.9655,473,260
1742828400,3.9655,4.0045,3.9425,3.9735,847,250
1742832000,3.9735,4.0555,3.9715,4.0215,1194,250
1742835600,4.0215,4.0315,3.9545,4.0135,1169,250
1742839200,4.0135,4.0345,3.9985,4.0015,543,250
1742842800,4.0015,4.0065,3.9785,3.9965,566,260
1742846400,3.9965,3.9965,3.9695,3.9755000000000003,537,280
1742850000,3.9755000000000003,3.9845,3.9455,3.9575,468,270
1742853600,3.9575,3.9695,3.9495,3.9525,228,270
1742857200,3.9525,3.9555,3.9285,3.9295,163,280
1742864400,3.9575,3.9615,3.9475,3.9555,126,350
1742868000,3.9555,3.9705,3.9495,3.9555,120,310
1742871600,3.9555,3.9585,3.9375,3.9415,138,310
1742875200,3.9415,3.9775,3.9405,3.9735,162,320
1742878800,3.9735,3.9805,3.9665,3.9725,117,310
1742882400,3.9725,3.9825,3.9675000000000002,3.9775,106,320
1742886000,3.9775,3.9795,3.9575,3.9645,116,310
1742889600,3.9645,3.9715,3.9475,3.9495,140,310
1742893200,3.9495,3.9775,3.9455,3.9665,180,310
1742896800,3.9665,3.9785,3.9615,3.9675000000000002,165,290
1742900400,3.9675000000000002,3.9725,3.9515000000000002,3.9645,177,280
1742904000,3.9645,4.0035,3.9605,3.9975,195,280
1742907600,3.9975,4.0105,3.9895,3.9945,288,280
1742911200,3.9955,4.0015,3.9745,3.9935,411,260
1742914800,3.9935,4.0295,3.9645,3.9675000000000002,886,240
1742918400,3.9675000000000002,4.0125,3.9645,3.9775,977,260
1742922000,3.9775,3.9805,3.9295,3.9314999999999998,632,250
1742925600,3.9314999999999998,3.9405,3.9115,3.9225,757,260
1742929200,3.9225,3.9605,3.9055,3.9195,601,250
1742932800,3.9195,3.9195,3.8435,3.8505000000000003,874,260
1742936400,3.8505000000000003,3.9074999999999998,3.8395,3.8985,921,270
1742940000,3.8985,3.9065,3.8875,3.8994999999999997,266,270
1742943600,3.8994999999999997,3.9185,3.8935,3.8955,213,280
1742950800,3.9154999999999998,3.9255,3.9095,3.9185,137,350
1742954400,3.9185,3.9355,3.9145,3.9165,189,320
1742958000,3.9165,3.9385,3.9145,3.9275,187,310
1742961600,3.9265,3.9365,3.9234999999999998,3.9355,137,310
1742965200,3.9355,3.9425,3.9255,3.9335,165,300
1742968800,3.9335,3.9385,3.9215,3.9245,148,310
1742972400,3.9245,3.9305,3.9205,3.9225,96,310
1742976000,3.9234999999999998,3.9355,3.9225,3.9234999999999998,111,310
1742979600,3.9234999999999998,3.9555,3.9225,3.9515000000000002,226,310
1742983200,3.9515000000000002,3.9515000000000002,3.9365,3.9425,144,290
1742986800,3.9415,3.9605,3.9415,3.9555,187,280
1742990400,3.9555,3.9555,3.9185,3.9275,230,280
1742994000,3.9275,3.9275,3.9035,3.9205,252,280
1742997600,3.9215,3.9215,3.8745000000000003,3.8865,367,260
1743001200,3.8865,3.8965,3.8535,3.8875,731,250
1743004800,3.8875,3.9425,3.8865,3.9175,1112,250
1743008400,3.9175,3.9435000000000002,3.9005,3.9065,693,260
1743012000,3.9065,3.9345,3.8955,3.9105,537,250
1743015600,3.9105,3.9615,3.8965,3.9535,602,250
1743019200,3.9535,3.9715,3.8715,3.8895,854,260
1743022800,3.8895,3.9185,3.8665000000000003,3.8785,1109,260
1743026400,3.8785,3.8825,3.8675,3.8695,262,270
1743030000,3.8695,3.8805,3.8625,3.8635,130,290
1743037200,3.8845,3.8855,3.8715,3.8754999999999997,113,350
1743040800,3.8754999999999997,3.8825,3.8275,3.8815,73,320
1743044400,3.8815,3.8975,3.8815,3.8905,156,310
1743048000,3.8914999999999997,3.8914999999999997,3.8754999999999997,3.8785,90,320
1743051600,3.8785,3.8845,3.8785,3.8834999999999997,87,310
1743055200,3.8834999999999997,3.8985,3.8805,3.8865,110,310
1743058800,3.8865,3.8895,3.8775,3.8845,112,310
1743062400,3.8855,3.8885,3.8805,3.8825,112,310
1743066000,3.8815,3.8815,3.7805,3.7815,541,300
1743069600,3.7805,3.7815,3.7575,3.7705,328,280
1743073200,3.7705,3.7865,3.7635,3.7795,320,280
1743076800,3.7795,3.7824999999999998,3.7655,3.7815,215,270
1743080400,3.7815,3.8095,3.7805,3.8045,277,280
1743084000,3.8055,3.8155,3.7975,3.8105,280,240
1743087600,3.8105,3.8665000000000003,3.8045,3.8435,837,250
1743091200,3.8435,3.9095,3.8415,3.8745000000000003,1263,240
1743094800,3.8745000000000003,3.8895,3.8345000000000002,3.8355,1247,220
1743098400,3.8355,3.9145,3.8335,3.9115,800,220
1743102000,3.9115,3.9575,3.9115,3.9425,898,220
1743105600,3.9425,3.9795,3.9185,3.9795,618,230
1743109200,3.9795,3.9795,3.9245,3.9575,861,230
1743112800,3.9575,3.9595000000000002,3.9295,3.9295,213,240
1743116400,3.9305,3.9395,3.9215,3.9265,122,240
1743123600,3.9455,3.9455,3.9105,3.9105,4,290
1743127200,3.9345,3.9445,3.9335,3.9445,45,420
1743130800,3.9445,3.9525,3.9415,3.9465,107,260
1743134400,3.9465,3.9505,3.9365,3.9395,116,260
1743138000,3.9395,3.9445,3.9255,3.9395,147,250
1743141600,3.9395,3.9415,3.9355,3.9365,102,260
1743145200,3.9365,3.9535,3.9295,3.9455,138,260
1743148800,3.9465,3.9465,3.9355,3.9375,132,260
1743152400,3.9375,3.9515000000000002,3.9215,3.9475,217,240
1743156000,3.9475,3.9485,3.9225,3.9285,294,240
1743159600,3.9285,3.9435000000000002,3.9205,3.9345,202,230
1743163200,3.9345,3.9385,3.9295,3.9305,154,240
1743166800,3.9305,3.9345,3.8885,3.8975,289,240
1743170400,3.8975,3.9285,3.8695,3.9255,477,220
1743174000,3.9255,3.9675000000000002,3.9074999999999998,3.9665,851,220
1743177600,3.9665,3.9725,3.9045,3.9105,1126,230
1743181200,3.9105,3.9485,3.8834999999999997,3.9425,877,230
1743184800,3.9425,3.9655,3.9305,3.9595000000000002,642,230
1743188400,3.9595000000000002,4.0715,3.9595000000000002,4.0515,1151,230
1743192000,4.0515,4.1075,4.0315,4.1045,739,230
1743195600,4.1045,4.1085,4.0795,4.0855,647,240
1743199200,4.0855,4.1085,4.0845,4.1045,201,240
1743202800,4.1045,4.1235,4.0865,4.0985,229,240
1743382800,4.2135,4.2385,4.1935,4.2015,319,250
1743386400,4.2005,4.2045,4.1845,4.1865,133,240
1743390000,4.1865,4.1875,4.1754999999999995,4.1754999999999995,106,250
1743393600,4.1765,4.1895,4.1765,4.1875,121,260
1743397200,4.1865,4.1895,4.1825,4.1865,70,260
1743400800,4.1865,4.2015,4.1845,4.1955,127,260
1743404400,4.1945,4.2005,4.1915,4.1945,109,260
1743408000,4.1945,4.2095,4.1945,4.2035,114,260
1743411600,4.2035,4.2305,4.2035,4.2205,282,250
1743415200,4.2205,4.2385,4.2205,4.2325,182,240
1743418800,4.2335,4.2335,4.2195,4.2295,146,230
1743422400,4.2295,4.2395,4.2105,4.2375,195,240
1743426000,4.2375,4.2655,4.2275,4.2345,304,220
1743429600,4.2345,4.2355,4.1915,4.2025,613,220
1743433200,4.2025,4.2765,4.1955,4.2425,1271,230
1743436800,4.2425,4.2665,4.1665,4.1785,1627,210
1743440400,4.1785,4.2045,4.1445,4.1585,1456,220
1743444000,4.1585,4.1715,4.1345,4.1625,856,220
1743447600,4.1625,4.1765,4.0945,4.1025,788,220
1743451200,4.1025,4.1605,4.1025,4.1245,528,230
1743454800,4.1245,4.1705,4.1115,4.1595,620,230
1743458400,4.1595,4.1725,4.1505,4.1655,232,230
1743462000,4.1655,4.1715,4.1395,4.1445,143,240
1743469200,4.1675,4.1735,4.1595,4.1625,112,280
1743472800,4.1625,4.1675,4.1435,4.1575,115,260
1743476400,4.1575,4.1725,4.1575,4.1705,106,260
1743480000,4.1705,4.1835,4.1705,4.1745,112,250
1743483600,4.1745,4.1795,4.1725,4.1745,95,260
1743487200,4.1745,4.1775,4.1715,4.1775,87,260
1743490800,4.1754999999999995,4.1865,4.1745,4.1825,75,260
1743494400,4.1825,4.1865,4.1795,4.1805,116,260
1743498000,4.1815,4.1825,4.1495,4.1695,259,250
1743501600,4.1695,4.1715,4.1455,4.1495,204,230
1743505200,4.1495,4.1535,4.1355,4.1355,173,240
1743508800,4.1355,4.1385,4.1155,4.1225,195,220
1743512400,4.1225,4.1315,4.1095,4.1155,295,230
1743516000,4.1155,4.1535,4.0885,4.1355,492,220
1743519600,4.1355,4.1765,4.1095,4.1135,933,220
1743523200,4.1135,4.1155,4.0595,4.0935,1020,220
1743526800,4.0935,4.1055,4.0475,4.0645,934,220
1743530400,4.0645,4.0865,4.0375,4.0545,770,220
1743534000,4.0545,4.0805,4.0165,4.0205,646,210
1743537600,4.0205,4.0405,4.0025,4.0085,414,220
1743541200,4.0085,4.0165,3.9805,4.0015,538,230
1743544800,4.0015,4.0085,3.9945,4.0025,162,220
1743548400,4.0025,4.0045,3.9705,3.9765,134,240
1743555600,4.0035,4.0075,3.9975,4.0035,79,280
1743559200,4.0035,4.0095,4.0005,4.0075,84,270
1743562800,4.0095,4.0145,3.9995000000000003,3.9995000000000003,135,250
1743566400,4.0005,4.0105,3.9865,3.9975,136,250
1743570000,3.9975,4.0035,3.9945,4.0015,90,260
1743573600,4.0015,4.0025,3.9935,3.9955,119,260
1743577200,3.9965,4.0015,3.9915000000000003,4.0015,96,270
1743580800,4.0015,4.0035,3.9965,3.9985,97,250
1743584400,3.9985,4.0265,3.9975,4.0225,223,250
1743588000,4.0225,4.0295,4.0195,4.0265,144,240
1743591600,4.0265,4.0265,4.0115,4.0165,112,240
1743595200,4.0165,4.0335,4.0155,4.0245,145,240
1743598800,4.0245,4.0495,4.0245,4.0395,202,240
1743602400,4.0395,4.0505,4.0135,4.0255,498,220
1743606000,4.0255,4.0885,4.0185,4.0585,847,230
1743609600,4.0585,4.0955,4.0505,4.0935,971,230
1743613200,4.0935,4.1145,4.0845,4.0975,705,220
1743616800,4.0975,4.1325,4.0935,4.1065,657,230
1743620400,4.1065,4.1145,4.0905,4.0925,444,230
1743624000,4.0925,4.1145,4.0745,4.1005,388,230
1743627600,4.1005,4.1195,4.0825,4.0875,425,230
1743631200,4.0875,4.0875,4.0635,4.0715,178,230
1743634800,4.0715,4.0775,4.0415,4.0425,204,280
1743642000,4.0655,4.0655,4.0235,4.0455,243,330
1743645600,4.0455,4.0495,4.0345,4.0435,132,320
1743649200,4.0435,4.0585,4.0295,4.0575,182,300
1743652800,4.0575,4.0575,4.0435,4.0475,160,300
1743656400,4.0485,4.0515,4.0425,4.0435,92,300
1743660000,4.0435,4.0525,4.0425,4.0475,134,310
1743663600,4.0475,4.0525,4.0455,4.0485,94,310
1743667200,4.0485,4.0595,4.0335,4.0575,140,310
1743670800,4.0575,4.0575,4.0375,4.0385,276,290
1743674400,4.0385,4.0775,4.0225,4.0735,367,270
1743678000,4.0735,4.0915,4.0675,4.0775,281,280
1743681600,4.0785,4.1085,4.0745,4.1075,314,270
1743685200,4.1075,4.1185,4.0965,4.1005,341,260
1743688800,4.1005,4.1885,4.0965,4.1685,756,250
1743692400,4.1685,4.2045,4.1555,4.1615,939,240
1743696000,4.1615,4.2485,4.1615,4.2325,1301,260
1743699600,4.2325,4.2385,4.1675,4.2005,1195,250
1743703200,4.2005,4.2165,4.1665,4.1795,763,250
1743706800,4.1795,4.1995000000000005,4.1645,4.1754999999999995,534,250
1743710400,4.1754999999999995,4.1905,4.1635,4.1835,446,260
1743714000,4.1835,4.1885,4.1305,4.1335,747,270
1743717600,4.1335,4.1665,4.1305,4.1645,299,280
1743721200,4.1645,4.1645,4.1385,4.1465,164,280
1743728400,4.1625,4.1715,4.1535,4.1705,135,350
1743732000,4.1705,4.1955,4.1705,4.1915,154,320
1743735600,4.1915,4.1975,4.1795,4.1795,117,310
1743739200,4.1795,4.1825,4.1645,4.1695,135,310
1743742800,4.1695,4.1725,4.1595,4.1625,97,300
1743746400,4.1615,4.1795,4.1615,4.1795,161,310
1743750000,4.1795,4.1845,4.1445,4.1615,255,300
1743753600,4.1615,4.1645,4.1485,4.1575,136,300
1743757200,4.1575,4.1745,4.1465,4.1485,256,290
1743760800,4.1485,4.1505,4.1205,4.1235,193,290
1743764400,4.1235,4.1385,4.1195,4.1335,178,280
1743768000,4.1335,4.1465,4.1295,4.1345,177,260
1743771600,4.1345,4.1735,4.1215,4.1625,393,260
1743775200,4.1625,4.1895,4.0755,4.0755,767,240
1743778800,4.0755,4.1005,3.9945,4.0305,1578,230
1743782400,4.0295,4.0295,3.8994999999999997,3.9635,2318,250
1743786000,3.9625,3.9685,3.9175,3.9295,1317,240
1743789600,3.9295,4.0075,3.9265,3.9265,1303,260
1743793200,3.9275,3.9314999999999998,3.8795,3.9085,850,260
1743796800,3.9085,3.9625,3.8765,3.8865,1178,260
1743800400,3.8855,3.9125,3.8715,3.8775,890,270
1743804000,3.8775,3.8785,3.8595,3.8754999999999997,400,270
1743807600,3.8754999999999997,3.8795,3.8465,3.8505000000000003,210,280
1743987600,3.8475,3.8475,3.7275,3.7555,517,330
1743991200,3.7555,3.7945,3.7495000000000003,3.7855,237,310
1743994800,3.7865,3.8045,3.7865,3.8015,293,310
1743998400,3.8015,3.8285,3.8015,3.8195,182,310
1744002000,3.8195,3.8385,3.8125,3.8295,171,310
1744005600,3.8295,3.8325,3.8085,3.8145,157,310
1744009200,3.8135,3.8135,3.8015,3.8125,135,310
1744012800,3.8125,3.8125,3.7984999999999998,3.8025,172,310
1744016400,3.8025,3.8075,3.7885,3.7975,187,290
1744020000,3.7975,3.7995,3.7904999999999998,3.7975,172,280
1744023600,3.7984999999999998,3.8165,3.7925,3.7925,229,280
1744027200,3.7925,3.7925,3.7645,3.7655,185,280
1744030800,3.7655,3.8365,3.7655,3.8295,387,270
1744034400,3.8305,3.9245,3.8205,3.9074999999999998,660,260
1744038000,3.9065,3.9755000000000003,3.8505000000000003,3.9085,1591,250
1744041600,3.9085,3.9395,3.8145,3.8435,1921,250
1744045200,3.8425000000000002,3.9745,3.8345000000000002,3.8505000000000003,2613,250
1744048800,3.8505000000000003,3.8925,3.8155,3.8385,1367,250
1744052400,3.8385,3.8715,3.7725,3.7755,1035,260
1744056000,3.7765,3.7975,3.7535,3.7625,1285,270
1744059600,3.7625,3.7705,3.6535,3.6595,1201,260
1744063200,3.6595,3.6855,3.6435,3.6805,546,270
1744066800,3.6805,3.6945,3.6485,3.6515,267,270
1744074000,3.6695,3.6825,3.6645,3.6785,139,490
1744077600,3.6785,3.6885,3.6755,3.6814999999999998,110,420
1744081200,3.6814999999999998,3.7165,3.6795,3.7095000000000002,205,410
1744084800,3.7095000000000002,3.7135,3.6865,3.6925,157,410
1744088400,3.6925,3.7035,3.6895,3.7015000000000002,88,420
1744092000,3.7015000000000002,3.7245,3.6955,3.7155,159,420
1744095600,3.7155,3.7155,3.7045,3.7105,127,400
1744099200,3.7105,3.7235,3.7095000000000002,3.7165,138,420
1744102800,3.7165,3.7225,3.7065,3.7205,173,370
1744106400,3.7195,3.7245,3.6775,3.6825,185,350
1744110000,3.6805,3.6925,3.6745,3.6785,133,360
1744113600,3.6785,3.7035,3.6765,3.6865,213,360
1744117200,3.6875,3.6965,3.6685,3.6805,208,310
1744120800,3.6805,3.7575,3.6705,3.7535,524,320
1744124400,3.7525,3.8035,3.7415000000000003,3.7955,1057,250
1744128000,3.7955,3.8335,3.7615,3.7765,1665,240
1744131600,3.7765,3.7855,3.6135,3.6574999999999998,1716,250
1744135200,3.6574999999999998,3.6855,3.5985,3.6395,1417,240
1744138800,3.6395,3.6455,3.5725,3.5765000000000002,932,260
1744142400,3.5785,3.5915,3.5315,3.5355,1149,280
1744146000,3.5345,3.5795,3.5095,3.5705,1181,290
1744149600,3.5705,3.5725,3.5205,3.5385,473,290
1744153200,3.5385,3.5505,3.5045,3.5055,250,300
1744160400,3.5125,3.5185,3.4985,3.5115,115,600
1744164000,3.5115,3.5205,3.5015,3.5185,105,500
1744167600,3.5185,3.5375,3.5185,3.5295,175,480
1744171200,3.5295,3.5365,3.5185,3.5244999999999997,126,490
1744174800,3.5244999999999997,3.5475,3.5244999999999997,3.5385,112,490
1744178400,3.5385,3.5404999999999998,3.5244999999999997,3.5305,98,490
1744182000,3.5305,3.5375,3.5255,3.5315,108,490
1744185600,3.5315,3.5425,3.5305,3.5404999999999998,135,490
1744189200,3.5404999999999998,3.5425,3.5244999999999997,3.5415,170,420
1744192800,3.5415,3.5585,3.5355,3.5415,219,410
1744196400,3.5415,3.5435,3.5225,3.5265,164,410
1744200000,3.5265,3.5415,3.5004999999999997,3.5365,201,400
1744203600,3.5365,3.5915,3.5355,3.5875,343,370
1744207200,3.5875,3.5875,3.4475,3.4575,940,340
1744210800,3.4585,3.4855,3.3955,3.4395,1363,350
1744214400,3.4385,3.5755,3.4195,3.5335,2260,270
1744218000,3.5335,3.5335,3.4305,3.4395,1374,270
1744221600,3.4395,3.5745,3.4395,3.5595,1415,280
1744225200,3.5595,3.6055,3.5484999999999998,3.5795,995,260
1744228800,3.5795,3.8205,3.5635,3.8025,3253,280
1744232400,3.8025,3.8845,3.7575,3.8025,1976,370
1744236000,3.8025,3.8355,3.7895,3.8155,504,380
1744239600,3.8155,3.8285,3.7865,3.7875,214,410
1744246800,3.8025,3.8035,3.7715,3.7925,160,590
1744250400,3.7925,3.8055,3.7855,3.8025,136,490
1744254000,3.8025,3.8075,3.7835,3.7855,154,490
1744257600,3.7855,3.7965,3.7765,3.7795,161,480
1744261200,3.7795,3.8064999999999998,3.7775,3.7805,168,490
1744264800,3.7815,3.7865,3.7715,3.7735,100,490
1744268400,3.7735,3.7765,3.7625,3.7645,85,480
1744272000,3.7645,3.7675,3.7515,3.7615,127,490
1744275600,3.7625,3.8055,3.7605,3.7984999999999998,254,410
1744279200,3.7984999999999998,3.8015,3.7695,3.7705,207,290
1744282800,3.7705,3.7755,3.7655,3.7664999999999997,159,310
1744286400,3.7695,3.7875,3.7615,3.7635,232,310
1744290000,3.7635,3.8064999999999998,3.7625,3.8035,310,280
1744293600,3.8035,3.8185000000000002,3.7245,3.7625,760,270
1744297200,3.7605,3.8165,3.7225,3.8105,1359,280
1744300800,3.8095,3.8095,3.7035,3.7225,1833,270
1744304400,3.7225,3.7805,3.6734999999999998,3.6885,1933,270
1744308000,3.6885,3.6965,3.6075,3.6325,1576,270
1744311600,3.6325,3.6365,3.5705,3.6025,1198,280
1744315200,3.6025,3.6275,3.5365,3.5785,1310,290
1744318800,3.5785,3.6355,3.5765000000000002,3.5875,1360,290
1744322400,3.5875,3.6055,3.5865,3.5925000000000002,350,290
1744326000,3.5925000000000002,3.5945,3.5404999999999998,3.5435,189,310
1744333200,3.5665,3.5715,3.5575,3.5655,116,590
1744336800,3.5655,3.5655,3.5435,3.5635,127,500
1744340400,3.5635,3.5795,3.5545,3.5775,180,470
1744344000,3.5775,3.5785,3.5665,3.5735,127,480
1744347600,3.5745,3.5795,3.5564999999999998,3.5765000000000002,157,490
1744351200,3.5765000000000002,3.5895,3.5525,3.5805,212,470
1744354800,3.5805,3.5945,3.5745,3.5925000000000002,124,490
1744358400,3.5925000000000002,3.6095,3.5905,3.6095,120,490
1744362000,3.6105,3.6235,3.5965,3.6235,192,420
1744365600,3.6235,3.6334999999999997,3.6195,3.6205,207,410
1744369200,3.6205,3.6265,3.5835,3.6025,308,410
1744372800,3.6025,3.6065,3.5745,3.6055,301,410
1744376400,3.6055,3.6065,3.5545,3.5605,243,350
1744380000,3.5605,3.5885,3.5095,3.5155,516,340
1744383600,3.5155,3.5665,3.4675000000000002,3.5244999999999997,1067,340
1744387200,3.5244999999999997,3.6555,3.5084999999999997,3.6185,2118,270
1744390800,3.6185,3.6225,3.5355,3.5425,1573,270
1744394400,3.5425,3.5645,3.5164999999999997,3.5585,1194,270
1744398000,3.5585,3.5965,3.5435,3.5905,872,280
1744401600,3.5915,3.6375,3.5705,3.6095,1000,290
1744405200,3.6095,3.6334999999999997,3.5635,3.6115,978,300
1744408800,3.6115,3.6414999999999997,3.6115,3.6365,375,300
1744412400,3.6365,3.6455,3.5955,3.5955,184,300
1744592400,3.5815,3.5965,3.5585,3.5655,253,390
1744596000,3.5655,3.5655,3.5365,3.5585,193,360
1744599600,3.5585,3.5695,3.5575,3.5665,153,350
1744603200,3.5665,3.5665,3.5495,3.5615,127,350
1744606800,3.5615,3.5705,3.5575,3.5695,85,350
1744610400,3.5705,3.5725,3.5585,3.5615,69,350
1744614000,3.5635,3.5665,3.5595,3.5635,66,350
1744617600,3.5635,3.5735,3.5605,3.5715,101,350
1744621200,3.5715,3.5785,3.5635,3.5665,179,310
1744624800,3.5665,3.5685000000000002,3.5564999999999998,3.5625,166,310
1744628400,3.5625,3.5775,3.5585,3.5595,176,300
1744632000,3.5595,3.5785,3.5564999999999998,3.5785,163,310
1744635600,3.5785,3.5945,3.5545,3.5915,247,280
1744639200,3.5915,3.6285,3.5745,3.6215,570,250
1744642800,3.6225,3.6995,3.6205,3.6615,1045,270
1744646400,3.6605,3.7085,3.6465,3.6545,1592,270
1744650000,3.6545,3.6675,3.5885,3.5915,1179,280
1744653600,3.5915,3.5955,3.5385,3.5555,969,280
1744657200,3.5555,3.5635,3.5215,3.5255,728,260
1744660800,3.5255,3.5365,3.4845,3.4845,639,290
1744664400,3.4845,3.4885,3.4125,3.4535,807,290
1744668000,3.4535,3.4615,3.4345,3.4415,358,300
1744671600,3.4415,3.4485,3.4165,3.4165,171,310
1744678800,3.4395,3.4485,3.4365,3.4385,104,390
1744682400,3.4385,3.4515000000000002,3.4385,3.4495,80,350
1744686000,3.4495,3.4495,3.4395,3.4395,116,350
1744689600,3.4395,3.4485,3.4365,3.4405,93,350
1744693200,3.4405,3.4415,3.4385,3.4395,52,350
1744696800,3.4395,3.4605,3.4385,3.4605,116,350
1744700400,3.4585,3.4715,3.4575,3.4705,99,350
1744704000,3.4705,3.4705,3.4625,3.4665,94,350
1744707600,3.4665,3.4665,3.4445,3.4475,144,310
1744711200,3.4475,3.4545,3.4415,3.4495,183,310
1744714800,3.4495,3.4525,3.4405,3.4425,133,310
1744718400,3.4425,3.4685,3.4425,3.4675000000000002,176,310
1744722000,3.4675000000000002,3.4855,3.4605,3.4635,246,290
1744725600,3.4635,3.4665,3.3685,3.3725,625,260
1744729200,3.3715,3.3965,3.3265000000000002,3.3675,1013,270
1744732800,3.3665,3.4065,3.3455,3.3675,1307,270
1744736400,3.3675,3.4015,3.3495,3.3645,860,270
1744740000,3.3645,3.3795,3.3505,3.3725,650,280
1744743600,3.3725,3.4505,3.3705,3.4445,700,280
1744747200,3.4445,3.4525,3.3995,3.4295,831,290
1744750800,3.4295,3.4595000000000002,3.4175,3.4405,784,290
1744754400,3.4405,3.4435000000000002,3.4215,3.4234999999999998,218,290
1744758000,3.4234999999999998,3.4265,3.3975,3.3985,117,310
1744765200,3.4225,3.4245,3.4035,3.4045,137,400
1744768800,3.4045,3.4165,3.3985,3.4165,77,360
1744772400,3.4165,3.4245,3.3965,3.4065,160,340
1744776000,3.4065,3.4085,3.4005,3.4055,100,350
1744779600,3.4055,3.4055,3.3995,3.4005,72,350
1744783200,3.4015,3.4095,3.3995,3.4025,92,350
1744786800,3.4025,3.4185,3.4025,3.4145,114,340
1744790400,3.4145,3.4145,3.3975,3.3985,95,350
1744794000,3.3985,3.4045,3.3865,3.3915,150,310
1744797600,3.3915,3.3915,3.3795,3.3835,143,310
1744801200,3.3825,3.4035,3.3745,3.3845,232,310
1744804800,3.3845,3.3845,3.3635,3.3705,208,310
1744808400,3.3705,3.4165,3.3665,3.4105,233,280
1744812000,3.4095,3.4234999999999998,3.3825,3.3925,410,280
1744815600,3.3935,3.4145,3.3615,3.4025,847,260
1744819200,3.4005,3.4085,3.3545,3.3745,962,270
1744822800,3.3745,3.4035,3.3685,3.3715,591,280
1744826400,3.3715,3.4074999999999998,3.3315,3.4025,784,270
1744830000,3.4025,3.4295,3.3845,3.3845,786,270
1744833600,3.3845,3.4074999999999998,3.3545,3.3725,606,300
1744837200,3.3725,3.3855,3.3595,3.3715,516,300
1744840800,3.3715,3.3855,3.3685,3.3735,232,290
1744844400,3.3735,3.3905,3.3655,3.3705,164,310
1744851600,3.3965,3.3965,3.3775,3.3855,139,400
1744855200,3.3855,3.3885,3.3835,3.3845,75,360
1744858800,3.3845,3.3985,3.3785,3.3935,135,350
1744862400,3.3935,3.3995,3.3865,3.3955,106,350
1744866000,3.3955,3.4015,3.3955,3.4015,72,350
1744869600,3.4015,3.4065,3.3995,3.4035,82,350
1744873200,3.4035,3.4095,3.4025,3.4035,77,350
1744876800,3.4035,3.4065,3.3875,3.3905,95,350
1744880400,3.3905,3.4035,3.3855,3.4015,137,320
1744884000,3.4015,3.4125,3.3935,3.4105,155,310
1744887600,3.4105,3.4175,3.4065,3.4165,127,310
1744891200,3.4165,3.4165,3.3885,3.3905,133,310
1744894800,3.3895,3.4055,3.3745,3.4005,220,290
1744898400,3.4005,3.4115,3.3555,3.3655,524,280
1744902000,3.3655,3.3975,3.3355,3.3755,839,280
1744905600,3.3725,3.4035,3.3505,3.3965,1107,270
1744909200,3.3965,3.4765,3.3805,3.4265,1332,280
1744912800,3.4265,3.4375,3.3975,3.4305,766,280
1744916400,3.4305,3.4355,3.3845,3.3845,687,280
1744920000,3.3845,3.4185,3.3775,3.4025,576,270
1744923600,3.4035,3.4154999999999998,3.3785,3.3875,563,290
1744927200,3.3875,3.3965,3.3565,3.3585,196,300
1744930800,3.3585,3.3785,3.3585,3.3765,88,710
1745197200,3.3185000000000002,3.3245,3.3085,3.3185000000000002,98,570
1745200800,3.3185000000000002,3.3245,3.3125,3.3245,55,510
1745204400,3.3245,3.3545,3.3245,3.3415,130,490
1745208000,3.3415,3.3435,3.3125,3.3205,115,480
1745211600,3.3205,3.3245,3.3105,3.3145,89,480
1745215200,3.3145,3.3435,3.3085,3.3415,136,490
1745218800,3.3415,3.3435,3.3375,3.3425000000000002,64,490
1745222400,3.3425000000000002,3.3475,3.3395,3.3455,74,490
1745226000,3.3455,3.3455,3.3305,3.3375,103,420
1745229600,3.3375,3.3515,3.3215,3.3455,186,410
1745233200,3.3455,3.3515,3.3425000000000002,3.3475,87,410
1745236800,3.3475,3.3725,3.3435,3.3605,117,410
1745240400,3.3605,3.3605,3.3225,3.3295,263,370
1745244000,3.3295,3.3525,3.3205,3.3345000000000002,372,340
1745247600,3.3345000000000002,3.3645,3.3015,3.3055,743,280
1745251200,3.3055,3.3155,3.2645,3.2665,1167,260
1745254800,3.2665,3.2735,3.2115,3.2215,917,280
1745258400,3.2215,3.2455,3.2065,3.2145,579,260
1745262000,3.2135,3.2335,3.2075,3.2085,406,280
1745265600,3.2085,3.2095,3.1575,3.1615,527,290
1745269200,3.1625,3.1825,3.1405,3.1805,717,300
1745272800,3.1795,3.1865,3.1745,3.1845,192,300
1745276400,3.1855,3.1995,3.1685,3.1745,162,310
1745283600,3.2055,3.2095,3.1845,3.1885,74,400
1745287200,3.1885,3.1905,3.1805,3.1895,69,500
1745290800,3.1895,3.2125,3.1885,3.2075,164,490
1745294400,3.2075,3.2155,3.2065,3.2075,89,480
1745298000,3.2075,3.2115,3.1995,3.2035,99,490
1745301600,3.2035,3.2035,3.1845,3.1895,121,490
1745305200,3.1895,3.1915,3.1785,3.1835,84,490
1745308800,3.1825,3.1825,3.1695,3.1734999999999998,126,490
1745312400,3.1734999999999998,3.2005,3.1705,3.1955,194,420
1745316000,3.1955,3.2035,3.1915,3.1985,123,410
1745319600,3.1985,3.1995,3.1775,3.1785,112,410
1745323200,3.1785,3.1955,3.1755,3.1835,151,410
1745326800,3.1825,3.1895,3.1705,3.1845,185,370
1745330400,3.1845,3.2165,3.1785,3.2055,288,360
1745334000,3.2055,3.2315,3.1905,3.2185,715,280
1745337600,3.2185,3.2185,3.1734999999999998,3.1755,542,280
1745341200,3.1755,3.1835,3.1295,3.1315,570,260
1745344800,3.1315,3.1405,3.0945,3.1305,695,280
1745348400,3.1305,3.1725,3.1265,3.1505,654,280
1745352000,3.1505,3.1515,3.1215,3.1265,461,300
1745355600,3.1275,3.1515,3.1255,3.1425,443,300
1745359200,3.1425,3.1505,3.1395,3.1505,168,300
1745362800,3.1505,3.1695,3.1355,3.1375,165,310
1745370000,3.1725,3.1825,3.1685,3.1765,119,410
1745373600,3.1765,3.1865,3.1705,3.1725,84,360
1745377200,3.1725,3.1865,3.1725,3.1795,92,350
1745380800,3.1795,3.1814999999999998,3.1585,3.1715,114,350
1745384400,3.1705,3.1755,3.1595,3.1725,93,350
1745388000,3.1725,3.1725,3.1565,3.1585,166,350
1745391600,3.1585,3.1665,3.1555,3.1665,112,350
1745395200,3.1665,3.1705,3.1595,3.1645,126,350
1745398800,3.1645,3.1825,3.1635,3.1805,150,320
1745402400,3.1805,3.1865,3.1665,3.1755,150,310
1745406000,3.1755,3.1825,3.1695,3.1814999999999998,134,310
1745409600,3.1814999999999998,3.1915,3.1805,3.1825,158,310
1745413200,3.1835,3.2065,3.1825,3.2005,180,290
1745416800,3.2005,3.2045,3.1665,3.1705,329,280
1745420400,3.1705,3.1705,3.1205,3.1495,502,280
1745424000,3.1495,3.1935000000000002,3.1375,3.1635,1177,240
1745427600,3.1635,3.1875,3.1365,3.1825,908,280
1745431200,3.1825,3.2055,3.1775,3.1865,639,280
1745434800,3.1865,3.2265,3.1865,3.2065,536,280
1745438400,3.2065,3.2065,3.1765,3.1895,411,300
1745442000,3.1895,3.1925,3.1495,3.1515,481,280
1745445600,3.1515,3.1665,3.1475,3.1555,211,300
1745449200,3.1555,3.1715,3.1495,3.1535,124,300
1745456400,3.1765,3.1775,3.1655,3.1655,73,390
1745460000,3.1655,3.1725,3.1635,3.1725,46,350
1745463600,3.1725,3.1734999999999998,3.1575,3.1575,94,350
1745467200,3.1575,3.1785,3.1575,3.1715,90,350
1745470800,3.1695,3.1725,3.1595,3.1595,62,340
1745474400,3.1595,3.1635,3.1545,3.1595,96,350
1745478000,3.1605,3.1605,3.1535,3.1575,62,350
1745481600,3.1575,3.1595,3.1455,3.1455,67,350
1745485200,3.1455,3.1535,3.1375,3.1415,118,310
1745488800,3.1405,3.1455,3.1365,3.1375,107,310
1745492400,3.1375,3.1415,3.1315,3.1365,104,310
1745496000,3.1365,3.1565,3.1295,3.1435,148,300
1745499600,3.1435,3.1655,3.1425,3.1545,204,290
1745503200,3.1545,3.1555,3.1285,3.1355,302,270
1745506800,3.1355,3.1525,3.1025,3.1085,690,260
1745510400,3.1085,3.1125,3.0645,3.0725,741,240
1745514000,3.0725,3.1135,3.0385,3.0635,1236,220
1745517600,3.0635,3.0695,3.0465,3.0575,470,230
1745521200,3.0575,3.1165,3.0575,3.1135,458,240
1745524800,3.1135,3.1195,3.0875,3.1165,549,250
1745528400,3.1165,3.1335,3.1075,3.1255,510,250
1745532000,3.1255,3.1285,3.1185,3.1245,174,260
1745535600,3.1245,3.1305,3.0975,3.1005,117,310
1745542800,3.1425,3.1425,3.1305,3.1375,130,400
1745546400,3.1375,3.1375,3.1255,3.1285,92,350
1745550000,3.1285,3.1655,3.1285,3.1555,215,350
1745553600,3.1555,3.1585,3.1375,3.1425,108,330
1745557200,3.1425,3.1495,3.1395,3.1425,97,350
1745560800,3.1425,3.1495,3.1405,3.1445,80,350
1745564400,3.1435,3.1455,3.1405,3.1415,74,350
1745568000,3.1415,3.1415,3.1325,3.1385,113,340
1745571600,3.1385,3.1405,3.1255,3.1275,130,310
1745575200,3.1275,3.1315,3.1205,3.1225,135,310
1745578800,3.1235,3.1245,3.1125,3.1225,106,310
1745582400,3.1225,3.1355,3.1195,3.1335,117,310
1745586000,3.1335,3.1395,3.1215,3.1215,154,290
1745589600,3.1215,3.1325,3.0965,3.1015,335,270
1745593200,3.1015,3.1255,3.0845,3.1135,465,280
1745596800,3.1125,3.1365,3.0865,3.1335,869,270
1745600400,3.1335,3.2075,3.1255,3.1925,969,280
1745604000,3.1925,3.2085,3.1655,3.1745,585,280
1745607600,3.1745,3.1814999999999998,3.1305,3.1405,486,280
1745611200,3.1405,3.1705,3.1265,3.1655,608,300
1745614800,3.1655,3.1895,3.1445,3.1525,570,290
1745618400,3.1525,3.1865,3.1515,3.1765,254,300
1745622000,3.1765,3.1945,3.1715,3.1745,136,310
1745802000,3.1905,3.1975,3.1814999999999998,3.1895,174,400
1745805600,3.1895,3.1945,3.1865,3.1935000000000002,48,360
1745809200,3.1945,3.1965,3.1925,3.1965,54,350
1745812800,3.1945,3.1955,3.1855,3.1915,80,350
1745816400,3.1915,3.1985,3.1895,3.1975,85,350
1745820000,3.1975,3.2015000000000002,3.1955,3.2005,58,350
1745823600,3.2005,3.2095,3.1995,3.2065,60,350
1745827200,3.2065,3.2065,3.1935000000000002,3.1975,83,350
1745830800,3.1975,3.1975,3.1885,3.1935000000000002,91,320
1745834400,3.1935000000000002,3.1985,3.1885,3.1975,62,310
1745838000,3.1975,3.2085,3.1955,3.2075,90,310
1745841600,3.2075,3.2125,3.2035,3.2095,118,300
1745845200,3.2095,3.2095,3.1925,3.1995,128,290
1745848800,3.1995,3.2055,3.1305,3.1305,309,270
1745852400,3.1305,3.1585,3.1095,3.1585,572,280
1745856000,3.1585,3.3335,3.1395,3.3155,1847,270
1745859600,3.3155,3.3855,3.3125,3.3375,1656,270
1745863200,3.3375,3.3785,3.3245,3.3655,885,270
1745866800,3.3655,3.3845,3.3435,3.3845,567,280
1745870400,3.3845,3.4065,3.3575,3.3865,818,280
1745874000,3.3865,3.4115,3.3795,3.3835,818,290
1745877600,3.3835,3.3915,3.3685,3.3685,201,300
1745881200,3.3685,3.3755,3.3515,3.3625,136,310
1745888400,3.3795,3.3855,3.3705,3.3795,137,400
1745892000,3.3795,3.3845,3.3725,3.3805,109,360
1745895600,3.3805,3.3915,3.3745,3.3895,95,350
1745899200,3.3895,3.4025,3.3885,3.4015,79,350
1745902800,3.4015,3.4035,3.3825,3.3845,89,340
1745906400,3.3845,3.3995,3.3845,3.3895,99,350
1745910000,3.3895,3.3905,3.3845,3.3895,74,350
1745913600,3.3885,3.4135,3.3875,3.4025,114,350
1745917200,3.4025,3.4115,3.3905,3.3935,154,320
1745920800,3.3935,3.3965,3.3805,3.3855,154,310
1745924400,3.3855,3.4005,3.3855,3.3875,135,310
1745928000,3.3875,3.3905,3.3775,3.3815,111,310
1745931600,3.3815,3.4115,3.3695,3.4105,193,280
1745935200,3.4105,3.4805,3.4045,3.4314999999999998,737,270
1745938800,3.4314999999999998,3.5155,3.4275,3.4865,1200,260
1745942400,3.4885,3.4885,3.3815,3.3985,1403,280
1745946000,3.3985,3.4685,3.3955,3.4665,1253,260
1745949600,3.4665,3.4755,3.4105,3.4154999999999998,718,280
1745953200,3.4154999999999998,3.4345,3.3895,3.4265,688,260
1745956800,3.4265,3.4445,3.4135,3.4314999999999998,549,300
1745960400,3.4314999999999998,3.4575,3.4205,3.4225,589,290
1745964000,3.4225,3.4435000000000002,3.4225,3.4395,250,300
1745967600,3.4395,3.4585,3.4154999999999998,3.4175,169,310
1745974800,3.4605,3.4635,3.4535,3.4555,98,400
1745978400,3.4525,3.4615,3.4515000000000002,3.4585,34,360
1745982000,3.4585,3.4635,3.4585,3.4615,50,350
1745985600,3.4595000000000002,3.4665,3.4595000000000002,3.4655,64,350
1745989200,3.4655,3.4715,3.4465,3.4475,97,350
1745992800,3.4475,3.4515000000000002,3.4375,3.4395,78,350
1745996400,3.4395,3.4495,3.4345,3.4495,76,340
1746000000,3.4495,3.4685,3.4485,3.4685,98,350
1746003600,3.4685,3.4765,3.4505,3.4745,165,310
1746007200,3.4745,3.4785,3.4575,3.4605,168,310
1746010800,3.4605,3.4785,3.4575,3.4695,137,300
1746014400,3.4695,3.4735,3.4375,3.4435000000000002,167,310
1746018000,3.4455,3.4525,3.4275,3.4445,239,290
1746021600,3.4445,3.4455,3.4065,3.4275,453,270
1746025200,3.4275,3.4805,3.4045,3.4325,1065,270
1746028800,3.4325,3.4335,3.3805,3.4045,1374,270
1746032400,3.4045,3.4065,3.3525,3.3765,978,260
1746036000,3.3765,3.4645,3.3765,3.4425,1056,280
1746039600,3.4425,3.4595000000000002,3.3885,3.3935,726,280
1746043200,3.3935,3.4215,3.3765,3.4115,649,300
1746046800,3.4115,3.4435000000000002,3.4025,3.4225,917,290
1746050400,3.4225,3.4385,3.4145,3.4335,216,300
1746054000,3.4335,3.4465,3.4205,3.4215,128,300
1746061200,3.4535,3.4535,3.4435000000000002,3.4465,102,400
1746064800,3.4465,3.4565,3.4465,3.4515000000000002,90,360
1746068400,3.4515000000000002,3.4605,3.4475,3.4505,100,350
1746072000,3.4515000000000002,3.4515000000000002,3.4425,3.4465,83,350
1746075600,3.4465,3.4565,3.4415,3.4535,70,340
1746079200,3.4535,3.4575,3.4525,3.4545,62,350
1746082800,3.4545,3.4655,3.4535,3.4645,72,350
1746086400,3.4645,3.4815,3.4615,3.4795,107,350
1746090000,3.4795,3.4925,3.4715,3.4915,134,320
1746093600,3.4915,3.4945,3.4755,3.4935,176,300
1746097200,3.4935,3.4965,3.4875,3.4945,113,310
1746100800,3.4945,3.5205,3.4945,3.5105,209,300
1746104400,3.5105,3.5365,3.5105,3.5145,282,280
1746108000,3.5145,3.5425,3.4965,3.5035,652,270
1746111600,3.5035,3.5145,3.4505,3.4865,877,270
1746115200,3.4865,3.5035,3.4525,3.4685,1106,270
1746118800,3.4685,3.5324999999999998,3.4645,3.5185,791,270
1746122400,3.5185,3.5435,3.5125,3.5225,635,280
1746126000,3.5225,3.5395,3.5025,3.5265,385,280
1746129600,3.5265,3.5365,3.5164999999999997,3.5164999999999997,353,290
1746133200,3.5164999999999997,3.6465,3.5164999999999997,3.5725,1633,290
1746136800,3.5725,3.5735,3.5605,3.5665,301,290
1746140400,3.5665,3.5675,3.5345,3.5355,119,310
1746147600,3.5484999999999998,3.5535,3.5425,3.5525,108,400
1746151200,3.5505,3.5605,3.5484999999999998,3.5585,95,350
1746154800,3.5585,3.5805,3.5415,3.5725,176,340
1746158400,3.5725,3.5845000000000002,3.5725,3.5845000000000002,105,350
1746162000,3.5845000000000002,3.5845000000000002,3.5685000000000002,3.5685000000000002,89,350
1746165600,3.5685000000000002,3.5765000000000002,3.5635,3.5655,112,350
1746169200,3.5655,3.5715,3.5645,3.5695,72,350
1746172800,3.5705,3.5715,3.5595,3.5635,103,350
1746176400,3.5635,3.5665,3.5525,3.5564999999999998,148,310
1746180000,3.5564999999999998,3.5575,3.5465,3.5475,121,310
1746183600,3.5475,3.5575,3.5475,3.5535,117,310
1746187200,3.5535,3.5785,3.5515,3.5745,124,310
1746190800,3.5745,3.5945,3.5675,3.5945,179,290
1746194400,3.5945,3.6355,3.5945,3.6265,436,270
1746198000,3.6265,3.6555,3.5985,3.6285,882,270
1746201600,3.6285,3.7035,3.6175,3.6825,1404,280
1746205200,3.6825,3.7305,3.6605,3.7215,1013,280
1746208800,3.7225,3.7545,3.7005,3.7435,626,280
1746212400,3.7435,3.7584999999999997,3.7145,3.7315,551,280
1746216000,3.7315,3.7504999999999997,3.7185,3.7495000000000003,535,280
1746219600,3.7495000000000003,3.7685,3.7295,3.7664999999999997,557,290
1746223200,3.7664999999999997,3.7955,3.7664999999999997,3.7835,354,300
1746226800,3.7835,3.7835,3.7525,3.7555,184,300
1746406800,3.8055,3.8515,3.8025,3.8315,240,390
1746410400,3.8315,3.8355,3.8305,3.8345000000000002,86,360
1746414000,3.8345000000000002,3.8415,3.8305,3.8345000000000002,124,350
1746417600,3.8345000000000002,3.8365,3.8205,3.8205,75,350
1746421200,3.8205,3.8235,3.8135,3.8185000000000002,102,350
1746424800,3.8185000000000002,3.8325,3.8105,3.8265000000000002,103,350
1746428400,3.8275,3.8275,3.8175,3.8185000000000002,61,350
1746432000,3.8185000000000002,3.8255,3.8185000000000002,3.8225,90,350
1746435600,3.8225,3.8415,3.8215,3.8345000000000002,141,320
1746439200,3.8345000000000002,3.8435,3.8345000000000002,3.8415,107,310
1746442800,3.8415,3.8415,3.8215,3.8215,138,300
1746446400,3.8215,3.8355,3.8185000000000002,3.8355,161,310
1746450000,3.8385,3.8555,3.8265000000000002,3.8505000000000003,277,290
1746453600,3.8505000000000003,3.8885,3.8445,3.8575,512,280
1746457200,3.8575,3.8585000000000003,3.7535,3.7895,1065,270
1746460800,3.7895,3.8225,3.7595,3.8075,1477,280
1746464400,3.8075,3.8415,3.7925,3.8205,1212,280
1746468000,3.8205,3.8285,3.7695,3.7755,671,280
1746471600,3.7755,3.7904999999999998,3.6965,3.6965,1068,270
1746475200,3.6965,3.7275,3.6875,3.6965,774,290
1746478800,3.6965,3.7055,3.6745,3.7015000000000002,598,290
1746482400,3.7015000000000002,3.7305,3.7015000000000002,3.7275,197,300
1746486000,3.7275,3.7315,3.6855,3.6875,133,310
1746493200,3.7145,3.7255000000000003,3.7115,3.7195,95,400
1746496800,3.7195,3.7255000000000003,3.7165,3.7205,86,350
1746500400,3.7205,3.7255000000000003,3.7135,3.7155,98,350
1746504000,3.7175000000000002,3.7465,3.7145,3.7465,120,340
1746507600,3.7465,3.7575,3.7435,3.7555,97,350
1746511200,3.7575,3.7695,3.7555,3.7645,94,350
1746514800,3.7685,3.7695,3.7655,3.7675,69,350
1746518400,3.7675,3.7725,3.7664999999999997,3.7695,61,350
1746522000,3.7695,3.7805,3.7664999999999997,3.7775,122,320
1746525600,3.7775,3.7885,3.7765,3.7885,102,310
1746529200,3.7885,3.7885,3.7765,3.7845,148,310
1746532800,3.7845,3.7915,3.7655,3.7715,224,300
1746536400,3.7715,3.7735,3.7455,3.7485,281,290
1746540000,3.7495000000000003,3.7565,3.7035,3.7065,447,280
1746543600,3.7065,3.7095000000000002,3.6494999999999997,3.6945,1020,270
1746547200,3.6945,3.7785,3.6945,3.7485,1363,270
1746550800,3.7485,3.7995,3.7365,3.7465,1068,270
1746554400,3.7465,3.7824999999999998,3.6485,3.6625,1527,280
1746558000,3.6625,3.6745,3.5995,3.6115,1417,270
1746561600,3.6115,3.6405,3.5955,3.6275,861,290
1746565200,3.6275,3.6615,3.6125,3.6615,803,280
1746568800,3.6615,3.6615,3.6365,3.6395,282,300
1746572400,3.6395,3.6615,3.6355,3.6405,190,310
1746579600,3.6814999999999998,3.7495000000000003,3.6814999999999998,3.7445,293,390
1746583200,3.7445,3.7495000000000003,3.7275,3.7315,211,340
1746586800,3.7315,3.7445,3.7135,3.7285,176,340
1746590400,3.7285,3.7625,3.7255000000000003,3.7295,211,330
1746594000,3.7295,3.7435,3.7285,3.7355,136,350
1746597600,3.7355,3.7425,3.7175000000000002,3.7395,160,350
1746601200,3.7395,3.7535,3.7385,3.7515,138,350
1746604800,3.7515,3.7605,3.7485,3.7555,112,350
1746608400,3.7555,3.7555,3.7265,3.7545,322,310
1746612000,3.7545,3.7635,3.7475,3.7615,172,310
1746615600,3.7595,3.7625,3.7465,3.7545,186,290
1746619200,3.7545,3.7725,3.7515,3.7715,237,310
1746622800,3.7715,3.7815,3.7385,3.7504999999999997,352,290
1746626400,3.7504999999999997,3.7715,3.7345,3.7435,522,270
1746630000,3.7435,3.8025,3.7365,3.7755,872,280
1746633600,3.7755,3.8265000000000002,3.7595,3.7685,1283,270
1746637200,3.7685,3.8095,3.7405,3.8064999999999998,827,280
1746640800,3.8064999999999998,3.8205,3.7895,3.8055,801,270
1746644400,3.8055,3.8095,3.7615,3.7655,635,280
1746648000,3.7655,3.7915,3.7535,3.7575,748,280
1746651600,3.7575,3.8035,3.7525,3.7984999999999998,685,290
1746655200,3.7984999999999998,3.8005,3.7904999999999998,3.7984999999999998,193,290
1746658800,3.7984999999999998,3.8055,3.7815,3.7815,125,300
1746666000,3.8075,3.8075,3.7945,3.7975,112,390
1746669600,3.7975,3.8295,3.7975,3.8265000000000002,93,350
1746673200,3.8265000000000002,3.8285,3.8135,3.8175,128,350
1746676800,3.8175,3.8185000000000002,3.8085,3.8105,102,350
1746680400,3.8115,3.8245,3.8085,3.8155,136,340
1746684000,3.8155,3.8245,3.8055,3.8105,158,350
1746687600,3.8115,3.8235,3.8035,3.8235,147,350
1746691200,3.8235,3.8315,3.8185000000000002,3.8225,134,350
1746694800,3.8225,3.8285,3.8155,3.8265000000000002,143,320
1746698400,3.8265000000000002,3.8505000000000003,3.8235,3.8405,148,310
1746702000,3.8405,3.8435,3.8285,3.8345000000000002,172,310
1746705600,3.8345000000000002,3.8425000000000002,3.8285,3.8425000000000002,213,300
1746709200,3.8425000000000002,3.8705,3.8375,3.8565,279,280
1746712800,3.8565,3.8785,3.8295,3.8535,505,280
1746716400,3.8535,3.8994999999999997,3.8375,3.8645,965,270
1746720000,3.8645,3.8745000000000003,3.8115,3.8365,1199,280
1746723600,3.8365,3.8525,3.7525,3.7695,1591,260
1746727200,3.7695,3.8165,3.7315,3.7485,1238,270
1746730800,3.7485,3.7735,3.7265,3.7605,802,280
1746734400,3.7605,3.7715,3.7425,3.7515,560,300
1746738000,3.7515,3.8075,3.7504999999999997,3.8064999999999998,591,300
1746741600,3.8064999999999998,3.8075,3.7885,3.8005,287,300
1746745200,3.8005,3.8115,3.7895,3.7895,113,310
1746752400,3.8265000000000002,3.8395,3.8235,3.8305,112,400
1746756000,3.8305,3.8365,3.8275,3.8305,82,350
1746759600,3.8305,3.8385,3.8275,3.8375,96,350
1746763200,3.8375,3.8495,3.8365,3.8395,95,350
1746766800,3.8395,3.8415,3.8235,3.8285,85,350
1746770400,3.8285,3.8365,3.8265000000000002,3.8345000000000002,93,350
1746774000,3.8345000000000002,3.8415,3.8345000000000002,3.8395,83,350
1746777600,3.8395,3.8455,3.8355,3.8415,101,350
1746781200,3.8415,3.8595,3.8345000000000002,3.8545,135,320
1746784800,3.8545,3.8675,3.8545,3.8585000000000003,130,310
1746788400,3.8585000000000003,3.8635,3.8545,3.8595,117,310
1746792000,3.8595,3.8605,3.8445,3.8505000000000003,166,290
1746795600,3.8505000000000003,3.8615,3.8485,3.8595,146,290
1746799200,3.8595,3.8875,3.8395,3.8845,460,280
1746802800,3.8845,3.9234999999999998,3.8365,3.9175,1025,280
1746806400,3.9175,3.9865,3.9065,3.9835000000000003,1652,280
1746810000,3.9835000000000003,3.9905,3.9455,3.9805,1045,280
1746813600,3.9805,4.0015,3.9505,3.9725,765,280
1746817200,3.9725,3.9985,3.9495,3.9555,784,280
1746820800,3.9555,3.9855,3.9314999999999998,3.9485,768,300
1746824400,3.9485,3.9855,3.9245,3.9755000000000003,843,300
1746828000,3.9755000000000003,3.9855,3.9635,3.9785,293,300
1746831600,3.9785,3.9825,3.9565,3.9575,108,310
1747011600,3.9675000000000002,3.9725,3.9475,3.9595000000000002,162,390
1747015200,3.9625,3.9755000000000003,3.9615,3.9705,71,350
1747018800,3.9705,3.9705,3.9485,3.9485,121,350
1747022400,3.9485,3.9645,3.9475,3.9535,124,350
1747026000,3.9545,3.9565,3.9345,3.9395,94,350
1747029600,3.9405,3.9445,3.9365,3.9435000000000002,119,350
1747033200,3.9435000000000002,3.9435000000000002,3.9325,3.9385,115,350
1747036800,3.9385,3.9435000000000002,3.9245,3.9335,129,350
1747040400,3.9335,3.9535,3.9295,3.9535,191,310
1747044000,3.9535,3.9965,3.9485,3.9745,449,300
1747047600,3.9745,3.9935,3.9665,3.9745,290,300
1747051200,3.9745,4.0085,3.9735,4.0035,273,310
1747054800,4.0035,4.0235,3.9975,4.0195,336,290
1747058400,4.0195,4.0275,3.9154999999999998,3.9835000000000003,907,270
1747062000,3.9835000000000003,4.0095,3.9135,3.9145,1497,270
1747065600,3.9135,3.9335,3.8395,3.8655,2108,260
1747069200,3.8655,3.8895,3.8555,3.8645,892,280
1747072800,3.8645,3.8905,3.8495,3.8605,634,280
1747076400,3.8605,3.8885,3.8525,3.8735,558,280
1747080000,3.8735,3.8935,3.8575,3.8645,505,300
1747083600,3.8645,3.8925,3.8615,3.8675,526,300
1747087200,3.8675,3.8855,3.8665000000000003,3.8815,172,300
1747090800,3.8815,3.8985,3.8705,3.8735,147,310
1747098000,3.9165,3.9165,3.9045,3.9125,123,380
1747101600,3.9125,3.9215,3.9125,3.9195,102,360
1747105200,3.9195,3.9375,3.9195,3.9375,104,350
1747108800,3.9375,3.9385,3.9195,3.9245,88,350
1747112400,3.9245,3.9275,3.9225,3.9255,74,350
1747116000,3.9255,3.9275,3.9225,3.9245,59,350
1747119600,3.9255,3.9355,3.9245,3.9325,77,350
1747123200,3.9355,3.9355,3.9265,3.9305,115,350
1747126800,3.9314999999999998,3.9495,3.9185,3.9485,214,310
1747130400,3.9485,3.9575,3.9425,3.9555,135,310
1747134000,3.9555,3.9575,3.9375,3.9405,160,300
1747137600,3.9405,3.9435000000000002,3.9065,3.9115,217,310
1747141200,3.9115,3.9275,3.8955,3.8975,334,280
1747144800,3.8975,3.9165,3.8695,3.8735,512,270
1747148400,3.8735,3.9375,3.8595,3.9195,1032,260
1747152000,3.9195,3.9355,3.8785,3.8875,1170,270
1747155600,3.8875,3.8965,3.8125,3.8375,1209,270
1747159200,3.8375,3.8655,3.8115,3.8575,645,280
1747162800,3.8575,3.9195,3.8445,3.8875,897,270
1747166400,3.8875,3.8975,3.8545,3.8865,735,290
1747170000,3.8865,3.9015,3.8685,3.8795,708,300
1747173600,3.8795,3.8795,3.8605,3.8635,227,300
1747177200,3.8635,3.8715,3.8415,3.8435,176,300
1747184400,3.8545,3.8575,3.8385,3.8555,150,400
1747188000,3.8555,3.8605,3.8535,3.8595,76,360
1747191600,3.8595,3.8675,3.8535,3.8585000000000003,115,350
1747195200,3.8585000000000003,3.8655,3.8555,3.8615,95,350
1747198800,3.8615,3.8645,3.8505000000000003,3.8565,90,350
1747202400,3.8565,3.8635,3.8525,3.8575,74,350
1747206000,3.8585000000000003,3.8585000000000003,3.8365,3.8405,72,350
1747209600,3.8405,3.8495,3.8325,3.8455,131,350
1747213200,3.8455,3.8525,3.8375,3.8435,219,320
1747216800,3.8435,3.8475,3.8345000000000002,3.8445,148,310
1747220400,3.8445,3.8505000000000003,3.8305,3.8305,164,300
1747224000,3.8305,3.8345000000000002,3.8215,3.8235,164,300
1747227600,3.8235,3.8335,3.7984999999999998,3.8085,251,290
1747231200,3.8085,3.8205,3.7895,3.8064999999999998,475,260
1747234800,3.8064999999999998,3.8355,3.7795,3.7835,951,270
1747238400,3.7835,3.7975,3.7405,3.7425,1014,270
1747242000,3.7425,3.7855,3.7375,3.7795,846,280
1747245600,3.7795,3.8095,3.7715,3.7965,664,280
1747249200,3.7965,3.7975,3.7415000000000003,3.7455,549,270
1747252800,3.7455,3.7645,3.7375,3.7465,526,290
1747256400,3.7465,3.7615,3.7365,3.7375,453,300
1747260000,3.7375,3.7375,3.7205,3.7235,195,290
1747263600,3.7235,3.7285,3.6935000000000002,3.6935000000000002,145,310
1747270800,3.7355,3.7355,3.7265,3.7305,107,390
1747274400,3.7305,3.7365,3.7255000000000003,3.7365,62,360
1747278000,3.7365,3.7425,3.7265,3.7375,109,340
1747281600,3.7375,3.7385,3.7265,3.7305,81,350
1747285200,3.7305,3.7325,3.7245,3.7285,72,340
1747288800,3.7285,3.7305,3.7105,3.7235,126,340
1747292400,3.7235,3.7305,3.7225,3.7275,80,350
1747296000,3.7265,3.7305,3.7215,3.7255000000000003,80,350
1747299600,3.7255000000000003,3.7315,3.7135,3.7155,163,310
1747303200,3.7155,3.7275,3.7115,3.7225,152,310
1747306800,3.7225,3.7295,3.7185,3.7215,139,310
1747310400,3.7215,3.7325,3.7195,3.7295,150,310
1747314000,3.7295,3.7555,3.7295,3.7385,238,280
1747317600,3.7385,3.7545,3.7145,3.7185,512,270
1747321200,3.7185,3.7235,3.6875,3.7105,652,270
1747324800,3.7105,3.7555,3.7035,3.7235,995,280
1747328400,3.7235,3.7664999999999997,3.7005,3.7055,1053,260
1747332000,3.7055,3.7515,3.6715,3.7445,803,280
1747335600,3.7445,3.7685,3.7335000000000003,3.7485,514,280
1747339200,3.7485,3.7495000000000003,3.6865,3.6995,493,290
1747342800,3.6995,3.7055,3.6355,3.6565,587,290
1747346400,3.6565,3.6565,3.6345,3.6365,308,300
1747350000,3.6365,3.6605,3.6334999999999997,3.6395,169,300
1747357200,3.6734999999999998,3.6775,3.6654999999999998,3.6685,74,410
1747360800,3.6705,3.6765,3.6645,3.6675,69,350
1747364400,3.6675,3.6705,3.6625,3.6645,69,350
1747368000,3.6645,3.6685,3.6605,3.6625,80,350
1747371600,3.6625,3.6695,3.6605,3.6665,85,350
1747375200,3.6665,3.6814999999999998,3.6625,3.6755,129,350
1747378800,3.6755,3.6765,3.6705,3.6705,81,350
1747382400,3.6705,3.6705,3.6625,3.6675,65,350
1747386000,3.6675,3.6715,3.6525,3.6574999999999998,125,320
1747389600,3.6574999999999998,3.6615,3.6435,3.6494999999999997,108,310
1747393200,3.6494999999999997,3.6625,3.6494999999999997,3.6525,138,300
1747396800,3.6525,3.6645,3.6455,3.6595,142,310
1747400400,3.6595,3.6635,3.6385,3.6445,213,280
1747404000,3.6445,3.6505,3.6215,3.6285,310,280
1747407600,3.6285,3.6734999999999998,3.6195,3.6645,680,280
1747411200,3.6635,3.7425,3.6445,3.7325,1106,260
1747414800,3.7325,3.7355,3.6814999999999998,3.6825,574,270
1747418400,3.6825,3.6875,3.6535,3.6545,556,280
1747422000,3.6545,3.6585,3.6305,3.6545,556,280
1747425600,3.6545,3.6705,3.6235,3.6285,438,300
1747429200,3.6275,3.6595,3.6185,3.6555,498,300
1747432800,3.6555,3.6555,3.6265,3.6305,251,300
1747436400,3.6305,3.6395,3.6105,3.6125,130,300
1747616400,3.5875,3.5985,3.5655,3.5855,297,390
1747620000,3.5855,3.5895,3.5835,3.5895,55,360
1747623600,3.5895,3.5905,3.5805,3.5805,83,350
1747627200,3.5815,3.5835,3.5775,3.5795,96,340
1747630800,3.5795,3.5795,3.5675,3.5705,76,350
1747634400,3.5695,3.5825,3.5685000000000002,3.5775,99,350
1747638000,3.5775,3.5785,3.5695,3.5715,85,350
1747641600,3.5715,3.5775,3.5705,3.5735,105,350
1747645200,3.5735,3.5785,3.5685000000000002,3.5685000000000002,117,310
1747648800,3.5685000000000002,3.5825,3.5645,3.5755,111,310
1747652400,3.5755,3.5905,3.5755,3.5895,92,310
1747656000,3.5895,3.5905,3.5815,3.5865,83,310
1747659600,3.5865,3.5905,3.5815,3.5865,138,280
1747663200,3.5865,3.5875,3.5305,3.5305,365,280
1747666800,3.5305,3.5305,3.4925,3.4995,773,260
1747670400,3.4995,3.5225,3.4905,3.4995,756,280
1747674000,3.4995,3.5035,3.4705,3.4735,561,280
1747677600,3.4735,3.4905,3.4585,3.4755,458,280
1747681200,3.4755,3.4885,3.4475,3.4485,444,280
1747684800,3.4485,3.4685,3.4425,3.4545,461,300
1747688400,3.4545,3.4645,3.4095,3.4175,546,300
1747692000,3.4175,3.4225,3.4115,3.4165,188,300
1747695600,3.4165,3.4225,3.3955,3.3955,150,310
1747702800,3.4295,3.4445,3.4255,3.4445,131,400
1747706400,3.4445,3.4525,3.4415,3.4485,97,360
1747710000,3.4485,3.4565,3.4485,3.4545,97,350
1747713600,3.4545,3.4555,3.4505,3.4515000000000002,74,350
1747717200,3.4515000000000002,3.4635,3.4505,3.4545,91,350
1747720800,3.4545,3.4575,3.4505,3.4545,86,350
1747724400,3.4545,3.4545,3.4495,3.4535,65,350
1747728000,3.4535,3.4585,3.4455,3.4455,81,350
1747731600,3.4455,3.4655,3.4425,3.4635,187,320
1747735200,3.4635,3.4635,3.4565,3.4605,85,300
1747738800,3.4605,3.4775,3.4555,3.4755,107,310
1747742400,3.4755,3.4845,3.4715,3.4795,121,310
1747746000,3.4795,3.4965,3.4755,3.4905,169,290
1747749600,3.4905,3.5015,3.4745,3.4985,432,280
1747753200,3.4985,3.5505,3.4945,3.5385,941,270
1747756800,3.5385,3.6225,3.5355,3.6025,1292,280
1747760400,3.6035,3.6585,3.6035,3.6565,709,280
1747764000,3.6565,3.7185,3.6375,3.7025,1229,280
1747767600,3.7025,3.7305,3.7005,3.7275,703,280
1747771200,3.7275,3.7565,3.7145,3.7495000000000003,708,300
1747774800,3.7495000000000003,3.7795,3.7125,3.7135,1069,300
1747778400,3.7135,3.7305,3.7075,3.7295,286,300
1747782000,3.7295,3.7345,3.7125,3.7175000000000002,150,310
1747789200,3.7435,3.7555,3.7285,3.7375,214,390
1747792800,3.7375,3.7415000000000003,3.7065,3.7105,181,350
1747796400,3.7105,3.7195,3.7055,3.7105,144,350
1747800000,3.7105,3.7235,3.7045,3.7095000000000002,143,350
1747803600,3.7095000000000002,3.7145,3.7055,3.7085,131,350
1747807200,3.7095000000000002,3.7305,3.7025,3.7175000000000002,170,350
1747810800,3.7175000000000002,3.7175000000000002,3.7065,3.7115,128,350
1747814400,3.7115,3.7145,3.6665,3.6715,183,350
1747818000,3.6715,3.7105,3.6715,3.7075,331,310
1747821600,3.7075,3.7504999999999997,3.7055,3.7495000000000003,377,310
1747825200,3.7495000000000003,3.7545,3.7315,3.7335000000000003,176,310
1747828800,3.7335000000000003,3.7425,3.6945,3.7185,244,310
1747832400,3.7185,3.7605,3.7185,3.7525,372,280
1747836000,3.7525,3.8275,3.7335000000000003,3.8035,913,270
1747839600,3.8035,3.8295,3.7025,3.7365,1346,260
1747843200,3.7365,3.7735,3.7105,3.7175000000000002,1698,270
1747846800,3.7175000000000002,3.7775,3.7175000000000002,3.7335000000000003,977,280
1747850400,3.7335000000000003,3.7525,3.6945,3.7315,834,270
1747854000,3.7315,3.7584999999999997,3.7145,3.7515,623,280
1747857600,3.7515,3.7605,3.7155,3.7495000000000003,678,300
1747861200,3.7504999999999997,3.7664999999999997,3.7045,3.7085,828,300
1747864800,3.7085,3.7195,3.6985,3.7155,245,300
1747868400,3.7155,3.7215,3.6995,3.7005,119,310
1747875600,3.7145,3.7285,3.7135,3.7235,140,390
1747879200,3.7235,3.7265,3.7155,3.7235,83,360
1747882800,3.7235,3.7235,3.7125,3.7155,93,350
1747886400,3.7155,3.7205,3.7095000000000002,3.7195,88,340
1747890000,3.7195,3.7215,3.7145,3.7165,48,350
1747893600,3.7165,3.7315,3.7135,3.7215,115,350
1747897200,3.7215,3.7335000000000003,3.7185,3.7215,98,350
1747900800,3.7215,3.7245,3.7155,3.7215,73,350
1747904400,3.7215,3.7295,3.6915,3.6945,220,310
1747908000,3.6945,3.7035,3.6795,3.6995,179,310
1747911600,3.6995,3.7005,3.6814999999999998,3.6825,141,310
1747915200,3.6825,3.7005,3.6775,3.7005,159,300
1747918800,3.7005,3.7275,3.6785,3.7165,347,260
1747922400,3.7165,3.7305,3.6765,3.6925,441,270
1747926000,3.6925,3.7065,3.6425,3.6695,770,270
1747929600,3.6695,3.6755,3.6334999999999997,3.6585,858,280
1747933200,3.6585,3.6995,3.6095,3.6225,1077,260
1747936800,3.6225,3.6355,3.6035,3.6355,666,280
1747940400,3.6355,3.6385,3.6075,3.6195,399,280
1747944000,3.6195,3.6515,3.6195,3.6375,405,300
1747947600,3.6375,3.6505,3.6254999999999997,3.6485,564,300
1747951200,3.6485,3.6615,3.6455,3.6574999999999998,193,300
1747954800,3.6574999999999998,3.6814999999999998,3.6465,3.6485,147,310
1747962000,3.6695,3.6785,3.6565,3.6565,126,380
1747965600,3.6595,3.6615,3.6515,3.6615,65,360
1747969200,3.6625,3.6745,3.6615,3.6734999999999998,106,350
1747972800,3.6734999999999998,3.6745,3.6665,3.6675,85,350
1747976400,3.6675,3.6734999999999998,3.6675,3.6705,69,350
1747980000,3.6725,3.6805,3.6675,3.6745,98,340
1747983600,3.6745,3.6785,3.6715,3.6725,104,330
1747987200,3.6725,3.6765,3.6695,3.6725,84,350
1747990800,3.6725,3.6855,3.6725,3.6835,146,320
1747994400,3.6835,3.6855,3.6805,3.6835,92,310
1747998000,3.6835,3.6935000000000002,3.6765,3.6915,131,310
1748001600,3.6915,3.7065,3.6895,3.7045,123,310
1748005200,3.7045,3.7055,3.6665,3.6755,221,290
1748008800,3.6755,3.6895,3.6305,3.6334999999999997,516,260
1748012400,3.6345,3.6485,3.5825,3.6045,400,580
1748016000,3.6045,3.7015000000000002,3.5915,3.6705,720,590
1748019600,3.6705,3.7135,3.6605,3.6915,465,590
1748023200,3.6915,3.7075,3.6725,3.6965,288,590
1748026800,3.6965,3.7055,3.6395,3.6425,321,590
1748030400,3.6425,3.6885,3.6414999999999997,3.6745,303,680
1748034000,3.6745,3.7055,3.6715,3.6915,231,670
1748037600,3.6915,3.7235,3.6915,3.6995,219,390
1748041200,3.6995,3.7115,3.6685,3.6745,119,410
1748221200,3.7775,3.7855,3.7295,3.7345,308,580
1748224800,3.7345,3.7395,3.7255000000000003,3.7385,87,500
1748228400,3.7385,3.7445,3.7235,3.7305,135,490
1748232000,3.7305,3.7305,3.7195,3.7205,93,490
1748235600,3.7205,3.7235,3.7175000000000002,3.7205,86,490
1748239200,3.7205,3.7215,3.7075,3.7095000000000002,92,490
1748242800,3.7095000000000002,3.7115,3.6925,3.7015000000000002,108,490
1748246400,3.7015000000000002,3.7065,3.6915,3.6915,97,490
1748250000,3.6915,3.7075,3.6895,3.7035,159,420
1748253600,3.7035,3.7055,3.6925,3.6965,120,410
1748257200,3.6965,3.6965,3.6905,3.6905,90,410
1748260800,3.6945,3.7025,3.6905,3.6935000000000002,103,410
1748264400,3.6935000000000002,3.6935000000000002,3.6745,3.6805,120,370
1748268000,3.6805,3.6814999999999998,3.6545,3.6615,211,360
1748271600,3.6615,3.6745,3.6355,3.6425,268,360
1748275200,3.6425,3.6665,3.6414999999999997,3.6574999999999998,404,360
1748278800,3.6595,3.6845,3.6535,3.6845,293,360
1748282400,3.6845,3.6875,3.6525,3.6545,218,360
1748286000,3.6545,3.6725,3.6545,3.6555,140,370
1748289600,3.6555,3.6565,3.6535,3.6545,12,400
1748307600,3.6705,3.6705,3.6515,3.6555,126,580
1748311200,3.6555,3.6585,3.6395,3.6555,81,500
1748314800,3.6555,3.6685,3.6555,3.6635,139,490
1748318400,3.6635,3.6654999999999998,3.6545,3.6645,94,490
1748322000,3.6645,3.6675,3.6595,3.6635,72,500
1748325600,3.6635,3.6765,3.6635,3.6734999999999998,117,490
1748329200,3.6734999999999998,3.6835,3.6685,3.6805,85,500
1748332800,3.6805,3.6985,3.6755,3.6955,140,480
1748336400,3.6955,3.6965,3.6525,3.6555,224,410
1748340000,3.6555,3.6555,3.6215,3.6385,244,410
1748343600,3.6385,3.6845,3.6385,3.6645,361,410
1748347200,3.6645,3.6835,3.6525,3.6535,203,410
1748350800,3.6535,3.6625,3.6385,3.6595,275,370
1748354400,3.6595,3.6895,3.6545,3.6885,462,360
1748358000,3.6885,3.7595,3.6734999999999998,3.7575,927,240
1748361600,3.7575,3.7725,3.6545,3.6865,1459,230
1748365200,3.6865,3.7295,3.6814999999999998,3.7035,869,240
1748368800,3.7035,3.7435,3.6905,3.7395,648,240
1748372400,3.7395,3.7425,3.6885,3.7035,458,220
1748376000,3.7035,3.7235,3.6785,3.7075,494,240
1748379600,3.7075,3.7695,3.7075,3.7655,655,240
1748383200,3.7655,3.7755,3.7515,3.7605,285,250
1748386800,3.7605,3.7625,3.7285,3.7285,104,250
1748394000,3.7584999999999997,3.7584999999999997,3.7485,3.7485,109,290
1748397600,3.7495000000000003,3.7565,3.7465,3.7545,96,280
1748401200,3.7545,3.7655,3.7545,3.7635,120,280
1748404800,3.7635,3.7655,3.7584999999999997,3.7595,98,280
1748408400,3.7595,3.7615,3.7555,3.7565,77,280
1748412000,3.7565,3.7625,3.7495000000000003,3.7504999999999997,100,280
1748415600,3.7515,3.7605,3.7515,3.7605,82,280
1748419200,3.7605,3.7755,3.7595,3.7725,117,280
1748422800,3.7725,3.7725,3.7504999999999997,3.7535,139,270
1748426400,3.7535,3.7535,3.7365,3.7395,136,250
1748430000,3.7385,3.7395,3.7255000000000003,3.7335000000000003,108,260
1748433600,3.7335000000000003,3.7425,3.7285,3.7365,106,240
1748437200,3.7365,3.7385,3.7095000000000002,3.7225,240,250
1748440800,3.7225,3.7785,3.7105,3.7785,430,240
1748444400,3.7785,3.8355,3.7575,3.7755,1083,210
1748448000,3.7744999999999997,3.7744999999999997,3.6675,3.6685,1436,230
1748451600,3.6685,3.6765,3.6115,3.6135,1038,240
1748455200,3.6135,3.6365,3.5705,3.5815,834,240
1748458800,3.5815,3.6075,3.5735,3.5815,770,240
1748462400,3.5815,3.5885,3.5625,3.5745,615,250
1748466000,3.5745,3.5835,3.5585,3.5765000000000002,337,250
1748469600,3.5765000000000002,3.5765000000000002,3.5575,3.5595,175,250
1748473200,3.5595,3.5735,3.5324999999999998,3.5335,101,60
1748480400,3.5645,3.5765000000000002,3.5545,3.5615,215,90
1748484000,3.5635,3.5905,3.5635,3.5885,155,80
1748487600,3.5885,3.5945,3.5815,3.5945,157,70
1748491200,3.5945,3.5945,3.5665,3.5745,175,60
1748494800,3.5745,3.5935,3.5735,3.5765000000000002,121,80
1748498400,3.5765000000000002,3.5785,3.5685000000000002,3.5755,79,80
1748502000,3.5755,3.5815,3.5725,3.5795,69,80
1748505600,3.5795,3.5805,3.5635,3.5675,111,80
1748509200,3.5675,3.5715,3.5484999999999998,3.5505,249,60
1748512800,3.5505,3.5635,3.5495,3.5585,126,60
1748516400,3.5585,3.5655,3.5535,3.5575,211,50
1748520000,3.5575,3.5735,3.5495,3.5605,166,50
1748523600,3.5605,3.5685000000000002,3.5324999999999998,3.5685000000000002,254,40
1748527200,3.5685000000000002,3.5915,3.5455,3.5825,577,30
1748530800,3.5825,3.5915,3.5195,3.5605,963,30
1748534400,3.5605,3.5765000000000002,3.5365,3.5725,1097,30
1748538000,3.5725,3.5835,3.4945,3.5075,1098,30
1748541600,3.5075,3.5145,3.4615,3.4965,952,40
1748545200,3.4965,3.5155,3.4855,3.5015,518,40
1748548800,3.5015,3.5295,3.4925,3.5215,448,40
1748552400,3.5205,3.5475,3.5175,3.5255,374,50
1748556000,3.5255,3.5455,3.5235,3.5445,182,50
1748559600,3.5445,3.5645,3.5275,3.5285,121,60
1748566800,3.5575,3.5675,3.5575,3.5625,143,100
1748570400,3.5625,3.5725,3.5605,3.5665,123,80
1748574000,3.5665,3.5755,3.5665,3.5735,81,80
1748577600,3.5735,3.5765000000000002,3.5705,3.5715,84,70
1748581200,3.5715,3.5725,3.5645,3.5675,79,80
1748584800,3.5675,3.5685000000000002,3.5505,3.5575,102,70
1748588400,3.5575,3.5635,3.5505,3.5635,75,80
1748592000,3.5635,3.5685000000000002,3.5535,3.5535,119,80
1748595600,3.5545,3.5685000000000002,3.5495,3.5635,178,60
1748599200,3.5635,3.5635,3.5465,3.5545,110,60
1748602800,3.5545,3.5785,3.5495,3.5685000000000002,163,60
1748606400,3.5695,3.5725,3.5615,3.5655,141,60
1748610000,3.5655,3.5885,3.5625,3.5695,189,40
1748613600,3.5695,3.5715,3.4975,3.4995,506,30
1748617200,3.4995,3.5244999999999997,3.4875,3.5065,859,40
1748620800,3.5075,3.5765000000000002,3.5004999999999997,3.5145,1344,30
1748624400,3.5145,3.5295,3.4685,3.4905,726,20
1748628000,3.4915,3.4915,3.4675000000000002,3.4885,481,40
1748631600,3.4885,3.5004999999999997,3.4785,3.4965,539,40
1748635200,3.4965,3.4985,3.4735,3.4765,343,50
1748638800,3.4765,3.4915,3.4665,3.4735,467,50
1748642400,3.4735,3.4845,3.4685,3.4835,166,50
1748646000,3.4835,3.4985,3.4665,3.4665,94,60
1748826000,3.5164999999999997,3.5385,3.5155,3.5345,194,390
1748829600,3.5345,3.5355,3.5244999999999997,3.5315,81,290
1748833200,3.5315,3.5324999999999998,3.5225,3.5244999999999997,70,290
1748836800,3.5255,3.5375,3.5235,3.5345,96,290
1748840400,3.5345,3.5375,3.5275,3.5355,72,290
1748844000,3.5355,3.5425,3.5295,3.5395,118,290
1748847600,3.5395,3.5505,3.5385,3.5495,74,290
1748851200,3.5495,3.5575,3.5435,3.5564999999999998,92,290
1748854800,3.5564999999999998,3.5715,3.5484999999999998,3.5685000000000002,173,220
1748858400,3.5685000000000002,3.5885,3.5685000000000002,3.5875,129,210
1748862000,3.5875,3.6235,3.5875,3.6225,237,210
1748865600,3.6225,3.6275,3.6165000000000003,3.6254999999999997,225,200
1748869200,3.6254999999999997,3.6875,3.6205,3.6835,424,160
1748872800,3.6835,3.7195,3.6805,3.7155,694,30
1748876400,3.7155,3.7405,3.6795,3.7145,1007,30
1748880000,3.7145,3.7584999999999997,3.7015000000000002,3.7155,983,40
1748883600,3.7155,3.7455,3.7155,3.7395,636,40
1748887200,3.7395,3.7445,3.7165,3.7235,372,40
1748890800,3.7235,3.7395,3.6995,3.7205,392,40
1748894400,3.7205,3.7235,3.6915,3.7065,459,50
1748898000,3.7065,3.7315,3.6975,3.7265,718,40
1748901600,3.7265,3.7415000000000003,3.7225,3.7405,168,50
1748905200,3.7405,3.7675,3.7325,3.7495000000000003,167,60
1748912400,3.7795,3.7805,3.7565,3.7664999999999997,591,90
1748916000,3.7664999999999997,3.7695,3.7605,3.7685,107,90
1748919600,3.7685,3.7824999999999998,3.7675,3.7795,121,80
1748923200,3.7795,3.7815,3.7635,3.7664999999999997,131,80
1748926800,3.7664999999999997,3.7715,3.7635,3.7664999999999997,95,80
1748930400,3.7664999999999997,3.7664999999999997,3.7504999999999997,3.7584999999999997,147,80
1748934000,3.7584999999999997,3.7635,3.7525,3.7615,107,70
1748937600,3.7615,3.7675,3.7605,3.7625,99,80
1748941200,3.7625,3.7625,3.7435,3.7475,202,60
1748944800,3.7475,3.7475,3.7315,3.7405,133,60
1748948400,3.7415000000000003,3.7415000000000003,3.7115,3.7165,145,50
1748952000,3.7165,3.7435,3.7135,3.7395,148,50
1748955600,3.7395,3.7435,3.7195,3.7395,265,40
1748959200,3.7395,3.7845,3.7255000000000003,3.7315,442,40
1748962800,3.7315,3.7515,3.6855,3.7105,887,30
1748966400,3.7095000000000002,3.7285,3.6654999999999998,3.7255000000000003,960,20
1748970000,3.7255000000000003,3.7455,3.6905,3.6935000000000002,816,40
1748973600,3.6935000000000002,3.7365,3.6875,3.7345,483,40
1748977200,3.7345,3.7675,3.7185,3.7515,483,40
1748980800,3.7515,3.7965,3.7285,3.7375,787,40
1748984400,3.7375,3.7824999999999998,3.7285,3.7765,673,50
1748988000,3.7765,3.7805,3.7555,3.7635,269,50
1748991600,3.7635,3.7635,3.7325,3.7345,112,50
1748998800,3.7535,3.7535,3.7445,3.7475,76,200
1749002400,3.7475,3.7475,3.7425,3.7425,61,150
1749006000,3.7425,3.7425,3.7305,3.7345,113,150
1749009600,3.7345,3.7345,3.7305,3.7315,67,150
1749013200,3.7315,3.7355,3.7305,3.7325,64,150
1749016800,3.7325,3.7355,3.7305,3.7335000000000003,66,150
1749020400,3.7315,3.7355,3.7315,3.7325,49,150
1749024000,3.7325,3.7335000000000003,3.7225,3.7225,71,150
1749027600,3.7225,3.7285,3.7015000000000002,3.7045,156,110
1749031200,3.7045,3.7165,3.7045,3.7105,149,110
1749034800,3.7105,3.7155,3.7035,3.7065,108,110
1749038400,3.7065,3.7255000000000003,3.7045,3.7235,150,110
1749042000,3.7235,3.7245,3.6955,3.7045,244,90
1749045600,3.7045,3.7625,3.7015000000000002,3.7485,478,60
1749049200,3.7485,3.7485,3.6995,3.7355,823,30
1749052800,3.7355,3.7565,3.6985,3.7315,948,30
1749056400,3.7315,3.7504999999999997,3.7225,3.7345,459,40
1749060000,3.7345,3.7435,3.7115,3.7265,517,40
1749063600,3.7265,3.7435,3.7065,3.7355,453,40
1749067200,3.7355,3.7495000000000003,3.7245,3.7475,298,50
1749070800,3.7475,3.7595,3.7415000000000003,3.7584999999999997,236,60
1749074400,3.7584999999999997,3.7705,3.7425,3.7475,163,50
1749078000,3.7485,3.7555,3.7185,3.7225,134,110
1749085200,3.7335000000000003,3.7345,3.7265,3.7325,109,200
1749088800,3.7325,3.7355,3.7305,3.7345,49,150
1749092400,3.7345,3.7345,3.7205,3.7205,96,150
1749096000,3.7205,3.7245,3.7175000000000002,3.7245,68,150
1749099600,3.7245,3.7255000000000003,3.7115,3.7185,76,150
1749103200,3.7185,3.7205,3.7075,3.7125,71,150
1749106800,3.7125,3.7145,3.7065,3.7065,69,150
1749110400,3.7075,3.7195,3.7065,3.7185,102,150
1749114000,3.7185,3.7365,3.7185,3.7295,164,120
1749117600,3.7295,3.7415000000000003,3.7225,3.7235,142,100
1749121200,3.7235,3.7285,3.7125,3.7225,149,100
1749124800,3.7225,3.7255000000000003,3.7115,3.7245,153,100
1749128400,3.7245,3.7355,3.7175000000000002,3.7235,174,90
1749132000,3.7235,3.7345,3.6915,3.7225,484,80
1749135600,3.7225,3.8215,3.7085,3.8125,1024,70
1749139200,3.8125,3.8235,3.7315,3.7335000000000003,1196,80
1749142800,3.7335000000000003,3.7365,3.6595,3.6965,1575,60
1749146400,3.6965,3.7895,3.6865,3.7865,1049,40
1749150000,3.7865,3.7895,3.7485,3.7755,605,40
1749153600,3.7755,3.7895,3.7495000000000003,3.7525,489,50
1749157200,3.7525,3.7555,3.6985,3.7135,527,50
1749160800,3.7135,3.7145,3.6955,3.7125,253,50
1749164400,3.7125,3.7125,3.6715,3.6755,121,110
1749171600,3.6965,3.6965,3.6885,3.6945,73,200
1749175200,3.6945,3.7115,3.6935000000000002,3.7095000000000002,76,160
1749178800,3.7095000000000002,3.7235,3.7035,3.7195,128,150
1749182400,3.7195,3.7295,3.7175000000000002,3.7275,74,150
1749186000,3.7275,3.7405,3.7275,3.7335000000000003,87,150
1749189600,3.7335000000000003,3.7445,3.7285,3.7435,101,150
1749193200,3.7445,3.7455,3.7365,3.7395,79,150
1749196800,3.7395,3.7475,3.7395,3.7475,86,140
1749200400,3.7475,3.7485,3.7255000000000003,3.7445,233,120
1749204000,3.7445,3.7445,3.7355,3.7375,122,110
1749207600,3.7375,3.7755,3.7375,3.7744999999999997,188,110
1749211200,3.7744999999999997,3.7875,3.7695,3.7744999999999997,213,100
1749214800,3.7744999999999997,3.7824999999999998,3.7595,3.7705,264,90
1749218400,3.7705,3.7815,3.7565,3.7765,496,80
1749222000,3.7765,3.7815,3.7275,3.7465,955,70
1749225600,3.7465,3.7675,3.7065,3.7365,930,70
1749229200,3.7365,3.7504999999999997,3.7215,3.7485,504,80
1749232800,3.7485,3.7595,3.7335000000000003,3.7405,408,80
1749236400,3.7405,3.8475,3.7385,3.8385,685,90
1749240000,3.8395,3.8565,3.8075,3.8515,951,90
1749243600,3.8515,3.8555,3.8105,3.8145,707,90
1749247200,3.8145,3.8305,3.8135,3.8235,225,100
1749250800,3.8235,3.8255,3.7935,3.8025,179,110
1749430800,3.7755,3.7895,3.7575,3.7695,257,190
1749434400,3.7695,3.7815,3.7675,3.7775,153,160
1749438000,3.7775,3.7805,3.7695,3.7785,132,150
1749441600,3.7785,3.7815,3.7755,3.7775,81,150
1749445200,3.7775,3.7855,3.7744999999999997,3.7805,89,150
1749448800,3.7805,3.7965,3.7785,3.7875,121,140
1749452400,3.7875,3.7875,3.7775,3.7835,81,140
1749456000,3.7835,3.7945,3.7824999999999998,3.7895,91,150
1749459600,3.7895,3.8005,3.7895,3.7984999999999998,165,120
1749463200,3.7984999999999998,3.8075,3.7885,3.7895,126,110
1749466800,3.7895,3.7895,3.7445,3.7495000000000003,228,100
1749470400,3.7485,3.7545,3.7385,3.7405,180,100
1749474000,3.7405,3.7405,3.7195,3.7335000000000003,192,90
1749477600,3.7335000000000003,3.7735,3.7285,3.7685,494,80
1749481200,3.7685,3.7965,3.7525,3.7595,975,70
1749484800,3.7595,3.7595,3.6505,3.6515,1196,70
1749488400,3.6515,3.7025,3.6285,3.6775,855,80
1749492000,3.6775,3.7395,3.6775,3.7335000000000003,678,80
1749495600,3.7335000000000003,3.7365,3.6615,3.6745,648,70
1749499200,3.6745,3.6945,3.6615,3.6715,576,100
1749502800,3.6715,3.6975,3.6475,3.6915,567,100
1749506400,3.6915,3.7015000000000002,3.6865,3.6945,165,100
1749510000,3.6945,3.6955,3.6425,3.6425,112,110
1749517200,3.6555,3.6675,3.6525,3.6605,127,190
1749520800,3.6605,3.6675,3.6574999999999998,3.6654999999999998,76,150
1749524400,3.6654999999999998,3.6825,3.6645,3.6805,116,150
1749528000,3.6805,3.6875,3.6745,3.6835,105,150
1749531600,3.6835,3.6905,3.6835,3.6835,79,150
1749535200,3.6835,3.6895,3.6814999999999998,3.6875,89,150
1749538800,3.6875,3.6875,3.6795,3.6814999999999998,61,150
1749542400,3.6814999999999998,3.6955,3.6695,3.6795,153,150
1749546000,3.6805,3.6925,3.6755,3.6905,174,110
1749549600,3.6905,3.7015000000000002,3.6835,3.6835,142,110
1749553200,3.6835,3.6925,3.6605,3.6645,131,110
1749556800,3.6645,3.6734999999999998,3.6595,3.6625,198,100
1749560400,3.6635,3.6805,3.6625,3.6785,208,90
1749564000,3.6785,3.7175000000000002,3.6525,3.6905,644,70
1749567600,3.6905,3.7075,3.6254999999999997,3.6445,1124,60
1749571200,3.6445,3.6845,3.6085000000000003,3.6095,1050,70
1749574800,3.6095,3.6295,3.6065,3.6155,623,70
1749578400,3.6155,3.6305,3.6085000000000003,3.6295,368,80
1749582000,3.6295,3.6295,3.5805,3.5895,473,80
1749585600,3.5895,3.6165000000000003,3.5785,3.5785,397,100
1749589200,3.5805,3.6045,3.5785,3.6015,462,100
1749592800,3.6015,3.6075,3.5955,3.5985,173,100
1749596400,3.5985,3.5995,3.5615,3.5665,105,110
1749603600,3.5905,3.5955,3.5775,3.5845000000000002,137,190
1749607200,3.5845000000000002,3.5945,3.5845000000000002,3.5885,90,150
1749610800,3.5885,3.5945,3.5885,3.5935,84,150
1749614400,3.5935,3.6215,3.5925000000000002,3.6185,138,150
1749618000,3.6185,3.6195,3.6025,3.6145,106,150
1749621600,3.6145,3.6155,3.6065,3.6085000000000003,72,150
1749628800,3.6065,3.6115,3.6005000000000003,3.6085000000000003,65,150
1749632400,3.6085000000000003,3.6215,3.6015,3.6165000000000003,218,120
1749636000,3.6165000000000003,3.6275,3.6135,3.6205,123,110
1749639600,3.6205,3.6275,3.6195,3.6265,112,110
1749643200,3.6265,3.6405,3.6155,3.6375,179,110
1749646800,3.6375,3.6455,3.6295,3.6445,233,90
1749650400,3.6445,3.6695,3.6395,3.6635,276,70
1749654000,3.6635,3.6875,3.6315,3.6455,839,80
1749657600,3.6455,3.6855,3.6205,3.6555,1079,70
1749661200,3.6555,3.6595,3.5695,3.5745,755,60
1749664800,3.5745,3.5915,3.5435,3.5564999999999998,620,80
1749668400,3.5564999999999998,3.6155,3.5324999999999998,3.5945,925,80
1749672000,3.5945,3.6035,3.5575,3.5995,481,90
1749675600,3.5995,3.6045,3.5675,3.5965,536,90
1749679200,3.5965,3.6075,3.5835,3.5835,216,100
1749682800,3.5835,3.5915,3.5665,3.5675,122,110
1749690000,3.5965,3.6005000000000003,3.5905,3.5925000000000002,100,200
1749693600,3.5925000000000002,3.5955,3.5865,3.5945,79,160
1749697200,3.5945,3.6015,3.5935,3.6015,104,150
1749700800,3.6015,3.6135,3.5955,3.6125,115,150
1749704400,3.6125,3.6185,3.6115,3.6125,79,150
1749708000,3.6125,3.6175,3.6085000000000003,3.6145,93,150
1749711600,3.6145,3.6175,3.6125,3.6155,56,150
1749715200,3.6155,3.6235,3.6145,3.6235,79,150
1749718800,3.6235,3.6535,3.6205,3.6535,168,120
1749722400,3.6535,3.6545,3.6465,3.6475,102,110
1749726000,3.6475,3.6645,3.6455,3.6645,120,110
1749729600,3.6645,3.6715,3.6585,3.6665,148,110
1749733200,3.6665,3.6915,3.6625,3.6905,234,90
1749736800,3.6905,3.7115,3.6545,3.6645,593,70
1749740400,3.6645,3.6725,3.6375,3.6685,759,70
1749744000,3.6685,3.6975,3.6625,3.6795,747,60
1749747600,3.6795,3.6825,3.6345,3.6485,873,30
1749751200,3.6485,3.6565,3.5865,3.5865,811,30
1749754800,3.5865,3.6285,3.5765000000000002,3.6055,603,40
1749758400,3.6055,3.6125,3.5535,3.5595,547,50
1749762000,3.5595,3.6005000000000003,3.5564999999999998,3.5885,544,50
1749765600,3.5885,3.6185,3.5875,3.6135,232,50
1749769200,3.6135,3.6175,3.5885,3.5915,89,60
1749776400,3.6254999999999997,3.6265,3.6095,3.6175,124,100
1749780000,3.6165000000000003,3.6245000000000003,3.6165000000000003,3.6245000000000003,90,70
1749783600,3.6245000000000003,3.6574999999999998,3.5925000000000002,3.6525,205,80
1749787200,3.6525,3.6734999999999998,3.6414999999999997,3.6565,141,710
1749790800,3.6565,3.6565,3.6105,3.6125,134,700
1749794400,3.6125,3.6375,3.6045,3.6315,172,290
1749798000,3.6275,3.6334999999999997,3.6235,3.6265,108,290
1749801600,3.6265,3.6265,3.6105,3.6155,105,290
1749805200,3.6155,3.6225,3.5965,3.5995,201,60
1749808800,3.5995,3.6055,3.5855,3.6015,165,50
1749812400,3.6015,3.6215,3.6015,3.6175,162,50
1749816000,3.6175,3.6305,3.5995,3.6275,195,40
1749819600,3.6275,3.6405,3.6205,3.6275,213,50
1749823200,3.6275,3.6365,3.5975,3.6075,453,20
1749826800,3.6075,3.6505,3.6055,3.6105,651,30
1749830400,3.6105,3.6465,3.6005000000000003,3.6375,922,40
1749834000,3.6375,3.6615,3.6305,3.6605,552,40
1749837600,3.6605,3.6665,3.6275,3.6375,357,40
1749841200,3.6375,3.6455,3.6135,3.6225,465,40
1749844800,3.6225,3.6675,3.6225,3.6574999999999998,340,50
1749848400,3.6574999999999998,3.6835,3.6475,3.6795,457,50
1749852000,3.6795,3.6925,3.6755,3.6825,225,50
1749855600,3.6825,3.6845,3.6574999999999998,3.6605,120,60
1750035600,3.7984999999999998,3.8005,3.7265,3.7315,323,370
1750039200,3.7315,3.7385,3.7175000000000002,3.7355,115,300
1750042800,3.7355,3.7475,3.7355,3.7425,100,290
1750046400,3.7425,3.7455,3.7295,3.7355,141,290
1750050000,3.7355,3.7375,3.7275,3.7315,64,290
1750053600,3.7315,3.7325,3.7215,3.7235,75,300
1750057200,3.7245,3.7325,3.7205,3.7315,85,290
1750060800,3.7315,3.7455,3.7315,3.7345,97,290
1750064400,3.7345,3.7385,3.7255000000000003,3.7375,110,220
1750068000,3.7375,3.7615,3.7375,3.7575,118,210
1750071600,3.7575,3.7595,3.7504999999999997,3.7565,86,200
1750075200,3.7565,3.7595,3.7515,3.7595,82,210
1750078800,3.7595,3.7895,3.7575,3.7795,161,170
1750082400,3.7795,3.7935,3.7525,3.7605,264,160
1750086000,3.7605,3.7715,3.7375,3.7605,650,40
1750089600,3.7605,3.8075,3.7595,3.7685,698,30
1750093200,3.7685,3.7895,3.7215,3.7575,780,30
1750096800,3.7575,3.7835,3.7555,3.7615,378,40
1750100400,3.7615,3.8135,3.7615,3.7995,473,30
1750104000,3.7995,3.8095,3.7935,3.8075,234,50
1750107600,3.8255,3.8425000000000002,3.8145,3.8235,562,40
1750111200,3.8235,3.8325,3.8175,3.8265000000000002,191,60
1750114800,3.8265000000000002,3.8285,3.7975,3.7995,103,50
1750122000,3.8205,3.8285,3.8115,3.8285,186,100
1750125600,3.8285,3.8285,3.8195,3.8255,127,80
1750129200,3.8255,3.8255,3.8105,3.8195,107,80
1750132800,3.8195,3.8315,3.8195,3.8295,103,80
1750136400,3.8295,3.8585000000000003,3.8285,3.8575,119,80
1750140000,3.8575,3.8635,3.8405,3.8435,201,70
1750143600,3.8445,3.8525,3.8445,3.8485,104,80
1750147200,3.8485,3.8535,3.8455,3.8515,117,80
1750150800,3.8515,3.8665000000000003,3.8485,3.8585000000000003,204,70
1750154400,3.8585000000000003,3.8735,3.8535,3.8715,139,60
1750158000,3.8715,3.8785,3.8655,3.8775,119,60
1750161600,3.8775,3.8875,3.8675,3.8834999999999997,139,60
1750165200,3.8834999999999997,3.8885,3.8765,3.8834999999999997,143,50
1750168800,3.8834999999999997,3.9225,3.8725,3.9045,437,40
1750172400,3.9045,3.9095,3.8515,3.8655,775,40
1750176000,3.8655,3.9314999999999998,3.8615,3.9234999999999998,1024,30
1750179600,3.9234999999999998,3.9585,3.9015,3.9525,783,40
1750183200,3.9525,3.9655,3.9335,3.9485,541,40
1750186800,3.9485,3.9485,3.9045,3.9065,663,40
1750190400,3.9065,3.9265,3.8805,3.8914999999999997,558,50
1750194000,3.8905,3.9565,3.8795,3.9515000000000002,581,50
1750197600,3.9515000000000002,3.9685,3.9515000000000002,3.9645,249,50
1750201200,3.9645,3.9665,3.9345,3.9395,135,60
1750208400,3.9405,3.9605,3.9385,3.9485,147,380
1750212000,3.9485,3.9695,3.9475,3.9655,89,290
1750215600,3.9655,3.9795,3.9585,3.9775,113,290
1750219200,3.9775,3.9775,3.9655,3.9725,85,290
1750222800,3.9725,3.9745,3.9655,3.9705,59,290
1750226400,3.9665,3.9735,3.9595000000000002,3.9615,119,290
1750230000,3.9615,3.9635,3.9565,3.9615,63,290
1750233600,3.9615,3.9665,3.9585,3.9625,79,290
1750237200,3.9625,3.9665,3.9225,3.9314999999999998,179,210
1750240800,3.9314999999999998,3.9475,3.9305,3.9385,146,210
1750244400,3.9385,3.9485,3.9385,3.9415,139,210
1750248000,3.9415,3.9455,3.9095,3.9125,171,200
1750251600,3.9125,3.9455,3.9095,3.9425,233,160
1750255200,3.9425,4.0085,3.9415,3.9945,459,150
1750258800,3.9945,4.0265,3.9925,4.0065,659,160
1750262400,4.0075,4.0735,3.9945,4.0625,1205,40
1750266000,4.0625,4.0705,4.0255,4.0465,904,30
1750269600,4.0465,4.0645,4.0455,4.0525,571,20
1750273200,4.0525,4.0705,4.0315,4.0535,805,40
1750276800,4.0545,4.0765,4.0435,4.0685,422,40
1750280400,4.0685,4.0885,4.0425,4.0785,576,50
1750284000,4.0785,4.0875,4.0525,4.0805,215,50
1750287600,4.0805,4.0805,4.0375,4.0405,143,50
1750294800,4.0505,4.0555,4.0455,4.0525,105,390
1750298400,4.0525,4.0595,4.0485,4.0585,79,290
1750302000,4.0585,4.0585,4.0425,4.0435,103,290
1750305600,4.0435,4.0575,4.0425,4.0555,87,290
1750309200,4.0555,4.0595,4.0535,4.0565,64,280
1750312800,4.0565,4.0565,4.0465,4.0535,60,290
1750316400,4.0545,4.0555,4.0505,4.0515,71,290
1750320000,4.0515,4.0685,4.0475,4.0685,97,280
1750323600,4.0685,4.0775,4.0595,4.0715,156,220
1750327200,4.0715,4.0725,4.0485,4.0565,214,210
1750330800,4.0565,4.0635,4.0535,4.0595,145,210
1750334400,4.0595,4.0735,4.0555,4.0665,113,210
1750338000,4.0665,4.0805,4.0605,4.0795,136,160
1750341600,4.0795,4.0865,4.0595,4.0665,249,160
1750345200,4.0665,4.0855,4.0535,4.0815,470,160
1750348800,4.0815,4.1285,4.0745,4.1275,470,160
1750352400,4.1275,4.1445,4.1165,4.1415,303,160
1750356000,4.1415,4.1775,4.1355,4.1675,415,160
1750359600,4.1675,4.1845,4.1505,4.1585,334,190
1750363200,4.1585,4.1625,4.1505,4.1545,39,200
1750381200,4.1335,4.1505,4.1295,4.1395,110,380
1750384800,4.1395,4.1575,4.1335,4.1575,85,300
1750388400,4.1575,4.1665,4.1505,4.1595,144,290
1750392000,4.1595,4.1655,4.1555,4.1585,78,290
1750395600,4.1585,4.1655,4.1565,4.1635,71,290
1750399200,4.1635,4.1645,4.1555,4.1585,89,290
1750402800,4.1545,4.1655,4.1535,4.1625,78,290
1750406400,4.1635,4.1685,4.1575,4.1605,100,280
1750410000,4.1605,4.1635,4.1465,4.1625,170,220
1750413600,4.1625,4.1735,4.1625,4.1675,101,220
1750417200,4.1675,4.1695,4.1535,4.1535,144,220
1750420800,4.1535,4.1615,4.1515,4.1525,123,210
1750424400,4.1525,4.1935,4.1515,4.1935,197,170
1750428000,4.1935,4.2205,4.1705,4.1865,553,160
1750431600,4.1865,4.1905,4.0855,4.0975,915,150
1750435200,4.0975,4.1225,4.0345,4.0625,1278,80
1750438800,4.0625,4.0745,4.0405,4.0525,961,80
1750442400,4.0525,4.0635,3.9835000000000003,3.9835000000000003,777,80
1750446000,3.9835000000000003,3.9975,3.9285,3.9375,787,70
1750449600,3.9375,3.9695,3.9265,3.9495,824,100
1750453200,3.9505,3.9655,3.9145,3.9595000000000002,749,90
1750456800,3.9595000000000002,3.9855,3.9585,3.9815,299,100
1750460400,3.9815,3.9855,3.9605,3.9655,137,110
1750640400,3.9945,4.0035,3.9645,3.9765,261,380
1750644000,3.9765,3.9865,3.9735,3.9865,98,300
1750647600,3.9865,3.9955,3.9855,3.9935,111,290
1750651200,3.9935,3.9955,3.9845,3.9875,111,290
1750654800,3.9875,3.9925,3.9825,3.9905,120,290
1750658400,3.9905,3.9955,3.9835000000000003,3.9875,152,290
1750662000,3.9875,3.9935,3.9875,3.9905,103,290
1750665600,3.9895,3.9895,3.9695,3.9785,117,290
1750669200,3.9785,3.9865,3.9695,3.9825,160,220
1750672800,3.9825,3.9855,3.9735,3.9815,153,210
1750676400,3.9815,3.9835000000000003,3.9465,3.9485,143,210
1750680000,3.9485,3.9745,3.9285,3.9725,209,200
1750683600,3.9725,3.9755000000000003,3.9505,3.9665,220,170
1750687200,3.9665,3.9835000000000003,3.9185,3.9465,555,80
1750690800,3.9465,3.9605,3.8725,3.9055,1557,60
1750694400,3.9045,3.9205,3.8375,3.8555,1316,70
1750698000,3.8555,3.8585000000000003,3.8105,3.8165,866,70
1750701600,3.8165,3.8585000000000003,3.7975,3.8325,746,80
1750705200,3.8325,3.8435,3.8185000000000002,3.8235,750,80
1750708800,3.8235,3.8245,3.7824999999999998,3.7995,745,90
1750712400,3.7995,3.8145,3.7875,3.8135,510,100
1750716000,3.8145,3.8185000000000002,3.7955,3.7955,172,100
1750719600,3.7955,3.7955,3.7535,3.7555,143,110
1750726800,3.7655,3.7685,3.7435,3.7435,158,370
1750730400,3.7435,3.7655,3.7385,3.7655,88,310
1750734000,3.7655,3.7705,3.7545,3.7615,135,290
1750737600,3.7615,3.7685,3.7584999999999997,3.7605,92,290
1750741200,3.7605,3.7655,3.7575,3.7605,75,290
1750744800,3.7615,3.7615,3.7504999999999997,3.7565,93,290
1750748400,3.7565,3.7575,3.7475,3.7504999999999997,70,290
1750752000,3.7504999999999997,3.7515,3.7405,3.7415000000000003,77,290
1750755600,3.7415000000000003,3.7425,3.6795,3.6955,204,220
1750759200,3.6955,3.7365,3.6855,3.7365,298,200
1750762800,3.7365,3.7425,3.7155,3.7245,212,210
1750766400,3.7245,3.7405,3.7215,3.7395,170,210
1750770000,3.7395,3.7595,3.7265,3.7595,223,170
1750773600,3.7595,3.7635,3.7295,3.7365,359,150
1750777200,3.7365,3.7815,3.7315,3.7655,685,40
1750780800,3.7655,3.7655,3.6975,3.7295,802,20
1750784400,3.7295,3.7504999999999997,3.7165,3.7175000000000002,759,40
1750788000,3.7175000000000002,3.7305,3.6825,3.6975,520,30
1750791600,3.6975,3.6985,3.6565,3.6705,458,40
1750795200,3.6705,3.6755,3.6494999999999997,3.6645,396,50
1750798800,3.6645,3.6715,3.6465,3.6605,517,50
1750802400,3.6605,3.6645,3.6525,3.6635,188,50
1750806000,3.6635,3.6814999999999998,3.6535,3.6545,113,60
1750813200,3.6734999999999998,3.6775,3.6654999999999998,3.6665,134,110
1750816800,3.6665,3.6775,3.6615,3.6765,71,160
1750820400,3.6765,3.6925,3.6675,3.6915,158,150
1750824000,3.6925,3.6955,3.6865,3.6915,91,150
1750827600,3.6915,3.6995,3.6915,3.6925,88,150
1750831200,3.6915,3.6925,3.6814999999999998,3.6814999999999998,73,150
1750834800,3.6825,3.6905,3.6785,3.6905,77,150
1750838400,3.6905,3.6925,3.6825,3.6825,106,150
1750842000,3.6825,3.6825,3.6675,3.6795,167,110
1750845600,3.6795,3.6825,3.6505,3.6515,133,110
1750849200,3.6515,3.6525,3.6455,3.6515,100,110
1750852800,3.6515,3.6545,3.6455,3.6465,91,110
1750856400,3.6465,3.6465,3.6295,3.6345,155,90
1750860000,3.6345,3.6535,3.6225,3.6405,262,90
1750863600,3.6405,3.6535,3.6105,3.6325,746,70
1750867200,3.6325,3.6435,3.5985,3.6025,765,40
1750870800,3.6025,3.6305,3.5995,3.6225,408,40
1750874400,3.6225,3.6334999999999997,3.6165000000000003,3.6265,427,40
1750878000,3.6265,3.6525,3.6175,3.6365,395,40
1750881600,3.6365,3.6375,3.5985,3.5995,444,30
1750885200,3.5995,3.6065,3.5555,3.5605,609,50
1750888800,3.5605,3.5855,3.5555,3.5805,226,40
1750892400,3.5805,3.5865,3.5615,3.5645,80,60
1750899600,3.5845000000000002,3.5965,3.5815,3.5865,125,110
1750903200,3.5865,3.5895,3.5665,3.5765000000000002,66,110
1750906800,3.5765000000000002,3.5805,3.5745,3.5785,91,290
1750910400,3.5785,3.5835,3.5745,3.5795,69,290
1750914000,3.5795,3.5805,3.5685000000000002,3.5755,73,290
1750917600,3.5715,3.5765000000000002,3.5715,3.5745,40,300
1750921200,3.5745,3.5745,3.5615,3.5725,37,290
1750924800,3.5725,3.5725,3.5585,3.5625,90,290
1750928400,3.5625,3.5685000000000002,3.5495,3.5495,166,220
1750932000,3.5515,3.5555,3.5484999999999998,3.5505,106,220
1750935600,3.5505,3.5615,3.5455,3.5545,69,220
1750939200,3.5545,3.5555,3.5295,3.5345,100,210
1750942800,3.5345,3.5435,3.5235,3.5375,174,170
1750946400,3.5375,3.5575,3.5185,3.5564999999999998,261,40
1750950000,3.5564999999999998,3.5905,3.5265,3.5665,735,40
1750953600,3.5665,3.5705,3.5185,3.5265,591,40
1750957200,3.5265,3.5355,3.4085,3.4435000000000002,1424,30
1750960800,3.4435000000000002,3.4675000000000002,3.4295,3.4455,675,40
1750964400,3.4455,3.4595000000000002,3.4325,3.4485,422,40
1750968000,3.4475,3.5244999999999997,3.4415,3.5225,901,50
1750971600,3.5225,3.5404999999999998,3.4755,3.5404999999999998,1066,50
1750975200,3.5404999999999998,3.5435,3.5235,3.5425,169,40
1750978800,3.5415,3.5465,3.5115,3.5125,93,60
1750986000,3.5275,3.5305,3.5164999999999997,3.5205,140,100
1750989600,3.5185,3.5355,3.5164999999999997,3.5355,68,160
1750993200,3.5355,3.5445,3.5345,3.5435,99,150
1750996800,3.5435,3.5555,3.5435,3.5545,112,150
1751000400,3.5555,3.5715,3.5535,3.5695,98,150
1751004000,3.5705,3.5745,3.5615,3.5645,114,140
1751007600,3.5645,3.5705,3.5625,3.5695,68,150
1751011200,3.5705,3.5795,3.5685000000000002,3.5765000000000002,106,150
1751014800,3.5765000000000002,3.6075,3.5735,3.6055,241,120
1751018400,3.6055,3.6105,3.6015,3.6035,100,110
1751022000,3.6035,3.6265,3.6035,3.6254999999999997,164,110
1751025600,3.6254999999999997,3.6275,3.6195,3.6254999999999997,102,100
1751029200,3.6254999999999997,3.6385,3.6115,3.6205,244,90
1751032800,3.6195,3.6475,3.6085000000000003,3.6115,373,70
1751036400,3.6115,3.6465,3.5915,3.6195,788,40
1751040000,3.6205,3.6865,3.6005000000000003,3.6765,1117,30
1751043600,3.6765,3.7085,3.6654999999999998,3.6865,586,40
1751047200,3.6865,3.7175000000000002,3.6785,3.7155,505,40
1751050800,3.7175000000000002,3.7225,3.6925,3.7015000000000002,420,30
1751054400,3.7015000000000002,3.7415000000000003,3.6915,3.7305,355,50
1751058000,3.7295,3.7525,3.7295,3.7315,467,50
1751061600,3.7315,3.7385,3.7265,3.7375,154,50
1751065200,3.7365,3.7504999999999997,3.7175000000000002,3.7185,102,60
1751245200,3.7245,3.7275,3.6635,3.6654999999999998,333,100
1751248800,3.6654999999999998,3.6665,3.6545,3.6595,145,70
1751252400,3.6595,3.6625,3.6505,3.6615,111,80
1751256000,3.6615,3.6645,3.6555,3.6585,75,70
1751259600,3.6585,3.6615,3.6574999999999998,3.6585,87,70
1751263200,3.6595,3.6725,3.6595,3.6635,107,80
1751266800,3.6635,3.6645,3.6555,3.6645,85,80
1751270400,3.6645,3.6785,3.6595,3.6755,103,80
1751274000,3.6755,3.6814999999999998,3.6334999999999997,3.6365,242,60
1751277600,3.6355,3.6414999999999997,3.6325,3.6365,121,60
1751281200,3.6395,3.6525,3.6355,3.6355,170,40
1751284800,3.6355,3.6365,3.6065,3.6095,176,40
1751288400,3.6095,3.6095,3.5805,3.5905,254,40
1751292000,3.5915,3.5995,3.5785,3.5905,509,30
1751295600,3.5915,3.5965,3.5315,3.5335,737,30
1751299200,3.5324999999999998,3.5575,3.4965,3.4985,1070,40
1751302800,3.4985,3.5035,3.4515000000000002,3.4795,755,70
1751306400,3.4795,3.4825,3.4595000000000002,3.4705,525,80
1751310000,3.4705,3.4765,3.4275,3.4445,692,80
1751313600,3.4455,3.4575,3.4275,3.4305,638,100
1751317200,3.4305,3.4725,3.4275,3.4575,543,100
1751320800,3.4575,3.4575,3.4445,3.4495,221,100
1751324400,3.4495,3.4525,3.4245,3.4335,126,110
1751331600,3.4545,3.4665,3.4505,3.4635,141,200
1751335200,3.4635,3.4685,3.4595000000000002,3.4655,75,160
1751338800,3.4655,3.4725,3.4645,3.4675000000000002,81,150
1751342400,3.4685,3.4685,3.4465,3.4465,105,130
1751346000,3.4475,3.4555,3.4455,3.4545,81,150
1751349600,3.4545,3.4605,3.4485,3.4565,90,150
1751353200,3.4565,3.4715,3.4535,3.4685,91,150
1751356800,3.4665,3.4715,3.4395,3.4425,103,150
1751360400,3.4425,3.4425,3.4185,3.4295,207,110
1751364000,3.4295,3.4305,3.3925,3.3995,235,100
1751367600,3.4015,3.4085,3.3865,3.4055,193,110
1751371200,3.4055,3.4185,3.4005,3.4135,176,110
1751374800,3.4135,3.4485,3.4074999999999998,3.4445,302,90
1751378400,3.4445,3.4675000000000002,3.4135,3.4145,544,80
1751382000,3.4145,3.4285,3.3405,3.3705,1100,70
1751385600,3.3705,3.4015,3.3235,3.3285,1275,70
1751389200,3.3285,3.3685,3.3015,3.3575,923,80
1751392800,3.3575,3.3875,3.3505,3.3805,605,80
1751396400,3.3805,3.4105,3.3745,3.3985,521,80
1751400000,3.3985,3.4045,3.3745,3.3905,514,100
1751403600,3.3905,3.4415,3.3885,3.4125,716,100
1751407200,3.4125,3.4165,3.4035,3.4115,174,100
1751410800,3.4115,3.4365,3.4015,3.4025,154,110
1751418000,3.4205,3.4215,3.4095,3.4145,136,200
1751421600,3.4145,3.4195,3.4095,3.4195,76,160
1751425200,3.4195,3.4275,3.4154999999999998,3.4154999999999998,114,150
1751428800,3.4165,3.4245,3.4154999999999998,3.4245,58,160
1751432400,3.4245,3.4265,3.4215,3.4245,67,150
1751436000,3.4245,3.4295,3.4145,3.4175,93,150
1751439600,3.4175,3.4355,3.4135,3.4325,93,150
1751443200,3.4325,3.4465,3.4325,3.4425,122,150
1751446800,3.4425,3.4445,3.3855,3.3965,248,120
1751450400,3.3975,3.4215,3.3915,3.3915,244,110
1751454000,3.3915,3.3955,3.3815,3.3915,158,110
1751457600,3.3915,3.3915,3.3715,3.3895,176,100
1751461200,3.3895,3.4255,3.3895,3.4234999999999998,256,90
1751464800,3.4234999999999998,3.4345,3.3935,3.3975,486,80
1751468400,3.3985,3.4845,3.3985,3.4725,915,80
1751472000,3.4715,3.5055,3.4415,3.4855,913,80
1751475600,3.4855,3.5244999999999997,3.4805,3.5164999999999997,556,80
1751479200,3.5164999999999997,3.5164999999999997,3.4655,3.4955,485,80
1751482800,3.4935,3.5175,3.4815,3.5164999999999997,448,80
1751486400,3.5175,3.5215,3.4915,3.5035,346,100
1751490000,3.5035,3.5115,3.4825,3.4935,313,100
1751493600,3.4935,3.4985,3.4815,3.4845,124,100
1751497200,3.4845,3.4845,3.4535,3.4645,114,110
1751504400,3.4995,3.5145,3.4965,3.5115,111,200
1751508000,3.5115,3.5155,3.5035,3.5084999999999997,79,150
1751511600,3.5084999999999997,3.5195,3.5075,3.5075,96,150
1751515200,3.5075,3.5075,3.4965,3.4995,92,150
1751518800,3.4995,3.5045,3.4995,3.5025,48,150
1751522400,3.5025,3.5045,3.4825,3.4895,127,140
1751526000,3.4895,3.4905,3.4775,3.4775,74,150
1751529600,3.4775,3.4975,3.4755,3.4945,97,150
1751533200,3.4935,3.5215,3.4875,3.5205,176,120
1751536800,3.5215,3.5495,3.5185,3.5385,187,110
1751540400,3.5385,3.5505,3.5385,3.5484999999999998,130,110
1751544000,3.5484999999999998,3.5555,3.5275,3.5345,164,110
1751547600,3.5355,3.5564999999999998,3.5345,3.5545,241,90
1751551200,3.5545,3.5675,3.5305,3.5415,424,80
1751554800,3.5415,3.5585,3.5205,3.5465,716,80
1751558400,3.5455,3.5795,3.5235,3.5725,838,80
1751562000,3.5725,3.5795,3.4525,3.4785,1247,60
1751565600,3.4785,3.4935,3.4145,3.4435000000000002,1074,70
1751569200,3.4435000000000002,3.4645,3.4375,3.4515000000000002,525,80
1751572800,3.4515000000000002,3.4575,3.4135,3.4154999999999998,432,90
1751576400,3.4154999999999998,3.4234999999999998,3.3985,3.4005,427,90
1751580000,3.4005,3.4205,3.4005,3.4095,140,100
1751583600,3.4095,3.4145,3.3895,3.3905,61,90
1751590800,3.3955,3.4065,3.3945,3.4065,69,400
1751594400,3.4065,3.4125,3.4045,3.4125,76,300
1751598000,3.4125,3.4125,3.3975,3.4074999999999998,69,290
1751601600,3.4074999999999998,3.4074999999999998,3.4025,3.4045,61,290
1751605200,3.4045,3.4045,3.3985,3.4005,58,290
1751608800,3.4005,3.4095,3.3935,3.4095,87,290
1751612400,3.4055,3.4125,3.4025,3.4074999999999998,84,290
1751616000,3.4085,3.4085,3.3965,3.4015,91,280
1751619600,3.4015,3.4025,3.3765,3.3985,173,220
1751623200,3.3985,3.4035,3.3885,3.4035,132,210
1751626800,3.4025,3.4125,3.3955,3.4035,122,210
1751630400,3.4035,3.4145,3.3965,3.4005,150,210
1751634000,3.4015,3.4185,3.3975,3.4185,117,170
1751637600,3.4185,3.4355,3.4175,3.4314999999999998,173,170
1751641200,3.4305,3.4335,3.4015,3.4055,198,150
1751644800,3.4055,3.4105,3.3855,3.3905,273,160
1751648400,3.3905,3.3955,3.3715,3.3805,210,160
1751652000,3.3805,3.3975,3.3755,3.3905,208,160
1751655600,3.3905,3.3975,3.3705,3.3955,127,170
1751850000,3.3325,3.3385,3.3225,3.3385,143,390
1751853600,3.3385,3.3385,3.3145,3.3175,95,290
1751857200,3.3175,3.3225,3.3145,3.3185000000000002,116,290
1751860800,3.3185000000000002,3.3185000000000002,3.3064999999999998,3.3085,94,290
1751864400,3.3085,3.3125,3.3025,3.3105,70,290
1751868000,3.3064999999999998,3.3205,3.3064999999999998,3.3125,84,290
1751871600,3.3125,3.3165,3.3095,3.3145,81,290
1751875200,3.3145,3.3155,3.3075,3.3095,75,290
1751878800,3.3095,3.3135,3.2795,3.2904999999999998,195,220
1751882400,3.2904999999999998,3.2965,3.2824999999999998,3.2875,156,210
1751886000,3.2875,3.3064999999999998,3.2875,3.2995,121,220
1751889600,3.2995,3.3025,3.2865,3.2885,116,210
1751893200,3.2885,3.3005,3.2824999999999998,3.3005,163,180
1751896800,3.3005,3.3275,3.2984999999999998,3.3185000000000002,321,160
1751900400,3.3185000000000002,3.3645,3.3075,3.3605,699,70
1751904000,3.3605,3.4035,3.3555,3.3945,1055,80
1751907600,3.3945,3.4225,3.3645,3.4095,651,80
1751911200,3.4095,3.4655,3.4045,3.4565,729,80
1751914800,3.4565,3.4675000000000002,3.4325,3.4615,447,80
1751918400,3.4615,3.4815,3.4265,3.4345,517,90
1751922000,3.4345,3.4485,3.4055,3.4145,497,90
1751925600,3.4145,3.4185,3.4105,3.4185,130,100
1751929200,3.4185,3.4195,3.3905,3.3915,94,110
1751936400,3.4165,3.4165,3.4055,3.4085,67,200
1751940000,3.4074999999999998,3.4125,3.4065,3.4095,82,160
1751943600,3.4095,3.4135,3.3885,3.3905,106,150
1751947200,3.3905,3.3935,3.3875,3.3925,73,140
1751950800,3.3935,3.3955,3.3895,3.3935,49,150
1751954400,3.3955,3.4055,3.3945,3.4045,87,150
1751958000,3.4045,3.4055,3.3995,3.4045,82,150
1751961600,3.4055,3.4055,3.3965,3.4015,74,150
1751965200,3.4015,3.4085,3.3985,3.4065,159,120
1751968800,3.4065,3.4065,3.3905,3.3935,145,110
1751972400,3.3935,3.4015,3.3895,3.4005,133,110
1751976000,3.4005,3.4355,3.3935,3.4335,222,110
1751979600,3.4335,3.4675000000000002,3.4305,3.4615,338,80
1751983200,3.4615,3.4785,3.4275,3.4365,600,70
1751986800,3.4365,3.4555,3.3625,3.3945,919,70
1751990400,3.3945,3.4074999999999998,3.3595,3.3905,985,80
1751994000,3.3905,3.4035,3.3715,3.3725,495,80
1751997600,3.3725,3.3865,3.3655,3.3735,395,80
1752001200,3.3735,3.3765,3.3395,3.3655,436,80
1752004800,3.3655,3.3695,3.3485,3.3545,368,100
1752008400,3.3545,3.3655,3.3425000000000002,3.3445,523,100
1752012000,3.3445,3.3605,3.3435,3.3575,140,100
1752015600,3.3595,3.3705,3.3445,3.3445,138,110
1752022800,3.3575,3.3615,3.3425000000000002,3.3575,109,200
1752026400,3.3575,3.3615,3.3495,3.3515,103,150
1752030000,3.3515,3.3565,3.3445,3.3475,85,150
1752033600,3.3475,3.3475,3.3405,3.3455,69,150
1752037200,3.3455,3.3465,3.3405,3.3405,56,150
1752040800,3.3415,3.3435,3.3385,3.3435,65,150
1752044400,3.3435,3.3455,3.3425000000000002,3.3445,57,150
1752048000,3.3445,3.3465,3.3415,3.3445,61,150
1752051600,3.3445,3.3475,3.3025,3.3045,256,110
1752055200,3.3045,3.3095,3.2995,3.3015,146,110
1752058800,3.3015,3.3135,3.2975,3.2984999999999998,186,110
1752062400,3.2984999999999998,3.3025,3.2824999999999998,3.2824999999999998,135,110
1752066000,3.2824999999999998,3.2895,3.2765,3.2895,163,90
1752069600,3.2895,3.3315,3.2885,3.3305,370,80
1752073200,3.3305,3.3315,3.2365,3.2415,754,70
1752076800,3.2415,3.2445,3.2045,3.2275,962,80
1752080400,3.2275,3.2445,3.2105,3.2135,436,80
1752084000,3.2135,3.2155,3.1734999999999998,3.1765,505,80
1752087600,3.1765,3.2215,3.1725,3.2035,469,80
1752091200,3.2035,3.2155,3.1915,3.2005,481,100
1752094800,3.2015000000000002,3.2365,3.1995,3.2165,557,90
1752098400,3.2165,3.2265,3.2165,3.2205,166,100
1752102000,3.2205,3.2315,3.2025,3.2045,94,110
1752109200,3.2205,3.2205,3.2055,3.2095,109,200
1752112800,3.2095,3.2285,3.2065,3.2275,96,150
1752116400,3.2275,3.2315,3.2245,3.2285,102,150
1752120000,3.2295,3.2315,3.2215,3.2315,68,150
1752123600,3.2315,3.2355,3.2295,3.2325,72,150
1752127200,3.2325,3.2325,3.2125,3.2145,93,150
1752130800,3.2145,3.2225,3.2105,3.2215,74,150
1752134400,3.2215,3.2235,3.2095,3.2205,117,150
1752138000,3.2205,3.2405,3.2115,3.2345,164,110
1752141600,3.2345,3.2455,3.2345,3.2445,131,110
1752145200,3.2445,3.2545,3.2425,3.2535,128,110
1752148800,3.2535,3.2545,3.2355,3.2395,173,110
1752152400,3.2395,3.2585,3.2285,3.2515,257,90
1752156000,3.2515,3.2545,3.2085,3.2145,393,80
1752159600,3.2145,3.2915,3.2115,3.2685,785,70
1752163200,3.2695,3.3145,3.2495,3.2955,994,80
1752166800,3.2955,3.3455,3.2815,3.2965,976,70
1752170400,3.2965,3.3385,3.2915,3.3215,486,80
1752174000,3.3215,3.3545,3.3205,3.3355,370,70
1752177600,3.3355,3.3505,3.3145,3.3495,336,100
1752181200,3.3495,3.3785,3.3405,3.3455,471,50
1752184800,3.3455,3.3545,3.3385,3.3435,137,60
1752188400,3.3435,3.4074999999999998,3.3405,3.3715,335,60
1752195600,3.3745,3.3805,3.3655,3.3755,119,200
1752199200,3.3755,3.3815,3.3725,3.3755,99,150
1752202800,3.3755,3.3865,3.3685,3.3775,145,150
1752206400,3.3775,3.3805,3.3735,3.3745,77,150
1752210000,3.3745,3.3785,3.3705,3.3775,56,150
1752213600,3.3775,3.3785,3.3675,3.3715,86,150
1752217200,3.3715,3.3725,3.3635,3.3655,84,150
1752220800,3.3655,3.3755,3.3655,3.3755,76,150
1752224400,3.3755,3.3925,3.3755,3.3815,174,110
1752228000,3.3815,3.3835,3.3515,3.3535,188,110
1752231600,3.3555,3.3615,3.3535,3.3595,119,110
1752235200,3.3595,3.3635,3.3485,3.3565,141,110
1752238800,3.3565,3.3865,3.3565,3.3795,204,90
1752242400,3.3795,3.4154999999999998,3.3665,3.4135,466,80
1752246000,3.4135,3.4245,3.3625,3.3645,751,70
1752249600,3.3655,3.4154999999999998,3.3405,3.4035,817,40
1752253200,3.4035,3.4225,3.3975,3.4195,541,40
1752256800,3.4195,3.4335,3.3825,3.3865,462,40
1752260400,3.3865,3.3955,3.3505,3.3595,414,40
1752264000,3.3595,3.3825,3.3295,3.3315,377,50
1752267600,3.3325,3.3655,3.3165,3.3605,561,50
1752271200,3.3605,3.3855,3.3605,3.3805,263,50
1752274800,3.3805,3.3865,3.3565,3.3605,145,50
1752454800,3.4255,3.4545,3.4234999999999998,3.4335,319,100
1752458400,3.4335,3.4405,3.4135,3.4325,155,80
1752462000,3.4325,3.4405,3.4305,3.4405,96,80
1752465600,3.4405,3.4415,3.4345,3.4375,70,80
1752469200,3.4375,3.4425,3.4355,3.4385,67,80
1752472800,3.4385,3.4385,3.4185,3.4295,138,80
1752476400,3.4295,3.4515000000000002,3.4265,3.4465,117,80
1752480000,3.4465,3.4535,3.4455,3.4505,120,80
1752483600,3.4505,3.4755,3.4455,3.4745,224,60
1752487200,3.4745,3.4775,3.4635,3.4765,128,60
1752490800,3.4765,3.4855,3.4705,3.4855,96,60
1752494400,3.4855,3.4875,3.4835,3.4855,78,60
1752498000,3.4865,3.5065,3.4865,3.5045,161,50
1752501600,3.5045,3.5125,3.4705,3.4755,337,40
1752505200,3.4755,3.4795,3.4085,3.4165,777,40
1752508800,3.4165,3.5035,3.4125,3.4925,869,40
1752512400,3.4925,3.5135,3.4725,3.4755,489,40
1752516000,3.4755,3.4835,3.4555,3.4765,402,40
1752519600,3.4765,3.4765,3.4525,3.4565,289,40
1752523200,3.4565,3.5055,3.4455,3.5035,373,50
1752526800,3.5035,3.5055,3.4765,3.4885,564,50
1752530400,3.4885,3.4905,3.4665,3.4735,180,50
1752534000,3.4735,3.4825,3.4535,3.4545,107,60
1752541200,3.4735,3.4805,3.4695,3.4735,91,200
1752544800,3.4735,3.4835,3.4715,3.4835,67,160
1752548400,3.4835,3.4865,3.4675000000000002,3.4685,94,150
1752552000,3.4685,3.4715,3.4665,3.4665,56,150
1752555600,3.4665,3.4665,3.4545,3.4625,97,150
1752559200,3.4635,3.4705,3.4535,3.4585,118,150
1752562800,3.4585,3.4655,3.4585,3.4655,66,150
1752566400,3.4655,3.4695,3.4505,3.4535,118,150
1752570000,3.4535,3.4675000000000002,3.4385,3.4565,201,110
1752573600,3.4565,3.4615,3.4405,3.4545,159,100
1752577200,3.4545,3.4545,3.4435000000000002,3.4445,118,90
1752580800,3.4445,3.4635,3.4445,3.4585,129,110
1752584400,3.4585,3.4625,3.4255,3.4314999999999998,216,90
1752588000,3.4314999999999998,3.4595000000000002,3.4285,3.4395,383,80
1752591600,3.4395,3.4985,3.4335,3.4895,891,80
1752595200,3.4895,3.5135,3.4395,3.4475,954,80
1752598800,3.4475,3.5295,3.4465,3.5235,770,80
1752602400,3.5235,3.5365,3.4875,3.4965,581,80
1752606000,3.4965,3.5215,3.4795,3.5095,508,70
1752609600,3.5095,3.5595,3.5055,3.5585,526,100
1752613200,3.5585,3.5615,3.5375,3.5585,506,90
1752616800,3.5595,3.5595,3.5275,3.5324999999999998,215,100
1752620400,3.5324999999999998,3.5545,3.5205,3.5225,139,110
1752627600,3.5365,3.5455,3.5355,3.5435,77,200
1752631200,3.5435,3.5525,3.5425,3.5505,37,150
1752634800,3.5505,3.5515,3.5445,3.5475,63,150
1752638400,3.5475,3.5595,3.5465,3.5585,84,150
1752642000,3.5585,3.5585,3.5535,3.5564999999999998,46,150
1752645600,3.5564999999999998,3.5564999999999998,3.5404999999999998,3.5445,90,150
1752649200,3.5445,3.5484999999999998,3.5435,3.5484999999999998,62,150
1752652800,3.5484999999999998,3.5605,3.5484999999999998,3.5555,76,150
1752656400,3.5555,3.5675,3.5475,3.5665,165,110
1752660000,3.5665,3.5745,3.5625,3.5625,124,100
1752663600,3.5625,3.5645,3.5484999999999998,3.5505,107,110
1752667200,3.5505,3.5695,3.5425,3.5645,154,110
1752670800,3.5645,3.5715,3.5475,3.5525,163,90
1752674400,3.5525,3.5805,3.5375,3.5785,393,80
1752678000,3.5785,3.5985,3.5515,3.5945,827,80
1752681600,3.5945,3.6095,3.5685000000000002,3.5835,790,70
1752685200,3.5835,3.6015,3.5695,3.5975,536,80
1752688800,3.5975,3.6205,3.5865,3.6155,447,80
1752692400,3.6155,3.6165000000000003,3.5615,3.5655,506,80
1752696000,3.5665,3.5795,3.5305,3.5345,516,80
1752699600,3.5345,3.5905,3.5164999999999997,3.5885,592,100
1752703200,3.5885,3.5975,3.5825,3.5885,218,100
1752706800,3.5885,3.5925000000000002,3.5595,3.5595,99,110
1752714000,3.5745,3.5785,3.5715,3.5785,57,200
1752717600,3.5785,3.5825,3.5755,3.5825,73,160
1752721200,3.5825,3.5925000000000002,3.5815,3.5895,75,150
1752724800,3.5895,3.5935,3.5865,3.5865,44,150
1752728400,3.5885,3.5885,3.5815,3.5815,55,150
1752732000,3.5815,3.5845000000000002,3.5765000000000002,3.5785,49,150
1752735600,3.5785,3.5805,3.5775,3.5785,42,150
1752739200,3.5785,3.5835,3.5605,3.5625,82,140
1752742800,3.5625,3.5715,3.5545,3.5695,152,110
1752746400,3.5695,3.6035,3.5685000000000002,3.5985,189,110
1752750000,3.5985,3.6005000000000003,3.5915,3.5945,104,110
1752753600,3.5945,3.5985,3.5785,3.5835,107,100
1752757200,3.5835,3.5845000000000002,3.5685000000000002,3.5745,170,90
1752760800,3.5745,3.6095,3.5615,3.5995,466,80
1752764400,3.5995,3.6475,3.5925000000000002,3.6305,703,80
1752768000,3.6305,3.6405,3.6015,3.6115,690,80
1752771600,3.6115,3.6334999999999997,3.5795,3.5955,948,70
1752775200,3.5955,3.6145,3.5695,3.6005000000000003,558,70
1752778800,3.6005000000000003,3.6005000000000003,3.5564999999999998,3.5635,396,80
1752782400,3.5635,3.5915,3.5605,3.5875,374,100
1752786000,3.5875,3.5885,3.5465,3.5735,471,100
1752789600,3.5745,3.5745,3.5545,3.5665,170,100
1752793200,3.5665,3.5665,3.5225,3.5225,107,110
1752800400,3.5375,3.5515,3.5345,3.5475,108,200
1752804000,3.5475,3.5515,3.5455,3.5515,30,160
1752807600,3.5515,3.5595,3.5505,3.5575,65,150
1752811200,3.5575,3.5575,3.5445,3.5475,56,150
1752814800,3.5465,3.5495,3.5425,3.5495,47,160
1752818400,3.5484999999999998,3.5575,3.5465,3.5515,80,150
1752822000,3.5515,3.5655,3.5515,3.5645,70,150
1752825600,3.5645,3.5715,3.5645,3.5655,81,150
1752829200,3.5655,3.6015,3.5605,3.5995,184,110
1752832800,3.5995,3.6015,3.5935,3.5945,132,110
1752836400,3.5945,3.6045,3.5935,3.6045,126,110
1752840000,3.6045,3.6065,3.5955,3.5975,110,110
1752843600,3.5975,3.5995,3.5855,3.5905,191,80
1752847200,3.5905,3.5965,3.5735,3.5765000000000002,256,80
1752850800,3.5765000000000002,3.6425,3.5745,3.6295,634,80
1752854400,3.6295,3.6494999999999997,3.6055,3.6185,641,80
1752858000,3.6185,3.6365,3.6085000000000003,3.6145,355,80
1752861600,3.6145,3.6205,3.5835,3.6105,527,80
1752865200,3.6105,3.6145,3.5765000000000002,3.6145,434,80
1752868800,3.6145,3.6185,3.5244999999999997,3.5365,1034,80
1752872400,3.5365,3.6005000000000003,3.5195,3.5965,603,100
1752876000,3.5965,3.6265,3.5955,3.6015,319,90
1752879600,3.6015,3.6055,3.5685000000000002,3.5725,143,110
1753059600,3.4835,3.4845,3.4295,3.4314999999999998,389,190
1753063200,3.4314999999999998,3.4314999999999998,3.4205,3.4234999999999998,134,150
1753066800,3.4234999999999998,3.4295,3.4154999999999998,3.4175,135,150
1753070400,3.4175,3.4275,3.4154999999999998,3.4225,117,150
1753074000,3.4225,3.4234999999999998,3.4165,3.4215,73,130
1753077600,3.4225,3.4234999999999998,3.4045,3.4225,150,150
1753081200,3.4225,3.4295,3.4225,3.4285,90,150
1753084800,3.4285,3.4295,3.4195,3.4234999999999998,96,150
1753088400,3.4234999999999998,3.4295,3.4154999999999998,3.4225,181,120
1753092000,3.4225,3.4285,3.4205,3.4285,133,110
1753095600,3.4285,3.4314999999999998,3.4185,3.4195,130,110
1753099200,3.4195,3.4225,3.4015,3.4055,164,100
1753102800,3.4055,3.4115,3.3895,3.3935,190,90
1753106400,3.3945,3.4305,3.3875,3.4245,445,80
1753110000,3.4245,3.4755,3.4245,3.4505,620,80
1753113600,3.4505,3.4535,3.3775,3.3815,959,60
1753117200,3.3815,3.3855,3.3525,3.3675,536,80
1753120800,3.3675,3.3675,3.3455,3.3465,406,80
1753124400,3.3465,3.3665,3.3405,3.3435,275,80
1753128000,3.3425000000000002,3.3465,3.3145,3.3175,343,100
1753131600,3.3175,3.3535,3.3155,3.3305,348,90
1753135200,3.3305,3.3425000000000002,3.3245,3.3325,138,100
1753138800,3.3325,3.3405,3.3185000000000002,3.3185000000000002,96,110
1753146000,3.3345000000000002,3.3395,3.3265000000000002,3.3395,90,200
1753149600,3.3365,3.3495,3.3365,3.3495,73,160
1753153200,3.3495,3.3515,3.3415,3.3445,80,150
1753156800,3.3435,3.3465,3.3415,3.3425000000000002,71,150
1753160400,3.3425000000000002,3.3445,3.3425000000000002,3.3425000000000002,32,160
1753164000,3.3425000000000002,3.3425000000000002,3.3315,3.3345000000000002,85,150
1753167600,3.3345000000000002,3.3355,3.3295,3.3315,73,150
1753171200,3.3315,3.3385,3.3305,3.3355,84,150
1753174800,3.3345000000000002,3.3355,3.3095,3.3135,222,110
1753178400,3.3135,3.3195,3.3095,3.3095,135,110
1753182000,3.3095,3.3095,3.2975,3.2975,148,110
1753185600,3.2975,3.3055,3.2955,3.3005,148,110
1753189200,3.3005,3.3005,3.2785,3.2975,206,90
1753192800,3.2975,3.3064999999999998,3.2645,3.2715,483,70
1753196400,3.2715,3.2895,3.2465,3.2545,702,30
1753200000,3.2535,3.2904999999999998,3.2495,3.2765,749,40
1753203600,3.2765,3.2875,3.2565,3.2635,419,40
1753207200,3.2635,3.2895,3.2635,3.2845,390,40
1753210800,3.2845,3.3035,3.2745,3.2845,364,40
1753214400,3.2845,3.2865,3.2745,3.2835,340,50
1753218000,3.2835,3.2915,3.2715,3.2795,343,50
1753221600,3.2795,3.2904999999999998,3.2785,3.2875,135,60
1753225200,3.2885,3.3035,3.2705,3.2705,139,50
1753232400,3.2915,3.2915,3.2805,3.2805,75,100
1753236000,3.2805,3.2915,3.2805,3.2895,82,80
1753239600,3.2895,3.2975,3.2875,3.2895,111,80
1753243200,3.2895,3.2965,3.2875,3.2955,69,80
1753246800,3.2955,3.3005,3.2835,3.2865,101,80
1753250400,3.2865,3.2904999999999998,3.2795,3.2904999999999998,83,80
1753254000,3.2904999999999998,3.2945,3.2875,3.2915,74,80
1753257600,3.2915,3.2935,3.2685,3.2735,150,70
1753261200,3.2735,3.2835,3.2615,3.2695,208,60
1753264800,3.2695,3.2785,3.2655,3.2715,132,60
1753268400,3.2725,3.2765,3.2675,3.2705,122,60
1753272000,3.2705,3.2755,3.2565,3.2645,135,60
1753275600,3.2645,3.2845,3.2625,3.2645,197,40
1753279200,3.2665,3.2665,3.2475,3.2515,284,40
1753282800,3.2505,3.2565,3.1935000000000002,3.2055,598,40
1753286400,3.2045,3.2105,3.1585,3.1635,780,40
1753290000,3.1635,3.1725,3.1265,3.1295,618,40
1753293600,3.1295,3.1575,3.1185,3.1525,591,40
1753297200,3.1525,3.1555,3.1235,3.1255,395,40
1753300800,3.1245,3.1415,3.1185,3.1185,361,50
1753304400,3.1185,3.1405,3.1125,3.1245,499,50
1753308000,3.1245,3.1245,3.1135,3.1235,182,50
1753311600,3.1235,3.1255,3.0905,3.0935,106,60
1753318800,3.1215,3.1265,3.1195,3.1235,101,100
1753322400,3.1225,3.1335,3.1225,3.1335,90,90
1753326000,3.1335,3.1415,3.1325,3.1375,157,80
1753329600,3.1375,3.1385,3.1265,3.1305,90,80
1753333200,3.1305,3.1375,3.1285,3.1345,70,80
1753336800,3.1355,3.1375,3.1205,3.1235,144,70
1753340400,3.1225,3.1275,3.1185,3.1225,95,70
1753344000,3.1225,3.1315,3.1205,3.1295,93,80
1753347600,3.1295,3.1465,3.1275,3.1425,143,60
1753351200,3.1425,3.1515,3.1365,3.1485,114,60
1753354800,3.1485,3.1515,3.1445,3.1475,82,60
1753358400,3.1475,3.1495,3.1445,3.1495,67,60
1753362000,3.1495,3.1515,3.1235,3.1275,132,50
1753365600,3.1275,3.1715,3.1275,3.1695,278,40
1753369200,3.1695,3.1995,3.1675,3.1814999999999998,496,40
1753372800,3.1825,3.2155,3.1685,3.1925,698,30
1753376400,3.1925,3.2145,3.1595,3.1775,836,20
1753380000,3.1775,3.1945,3.1685,3.1795,500,30
1753383600,3.1795,3.1835,3.1615,3.1695,356,40
1753387200,3.1695,3.1725,3.1325,3.1385,407,50
1753390800,3.1385,3.1685,3.1255,3.1605,372,50
1753394400,3.1605,3.1725,3.1585,3.1645,130,60
1753398000,3.1645,3.1665,3.1315,3.1375,59,60
1753405200,3.1675,3.1675,3.1535,3.1655,114,200
1753408800,3.1655,3.1675,3.1595,3.1625,45,160
1753412400,3.1635,3.1635,3.1555,3.1565,78,150
1753416000,3.1565,3.1645,3.1555,3.1635,58,150
1753419600,3.1645,3.1675,3.1595,3.1605,57,150
1753423200,3.1605,3.1605,3.1525,3.1545,60,150
1753426800,3.1545,3.1665,3.1485,3.1625,91,150
1753430400,3.1625,3.1725,3.1565,3.1665,117,150
1753434000,3.1665,3.1825,3.1425,3.1485,236,120
1753437600,3.1485,3.1555,3.1365,3.1455,175,100
1753441200,3.1435,3.1675,3.1425,3.1665,151,110
1753444800,3.1665,3.1805,3.1635,3.1775,151,110
1753448400,3.1775,3.2005,3.1734999999999998,3.1995,213,90
1753452000,3.1995,3.2035,3.1835,3.1985,287,80
1753455600,3.1985,3.2045,3.1365,3.1435,533,80
1753459200,3.1435,3.2065,3.1435,3.1945,739,80
1753462800,3.1945,3.2105,3.1825,3.1995,495,80
1753466400,3.1995,3.2095,3.1745,3.1925,381,80
1753470000,3.1925,3.1945,3.1575,3.1675,477,80
1753473600,3.1675,3.1805,3.1465,3.1635,520,100
1753477200,3.1635,3.1885,3.1635,3.1705,340,100
1753480800,3.1715,3.1765,3.1565,3.1565,160,100
1753484400,3.1565,3.1615,3.1325,3.1355,104,110
1753664400,3.1485,3.1734999999999998,3.1315,3.1685,259,180
1753668000,3.1685,3.1985,3.1675,3.1955,147,160
1753671600,3.1965,3.1995,3.1915,3.1945,87,150
1753675200,3.1945,3.1985,3.1885,3.1895,86,150
1753678800,3.1895,3.1915,3.1845,3.1915,71,150
1753682400,3.1925,3.1925,3.1845,3.1875,58,150
1753686000,3.1875,3.1885,3.1845,3.1885,64,150
1753689600,3.1885,3.1915,3.1665,3.1675,112,140
1753693200,3.1675,3.1765,3.1325,3.1465,311,110
1753696800,3.1465,3.1745,3.1435,3.1545,175,110
1753700400,3.1545,3.1675,3.1505,3.1585,143,110
1753704000,3.1585,3.1645,3.1365,3.1395,188,110
1753707600,3.1395,3.1555,3.1295,3.1485,198,90
1753711200,3.1485,3.1675,3.1355,3.1535,279,80
1753714800,3.1545,3.1915,3.1445,3.1795,489,80
1753718400,3.1795,3.2065,3.1495,3.1515,846,80
1753722000,3.1505,3.1505,3.1115,3.1155,571,50
1753725600,3.1155,3.1215,3.0995,3.1095,445,40
1753729200,3.1095,3.1135,3.0785,3.0805,412,20
1753732800,3.0805,3.0975,3.0785,3.0925,349,50
1753736400,3.0925,3.1205,3.0815,3.1085,625,50
1753740000,3.1085,3.1335,3.1045,3.1235,236,30
1753743600,3.1235,3.1295,3.0965,3.0965,108,60
1753750800,3.1215,3.1255,3.1155,3.1225,112,110
1753754400,3.1225,3.1265,3.1185,3.1265,59,160
1753758000,3.1265,3.1375,3.1255,3.1325,121,150
1753761600,3.1325,3.1385,3.1285,3.1325,78,150
1753765200,3.1325,3.1335,3.1285,3.1305,60,150
1753768800,3.1305,3.1345,3.1245,3.1335,103,150
1753772400,3.1335,3.1415,3.1315,3.1365,87,150
1753776000,3.1365,3.1395,3.1345,3.1375,62,150
1753779600,3.1375,3.1605,3.1375,3.1505,173,120
1753783200,3.1505,3.1505,3.1225,3.1245,208,90
1753786800,3.1245,3.1405,3.1245,3.1285,128,110
1753790400,3.1285,3.1545,3.1275,3.1545,144,110
1753794000,3.1545,3.1675,3.1445,3.1605,233,90
1753797600,3.1605,3.1705,3.1415,3.1455,264,80
1753801200,3.1455,3.1755,3.1435,3.1685,554,40
1753804800,3.1685,3.2085,3.1375,3.2045,699,40
1753808400,3.2045,3.2115,3.1755,3.1814999999999998,399,40
1753812000,3.1814999999999998,3.1825,3.1695,3.1745,244,40
1753815600,3.1745,3.1865,3.1675,3.1695,190,50
1753819200,3.1695,3.1765,3.1395,3.1605,373,40
1753822800,3.1605,3.1725,3.1475,3.1715,411,50
1753826400,3.1715,3.1865,3.1705,3.1865,137,50
1753830000,3.1855,3.1915,3.1595,3.1595,97,60
1753837200,3.1925,3.1945,3.1875,3.1875,89,100
1753840800,3.1875,3.1905,3.1875,3.1885,47,80
1753844400,3.1885,3.1885,3.1775,3.1785,95,80
1753848000,3.1785,3.1795,3.1705,3.1795,102,80
1753851600,3.1795,3.1825,3.1765,3.1785,68,70
1753855200,3.1795,3.1825,3.1755,3.1805,69,80
1753858800,3.1795,3.1835,3.1795,3.1805,44,80
1753862400,3.1805,3.1925,3.1805,3.1875,84,80
1753866000,3.1895,3.2125,3.1885,3.2125,225,60
1753869600,3.2125,3.2125,3.1995,3.2055,117,60
1753873200,3.2055,3.2055,3.1855,3.1915,128,60
1753876800,3.1915,3.2035,3.1835,3.2005,96,60
1753880400,3.2005,3.2115,3.1925,3.2085,147,50
1753884000,3.2085,3.2085,3.1325,3.1345,383,30
1753887600,3.1345,3.1375,3.0805,3.0825,799,40
1753891200,3.0825,3.0955,3.0545,3.0595,664,40
1753894800,3.0595,3.0735,3.0565,3.0725,392,40
1753898400,3.0725,3.0825,3.0465,3.0505,369,40
1753902000,3.0505,3.0875,3.0495,3.0785,323,40
1753905600,3.0775,3.0925,3.0715,3.0835,254,50
1753909200,3.0835,3.0885,3.0675,3.0715,313,50
1753912800,3.0715,3.0815,3.0585,3.0615,138,50
1753916400,3.0615,3.0615,3.0235,3.0235,114,50
1753923600,3.0555,3.0635,3.0545,3.0575,129,110
1753927200,3.0575,3.0625,3.0495,3.0555,88,80
1753930800,3.0555,3.0605,3.0495,3.0555,118,80
1753934400,3.0565,3.0565,3.0345,3.0355,122,70
1753938000,3.0355,3.0375,3.0275,3.0345,102,80
1753941600,3.0355,3.0435,3.0345,3.0385,87,80
1753945200,3.0385,3.0415,3.0355,3.0415,77,80
1753948800,3.0415,3.0485,3.0405,3.0435,96,80
1753952400,3.0435,3.0475,3.0215,3.0305,219,60
1753956000,3.0305,3.0415,3.0275,3.0395,110,60
1753959600,3.0395,3.0465,3.0365,3.0435,92,60
1753963200,3.0435,3.0655,3.0435,3.0615,123,60
1753966800,3.0615,3.0725,3.0495,3.0695,184,20
1753970400,3.0695,3.0755,3.0525,3.0735,226,40
1753974000,3.0735,3.0905,3.0415,3.0725,679,40
1753977600,3.0715,3.0715,3.0225,3.0605,790,30
1753981200,3.0605,3.0725,3.0085,3.0675,1019,10
1753984800,3.0675,3.1085,3.0655,3.0915,606,40
1753988400,3.0915,3.0955,3.0525,3.0595,386,40
1753992000,3.0595,3.1445,3.0545,3.1295,898,50
1753995600,3.1295,3.1415,3.1155,3.1245,476,50
1753999200,3.1245,3.1275,3.1195,3.1215,139,60
1754002800,3.1215,3.1375,3.1085,3.1095,79,60
1754010000,3.1285,3.1285,3.1185,3.1235,133,110
1754013600,3.1235,3.1295,3.1195,3.1245,106,80
1754017200,3.1245,3.1345,3.1125,3.1215,133,80
1754020800,3.1215,3.1305,3.1195,3.1245,101,70
1754024400,3.1245,3.1325,3.1225,3.1275,103,80
1754028000,3.1275,3.1335,3.1275,3.1315,57,80
1754031600,3.1315,3.1325,3.1245,3.1315,83,80
1754035200,3.1315,3.1345,3.1265,3.1295,64,80
1754038800,3.1295,3.1495,3.1245,3.1465,214,60
1754042400,3.1465,3.1545,3.1355,3.1395,161,60
1754046000,3.1395,3.1405,3.1255,3.1305,89,60
1754049600,3.1305,3.1355,3.1225,3.1305,102,60
1754053200,3.1305,3.1355,3.1235,3.1325,115,50
1754056800,3.1325,3.1355,3.1035,3.1175,287,30
1754060400,3.1175,3.1665,3.1025,3.1625,633,40
1754064000,3.1615,3.1615,3.1155,3.1235,820,40
1754067600,3.1235,3.1475,3.0875,3.1355,683,30
1754071200,3.1375,3.1555,3.1255,3.1385,414,40
1754074800,3.1385,3.1435,3.1075,3.1075,369,30
1754078400,3.1075,3.1375,3.1065,3.1215,345,50
1754082000,3.1215,3.1295,3.1155,3.1215,279,50
1754085600,3.1215,3.1405,3.1215,3.1325,132,50
1754089200,3.1325,3.1475,3.1085,3.1095,95,60
1754269200,3.1035,3.1085,3.0835,3.1045,207,100
1754272800,3.1045,3.1065,3.0875,3.0885,98,80
1754276400,3.0885,3.0915,3.0735,3.0775,85,80
1754280000,3.0795,3.0795,3.0635,3.0745,119,60
1754283600,3.0745,3.0755,3.0705,3.0745,77,80
1754287200,3.0745,3.0825,3.0745,3.0805,56,80
1754290800,3.0805,3.0805,3.0745,3.0765,56,80
1754294400,3.0765,3.1005,3.0765,3.0995,106,80
1754298000,3.1005,3.1145,3.0985,3.0995,178,60
1754301600,3.0975,3.1115,3.0885,3.1115,126,40
1754305200,3.1115,3.1135,3.1015,3.1045,122,60
1754308800,3.1035,3.1195,3.0975,3.1095,125,60
1754312400,3.1095,3.1185,3.0895,3.1125,165,50
1754316000,3.1125,3.1125,3.0855,3.0975,373,30
1754319600,3.0975,3.1005,3.0465,3.0495,591,30
1754323200,3.0495,3.0685000000000002,3.0385,3.0485,684,40
1754326800,3.0485,3.0495,2.9505,2.9635,850,30
1754330400,2.9635,2.9885,2.9635,2.9685,544,40
1754334000,2.9685,2.9695,2.9425,2.9475,299,40
1754337600,2.9475,2.9665,2.9445,2.9635,299,50
1754341200,2.9635,2.9895,2.9535,2.9835000000000003,326,50
1754344800,2.9845,2.9895,2.9815,2.9875,117,40
1754348400,2.9875,2.9945,2.9685,2.9695,72,60
1754355600,2.9935,2.9935,2.9835000000000003,2.9895,107,100
1754359200,2.9895,2.9925,2.9865,2.9915000000000003,53,80
1754362800,2.9915000000000003,2.9935,2.9805,2.9855,127,80
1754366400,2.9855,2.9875,2.9775,2.9785,84,80
1754370000,2.9785,2.9835000000000003,2.9785,2.9805,67,80
1754373600,2.9805,2.9805,2.9745,2.9765,53,80
1754377200,2.9775,2.9785,2.9755000000000003,2.9785,37,80
1754380800,2.9785,2.9875,2.9785,2.9825,129,80
1754384400,2.9825,3.0045,2.9805,3.0015,232,60
1754388000,3.0015,3.0115,3.0005,3.0085,108,60
1754391600,3.0085,3.0185,3.0015,3.0155,87,60
1754395200,3.0165,3.0265,3.0155,3.0235,92,60
1754398800,3.0235,3.0415,3.0225,3.0235,162,50
1754402400,3.0235,3.0445,3.0215,3.0255,330,40
1754406000,3.0255,3.0575,3.0085,3.0455,592,40
1754409600,3.0455,3.0555,3.0105,3.0225,843,40
1754413200,3.0225,3.0445,3.0135,3.0405,484,40
1754416800,3.0405,3.0575,3.0235,3.0515,365,40
1754420400,3.0515,3.0805,3.0435,3.0755,445,40
1754424000,3.0755,3.0815,3.0505,3.0695,363,100
1754427600,3.0695,3.0725,3.0385,3.0395,384,90
1754431200,3.0395,3.0475,3.0365,3.0395,112,100
1754434800,3.0395,3.0525,3.0235,3.0305,93,110
1754442000,3.0505,3.0515,3.0395,3.0495,110,190
1754445600,3.0495,3.0555,3.0465,3.0555,50,160
1754449200,3.0555,3.0555,3.0465,3.0505,68,150
1754452800,3.0515,3.0605,3.0505,3.0535,49,150
1754456400,3.0545,3.0575,3.0475,3.0565,98,150
1754460000,3.0565,3.0575,3.0495,3.0545,76,150
1754463600,3.0545,3.0565,3.0445,3.0445,98,150
1754467200,3.0445,3.0445,3.0115,3.0115,150,140
1754470800,3.0115,3.0175,2.9945,3.0015,210,120
1754474400,3.0015,3.0075,2.9935,3.0025,166,110
1754478000,3.0025,3.0105,2.9945,2.9965,135,110
1754481600,2.9965,3.0115,2.9945,3.0085,167,110
1754485200,3.0085,3.0135,2.9985,3.0055,200,90
1754488800,3.0055,3.0535,2.9995000000000003,3.0465,356,80
1754492400,3.0465,3.0985,3.0095,3.0985,687,80
1754496000,3.0985,3.1165,3.0895,3.0975,845,80
1754499600,3.0975,3.1165,3.0785,3.1135,514,80
1754503200,3.1135,3.1155,3.0785,3.0885,326,80
1754506800,3.0885,3.1125,3.0725,3.1105,442,80
1754510400,3.1105,3.1375,3.1025,3.1195,491,90
1754514000,3.1195,3.1385,3.1105,3.1285,442,90
1754517600,3.1285,3.1355,3.1255,3.1265,169,100
1754521200,3.1265,3.1325,3.1095,3.1115,94,110
1754528400,3.1365,3.1395,3.1305,3.1355,93,200
1754532000,3.1355,3.1465,3.1335,3.1435,67,150
1754535600,3.1435,3.1435,3.1345,3.1375,78,150
1754539200,3.1375,3.1485,3.1375,3.1465,104,150
1754542800,3.1465,3.1475,3.1415,3.1465,67,150
1754546400,3.1445,3.1465,3.1435,3.1445,58,150
1754550000,3.1425,3.1485,3.1425,3.1445,46,150
1754553600,3.1455,3.1535,3.1365,3.1395,127,150
1754557200,3.1395,3.1425,3.1315,3.1425,141,120
1754560800,3.1425,3.1535,3.1285,3.1315,175,110
1754564400,3.1315,3.1335,3.1255,3.1295,136,110
1754568000,3.1295,3.1475,3.1265,3.1455,133,110
1754571600,3.1455,3.1455,3.1165,3.1185,208,70
1754575200,3.1185,3.1655,3.1165,3.1595,357,80
1754578800,3.1595,3.1725,3.1305,3.1495,624,80
1754582400,3.1495,3.1565,3.1035,3.1285,764,80
1754586000,3.1285,3.1995,3.1155,3.1585,1060,80
1754589600,3.1585,3.1635,3.0915,3.0985,589,80
1754593200,3.0985,3.1165,3.0895,3.1055,351,80
1754596800,3.1055,3.1345,3.1015,3.1165,428,90
1754600400,3.1165,3.1315,3.1145,3.1165,371,100
1754604000,3.1165,3.1325,3.1155,3.1285,121,110
1754607600,3.1285,3.1375,3.1115,3.1175,84,110
1754614800,3.1345,3.1345,3.1215,3.1295,88,200
1754618400,3.1295,3.1325,3.1275,3.1295,63,160
1754622000,3.1295,3.1305,3.1225,3.1295,73,150
1754625600,3.1295,3.1385,3.1295,3.1335,56,160
1754629200,3.1335,3.1365,3.1275,3.1305,48,150
1754632800,3.1315,3.1435,3.1285,3.1385,73,150
1754636400,3.1385,3.1395,3.1335,3.1345,63,150
1754640000,3.1345,3.1365,3.1265,3.1265,82,130
1754643600,3.1265,3.1285,3.1095,3.1275,180,120
1754647200,3.1275,3.1605,3.1255,3.1545,235,100
1754650800,3.1545,3.1575,3.1395,3.1455,146,110
1754654400,3.1455,3.1485,3.1325,3.1435,163,110
1754658000,3.1435,3.1485,3.1285,3.1315,223,90
1754661600,3.1315,3.1335,3.0875,3.0895,340,80
1754665200,3.0895,3.1155,3.0795,3.1005,592,70
1754668800,3.1005,3.1255,3.0795,3.1025,533,70
1754672400,3.1025,3.1025,3.0645,3.0765,452,80
1754676000,3.0765,3.0805,3.0525,3.0545,385,80
1754679600,3.0545,3.0625,3.0505,3.0555,209,80
1754683200,3.0555,3.0555,3.0155,3.0235,359,100
1754686800,3.0235,3.0535,3.0205,3.0525,340,100
1754690400,3.0525,3.0545,3.0495,3.0505,120,100
1754694000,3.0505,3.0545,3.0205,3.0225,90,110
1754877600,2.9695,2.9705,2.9565,2.9615,76,150
1754881200,2.9615,2.9705,2.9575,2.9655,85,150
1754884800,2.9655,2.9715,2.9555,2.9595000000000002,99,140
1754888400,2.9595000000000002,2.9645,2.9595000000000002,2.9645,58,150
1754892000,2.9645,2.9755000000000003,2.9615,2.9715,104,150
1754895600,2.9715,2.9755000000000003,2.9695,2.9715,75,150
1754899200,2.9715,2.9745,2.9695,2.9735,52,150
1754902800,2.9735,2.9775,2.9605,2.9615,148,110
1754906400,2.9615,2.9755000000000003,2.9605,2.9715,126,110
1754910000,2.9715,2.9765,2.9655,2.9685,129,110
1754913600,2.9685,2.9735,2.9635,2.9705,111,110
1754917200,2.9705,2.9965,2.9695,2.9905,240,80
1754920800,2.9905,3.0075,2.9765,2.9935,303,70
1754924400,2.9935,3.0485,2.9855,3.0405,725,80
1754928000,3.0405,3.0555,3.0145,3.0205,562,80
1754931600,3.0205,3.0405,3.0025,3.0125,370,80
1754935200,3.0125,3.0235,3.0055,3.0195,285,80
1754938800,3.0195,3.0255,3.0035,3.0065,187,90
1754942400,3.0065,3.0115,2.9945,3.0015,281,80
1754946000,3.0015,3.0235,2.9875,3.0235,340,100
1754949600,3.0235,3.0345,3.0185,3.0275,129,100
1754953200,3.0275,3.0395,3.0095,3.0185,95,110
1754960400,3.0375,3.0425,3.0335,3.0395,100,190
1754964000,3.0425,3.0465,3.0395,3.0445,63,150
1754967600,3.0445,3.0475,3.0375,3.0375,60,150
1754971200,3.0375,3.0395,3.0335,3.0355,56,150
1754974800,3.0355,3.0395,3.0305,3.0335,74,140
1754978400,3.0335,3.0405,3.0305,3.0345,69,150
1754982000,3.0345,3.0345,3.0265,3.0305,69,150
1754985600,3.0285,3.0295,3.0215,3.0235,69,150
1754989200,3.0235,3.0355,3.0165,3.0225,155,110
1754992800,3.0225,3.0255,3.0185,3.0235,86,110
1754996400,3.0235,3.0305,3.0145,3.0155,101,110
1755000000,3.0155,3.0155,2.9975,2.9995000000000003,114,110
1755003600,2.9995000000000003,3.0085,2.9965,3.0075,145,90
1755007200,3.0075,3.0125,2.9835000000000003,2.9875,253,80
1755010800,2.9875,2.9925,2.9525,2.9525,415,80
1755014400,2.9525,2.9525,2.9265,2.9265,629,70
1755018000,2.9265,2.9385,2.9045,2.9065,344,80
1755021600,2.9065,2.9065,2.8775,2.8805,541,80
1755025200,2.8805,2.8925,2.8505000000000003,2.8505000000000003,476,80
1755028800,2.8505000000000003,2.8645,2.8435,2.8495,421,100
1755032400,2.8505000000000003,2.8855,2.8505000000000003,2.8505000000000003,367,100
1755036000,2.8505000000000003,2.8665000000000003,2.8505000000000003,2.8545,168,100
1755039600,2.8545,2.8595,2.8285,2.8325,107,110
1755046800,2.8565,2.8585000000000003,2.8505000000000003,2.8555,90,190
1755050400,2.8555,2.8625,2.8545,2.8585000000000003,60,160
1755054000,2.8585000000000003,2.8645,2.8575,2.8635,95,150
1755057600,2.8635,2.8655,2.8595,2.8645,59,150
1755061200,2.8645,2.8675,2.8625,2.8655,56,150
1755064800,2.8645,2.8665000000000003,2.8595,2.8625,61,150
1755068400,2.8625,2.8645,2.8595,2.8645,51,150
1755072000,2.8675,2.8725,2.8655,2.8705,67,150
1755075600,2.8705,2.8885,2.8675,2.8875,140,120
1755079200,2.8875,2.8905,2.8745000000000003,2.8765,114,110
1755082800,2.8765,2.8785,2.8655,2.8775,124,110
1755086400,2.8775,2.8875,2.8715,2.8715,132,110
1755090000,2.8715,2.8775,2.8505000000000003,2.8525,231,80
1755093600,2.8525,2.8875,2.8405,2.8785,394,80
1755097200,2.8785,2.9095,2.8715,2.9035,617,70
1755100800,2.9025,2.9215,2.8845,2.9105,699,80
1755104400,2.9105,2.9105,2.8745000000000003,2.8845,486,80
1755108000,2.8845,2.9045,2.8685,2.8805,420,80
1755111600,2.8805,2.8975,2.8715,2.8815,314,80
1755115200,2.8815,2.9005,2.8715,2.9005,352,100
1755118800,2.9005,2.9275,2.8975,2.9015,401,100
1755122400,2.9015,2.9085,2.8925,2.8945,126,100
1755126000,2.8945,2.9015,2.8765,2.8765,92,110
1755133200,2.8855,2.8855,2.8775,2.8834999999999997,53,400
1755136800,2.8834999999999997,2.8935,2.8785,2.8925,36,300
1755140400,2.8925,2.8985,2.8895,2.8965,78,290
1755144000,2.8965,2.9065,2.8885,2.9065,102,290
1755147600,2.9065,2.9154999999999998,2.9025,2.9085,53,150
1755151200,2.9074999999999998,2.9115,2.9055,2.9065,50,150
1755154800,2.9045,2.9074999999999998,2.9025,2.9045,47,150
1755158400,2.9055,2.9175,2.9055,2.9175,79,150
1755162000,2.9175,2.9215,2.8855,2.8925,171,120
1755165600,2.8925,2.8925,2.8725,2.8754999999999997,126,110
1755169200,2.8754999999999997,2.8895,2.8695,2.8715,166,110
1755172800,2.8715,2.8735,2.8545,2.8575,118,110
1755176400,2.8575,2.8845,2.8565,2.8815,175,90
1755180000,2.8815,2.8935,2.8715,2.8795,243,80
1755183600,2.8795,2.9005,2.8575,2.8805,645,70
1755187200,2.8805,2.9105,2.8665000000000003,2.9045,682,80
1755190800,2.9045,2.9195,2.8595,2.8965,819,70
1755194400,2.8965,2.9245,2.8955,2.9135,522,80
1755198000,2.9135,2.9245,2.9035,2.9035,261,80
1755201600,2.9035,2.9165,2.9015,2.9154999999999998,293,100
1755205200,2.9154999999999998,2.9295,2.9105,2.9125,311,100
1755208800,2.9125,2.9245,2.9115,2.9234999999999998,129,110
1755212400,2.9234999999999998,2.9314999999999998,2.9085,2.9085,83,110
1755219600,2.9234999999999998,2.9275,2.9195,2.9275,100,200
1755223200,2.9275,2.9325,2.9234999999999998,2.9325,62,160
1755226800,2.9325,2.9435000000000002,2.9325,2.9355,65,150
1755230400,2.9355,2.9435000000000002,2.9305,2.9395,84,150
1755234000,2.9395,2.9505,2.9365,2.9465,102,150
1755237600,2.9465,2.9515000000000002,2.9445,2.9515000000000002,70,150
1755241200,2.9515000000000002,2.9595000000000002,2.9485,2.9535,74,150
1755244800,2.9535,2.9595000000000002,2.9465,2.9515000000000002,106,150
1755248400,2.9515000000000002,2.9705,2.9435000000000002,2.9655,194,110
1755252000,2.9655,2.9685,2.9515000000000002,2.9515000000000002,148,110
1755255600,2.9515000000000002,2.9595000000000002,2.9455,2.9485,147,110
1755259200,2.9485,2.9535,2.9435000000000002,2.9435000000000002,121,110
1755262800,2.9445,2.9505,2.9265,2.9265,207,80
1755266400,2.9265,2.9975,2.9245,2.9945,397,80
1755270000,2.9945,3.0095,2.9805,2.9845,627,70
1755273600,2.9845,3.0375,2.9735,3.0205,702,80
1755277200,3.0205,3.0455,3.0195,3.0405,446,80
1755280800,3.0405,3.0455,3.0225,3.0285,330,80
1755284400,3.0285,3.0345,2.9875,2.9975,321,80
1755288000,2.9975,3.0315,2.9965,3.0125,361,90
1755291600,3.0125,3.0185,2.9965,3.0025,367,100
1755295200,3.0025,3.0165,2.9985,3.0045,203,100
1755298800,3.0045,3.0155,2.9865,2.9875,139,110
1755478800,2.9525,2.9685,2.9465,2.9565,160,180
1755482400,2.9565,2.9635,2.9525,2.9625,75,150
1755486000,2.9625,2.9665,2.9555,2.9595000000000002,93,140
1755489600,2.9585,2.9645,2.9565,2.9575,61,150
1755493200,2.9575,2.9585,2.9445,2.9495,89,150
1755496800,2.9495,2.9525,2.9425,2.9485,96,150
1755500400,2.9485,2.9485,2.9375,2.9375,71,150
1755504000,2.9375,2.9385,2.9225,2.9265,121,150
1755507600,2.9265,2.9425,2.9145,2.9205,234,120
1755511200,2.9205,2.9215,2.9065,2.9115,134,110
1755514800,2.9115,2.9135,2.9015,2.9015,120,110
1755518400,2.9015,2.9195,2.9015,2.9135,130,110
1755522000,2.9135,2.9135,2.8965,2.9095,199,90
1755525600,2.9095,2.9295,2.8994999999999997,2.9234999999999998,395,80
1755529200,2.9225,2.9775,2.9085,2.9595000000000002,695,80
1755532800,2.9595000000000002,2.9835000000000003,2.9345,2.9785,719,80
1755536400,2.9785,2.9885,2.9605,2.9655,478,80
1755540000,2.9655,2.9865,2.9505,2.9825,335,80
1755543600,2.9825,2.9955,2.9745,2.9905,262,80
1755547200,2.9905,3.0125,2.9885,3.0045,383,100
1755550800,3.0045,3.0055,2.9665,2.9715,400,90
1755554400,2.9715,2.9815,2.9705,2.9795,125,100
1755558000,2.9795,2.9935,2.9625,2.9645,127,110
1755565200,2.9895,2.9895,2.9785,2.9815,102,200
1755568800,2.9815,2.9875,2.9795,2.9855,78,160
1755572400,2.9855,2.9865,2.9745,2.9755000000000003,78,150
1755576000,2.9755000000000003,2.9755000000000003,2.9595000000000002,2.9605,92,150
1755579600,2.9605,2.9635,2.9595000000000002,2.9625,40,150
1755583200,2.9625,2.9795,2.9625,2.9735,105,140
1755586800,2.9715,2.9745,2.9665,2.9695,47,150
1755590400,2.9695,2.9695,2.9525,2.9575,88,150
1755594000,2.9575,2.9785,2.9575,2.9645,209,110
1755597600,2.9645,2.9735,2.9535,2.9695,133,110
1755601200,2.9695,2.9695,2.9585,2.9605,114,110
1755604800,2.9605,2.9625,2.9535,2.9575,109,110
1755608400,2.9575,2.9585,2.9425,2.9435000000000002,188,90
1755612000,2.9435000000000002,2.9515000000000002,2.9185,2.9225,299,80
1755615600,2.9225,2.9405,2.9025,2.9055,584,80
1755619200,2.9045,2.9045,2.8435,2.8475,940,80
1755622800,2.8475,2.8705,2.8275,2.8275,570,80
1755626400,2.8275,2.8355,2.8205,2.8285,484,80
1755630000,2.8285,2.8665000000000003,2.8255,2.8345000000000002,502,80
1755633600,2.8345000000000002,2.8525,2.8305,2.8505000000000003,319,100
1755637200,2.8505000000000003,2.8575,2.8445,2.8535,294,100
1755640800,2.8535,2.8575,2.8485,2.8545,117,100
1755644400,2.8545,2.8605,2.8255,2.8255,91,110
1755651600,2.8435,2.8515,2.8425000000000002,2.8435,99,200
1755655200,2.8465,2.8525,2.8445,2.8525,67,150
1755658800,2.8525,2.8575,2.8455,2.8575,81,150
1755662400,2.8575,2.8605,2.8445,2.8505000000000003,101,150
1755666000,2.8515,2.8515,2.8405,2.8445,57,150
1755669600,2.8445,2.8515,2.8405,2.8415,70,150
1755673200,2.8415,2.8465,2.8365,2.8465,68,150
1755676800,2.8465,2.8565,2.8415,2.8545,114,150
1755680400,2.8545,2.8575,2.8325,2.8375,149,120
1755684000,2.8375,2.8485,2.8375,2.8415,125,110
1755687600,2.8415,2.8475,2.8395,2.8445,106,110
1755691200,2.8445,2.8455,2.8325,2.8345000000000002,110,110
1755694800,2.8345000000000002,2.8365,2.8205,2.8305,221,90
1755698400,2.8305,2.8465,2.8205,2.8265000000000002,380,80
1755702000,2.8265000000000002,2.8565,2.8175,2.8475,622,80
1755705600,2.8475,2.8685,2.8285,2.8455,706,40
1755709200,2.8455,2.8505000000000003,2.8225,2.8415,362,40
1755712800,2.8415,2.8605,2.8375,2.8485,361,40
1755716400,2.8485,2.8485,2.8295,2.8395,267,40
1755720000,2.8395,2.8395,2.8275,2.8325,186,60
1755723600,2.8315,2.8495,2.8295,2.8405,274,60
1755727200,2.8405,2.8625,2.8405,2.8525,144,60
1755730800,2.8525,2.8595,2.8275,2.8275,70,60
1755738000,2.8655,2.8655,2.8525,2.8525,78,110
1755741600,2.8545,2.8575,2.8525,2.8575,41,80
1755745200,2.8575,2.8665000000000003,2.8565,2.8655,88,80
1755748800,2.8655,2.8675,2.8635,2.8655,55,80
1755752400,2.8655,2.8705,2.8655,2.8685,56,80
1755756000,2.8675,2.8685,2.8595,2.8645,85,80
1755759600,2.8655,2.8655,2.8585000000000003,2.8585000000000003,54,80
1755763200,2.8585000000000003,2.8605,2.8465,2.8495,110,80
1755766800,2.8495,2.8725,2.8495,2.8675,178,60
1755770400,2.8675,2.8715,2.8635,2.8675,88,60
1755774000,2.8665000000000003,2.8695,2.8625,2.8695,56,60
1755777600,2.8695,2.8735,2.8635,2.8675,80,60
1755781200,2.8695,2.8865,2.8695,2.8845,122,40
1755784800,2.8845,2.9035,2.8745000000000003,2.8754999999999997,277,40
1755788400,2.8754999999999997,2.9015,2.8675,2.8925,573,40
1755792000,2.8935,2.9125,2.8735,2.8905,606,40
1755795600,2.8905,2.9225,2.8845,2.9135,636,40
1755799200,2.9135,2.9455,2.9095,2.9295,446,40
1755802800,2.9295,2.9415,2.9234999999999998,2.9355,285,20
1755806400,2.9355,2.9445,2.9265,2.9375,262,40
1755810000,2.9375,2.9435000000000002,2.9165,2.9295,300,50
1755813600,2.9295,2.9335,2.9265,2.9314999999999998,92,60
1755817200,2.9314999999999998,2.9314999999999998,2.8855,2.8885,148,50
1755824400,2.9305,2.9345,2.9275,2.9285,88,110
1755828000,2.9285,2.9305,2.9265,2.9295,54,90
1755831600,2.9295,2.9355,2.9234999999999998,2.9314999999999998,79,70
1755835200,2.9314999999999998,2.9365,2.9314999999999998,2.9335,70,80
1755838800,2.9335,2.9365,2.9305,2.9325,48,80
1755842400,2.9325,2.9405,2.9305,2.9305,79,80
1755846000,2.9295,2.9314999999999998,2.9255,2.9255,55,80
1755849600,2.9255,2.9314999999999998,2.9234999999999998,2.9255,86,80
1755853200,2.9255,2.9325,2.9154999999999998,2.9185,156,60
1755856800,2.9185,2.9205,2.9085,2.9085,103,50
1755860400,2.9085,2.9145,2.9045,2.9115,81,60
1755864000,2.9105,2.9115,2.9015,2.9035,74,60
1755867600,2.9035,2.9185,2.8985,2.9185,171,50
1755871200,2.9205,2.9345,2.9115,2.9225,247,40
1755874800,2.9225,2.9225,2.8805,2.8925,596,40
1755878400,2.8925,2.9045,2.8815,2.8845,523,40
1755882000,2.8845,2.8985,2.8725,2.8735,310,40
1755885600,2.8735,2.8735,2.8305,2.8385,321,40
1755889200,2.8385,2.8465,2.8325,2.8345000000000002,199,40
1755892800,2.8335,2.8335,2.8145,2.8185000000000002,233,60
1755896400,2.8195,2.8355,2.8175,2.8255,265,100
1755900000,2.8255,2.8375,2.8255,2.8315,158,100
1755903600,2.8315,2.8315,2.8064999999999998,2.8064999999999998,81,110
1756083600,2.7955,2.7965,2.7845,2.7875,71,190
1756087200,2.7705,2.7705,2.7705,2.7705,4,740
1756090800,2.7705,2.7775,2.7685,2.7775,66,730
1756094400,2.7775,2.7824999999999998,2.7664999999999997,2.7755,63,710
1756098000,2.7755,2.7805,2.7645,2.7645,65,710
1756101600,2.7744999999999997,2.7765,2.7615,2.7675,60,710
1756105200,2.7675,2.7735,2.7535,2.7655,75,720
1756108800,2.7655,2.7685,2.7535,2.7645,71,710
1756112400,2.7645,2.7955,2.7645,2.7945,118,530
1756116000,2.7945,2.7975,2.7845,2.7965,84,520
1756119600,2.7965,2.7965,2.7755,2.7845,72,520
1756123200,2.7845,2.8005,2.7815,2.8005,78,200
1756126800,2.8005,2.8195,2.8005,2.8135,152,90
1756130400,2.8135,2.8145,2.7955,2.8025,277,80
1756134000,2.8025,2.8195,2.7915,2.8185000000000002,503,80
1756137600,2.8185000000000002,2.8435,2.8035,2.8355,656,80
1756141200,2.8355,2.8645,2.8325,2.8565,369,80
1756144800,2.8565,2.8705,2.8495,2.8505000000000003,262,90
1756148400,2.8515,2.8515,2.8365,2.8415,302,80
1756152000,2.8415,2.8425000000000002,2.8195,2.8245,234,100
1756155600,2.8255,2.8645,2.8245,2.8615,305,100
1756159200,2.8615,2.8635,2.8505000000000003,2.8555,145,100
1756162800,2.8555,2.8565,2.8335,2.8345000000000002,89,110
1756170000,2.8735,2.8754999999999997,2.8615,2.8655,118,200
1756173600,2.8655,2.8735,2.8615,2.8685,57,150
1756177200,2.8685,2.8715,2.8575,2.8585000000000003,97,150
1756180800,2.8585000000000003,2.8635,2.8575,2.8615,63,150
1756184400,2.8625,2.8655,2.8615,2.8645,56,160
1756188000,2.8645,2.8645,2.8525,2.8595,72,150
1756191600,2.8605,2.8605,2.8505000000000003,2.8545,83,150
1756195200,2.8545,2.8605,2.8535,2.8535,100,150
1756198800,2.8555,2.8675,2.8435,2.8535,215,110
1756202400,2.8535,2.8565,2.8375,2.8425000000000002,164,110
1756206000,2.8435,2.8515,2.8385,2.8445,121,110
1756209600,2.8455,2.8545,2.8435,2.8545,143,100
1756213200,2.8545,2.8805,2.8535,2.8675,216,90
1756216800,2.8675,2.8994999999999997,2.8675,2.8795,329,80
1756220400,2.8795,2.8985,2.8545,2.8745000000000003,620,70
1756224000,2.8745000000000003,2.8945,2.8165,2.8195,614,80
1756227600,2.8195,2.8685,2.8185000000000002,2.8665000000000003,504,80
1756231200,2.8665000000000003,2.8805,2.8505000000000003,2.8745000000000003,386,80
1756234800,2.8745000000000003,2.8775,2.8435,2.8465,357,80
1756238400,2.8465,2.8505000000000003,2.8305,2.8465,305,100
1756242000,2.8465,2.8725,2.8425000000000002,2.8695,458,90
1756245600,2.8695,2.8775,2.8685,2.8765,144,100
1756249200,2.8765,2.8825,2.8595,2.8615,92,110
1756256400,2.8925,2.8955,2.8834999999999997,2.8845,95,200
1756260000,2.8845,2.8925,2.8815,2.8914999999999997,64,150
1756263600,2.8914999999999997,2.9045,2.8895,2.8905,93,150
1756267200,2.8905,2.8905,2.8834999999999997,2.8875,84,150
1756270800,2.8875,2.8885,2.8845,2.8875,46,150
1756274400,2.8885,2.8935,2.8855,2.8935,67,150
1756278000,2.8935,2.8985,2.8905,2.8985,55,160
1756281600,2.8994999999999997,2.9055,2.8955,2.8955,102,150
1756285200,2.8955,2.8994999999999997,2.8795,2.8855,154,110
1756288800,2.8855,2.8914999999999997,2.8745000000000003,2.8765,129,110
1756292400,2.8765,2.8815,2.8745000000000003,2.8775,87,110
1756296000,2.8775,2.8805,2.8754999999999997,2.8785,91,110
1756299600,2.8785,2.8785,2.8575,2.8605,142,90
1756303200,2.8605,2.8994999999999997,2.8545,2.8994999999999997,276,80
1756306800,2.8994999999999997,2.9485,2.8994999999999997,2.9365,838,80
1756310400,2.9365,2.9765,2.9234999999999998,2.9605,708,80
1756314000,2.9605,2.9675000000000002,2.9205,2.9275,505,80
1756317600,2.9275,2.9595000000000002,2.9275,2.9455,380,80
1756321200,2.9455,2.9745,2.9405,2.9665,325,80
1756324800,2.9665,2.9835000000000003,2.9545,2.9795,353,100
1756328400,2.9795,2.9865,2.9505,2.9505,541,100
1756332000,2.9505,2.9505,2.9405,2.9425,143,100
1756335600,2.9435000000000002,2.9455,2.9234999999999998,2.9275,62,110
1756342800,2.9585,2.9605,2.9495,2.9525,108,190
1756346400,2.9525,2.9565,2.9495,2.9545,53,160
1756350000,2.9525,2.9625,2.9525,2.9615,73,150
1756353600,2.9615,2.9635,2.9585,2.9615,55,150
1756357200,2.9615,2.9665,2.9585,2.9615,70,150
1756360800,2.9615,2.9685,2.9585,2.9645,89,150
1756364400,2.9655,2.9675000000000002,2.9625,2.9675000000000002,41,150
1756368000,2.9655,2.9815,2.9655,2.9815,92,150
1756371600,2.9815,2.9905,2.9785,2.9845,136,110
1756375200,2.9845,2.9845,2.9725,2.9755000000000003,126,110
1756378800,2.9755000000000003,2.9815,2.9695,2.9745,146,110
1756382400,2.9745,2.9895,2.9735,2.9835000000000003,121,110
1756386000,2.9835000000000003,2.9915000000000003,2.9705,2.9725,191,90
1756389600,2.9725,2.9725,2.9455,2.9475,405,80
1756393200,2.9475,2.9925,2.9415,2.9755000000000003,643,80
1756396800,2.9755000000000003,2.9885,2.9565,2.9665,643,80
1756400400,2.9665,3.0685000000000002,2.9455,3.0515,1184,80
1756404000,3.0515,3.0715,3.0405,3.0565,550,80
1756407600,3.0565,3.0825,3.0535,3.0755,359,80
1756411200,3.0755,3.0785,3.0575,3.0675,282,100
1756414800,3.0675,3.0675,3.0185,3.0245,498,90
1756418400,3.0245,3.0435,3.0225,3.0435,135,110
1756422000,3.0435,3.0715,3.0435,3.0535,188,110
1756432800,3.0535,3.0565,3.0535,3.0565,3,740
1756436400,3.0565,3.0595,3.0455,3.0585,56,710
1756440000,3.0585,3.0665,3.0495,3.0565,73,710
1756443600,3.0565,3.0565,3.0385,3.0475,64,720
1756447200,3.0475,3.0505,3.0355,3.0475,51,720
1756450800,3.0475,3.0485,3.0355,3.0455,50,720
1756454400,3.0365,3.0465,3.0335,3.0465,58,720
1756458000,3.0465,3.0545,3.0365,3.0545,85,540
1756461600,3.0545,3.0805,3.0485,3.0785,81,120
1756465200,3.0785,3.0795,3.0685000000000002,3.0745,117,110
1756468800,3.0745,3.0865,3.0695,3.0775,135,100
1756472400,3.0775,3.0845,3.0555,3.0805,248,90
1756476000,3.0805,3.0915,3.0605,3.0745,380,70
1756479600,3.0745,3.0895,3.0495,3.0645,703,80
1756483200,3.0625,3.0915,3.0275,3.0335,902,80
1756486800,3.0335,3.0815,3.0285,3.0785,450,80
1756490400,3.0785,3.0805,3.0525,3.0575,409,80
1756494000,3.0575,3.0885,3.0555,3.0805,316,70
1756497600,3.0805,3.1035,3.0795,3.0965,347,100
1756501200,3.0965,3.1225,3.0925,3.1175,464,100
1756504800,3.1175,3.1295,3.1145,3.1245,224,100
1756508400,3.1245,3.1285,3.0955,3.0975,131,110
1756688400,3.0805,3.1015,3.0805,3.0975,161,200
1756692000,3.0975,3.1095,3.0955,3.1085,76,150
1756695600,3.1085,3.1225,3.1085,3.1205,111,150
1756699200,3.1205,3.1225,3.1155,3.1195,70,150
1756702800,3.1195,3.1225,3.1185,3.1215,41,150
1756706400,3.1215,3.1325,3.1185,3.1225,91,150
1756710000,3.1225,3.1235,3.1175,3.1195,61,150
1756713600,3.1195,3.1685,3.1195,3.1645,145,150
1756717200,3.1645,3.1645,3.1405,3.1455,229,110
1756720800,3.1455,3.1465,3.1365,3.1415,165,110
1756724400,3.1415,3.1455,3.1345,3.1365,106,110
1756728000,3.1375,3.1425,3.1305,3.1415,103,110
1756731600,3.1415,3.1475,3.1365,3.1445,136,90
1756735200,3.1445,3.1485,3.1395,3.1465,135,90
1756738800,3.1465,3.1465,3.0925,3.0935,321,80
1756742400,3.0935,3.0935,3.0465,3.0645,597,80
1756746000,3.0645,3.0665,3.0485,3.0555,304,80
1756749600,3.0565,3.0595,3.0405,3.0435,270,80
1756753200,3.0435,3.0605,3.0405,3.0545,226,90
1756756800,3.0545,3.0695,3.0405,3.0695,98,100
1756760400,3.0695,3.0865,3.0695,3.0845,42,100
1756774800,3.0915,3.0935,3.0845,3.0885,114,180
1756778400,3.0885,3.0995,3.0865,3.0995,69,160
1756782000,3.0995,3.1055,3.0905,3.0995,116,140
1756785600,3.0995,3.0995,3.0705,3.0735,125,140
1756789200,3.0735,3.0815,3.0675,3.0785,69,150
1756792800,3.0795,3.0825,3.0755,3.0755,70,150
1756796400,3.0765,3.0815,3.0755,3.0755,50,150
1756800000,3.0755,3.0795,3.0755,3.0795,56,150
1756803600,3.0795,3.0945,3.0765,3.0915,153,110
1756807200,3.0915,3.0965,3.0865,3.0955,132,110
1756810800,3.0955,3.1035,3.0915,3.1025,107,110
1756814400,3.1025,3.1075,3.0995,3.1045,115,110
1756818000,3.1045,3.1045,3.0765,3.0785,173,90
1756821600,3.0785,3.0805,3.0555,3.0615,306,80
1756825200,3.0615,3.0625,2.9995000000000003,3.0065,873,70
1756828800,3.0065,3.0685000000000002,3.0035,3.0515,756,80
1756832400,3.0515,3.0515,3.0225,3.0275,481,80
1756836000,3.0275,3.0985,3.0235,3.0945,444,30
1756839600,3.0945,3.1015,3.0535,3.0605,469,40
1756843200,3.0605,3.0995,3.0595,3.0895,341,50
1756846800,3.0895,3.1375,3.0895,3.1215,470,50
1756850400,3.1215,3.1295,3.1175,3.1265,163,60
1756854000,3.1265,3.1275,3.0905,3.0915,94,60
1756861200,3.1195,3.1255,3.1135,3.1235,121,100
1756864800,3.1235,3.1245,3.1185,3.1245,63,80
1756868400,3.1255,3.1385,3.1255,3.1355,117,80
1756872000,3.1355,3.1375,3.1325,3.1335,65,80
1756875600,3.1335,3.1355,3.1265,3.1295,57,80
1756879200,3.1295,3.1315,3.1235,3.1265,88,80
1756882800,3.1265,3.1385,3.1255,3.1345,93,80
1756886400,3.1345,3.1375,3.1105,3.1165,97,80
1756890000,3.1165,3.1345,3.1165,3.1275,234,60
1756893600,3.1275,3.1405,3.1165,3.1205,155,50
1756897200,3.1205,3.1215,3.1115,3.1155,101,60
1756900800,3.1155,3.1315,3.1135,3.1265,194,50
1756904400,3.1265,3.1315,3.1025,3.1255,277,50
1756908000,3.1255,3.1915,3.1165,3.1835,669,30
1756911600,3.1835,3.2375,3.1814999999999998,3.2295,808,20
1756915200,3.2305,3.2585,3.2045,3.2075,864,30
1756918800,3.2075,3.2345,3.2015000000000002,3.2025,620,40
1756922400,3.2025,3.2065,3.1875,3.1995,445,40
1756926000,3.1995,3.1995,3.1725,3.1775,339,40
1756929600,3.1775,3.2005,3.1725,3.1814999999999998,444,50
1756933200,3.1814999999999998,3.1985,3.1705,3.1925,435,40
1756936800,3.1925,3.2075,3.1925,3.2035,147,50
1756940400,3.2035,3.2045,3.1745,3.1755,88,60
1756947600,3.2125,3.2195,3.2075,3.2175,116,110
1756951200,3.2175,3.2215,3.2165,3.2205,71,90
1756954800,3.2215,3.2215,3.2155,3.2205,81,70
1756958400,3.2205,3.2295,3.2135,3.2255,80,80
1756962000,3.2255,3.2255,3.2165,3.2165,87,80
1756965600,3.2165,3.2205,3.2155,3.2185,86,80
1756969200,3.2195,3.2225,3.2165,3.2195,61,80
1756972800,3.2195,3.2225,3.2135,3.2205,74,80
1756976400,3.2205,3.2375,3.2185,3.2375,179,70
1756980000,3.2375,3.2455,3.2325,3.2365,111,60
1756983600,3.2365,3.2445,3.2345,3.2375,111,60
1756987200,3.2375,3.2445,3.2225,3.2335,156,60
1756990800,3.2335,3.2445,3.2205,3.2445,224,50
1756994400,3.2445,3.2595,3.2315,3.2355,458,30
1756998000,3.2355,3.2585,3.2125,3.2195,706,40
1757001600,3.2195,3.2545,3.2035,3.2095,658,40
1757005200,3.2095,3.2225,3.1625,3.1895,828,40
1757008800,3.1895,3.2695,3.1855,3.2535,723,40
1757012400,3.2535,3.2535,3.2095,3.2135,408,40
1757016000,3.2125,3.2335,3.2075,3.2305,309,50
1757019600,3.2305,3.2315,3.2025,3.2095,307,50
1757023200,3.2095,3.2275,3.2075,3.2175,131,50
1757026800,3.2175,3.2205,3.1955,3.1965,85,60
1757034000,3.2245,3.2315,3.2245,3.2315,94,110
1757037600,3.2315,3.2315,3.2265,3.2285,52,80
1757041200,3.2275,3.2345,3.2275,3.2335,59,80
1757044800,3.2335,3.2355,3.2265,3.2345,71,80
1757048400,3.2345,3.2435,3.2335,3.2395,72,80
1757052000,3.2395,3.2425,3.2375,3.2425,56,80
1757055600,3.2425,3.2455,3.2405,3.2425,57,80
1757059200,3.2425,3.2485,3.2425,3.2465,77,80
1757062800,3.2465,3.2545,3.2375,3.2525,154,60
1757066400,3.2545,3.2575,3.2505,3.2525,93,60
1757070000,3.2525,3.2565,3.2475,3.2565,65,60
1757073600,3.2565,3.2575,3.2445,3.2485,83,60
1757077200,3.2485,3.2525,3.2265,3.2415,184,50
1757080800,3.2435,3.2645,3.2195,3.2225,392,40
1757084400,3.2225,3.2535,3.2095,3.2395,747,40
1757088000,3.2395,3.2705,3.2155,3.2475,932,30
1757091600,3.2475,3.2485,3.1895,3.2105,551,40
1757095200,3.2105,3.2215,3.2015000000000002,3.2025,340,40
1757098800,3.2025,3.2215,3.1925,3.2205,301,40
1757102400,3.2205,3.2245,3.1785,3.1855,313,50
1757106000,3.1855,3.1955,3.1765,3.1825,365,40
1757109600,3.1825,3.1855,3.1755,3.1805,171,40
1757113200,3.1805,3.1865,3.1485,3.1505,116,60
1757293200,3.2285,3.2355,3.2075,3.2225,304,90
1757296800,3.2225,3.2285,3.2215,3.2265,112,90
1757300400,3.2265,3.2365,3.2255,3.2355,93,80
1757304000,3.2355,3.2735,3.2355,3.2655,214,80
1757307600,3.2655,3.2665,3.2575,3.2665,99,80
1757311200,3.2665,3.2685,3.2605,3.2675,81,80
1757314800,3.2675,3.2735,3.2655,3.2725,88,80
1757318400,3.2725,3.2925,3.2725,3.2835,139,80
1757322000,3.2835,3.2855,3.2645,3.2795,248,60
1757325600,3.2785,3.2975,3.2775,3.2835,130,60
1757329200,3.2835,3.2984999999999998,3.2824999999999998,3.2984999999999998,109,60
1757332800,3.2975,3.3035,3.2904999999999998,3.2925,102,60
1757336400,3.2925,3.2945,3.2755,3.2865,188,50
1757340000,3.2865,3.2915,3.2345,3.2445,428,30
1757343600,3.2435,3.2955,3.2395,3.2904999999999998,756,30
1757347200,3.2904999999999998,3.3375,3.2685,3.2715,894,30
1757350800,3.2715,3.2925,3.2555,3.2615,401,40
1757354400,3.2615,3.2675,3.2285,3.2395,395,30
1757358000,3.2395,3.2495,3.2275,3.2395,365,40
1757361600,3.2395,3.2625,3.2305,3.2545,266,50
1757365200,3.2545,3.2575,3.2325,3.2405,322,50
1757368800,3.2405,3.2475,3.2365,3.2395,121,50
1757372400,3.2405,3.2435,3.2165,3.2215,55,60
1757379600,3.2555,3.2555,3.2485,3.2555,68,110
1757383200,3.2555,3.2565,3.2475,3.2515,58,90
1757386800,3.2515,3.2565,3.2475,3.2485,101,80
1757390400,3.2485,3.2485,3.2375,3.2385,86,80
1757394000,3.2395,3.2515,3.2395,3.2435,87,80
1757397600,3.2435,3.2525,3.2405,3.2415,89,80
1757401200,3.2415,3.2435,3.2325,3.2425,105,80
1757404800,3.2425,3.2595,3.2415,3.2555,96,80
1757408400,3.2555,3.2875,3.2555,3.2815,317,60
1757412000,3.2815,3.2935,3.2815,3.2904999999999998,201,60
1757415600,3.2915,3.2955,3.2805,3.2855,130,60
1757419200,3.2855,3.2935,3.2805,3.2915,120,60
1757422800,3.2925,3.3055,3.2845,3.3005,171,50
1757426400,3.3005,3.3125,3.2735,3.2795,355,40
1757430000,3.2795,3.2955,3.2635,3.2655,721,30
1757433600,3.2655,3.2815,3.2575,3.2665,638,40
1757437200,3.2665,3.2824999999999998,3.2335,3.2355,628,40
1757440800,3.2345,3.2365,3.2005,3.2145,470,30
1757444400,3.2145,3.2455,3.1975,3.2385,317,40
1757448000,3.2385,3.2485,3.2255,3.2345,339,50
1757451600,3.2345,3.2865,3.2345,3.2805,404,50
1757455200,3.2785,3.2835,3.2645,3.2645,160,50
1757458800,3.2645,3.2715,3.2425,3.2425,93,60
1757466000,3.2585,3.2585,3.2505,3.2565,105,100
1757469600,3.2565,3.2625,3.2565,3.2625,63,90
1757473200,3.2625,3.2625,3.2495,3.2495,84,80
1757476800,3.2495,3.2535,3.2455,3.2475,64,80
1757480400,3.2475,3.2515,3.2445,3.2495,60,80
1757484000,3.2495,3.2515,3.2455,3.2455,44,80
1757487600,3.2455,3.2475,3.2425,3.2455,36,70
1757491200,3.2455,3.2565,3.2415,3.2505,92,80
1757494800,3.2505,3.2645,3.2355,3.2635,267,60
1757498400,3.2635,3.2695,3.2615,3.2675,120,60
1757502000,3.2675,3.2675,3.2545,3.2585,109,60
1757505600,3.2595,3.2595,3.2385,3.2395,127,60
1757509200,3.2395,3.2655,3.2375,3.2555,246,50
1757512800,3.2545,3.2615,3.2285,3.2355,460,30
1757516400,3.2355,3.2355,3.1795,3.1835,703,40
1757520000,3.1835,3.2385,3.1775,3.2325,661,40
1757523600,3.2325,3.2415,3.2025,3.2115,448,40
1757527200,3.2115,3.2165,3.2015000000000002,3.2095,282,40
1757530800,3.2095,3.2215,3.1995,3.2165,263,50
1757534400,3.2165,3.2175,3.2075,3.2085,221,60
1757538000,3.2085,3.2155,3.1935000000000002,3.2085,310,50
1757541600,3.2085,3.2135,3.2065,3.2065,127,50
1757545200,3.2065,3.2075,3.1825,3.1825,60,60
1757552400,3.2195,3.2245,3.2145,3.2225,89,110
1757556000,3.2235,3.2255,3.2185,3.2215,51,90
1757559600,3.2215,3.2235,3.2165,3.2175,68,80
1757563200,3.2215,3.2225,3.2105,3.2215,83,80
1757566800,3.2215,3.2265,3.2145,3.2165,62,80
1757570400,3.2165,3.2175,3.2095,3.2115,64,70
1757574000,3.2115,3.2125,3.2085,3.2095,43,80
1757577600,3.2095,3.2115,3.2005,3.2095,96,80
1757581200,3.2095,3.2285,3.2085,3.2255,148,60
1757584800,3.2255,3.2325,3.2225,3.2245,115,60
1757588400,3.2245,3.2255,3.2175,3.2235,87,60
1757592000,3.2235,3.2265,3.2175,3.2235,92,60
1757595600,3.2235,3.2425,3.2225,3.2305,199,50
1757599200,3.2305,3.2485,3.2255,3.2275,283,40
1757602800,3.2275,3.2335,3.1885,3.1975,598,40
1757606400,3.1975,3.2295,3.1855,3.2205,617,40
1757610000,3.2205,3.2285,3.1625,3.1665,756,30
1757613600,3.1665,3.1814999999999998,3.1545,3.1685,386,80
1757617200,3.1685,3.1695,3.1525,3.1595,256,80
1757620800,3.1595,3.1605,3.1425,3.1425,309,100
1757624400,3.1425,3.1495,3.1245,3.1285,343,100
1757628000,3.1285,3.1295,3.1145,3.1185,178,100
1757631600,3.1185,3.1265,3.1025,3.1025,79,110
1757638800,3.1285,3.1365,3.1275,3.1335,80,200
1757642400,3.1335,3.1385,3.1305,3.1385,57,160
1757646000,3.1385,3.1415,3.1335,3.1355,69,150
1757649600,3.1355,3.1365,3.1255,3.1265,70,150
1757653200,3.1265,3.1315,3.1235,3.1295,54,150
1757656800,3.1295,3.1315,3.1255,3.1265,69,150
1757660400,3.1265,3.1295,3.1245,3.1275,68,150
1757664000,3.1275,3.1275,3.1185,3.1225,89,150
1757667600,3.1225,3.1275,3.1175,3.1215,135,120
1757671200,3.1215,3.1235,3.1125,3.1155,125,110
1757674800,3.1155,3.1165,3.1045,3.1105,115,110
1757678400,3.1115,3.1165,3.1065,3.1105,114,110
1757682000,3.1105,3.1175,3.1075,3.1125,156,90
1757685600,3.1125,3.1355,3.1085,3.1335,321,80
1757689200,3.1335,3.1525,3.1325,3.1495,484,40
1757692800,3.1505,3.1945,3.1475,3.1795,523,40
1757696400,3.1795,3.1905,3.1715,3.1845,424,40
1757700000,3.1845,3.1895,3.1625,3.1665,260,40
1757703600,3.1665,3.1665,3.1455,3.1525,243,40
1757707200,3.1525,3.1545,3.1415,3.1515,225,50
1757710800,3.1515,3.1525,3.1295,3.1415,321,90
1757714400,3.1415,3.1455,3.1285,3.1325,157,100
1757718000,3.1325,3.1435,3.1185,3.1215,85,110
1757898000,3.1545,3.1655,3.1455,3.1645,190,200
1757901600,3.1645,3.1855,3.1645,3.1814999999999998,131,150
1757905200,3.1805,3.1805,3.1675,3.1695,115,150
1757908800,3.1695,3.1775,3.1635,3.1725,103,150
1757912400,3.1725,3.1785,3.1715,3.1755,80,150
1757916000,3.1755,3.1805,3.1685,3.1705,83,150
1757919600,3.1705,3.1705,3.1655,3.1665,70,150
1757923200,3.1695,3.1725,3.1665,3.1715,74,150
1757926800,3.1715,3.1765,3.1675,3.1725,133,120
1757930400,3.1725,3.1765,3.1645,3.1655,121,110
1757934000,3.1655,3.1685,3.1585,3.1625,108,110
1757937600,3.1625,3.1625,3.1535,3.1565,97,110
1757941200,3.1565,3.1585,3.1455,3.1455,145,90
1757944800,3.1455,3.1485,3.1205,3.1265,263,80
1757948400,3.1265,3.1645,3.1255,3.1375,476,70
1757952000,3.1365,3.1875,3.1295,3.1745,662,80
1757955600,3.1745,3.1975,3.1675,3.1965,398,80
1757959200,3.1965,3.2095,3.1895,3.1905,316,80
1757962800,3.1915,3.2075,3.1895,3.2035,304,80
1757966400,3.2045,3.2265,3.2015000000000002,3.2235,261,100
1757970000,3.2235,3.2495,3.2225,3.2475,361,100
1757973600,3.2475,3.2525,3.2385,3.2405,160,100
1757977200,3.2405,3.2445,3.2175,3.2205,91,110
1757984400,3.1385,3.2385,3.1375,3.2305,439,190
1757988000,3.2305,3.2325,3.2195,3.2295,106,150
1757991600,3.2295,3.2405,3.2275,3.2305,100,150
1757995200,3.2315,3.2375,3.2265,3.2325,81,290
1757998800,3.2325,3.2395,3.2265,3.2335,106,290
1758002400,3.2335,3.2385,3.2295,3.2365,72,290
1758006000,3.2325,3.2385,3.2285,3.2285,76,290
1758009600,3.2335,3.2385,3.2275,3.2295,71,290
1758013200,3.2295,3.2565,3.2295,3.2565,161,220
1758016800,3.2565,3.2605,3.2485,3.2575,107,210
1758020400,3.2575,3.2675,3.2545,3.2605,130,200
1758024000,3.2605,3.2635,3.2525,3.2585,103,210
1758027600,3.2585,3.2685,3.2495,3.2635,200,170
1758031200,3.2635,3.3055,3.2635,3.3015,321,150
1758034800,3.3015,3.3125,3.2545,3.2765,631,40
1758038400,3.2755,3.2995,3.2575,3.2925,556,30
1758042000,3.2935,3.3075,3.2675,3.2945,403,40
1758045600,3.2945,3.3285,3.2865,3.3115,460,40
1758049200,3.3115,3.3125,3.2984999999999998,3.3015,292,90
1758052800,3.3015,3.3285,3.3005,3.3275,238,100
1758056400,3.3265000000000002,3.3265000000000002,3.3095,3.3155,264,100
1758060000,3.3155,3.3335,3.3145,3.3305,148,110
1758063600,3.3305,3.3335,3.3075,3.3075,79,110
1758070800,3.3285,3.3385,3.3265000000000002,3.3345000000000002,95,210
1758074400,3.3345000000000002,3.3415,3.3335,3.3415,46,150
1758078000,3.3415,3.3485,3.3395,3.3425000000000002,118,150
1758081600,3.3405,3.3425000000000002,3.3305,3.3335,55,140
1758085200,3.3365,3.3375,3.3295,3.3315,91,150
1758088800,3.3325,3.3345000000000002,3.3265000000000002,3.3295,83,140
1758092400,3.3305,3.3305,3.3275,3.3275,46,150
1758096000,3.3295,3.3395,3.3255,3.3265000000000002,84,150
1758099600,3.3265000000000002,3.3305,3.3165,3.3225,131,110
1758103200,3.3225,3.3285,3.3135,3.3215,150,110
1758106800,3.3215,3.3295,3.3205,3.3225,109,110
1758110400,3.3225,3.3345000000000002,3.3215,3.3345000000000002,99,110
1758114000,3.3345000000000002,3.3505,3.3225,3.3485,191,90
1758117600,3.3495,3.3745,3.3475,3.3605,354,80
1758121200,3.3605,3.3805,3.3435,3.3695,672,80
1758124800,3.3675,3.3915,3.3625,3.3815,544,80
1758128400,3.3815,3.3885,3.3545,3.3625,430,80
1758132000,3.3625,3.3675,3.3385,3.3435,377,80
1758135600,3.3435,3.3445,3.3185000000000002,3.3255,350,80
1758139200,3.3255,3.3365,3.3195,3.3235,230,100
1758142800,3.3235,3.3395,3.3035,3.3064999999999998,347,90
1758146400,3.3064999999999998,3.3125,3.3055,3.3055,115,90
1758150000,3.3055,3.3125,3.2875,3.2885,84,110
1758157200,3.3185000000000002,3.3215,3.3165,3.3195,66,210
1758160800,3.3195,3.3235,3.3175,3.3225,43,150
1758164400,3.3225,3.3225,3.3135,3.3175,61,150
1758168000,3.3175,3.3225,3.3165,3.3215,54,150
1758171600,3.3215,3.3275,3.3185000000000002,3.3255,60,150
1758175200,3.3265000000000002,3.3275,3.3175,3.3245,72,150
1758178800,3.3245,3.3315,3.3225,3.3275,62,150
1758182400,3.3275,3.3275,3.3025,3.3195,115,140
1758186000,3.3195,3.3205,3.2995,3.3015,146,110
1758189600,3.3015,3.3135,3.3005,3.3115,118,110
1758193200,3.3115,3.3185000000000002,3.3095,3.3165,109,110
1758196800,3.3165,3.3395,3.3155,3.3355,155,110
1758200400,3.3355,3.3475,3.3235,3.3235,187,90
1758204000,3.3235,3.3415,3.3095,3.3315,371,80
1758207600,3.3315,3.3445,3.3095,3.3145,694,80
1758211200,3.3135,3.3305,3.2805,3.2935,613,70
1758214800,3.2935,3.3045,3.2275,3.2365,803,70
1758218400,3.2365,3.2425,3.2135,3.2245,449,80
1758222000,3.2245,3.2295,3.2115,3.2225,321,80
1758225600,3.2225,3.2235,3.2085,3.2215,247,90
1758229200,3.2215,3.2265,3.2055,3.2065,273,100
1758232800,3.2065,3.2175,3.2065,3.2095,119,110
1758236400,3.2095,3.2145,3.1905,3.1925,85,110
1758243600,3.2205,3.2295,3.2165,3.2205,108,190
1758247200,3.2205,3.2275,3.2185,3.2265,44,160
1758250800,3.2265,3.2285,3.2225,3.2265,81,150
1758254400,3.2265,3.2295,3.2155,3.2235,95,150
1758258000,3.2245,3.2275,3.2185,3.2265,65,150
1758261600,3.2245,3.2275,3.2165,3.2195,126,150
1758265200,3.2195,3.2195,3.2095,3.2175,110,150
1758268800,3.2175,3.2195,3.2135,3.2145,107,150
1758272400,3.2145,3.2235,3.2135,3.2185,169,120
1758276000,3.2185,3.2185,3.2085,3.2145,114,110
1758279600,3.2145,3.2205,3.2055,3.2055,106,110
1758283200,3.2055,3.2105,3.1995,3.2035,130,110
1758286800,3.2035,3.2105,3.1865,3.1915,175,80
1758290400,3.1925,3.2235,3.1925,3.2055,356,80
1758294000,3.2055,3.2225,3.1685,3.1855,830,60
1758297600,3.1855,3.2095,3.1745,3.2045,635,80
1758301200,3.2045,3.2245,3.1975,3.2005,471,80
1758304800,3.2005,3.2095,3.1905,3.2025,253,80
1758308400,3.2025,3.2035,3.1785,3.1835,271,70
1758312000,3.1835,3.1905,3.1765,3.1814999999999998,216,100
1758315600,3.1814999999999998,3.1995,3.1795,3.1955,332,100
1758319200,3.1955,3.2015000000000002,3.1945,3.1965,144,90
1758322800,3.1975,3.2045,3.1805,3.1825,86,50
1758502800,3.2195,3.2285,3.2145,3.2265,152,100
1758506400,3.2275,3.2355,3.2265,3.2345,84,90
1758510000,3.2345,3.2415,3.2345,3.2395,96,80
1758513600,3.2415,3.2465,3.2375,3.2385,72,80
1758517200,3.2385,3.2445,3.2385,3.2405,58,80
1758520800,3.2405,3.2425,3.2325,3.2405,67,80
1758524400,3.2405,3.2405,3.2325,3.2345,66,80
1758528000,3.2345,3.2345,3.2285,3.2305,92,80
1758531600,3.2305,3.2535,3.2305,3.2515,151,60
1758535200,3.2515,3.2525,3.2415,3.2445,83,60
1758538800,3.2445,3.2535,3.2425,3.2535,61,60
1758542400,3.2535,3.2565,3.2065,3.2085,140,60
1758546000,3.2085,3.2135,3.1825,3.1845,159,50
1758549600,3.1855,3.1885,3.1745,3.1765,255,40
1758553200,3.1765,3.2465,3.1745,3.2195,679,40
1758556800,3.2195,3.2245,3.1945,3.2015000000000002,532,40
1758560400,3.2015000000000002,3.2065,3.1715,3.1775,414,40
1758564000,3.1775,3.1785,3.1345,3.1405,467,20
1758567600,3.1405,3.1455,3.1315,3.1355,218,40
1758571200,3.1345,3.1495,3.1345,3.1485,172,60
1758574800,3.1485,3.1515,3.1205,3.1295,277,50
1758578400,3.1275,3.1275,3.1195,3.1205,126,50
1758582000,3.1215,3.1225,3.0935,3.0955,70,50
1758589200,3.1405,3.1455,3.1325,3.1375,129,90
1758592800,3.1375,3.1435,3.1375,3.1435,62,90
1758596400,3.1435,3.1445,3.1385,3.1395,93,80
1758600000,3.1395,3.1435,3.1315,3.1405,110,70
1758603600,3.1405,3.1435,3.1405,3.1415,61,80
1758607200,3.1415,3.1435,3.1375,3.1395,66,80
1758610800,3.1395,3.1405,3.1315,3.1315,72,70
1758614400,3.1315,3.1345,3.1235,3.1325,122,80
1758618000,3.1345,3.1475,3.1285,3.1455,245,60
1758621600,3.1455,3.1455,3.1355,3.1395,98,60
1758625200,3.1395,3.1465,3.1365,3.1385,90,60
1758628800,3.1385,3.1445,3.1315,3.1405,98,60
1758632400,3.1405,3.1555,3.1405,3.1495,163,50
1758636000,3.1485,3.1515,3.1175,3.1245,276,40
1758639600,3.1255,3.1605,3.1155,3.1245,535,40
1758643200,3.1245,3.1575,3.1105,3.1565,516,40
1758646800,3.1565,3.1765,3.1495,3.1555,421,40
1758650400,3.1555,3.1695,3.1495,3.1535,263,40
1758654000,3.1535,3.1814999999999998,3.1525,3.1795,276,40
1758657600,3.1795,3.1985,3.1655,3.1865,317,50
1758661200,3.1865,3.1995,3.1814999999999998,3.1905,331,50
1758664800,3.1905,3.2005,3.1905,3.1975,97,50
1758668400,3.1975,3.2005,3.1725,3.1745,63,60
1758675600,3.2195,3.2305,3.2195,3.2245,109,100
1758679200,3.2245,3.2265,3.2215,3.2235,55,90
1758682800,3.2235,3.2295,3.2235,3.2295,53,80
1758686400,3.2285,3.2325,3.2185,3.2195,75,80
1758690000,3.2195,3.2235,3.2165,3.2195,56,80
1758693600,3.2195,3.2225,3.2175,3.2225,67,80
1758697200,3.2215,3.2245,3.2095,3.2105,90,80
1758700800,3.2105,3.2215,3.2065,3.2095,118,80
1758704400,3.2085,3.2095,3.2025,3.2075,134,60
1758708000,3.2075,3.2095,3.1905,3.1905,121,60
1758711600,3.1905,3.1915,3.1845,3.1865,72,60
1758715200,3.1865,3.2005,3.1845,3.1875,102,60
1758718800,3.1875,3.1885,3.1745,3.1825,146,50
1758722400,3.1825,3.2035,3.1805,3.2025,181,40
1758726000,3.2025,3.2165,3.1825,3.2035,540,40
1758729600,3.2025,3.2375,3.1885,3.2325,539,40
1758733200,3.2325,3.2465,3.2185,3.2445,359,40
1758736800,3.2445,3.2645,3.2315,3.2355,443,40
1758740400,3.2355,3.2425,3.2085,3.2105,252,40
1758744000,3.2095,3.2255,3.1965,3.2045,357,50
1758747600,3.2045,3.2265,3.1995,3.2235,266,50
1758751200,3.2235,3.2275,3.2205,3.2245,129,60
1758754800,3.2255,3.2285,3.1975,3.1975,91,60
1758762000,3.2535,3.2575,3.2495,3.2515,100,110
1758765600,3.2515,3.2515,3.2405,3.2495,89,80
1758769200,3.2495,3.2525,3.2355,3.2495,110,80
1758772800,3.2495,3.2545,3.2465,3.2545,71,80
1758776400,3.2545,3.2575,3.2505,3.2545,65,80
1758780000,3.2555,3.2645,3.2525,3.2625,115,80
1758783600,3.2625,3.2625,3.2455,3.2505,93,80
1758787200,3.2505,3.2615,3.2475,3.2585,70,80
1758790800,3.2575,3.2685,3.2495,3.2625,206,60
1758794400,3.2635,3.2725,3.2385,3.2465,173,60
1758798000,3.2465,3.2635,3.2455,3.2545,100,60
1758801600,3.2545,3.2585,3.2455,3.2585,117,60
1758805200,3.2585,3.2805,3.2585,3.2755,211,50
1758808800,3.2755,3.2855,3.2575,3.2775,363,40
1758812400,3.2785,3.3265000000000002,3.2785,3.3205,650,40
1758816000,3.3205,3.3545,3.3155,3.3295,687,40
1758819600,3.3295,3.3455,3.3035,3.3355,741,30
1758823200,3.3355,3.3645,3.3155,3.3175,616,40
1758826800,3.3175,3.3235,3.2755,3.2945,460,40
1758830400,3.2945,3.2975,3.2695,3.2975,364,30
1758834000,3.2975,3.3195,3.2895,3.3125,459,50
1758837600,3.3125,3.3235,3.3035,3.3115,168,50
1758841200,3.3115,3.3265000000000002,3.3025,3.3075,95,60
1758848400,3.3515,3.3555,3.3475,3.3525,96,100
1758852000,3.3525,3.3555,3.3445,3.3505,95,80
1758855600,3.3505,3.3555,3.3505,3.3535,63,80
1758859200,3.3535,3.3715,3.3485,3.3665,105,80
1758862800,3.3675,3.3675,3.3585,3.3605,94,80
1758866400,3.3605,3.3635,3.3475,3.3505,110,80
1758870000,3.3515,3.3525,3.3435,3.3495,92,80
1758873600,3.3505,3.3555,3.3495,3.3515,80,80
1758877200,3.3515,3.3695,3.3425000000000002,3.3645,209,60
1758880800,3.3665,3.3755,3.3585,3.3695,100,60
1758884400,3.3695,3.3705,3.3635,3.3695,91,60
1758888000,3.3695,3.3705,3.3475,3.3485,118,60
1758891600,3.3485,3.3585,3.3455,3.3525,170,50
1758895200,3.3525,3.3815,3.3455,3.3645,376,40
1758898800,3.3645,3.3685,3.3155,3.3235,744,40
1758902400,3.3235,3.3305,3.2605,3.2635,799,40
1758906000,3.2635,3.3155,3.2625,3.3035,532,30
1758909600,3.3035,3.3305,3.3025,3.3135,390,40
1758913200,3.3135,3.3225,3.3045,3.3145,373,40
1758916800,3.3155,3.3355,3.3045,3.3175,487,50
1758920400,3.3195,3.3505,3.3064999999999998,3.3265000000000002,529,50
1758924000,3.3265000000000002,3.3285,3.3115,3.3125,181,50
1758927600,3.3125,3.3195,3.2925,3.2925,95,60
1759107600,3.3205,3.3415,3.3025,3.3415,215,100
1759111200,3.3415,3.3495,3.3385,3.3395,109,80
1759114800,3.3395,3.3445,3.3245,3.3285,115,60
1759118400,3.3285,3.3285,3.3235,3.3255,77,80
1759122000,3.3255,3.3315,3.3175,3.3205,86,80
1759125600,3.3195,3.3225,3.3145,3.3165,118,80
1759129200,3.3165,3.3235,3.3125,3.3145,85,80
1759132800,3.3145,3.3215,3.3125,3.3205,61,80
1759136400,3.3205,3.3615,3.3205,3.3615,186,60
1759140000,3.3605,3.3635,3.3495,3.3535,136,60
1759143600,3.3545,3.3595,3.3465,3.3585,124,60
1759147200,3.3585,3.3755,3.3575,3.3645,131,50
1759150800,3.3655,3.3855,3.3335,3.3355,257,50
1759154400,3.3355,3.3515,3.3085,3.3205,390,40
1759158000,3.3205,3.3445,3.3005,3.3395,695,40
1759161600,3.3395,3.3755,3.3135,3.3635,718,40
1759165200,3.3635,3.3835,3.3505,3.3695,508,40
1759168800,3.3695,3.4025,3.3655,3.3945,455,40
1759172400,3.3945,3.4575,3.3935,3.4285,537,40
1759176000,3.4285,3.4355,3.4135,3.4234999999999998,323,50
1759179600,3.4234999999999998,3.4345,3.4125,3.4325,284,50
1759183200,3.4325,3.4335,3.4225,3.4234999999999998,87,60
1759186800,3.4245,3.4314999999999998,3.4055,3.4055,64,60
1759194000,3.4565,3.4565,3.4445,3.4465,107,110
1759197600,3.4465,3.4575,3.4465,3.4525,75,80
1759201200,3.4525,3.4555,3.4485,3.4535,88,80
1759204800,3.4535,3.4645,3.4525,3.4575,77,80
1759208400,3.4585,3.4585,3.4555,3.4555,51,80
1759212000,3.4555,3.4625,3.4515000000000002,3.4595000000000002,82,80
1759215600,3.4595000000000002,3.4665,3.4565,3.4595000000000002,89,80
1759219200,3.4595000000000002,3.4645,3.4565,3.4635,87,80
1759222800,3.4635,3.4655,3.4375,3.4395,196,60
1759226400,3.4395,3.4455,3.4325,3.4365,105,60
1759230000,3.4365,3.4505,3.4325,3.4495,76,60
1759233600,3.4485,3.4665,3.4485,3.4485,106,60
1759237200,3.4485,3.4625,3.4355,3.4505,185,50
1759240800,3.4495,3.4975,3.4495,3.4835,343,40
1759244400,3.4835,3.5295,3.4505,3.5145,893,40
1759248000,3.5145,3.5285,3.4765,3.5055,947,40
1759251600,3.5055,3.5055,3.4615,3.4875,490,40
1759255200,3.4855,3.4965,3.4695,3.4955,378,40
1759258800,3.4955,3.5105,3.4855,3.5025,310,40
1759262400,3.5025,3.5145,3.4915,3.4915,332,50
1759266000,3.4915,3.5115,3.4655,3.5115,369,40
1759269600,3.5115,3.5135,3.5004999999999997,3.5035,133,60
1759273200,3.5035,3.5115,3.4805,3.4835,93,60
1759280400,3.5255,3.5365,3.5244999999999997,3.5285,97,100
1759284000,3.5305,3.5335,3.5275,3.5324999999999998,59,90
1759287600,3.5324999999999998,3.5425,3.5295,3.5324999999999998,143,80
1759291200,3.5335,3.5455,3.5315,3.5404999999999998,101,80
1759294800,3.5415,3.5425,3.5335,3.5375,90,80
1759298400,3.5375,3.5455,3.5335,3.5415,79,80
1759302000,3.5415,3.5425,3.5345,3.5415,79,80
1759305600,3.5425,3.5595,3.5415,3.5564999999999998,141,80
1759309200,3.5564999999999998,3.5795,3.5525,3.5775,185,60
1759312800,3.5775,3.5775,3.5625,3.5665,160,60
1759316400,3.5665,3.5755,3.5615,3.5655,116,60
1759320000,3.5655,3.5825,3.5625,3.5825,120,60
1759323600,3.5825,3.5865,3.5645,3.5655,192,50
1759327200,3.5655,3.5935,3.5645,3.5885,357,30
1759330800,3.5885,3.5905,3.5505,3.5615,666,40
1759334400,3.5615,3.5745,3.5335,3.5365,802,40
1759338000,3.5365,3.5695,3.5195,3.5685000000000002,507,40
1759341600,3.5685000000000002,3.5775,3.5484999999999998,3.5695,444,40
1759345200,3.5695,3.6755,3.5564999999999998,3.6695,710,40
1759348800,3.6695,3.6865,3.6325,3.6785,828,50
1759352400,3.6785,3.6885,3.6654999999999998,3.6734999999999998,527,50
1759356000,3.6734999999999998,3.6805,3.6715,3.6734999999999998,180,50
1759359600,3.6734999999999998,3.6734999999999998,3.6245000000000003,3.6265,135,60
1759366800,3.6795,3.6795,3.6705,3.6745,101,100
1759370400,3.6745,3.6785,3.6734999999999998,3.6785,58,90
1759374000,3.6785,3.6845,3.6715,3.6755,143,80
1759377600,3.6755,3.6775,3.6605,3.6695,161,80
1759381200,3.6705,3.6755,3.6665,3.6715,90,80
1759384800,3.6715,3.6715,3.6645,3.6675,83,80
1759388400,3.6675,3.6705,3.6645,3.6665,64,80
1759392000,3.6675,3.6705,3.6635,3.6654999999999998,97,80
1759395600,3.6654999999999998,3.6725,3.6535,3.6615,224,70
1759399200,3.6615,3.6695,3.6565,3.6625,137,60
1759402800,3.6625,3.6685,3.6555,3.6615,115,60
1759406400,3.6625,3.6715,3.6605,3.6645,97,60
1759410000,3.6645,3.6785,3.6414999999999997,3.6775,250,50
1759413600,3.6775,3.6775,3.6455,3.6734999999999998,459,40
1759417200,3.6734999999999998,3.7465,3.6525,3.7435,955,40
1759420800,3.7435,3.7565,3.6825,3.7095000000000002,1259,20
1759424400,3.7095000000000002,3.8245,3.7025,3.7845,1291,30
1759428000,3.7845,3.8275,3.7805,3.7815,698,40
1759431600,3.7815,3.7875,3.7075,3.7365,859,30
1759435200,3.7365,3.7385,3.6725,3.6734999999999998,605,50
1759438800,3.6734999999999998,3.7085,3.6635,3.6995,550,50
1759442400,3.6985,3.7015000000000002,3.6795,3.6795,201,50
1759446000,3.6795,3.6805,3.6395,3.6414999999999997,116,50
1759453200,3.6915,3.6935000000000002,3.6865,3.6875,116,100
1759456800,3.6875,3.6905,3.6865,3.6895,61,90
1759460400,3.6895,3.7045,3.6885,3.7005,88,80
1759464000,3.7005,3.7185,3.7005,3.7135,104,80
1759467600,3.7135,3.7165,3.7115,3.7145,66,80
1759471200,3.7145,3.7255000000000003,3.7125,3.7165,144,80
1759474800,3.7165,3.7215,3.7115,3.7205,78,80
1759478400,3.7205,3.7205,3.7125,3.7155,119,80
1759482000,3.7155,3.7155,3.6925,3.6985,296,60
1759485600,3.6985,3.7075,3.6955,3.6985,124,60
1759489200,3.6985,3.7125,3.6965,3.7115,98,60
1759492800,3.7115,3.7155,3.7055,3.7095000000000002,92,60
1759496400,3.7095000000000002,3.7265,3.6965,3.7225,179,50
1759500000,3.7205,3.7205,3.6605,3.6805,447,40
1759503600,3.6814999999999998,3.6865,3.6245000000000003,3.6355,701,40
1759507200,3.6355,3.7385,3.6285,3.6765,1477,40
1759510800,3.6765,3.6865,3.6515,3.6555,591,30
1759514400,3.6555,3.6685,3.6455,3.6565,465,40
1759518000,3.6565,3.6715,3.6395,3.6555,384,40
1759521600,3.6555,3.6605,3.6395,3.6574999999999998,300,50
1759525200,3.6574999999999998,3.6675,3.6135,3.6245000000000003,448,50
1759528800,3.6245000000000003,3.6334999999999997,3.6245000000000003,3.6315,125,60
1759532400,3.6315,3.6435,3.6175,3.6185,79,60
1759712400,3.6435,3.6805,3.6375,3.6725,264,100
1759716000,3.6725,3.7045,3.6725,3.7045,156,90
1759719600,3.7055,3.7205,3.7025,3.7165,117,80
1759723200,3.7165,3.7535,3.7075,3.7455,180,80
1759726800,3.7455,3.7525,3.7315,3.7465,218,70
1759730400,3.7465,3.7485,3.7375,3.7395,129,70
1759734000,3.7395,3.7485,3.7375,3.7485,87,80
1759737600,3.7485,3.7565,3.7405,3.7525,124,80
1759741200,3.7525,3.8005,3.7475,3.7975,344,60
1759744800,3.7975,3.8125,3.7935,3.8025,212,60
1759748400,3.8025,3.8055,3.7925,3.7984999999999998,171,50
1759752000,3.7984999999999998,3.8005,3.7735,3.7765,163,60
1759755600,3.7765,3.7935,3.7685,3.7735,199,40
1759759200,3.7735,3.7895,3.7495000000000003,3.7605,498,40
1759762800,3.7605,3.7755,3.6965,3.7255000000000003,1056,30
1759766400,3.7255000000000003,3.7375,3.6785,3.6885,1078,30
1759770000,3.6885,3.6915,3.6595,3.6734999999999998,593,40
1759773600,3.6734999999999998,3.6895,3.6545,3.6885,533,40
1759777200,3.6905,3.7215,3.6835,3.7065,494,40
1759780800,3.7065,3.7135,3.6734999999999998,3.6745,378,50
1759784400,3.6745,3.6814999999999998,3.6505,3.6785,354,30
1759788000,3.6785,3.6995,3.6775,3.6975,146,60
1759791600,3.6975,3.7105,3.6845,3.6895,101,60
1759798800,3.7275,3.7295,3.7135,3.7145,129,100
1759802400,3.7145,3.7155,3.7105,3.7125,60,90
1759806000,3.7125,3.7175000000000002,3.7095000000000002,3.7105,78,80
1759809600,3.7105,3.7155,3.7095000000000002,3.7105,51,80
1759813200,3.7095000000000002,3.7225,3.7095000000000002,3.7195,77,80
1759816800,3.7195,3.7195,3.7115,3.7125,60,80
1759820400,3.7115,3.7195,3.7115,3.7185,51,80
1759824000,3.7185,3.7405,3.7145,3.7325,131,80
1759827600,3.7325,3.7355,3.6965,3.7045,259,60
1759831200,3.7045,3.7325,3.7015000000000002,3.7285,139,60
1759834800,3.7285,3.7345,3.7225,3.7295,118,60
1759838400,3.7295,3.7565,3.7265,3.7335000000000003,185,50
1759842000,3.7335000000000003,3.7465,3.7205,3.7385,219,50
1759845600,3.7385,3.7824999999999998,3.7305,3.7545,577,40
1759849200,3.7545,3.7584999999999997,3.6875,3.6955,1053,40
1759852800,3.6955,3.7915,3.6925,3.7695,1185,30
1759856400,3.7695,3.8025,3.7605,3.7945,604,40
1759860000,3.7945,3.8025,3.7695,3.7815,562,40
1759863600,3.7815,3.7904999999999998,3.7605,3.7795,460,30
1759867200,3.7795,3.7935,3.7715,3.7875,352,50
1759870800,3.7875,3.8395,3.7824999999999998,3.8285,687,40
1759874400,3.8285,3.8385,3.8245,3.8385,186,60
1759878000,3.8385,3.8505000000000003,3.8265000000000002,3.8265000000000002,135,110
1759885200,3.8785,3.8795,3.8615,3.8655,102,200
1759888800,3.8655,3.8705,3.8595,3.8675,59,160
1759892400,3.8675,3.8705,3.8625,3.8665000000000003,76,150
1759896000,3.8665000000000003,3.8665000000000003,3.8525,3.8555,101,150
1759899600,3.8555,3.8595,3.8505000000000003,3.8555,80,150
1759903200,3.8555,3.8585000000000003,3.8465,3.8515,105,150
1759906800,3.8495,3.8545,3.8445,3.8465,87,150
1759910400,3.8465,3.8505000000000003,3.8335,3.8355,119,150
1759914000,3.8375,3.8725,3.8355,3.8695,237,110
1759917600,3.8695,3.8754999999999997,3.8485,3.8575,191,100
1759921200,3.8575,3.8785,3.8575,3.8765,149,110
1759924800,3.8765,3.8775,3.8525,3.8535,195,110
1759928400,3.8535,3.8725,3.8425000000000002,3.8615,342,90
1759932000,3.8615,3.8945,3.8565,3.8725,515,80
1759935600,3.8715,3.8845,3.7995,3.7995,1056,60
1759939200,3.7995,3.8075,3.7565,3.7715,953,70
1759942800,3.7715,3.7715,3.7235,3.7345,560,70
1759946400,3.7345,3.7355,3.7185,3.7205,426,40
1759950000,3.7205,3.7275,3.7055,3.7125,397,40
1759953600,3.7125,3.7175000000000002,3.7025,3.7125,337,50
1759957200,3.7135,3.7285,3.6985,3.7035,546,50
1759960800,3.7035,3.7075,3.7025,3.7055,82,50
1759964400,3.7055,3.7105,3.6835,3.6845,70,60
1759971600,3.7325,3.7385,3.7295,3.7345,120,110
1759975200,3.7345,3.7355,3.7215,3.7255000000000003,102,80
1759978800,3.7255000000000003,3.7315,3.7045,3.7195,164,70
1759982400,3.7195,3.7225,3.6995,3.7035,130,80
1759986000,3.7035,3.7055,3.6975,3.7035,122,80
1759989600,3.7035,3.7105,3.7015000000000002,3.7025,106,80
1759993200,3.7035,3.7055,3.6955,3.6985,94,70
1759996800,3.6985,3.7025,3.6935000000000002,3.6965,112,60
1760000400,3.6955,3.6955,3.6745,3.6855,210,60
1760004000,3.6855,3.7025,3.6845,3.7005,136,50
1760007600,3.7005,3.7065,3.6925,3.6935000000000002,136,60
1760011200,3.6945,3.7025,3.6895,3.6895,154,60
1760014800,3.6895,3.7225,3.6875,3.7225,201,50
1760018400,3.7225,3.7455,3.7145,3.7435,376,40
1760022000,3.7435,3.7584999999999997,3.6955,3.7445,814,30
1760025600,3.7445,3.7744999999999997,3.7235,3.7275,782,40
1760029200,3.7275,3.7355,3.6695,3.6775,932,20
1760032800,3.6775,3.7155,3.6775,3.6855,422,40
1760036400,3.6855,3.6905,3.6595,3.6654999999999998,318,40
1760040000,3.6654999999999998,3.6665,3.6494999999999997,3.6574999999999998,274,50
1760043600,3.6574999999999998,3.6654999999999998,3.6505,3.6545,289,60
1760047200,3.6545,3.6545,3.6325,3.6334999999999997,148,50
1760050800,3.6334999999999997,3.6395,3.6115,3.6125,79,60
1760058000,3.6625,3.6635,3.6545,3.6555,105,110
1760061600,3.6555,3.6605,3.6545,3.6605,61,90
1760065200,3.6605,3.6705,3.6585,3.6654999999999998,106,80
1760068800,3.6654999999999998,3.6665,3.6615,3.6645,80,80
1760072400,3.6645,3.6645,3.6565,3.6605,98,80
1760076000,3.6605,3.6715,3.6585,3.6605,118,80
1760079600,3.6605,3.6615,3.6545,3.6585,54,80
1760083200,3.6585,3.6585,3.6515,3.6585,95,80
1760086800,3.6585,3.6635,3.6395,3.6445,198,60
1760090400,3.6445,3.6475,3.6355,3.6365,99,60
1760094000,3.6365,3.6395,3.6315,3.6334999999999997,97,60
1760097600,3.6334999999999997,3.6345,3.6195,3.6195,111,60
1760101200,3.6185,3.6235,3.6075,3.6115,139,50
1760104800,3.6115,3.6145,3.6005000000000003,3.6085000000000003,225,40
1760108400,3.6085000000000003,3.6135,3.5855,3.5895,492,40
1760112000,3.5895,3.6245000000000003,3.5745,3.6215,621,40
1760115600,3.6215,3.6275,3.6035,3.6175,343,40
1760119200,3.6175,3.6175,3.5675,3.5745,312,50
1760122800,3.5745,3.5745,3.5375,3.5415,134,390
1760126400,3.5415,3.5415,3.5295,3.5345,45,470
1760130000,3.5595,3.5685000000000002,3.5585,3.5675,38,50
1760133600,3.5655,3.5825,3.5625,3.5785,147,50
1760137200,3.5795,3.5865,3.5515,3.5564999999999998,131,60
1760317200,3.5605,3.6065,3.5575,3.5835,341,90
1760320800,3.5835,3.5975,3.5815,3.5965,113,80
1760324400,3.5965,3.6065,3.5935,3.6035,110,80
1760328000,3.6035,3.6105,3.6035,3.6065,74,80
1760331600,3.6065,3.6085000000000003,3.6015,3.6045,79,80
1760335200,3.6055,3.6055,3.5955,3.5995,88,80
1760338800,3.5995,3.6035,3.5975,3.5995,85,80
1760342400,3.5995,3.6065,3.5935,3.5995,136,80
1760346000,3.5995,3.6005000000000003,3.5835,3.5885,236,60
1760349600,3.5885,3.5895,3.5755,3.5775,148,60
1760353200,3.5775,3.5785,3.5605,3.5625,115,60
1760356800,3.5625,3.5665,3.5585,3.5635,105,60
1760360400,3.5635,3.5665,3.5335,3.5385,172,50
1760364000,3.5385,3.5515,3.5285,3.5375,312,40
1760367600,3.5375,3.5525,3.4975,3.5435,687,30
1760371200,3.5435,3.5505,3.5055,3.5305,574,40
1760374800,3.5305,3.5735,3.5235,3.5615,650,40
1760378400,3.5615,3.5695,3.5535,3.5615,407,40
1760382000,3.5615,3.5715,3.5465,3.5525,296,40
1760385600,3.5525,3.5755,3.5465,3.5735,358,50
1760389200,3.5735,3.5785,3.5425,3.5425,443,50
1760392800,3.5425,3.5564999999999998,3.5365,3.5545,228,100
1760396400,3.5545,3.5595,3.5324999999999998,3.5324999999999998,116,110
1760403600,3.5785,3.5805,3.5655,3.5735,104,200
1760407200,3.5735,3.5755,3.5695,3.5745,71,160
1760410800,3.5745,3.5785,3.5675,3.5775,132,150
1760414400,3.5785,3.5835,3.5755,3.5765000000000002,84,150
1760418000,3.5765000000000002,3.5795,3.5675,3.5685000000000002,68,150
1760421600,3.5685000000000002,3.5815,3.5685000000000002,3.5715,94,150
1760425200,3.5715,3.5715,3.5445,3.5455,131,140
1760428800,3.5455,3.5525,3.5345,3.5465,144,150
1760432400,3.5465,3.5825,3.5435,3.5564999999999998,316,110
1760436000,3.5564999999999998,3.5564999999999998,3.5375,3.5455,177,110
1760439600,3.5455,3.5465,3.5395,3.5404999999999998,122,110
1760443200,3.5415,3.5475,3.5385,3.5465,115,110
1760446800,3.5465,3.5615,3.5275,3.5365,272,90
1760450400,3.5365,3.5655,3.5285,3.5324999999999998,515,80
1760454000,3.5324999999999998,3.5525,3.5125,3.5275,717,80
1760457600,3.5275,3.5395,3.5025,3.5185,822,80
1760461200,3.5185,3.5595,3.5145,3.5525,587,40
1760464800,3.5525,3.5615,3.5065,3.5125,479,40
1760468400,3.5125,3.5275,3.5084999999999997,3.5244999999999997,256,40
1760472000,3.5244999999999997,3.5335,3.5145,3.5205,242,60
1760475600,3.5205,3.5315,3.5135,3.5175,256,50
1760479200,3.5175,3.5265,3.5145,3.5195,127,50
1760482800,3.5205,3.5205,3.4885,3.4885,61,60
1760490000,3.5385,3.5385,3.5175,3.5235,133,100
1760493600,3.5235,3.5275,3.5205,3.5275,99,80
1760497200,3.5275,3.5335,3.5275,3.5285,69,80
1760500800,3.5285,3.5295,3.5205,3.5235,69,80
1760504400,3.5235,3.5285,3.5225,3.5225,58,80
1760508000,3.5225,3.5315,3.5215,3.5215,95,80
1760511600,3.5215,3.5235,3.5115,3.5125,78,80
1760515200,3.5135,3.5145,3.5065,3.5084999999999997,72,80
1760518800,3.5084999999999997,3.5215,3.5065,3.5135,136,60
1760522400,3.5125,3.5195,3.5095,3.5135,103,60
1760526000,3.5125,3.5145,3.4975,3.4975,105,60
1760529600,3.4975,3.5004999999999997,3.4915,3.4925,94,60
1760533200,3.4925,3.4935,3.4815,3.4875,164,50
1760536800,3.4875,3.5004999999999997,3.4835,3.4905,266,40
1760540400,3.4905,3.5145,3.4735,3.4975,556,40
1760544000,3.4975,3.5404999999999998,3.4895,3.5235,771,40
1760547600,3.5235,3.5295,3.4975,3.5055,382,40
1760551200,3.5055,3.5215,3.4995,3.5035,294,40
1760554800,3.5035,3.5175,3.4915,3.5095,258,40
1760558400,3.5095,3.5175,3.4905,3.5084999999999997,306,50
1760562000,3.5084999999999997,3.5385,3.5075,3.5295,445,50
1760565600,3.5295,3.5445,3.5244999999999997,3.5295,183,60
1760569200,3.5295,3.5425,3.5145,3.5185,98,60
1760576400,3.5625,3.5645,3.5495,3.5555,142,100
1760580000,3.5545,3.5605,3.5545,3.5605,69,90
1760583600,3.5605,3.5705,3.5555,3.5615,98,80
1760587200,3.5615,3.5665,3.5595,3.5625,102,80
1760590800,3.5625,3.5645,3.5615,3.5615,59,80
1760594400,3.5615,3.5685000000000002,3.5585,3.5645,105,70
1760598000,3.5645,3.5665,3.5615,3.5625,67,80
1760601600,3.5625,3.5715,3.5525,3.5575,120,80
1760605200,3.5575,3.5795,3.5564999999999998,3.5725,258,60
1760608800,3.5725,3.5735,3.5655,3.5695,87,60
1760612400,3.5695,3.5735,3.5665,3.5705,82,60
1760616000,3.5715,3.5725,3.5585,3.5605,101,60
1760619600,3.5605,3.5835,3.5555,3.5575,199,50
1760623200,3.5575,3.5865,3.5555,3.5705,404,40
1760626800,3.5705,3.5745,3.5315,3.5505,627,40
1760630400,3.5505,3.5735,3.5385,3.5515,644,30
1760634000,3.5515,3.6125,3.5265,3.5805,988,40
1760637600,3.5805,3.5975,3.5605,3.5625,373,30
1760641200,3.5625,3.5675,3.5095,3.5235,488,30
1760644800,3.5235,3.5425,3.5155,3.5205,371,50
1760648400,3.5205,3.5265,3.4955,3.5025,408,50
1760652000,3.5015,3.5095,3.4955,3.5065,120,50
1760655600,3.5065,3.5095,3.4795,3.4805,81,60
1760662800,3.5305,3.5335,3.5265,3.5295,106,100
1760666400,3.5295,3.5335,3.5244999999999997,3.5315,79,80
1760670000,3.5315,3.5365,3.5225,3.5295,106,80
1760673600,3.5285,3.5315,3.5135,3.5164999999999997,104,80
1760677200,3.5164999999999997,3.5195,3.5115,3.5164999999999997,84,80
1760680800,3.5164999999999997,3.5244999999999997,3.5075,3.5125,118,70
1760684400,3.5125,3.5175,3.5084999999999997,3.5084999999999997,81,70
1760688000,3.5084999999999997,3.5115,3.5055,3.5115,56,80
1760691600,3.5105,3.5175,3.5095,3.5135,169,60
1760695200,3.5135,3.5225,3.5035,3.5195,123,60
1760698800,3.5195,3.5215,3.5145,3.5185,91,60
1760702400,3.5185,3.5305,3.5164999999999997,3.5225,111,60
1760706000,3.5215,3.5365,3.5205,3.5365,114,50
1760709600,3.5365,3.5435,3.5225,3.5275,267,40
1760713200,3.5275,3.5515,3.5244999999999997,3.5455,543,40
1760716800,3.5455,3.5705,3.5355,3.5585,508,40
1760720400,3.5585,3.6225,3.5535,3.6015,493,40
1760724000,3.6015,3.6305,3.5985,3.6254999999999997,364,40
1760727600,3.6254999999999997,3.6525,3.6155,3.6465,347,40
1760731200,3.6465,3.6505,3.6215,3.6245000000000003,316,60
1760734800,3.6235,3.6465,3.6165000000000003,3.6275,408,60
1760738400,3.6285,3.6334999999999997,3.6245000000000003,3.6315,149,110
1760742000,3.6315,3.6395,3.6155,3.6155,81,110
1760922000,3.7744999999999997,3.7855,3.7675,3.7675,117,390
1760925600,3.7675,3.7735,3.7645,3.7685,87,280
1760929200,3.7685,3.7715,3.7605,3.7675,93,290
1760932800,3.7675,3.7715,3.7645,3.7685,85,280
1760936400,3.7685,3.7705,3.7664999999999997,3.7685,61,290
1760940000,3.7685,3.7705,3.7605,3.7685,84,290
1760943600,3.7685,3.7715,3.7645,3.7664999999999997,72,300
1760947200,3.7675,3.7744999999999997,3.7655,3.7695,78,290
1760950800,3.7695,3.7744999999999997,3.7615,3.7735,122,220
1760954400,3.7735,3.7815,3.7715,3.7744999999999997,143,210
1760958000,3.7744999999999997,3.7765,3.7695,3.7705,97,210
1760961600,3.7705,3.7865,3.7685,3.7845,109,210
1760965200,3.7845,3.8025,3.7815,3.8005,157,170
1760968800,3.8005,3.8285,3.7975,3.8085,323,150
1760972400,3.8085,3.8455,3.7945,3.8455,728,160
1760976000,3.8455,3.8875,3.8325,3.8825,694,160
1760979600,3.8825,3.8905,3.8425000000000002,3.8765,594,160
1760983200,3.8765,3.9105,3.8745000000000003,3.9065,342,160
1760986800,3.9065,3.9605,3.9065,3.9325,564,160
1760990400,3.9325,3.9725,3.9314999999999998,3.9615,450,190
1760994000,3.9615,3.9875,3.9525,3.9665,509,190
1760997600,3.9665,3.9775,3.9545,3.9545,177,190
1761001200,3.9545,3.9595000000000002,3.9335,3.9335,129,210
1761008400,4.0005,4.0005,3.9745,3.9825,131,390
1761012000,3.9825,3.9925,3.9775,3.9925,78,310
1761015600,3.9925,3.9925,3.9725,3.9725,109,290
1761019200,3.9735,3.9735,3.9635,3.9655,101,290
1761022800,3.9665,3.9685,3.9555,3.9575,80,290
1761026400,3.9575,3.9615,3.9555,3.9575,76,290
1761030000,3.9575,3.9585,3.9505,3.9505,84,290
1761033600,3.9495,3.9635,3.9495,3.9595000000000002,117,280
1761037200,3.9595000000000002,3.9805,3.9485,3.9645,260,220
1761040800,3.9645,3.9665,3.9445,3.9485,194,210
1761044400,3.9485,3.9625,3.9345,3.9535,202,210
1761048000,3.9535,3.9905,3.9525,3.9875,207,210
1761051600,3.9875,4.0105,3.9745,4.0095,221,170
1761055200,4.0095,4.0555,3.9965,4.0235,467,160
1761058800,4.0235,4.0265,3.9705,3.9945,1026,80
1761062400,3.9945,4.0025,3.9265,3.9895,1571,80
1761066000,3.9915000000000003,4.0395,3.9785,3.9965,1229,70
1761069600,3.9965,4.0085,3.9575,4.0075,850,80
1761073200,4.0075,4.0335,3.9835000000000003,4.0065,714,80
1761076800,4.0075,4.0335,3.9935,4.0325,536,100
1761080400,4.0325,4.0615,4.0155,4.0435,537,100
1761084000,4.0435,4.0645,4.0435,4.0515,264,100
1761087600,4.0515,4.0635,4.0345,4.0365,144,110
1761094800,4.0755,4.1005,4.0645,4.0905,140,180
1761098400,4.0905,4.0985,4.0895,4.0955,79,150
1761102000,4.0955,4.1025,4.0825,4.0995,134,150
1761105600,4.0995,4.1015,4.0935,4.0955,92,150
1761109200,4.0965,4.1065,4.0945,4.1055,82,150
1761112800,4.1055,4.1175,4.1005,4.1035,144,140
1761116400,4.1035,4.1185,4.0915,4.1185,136,150
1761120000,4.1185,4.1325,4.1105,4.1265,179,150
1761123600,4.1265,4.1265,4.0455,4.0485,435,110
1761127200,4.0485,4.0515,4.0215,4.0295,284,100
1761130800,4.0295,4.0305,4.0115,4.0185,299,100
1761134400,4.0185,4.0285,4.0165,4.0245,149,110
1761138000,4.0245,4.0345,4.0235,4.0275,170,90
1761141600,4.0275,4.0765,4.0275,4.0665,534,70
1761145200,4.0665,4.1095,4.0445,4.0825,1055,70
1761148800,4.0825,4.1075,4.0675,4.0935,971,80
1761152400,4.0935,4.1015,4.0505,4.0895,755,70
1761156000,4.0895,4.0905,4.0365,4.0375,652,70
1761159600,4.0375,4.0725,4.0145,4.0645,922,60
1761163200,4.0645,4.0925,4.0395,4.0915,763,90
1761166800,4.0915,4.0945,4.0485,4.0595,535,100
1761170400,4.0595,4.0675,4.0505,4.0515,207,100
1761174000,4.0515,4.0565,4.0305,4.0315,94,110
1761181200,4.0615,4.0675,4.0575,4.0665,127,190
1761184800,4.0665,4.0815,4.0635,4.0795,84,150
1761188400,4.0795,4.0975,4.0785,4.0915,137,150
1761192000,4.0915,4.0935,4.0605,4.0675,161,140
1761195600,4.0675,4.0755,4.0625,4.0695,123,150
1761199200,4.0695,4.0795,4.0625,4.0755,176,140
1761202800,4.0755,4.0825,4.0665,4.0745,187,140
1761206400,4.0745,4.0895,4.0745,4.0805,184,130
1761210000,4.0805,4.1025,4.0755,4.0905,272,110
1761213600,4.0905,4.0925,4.0815,4.0855,139,110
1761217200,4.0855,4.1025,4.0735,4.1005,159,110
1761220800,4.1005,4.1065,4.0895,4.0945,218,110
1761224400,4.0945,4.1035,4.0765,4.0805,278,90
1761228000,4.0805,4.1135,4.0755,4.1095,478,80
1761231600,4.1095,4.1335,4.0275,4.0455,1139,70
1761235200,4.0455,4.0635,4.0335,4.0505,854,70
1761238800,4.0505,4.0635,4.0165,4.0345,1139,60
1761242400,4.0345,4.1155,4.0265,4.1095,841,80
1761246000,4.1095,4.1145,4.0565,4.0725,733,70
1761249600,4.0725,4.0865,4.0535,4.0585,729,80
1761253200,4.0595,4.0675,4.0265,4.0275,637,90
1761256800,4.0275,4.0375,4.0205,4.0255,234,100
1761260400,4.0255,4.0275,3.9965,3.9965,99,110
1761267600,4.0205,4.0275,4.0005,4.0095,179,200
1761271200,4.0095,4.0245,4.0015,4.0235,86,150
1761274800,4.0235,4.0265,4.0085,4.0095,99,150
1761278400,4.0095,4.0155,4.0005,4.0065,127,140
1761282000,4.0065,4.0195,4.0065,4.0135,114,150
1761285600,4.0135,4.0285,4.0125,4.0205,134,150
1761289200,4.0205,4.0355,4.0175,4.0315,111,150
1761292800,4.0305,4.0435,4.0255,4.0395,128,150
1761296400,4.0395,4.0535,4.0375,4.0485,305,110
1761300000,4.0485,4.0505,4.0385,4.0495,161,110
1761303600,4.0495,4.0535,4.0385,4.0395,142,110
1761307200,4.0395,4.0515,4.0385,4.0445,167,110
1761310800,4.0445,4.0455,4.0295,4.0355,253,80
1761314400,4.0355,4.0405,4.0185,4.0315,360,80
1761318000,4.0315,4.0755,4.0305,4.0735,768,80
1761321600,4.0735,4.0805,3.9945,4.0035,916,70
1761325200,4.0035,4.0125,3.9755000000000003,3.9795,803,80
1761328800,3.9795,3.9965,3.9635,3.9885,461,80
1761332400,3.9885,3.9965,3.9485,3.9595000000000002,560,80
1761336000,3.9595000000000002,3.9695,3.9395,3.9655,426,90
1761339600,3.9655,4.0845,3.9645,4.0785,1088,90
1761343200,4.0785,4.0795,4.0505,4.0505,396,100
1761346800,4.0505,4.0645,4.0325,4.0335,178,110
1761526800,4.1215,4.1255,4.0745,4.0795,325,190
1761530400,4.0795,4.0835,4.0675,4.0705,121,210
1761534000,4.0705,4.0865,4.0605,4.0635,190,210
1761537600,4.0635,4.0745,4.0585,4.0645,150,210
1761541200,4.0645,4.0685,4.0575,4.0615,124,210
1761544800,4.0635,4.0705,4.0475,4.0515,147,200
1761548400,4.0515,4.0655,4.0485,4.0645,126,200
1761552000,4.0645,4.0705,4.0505,4.0625,184,200
1761555600,4.0625,4.0685,4.0305,4.0335,291,180
1761559200,4.0335,4.0335,4.0045,4.0085,159,120
1761562800,4.0085,4.0135,4.0015,4.0035,126,110
1761566400,4.0035,4.0045,3.9765,3.9785,205,110
1761570000,3.9785,3.9825,3.9605,3.9805,280,110
1761573600,3.9815,4.0085,3.9565,4.0075,535,90
1761577200,4.0075,4.0115,3.9535,3.9955,1099,80
1761580800,3.9955,4.0615,3.9895,4.0335,1292,80
1761584400,4.0335,4.0685,4.0195,4.0475,694,40
1761588000,4.0475,4.0995,4.0385,4.0585,686,30
1761591600,4.0585,4.0935,4.0085,4.0215,923,40
1761595200,4.0215,4.0755,4.0125,4.0735,640,50
1761598800,4.0745,4.0765,4.0195,4.0395,693,50
1761602400,4.0405,4.0435,4.0295,4.0375,264,50
1761606000,4.0375,4.0375,3.9805,3.9805,149,60
1761613200,4.0205,4.0255,4.0085,4.0125,128,100
1761616800,4.0125,4.0225,4.0085,4.0215,103,90
1761620400,4.0235,4.0255,3.9945,4.0005,193,80
1761624000,4.0015,4.0115,3.9995000000000003,4.0075,101,80
1761627600,4.0075,4.0185,4.0075,4.0135,111,70
1761631200,4.0135,4.0215,4.0125,4.0145,88,70
1761634800,4.0135,4.0275,4.0075,4.0215,134,80
1761638400,4.0215,4.0375,3.9885,3.9925,176,70
1761642000,3.9915000000000003,4.0005,3.9395,3.9435000000000002,438,70
1761645600,3.9435000000000002,3.9545,3.9255,3.9325,258,60
1761649200,3.9325,3.9365,3.9225,3.9245,187,60
1761652800,3.9245,3.9275,3.9145,3.9255,180,60
1761656400,3.9255,3.9475,3.9175,3.9445,285,50
1761660000,3.9445,3.9545,3.9245,3.9485,347,40
1761663600,3.9485,3.9755000000000003,3.9145,3.9385,1023,40
1761667200,3.9385,3.9525,3.8965,3.9135,942,20
1761670800,3.9135,3.9425,3.9074999999999998,3.9154999999999998,733,40
1761674400,3.9154999999999998,3.9405,3.9135,3.9255,727,30
1761678000,3.9255,3.9405,3.9015,3.9085,639,40
1761681600,3.9085,3.9325,3.9085,3.9215,622,50
1761685200,3.9215,3.9395,3.8955,3.8975,813,50
1761688800,3.8975,3.9105,3.8865,3.8875,201,50
1761692400,3.8875,3.8945,3.8545,3.8545,134,40
1761699600,3.8955,3.9045,3.8935,3.8975,128,100
1761703200,3.8975,3.8994999999999997,3.8905,3.8925,109,80
1761706800,3.8925,3.8965,3.8815,3.8825,140,80
1761710400,3.8845,3.8885,3.8795,3.8825,109,80
1761714000,3.8825,3.8845,3.8785,3.8834999999999997,114,80
1761717600,3.8834999999999997,3.8945,3.8805,3.8925,153,80
1761721200,3.8925,3.8985,3.8875,3.8895,111,80
1761724800,3.8895,3.9225,3.8834999999999997,3.9035,253,70
1761728400,3.9035,3.9314999999999998,3.8985,3.9225,418,70
1761732000,3.9225,3.9245,3.9074999999999998,3.9125,183,60
1761735600,3.9125,3.9195,3.9055,3.9095,127,60
1761739200,3.9095,3.9215,3.9015,3.9065,171,60
1761742800,3.9065,3.9105,3.8465,3.8495,328,50
1761746400,3.8495,3.8754999999999997,3.8445,3.8625,376,50
1761750000,3.8625,3.8775,3.8495,3.8725,526,40
1761753600,3.8725,3.8965,3.8285,3.8815,819,80
1761757200,3.8815,3.9285,3.8805,3.9285,623,40
1761760800,3.9285,3.9365,3.8935,3.9295,526,40
1761764400,3.9295,3.9365,3.8855,3.9145,503,40
1761768000,3.9145,3.9234999999999998,3.8745000000000003,3.9215,621,40
1761771600,3.9215,3.9305,3.8645,3.8645,1005,40
1761775200,3.8645,3.8775,3.8545,3.8615,181,50
1761778800,3.8615,3.8715,3.8365,3.8425000000000002,84,60
1761786000,3.8795,3.8805,3.8715,3.8795,109,110
1761789600,3.8775,3.8895,3.8754999999999997,3.8885,63,90
1761793200,3.8885,3.8914999999999997,3.8765,3.8765,109,80
1761796800,3.8765,3.8785,3.8735,3.8754999999999997,73,80
1761800400,3.8754999999999997,3.8815,3.8745000000000003,3.8795,75,80
1761804000,3.8795,3.8875,3.8765,3.8785,95,80
1761807600,3.8785,3.8955,3.8785,3.8955,109,80
1761811200,3.8955,3.9234999999999998,3.8885,3.9215,148,80
1761814800,3.9215,3.9295,3.9135,3.9195,199,80
1761818400,3.9195,3.9215,3.9085,3.9125,159,60
1761822000,3.9125,3.9365,3.9115,3.9305,138,60
1761825600,3.9305,3.9305,3.8985,3.9035,117,60
1761829200,3.9035,3.9175,3.8895,3.8905,269,60
1761832800,3.8905,3.9095,3.8745000000000003,3.8965,345,50
1761836400,3.8965,3.9685,3.8834999999999997,3.9675000000000002,667,40
1761840000,3.9675000000000002,3.9795,3.9465,3.9625,791,40
1761843600,3.9625,3.9865,3.9295,3.9755000000000003,962,40
1761847200,3.9755000000000003,3.9985,3.9605,3.9835000000000003,530,40
1761850800,3.9835000000000003,4.0245,3.9795,4.0075,741,20
1761854400,4.0075,4.0205,3.9945,4.0025,533,30
1761858000,4.0025,4.0555,3.9945,4.0505,672,40
1761861600,4.0505,4.0615,4.0495,4.0575,193,50
1761865200,4.0575,4.1065,4.0555,4.0795,257,60
1761872400,4.1405,4.1705,4.1265,4.1535,375,90
1761876000,4.1535,4.1595,4.1455,4.1465,145,80
1761879600,4.1475,4.1495,4.1335,4.1475,192,70
1761883200,4.1485,4.1525,4.1365,4.1475,178,80
1761886800,4.1475,4.1525,4.1355,4.1455,159,50
1761890400,4.1455,4.1525,4.1245,4.1385,189,50
1761894000,4.1385,4.1475,4.1385,4.1415,111,80
1761897600,4.1415,4.1595,4.1415,4.1595,177,80
1761901200,4.1595,4.1955,4.1515,4.1545,447,50
1761904800,4.1545,4.1775,4.1455,4.1765,274,60
1761908400,4.1765,4.1855,4.1685,4.1705,144,50
1761912000,4.1705,4.1845,4.1705,4.1785,140,60
1761915600,4.1785,4.1995000000000005,4.1495,4.1545,259,50
1761919200,4.1545,4.2055,4.1435,4.1875,562,40
1761922800,4.1875,4.2355,4.1565,4.1775,1241,30
1761926400,4.1775,4.2115,4.1045,4.1245,1388,30
1761930000,4.1245,4.1375,4.1005,4.1135,764,40
1761933600,4.1135,4.1775,4.1095,4.1745,734,40
1761937200,4.1745,4.1845,4.1415,4.1845,601,40
1761940800,4.1845,4.2125,4.1815,4.1995000000000005,566,40
1761944400,4.1995000000000005,4.2275,4.1815,4.1855,729,50
1761948000,4.1855,4.2085,4.1855,4.1995000000000005,227,40
1761951600,4.1995000000000005,4.2035,4.1745,4.1825,240,60
1762131600,4.1845,4.1975,4.1845,4.1905,45,710
1762135200,4.1905,4.1925,4.1605,4.1655,109,700
1762138800,4.1655,4.1725,4.1615,4.1715,71,710
1762142400,4.1715,4.2035,4.1705,4.2005,87,90
1762146000,4.2005,4.2085,4.1935,4.2045,101,150
1762149600,4.2045,4.2045,4.1915,4.1915,90,150
1762153200,4.1915,4.2475,4.1915,4.2425,197,150
1762156800,4.2425,4.3395,4.2415,4.3215,544,150
1762160400,4.3235,4.3585,4.3205,4.3385,385,90
1762164000,4.3385,4.3815,4.3265,4.3715,404,100
1762167600,4.3715,4.3715,4.3445,4.3495,256,110
1762171200,4.3495,4.3535,4.3315,4.3395,259,110
1762174800,4.3405000000000005,4.3465,4.3265,4.3395,316,90
1762178400,4.3375,4.3475,4.2765,4.2925,447,80
1762182000,4.2925,4.3245000000000005,4.2505,4.2545,1188,80
1762185600,4.2535,4.2755,4.2075,4.2075,1260,80
1762189200,4.2075,4.2985,4.2075,4.2975,847,70
1762192800,4.2975,4.3185,4.2715,4.3115,769,80
1762196400,4.3115,4.3755,4.3105,4.3635,805,80
1762200000,4.3635,4.3735,4.3245000000000005,4.3335,771,100
1762203600,4.3355,4.3695,4.3315,4.3695,473,100
1762207200,4.3695,4.3815,4.3595,4.3635,268,90
1762210800,4.3635,4.3645,4.3055,4.3065,183,100
1762218000,4.3465,4.3505,4.3325,4.3405000000000005,136,150
1762221600,4.3405000000000005,4.3455,4.3355,4.3365,91,140
1762225200,4.3365,4.3425,4.3345,4.3375,90,140
1762228800,4.3375,4.3515,4.3315,4.3445,129,150
1762232400,4.3445,4.3605,4.3415,4.3495,122,150
1762236000,4.3495,4.3665,4.3465,4.3495,160,150
1762239600,4.3495,4.3525,4.3255,4.3315,156,140
1762243200,4.3315,4.3435,4.3045,4.3145,262,140
1762246800,4.3155,4.3165,4.2995,4.3125,165,120
1762250400,4.3125,4.3375,4.3115,4.3355,186,110
1762254000,4.3355,4.3615,4.3355,4.3585,163,110
1762257600,4.3585,4.3615,4.3285,4.3455,270,110
1762261200,4.3455,4.3555,4.3095,4.3215,530,80
1762264800,4.3195,4.3525,4.3025,4.3025,686,60
1762268400,4.3025,4.3535,4.2965,4.3455,1127,70
1762272000,4.3465,4.3995,4.3425,4.3725,1266,80
1762275600,4.3725,4.3815,4.3265,4.3675,823,70
1762279200,4.3675,4.4265,4.3605,4.4175,873,80
1762282800,4.4175,4.4875,4.4175,4.4835,899,80
1762286400,4.4835,4.4985,4.4615,4.4785,749,90
1762290000,4.4785,4.4875,4.4285,4.4395,724,80
1762293600,4.4395,4.4405,4.4135,4.4245,349,100
1762297200,4.4245,4.4254999999999995,4.3945,4.3955,118,110
1762304400,4.4275,4.4365,4.4195,4.4305,131,150
1762308000,4.4305,4.4345,4.4135,4.4155,131,140
1762311600,4.4155,4.4365,4.4155,4.4345,130,150
1762315200,4.4345,4.4355,4.4165,4.4325,147,140
1762318800,4.4325,4.4345,4.4235,4.4245,104,150
1762322400,4.4245,4.4355,4.4215,4.4285,94,150
1762326000,4.4285,4.4385,4.4075,4.4185,205,130
1762329600,4.4185,4.4345,4.3485,4.3505,365,140
1762333200,4.3505,4.3585,4.3415,4.3555,207,110
1762336800,4.3575,4.3655,4.3405000000000005,4.3485,194,110
1762340400,4.3485,4.3525,4.3355,4.3375,154,110
1762344000,4.3375,4.3595,4.3335,4.3545,199,110
1762347600,4.3545,4.3865,4.3425,4.3825,431,90
1762351200,4.3825,4.4075,4.3625,4.3925,623,70
1762354800,4.3905,4.4195,4.3595,4.4005,1080,80
1762358400,4.3995,4.4545,4.3935,4.4385,969,60
1762362000,4.4385,4.4715,4.4215,4.4254999999999995,640,80
1762365600,4.4254999999999995,4.4365,4.3775,4.4015,892,70
1762369200,4.4015,4.4105,4.3585,4.3715,709,80
1762372800,4.3715,4.3855,4.3455,4.3615,644,90
1762376400,4.3615,4.3695,4.3275,4.3335,593,90
1762380000,4.3335,4.3505,4.3305,4.3415,285,100
1762383600,4.3415,4.3535,4.3325,4.3405000000000005,109,110
1762390800,4.3605,4.3935,4.3515,4.3875,153,160
1762394400,4.3875,4.3875,4.3755,4.3755,95,150
1762398000,4.3735,4.3875,4.3585,4.3845,188,150
1762401600,4.3845,4.4075,4.3795,4.4005,171,150
1762405200,4.3995,4.4025,4.3945,4.3985,109,150
1762408800,4.3975,4.4215,4.3965,4.4175,137,150
1762412400,4.4175,4.4275,4.4045,4.4105,133,140
1762416000,4.4105,4.4405,4.3975,4.4265,375,130
1762419600,4.4265,4.4295,4.4155,4.4225,169,110
1762423200,4.4225,4.4355,4.4185,4.4315,143,110
1762426800,4.4315,4.4345,4.4235,4.4295,114,110
1762430400,4.4295,4.4325,4.4105,4.4325,163,110
1762434000,4.4335,4.4415,4.4025,4.4055,300,90
1762437600,4.4055,4.4575,4.4035,4.4495000000000005,526,80
1762441200,4.4495000000000005,4.4605,4.4045,4.4105,881,40
1762444800,4.4085,4.4235,4.3975,4.4085,751,40
1762448400,4.4085,4.4635,4.4005,4.4585,1069,30
1762452000,4.4585,4.4645,4.4135,4.4335,724,30
1762455600,4.4345,4.4375,4.3285,4.3925,1111,30
1762459200,4.3925,4.4925,4.3895,4.4835,956,30
1762462800,4.4835,4.5024999999999995,4.4635,4.4655000000000005,576,50
1762466400,4.4655000000000005,4.5385,4.4655000000000005,4.5165,540,40
1762470000,4.5165,4.5365,4.5055,4.5055,152,60
1762477200,4.5365,4.5365,4.5145,4.5275,179,80
1762480800,4.5275,4.5355,4.5225,4.5235,114,80
1762484400,4.5245,4.5295,4.5195,4.5235,99,80
1762488000,4.5235,4.5265,4.5175,4.5195,83,80
1762491600,4.5195,4.5195,4.5035,4.5055,138,80
1762495200,4.5055,4.5105,4.5055,4.5075,58,70
1762498800,4.5085,4.5455,4.5035,4.5425,191,80
1762502400,4.5425,4.5475,4.5205,4.5355,241,80
1762506000,4.5375,4.5395,4.5205,4.5265,163,60
1762509600,4.5265,4.5315,4.5024999999999995,4.5095,142,60
1762513200,4.5095,4.5285,4.5085,4.5265,121,60
1762516800,4.5265,4.5265,4.5015,4.5035,132,40
1762520400,4.5035,4.5035,4.4675,4.4705,197,50
1762524000,4.4705,4.4755,4.4215,4.4265,448,30
1762527600,4.4254999999999995,4.4485,4.4085,4.4195,953,30
1762531200,4.4195,4.4945,4.4145,4.4865,1011,40
1762534800,4.4865,4.5145,4.4595,4.4955,769,40
1762538400,4.4955,4.5265,4.4615,4.4765,881,40
1762542000,4.4765,4.5015,4.4565,4.4865,674,30
1762545600,4.4865,4.5005,4.4415,4.4475,669,50
1762549200,4.4475,4.4775,4.4195,4.4775,489,50
1762552800,4.4765,4.4765,4.4485,4.4635,362,50
1762556400,4.4635,4.4685,4.4385,4.4425,156,60
1762736400,4.5895,4.5965,4.5675,4.5915,223,150
1762740000,4.5915,4.5975,4.5815,4.5975,105,150
1762743600,4.5975,4.5975,4.5815,4.5825,141,150
1762747200,4.5925,4.5925,4.5895,4.5905000000000005,9,150
1762750800,4.5905000000000005,4.6035,4.5865,4.5905000000000005,139,150
1762754400,4.5915,4.5995,4.5895,4.5985,98,150
1762758000,4.5985,4.6325,4.5985,4.6325,160,140
1762761600,4.6325,4.6375,4.6085,4.6325,220,140
1762765200,4.6325,4.6385,4.6285,4.6285,158,120
1762768800,4.6285,4.6335,4.6175,4.6225000000000005,149,100
1762772400,4.6225000000000005,4.6415,4.6175,4.6385,150,110
1762776000,4.6385,4.6395,4.6095,4.6125,168,110
1762779600,4.6125,4.6195,4.5965,4.5975,274,90
1762783200,4.5965,4.6015,4.5585,4.5645,437,80
1762786800,4.5645,4.5705,4.4845,4.4885,837,80
1762790400,4.4885,4.4945,4.4315,4.4425,1085,80
1762794000,4.4425,4.4915,4.4254999999999995,4.4555,754,80
1762797600,4.4555,4.4855,4.4285,4.4375,720,70
1762801200,4.4375,4.4665,4.4185,4.4535,665,50
1762804800,4.4535,4.4835,4.4375,4.4765,474,50
1762808400,4.4765,4.4995,4.4665,4.4885,415,50
1762812000,4.4885,4.5315,4.4835,4.5235,396,50
1762815600,4.5235,4.5375,4.5065,4.5065,116,60
1762822800,4.5305,4.5385,4.5245,4.5305,141,80
1762826400,4.5305,4.5435,4.5285,4.5385,114,80
1762830000,4.5385,4.5455,4.5305,4.5405,120,80
1762833600,4.5415,4.5475,4.5385,4.5425,71,80
1762837200,4.5425,4.5445,4.5235,4.5255,206,80
1762840800,4.5255,4.5375,4.5105,4.5145,190,80
1762844400,4.5145,4.5305,4.4975,4.5075,211,70
1762848000,4.5075,4.5095,4.4515,4.4625,453,60
1762851600,4.4625,4.4855,4.4595,4.4735,276,60
1762855200,4.4735,4.4835,4.4645,4.4675,205,50
1762858800,4.4675,4.4785,4.4605,4.4665,198,60
1762862400,4.4665,4.4855,4.4545,4.4805,218,60
1762866000,4.4785,4.4875,4.4645,4.4785,273,50
1762869600,4.4785,4.5024999999999995,4.4425,4.4765,568,40
1762873200,4.4795,4.5335,4.4745,4.5325,814,40
1762876800,4.5325,4.6255,4.5285,4.6045,976,40
1762880400,4.6045,4.6805,4.6035,4.6785,743,40
1762884000,4.6805,4.7135,4.6625,4.6805,1140,40
1762887600,4.6805,4.6955,4.6475,4.6505,720,40
1762891200,4.6515,4.7205,4.6475,4.6945,683,40
1762894800,4.6945,4.7235,4.6935,4.6975,607,50
1762898400,4.6975,4.7145,4.6594999999999995,4.6635,576,40
1762902000,4.6635,4.6815,4.6445,4.6465,175,50
1762909200,4.6805,4.6965,4.6765,4.6875,162,80
1762912800,4.6875,4.6915,4.6825,4.6905,130,70
1762916400,4.6905,4.7095,4.6795,4.7065,189,70
1762920000,4.7065,4.7145,4.6935,4.7135,168,80
1762923600,4.7135,4.7135,4.6935,4.7005,188,60
1762927200,4.7005,4.7325,4.7005,4.7325,160,80
1762930800,4.7325,4.7355,4.7195,4.7285,148,60
1762938000,4.6965,4.7085,4.6955,4.7035,70,60
1762941600,4.7035,4.7125,4.6995000000000005,4.7065,174,50
1762945200,4.7065,4.7285,4.7025,4.7215,231,50
1762948800,4.7215,4.7325,4.6915,4.7145,282,40
1762952400,4.7145,4.7405,4.7035,4.7165,421,50
1762956000,4.7175,4.7185,4.6515,4.6565,870,20
1762959600,4.6565,4.6885,4.6395,4.6795,1039,40
1762963200,4.6795,4.7345,4.6785,4.7145,1286,40
1762966800,4.7145,4.7395,4.6805,4.6985,793,30
1762970400,4.6985,4.7075,4.6605,4.6945,798,20
1762974000,4.6945,4.6965,4.6305,4.6415,640,40
1762977600,4.6415,4.6785,4.6295,4.6745,650,40
1762981200,4.6745,4.7105,4.6675,4.6935,475,50
1762984800,4.6935,4.7025,4.6685,4.6975,359,40
1762988400,4.6975,4.7145,4.6715,4.6735,124,50
1762995600,4.7095,4.7175,4.6985,4.7105,142,90
1762999200,4.7105,4.7125,4.6985,4.6995000000000005,107,70
1763002800,4.6995000000000005,4.7055,4.6925,4.7015,136,80
1763006400,4.7025,4.7095,4.6995000000000005,4.7025,69,80
1763010000,4.7025,4.7085,4.6945,4.7075,94,80
1763013600,4.7085,4.7125,4.6875,4.6885,146,80
1763017200,4.6885,4.7145,4.6825,4.6845,188,60
1763020800,4.6845,4.6895,4.6385,4.6405,430,60
1763024400,4.6415,4.6545,4.6395,4.6465,203,70
1763028000,4.6465,4.6675,4.6445,4.6545,199,60
1763031600,4.6545,4.6785,4.6485,4.6785,150,60
1763035200,4.6785,4.6895,4.6695,4.6775,161,60
1763038800,4.6754999999999995,4.6795,4.6485,4.6765,334,40
1763042400,4.6765,4.7145,4.6765,4.6855,500,40
1763046000,4.6855,4.7255,4.6765,4.7225,775,40
1763049600,4.7215,4.7844999999999995,4.6975,4.7825,1080,40
1763053200,4.7825,4.8035,4.7575,4.8004999999999995,781,30
1763056800,4.8004999999999995,4.8235,4.7815,4.8025,738,40
1763060400,4.8025,4.8385,4.7985,4.8255,605,40
1763064000,4.8255,4.8485,4.7925,4.8395,696,50
1763067600,4.8395,4.8405000000000005,4.7815,4.7835,634,50
1763071200,4.7815,4.7905,4.7505,4.7615,496,40
1763074800,4.7605,4.7665,4.7335,4.7345,136,50
1763082000,4.7715,4.7925,4.7625,4.7815,160,90
1763085600,4.7815,4.7825,4.7655,4.7695,162,70
1763089200,4.7715,4.8065,4.7684999999999995,4.8015,210,80
1763092800,4.8015,4.8025,4.7865,4.7895,144,80
1763096400,4.7895,4.8015,4.7865,4.7945,174,80
1763100000,4.7945,4.8105,4.7895,4.7915,209,80
1763103600,4.7915,4.7935,4.7415,4.7465,298,60
1763107200,4.7465,4.7505,4.7095,4.7125,467,60
1763110800,4.7125,4.7345,4.7095,4.7315000000000005,390,50
1763114400,4.7305,4.7455,4.7285,4.7395,194,60
1763118000,4.7395,4.7524999999999995,4.7355,4.7455,158,60
1763121600,4.7455,4.7615,4.7305,4.7305,237,50
1763125200,4.7305,4.7535,4.7215,4.7305,312,50
1763128800,4.7315000000000005,4.7345,4.6725,4.7085,587,30
1763132400,4.7125,4.7235,4.6375,4.6665,997,30
1763136000,4.6665,4.6845,4.6155,4.6165,987,40
1763139600,4.6175,4.6525,4.5755,4.6425,1223,40
1763143200,4.6425,4.6795,4.6205,4.6635,910,40
1763146800,4.6635,4.7025,4.6455,4.6925,853,40
1763150400,4.6925,4.7205,4.6655,4.7135,847,40
1763154000,4.7135,4.7585,4.7085,4.7545,648,50
1763157600,4.7545,4.7625,4.6815,4.6865,599,40
1763161200,4.6865,4.6965,4.6465,4.6505,206,50
1763341200,4.7175,4.7205,4.6765,4.6925,363,60
1763344800,4.6925,4.6935,4.6745,4.6785,189,70
1763348400,4.6785,4.6805,4.6655,4.6725,171,80
1763352000,4.6725,4.6735,4.6645,4.6645,141,80
1763355600,4.6645,4.6735,4.6645,4.6705,120,80
1763359200,4.6695,4.6695,4.6575,4.6675,95,80
1763362800,4.6685,4.7135,4.6665,4.7055,227,60
1763366400,4.7055,4.7205,4.6785,4.6885,462,70
1763370000,4.6885,4.7085,4.6865,4.6925,235,60
1763373600,4.6925,4.7105,4.6925,4.7005,195,60
1763377200,4.7005,4.7085,4.6895,4.6995000000000005,152,60
1763380800,4.6995000000000005,4.7215,4.6895,4.6985,249,60
1763384400,4.6985,4.6995000000000005,4.6705,4.6765,308,40
1763388000,4.6765,4.6945,4.6445,4.6695,546,40
1763391600,4.6695,4.6915,4.6255,4.6434999999999995,892,30
1763395200,4.6434999999999995,4.7105,4.6325,4.7045,952,40
1763398800,4.7045,4.7305,4.6725,4.6795,619,40
1763402400,4.6795,4.6805,4.6495,4.6785,775,40
1763406000,4.6785,4.6785,4.6255,4.6415,765,40
1763409600,4.6405,4.6915,4.5695,4.5815,1102,50
1763413200,4.5815,4.5965,4.5615,4.5715,722,40
1763416800,4.5715,4.5745000000000005,4.5405,4.5515,585,40
1763420400,4.5515,4.5555,4.5245,4.5265,152,60
1763427600,4.5605,4.5705,4.5445,4.5625,181,80
1763431200,4.5625,4.5675,4.5525,4.5625,128,70
1763434800,4.5625,4.5665,4.5504999999999995,4.5655,125,80
1763438400,4.5655,4.5705,4.5595,4.5685,135,80
1763442000,4.5685,4.5865,4.5665,4.5805,229,80
1763445600,4.5805,4.5825,4.5695,4.5735,166,80
1763449200,4.5735,4.5945,4.5595,4.5675,287,70
1763452800,4.5675,4.5775,4.5445,4.5635,341,60
1763456400,4.5635,4.5725,4.5575,4.5665,159,60
1763460000,4.5665,4.5895,4.5645,4.5865,130,60
1763463600,4.5865,4.5945,4.5765,4.5905000000000005,143,50
1763467200,4.5905000000000005,4.5935,4.5655,4.5685,168,60
1763470800,4.5685,4.5865,4.5665,4.5735,232,40
1763474400,4.5735,4.5735,4.4995,4.5265,615,20
1763478000,4.5265,4.5725,4.5225,4.5355,878,40
1763481600,4.5355,4.5585,4.4725,4.4745,1173,40
1763485200,4.4745,4.4945,4.4595,4.4745,702,30
1763488800,4.4735,4.5085,4.4715,4.5065,654,40
1763492400,4.5065,4.5555,4.4805,4.5475,633,30
1763496000,4.5475,4.6075,4.5455,4.5925,1006,50
1763499600,4.5925,4.6135,4.5815,4.6075,602,50
1763503200,4.6065000000000005,4.6155,4.5705,4.5995,388,40
1763506800,4.5995,4.6025,4.5625,4.5635,125,110
1763514000,4.5625,4.5685,4.5555,4.5665,123,150
1763517600,4.5665,4.5705,4.5595,4.5675,80,150
1763521200,4.5675,4.5775,4.5504999999999995,4.5705,146,150
1763524800,4.5705,4.5795,4.5695,4.5785,111,150
1763528400,4.5785,4.5835,4.5725,4.5775,110,150
1763532000,4.5775,4.5865,4.5725,4.5855,114,150
1763535600,4.5855,4.6005,4.5745000000000005,4.5755,205,130
1763539200,4.5755,4.5875,4.5515,4.5785,326,130
1763542800,4.5795,4.5925,4.5795,4.5895,153,120
1763546400,4.5895,4.5915,4.5725,4.5785,182,110
1763550000,4.5785,4.5935,4.5735,4.5855,153,110
1763553600,4.5855,4.6065000000000005,4.5715,4.6045,206,110
1763557200,4.6045,4.6125,4.5815,4.6035,254,90
1763560800,4.6035,4.6825,4.5945,4.6735,592,80
1763564400,4.6735,4.7345,4.6735,4.7245,905,70
1763568000,4.7245,4.7315000000000005,4.6905,4.7105,863,80
1763571600,4.7105,4.7435,4.6905,4.7045,727,80
1763575200,4.7045,4.7575,4.7015,4.7405,740,80
1763578800,4.7405,4.7855,4.7235,4.7485,625,80
1763582400,4.7485,4.7555,4.7065,4.7355,787,90
1763586000,4.7355,4.7545,4.7265,4.7415,515,100
1763589600,4.7415,4.7515,4.7255,4.7375,356,100
1763593200,4.7375,4.7535,4.7175,4.7215,159,110
1763600400,4.7105,4.7195,4.7075,4.7185,91,150
1763604000,4.7185,4.7185,4.6955,4.6975,129,140
1763607600,4.6975,4.7135,4.6955,4.7045,102,150
1763611200,4.7045,4.7185,4.7035,4.7165,99,150
1763614800,4.7165,4.7205,4.7045,4.7155000000000005,147,140
1763618400,4.7155000000000005,4.7255,4.7115,4.7185,117,150
1763622000,4.7185,4.7365,4.6915,4.6975,295,140
1763625600,4.6975,4.7015,4.6825,4.6885,303,140
1763629200,4.6885,4.6945,4.6815,4.6865,151,110
1763632800,4.6865,4.6945,4.6815,4.6875,146,110
1763636400,4.6875,4.7045,4.6815,4.6945,165,110
1763640000,4.6945,4.7005,4.6785,4.6945,175,110
1763643600,4.6945,4.7005,4.6785,4.6945,261,90
1763647200,4.6945,4.7405,4.6915,4.7025,551,70
1763650800,4.7025,4.7225,4.6225000000000005,4.6575,1030,70
1763654400,4.6575,4.6995000000000005,4.6445,4.6905,832,80
1763658000,4.6905,4.7415,4.6635,4.7165,1042,70
1763661600,4.7165,4.7625,4.7135,4.7565,1062,80
1763665200,4.7565,4.7575,4.6735,4.6745,1126,80
1763668800,4.6745,4.6745,4.6175,4.6285,917,90
1763672400,4.6285,4.6475,4.6145,4.6175,558,100
1763676000,4.6175,4.6375,4.6165,4.6285,325,100
1763679600,4.6285,4.6375,4.6135,4.6205,142,110
1763686800,4.6115,4.6195,4.6045,4.6195,112,150
1763690400,4.6195,4.6195,4.6115,4.6145,75,150
1763694000,4.6165,4.6175,4.6065000000000005,4.6155,98,150
1763697600,4.6155,4.6185,4.6115,4.6145,73,150
1763701200,4.6145,4.6274999999999995,4.6135,4.6205,129,150
1763704800,4.6205,4.6205,4.6115,4.6135,89,150
1763708400,4.6135,4.6265,4.5955,4.6215,252,120
1763712000,4.6215,4.7005,4.6175,4.6915,516,140
1763715600,4.6915,4.6995000000000005,4.6845,4.6935,301,110
1763719200,4.6935,4.6965,4.6754999999999995,4.6785,218,100
1763722800,4.6785,4.6815,4.6655,4.6705,170,110
1763726400,4.6705,4.6715,4.6515,4.6545,183,110
1763730000,4.6545,4.6585,4.6445,4.6535,235,90
1763733600,4.6535,4.6625,4.6175,4.6315,405,60
1763737200,4.6315,4.6645,4.6195,4.6274999999999995,613,60
1763740800,4.6274999999999995,4.6645,4.6265,4.6475,816,80
1763744400,4.6475,4.7075,4.6385,4.7035,818,80
1763748000,4.7035,4.7475000000000005,4.6525,4.6525,880,70
1763751600,4.6525,4.7295,4.6465,4.7245,886,80
1763755200,4.7245,4.7415,4.6925,4.7175,1069,90
1763758800,4.7175,4.7405,4.6855,4.7005,605,100
1763762400,4.7005,4.7005,4.6745,4.6865,340,100
1763766000,4.6865,4.6885,4.6555,4.6615,150,110
1763946000,4.5545,4.5805,4.5395,4.5745000000000005,308,140
1763949600,4.5745000000000005,4.5785,4.5575,4.5605,137,130
1763953200,4.5605,4.5635,4.5275,4.5275,148,140
1763956800,4.5275,4.5445,4.5205,4.5385,155,150
1763960400,4.5385,4.5575,4.5355,4.5455,260,140
1763964000,4.5455,4.5515,4.5405,4.5485,108,150
1763967600,4.5485,4.6015,4.5375,4.5955,233,150
1763971200,4.5955,4.6615,4.5955,4.6395,490,140
1763974800,4.6395,4.6505,4.6215,4.6434999999999995,235,110
1763978400,4.6434999999999995,4.6515,4.6175,4.6365,251,110
1763982000,4.6365,4.6375,4.6035,4.6075,221,110
1763985600,4.6075,4.6075,4.5745000000000005,4.5865,234,110
1763989200,4.5865,4.5865,4.5635,4.5735,278,80
1763992800,4.5735,4.5945,4.5585,4.5935,557,80
1763996400,4.5935,4.6175,4.5595,4.5605,759,80
1764000000,4.5625,4.5805,4.5425,4.5725,806,80
1764003600,4.5725,4.6195,4.5504999999999995,4.6165,522,80
1764007200,4.6165,4.6165,4.5685,4.5715,419,80
1764010800,4.5715,4.6125,4.5635,4.6005,458,80
1764014400,4.6005,4.6205,4.5865,4.6065000000000005,625,100
1764018000,4.6075,4.6155,4.5695,4.5975,596,100
1764021600,4.5975,4.6045,4.5855,4.5925,207,100
1764025200,4.5925,4.5935,4.5495,4.5495,94,110
1764032400,4.5525,4.5645,4.5475,4.5635,118,160
1764036000,4.5635,4.5675,4.5495,4.5575,90,150
1764039600,4.5575,4.5575,4.5445,4.5475,86,150
1764043200,4.5475,4.5535,4.5395,4.5475,112,150
1764046800,4.5475,4.5575,4.5445,4.5445,105,150
1764050400,4.5455,4.5615,4.5445,4.5595,108,150
1764054000,4.5585,4.5885,4.4785,4.4815,442,130
1764057600,4.4815,4.5015,4.4635,4.4745,409,140
1764061200,4.4745,4.4755,4.4475,4.4545,270,110
1764064800,4.4555,4.4615,4.4465,4.4575,211,100
1764068400,4.4575,4.4715,4.4485,4.4565,180,110
1764072000,4.4565,4.4595,4.4395,4.4435,187,110
1764075600,4.4435,4.4785,4.4425,4.4725,290,90
1764079200,4.4725,4.4725,4.4405,4.4545,514,80
1764082800,4.4545,4.4545,4.3615,4.3745,1027,60
1764086400,4.3745,4.3755,4.3205,4.3455,1086,60
1764090000,4.3455,4.3825,4.3285,4.3825,565,80
1764093600,4.3825,4.4035,4.3365,4.3445,727,70
1764097200,4.3445,4.3785,4.3245000000000005,4.3785,561,80
1764100800,4.3785,4.4305,4.3715,4.4285,762,100
1764104400,4.4285,4.4405,4.3875,4.3875,712,100
1764108000,4.3875,4.3985,4.3875,4.3935,197,90
1764111600,4.3935,4.3985,4.3755,4.3775,88,110
1764118800,4.3705,4.3805,4.3675,4.3745,99,150
1764122400,4.3745,4.3875,4.3745,4.3875,85,150
1764126000,4.3885,4.3965,4.3825,4.3955,116,150
1764129600,4.3945,4.3965,4.3715,4.3795,146,150
1764133200,4.3795,4.3905,4.3785,4.3875,102,150
1764136800,4.3875,4.3935,4.3775,4.3935,115,150
1764140400,4.3935,4.4125,4.3465,4.4055,313,140
1764144000,4.4055,4.4335,4.3795,4.4254999999999995,396,130
1764147600,4.4254999999999995,4.4335,4.4065,4.4135,199,110
1764151200,4.4135,4.4265,4.4025,4.4205,184,110
1764154800,4.4205,4.4345,4.4165,4.4295,149,110
1764158400,4.4295,4.4485,4.4185,4.4415,203,110
1764162000,4.4415,4.4595,4.4285,4.4475,247,90
1764165600,4.4475,4.5105,4.4465,4.4985,604,80
1764169200,4.4985,4.5245,4.4685,4.4735,698,80
1764172800,4.4735,4.5225,4.4675,4.4725,919,70
1764176400,4.4725,4.5065,4.4615,4.5065,616,80
1764180000,4.5065,4.5325,4.4845,4.5085,812,80
1764183600,4.5085,4.5205,4.4575,4.4625,1028,80
1764187200,4.4625,4.4775,4.4445,4.4515,666,90
1764190800,4.4515,4.4805,4.4425,4.4655000000000005,485,100
1764194400,4.4655000000000005,4.5085,4.4655000000000005,4.5055,341,90
1764198000,4.5055,4.5125,4.4865,4.4905,118,110
1764205200,4.5024999999999995,4.5045,4.4885,4.4935,84,210
1764208800,4.4935,4.4955,4.4895,4.4895,55,290
1764212400,4.4935,4.4985,4.4905,4.4965,67,290
1764216000,4.4965,4.5085,4.4965,4.5035,90,290
1764219600,4.4995,4.5105,4.4985,4.5024999999999995,96,290
1764223200,4.5024999999999995,4.5024999999999995,4.4925,4.4975,98,290
1764226800,4.4935,4.5255,4.4705,4.4785,169,280
1764230400,4.4785,4.5175,4.4585,4.4995,257,270
1764234000,4.4995,4.5095,4.4915,4.4925,147,210
1764237600,4.4925,4.5024999999999995,4.4925,4.4965,113,210
1764241200,4.4945,4.5005,4.4865,4.4885,107,210
1764244800,4.4885,4.4915,4.4765,4.4815,126,210
1764248400,4.4815,4.4885,4.4615,4.4655000000000005,217,80
1764252000,4.4655000000000005,4.4655000000000005,4.4285,4.4325,348,80
1764255600,4.4325,4.4695,4.4254999999999995,4.4565,473,80
1764259200,4.4565,4.4865,4.4555,4.4765,503,80
1764262800,4.4765,4.5015,4.4765,4.4985,259,80
1764266400,4.4985,4.5175,4.4765,4.5075,397,80
1764270000,4.5075,4.5175,4.4885,4.5105,237,80
1764273600,4.5105,4.5145,4.5035,4.5105,83,90
1764291600,4.4825,4.4925,4.4685,4.4925,97,300
1764295200,4.4925,4.5205,4.4915,4.5145,97,280
1764298800,4.5145,4.5205,4.4995,4.5105,120,270
1764302400,4.5105,4.5145,4.5015,4.5105,104,280
1764342000,4.5315,4.5325,4.5085,4.5205,154,380
1764345600,4.5205,4.6125,4.5205,4.5945,648,150
1764349200,4.5945,4.6245,4.5915,4.6135,291,160
1764352800,4.6135,4.6535,4.6095,4.6515,458,150
1764356400,4.6515,4.6695,4.6155,4.6274999999999995,489,160
1764360000,4.6274999999999995,4.6495,4.5935,4.6425,452,190
1764550800,4.6185,4.6495,4.6025,4.6465,206,280
1764554400,4.6465,4.6565,4.6325,4.6545,131,290
1764558000,4.6545,4.6705,4.6515,4.6645,139,290
1764561600,4.6645,4.6675,4.6545,4.6575,124,280
1764565200,4.6585,4.6705,4.6545,4.6665,122,290
1764568800,4.6665,4.6925,4.6635,4.6895,133,290
1764572400,4.6895,4.6895,4.6434999999999995,4.6815,279,280
1764576000,4.6815,4.6875,4.6045,4.6075,474,270
1764579600,4.6075,4.6185,4.6015,4.6055,212,220
1764583200,4.6055,4.6215,4.6005,4.6035,187,210
1764586800,4.6035,4.6195,4.5995,4.6125,166,210
1764590400,4.6125,4.6215,4.6015,4.6065000000000005,158,210
1764594000,4.6075,4.6325,4.6015,4.6255,285,170
1764597600,4.6255,4.6545,4.6195,4.6355,514,160
1764601200,4.6355,4.7215,4.6335,4.6875,787,160
1764604800,4.6875,4.7495,4.6625,4.6645,1236,160
1764608400,4.6645,4.6845,4.6255,4.6725,756,40
1764612000,4.6725,4.7115,4.6445,4.6465,802,40
1764615600,4.6465,4.6685,4.6375,4.6485,597,40
1764619200,4.6485,4.7745,4.6485,4.7705,992,50
1764622800,4.7705,4.7835,4.7465,4.7605,570,40
1764626400,4.7605,4.7625,4.7445,4.7595,222,60
1764630000,4.7595,4.7605,4.7295,4.7295,101,60
1764637200,4.7225,4.7305,4.7125,4.7205,171,80
1764640800,4.7205,4.7225,4.7145,4.7155000000000005,104,60
1764644400,4.7155000000000005,4.7175,4.7075,4.7125,138,80
1764648000,4.7125,4.7195,4.6875,4.7055,189,60
1764651600,4.7065,4.7075,4.6945,4.7025,162,80
1764655200,4.7025,4.7145,4.6975,4.7025,185,80
1764658800,4.7025,4.7235,4.6885,4.7175,291,60
1764662400,4.7175,4.7675,4.7175,4.7595,432,70
1764666000,4.7585,4.7605,4.7395,4.7555,271,60
1764669600,4.7555,4.7595,4.7445,4.7495,149,60
1764673200,4.7495,4.7545,4.7305,4.7325,161,40
1764676800,4.7325,4.7385,4.6995000000000005,4.7045,232,50
1764680400,4.7045,4.7645,4.6945,4.7485,363,50
1764684000,4.7485,4.7965,4.7475000000000005,4.7605,485,40
1764687600,4.7605,4.7735,4.6625,4.6795,1200,40
1764691200,4.6795,4.7665,4.6735,4.7165,1004,40
1764694800,4.7165,4.7545,4.7075,4.7385,698,40
1764698400,4.7385,4.7615,4.6955,4.7105,808,40
1764702000,4.7105,4.7225,4.6885,4.7105,650,40
1764705600,4.7105,4.7295,4.6465,4.6645,907,50
1764709200,4.6645,4.6945,4.6465,4.6935,538,40
1764712800,4.6935,4.6935,4.6655,4.6745,336,50
1764716400,4.6745,4.6765,4.6325,4.6325,99,60
1764723600,4.6295,4.6405,4.6255,4.6405,109,290
1764727200,4.6405,4.6635,4.6405,4.6605,106,290
1764730800,4.6605,4.6655,4.6545,4.6625,104,290
1764734400,4.6625,4.6735,4.6535,4.6675,108,280
1764738000,4.6675,4.6785,4.6645,4.6735,84,290
1764741600,4.6735,4.6935,4.6735,4.6875,95,290
1764745200,4.6875,4.7245,4.6805,4.7165,195,290
1764748800,4.7165,4.7365,4.7025,4.7245,314,280
1764752400,4.7245,4.7355,4.7225,4.7345,147,220
1764756000,4.7335,4.7395,4.7295,4.7375,128,210
1764759600,4.7375,4.7535,4.7365,4.7465,160,210
1764763200,4.7465,4.7495,4.7395,4.7405,166,210
1764766800,4.7405,4.7705,4.7385,4.7684999999999995,189,160
1764770400,4.7684999999999995,4.7875,4.7555,4.7705,489,40
1764774000,4.7705,4.8085,4.7455,4.7745,1141,30
1764777600,4.7745,4.7905,4.7395,4.7755,975,40
1764781200,4.7755,4.8205,4.7705,4.7995,877,30
1764784800,4.7995,4.8535,4.7995,4.8435,971,40
1764788400,4.8435,4.8585,4.8045,4.8135,854,40
1764792000,4.8135,4.8275,4.7965,4.8115,720,40
1764795600,4.8115,4.8465,4.7995,4.8425,474,50
1764799200,4.8425,4.8465,4.8285,4.8355,288,50
1764802800,4.8355,4.8505,4.8255,4.8265,117,50
1764810000,4.7945,4.7995,4.7795,4.7905,113,290
1764813600,4.7905,4.7945,4.7875,4.7895,75,290
1764817200,4.7895,4.8015,4.7885,4.7975,110,290
1764820800,4.7975,4.7975,4.7795,4.7925,126,290
1764824400,4.7925,4.8015,4.7885,4.7995,115,280
1764828000,4.7995,4.8215,4.7975,4.8195,136,290
1764831600,4.8195,4.8195,4.7645,4.7795,289,270
1764835200,4.7795,4.8415,4.7775,4.8325,402,270
1764838800,4.8325,4.8365,4.8125,4.8335,157,220
1764842400,4.8335,4.8355,4.8185,4.8205,167,210
1764846000,4.8205,4.8235,4.8055,4.8105,161,210
1764849600,4.8105,4.8355,4.8065,4.8265,158,210
1764853200,4.8255,4.8275,4.7975,4.8055,191,170
1764856800,4.8055,4.8345,4.7915,4.8004999999999995,431,160
1764860400,4.8004999999999995,4.8515,4.7625,4.7665,1010,20
1764864000,4.7665,4.7725,4.7345,4.7415,1000,40
1764867600,4.7405,4.7885,4.7055,4.7855,1042,30
1764871200,4.7855,4.8175,4.7715,4.8035,809,40
1764874800,4.8035,4.8075,4.7455,4.7815,830,40
1764878400,4.7815,4.8875,4.7735,4.8875,1051,50
1764882000,4.8875,4.9085,4.8725000000000005,4.8835,652,50
1764885600,4.8835,4.9005,4.8755,4.8845,282,50
1764889200,4.8845,4.8965,4.8645,4.8655,137,60
1764896400,4.8675,4.8845,4.8635,4.8815,122,290
1764900000,4.8815,4.8815,4.8745,4.8795,106,290
1764903600,4.8795,4.8815,4.8735,4.8815,117,280
1764907200,4.8815,4.8895,4.8725000000000005,4.8735,126,290
1764910800,4.8735,4.8815,4.8645,4.8665,183,290
1764914400,4.8665,4.8774999999999995,4.8645,4.8655,130,280
1764918000,4.8655,4.9015,4.8605,4.8835,218,280
1764921600,4.8835,4.8845,4.8335,4.8465,341,280
1764925200,4.8465,4.8555,4.8445,4.8495,150,220
1764928800,4.8495,4.8535,4.8345,4.8515,134,210
1764932400,4.8515,4.8585,4.8295,4.8315,170,210
1764936000,4.8315,4.8575,4.8245000000000005,4.8525,178,210
1764939600,4.8525,4.8685,4.8345,4.8605,265,160
1764943200,4.8605,4.9885,4.8475,4.9885,609,160
1764946800,4.9895,5.0555,4.9595,5.0475,1534,30
1764950400,5.0485,5.1285,5.0115,5.1255,1560,20
1764954000,5.1255,5.2005,5.1085,5.1955,1504,30
1764957600,5.1955,5.2255,5.1245,5.1805,1701,30
1764961200,5.1805,5.2355,5.1715,5.1955,1425,40
1764964800,5.1955,5.2075,5.0685,5.0845,1725,40
1764968400,5.0845,5.1035,5.0405,5.0735,1031,50
1764972000,5.0735,5.0815,5.0325,5.0565,518,40
1764975600,5.0565,5.0845,5.0435,5.0685,199,50
1765155600,4.8825,4.8995,4.8805,4.8925,164,290
1765159200,4.8925,4.8934999999999995,4.8725000000000005,4.8815,178,290
1765162800,4.8815,4.8855,4.8705,4.8705,159,270
1765166400,4.8705,4.8875,4.8685,4.8865,125,280
1765170000,4.8865,4.9535,4.8845,4.9415,349,280
1765173600,4.9415,4.9445,4.8975,4.9005,281,270
1765177200,4.9005,4.9145,4.8695,4.8855,296,270
1765180800,4.8855,4.9155,4.8835,4.8934999999999995,448,280
1765184400,4.8934999999999995,4.9045,4.8825,4.8825,200,210
1765188000,4.8825,4.8925,4.8685,4.8705,199,210
1765191600,4.8705,4.8765,4.8465,4.8525,193,200
1765195200,4.8525,4.8705,4.8505,4.8645,185,210
1765198800,4.8645,4.8645,4.8345,4.8575,215,170
1765202400,4.8545,4.8555,4.7895,4.8155,575,50
1765206000,4.8185,4.8405000000000005,4.7684999999999995,4.7705,991,40
1765209600,4.7705,4.7985,4.7195,4.7355,1424,30
1765213200,4.7355,4.7495,4.6754999999999995,4.7055,975,30
1765216800,4.7055,4.7205,4.6795,4.6925,1194,20
1765220400,4.6925,4.7405,4.6565,4.7335,1023,20
1765224000,4.7335,4.7335,4.6445,4.6585,1031,30
1765227600,4.6585,4.6635,4.6375,4.6405,708,30
1765231200,4.6405,4.6445,4.6045,4.6105,292,50
1765234800,4.6105,4.6115,4.5795,4.5815,134,60
1765242000,4.5695,4.5965,4.5655,4.5905000000000005,220,80
1765245600,4.5905000000000005,4.6005,4.5875,4.5935,133,80
1765249200,4.5935,4.5935,4.5755,4.5755,96,80
1765252800,4.5755,4.5835,4.5685,4.5725,106,80
1765256400,4.5725,4.5875,4.5725,4.5745000000000005,148,70
1765260000,4.5745000000000005,4.5815,4.5605,4.5785,237,80
1765263600,4.5785,4.5895,4.5495,4.5715,284,70
1765267200,4.5725,4.5805,4.5395,4.5495,407,60
1765270800,4.5495,4.5545,4.5275,4.5385,236,60
1765274400,4.5385,4.5625,4.5385,4.5575,275,50
1765278000,4.5575,4.5885,4.5535,4.5865,242,50
1765281600,4.5865,4.5915,4.5545,4.5605,315,50
1765285200,4.5605,4.5695,4.5305,4.5435,346,40
1765288800,4.5435,4.5495,4.4745,4.5075,716,30
1765292400,4.5075,4.5335,4.4745,4.4815,1102,30
1765296000,4.4815,4.5045,4.4465,4.4695,1272,30
1765299600,4.4695,4.5225,4.4625,4.5165,914,40
1765303200,4.5165,4.5365,4.4865,4.5055,898,40
1765306800,4.5055,4.5155,4.4415,4.4455,827,40
1765310400,4.4455,4.4495000000000005,4.3875,4.3885,816,40
1765314000,4.3875,4.4005,4.3335,4.3695,834,50
1765317600,4.3695,4.3695,4.3345,4.3365,282,50
1765321200,4.3365,4.3515,4.3255,4.3275,111,60
1765328400,4.3365,4.3475,4.3355,4.3395,194,80
1765332000,4.3395,4.3515,4.3395,4.3445,117,80
1765335600,4.3445,4.3495,4.3345,4.3425,109,80
1765339200,4.3425,4.3545,4.3315,4.3465,124,70
1765342800,4.3465,4.3525,4.3355,4.3435,206,80
1765346400,4.3435,4.3465,4.3305,4.3415,198,80
1765350000,4.3415,4.3415,4.3055,4.3085,223,80
1765353600,4.3085,4.3255,4.3075,4.3155,199,80
1765357200,4.3155,4.3375,4.3125,4.3355,258,60
1765360800,4.3355,4.3355,4.3215,4.3225,151,50
1765364400,4.3225,4.3315,4.3165,4.3185,143,60
1765368000,4.3185,4.3215,4.2905,4.2975,180,50
1765371600,4.2975,4.2975,4.2325,4.2375,341,50
1765375200,4.2385,4.2755,4.2335,4.2725,538,30
1765378800,4.2715,4.3685,4.2525,4.3625,965,40
1765382400,4.3625,4.3955,4.3405000000000005,4.3585,1512,30
1765386000,4.3585,4.3915,4.3255,4.3845,869,40
1765389600,4.3845,4.3855,4.3245000000000005,4.3305,836,40
1765393200,4.3305,4.4215,4.3255,4.4205,850,40
1765396800,4.4205,4.4305,4.3055,4.3375,987,50
1765400400,4.3375,4.3695,4.3325,4.3525,821,40
1765404000,4.3525,4.3755,4.3475,4.3595,210,50
1765407600,4.3595,4.3755,4.3495,4.3515,124,60
1765414800,4.3605,4.3625,4.3465,4.3515,158,80
1765418400,4.3515,4.3615,4.3505,4.3515,132,80
1765422000,4.3515,4.3585,4.3465,4.3535,118,80
1765425600,4.3535,4.3535,4.3335,4.3355,106,70
1765429200,4.3355,4.3415,4.3305,4.3335,127,80
1765432800,4.3335,4.3495,4.3175,4.3355,262,60
1765436400,4.3365,4.3405000000000005,4.3035,4.3155,227,70
1765440000,4.3165,4.3185,4.2875,4.2955,288,70
1765443600,4.2955,4.3115,4.2745,4.2795,341,60
1765447200,4.2795,4.2915,4.2705,4.2755,204,60
1765450800,4.2755,4.2825,4.2695,4.2745,145,60
1765454400,4.2745,4.2775,4.2315,4.2345,182,40
1765458000,4.2345,4.2415,4.2245,4.2375,237,50
1765461600,4.2395,4.2405,4.1695,4.1725,477,40
1765465200,4.1705,4.2165,4.1695,4.1885,1004,30
1765468800,4.1885,4.1965,4.1165,4.1225,1164,30
1765472400,4.1225,4.1595,4.0855,4.0915,1173,30
1765476000,4.0915,4.0955,4.0235,4.0255,961,20
1765479600,4.0265,4.0545,4.0155,4.0335,782,40
1765483200,4.0335,4.0375,4.0095,4.0305,581,50
1765486800,4.0305,4.0615,4.0245,4.0435,570,50
1765490400,4.0435,4.0445,4.0315,4.0365,155,50
1765494000,4.0365,4.0445,4.0145,4.0145,107,60
1765501200,4.0265,4.0295,4.0025,4.0155,252,80
1765504800,4.0155,4.0285,4.0145,4.0165,165,80
1765508400,4.0165,4.0195,4.0085,4.0145,120,80
1765512000,4.0155,4.0195,4.0125,4.0155,125,80
1765515600,4.0155,4.0255,4.0095,4.0145,179,80
1765519200,4.0145,4.0225,4.0095,4.0195,143,80
1765522800,4.0195,4.0245,4.0135,4.0215,154,80
1765526400,4.0215,4.0385,3.9925,3.9975,336,70
1765530000,3.9975,3.9995000000000003,3.9795,3.9945,236,60
1765533600,3.9945,4.0025,3.9615,3.9705,272,50
1765537200,3.9705,3.9715,3.9565,3.9635,206,50
1765540800,3.9635,3.9805,3.9545,3.9765,281,60
1765544400,3.9765,4.0215,3.9755000000000003,4.0075,391,40
1765548000,4.0075,4.0155,3.9615,3.9815,609,30
1765551600,3.9805,4.0025,3.9115,3.9265,1030,40
1765555200,3.9265,3.9305,3.8875,3.8975,1170,20
1765558800,3.8955,3.9085,3.8655,3.8765,681,30
1765562400,3.8765,3.9074999999999998,3.8615,3.9074999999999998,715,40
1765566000,3.9074999999999998,3.9165,3.8895,3.9045,641,30
1765569600,3.9035,3.9314999999999998,3.8725,3.9154999999999998,689,50
1765573200,3.9154999999999998,3.9275,3.8695,3.8855,576,50
1765576800,3.8845,3.8914999999999997,3.8765,3.8795,188,50
1765580400,3.8795,3.8945,3.8555,3.8555,102,60
1765760400,3.9225,3.9505,3.9125,3.9475,281,70
1765764000,3.9475,3.9705,3.9465,3.9655,167,70
1765767600,3.9655,3.9695,3.9615,3.9645,94,80
1765771200,3.9645,3.9705,3.9585,3.9675000000000002,88,80
1765774800,3.9675000000000002,3.9685,3.9525,3.9585,111,80
1765778400,3.9585,3.9585,3.9265,3.9305,139,70
1765782000,3.9305,3.9415,3.9125,3.9205,215,70
1765785600,3.9205,3.9325,3.9025,3.9035,360,70
1765789200,3.9035,3.9055,3.8895,3.8955,187,60
1765792800,3.8955,3.9005,3.8754999999999997,3.8825,175,60
1765796400,3.8825,3.8914999999999997,3.8715,3.8765,159,60
1765800000,3.8754999999999997,3.9085,3.8725,3.9045,208,50
1765803600,3.9045,3.9065,3.8465,3.8535,254,50
1765807200,3.8535,3.8655,3.8285,3.8635,498,40
1765810800,3.8635,3.8834999999999997,3.8105,3.8545,954,30
1765814400,3.8545,3.8565,3.7635,3.7815,1188,30
1765818000,3.7785,3.8485,3.7695,3.8435,817,40
1765821600,3.8435,3.8435,3.7935,3.8255,550,40
1765825200,3.8255,3.8435,3.8105,3.8255,528,40
1765828800,3.8255,3.8425000000000002,3.7995,3.8045,555,50
1765832400,3.8045,3.8175,3.7865,3.8035,521,50
1765836000,3.8025,3.8115,3.7984999999999998,3.8064999999999998,151,60
1765839600,3.8075,3.8075,3.7795,3.7824999999999998,88,50
1765846800,3.8105,3.8115,3.7965,3.8105,157,90
1765850400,3.8115,3.8165,3.8085,3.8095,110,80
1765854000,3.8095,3.8155,3.7935,3.7945,150,80
1765857600,3.7945,3.7945,3.7795,3.7805,83,80
1765861200,3.7775,3.7775,3.7705,3.7705,66,80
1765864800,3.7705,3.7715,3.7625,3.7645,113,80
1765868400,3.7635,3.7675,3.7055,3.7065,354,60
1765872000,3.7065,3.7175000000000002,3.6835,3.6945,471,70
1765875600,3.6945,3.6995,3.6665,3.6705,314,50
1765879200,3.6705,3.6965,3.6695,3.6905,222,50
1765882800,3.6885,3.6955,3.6765,3.6885,179,50
1765886400,3.6885,3.6975,3.6814999999999998,3.6975,137,50
1765890000,3.6995,3.7475,3.6955,3.7415000000000003,240,50
1765893600,3.7415000000000003,3.7455,3.7055,3.7255000000000003,318,40
1765897200,3.7255000000000003,3.7335000000000003,3.6845,3.7125,673,40
1765900800,3.7125,3.7145,3.6574999999999998,3.6654999999999998,946,40
1765904400,3.6654999999999998,3.6755,3.6494999999999997,3.6715,604,30
1765908000,3.6705,3.7145,3.6465,3.7125,678,40
1765911600,3.7125,3.7375,3.7025,3.7125,710,40
1765915200,3.7125,3.7165,3.6755,3.6755,551,40
1765918800,3.6755,3.7015000000000002,3.6675,3.6865,486,50
1765922400,3.6855,3.7055,3.6845,3.7015000000000002,182,50
1765926000,3.7015000000000002,3.7195,3.6915,3.6925,134,60
1765933200,3.7175000000000002,3.7195,3.6995,3.7085,125,90
1765936800,3.7085,3.7365,3.7085,3.7305,162,280
1765940400,3.7305,3.7435,3.7235,3.7295,166,280
1765944000,3.7295,3.7315,3.7175000000000002,3.7205,117,280
1765947600,3.7205,3.7275,3.7125,3.7155,165,290
1765951200,3.7155,3.7315,3.7155,3.7225,128,290
1765954800,3.7225,3.7475,3.7225,3.7325,218,280
1765958400,3.7325,3.7345,3.6975,3.7025,299,270
1765962000,3.7025,3.7315,3.7025,3.7225,174,210
1765965600,3.7225,3.7365,3.7225,3.7365,168,200
1765969200,3.7365,3.7445,3.7255000000000003,3.7385,186,200
1765972800,3.7385,3.7605,3.7335000000000003,3.7495000000000003,232,210
1765976400,3.7495000000000003,3.7595,3.7285,3.7545,219,170
1765980000,3.7545,3.7615,3.7185,3.7515,381,50
1765983600,3.7515,3.8165,3.7405,3.7904999999999998,1058,40
1765987200,3.7904999999999998,3.7915,3.7605,3.7895,888,40
1765990800,3.7895,3.8105,3.7695,3.7775,720,40
1765994400,3.7775,3.7925,3.7535,3.7755,696,40
1765998000,3.7744999999999997,3.7904999999999998,3.7635,3.7735,477,40
1766001600,3.7735,3.8015,3.7625,3.7855,505,50
1766005200,3.7855,3.8455,3.7775,3.8345000000000002,517,50
1766008800,3.8345000000000002,3.8645,3.8345000000000002,3.8475,263,50
1766012400,3.8475,3.8675,3.8385,3.8405,135,60
1766019600,3.8505000000000003,3.8655,3.8425000000000002,3.8555,151,140
1766023200,3.8555,3.8585000000000003,3.8505000000000003,3.8545,125,140
1766026800,3.8545,3.8635,3.8465,3.8555,147,150
1766030400,3.8555,3.8555,3.8405,3.8445,105,140
1766034000,3.8445,3.8445,3.8165,3.8225,201,150
1766037600,3.8225,3.8245,3.8095,3.8095,117,140
1766041200,3.8095,3.8265000000000002,3.8025,3.8195,201,130
1766044800,3.8195,3.8375,3.8015,3.8035,268,140
1766048400,3.8035,3.8215,3.8005,3.8205,120,110
1766052000,3.8205,3.8275,3.8125,3.8225,231,110
1766055600,3.8225,3.8315,3.8185000000000002,3.8265000000000002,133,110
1766059200,3.8265000000000002,3.8345000000000002,3.8245,3.8295,156,110
1766062800,3.8295,3.8625,3.8205,3.8565,235,90
1766066400,3.8565,3.9085,3.8465,3.9005,509,80
1766070000,3.9005,3.9335,3.8805,3.8855,757,70
1766073600,3.8825,3.8825,3.8365,3.8625,745,80
1766077200,3.8625,3.8725,3.7705,3.7845,1184,40
1766080800,3.7865,3.8195,3.7785,3.7935,793,40
1766084400,3.7935,3.7965,3.6875,3.6895,759,40
1766088000,3.6895,3.7125,3.6545,3.6745,834,50
1766091600,3.6745,3.6785,3.6435,3.6465,608,40
1766095200,3.6465,3.6505,3.6305,3.6465,312,50
1766098800,3.6465,3.6785,3.6465,3.6555,163,60
1766106000,3.6555,3.6665,3.6525,3.6635,101,300
1766109600,3.6635,3.6734999999999998,3.6565,3.6675,104,290
1766113200,3.6675,3.6705,3.6535,3.6585,105,280
1766116800,3.6585,3.6635,3.6494999999999997,3.6555,118,290
1766120400,3.6565,3.6565,3.6285,3.6325,148,290
1766124000,3.6325,3.6355,3.5915,3.6115,227,280
1766127600,3.6115,3.6414999999999997,3.6115,3.6345,256,290
1766131200,3.6345,3.6494999999999997,3.6155,3.6315,264,290
1766134800,3.6315,3.6435,3.6254999999999997,3.6395,262,220
1766138400,3.6395,3.6675,3.6365,3.6574999999999998,258,210
1766142000,3.6574999999999998,3.6615,3.6385,3.6425,218,210
1766145600,3.6425,3.6635,3.6405,3.6485,211,200
1766149200,3.6485,3.6665,3.6435,3.6465,262,170
1766152800,3.6465,3.6574999999999998,3.6195,3.6414999999999997,476,50
1766156400,3.6414999999999997,3.6485,3.5955,3.6045,840,30
1766160000,3.6045,3.6675,3.6015,3.6485,960,30
1766163600,3.6485,3.6605,3.6334999999999997,3.6574999999999998,526,40
1766167200,3.6574999999999998,3.6935000000000002,3.6185,3.6305,717,30
1766170800,3.6305,3.6865,3.6185,3.6805,700,40
1766174400,3.6805,3.6955,3.6494999999999997,3.6755,643,50
1766178000,3.6765,3.6935000000000002,3.6515,3.6845,529,50
1766181600,3.6845,3.6945,3.6765,3.6814999999999998,213,100
1766185200,3.6814999999999998,3.6955,3.6734999999999998,3.6734999999999998,132,110
1766365200,3.6975,3.7075,3.6765,3.6885,214,280
1766368800,3.6885,3.6975,3.6845,3.6905,100,290
1766372400,3.6905,3.6945,3.6814999999999998,3.6814999999999998,101,290
1766376000,3.6814999999999998,3.6895,3.6805,3.6885,89,290
1766379600,3.6885,3.6895,3.6755,3.6765,112,290
1766383200,3.6775,3.6814999999999998,3.6734999999999998,3.6795,100,280
1766386800,3.6795,3.7345,3.6785,3.7305,158,290
1766390400,3.7305,3.7435,3.7015000000000002,3.7125,330,280
1766394000,3.7125,3.7185,3.7025,3.7105,198,210
1766397600,3.7105,3.7175000000000002,3.7035,3.7145,174,60
1766401200,3.7145,3.7155,3.6995,3.7055,159,60
1766404800,3.7055,3.7205,3.6965,3.7165,176,40
1766408400,3.7165,3.7405,3.7065,3.7265,227,50
1766412000,3.7265,3.7265,3.6965,3.7035,449,40
1766415600,3.7035,3.7155,3.5585,3.5755,915,20
1766419200,3.5755,3.5755,3.4775,3.4785,1071,40
1766422800,3.4785,3.4835,3.4425,3.4645,842,40
1766426400,3.4645,3.4825,3.4475,3.4715,619,40
1766430000,3.4715,3.4825,3.4515000000000002,3.4775,543,40
1766433600,3.4775,3.5235,3.4685,3.5195,597,40
1766437200,3.5195,3.5625,3.5125,3.5545,554,50
1766440800,3.5545,3.5665,3.5535,3.5564999999999998,183,50
1766444400,3.5564999999999998,3.5665,3.5365,3.5375,88,60
1766451600,3.5164999999999997,3.5375,3.5145,3.5355,94,280
1766455200,3.5355,3.5425,3.5355,3.5404999999999998,71,290
1766458800,3.5404999999999998,3.5545,3.5315,3.5545,127,290
1766462400,3.5545,3.5585,3.5365,3.5404999999999998,122,280
1766466000,3.5404999999999998,3.5425,3.5155,3.5295,204,290
1766469600,3.5295,3.5475,3.5275,3.5475,166,290
1766473200,3.5475,3.5605,3.5455,3.5545,201,290
1766476800,3.5545,3.5685000000000002,3.5425,3.5525,200,280
1766480400,3.5525,3.5755,3.5164999999999997,3.5695,277,60
1766484000,3.5695,3.5705,3.5435,3.5455,253,60
1766487600,3.5455,3.5465,3.5125,3.5285,202,30
1766491200,3.5285,3.5435,3.5215,3.5355,200,50
1766494800,3.5355,3.5595,3.5164999999999997,3.5585,227,50
1766498400,3.5585,3.6525,3.5555,3.6525,686,40
1766502000,3.6525,3.6665,3.6225,3.6375,927,30
1766505600,3.6375,3.6585,3.6125,3.6215,1029,30
1766509200,3.6215,3.6645,3.5815,3.6494999999999997,872,30
1766512800,3.6494999999999997,3.6775,3.6265,3.6654999999999998,773,80
1766516400,3.6654999999999998,3.6885,3.6535,3.6725,687,80
1766520000,3.6725,3.8205,3.6695,3.8185000000000002,1259,100
1766523600,3.8185000000000002,3.8465,3.7915,3.8215,991,90
1766527200,3.8215,3.8415,3.8205,3.8345000000000002,284,200
1766530800,3.8345000000000002,3.8345000000000002,3.8005,3.8025,134,210
1766538000,3.7765,3.8575,3.7664999999999997,3.8245,329,290
1766541600,3.8245,3.8245,3.7984999999999998,3.8035,269,280
1766545200,3.8035,3.8265000000000002,3.8035,3.8165,196,290
1766548800,3.8165,3.8255,3.7995,3.8055,137,290
1766552400,3.8055,3.8225,3.7824999999999998,3.8145,223,280
1766556000,3.8145,3.8395,3.8105,3.8385,159,280
1766559600,3.8385,3.8415,3.7735,3.7824999999999998,370,280
1766563200,3.7824999999999998,3.7904999999999998,3.7335000000000003,3.7855,557,270
1766566800,3.7855,3.7904999999999998,3.7695,3.7895,249,220
1766570400,3.7895,3.7984999999999998,3.7645,3.7975,177,190
1766574000,3.7975,3.7984999999999998,3.7695,3.7765,217,210
1766577600,3.7765,3.7845,3.7485,3.7744999999999997,261,200
1766581200,3.7744999999999997,3.7824999999999998,3.7385,3.7625,302,170
1766584800,3.7625,3.8565,3.7345,3.7675,874,140
1766588400,3.7675,3.8085,3.6605,3.7225,1233,140
1766592000,3.7225,3.7395,3.6435,3.6875,1201,160
1766595600,3.6875,3.7135,3.6765,3.6845,719,160
1766599200,3.6845,3.7335000000000003,3.6765,3.6895,659,160
1766602800,3.6895,3.7175000000000002,3.6425,3.6555,728,160
1766606400,3.6555,3.6775,3.6385,3.6765,467,190
1766710800,3.6285,3.7085,3.6254999999999997,3.6855,306,290
1766714400,3.6855,3.7015000000000002,3.6814999999999998,3.6925,174,280
1766718000,3.6925,3.6995,3.6775,3.6925,210,280
1766721600,3.6925,3.7245,3.6795,3.7215,182,280
1766725200,3.7215,3.7215,3.6955,3.7055,167,290
1766728800,3.7055,3.7695,3.7025,3.7625,223,280
1766732400,3.7625,3.7755,3.7565,3.7675,236,280
1766736000,3.7675,3.7725,3.7445,3.7605,291,280
1766739600,3.7605,3.7995,3.7605,3.7955,242,210
1766743200,3.7955,3.7995,3.7785,3.7925,181,210
1766746800,3.7925,3.7935,3.7795,3.7865,170,210
1766750400,3.7865,3.8165,3.7685,3.7735,231,200
1766754000,3.7735,3.7995,3.7545,3.7615,259,160
1766757600,3.7615,3.7664999999999997,3.7285,3.7605,379,150
1766761200,3.7605,3.7705,3.7055,3.7525,656,150
1766764800,3.7525,3.7955,3.7504999999999997,3.7915,660,150
1766768400,3.7915,3.8015,3.7275,3.7315,580,160
1766772000,3.7315,3.7735,3.7135,3.7415000000000003,603,150
1766775600,3.7415000000000003,3.7925,3.7415000000000003,3.7855,494,160
1766779200,3.7855,3.7855,3.7215,3.7515,637,180
1766782800,3.7515,3.7695,3.7145,3.7155,722,190
1766786400,3.7155,3.7475,3.7155,3.7455,197,190
1766790000,3.7455,3.7584999999999997,3.7405,3.7405,100,210
1766970000,3.7705,3.8155,3.7705,3.8045,288,150
1766973600,3.8045,3.8205,3.7995,3.8185000000000002,121,150
1766977200,3.8185000000000002,3.8185000000000002,3.7995,3.8015,111,150
1766980800,3.8015,3.8025,3.7715,3.7824999999999998,177,140
1766984400,3.7824999999999998,3.7875,3.7695,3.7735,182,150
1766988000,3.7744999999999997,3.7785,3.7445,3.7455,173,140
1766991600,3.7455,3.7575,3.6995,3.7115,301,140
1766995200,3.7115,3.7165,3.6845,3.6875,303,140
1766998800,3.6875,3.6895,3.6565,3.6675,259,120
1767002400,3.6685,3.7025,3.6685,3.6955,308,100
1767006000,3.6955,3.6965,3.6835,3.6895,198,110
1767009600,3.6905,3.6965,3.6665,3.6945,242,100
1767013200,3.6945,3.7255000000000003,3.6885,3.7195,329,90
1767016800,3.7195,3.7605,3.6814999999999998,3.7495000000000003,651,80
1767020400,3.7495000000000003,3.7855,3.7205,3.7845,1035,70
1767024000,3.7845,3.8025,3.7504999999999997,3.8015,1188,80
1767027600,3.8015,3.8485,3.7865,3.8455,801,80
1767031200,3.8455,3.8455,3.8145,3.8185000000000002,764,80
1767034800,3.8185000000000002,3.8575,3.8035,3.8205,885,70
1767038400,3.8205,3.8665000000000003,3.7615,3.8425000000000002,1060,90
1767042000,3.8425000000000002,3.8505000000000003,3.7965,3.7975,763,90
1767045600,3.7975,3.8035,3.7815,3.7885,222,100
1767049200,3.7885,3.7885,3.7655,3.7675,115,110
1767056400,3.7635,3.7725,3.7595,3.7685,163,150
1767060000,3.7685,3.7685,3.7565,3.7584999999999997,94,150
1767063600,3.7584999999999997,3.7664999999999997,3.7535,3.7655,86,150
1767067200,3.7655,3.7685,3.7615,3.7664999999999997,68,150
1767070800,3.7664999999999997,3.7775,3.7645,3.7765,115,150
1767074400,3.7765,3.7935,3.7765,3.7925,107,150
1767078000,3.7925,3.8025,3.7675,3.7695,167,140
1767081600,3.7705,3.7705,3.7335000000000003,3.7575,316,150
1767085200,3.7575,3.7815,3.7504999999999997,3.7805,221,110
1767088800,3.7805,3.7935,3.7785,3.7835,169,110
1767092400,3.7835,3.8005,3.7795,3.7955,183,110
1767096000,3.7955,3.7984999999999998,3.7775,3.7975,161,110
1767099600,3.7975,3.8035,3.7695,3.8015,268,80
1767103200,3.8015,3.8945,3.8015,3.8914999999999997,621,80
1767106800,3.8914999999999997,3.9585,3.8665000000000003,3.9365,1077,70
1767110400,3.9365,3.9565,3.8645,3.8695,1239,70
1767114000,3.8695,3.8885,3.8205,3.8395,1003,40
1767117600,3.8395,3.8625,3.7935,3.8615,887,40
1767121200,3.8615,3.8615,3.7535,3.7615,874,20
1767124800,3.7615,3.8275,3.7535,3.7695,831,50
1767128400,3.7695,3.8035,3.7545,3.7845,563,50
1767132000,3.7845,3.7945,3.7655,3.7775,204,50
1767135600,3.7775,3.7824999999999998,3.7465,3.7535,136,50
1767142800,3.7615,3.7625,3.7465,3.7555,156,90
1767146400,3.7555,3.7555,3.7335000000000003,3.7515,120,70
1767150000,3.7515,3.7515,3.7235,3.7245,110,80
1767153600,3.7255000000000003,3.7405,3.7255000000000003,3.7345,98,80
1767157200,3.7345,3.7365,3.7185,3.7205,130,70
1767160800,3.7205,3.7205,3.6855,3.6995,189,80
1767164400,3.6995,3.6995,3.6654999999999998,3.6705,237,60
1767168000,3.6705,3.6765,3.6425,3.6475,246,70
1767171600,3.6475,3.6605,3.6395,3.6435,191,60
1767175200,3.6435,3.6465,3.6065,3.6085000000000003,188,50
1767178800,3.6085000000000003,3.6355,3.6085000000000003,3.6315,185,50
1767182400,3.6315,3.6334999999999997,3.6235,3.6305,160,50
1767186000,3.6305,3.6345,3.6065,3.6115,216,50
1767189600,3.6115,3.6235,3.5755,3.5915,506,30
1767193200,3.5915,3.6225,3.5675,3.5685000000000002,738,30
1767196800,3.5685000000000002,3.6075,3.5505,3.5605,858,30
1767200400,3.5605,3.5635,3.5235,3.5505,606,40
1767204000,3.5505,3.5585,3.5205,3.5365,516,20
1767207600,3.5365,3.5635,3.5315,3.5585,674,30
1767211200,3.5605,3.5685000000000002,3.5605,3.5675,10,50
1767344400,3.3795,3.3855,3.3665,3.3765,228,50
1767348000,3.3765,3.4145,3.3735,3.4085,225,60
1767351600,3.4085,3.4135,3.3995,3.4025,188,60
1767355200,3.4025,3.4085,3.3875,3.3975,153,60
1767358800,3.3975,3.4255,3.3965,3.4154999999999998,208,40
1767362400,3.4154999999999998,3.4475,3.3975,3.3985,406,40
1767366000,3.3985,3.4395,3.3795,3.4205,711,40
1767369600,3.4205,3.4295,3.3625,3.3725,811,40
1767373200,3.3725,3.4385,3.3675,3.4325,692,40
1767376800,3.4325,3.4465,3.4125,3.4185,642,40
1767380400,3.4185,3.4655,3.4185,3.4425,508,40
1767384000,3.4425,3.4585,3.3805,3.4035,590,40
1767387600,3.4035,3.4115,3.3755,3.4035,623,50
1767391200,3.4035,3.4115,3.3975,3.4095,225,50
1767394800,3.4095,3.4115,3.3855,3.3855,74,60
1767574800,3.1945,3.2105,3.1745,3.2105,271,270
1767578400,3.2105,3.2215,3.2025,3.2215,151,130
1767582000,3.2215,3.2285,3.2095,3.2115,145,140
1767585600,3.2115,3.2145,3.1975,3.2085,122,150
1767589200,3.2085,3.2265,3.2075,3.2205,200,150
1767592800,3.2205,3.2345,3.2075,3.2345,124,140
1767596400,3.2345,3.2465,3.2295,3.2395,196,140
1767600000,3.2395,3.2455,3.2085,3.2275,301,140
1767603600,3.2275,3.2495,3.2275,3.2495,212,110
1767607200,3.2495,3.2565,3.2435,3.2525,201,110
1767610800,3.2525,3.2605,3.2435,3.2475,223,110
1767614400,3.2475,3.2625,3.2415,3.2595,207,110
1767618000,3.2595,3.2605,3.2225,3.2225,289,80
1767621600,3.2225,3.2365,3.2095,3.2125,483,80
1767625200,3.2125,3.2155,3.1495,3.1705,1517,40
1767628800,3.1705,3.1885,3.1165,3.1615,1796,30
1767632400,3.1615,3.1814999999999998,3.1515,3.1755,753,70
1767636000,3.1755,3.1935000000000002,3.1615,3.1635,623,80
1767639600,3.1645,3.2295,3.1625,3.2185,774,70
1767643200,3.2185,3.2245,3.1805,3.2145,817,90
1767646800,3.2145,3.2415,3.2095,3.2325,566,100
1767650400,3.2325,3.2375,3.2225,3.2305,181,90
1767654000,3.2305,3.2315,3.2045,3.2055,107,110
1767661200,3.1795,3.1865,3.1715,3.1795,141,160
1767664800,3.1795,3.1825,3.1685,3.1734999999999998,126,140
1767668400,3.1734999999999998,3.1745,3.1535,3.1535,113,150
1767672000,3.1535,3.1665,3.1505,3.1605,128,150
1767675600,3.1605,3.1665,3.1505,3.1525,137,150
1767679200,3.1525,3.1715,3.1505,3.1535,165,150
1767682800,3.1535,3.1615,3.1335,3.1365,185,130
1767686400,3.1365,3.1505,3.1255,3.1275,240,140
1767690000,3.1275,3.1415,3.1215,3.1305,197,110
1767693600,3.1305,3.1395,3.1295,3.1335,180,110
1767697200,3.1335,3.1495,3.1275,3.1495,232,110
1767700800,3.1505,3.1655,3.1415,3.1425,270,110
1767704400,3.1425,3.1465,3.1265,3.1335,265,90
1767708000,3.1335,3.1375,3.0995,3.1045,549,70
1767711600,3.1045,3.1165,3.0735,3.0765,761,80
1767715200,3.0765,3.1215,3.0635,3.0985,806,80
1767718800,3.0985,3.1155,3.0705,3.1045,636,80
1767722400,3.1045,3.1365,3.0915,3.1215,612,80
1767726000,3.1215,3.1355,3.1025,3.1105,584,80
1767729600,3.1105,3.1245,3.0845,3.0845,527,100
1767733200,3.0845,3.1005,3.0665,3.0935,491,90
1767736800,3.0935,3.1275,3.0925,3.1245,259,100
1767740400,3.1245,3.1385,3.1155,3.1205,150,110
1767747600,3.1105,3.1195,3.1045,3.1145,147,150
1767751200,3.1145,3.1305,3.1125,3.1245,140,150
1767754800,3.1245,3.1395,3.1245,3.1395,120,150
1767758400,3.1395,3.1465,3.1355,3.1455,110,150
1767762000,3.1455,3.1495,3.1195,3.1245,191,150
1767765600,3.1245,3.1335,3.1185,3.1305,116,150
1767769200,3.1305,3.1715,3.1165,3.1645,261,140
1767772800,3.1645,3.1705,3.1445,3.1585,267,130
1767776400,3.1585,3.1685,3.1515,3.1525,208,100
1767780000,3.1525,3.1685,3.1485,3.1545,242,110
1767783600,3.1545,3.1725,3.1495,3.1685,200,100
1767787200,3.1685,3.1805,3.1615,3.1665,195,110
1767790800,3.1665,3.1875,3.1535,3.1555,383,90
1767794400,3.1555,3.2095,3.1485,3.1935000000000002,529,70
1767798000,3.1935000000000002,3.2105,3.1615,3.1655,755,70
1767801600,3.1655,3.1965,3.1355,3.1814999999999998,829,40
1767805200,3.1814999999999998,3.1875,3.1415,3.1645,551,30
1767808800,3.1645,3.1975,3.1645,3.1835,545,40
1767812400,3.1835,3.2295,3.1545,3.2145,658,40
1767816000,3.2145,3.2345,3.1935000000000002,3.2165,559,40
1767819600,3.2165,3.2175,3.1805,3.2015000000000002,440,50
1767823200,3.2015000000000002,3.2205,3.2005,3.2155,189,50
1767826800,3.2155,3.2245,3.1945,3.1945,106,60
1767834000,3.1785,3.1945,3.1785,3.1925,191,80
1767837600,3.1935000000000002,3.1955,3.1895,3.1925,101,70
1767841200,3.1925,3.2005,3.1915,3.1975,70,80
1767844800,3.1975,3.2025,3.1965,3.2015000000000002,105,80
1767848400,3.2015000000000002,3.2025,3.1885,3.1995,85,80
1767852000,3.2005,3.2235,3.2005,3.2145,172,80
1767855600,3.2145,3.2235,3.1965,3.1995,242,70
1767859200,3.1995,3.2145,3.1725,3.2125,441,60
1767862800,3.2125,3.2165,3.2075,3.2075,176,60
1767866400,3.2075,3.2095,3.1795,3.1855,163,60
1767870000,3.1855,3.1865,3.1745,3.1814999999999998,125,60
1767873600,3.1814999999999998,3.1905,3.1765,3.1805,148,60
1767877200,3.1805,3.1955,3.1665,3.1755,246,50
1767880800,3.1755,3.1755,3.0885,3.0915,665,20
1767884400,3.0915,3.1115,3.0745,3.1085,978,40
1767888000,3.1085,3.1165,3.0605,3.0765,758,30
1767891600,3.0765,3.1105,3.0415,3.0625,905,40
1767895200,3.0625,3.0895,3.0505,3.0645,632,40
1767898800,3.0645,3.0695,3.0295,3.0605,654,40
1767902400,3.0605,3.0645,3.0275,3.0365,517,50
1767906000,3.0365,3.0605,3.0355,3.0405,525,50
1767909600,3.0405,3.0545,3.0405,3.0505,164,40
1767913200,3.0505,3.0505,3.0245,3.0275,72,60
1767920400,3.0275,3.0405,3.0265,3.0315,186,90
1767924000,3.0315,3.0395,3.0315,3.0375,119,80
1767927600,3.0375,3.0395,3.0305,3.0315,121,80
1767931200,3.0315,3.0375,3.0225,3.0265,98,80
1767934800,3.0265,3.0275,3.0135,3.0155,103,80
1767938400,3.0155,3.0355,3.0135,3.0355,101,80
1767942000,3.0355,3.0495,3.0275,3.0305,223,80
1767945600,3.0305,3.0435,3.0235,3.0315,252,80
1767949200,3.0315,3.0365,3.0255,3.0325,231,60
1767952800,3.0325,3.0375,3.0115,3.0365,234,60
1767956400,3.0355,3.0535,3.0315,3.0475,363,50
1767960000,3.0465,3.0525,3.0155,3.0185,481,40
1767963600,3.0185,3.0275,3.0025,3.0095,437,30
1767967200,3.0135,3.0175,2.8834999999999997,2.9555,2340,20
1767970800,2.9555,2.9915000000000003,2.8985,2.9185,1185,20
1767974400,2.9195,2.9515000000000002,2.9095,2.9265,815,40
1767978000,2.9265,2.9285,2.8785,2.9185,817,40
1767981600,2.9185,2.9415,2.9065,2.9065,641,40
1767985200,2.9065,2.9154999999999998,2.8855,2.8865,421,40
1767988800,2.8865,2.8885,2.8335,2.8425000000000002,698,40
1767992400,2.8425000000000002,2.8495,2.8135,2.8165,646,50
1767996000,2.8165,2.8215,2.8005,2.8035,230,50
1767999600,2.8035,2.8155,2.7835,2.7835,125,50
1768179600,2.8715,2.8845,2.8575,2.8765,472,60
1768183200,2.8765,2.8765,2.8605,2.8705,182,70
1768186800,2.8675,2.8675,2.8485,2.8585000000000003,159,70
1768190400,2.8585000000000003,2.8635,2.8575,2.8615,94,80
1768194000,2.8615,2.8715,2.8615,2.8635,124,80
1768197600,2.8635,2.8685,2.8565,2.8645,128,80
1768201200,2.8645,2.8685,2.8385,2.8635,247,80
1768204800,2.8635,2.8645,2.8435,2.8545,280,60
1768208400,2.8555,2.8825,2.8555,2.8805,201,60
1768212000,2.8805,2.8875,2.8695,2.8855,150,60
1768215600,2.8845,2.8865,2.8565,2.8665000000000003,191,60
1768219200,2.8665000000000003,2.8845,2.8665000000000003,2.8815,198,60
1768222800,2.8805,2.8834999999999997,2.8575,2.8745000000000003,262,40
1768226400,2.8745000000000003,2.8815,2.8365,2.8545,555,30
1768230000,2.8545,2.8705,2.8245,2.8485,774,40
1768233600,2.8485,2.8805,2.8345000000000002,2.8745000000000003,1008,40
1768237200,2.8745000000000003,2.8994999999999997,2.8675,2.8754999999999997,524,40
1768240800,2.8754999999999997,2.9265,2.8615,2.9175,605,40
1768244400,2.9175,2.9445,2.9005,2.9305,599,40
1768248000,2.9305,2.9995000000000003,2.9285,2.9905,632,50
1768251600,2.9905,3.0255,2.9865,2.9915000000000003,685,50
1768255200,2.9915000000000003,2.9995000000000003,2.9855,2.9855,220,50
1768258800,2.9855,2.9915000000000003,2.9575,2.9595000000000002,98,60
1768266000,2.9445,2.9525,2.9385,2.9395,187,80
1768269600,2.9395,2.9405,2.9345,2.9365,133,80
1768273200,2.9365,2.9405,2.9275,2.9365,134,80
1768276800,2.9385,2.9385,2.9265,2.9275,117,70
1768280400,2.9275,2.9314999999999998,2.9205,2.9255,130,80
1768284000,2.9275,2.9305,2.9215,2.9255,120,80
1768287600,2.9255,2.9314999999999998,2.9005,2.9215,269,70
1768291200,2.9215,2.9615,2.9215,2.9595000000000002,466,60
1768294800,2.9595000000000002,2.9665,2.9345,2.9475,249,50
1768298400,2.9475,2.9635,2.9405,2.9595000000000002,196,50
1768302000,2.9585,2.9655,2.9545,2.9595000000000002,113,60
1768305600,2.9595000000000002,2.9765,2.9565,2.9725,128,60
1768309200,2.9725,3.0225,2.9715,3.0215,298,50
1768312800,3.0205,3.0495,3.0115,3.0275,576,40
1768316400,3.0285,3.0455,2.9825,2.9945,944,40
1768320000,2.9945,2.9945,2.9265,2.9475,860,30
1768323600,2.9475,2.9855,2.9295,2.9825,809,40
1768327200,2.9825,2.9995000000000003,2.9445,2.9815,715,30
1768330800,2.9815,2.9985,2.9425,2.9585,693,30
1768334400,2.9585,3.0265,2.9485,2.9905,889,40
1768338000,2.9905,3.0175,2.9895,2.9965,452,50
1768341600,2.9965,3.0015,2.9905,2.9995000000000003,169,60
1768345200,2.9995000000000003,3.0045,2.9595000000000002,2.9605,138,50
1768352400,2.9515000000000002,2.9675000000000002,2.9425,2.9525,182,80
1768356000,2.9525,2.9605,2.9475,2.9545,97,80
1768359600,2.9555,2.9575,2.9525,2.9535,64,80
1768363200,2.9535,2.9645,2.9475,2.9625,110,80
1768366800,2.9625,2.9645,2.9555,2.9615,86,70
1768370400,2.9615,2.9785,2.9605,2.9745,117,80
1768374000,2.9755000000000003,2.9785,2.9675000000000002,2.9685,133,80
1768377600,2.9685,2.9865,2.9365,2.9465,323,70
1768381200,2.9465,2.9575,2.9295,2.9325,242,60
1768384800,2.9325,2.9385,2.9185,2.9345,211,50
1768388400,2.9345,2.9495,2.9265,2.9475,157,60
1768392000,2.9475,2.9725,2.9475,2.9505,241,40
1768395600,2.9505,2.9745,2.9234999999999998,2.9345,315,40
1768399200,2.9345,2.9385,2.8754999999999997,2.8834999999999997,547,40
1768402800,2.8834999999999997,2.8875,2.8195,2.8195,842,30
1768406400,2.8195,2.8345000000000002,2.8025,2.8045,758,30
1768410000,2.8045,2.8105,2.7725,2.7755,536,40
1768413600,2.7755,2.7775,2.7245,2.7415000000000003,804,40
1768417200,2.7395,2.7705,2.7365,2.7515,604,30
1768420800,2.7515,2.7645,2.7325,2.7525,605,50
1768424400,2.7525,2.8035,2.7455,2.7575,751,50
1768428000,2.7575,2.7775,2.7475,2.7744999999999997,325,50
1768431600,2.7735,2.7765,2.7405,2.7405,199,30
1768438800,2.7584999999999997,2.7685,2.7515,2.7675,187,90
1768442400,2.7675,2.7744999999999997,2.7655,2.7725,147,70
1768446000,2.7725,2.7744999999999997,2.7664999999999997,2.7705,131,80
1768449600,2.7705,2.7705,2.7525,2.7575,91,80
1768453200,2.7545,2.7584999999999997,2.7525,2.7575,79,290
1768456800,2.7575,2.7685,2.7535,2.7584999999999997,90,150
1768460400,2.7584999999999997,2.7805,2.7555,2.7744999999999997,158,140
1768464000,2.7744999999999997,2.7865,2.7645,2.7815,224,150
1768467600,2.7815,2.7835,2.7725,2.7775,185,110
1768471200,2.7775,2.7815,2.7655,2.7765,213,110
1768474800,2.7765,2.7855,2.7635,2.7805,239,100
1768478400,2.7805,2.7895,2.7785,2.7875,176,110
1768482000,2.7865,2.7975,2.7815,2.7955,269,90
1768485600,2.7945,2.8064999999999998,2.7605,2.7744999999999997,483,80
1768489200,2.7744999999999997,2.7875,2.7205,2.7375,937,70
1768492800,2.7375,2.7435,2.6955,2.7185,802,80
1768496400,2.7185,2.7465,2.6545,2.6795,1098,70
1768500000,2.6795,2.7045,2.6765,2.7025,637,80
1768503600,2.7025,2.7485,2.6935000000000002,2.7405,614,70
1768507200,2.7405,2.7575,2.7325,2.7485,533,100
1768510800,2.7475,2.7504999999999997,2.7225,2.7315,411,100
1768514400,2.7315,2.7375,2.7265,2.7345,187,100
1768518000,2.7355,2.7455,2.7225,2.7255000000000003,121,110
1768525200,2.7195,2.7265,2.7135,2.7255000000000003,93,160
1768528800,2.7275,2.7315,2.7225,2.7305,87,150
1768532400,2.7305,2.7335000000000003,2.7275,2.7295,72,150
1768536000,2.7295,2.7325,2.7215,2.7315,101,150
1768539600,2.7315,2.7355,2.7245,2.7315,152,150
1768543200,2.7315,2.7365,2.7275,2.7315,116,150
1768546800,2.7315,2.7515,2.7245,2.7245,235,140
1768550400,2.7245,2.7325,2.7145,2.7245,278,140
1768554000,2.7245,2.7355,2.7175000000000002,2.7305,185,110
1768557600,2.7305,2.7325,2.7235,2.7235,150,110
1768561200,2.7235,2.7325,2.7235,2.7315,132,110
1768564800,2.7315,2.7375,2.7105,2.7145,190,110
1768568400,2.7145,2.7535,2.7095000000000002,2.7515,313,90
1768572000,2.7515,2.7835,2.7345,2.7485,658,70
1768575600,2.7485,2.7664999999999997,2.6855,2.6905,850,40
1768579200,2.6915,2.7175000000000002,2.6835,2.7155,733,40
1768582800,2.7155,2.7285,2.6875,2.6935000000000002,463,40
1768586400,2.6935000000000002,2.6965,2.6765,2.6915,401,40
1768590000,2.6915,2.6945,2.6695,2.6845,390,50
1768593600,2.6855,2.7385,2.6805,2.7375,484,50
1768597200,2.7375,2.7445,2.7275,2.7445,350,50
1768600800,2.7435,2.7455,2.7355,2.7365,158,50
1768604400,2.7365,2.7405,2.7125,2.7145,105,110
1768784400,2.9975,3.0105,2.9615,2.9615,422,140
1768788000,2.9615,2.9615,2.9495,2.9555,242,140
1768791600,2.9555,2.9725,2.9545,2.9715,126,150
1768795200,2.9715,2.9785,2.9675000000000002,2.9735,117,140
1768798800,2.9735,2.9755000000000003,2.9215,2.9255,296,130
1768802400,2.9255,2.9485,2.9245,2.9455,293,150
1768806000,2.9455,2.9515000000000002,2.9325,2.9365,248,130
1768809600,2.9375,2.9435000000000002,2.8994999999999997,2.9415,389,140
1768813200,2.9415,2.9475,2.9175,2.9195,204,110
1768816800,2.9195,2.9355,2.9105,2.9335,250,100
1768820400,2.9335,2.9435000000000002,2.9325,2.9415,152,110
1768824000,2.9415,2.9515000000000002,2.9415,2.9475,144,110
1768827600,2.9475,2.9725,2.9465,2.9655,202,90
1768831200,2.9655,3.0005,2.9615,2.9975,311,80
1768834800,2.9975,3.0535,2.9945,3.0375,507,80
1768838400,3.0375,3.0905,3.0345,3.0745,794,80
1768842000,3.0745,3.0835,3.0425,3.0585,594,80
1768845600,3.0585,3.0725,3.0325,3.0495,526,80
1768849200,3.0495,3.0655,3.0415,3.0435,324,70
1768852800,3.0435,3.0565,3.0005,3.0065,577,80
1768856400,3.0065,3.0135,3.0015,3.0045,92,110
1768870800,2.9695,2.9855,2.9665,2.9845,126,300
1768874400,2.9845,2.9875,2.9715,2.9715,114,280
1768878000,2.9715,2.9715,2.9415,2.9505,163,160
1768881600,2.9505,2.9535,2.9415,2.9455,120,150
1768885200,2.9455,2.9565,2.9445,2.9535,186,150
1768888800,2.9545,2.9655,2.9535,2.9545,166,140
1768892400,2.9545,3.0045,2.9535,3.0035,294,150
1768896000,3.0035,3.0215,2.9825,3.0195,388,140
1768899600,3.0195,3.0245,3.0075,3.0205,202,110
1768903200,3.0205,3.0335,3.0115,3.0225,202,110
1768906800,3.0225,3.0565,3.0075,3.0545,212,110
1768910400,3.0545,3.0625,3.0465,3.0585,238,100
1768914000,3.0585,3.0735,3.0515,3.0695,310,90
1768917600,3.0695,3.0925,3.0205,3.0875,762,80
1768921200,3.0875,3.2155,3.0865,3.2015000000000002,1273,60
1768924800,3.2015000000000002,3.2155,3.1255,3.1355,1555,70
1768928400,3.1355,3.1775,3.1085,3.1665,1319,70
1768932000,3.1665,3.1945,3.1445,3.1875,940,80
1768935600,3.1875,3.2175,3.1665,3.2025,1006,80
1768939200,3.2025,3.2465,3.1855,3.2245,1161,90
1768942800,3.2255,3.2715,3.2175,3.2375,1075,80
1768946400,3.2375,3.2455,3.2215,3.2305,379,100
1768950000,3.2305,3.2395,3.1925,3.1955,183,100
1768957200,3.1875,3.1885,3.1475,3.1525,177,150
1768960800,3.1525,3.1525,3.1005,3.1055,275,140
1768964400,3.1055,3.1315,3.1005,3.1315,130,290
1768968000,3.1315,3.1395,3.1285,3.1335,144,280
1768971600,3.1335,3.1845,3.1335,3.1845,223,290
1768975200,3.1835,3.2355,3.1805,3.2355,252,290
1768978800,3.2355,3.3175,3.2355,3.3115,663,280
1768982400,3.3115,3.4245,3.2995,3.4195,787,270
1768986000,3.4195,3.4735,3.3725,3.4185,1015,200
1768989600,3.4185,3.4415,3.3835,3.3895,852,190
1768993200,3.3895,3.4245,3.3755,3.3985,740,200
1768996800,3.3985,3.4635,3.3985,3.4605,647,210
1769000400,3.4605,3.5435,3.4385,3.4585,899,170
1769004000,3.4585,3.5555,3.4455,3.5415,1180,150
1769007600,3.5435,3.5715,3.5145,3.5295,1429,140
1769011200,3.5295,3.5535,3.4745,3.5084999999999997,1488,150
1769014800,3.5084999999999997,3.5244999999999997,3.3765,3.4005,1471,140
1769018400,3.4005,3.4855,3.4005,3.4845,1273,90
1769022000,3.4845,3.5235,3.4705,3.5035,1106,60
1769025600,3.5035,3.5195,3.4565,3.5075,1650,80
1769029200,3.5075,3.5345,3.4895,3.4925,1033,90
1769032800,3.4935,3.5205,3.4745,3.5175,657,80
1769036400,3.5175,3.5484999999999998,3.4715,3.4845,516,90
1769043600,3.4935,3.5275,3.4735,3.5225,337,280
1769047200,3.5225,3.5225,3.4455,3.4595000000000002,417,270
1769050800,3.4595000000000002,3.5375,3.4485,3.5255,569,280
1769054400,3.5255,3.5915,3.5164999999999997,3.5765000000000002,629,280
1769058000,3.5765000000000002,3.6315,3.5585,3.6235,598,270
1769061600,3.6235,3.6545,3.5935,3.5965,708,270
1769065200,3.5965,3.6515,3.5835,3.6334999999999997,531,280
1769068800,3.6334999999999997,3.6505,3.5915,3.6365,688,270
1769072400,3.6365,3.6605,3.6165000000000003,3.6405,558,220
1769076000,3.6405,3.6405,3.5445,3.5555,606,200
1769079600,3.5555,3.5555,3.4685,3.5075,768,200
1769083200,3.5075,3.5865,3.5075,3.5815,564,200
1769086800,3.5815,3.6734999999999998,3.5815,3.6585,858,160
1769090400,3.6585,3.6845,3.5255,3.5775,1861,130
1769094000,3.5775,3.6945,3.5695,3.6555,1781,140
1769097600,3.6555,3.6765,3.6325,3.6654999999999998,1733,140
1769101200,3.6654999999999998,3.6995,3.6285,3.6485,2103,60
1769104800,3.6485,3.6835,3.6165000000000003,3.6225,1338,70
1769108400,3.6225,3.6275,3.5515,3.5675,2160,70
1769112000,3.5685000000000002,3.5895,3.4435000000000002,3.5075,2134,80
1769115600,3.5075,3.5715,3.4795,3.5564999999999998,1267,90
1769119200,3.5564999999999998,3.5815,3.4525,3.4605,1056,80
1769122800,3.4605,3.4635,3.4085,3.4314999999999998,434,100
1769130000,3.4565,3.5065,3.4525,3.5015,267,290
1769133600,3.5015,3.5015,3.4795,3.4855,227,280
1769137200,3.4855,3.5215,3.4735,3.5195,221,280
1769140800,3.5195,3.5455,3.5155,3.5415,201,280
1769144400,3.5415,3.5545,3.5235,3.5305,231,280
1769148000,3.5305,3.5345,3.4795,3.5115,357,280
1769151600,3.5115,3.5115,3.4215,3.4225,343,280
1769155200,3.4225,3.4395,3.4125,3.4195,352,280
1769158800,3.4195,3.4385,3.3925,3.4345,399,200
1769162400,3.4345,3.5025,3.4265,3.4905,588,200
1769166000,3.4905,3.5135,3.4805,3.4985,373,200
1769169600,3.4985,3.5055,3.4525,3.4795,359,210
1769173200,3.4795,3.5324999999999998,3.4785,3.5115,416,170
1769176800,3.5115,3.5735,3.4755,3.4795,899,140
1769180400,3.4815,3.5905,3.4405,3.5625,1699,60
1769184000,3.5625,3.6475,3.5244999999999997,3.5575,1925,70
1769187600,3.5575,3.6245000000000003,3.5564999999999998,3.6005000000000003,1256,80
1769191200,3.6005000000000003,3.6205,3.5415,3.5795,1309,60
1769194800,3.5795,3.5945,3.5235,3.5575,1138,80
1769198400,3.5605,3.6015,3.5285,3.5865,1245,80
1769202000,3.5865,3.6035,3.5595,3.5685000000000002,995,80
1769205600,3.5685000000000002,3.6025,3.5685000000000002,3.5875,496,100
1769209200,3.5875,3.6315,3.5855,3.6005000000000003,369,80
1769389200,3.8885,3.9185,3.7735,3.8635,1222,270
1769392800,3.8635,3.8665000000000003,3.7795,3.8185000000000002,607,270
1769396400,3.8185000000000002,3.8195,3.7425,3.7455,375,270
1769400000,3.7455,3.7635,3.7415000000000003,3.7515,208,280
1769403600,3.7515,3.7605,3.7335000000000003,3.7525,333,270
1769407200,3.7525,3.7555,3.7165,3.7305,223,280
1769410800,3.7305,3.7635,3.7155,3.7575,320,280
1769414400,3.7575,3.7915,3.7295,3.7805,519,270
1769418000,3.7805,3.8045,3.7715,3.8045,390,220
1769421600,3.8045,3.8245,3.7835,3.8064999999999998,430,210
1769425200,3.8064999999999998,3.8064999999999998,3.7635,3.7835,400,200
1769428800,3.7835,3.7915,3.7435,3.7915,327,200
1769432400,3.7915,3.8095,3.7725,3.7835,405,160
1769436000,3.7835,3.8055,3.7145,3.7305,1074,140
1769439600,3.7305,3.7775,3.6535,3.6645,1441,150
1769443200,3.6645,3.7325,3.6215,3.6615,1730,140
1769446800,3.6615,3.7265,3.6585,3.6995,1187,160
1769450400,3.6995,3.7775,3.6685,3.7635,1540,150
1769454000,3.7635,3.8665000000000003,3.7584999999999997,3.8545,1652,150
1769457600,3.8555,3.8754999999999997,3.8025,3.8105,1515,170
1769461200,3.8115,3.8575,3.7605,3.7715,1475,180
1769464800,3.7715,3.8064999999999998,3.7445,3.7855,553,180
1769468400,3.7855,3.8095,3.7845,3.7904999999999998,280,210
1769475600,3.7795,3.7795,3.7515,3.7545,17,420
1769479200,3.7545,3.7545,3.7145,3.7195,122,690
1769482800,3.7195,3.7605,3.7105,3.7545,224,280
1769486400,3.7545,3.7605,3.7065,3.7095000000000002,272,280
1769490000,3.7095000000000002,3.7335000000000003,3.6805,3.6995,398,270
1769493600,3.6995,3.7135,3.6855,3.7115,185,280
1769497200,3.7115,3.7145,3.6195,3.6615,491,270
1769500800,3.6615,3.7165,3.6325,3.7155,491,270
1769504400,3.7155,3.7215,3.6805,3.6935000000000002,376,200
1769508000,3.6935000000000002,3.7275,3.6835,3.7025,332,200
1769511600,3.7025,3.7085,3.6545,3.6574999999999998,253,190
1769515200,3.6574999999999998,3.6835,3.6355,3.6585,373,200
1769518800,3.7275,3.7275,3.7275,3.7275,1,230
1769522400,3.6725,3.6825,3.6115,3.6245000000000003,529,140
1769526000,3.6245000000000003,3.7435,3.6195,3.7355,1307,150
1769529600,3.7355,3.7735,3.6355,3.6405,2066,140
1769533200,3.6405,3.6885,3.6235,3.6665,1413,140
1769536800,3.6665,3.7664999999999997,3.6654999999999998,3.7664999999999997,1146,150
1769540400,3.7664999999999997,3.8055,3.7355,3.7975,1072,140
1769544000,3.7975,3.8495,3.7824999999999998,3.8495,1297,170
1769547600,3.8495,3.8615,3.7435,3.7695,1460,170
1769551200,3.7695,3.7725,3.7365,3.7525,549,170
1769554800,3.7525,3.7735,3.7365,3.7365,256,210
1769562000,3.7365,3.7545,3.7095000000000002,3.7535,207,290
1769565600,3.7535,3.7535,3.6995,3.7105,188,280
1769569200,3.7105,3.7325,3.7075,3.7165,161,290
1769572800,3.7165,3.7415000000000003,3.7155,3.7355,136,280
1769576400,3.7355,3.7485,3.7195,3.7355,194,280
1769580000,3.7355,3.7365,3.6935000000000002,3.7025,188,270
1769583600,3.7025,3.7055,3.6665,3.6705,301,270
1769587200,3.6705,3.6814999999999998,3.6385,3.6555,316,260
1769590800,3.6555,3.6695,3.6405,3.6515,212,210
1769594400,3.6515,3.6725,3.6445,3.6585,248,200
1769598000,3.6585,3.6615,3.5605,3.5645,350,190
1769601600,3.5645,3.5885,3.5484999999999998,3.5765000000000002,344,210
1769605200,3.5765000000000002,3.6254999999999997,3.5765000000000002,3.6155,332,160
1769608800,3.6155,3.7025,3.6155,3.6334999999999997,843,140
1769612400,3.6334999999999997,3.6814999999999998,3.6055,3.6254999999999997,1119,70
1769616000,3.6254999999999997,3.7275,3.6105,3.7135,1543,70
1769619600,3.7135,3.8225,3.6825,3.8115,1284,70
1769623200,3.8115,3.8425000000000002,3.7865,3.7885,1096,60
1769626800,3.7885,3.8355,3.6635,3.6654999999999998,1083,70
1769630400,3.6654999999999998,3.7055,3.6475,3.6885,1164,90
1769634000,3.6885,3.7175000000000002,3.6565,3.6865,1207,90
1769637600,3.6865,3.7355,3.6814999999999998,3.7055,519,90
1769641200,3.7055,3.7225,3.6695,3.6695,195,100
1769648400,3.6765,3.7085,3.6765,3.7075,166,290
1769652000,3.7075,3.7075,3.6665,3.6825,169,280
1769655600,3.6825,3.7035,3.6765,3.6935000000000002,140,280
1769659200,3.6935000000000002,3.7205,3.6865,3.7205,133,290
1769662800,3.7205,3.7675,3.7155,3.7664999999999997,222,280
1769666400,3.7664999999999997,3.7815,3.7565,3.7795,182,290
1769670000,3.7795,3.8405,3.7765,3.7975,470,270
1769673600,3.7975,3.8015,3.7445,3.7875,440,270
1769677200,3.7875,3.8005,3.7675,3.7915,232,210
1769680800,3.7915,3.8015,3.7575,3.7675,349,200
1769684400,3.7675,3.7785,3.7145,3.7625,538,190
1769688000,3.7615,3.7725,3.7385,3.7525,421,190
1769691600,3.7525,3.7815,3.7205,3.7755,465,160
1769695200,3.7755,3.8075,3.7025,3.7885,856,140
1769698800,3.7885,3.8355,3.7405,3.7685,1109,140
1769702400,3.7685,3.8015,3.7135,3.7855,1419,80
1769706000,3.7855,3.7945,3.6805,3.6995,1516,60
1769709600,3.6995,3.7425,3.6835,3.7075,1053,60
1769713200,3.7075,3.7725,3.6915,3.7504999999999997,935,70
1769716800,3.7504999999999997,3.7885,3.7285,3.7805,1002,80
1769720400,3.7805,3.8555,3.7744999999999997,3.8185000000000002,958,90
1769724000,3.8185000000000002,3.8385,3.8025,3.8145,326,100
1769727600,3.8145,3.8275,3.8005,3.8015,207,110
1769734800,3.7955,3.8255,3.7795,3.8255,289,150
1769738400,3.8255,3.8255,3.7855,3.7865,170,140
1769742000,3.7865,3.7935,3.7765,3.7765,153,140
1769745600,3.7765,3.7815,3.7575,3.7815,184,150
1769749200,3.7815,3.7815,3.7435,3.7535,182,140
1769752800,3.7535,3.7865,3.7495000000000003,3.7775,215,130
1769756400,3.7775,3.7995,3.7445,3.7805,330,130
1769760000,3.7805,3.8045,3.7664999999999997,3.8015,374,140
1769763600,3.8015,3.8085,3.7775,3.8035,216,110
1769767200,3.8035,3.8155,3.7845,3.7895,308,90
1769770800,3.7895,3.8115,3.7725,3.7925,294,100
1769774400,3.7925,3.8205,3.7805,3.8155,289,100
1769778000,3.8155,3.8255,3.7744999999999997,3.8175,404,80
1769781600,3.8205,3.8205,3.7495000000000003,3.7695,670,60
1769785200,3.7695,3.9375,3.7584999999999997,3.9325,1353,60
1769788800,3.9314999999999998,3.9835000000000003,3.9245,3.9655,1521,70
1769792400,3.9655,4.0635,3.9625,4.0625,1031,70
1769796000,4.0625,4.2285,4.0585,4.1695,1697,140
1769799600,4.1695,4.1825,4.1165,4.1545,1546,150
1769803200,4.1545,4.1675,4.0385,4.1565,1643,170
1769806800,4.1565,4.2545,4.1545,4.2335,1366,180
1769810400,4.2335,4.2575,4.2185,4.2395,668,170
1769814000,4.2395,4.2844999999999995,4.2395,4.2535,377,190
1769994000,3.5815,3.6175,3.5725,3.6055,222,290
1769997600,3.6055,3.6505,3.6055,3.6475,224,280
1770001200,3.6475,3.6705,3.6445,3.6595,245,280
1770004800,3.6595,3.6615,3.6425,3.6595,149,280
1770008400,3.6595,3.6785,3.6355,3.6365,202,280
1770012000,3.6365,3.6365,3.6055,3.6055,189,280
1770015600,3.6055,3.6365,3.5805,3.5815,338,270
1770019200,3.5815,3.6035,3.5605,3.5865,355,280
1770022800,3.5865,3.5925000000000002,3.5435,3.5675,239,210
1770026400,3.5675,3.5795,3.5465,3.5475,252,210
1770030000,3.5475,3.6315,3.5475,3.6185,415,200
1770033600,3.6185,3.6205,3.5685000000000002,3.5785,320,200
1770037200,3.5785,3.5925000000000002,3.5495,3.5675,440,150
1770040800,3.5675,3.6125,3.5455,3.5625,812,140
1770044400,3.5625,3.5925000000000002,3.4895,3.4935,1110,150
1770048000,3.4935,3.5365,3.4875,3.4955,991,150
1770051600,3.4955,3.5135,3.3695,3.3895,1409,140
1770055200,3.3905,3.4445,3.3155,3.3225,2174,130
1770058800,3.3225,3.3535,3.1965,3.2105,1834,140
1770062400,3.2105,3.2315,3.1335,3.1415,1206,180
1770066000,3.1415,3.2415,3.1185,3.2255,1613,180
1770069600,3.2255,3.2325,3.2085,3.2255,455,180
1770073200,3.2255,3.2285,3.1895,3.1945,158,210
1770080400,3.2025,3.2175,3.1625,3.1775,174,290
1770084000,3.1775,3.2355,3.1775,3.2325,256,270
1770087600,3.2325,3.2345,3.1885,3.2065,267,280
1770091200,3.2065,3.2095,3.1595,3.1605,254,270
1770094800,3.1605,3.1955,3.1555,3.1775,228,280
1770098400,3.1775,3.1855,3.1225,3.1285,245,270
1770102000,3.1285,3.1925,3.1285,3.1895,240,280
1770105600,3.1895,3.2145,3.1755,3.2055,255,280
1770109200,3.2055,3.2195,3.1755,3.1805,296,210
1770112800,3.1805,3.2195,3.1795,3.2055,382,200
1770116400,3.2055,3.2125,3.1445,3.1795,431,190
1770120000,3.1795,3.2005,3.1655,3.1775,372,190
1770123600,3.1775,3.2075,3.1525,3.1545,549,160
1770127200,3.1545,3.2565,3.1455,3.2255,893,150
1770130800,3.2255,3.2725,3.1725,3.2105,1462,60
1770134400,3.2105,3.3064999999999998,3.2105,3.3064999999999998,1309,70
1770138000,3.3064999999999998,3.3265000000000002,3.2735,3.2965,1217,80
1770141600,3.2965,3.3375,3.2725,3.3115,1140,70
1770145200,3.3115,3.3205,3.2475,3.2775,925,70
1770148800,3.2775,3.3055,3.2155,3.2315,1216,80
1770152400,3.2315,3.2755,3.2125,3.2705,1178,90
1770156000,3.2705,3.2955,3.2685,3.2875,257,100
1770159600,3.2875,3.3235,3.2845,3.2965,334,90
1770166800,3.3035,3.3045,3.2565,3.2805,187,150
1770170400,3.2805,3.2845,3.2705,3.2805,150,140
1770174000,3.2805,3.2935,3.2625,3.2895,190,150
1770177600,3.2895,3.2965,3.2715,3.2735,160,140
1770181200,3.2735,3.2835,3.2595,3.2725,170,140
1770184800,3.2735,3.2735,3.2485,3.2525,139,140
1770188400,3.2545,3.2565,3.2325,3.2485,199,140
1770192000,3.2485,3.2685,3.2205,3.2205,263,140
1770195600,3.2225,3.2415,3.2165,3.2335,247,110
1770199200,3.2335,3.2395,3.2265,3.2365,237,100
1770202800,3.2365,3.2615,3.2315,3.2585,247,110
1770206400,3.2585,3.2855,3.2425,3.2715,320,100
1770210000,3.2715,3.3085,3.2675,3.3005,469,90
1770213600,3.3005,3.3105,3.2625,3.2915,618,80
1770217200,3.2915,3.3445,3.2875,3.3445,928,70
1770220800,3.3445,3.4525,3.3365,3.3565,1998,60
1770224400,3.3565,3.3875,3.3175,3.3835,1070,30
1770228000,3.3835,3.4095,3.3625,3.3945,873,30
1770231600,3.3945,3.4285,3.3595,3.4015,862,30
1770235200,3.4015,3.4135,3.3655,3.3885,687,50
1770238800,3.3885,3.4095,3.3645,3.3935,689,40
1770242400,3.3935,3.4015,3.3855,3.3925,251,50
1770246000,3.3925,3.4095,3.3685,3.3715,180,30
1770253200,3.3835,3.3845,3.3645,3.3725,139,100
1770256800,3.3725,3.3735,3.3595,3.3665,157,140
1770260400,3.3665,3.3675,3.3495,3.3515,141,140
1770264000,3.3515,3.3515,3.3315,3.3355,135,150
1770267600,3.3355,3.3555,3.3345000000000002,3.3475,151,140
1770271200,3.3475,3.3785,3.3425000000000002,3.3775,178,150
1770274800,3.3775,3.3805,3.3605,3.3705,198,140
1770278400,3.3705,3.4275,3.3585,3.4255,276,140
1770282000,3.4255,3.4455,3.4035,3.4185,340,120
1770285600,3.4185,3.4225,3.3765,3.3835,264,110
1770289200,3.3835,3.3835,3.3595,3.3715,302,110
1770292800,3.3715,3.3775,3.3455,3.3645,306,110
1770296400,3.3645,3.4365,3.3635,3.4295,478,90
1770300000,3.4295,3.4525,3.4035,3.4415,759,60
1770303600,3.4415,3.4535,3.3985,3.4314999999999998,1061,40
1770307200,3.4314999999999998,3.4605,3.3505,3.4125,1282,30
1770310800,3.4125,3.4195,3.2975,3.3025,1594,20
1770314400,3.3025,3.4265,3.2595,3.4005,1334,40
1770318000,3.4005,3.4105,3.3385,3.4105,928,30
1770321600,3.4105,3.4225,3.3855,3.4105,653,30
1770325200,3.4105,3.4234999999999998,3.3665,3.3815,693,50
1770328800,3.3815,3.3945,3.3815,3.3855,238,50
1770332400,3.3855,3.4335,3.3835,3.4175,208,50
1770339600,3.4065,3.4145,3.3915,3.4035,185,80
1770343200,3.4035,3.4035,3.3665,3.3705,183,70
1770346800,3.3705,3.3825,3.3595,3.3675,155,280
1770350400,3.3675,3.3935,3.3585,3.3835,135,280
1770354000,3.3835,3.3965,3.3795,3.3855,134,290
1770357600,3.3855,3.3895,3.3755,3.3815,108,280
1770361200,3.3815,3.3835,3.3425000000000002,3.3445,206,270
1770364800,3.3445,3.3525,3.3305,3.3425000000000002,167,280
1770368400,3.3425000000000002,3.3685,3.3355,3.3615,214,210
1770372000,3.3615,3.3855,3.3555,3.3735,186,200
1770375600,3.3735,3.3945,3.3635,3.3695,276,200
1770379200,3.3695,3.4015,3.3635,3.3885,330,210
1770382800,3.3885,3.4525,3.3835,3.4495,347,160
1770386400,3.4465,3.5205,3.4465,3.4955,699,150
1770390000,3.4955,3.5025,3.4355,3.4735,890,150
1770393600,3.4735,3.5055,3.3955,3.4785,1183,70
1770397200,3.4785,3.4835,3.4215,3.4265,931,80
1770400800,3.4265,3.4695,3.4015,3.4015,833,70
1770404400,3.4015,3.4625,3.3975,3.4435000000000002,747,80
1770408000,3.4435000000000002,3.4435000000000002,3.2904999999999998,3.3115,1182,80
1770411600,3.3115,3.3255,3.2824999999999998,3.3055,1010,80
1770415200,3.3055,3.3175,3.2875,3.2965,344,80
1770418800,3.2965,3.2975,3.2605,3.2635,236,90
1770598800,3.1585,3.1585,3.1105,3.1185,414,120
1770602400,3.1185,3.1315,3.1165,3.1225,199,150
1770606000,3.1225,3.1335,3.1205,3.1275,149,150
1770609600,3.1275,3.1315,3.1175,3.1305,128,150
1770613200,3.1305,3.1365,3.1235,3.1275,136,140
1770616800,3.1275,3.1365,3.1255,3.1305,137,150
1770620400,3.1305,3.1345,3.1135,3.1275,161,140
1770624000,3.1275,3.1325,3.1085,3.1145,255,140
1770627600,3.1145,3.1195,3.1055,3.1165,230,120
1770631200,3.1165,3.1355,3.1135,3.1275,206,110
1770634800,3.1275,3.1365,3.1085,3.1275,235,110
1770638400,3.1275,3.1275,3.0915,3.1025,296,100
1770642000,3.1025,3.1315,3.0945,3.1185,321,80
1770645600,3.1185,3.1385,3.1035,3.1335,537,60
1770649200,3.1335,3.1495,3.0765,3.0945,883,70
1770652800,3.0945,3.1375,3.0505,3.1315,1170,70
1770656400,3.1315,3.1545,3.1065,3.1505,736,70
1770660000,3.1505,3.1525,3.1005,3.1035,658,70
1770663600,3.1035,3.1155,3.0895,3.0985,494,80
1770667200,3.0985,3.1045,3.0695,3.0865,675,100
1770670800,3.0865,3.0895,3.0625,3.0635,596,100
1770674400,3.0635,3.0695,3.0575,3.0665,235,100
1770678000,3.0665,3.0755,3.0515,3.0525,107,100
1770685200,3.0655,3.0655,3.0505,3.0545,106,150
1770688800,3.0545,3.0595,3.0535,3.0565,95,150
1770692400,3.0565,3.0585,3.0395,3.0455,106,140
1770696000,3.0455,3.0495,3.0355,3.0475,107,150
1770699600,3.0475,3.0505,3.0435,3.0485,73,150
1770703200,3.0485,3.0585,3.0455,3.0495,105,140
1770706800,3.0495,3.0535,3.0265,3.0365,172,140
1770710400,3.0365,3.0435,3.0235,3.0365,208,140
1770714000,3.0365,3.0415,3.0115,3.0275,238,110
1770717600,3.0275,3.0535,3.0255,3.0415,252,110
1770721200,3.0415,3.0445,3.0265,3.0325,159,100
1770724800,3.0335,3.0595,3.0335,3.0535,242,110
1770728400,3.0535,3.0745,3.0465,3.0725,324,90
1770732000,3.0725,3.0925,3.0525,3.0585,491,70
1770735600,3.0585,3.0975,3.0395,3.0875,966,60
1770739200,3.0875,3.1035,3.0565,3.0995,900,70
1770742800,3.0995,3.1125,3.0785,3.0965,566,80
1770746400,3.0965,3.1145,3.0815,3.0875,450,70
1770750000,3.0875,3.1095,3.0755,3.0855,445,80
1770753600,3.0835,3.1295,3.0485,3.0575,718,90
1770757200,3.0575,3.0595,3.0385,3.0555,524,100
1770760800,3.0555,3.0625,3.0425,3.0595,202,100
1770764400,3.0595,3.0725,3.0505,3.0515,122,110
1770771600,3.0735,3.0755,3.0655,3.0715,116,160
1770775200,3.0715,3.0755,3.0685000000000002,3.0695,94,150
1770778800,3.0695,3.0695,3.0555,3.0575,143,150
1770782400,3.0565,3.0565,3.0465,3.0485,122,150
1770786000,3.0485,3.0535,3.0415,3.0455,122,140
1770789600,3.0455,3.0515,3.0405,3.0415,131,150
1770793200,3.0415,3.0445,3.0135,3.0175,170,150
1770796800,3.0195,3.0625,3.0165,3.0575,257,150
1770800400,3.0575,3.0595,3.0485,3.0565,194,110
1770804000,3.0575,3.0585,3.0415,3.0425,206,110
1770807600,3.0425,3.0545,3.0305,3.0365,210,110
1770811200,3.0365,3.0685000000000002,3.0265,3.0565,324,100
1770814800,3.0565,3.0725,3.0455,3.0635,302,90
1770818400,3.0635,3.0815,2.9935,3.0035,641,70
1770822000,3.0035,3.0215,2.9895,3.0075,815,80
1770825600,3.0075,3.0575,3.0075,3.0455,699,80
1770829200,3.0455,3.0995,3.0455,3.0755,647,80
1770832800,3.0755,3.1075,3.0705,3.1065,577,80
1770836400,3.1065,3.1195,3.0785,3.0905,582,80
1770840000,3.0905,3.1095,3.0765,3.0805,548,80
1770843600,3.0805,3.1065,3.0805,3.0985,520,90
1770847200,3.0985,3.1125,3.0915,3.1005,163,100
1770850800,3.1005,3.1355,3.0975,3.1215,185,110
1770858000,3.1245,3.1245,3.1065,3.1125,119,150
1770861600,3.1125,3.1215,3.1005,3.1195,122,140
1770865200,3.1195,3.1325,3.1165,3.1225,158,140
1770868800,3.1225,3.1265,3.1155,3.1205,101,150
1770872400,3.1215,3.1265,3.1135,3.1155,130,150
1770876000,3.1155,3.1265,3.1145,3.1225,98,150
1770879600,3.1225,3.1225,3.0985,3.1045,191,140
1770883200,3.1045,3.1045,3.0795,3.0805,209,140
1770886800,3.0805,3.1035,3.0755,3.0925,160,120
1770890400,3.0925,3.0955,3.0795,3.0925,174,110
1770894000,3.0925,3.1065,3.0875,3.1035,183,110
1770897600,3.1035,3.1545,3.1035,3.1515,269,110
1770901200,3.1515,3.1915,3.1355,3.1405,468,80
1770904800,3.1405,3.1765,3.1315,3.1685,516,80
1770908400,3.1685,3.1805,3.1455,3.1505,749,80
1770912000,3.1505,3.2045,3.1305,3.1895,893,70
1770915600,3.1895,3.1945,3.0895,3.1055,1228,60
1770919200,3.1055,3.1565,3.1025,3.1225,923,70
1770922800,3.1225,3.1715,3.1135,3.1455,752,70
1770926400,3.1455,3.1555,3.0895,3.1065,699,90
1770930000,3.1065,3.1255,3.0875,3.1045,609,100
1770933600,3.1055,3.1065,3.0905,3.0955,214,100
1770937200,3.0955,3.0975,3.0675,3.0725,118,110
1770944400,3.0875,3.0945,3.0815,3.0935,81,160
1770948000,3.0915,3.1045,3.0885,3.0915,123,130
1770951600,3.0915,3.0935,3.0795,3.0795,121,150
1770955200,3.0795,3.0845,3.0685000000000002,3.0705,129,150
1770958800,3.0705,3.0745,3.0625,3.0655,129,150
1770962400,3.0655,3.0735,3.0315,3.0395,151,150
1770966000,3.0395,3.0395,3.0215,3.0235,219,150
1770969600,3.0235,3.0415,3.0185,3.0325,240,140
1770973200,3.0325,3.0435,3.0285,3.0415,154,110
1770976800,3.0415,3.0525,3.0335,3.0395,289,110
1770980400,3.0395,3.0485,3.0345,3.0425,178,110
1770984000,3.0425,3.0565,3.0425,3.0515,244,110
1770987600,3.0515,3.0625,3.0245,3.0565,397,90
1770991200,3.0565,3.0595,3.0155,3.0225,542,70
1770994800,3.0225,3.0565,3.0085,3.0325,601,70
1770998400,3.0325,3.0795,3.0295,3.0565,853,80
1771002000,3.0565,3.0955,3.0435,3.0915,670,80
1771005600,3.0915,3.1095,3.0725,3.0925,577,80
1771009200,3.0925,3.1105,3.0755,3.0895,566,80
1771012800,3.0895,3.1255,3.0715,3.1075,646,100
1771016400,3.1075,3.1195,3.0995,3.1075,446,100
1771020000,3.1075,3.1085,3.0825,3.0875,172,100
1771023600,3.0875,3.1005,3.0585,3.0615,162,100
1771203600,2.9405,2.9585,2.9335,2.9475,327,140
1771207200,2.9485,2.9505,2.9255,2.9325,144,140
1771210800,2.9325,2.9395,2.9265,2.9265,111,140
1771214400,2.9275,2.9325,2.9165,2.9265,112,150
1771218000,2.9265,2.9395,2.9265,2.9365,140,150
1771221600,2.9365,2.9385,2.9165,2.9265,161,150
1771225200,2.9275,2.9435000000000002,2.9165,2.9185,180,140
1771228800,2.9185,2.9314999999999998,2.8994999999999997,2.9005,233,140
1771232400,2.9005,2.9025,2.8905,2.9005,152,110
1771236000,2.9015,2.9145,2.8985,2.9095,202,110
1771239600,2.9105,2.9145,2.9045,2.9125,142,110
1771243200,2.9125,2.9265,2.9115,2.9245,148,110
1771246800,2.9245,2.9245,2.9074999999999998,2.9225,213,90
1771250400,2.9225,2.9335,2.9055,2.9255,310,70
1771254000,2.9255,2.9515000000000002,2.9245,2.9485,372,60
1771257600,2.9485,2.9655,2.9455,2.9565,287,80
1771261200,2.9565,2.9605,2.9385,2.9415,279,80
1771264800,2.9415,2.9635,2.9365,2.9505,315,70
1771268400,2.9505,2.9745,2.9465,2.9725,244,80
1771272000,2.9725,3.0025,2.9705,3.0015,273,90
1771275600,3.0015,3.0065,3.0005,3.0025,47,100
1771290000,2.9905,2.9915000000000003,2.9765,2.9845,124,160
1771293600,2.9825,2.9855,2.9765,2.9845,86,150
1771297200,2.9845,2.9985,2.9815,2.9815,145,140
1771300800,2.9815,2.9915000000000003,2.9775,2.9865,84,150
1771304400,2.9855,3.0045,2.9745,2.9975,171,140
1771308000,2.9975,3.0065,2.9935,2.9965,124,280
1771311600,2.9965,3.0095,2.9855,3.0015,169,290
1771315200,3.0015,3.0155,2.9955,2.9975,150,280
1771318800,2.9975,3.0145,2.9865,3.0085,166,220
1771322400,3.0065,3.0085,2.9835000000000003,2.9935,198,210
1771326000,2.9935,3.0025,2.9885,3.0005,170,210
1771329600,3.0005,3.0265,3.0005,3.0255,193,210
1771333200,3.0255,3.0565,3.0215,3.0355,339,160
1771336800,3.0355,3.0455,3.0105,3.0195,343,140
1771340400,3.0195,3.0225,2.9675000000000002,2.9705,642,150
1771344000,2.9705,2.9735,2.9405,2.9545,730,150
1771347600,2.9545,2.9865,2.9515000000000002,2.9605,447,150
1771351200,2.9605,2.9925,2.9475,2.9745,370,160
1771354800,2.9745,2.9805,2.9505,2.9515000000000002,364,160
1771358400,2.9515000000000002,2.9525,2.9275,2.9395,363,190
1771362000,2.9395,2.9465,2.9285,2.9455,315,190
1771365600,2.9455,2.9525,2.9314999999999998,2.9485,142,190
1771369200,2.9485,2.9555,2.9285,2.9305,98,210
1771376400,2.9325,2.9395,2.9285,2.9365,58,310
1771380000,2.9415,2.9435000000000002,2.9285,2.9355,87,280
1771383600,2.9355,2.9375,2.9215,2.9255,87,290
1771387200,2.9255,2.9255,2.9145,2.9154999999999998,73,290
1771390800,2.9165,2.9215,2.9154999999999998,2.9205,86,290
1771394400,2.9205,2.9225,2.9045,2.9065,84,290
1771398000,2.9065,2.9145,2.9015,2.9125,72,290
1771401600,2.9125,2.9175,2.9045,2.9125,108,290
1771405200,2.9125,2.9225,2.9015,2.9165,127,110
1771408800,2.9165,2.9205,2.9095,2.9115,131,110
1771412400,2.9115,2.9135,2.9025,2.9125,122,110
1771416000,2.9125,2.9195,2.9045,2.9154999999999998,188,100
1771419600,2.9154999999999998,2.9345,2.9085,2.9245,216,90
1771423200,2.9245,2.9245,2.8685,2.8825,462,60
1771426800,2.8825,2.9234999999999998,2.8685,2.9115,668,80
1771430400,2.9115,2.9314999999999998,2.8914999999999997,2.9185,798,80
1771434000,2.9185,2.9425,2.8914999999999997,2.9015,587,80
1771437600,2.9025,2.9125,2.8815,2.8815,512,60
1771441200,2.8815,2.8945,2.8645,2.8805,447,80
1771444800,2.8805,2.9425,2.8765,2.9275,608,100
1771448400,2.9275,2.9455,2.9105,2.9455,464,100
1771452000,2.9455,2.9535,2.9425,2.9475,178,100
1771455600,2.9475,2.9485,2.9105,2.9105,121,110
1771462800,2.9195,2.9314999999999998,2.9175,2.9295,97,300
1771466400,2.9295,2.9795,2.9295,2.9755000000000003,247,280
1771470000,2.9755000000000003,2.9785,2.9655,2.9675000000000002,123,280
1771473600,2.9675000000000002,2.9685,2.9595000000000002,2.9625,104,290
1771477200,2.9625,2.9625,2.9285,2.9335,205,280
1771480800,2.9335,2.9385,2.9275,2.9365,156,290
1771484400,2.9365,2.9385,2.9234999999999998,2.9305,107,290
1771488000,2.9305,2.9395,2.9145,2.9365,228,280
1771491600,2.9365,2.9455,2.9345,2.9405,153,220
1771495200,2.9405,2.9465,2.9325,2.9375,159,210
1771498800,2.9375,2.9395,2.9185,2.9205,159,210
1771502400,2.9205,2.9675000000000002,2.9205,2.9605,236,210
1771506000,2.9605,2.9795,2.9605,2.9695,232,170
1771509600,2.9695,2.9825,2.9615,2.9775,349,160
1771513200,2.9775,2.9855,2.9625,2.9825,516,80
1771516800,2.9825,3.0025,2.9725,2.9915000000000003,622,80
1771520400,2.9915000000000003,2.9995000000000003,2.9325,2.9465,954,70
1771524000,2.9465,2.9735,2.9285,2.9635,542,80
1771527600,2.9635,2.9715,2.9465,2.9655,479,80
1771531200,2.9655,2.9735,2.9405,2.9445,415,100
1771534800,2.9445,2.9565,2.9325,2.9325,297,100
1771538400,2.9325,2.9335,2.9225,2.9305,163,100
1771542000,2.9305,2.9305,2.8914999999999997,2.8925,150,110
1771549200,2.9125,2.9234999999999998,2.9085,2.9225,155,160
1771552800,2.9225,2.9375,2.9215,2.9314999999999998,113,150
1771556400,2.9314999999999998,2.9375,2.9255,2.9335,98,140
1771560000,2.9335,2.9385,2.9265,2.9335,83,150
1771563600,2.9335,2.9385,2.9275,2.9325,109,150
1771567200,2.9325,2.9475,2.9325,2.9405,105,150
1771570800,2.9405,2.9465,2.9225,2.9234999999999998,149,150
1771574400,2.9234999999999998,2.9415,2.9215,2.9375,191,150
1771578000,2.9375,2.9435000000000002,2.9314999999999998,2.9415,120,110
1771581600,2.9415,2.9425,2.9285,2.9295,138,110
1771585200,2.9295,2.9465,2.9285,2.9285,145,110
1771588800,2.9285,2.9335,2.9095,2.9195,208,110
1771592400,2.9195,2.9275,2.9095,2.9165,214,90
1771596000,2.9165,2.9365,2.9115,2.9265,349,80
1771599600,2.9265,2.9625,2.9245,2.9585,518,80
1771603200,2.9585,2.9705,2.9395,2.9605,611,80
1771606800,2.9605,2.9755000000000003,2.9355,2.9595000000000002,671,80
1771610400,2.9595000000000002,3.0545,2.9565,3.0505,980,80
1771614000,3.0505,3.0735,3.0405,3.0575,920,80
1771617600,3.0575,3.0695,2.9805,2.9835000000000003,823,90
1771621200,2.9835000000000003,2.9955,2.9715,2.9855,471,100
1771624800,2.9855,2.9855,2.9665,2.9805,211,100
1771628400,2.9805,2.9935,2.9625,2.9625,117,110
1771808400,3.1245,3.1255,3.0825,3.1005,333,280
1771812000,3.1005,3.1015,3.0845,3.0945,141,270
1771815600,3.0945,3.0945,3.0755,3.0765,141,280
1771819200,3.0765,3.0855,3.0715,3.0775,94,290
1771822800,3.0785,3.0795,3.0685000000000002,3.0795,97,290
1771826400,3.0785,3.0795,3.0695,3.0745,108,290
1771830000,3.0745,3.0815,3.0395,3.0405,124,290
1771833600,3.0405,3.0405,3.0085,3.0185,239,280
1771837200,3.0185,3.0345,3.0175,3.0345,171,220
1771840800,3.0345,3.0475,3.0255,3.0315,152,200
1771844400,3.0315,3.0375,3.0185,3.0295,142,210
1771848000,3.0295,3.0425,3.0235,3.0405,180,210
1771851600,3.0405,3.0545,3.0245,3.0505,190,170
1771855200,3.0505,3.0735,3.0365,3.0445,370,160
1771858800,3.0445,3.0615,3.0045,3.0045,498,160
1771862400,3.0045,3.0345,2.9865,3.0075,642,140
1771866000,3.0075,3.0145,2.9685,2.9795,495,150
1771869600,2.9795,2.9885,2.9455,2.9505,457,150
1771873200,2.9505,2.9635,2.9335,2.9355,350,150
1771876800,2.9355,2.9355,2.9105,2.9115,356,190
1771880400,2.9115,2.9234999999999998,2.9095,2.9205,261,200
1771884000,2.9205,2.9215,2.9095,2.9105,129,200
1771887600,2.9105,2.9165,2.8914999999999997,2.8925,80,210
1771894800,2.9025,2.9135,2.8985,2.9125,103,300
1771898400,2.9125,2.9195,2.9125,2.9145,103,290
1771902000,2.9145,2.9215,2.9115,2.9175,105,290
1771905600,2.9175,2.9234999999999998,2.9085,2.9095,113,290
1771909200,2.9095,2.9165,2.9045,2.9065,104,280
1771912800,2.9065,2.9135,2.8925,2.9105,126,280
1771916400,2.9105,2.9195,2.8965,2.9085,167,290
1771920000,2.9085,2.9225,2.9074999999999998,2.9125,143,290
1771923600,2.9125,2.9165,2.9015,2.9085,143,210
1771927200,2.9085,2.9245,2.9065,2.9145,132,210
1771930800,2.9145,2.9175,2.9025,2.9085,110,210
1771934400,2.9085,2.9095,2.8865,2.8865,120,210
1771938000,2.8865,2.8895,2.8525,2.8635,243,170
1771941600,2.8635,2.8695,2.8495,2.8575,344,160
1771945200,2.8575,2.8945,2.8555,2.8635,439,160
1771948800,2.8635,2.8834999999999997,2.8545,2.8805,490,160
1771952400,2.8805,2.8965,2.8715,2.8795,377,160
1771956000,2.8795,2.9055,2.8745000000000003,2.8834999999999997,422,40
1771959600,2.8834999999999997,2.9095,2.8695,2.8745000000000003,343,40
1771963200,2.8745000000000003,2.8785,2.8485,2.8505000000000003,352,50
1771966800,2.8505000000000003,2.8555,2.8295,2.8445,444,50
1771970400,2.8445,2.8565,2.8405,2.8485,151,50
1771974000,2.8495,2.8495,2.8115,2.8135,69,60
1771981200,2.8385,2.8485,2.8365,2.8445,137,90
1771984800,2.8455,2.8565,2.8445,2.8515,119,80
1771988400,2.8515,2.8535,2.8415,2.8415,129,80
1771992000,2.8435,2.8435,2.8385,2.8395,90,70
1771995600,2.8395,2.8425000000000002,2.8345000000000002,2.8365,114,80
1771999200,2.8365,2.8475,2.8345000000000002,2.8465,117,80
1772002800,2.8465,2.8535,2.8445,2.8505000000000003,126,80
1772006400,2.8505000000000003,2.8505000000000003,2.8285,2.8295,226,70
1772010000,2.8295,2.8345000000000002,2.8225,2.8305,104,60
1772013600,2.8305,2.8325,2.8235,2.8315,115,50
1772017200,2.8315,2.8385,2.8235,2.8265000000000002,112,60
1772020800,2.8265000000000002,2.8365,2.8255,2.8315,103,60
1772024400,2.8315,2.8455,2.8295,2.8395,163,50
1772028000,2.8395,2.8845,2.8365,2.8754999999999997,391,40
1772031600,2.8754999999999997,2.8925,2.8535,2.8905,597,40
1772035200,2.8905,2.9065,2.8805,2.8985,625,40
1772038800,2.8985,2.9205,2.8965,2.9125,324,40
1772042400,2.9125,2.9314999999999998,2.9035,2.9255,398,40
1772046000,2.9255,2.9325,2.8975,2.9025,310,40
1772049600,2.9025,2.9025,2.9005,2.9005,3,60
1772053200,2.8785,2.8875,2.8615,2.8834999999999997,251,100
1772056800,2.8834999999999997,2.8885,2.8754999999999997,2.8834999999999997,182,100
1772060400,2.8834999999999997,2.8925,2.8645,2.8655,102,110
1772067600,2.8834999999999997,2.8865,2.8785,2.8845,108,160
1772071200,2.8845,2.8875,2.8775,2.8845,113,150
1772074800,2.8845,2.8845,2.8695,2.8715,94,150
1772078400,2.8715,2.8715,2.8565,2.8655,108,150
1772082000,2.8655,2.8715,2.8575,2.8645,95,150
1772085600,2.8645,2.8675,2.8545,2.8555,90,150
1772089200,2.8555,2.8615,2.8285,2.8305,192,140
1772092800,2.8305,2.8375,2.8185000000000002,2.8205,165,140
1772096400,2.8205,2.8205,2.8055,2.8105,148,120
1772100000,2.8105,2.8125,2.7995,2.8005,125,110
1772103600,2.8005,2.8075,2.7995,2.8045,128,110
1772107200,2.8045,2.8064999999999998,2.7925,2.7945,124,110
1772110800,2.7945,2.7975,2.7845,2.7875,146,90
1772114400,2.7875,2.8085,2.7875,2.7945,340,80
1772118000,2.7945,2.8135,2.7904999999999998,2.8055,457,70
1772121600,2.8055,2.8225,2.7845,2.8035,533,90
1772125200,2.8035,2.8375,2.7815,2.8315,820,80
1772128800,2.8315,2.8345000000000002,2.7925,2.8005,435,80
1772132400,2.8005,2.8155,2.7945,2.8115,267,90
1772136000,2.8115,2.8285,2.8085,2.8265000000000002,360,100
1772139600,2.8265000000000002,2.8415,2.8165,2.8315,358,100
1772143200,2.8315,2.8375,2.8265000000000002,2.8295,137,100
1772146800,2.8295,2.8365,2.8064999999999998,2.8145,89,110
1772154000,2.8295,2.8295,2.8195,2.8265000000000002,87,160
1772157600,2.8255,2.8345000000000002,2.8245,2.8335,77,150
1772161200,2.8335,2.8385,2.8305,2.8375,84,150
1772164800,2.8385,2.8405,2.8265000000000002,2.8345000000000002,105,150
1772168400,2.8335,2.8355,2.8265000000000002,2.8275,91,150
1772172000,2.8275,2.8345000000000002,2.8245,2.8265000000000002,122,150
1772175600,2.8265000000000002,2.8365,2.8265000000000002,2.8365,88,150
1772179200,2.8365,2.8455,2.8315,2.8435,129,150
1772182800,2.8435,2.8445,2.8315,2.8415,119,120
1772186400,2.8415,2.8435,2.8335,2.8395,141,110
1772190000,2.8395,2.8455,2.8265000000000002,2.8445,127,90
1772193600,2.8445,2.8605,2.8425000000000002,2.8535,231,100
1772197200,2.8535,2.8555,2.8415,2.8495,176,90
1772200800,2.8495,2.8805,2.8465,2.8805,363,80
1772204400,2.8805,2.8955,2.8695,2.8834999999999997,449,80
1772208000,2.8834999999999997,2.8865,2.8315,2.8445,630,80
1772211600,2.8445,2.8735,2.8425000000000002,2.8425000000000002,461,80
1772215200,2.8425000000000002,2.8865,2.8385,2.8675,398,80
1772218800,2.8675,2.8754999999999997,2.8525,2.8675,380,80
1772222400,2.8675,2.8845,2.8495,2.8585000000000003,411,100
1772226000,2.8585000000000003,2.8695,2.8495,2.8515,298,50
1772229600,2.8515,2.8685,2.8495,2.8675,156,50
1772233200,2.8675,2.8695,2.8335,2.8395,136,50
1772413200,2.8865,2.9005,2.8415,2.8495,128,700
1772416800,2.8495,2.8945,2.8475,2.8945,114,290
1772420400,2.8945,2.8985,2.8745000000000003,2.8815,173,290
1772424000,2.8815,2.8955,2.8785,2.8935,99,290
1772427600,2.8935,2.9145,2.8935,2.9055,137,290
1772431200,2.9055,2.9105,2.8875,2.8875,105,290
1772434800,2.8875,2.9035,2.8825,2.8985,147,290
1772438400,2.8985,2.9655,2.8985,2.9585,300,290
1772442000,2.9585,3.0015,2.9565,3.0015,266,210
1772445600,3.0015,3.0325,2.9935,3.0245,357,210
1772449200,3.0245,3.0295,2.9975,2.9995000000000003,278,200
1772452800,2.9995000000000003,3.0015,2.9605,2.9835000000000003,311,200
1772456400,2.9835000000000003,2.9885,2.9435000000000002,2.9755000000000003,422,170
1772460000,2.9755000000000003,3.0545,2.9755000000000003,3.0385,627,140
1772463600,3.0385,3.0685000000000002,2.9915000000000003,3.0035,824,150
1772467200,3.0035,3.0085,2.9175,2.9275,985,150
1772470800,2.9275,2.9735,2.9175,2.9565,650,150
1772474400,2.9565,2.9595000000000002,2.9165,2.9255,611,150
1772478000,2.9255,2.9575,2.9215,2.9435000000000002,398,160
1772481600,2.9435000000000002,2.9675000000000002,2.9345,2.9545,363,190
1772485200,2.9545,2.9715,2.9505,2.9565,391,190
1772488800,2.9565,2.9905,2.9535,2.9815,259,190
1772492400,2.9815,2.9965,2.9695,2.9695,189,210
1772499600,2.9735,2.9805,2.9655,2.9785,130,290
1772503200,2.9785,2.9905,2.9785,2.9845,128,290
1772506800,2.9845,3.0035,2.9805,2.9975,138,290
1772510400,2.9975,3.0145,2.9895,2.9995000000000003,150,280
1772514000,2.9995000000000003,3.0125,2.9955,3.0115,115,290
1772517600,3.0115,3.0275,3.0115,3.0275,131,290
1772521200,3.0275,3.0355,3.0195,3.0325,155,280
1772524800,3.0325,3.0545,3.0235,3.0435,312,290
1772528400,3.0435,3.1055,3.0435,3.0995,376,220
1772532000,3.0995,3.1275,3.0965,3.1195,446,200
1772535600,3.1195,3.1785,3.1105,3.1645,483,200
1772539200,3.1645,3.1725,3.1365,3.1585,466,200
1772542800,3.1585,3.1734999999999998,3.0805,3.1335,889,170
1772546400,3.1315,3.1505,3.0755,3.0835,991,140
1772550000,3.0835,3.1405,3.0815,3.1295,943,160
1772553600,3.1295,3.1885,3.1285,3.1375,1182,150
1772557200,3.1405,3.1485,3.0935,3.1095,942,150
1772560800,3.1095,3.1465,3.0955,3.1105,726,160
1772564400,3.1105,3.1495,3.1035,3.1255,513,160
1772568000,3.1255,3.1305,3.0605,3.0825,610,180
1772571600,3.0825,3.0825,2.9895,3.0435,1022,180
1772575200,3.0435,3.0625,3.0345,3.0505,386,190
1772578800,3.0505,3.0565,3.0205,3.0285,217,210
1772586000,3.0295,3.0515,3.0165,3.0165,156,290
1772589600,3.0165,3.0295,2.9985,3.0295,122,290
1772593200,3.0295,3.0485,2.9965,2.9985,219,280
1772596800,2.9985,3.0245,2.9925,3.0215,212,280
1772600400,3.0215,3.0335,3.0075,3.0125,180,290
1772604000,3.0125,3.0265,3.0055,3.0225,134,280
1772607600,3.0195,3.0715,3.0195,3.0585,212,280
1772611200,3.0585,3.0685000000000002,3.0365,3.0525,232,290
1772614800,3.0525,3.0655,3.0315,3.0445,279,220
1772618400,3.0445,3.0725,3.0375,3.0675,282,200
1772622000,3.0675,3.0695,3.0425,3.0655,246,200
1772625600,3.0655,3.0695,2.9965,3.0125,454,200
1772629200,3.0125,3.0125,2.9815,3.0045,355,170
1772632800,3.0045,3.0355,2.9875,3.0305,627,150
1772636400,3.0305,3.0345,2.9175,2.9645,992,150
1772640000,2.9645,2.9755000000000003,2.9265,2.9305,852,160
1772643600,2.9305,2.9385,2.8975,2.9015,519,160
1772647200,2.9015,2.9385,2.9015,2.9175,480,160
1772650800,2.9175,2.9585,2.9165,2.9505,427,170
1772654400,2.9505,2.9535,2.9145,2.9234999999999998,347,200
1772658000,2.9234999999999998,2.9245,2.9074999999999998,2.9115,319,190
1772661600,2.9115,2.9345,2.9065,2.9245,195,200
1772665200,2.9245,2.9305,2.9085,2.9095,113,210
1772672400,2.9265,2.9455,2.9225,2.9435000000000002,120,300
1772676000,2.9435000000000002,2.9515000000000002,2.9395,2.9485,115,290
1772679600,2.9485,2.9735,2.9485,2.9655,145,280
1772683200,2.9655,2.9945,2.9655,2.9825,149,290
1772686800,2.9825,2.9895,2.9725,2.9735,145,270
1772690400,2.9735,2.9895,2.9705,2.9865,152,290
1772694000,2.9865,3.0045,2.9835000000000003,2.9895,203,280
1772697600,2.9895,2.9905,2.9595000000000002,2.9675000000000002,259,280
1772701200,2.9675000000000002,2.9795,2.9585,2.9765,233,210
1772704800,2.9765,2.9915000000000003,2.9745,2.9805,220,210
1772708400,2.9805,2.9815,2.9365,2.9635,405,190
1772712000,2.9635,2.9985,2.9625,2.9935,235,210
1772715600,2.9935,2.9975,2.9775,2.9895,293,160
1772719200,2.9895,2.9895,2.9495,2.9645,416,150
1772722800,2.9645,2.9755000000000003,2.9475,2.9555,524,160
1772726400,2.9555,2.9865,2.9435000000000002,2.9555,649,150
1772730000,2.9555,2.9725,2.9265,2.9425,909,150
1772733600,2.9425,2.9635,2.9245,2.9405,574,160
1772737200,2.9405,2.9705,2.9375,2.9545,411,160
1772740800,2.9545,3.0475,2.9525,3.0385,760,190
1772744400,3.0385,3.0385,2.9895,3.0145,743,190
1772748000,3.0145,3.0295,2.9915000000000003,2.9915000000000003,377,190
1772751600,2.9915000000000003,2.9945,2.9745,2.9845,129,210
1772758800,3.0035,3.0035,2.9805,2.9925,113,280
1772762400,2.9925,2.9925,2.9665,2.9725,131,280
1772766000,2.9725,2.9805,2.9695,2.9775,121,290
1772769600,2.9775,2.9905,2.9725,2.9775,126,280
1772773200,2.9775,2.9845,2.9695,2.9755000000000003,159,280
1772776800,2.9755000000000003,2.9785,2.9665,2.9735,114,290
1772780400,2.9735,2.9785,2.9575,2.9645,175,290
1772784000,2.9645,2.9775,2.9595000000000002,2.9655,167,290
1772787600,2.9655,2.9695,2.9485,2.9675000000000002,162,220
1772791200,2.9675000000000002,2.9825,2.9575,2.9805,250,210
1772794800,2.9805,3.0475,2.9735,3.0385,388,200
1772798400,3.0385,3.0435,3.0175,3.0405,354,190
1772802000,3.0405,3.0675,3.0335,3.0665,320,160
1772805600,3.0665,3.0995,3.0465,3.0965,529,150
1772809200,3.0965,3.1315,3.0685000000000002,3.1235,815,160
1772812800,3.1235,3.1435,3.0845,3.1025,979,140
1772816400,3.1025,3.1385,3.0905,3.1345,513,160
1772820000,3.1345,3.1825,3.1205,3.1825,508,180
1772823600,3.1825,3.2715,3.1695,3.2555,657,170
1772827200,3.2555,3.2595,3.1645,3.2005,989,200
1772830800,3.2005,3.2095,3.1575,3.1765,747,210
1772834400,3.1765,3.1965,3.1625,3.1675,287,210
1772838000,3.1675,3.1745,3.1345,3.1445,168,220
1773018000,3.3105,3.3205,3.2845,3.2965,101,760
1773021600,3.3255,3.3815,3.3135,3.3695,143,760
1773025200,3.3695,3.3935,3.3385,3.3835,145,770
1773028800,3.3835,3.4265,3.3805,3.4265,175,760
1773032400,3.4265,3.4495,3.3995,3.4045,176,760
1773036000,3.4045,3.4314999999999998,3.3475,3.4074999999999998,249,760
1773039600,3.4074999999999998,3.4335,3.3795,3.4085,228,750
1773043200,3.4095,3.4135,3.3245,3.3265000000000002,231,760
1773046800,3.3265000000000002,3.3785,3.2645,3.3285,407,760
1773050400,3.3285,3.3405,3.2955,3.3245,271,560
1773054000,3.3245,3.3495,3.3055,3.3345000000000002,354,550
1773057600,3.3345000000000002,3.3535,3.2665,3.3035,395,560
1773061200,3.3035,3.3625,3.3015,3.3505,326,550
1773064800,3.3505,3.3585,3.2945,3.3255,488,430
1773068400,3.3255,3.3525,3.2915,3.3275,634,410
1773072000,3.3275,3.3425000000000002,3.2095,3.2445,1724,160
1773075600,3.2445,3.2835,3.2095,3.2215,1285,170
1773079200,3.2215,3.2255,3.1155,3.1315,1304,160
1773082800,3.1315,3.1445,3.0685000000000002,3.0835,986,160
1773086400,3.0835,3.1405,3.0795,3.1405,778,200
1773090000,3.1405,3.1405,3.0765,3.1265,847,210
1773093600,3.1265,3.1435,3.0405,3.0515,924,200
1773097200,3.0515,3.0595,3.0075,3.0095,416,210
1773104400,3.0135,3.1005,3.0105,3.0685000000000002,396,420
1773108000,3.0685000000000002,3.0915,3.0585,3.0875,182,310
1773111600,3.0875,3.0895,3.0535,3.0755,250,310
1773115200,3.0755,3.0805,3.0475,3.0645,299,300
1773118800,3.0645,3.1105,3.0645,3.1075,248,310
1773122400,3.1075,3.1365,3.0975,3.1215,287,310
1773126000,3.1215,3.1255,3.1005,3.1185,227,310
1773129600,3.1185,3.1205,3.0885,3.0915,229,310
1773133200,3.0915,3.1045,3.0775,3.0835,288,310
1773136800,3.0835,3.0895,3.0495,3.0585,341,240
1773140400,3.0585,3.0805,3.0545,3.0725,350,220
1773144000,3.0725,3.0815,3.0505,3.0685000000000002,340,230
1773147600,3.0685000000000002,3.1245,3.0675,3.1105,461,230
1773151200,3.1105,3.1195,3.0595,3.0865,736,180
1773154800,3.0865,3.0945,3.0065,3.0275,946,170
1773158400,3.0275,3.0575,3.0165,3.0325,994,160
1773162000,3.0325,3.0665,3.0125,3.0345,758,160
1773165600,3.0345,3.0535,3.0175,3.0245,611,170
1773169200,3.0245,3.0455,3.0105,3.0155,544,180
1773172800,3.0155,3.0185,2.9535,2.9805,890,210
1773176400,2.9805,3.0445,2.9675000000000002,3.0335,1137,200
1773180000,3.0335,3.0485,3.0235,3.0415,395,210
1773183600,3.0415,3.0525,3.0235,3.0265,151,230
1773190800,3.0435,3.0475,3.0295,3.0365,106,430
1773194400,3.0365,3.0535,3.0315,3.0485,126,320
1773198000,3.0485,3.0525,3.0185,3.0245,196,300
1773201600,3.0245,3.0375,3.0175,3.0235,176,310
1773205200,3.0235,3.0305,3.0135,3.0175,108,320
1773208800,3.0175,3.0215,3.0125,3.0145,106,320
1773212400,3.0145,3.0345,3.0145,3.0255,138,300
1773216000,3.0255,3.0405,3.0245,3.0375,129,320
1773219600,3.0375,3.0415,3.0245,3.0305,155,320
1773223200,3.0305,3.0705,3.0275,3.0615,268,230
1773226800,3.0615,3.0785,3.0495,3.0775,336,230
1773230400,3.0775,3.1025,3.0725,3.0735,418,210
1773234000,3.0735,3.0765,3.0395,3.0435,398,220
1773237600,3.0435,3.1035,3.0395,3.0985,570,180
1773241200,3.0985,3.1195,3.0835,3.1025,866,170
1773244800,3.1025,3.1195,3.0795,3.0915,1031,180
1773248400,3.0915,3.1325,3.0705,3.1285,921,170
1773252000,3.1285,3.1545,3.1265,3.1445,609,180
1773255600,3.1455,3.1615,3.1325,3.1465,546,170
1773259200,3.1465,3.2025,3.1375,3.1885,576,200
1773262800,3.1895,3.2055,3.1805,3.1845,545,200
1773266400,3.1845,3.2015000000000002,3.1825,3.1905,236,210
1773270000,3.1895,3.2135,3.1885,3.1965,151,220
1773277200,3.2125,3.2305,3.1905,3.2295,195,430
1773280800,3.2295,3.2565,3.2245,3.2485,183,310
1773284400,3.2485,3.2495,3.2265,3.2465,237,300
1773288000,3.2465,3.2545,3.2215,3.2545,289,300
1773291600,3.2545,3.2665,3.2455,3.2645,193,310
1773295200,3.2655,3.2735,3.2375,3.2475,263,310
1773298800,3.2475,3.2775,3.2435,3.2665,182,300
1773302400,3.2665,3.2665,3.2295,3.2525,291,310
1773306000,3.2525,3.2525,3.2285,3.2365,335,310
1773309600,3.2365,3.2465,3.2185,3.2335,337,230
1773313200,3.2335,3.2345,3.2065,3.2065,362,220
1773316800,3.2065,3.2445,3.2065,3.2185,353,230
1773320400,3.2185,3.2265,3.1705,3.1725,409,230
1773324000,3.1725,3.1795,3.1435,3.1715,674,180
1773327600,3.1715,3.2225,3.1695,3.2135,805,170
1773331200,3.2135,3.2355,3.1875,3.2055,1118,170
1773334800,3.2055,3.2415,3.1935000000000002,3.2125,991,170
1773338400,3.2125,3.2485,3.1965,3.2115,859,160
1773342000,3.2115,3.2225,3.1365,3.1715,795,160
1773345600,3.1715,3.2065,3.1625,3.1975,492,210
1773349200,3.1975,3.2315,3.1695,3.2265,459,210
1773352800,3.2265,3.2325,3.2105,3.2195,213,210
1773356400,3.2195,3.2335,3.2045,3.2085,135,230
1773363600,3.2195,3.2235,3.2015000000000002,3.2065,132,420
1773367200,3.2065,3.2115,3.2015000000000002,3.2095,81,320
1773370800,3.2095,3.2205,3.1955,3.2155,133,310
1773374400,3.2155,3.2225,3.2065,3.2175,143,310
1773378000,3.2175,3.2285,3.2125,3.2255,128,320
1773381600,3.2255,3.2295,3.2075,3.2135,149,320
1773385200,3.2135,3.2465,3.2055,3.2455,141,320
1773388800,3.2455,3.2725,3.2345,3.2375,277,310
1773392400,3.2375,3.2575,3.2275,3.2465,267,310
1773396000,3.2465,3.2785,3.2455,3.2785,223,230
1773399600,3.2785,3.2835,3.2475,3.2545,327,230
1773403200,3.2545,3.2695,3.2475,3.2635,279,230
1773406800,3.2635,3.2635,3.2245,3.2315,390,230
1773410400,3.2325,3.2605,3.2275,3.2395,564,180
1773414000,3.2395,3.2505,3.1405,3.1445,805,170
1773417600,3.1445,3.1655,3.1245,3.1385,937,170
1773421200,3.1385,3.1495,3.1065,3.1485,680,170
1773424800,3.1485,3.1525,3.1185,3.1275,627,170
1773428400,3.1275,3.1665,3.0975,3.1085,599,170
1773432000,3.1085,3.1305,3.1035,3.1275,399,210
1773435600,3.1265,3.1375,3.1045,3.1245,254,210
1773658800,3.0825,3.0955,3.0675,3.0805,146,560
1773662400,3.0805,3.0935,3.0715,3.0825,137,550
1773666000,3.0825,3.0885,3.0495,3.0505,194,550
1773669600,3.0505,3.0865,3.0485,3.0605,219,440
1773673200,3.0605,3.1065,3.0375,3.0745,473,430
1773676800,3.0745,3.1125,3.0655,3.0745,618,430
1773680400,3.0745,3.0815,3.0275,3.0305,345,420
1773684000,3.0305,3.0345,2.9815,2.9865,282,430
1773687600,2.9865,3.0085,2.9865,2.9875,240,430
1773691200,2.9875,2.9875,2.9585,2.9685,204,520
1773694800,2.9685,3.0005,2.9655,2.9805,194,510
1773698400,2.9805,2.9935,2.9805,2.9925,120,510
1773702000,2.9925,2.9955,2.9795,2.9945,97,560
1773712800,2.9805,2.9855,2.9805,2.9845,7,800
1773716400,2.9845,2.9955,2.9835000000000003,2.9915000000000003,100,780
1773720000,2.9915000000000003,2.9915000000000003,2.9785,2.9885,93,780
1773723600,2.9885,2.9915000000000003,2.9775,2.9775,79,780
1773727200,2.9775,2.9815,2.9695,2.9735,86,780
1773730800,2.9735,2.9815,2.9655,2.9735,94,780
1773734400,2.9735,2.9995000000000003,2.9685,2.9995000000000003,93,780
1773738000,2.9995000000000003,2.9995000000000003,2.9755000000000003,2.9835000000000003,121,780
1773741600,2.9835000000000003,2.9865,2.9645,2.9845,110,570
1773745200,2.9845,2.9985,2.9815,2.9945,141,570
1773748800,2.9945,2.9965,2.9675000000000002,2.9735,134,550
1773752400,2.9735,3.0105,2.9725,3.0095,148,570
1773756000,3.0095,3.0265,3.0075,3.0195,160,440
1773759600,3.0195,3.0595,2.9945,3.0345,341,430
1773763200,3.0345,3.0545,3.0135,3.0515,342,100
1773766800,3.0515,3.0555,3.0095,3.0135,522,80
1773770400,3.0135,3.0245,2.9955,3.0195,427,80
1773774000,3.0195,3.0335,2.9885,3.0015,475,90
1773777600,3.0015,3.0185,2.9925,2.9955,346,100
1773781200,2.9955,3.0215,2.9895,3.0095,355,110
1773784800,3.0095,3.0195,3.0035,3.0085,196,110
1773788400,3.0085,3.0115,2.9835000000000003,2.9845,103,120
1773795600,2.9965,3.0025,2.9875,2.9965,95,440
1773799200,2.9905,2.9965,2.9805,2.9955,84,330
1773802800,2.9955,2.9985,2.9645,2.9655,141,310
1773806400,2.9655,2.9705,2.9405,2.9415,185,310
1773810000,2.9415,2.9475,2.9345,2.9355,128,320
1773813600,2.9355,2.9355,2.9035,2.9035,180,310
1773817200,2.9035,2.9074999999999998,2.8955,2.9005,129,300
1773820800,2.9005,2.9085,2.8945,2.8955,133,320
1773824400,2.8955,2.9035,2.8855,2.8965,156,310
1773828000,2.8965,2.9085,2.8875,2.9085,166,240
1773831600,2.9085,2.9175,2.9015,2.9045,186,230
1773835200,2.9045,2.9295,2.9025,2.9295,195,230
1773838800,2.9295,2.9345,2.9135,2.9234999999999998,217,230
1773842400,2.9234999999999998,2.9495,2.9154999999999998,2.9234999999999998,428,170
1773846000,2.9234999999999998,3.0335,2.9154999999999998,3.0315,855,170
1773849600,3.0315,3.0475,2.9975,3.0085,993,180
1773853200,3.0085,3.0395,2.9885,3.0255,707,170
1773856800,3.0255,3.0355,3.0045,3.0065,548,170
1773860400,3.0065,3.0185,2.9985,3.0185,472,180
1773864000,3.0185,3.0205,2.9865,2.9915000000000003,331,210
1773867600,2.9915000000000003,3.0805,2.9765,3.0685000000000002,764,210
1773871200,3.0685000000000002,3.1485,3.0635,3.1215,728,200
1773874800,3.1215,3.1655,3.1115,3.1425,316,220
1773882000,3.1225,3.1485,3.1115,3.1305,159,430
1773885600,3.1305,3.1785,3.1275,3.1715,168,310
1773889200,3.1715,3.2025,3.1375,3.2005,261,310
1773892800,3.2005,3.2045,3.1755,3.1875,210,310
1773896400,3.1875,3.1975,3.1705,3.1875,229,310
1773900000,3.1875,3.2055,3.1345,3.1395,279,310
1773903600,3.1395,3.1445,3.1125,3.1175,192,310
1773907200,3.1175,3.1255,3.1085,3.1195,204,310
1773910800,3.1195,3.1415,3.1085,3.1415,191,310
1773914400,3.1415,3.1595,3.1365,3.1475,285,240
1773918000,3.1475,3.1775,3.1405,3.1725,378,220
1773921600,3.1725,3.1814999999999998,3.1275,3.1275,513,220
1773925200,3.1275,3.1335,3.1015,3.1265,467,220
1773928800,3.1265,3.1695,3.1215,3.1385,465,170
1773932400,3.1385,3.1615,3.1175,3.1425,911,170
1773936000,3.1425,3.2225,3.1245,3.1855,1586,170
1773939600,3.1855,3.2135,3.1355,3.1535,1305,170
1773943200,3.1535,3.2005,3.1485,3.1585,1043,160
1773946800,3.1585,3.1615,3.0845,3.1095,932,170
1773950400,3.1095,3.1285,3.0915,3.1165,624,210
1773954000,3.1165,3.1435,3.0905,3.1265,661,210
1773957600,3.1265,3.1265,3.0525,3.0875,901,210
1773961200,3.0875,3.0955,3.0675,3.0725,173,230
1773972000,3.0435,3.0435,3.0405,3.0405,7,780
1773975600,3.0405,3.0615,3.0335,3.0615,104,780
1773979200,3.0615,3.0615,3.0485,3.0505,111,780
1773982800,3.0505,3.0595,3.0495,3.0565,84,780
1773986400,3.0565,3.0635,3.0405,3.0615,105,780
1773990000,3.0615,3.0615,3.0445,3.0555,106,770
1773993600,3.0555,3.0655,3.0405,3.0545,109,780
1773997200,3.0545,3.0715,3.0475,3.0695,98,780
1774000800,3.0695,3.0755,3.0305,3.0565,128,570
1774004400,3.0565,3.0685000000000002,3.0425,3.0595,154,560
1774008000,3.0595,3.1015,3.0545,3.1015,160,560
1774011600,3.1015,3.1065,3.0725,3.0805,165,560
1774015200,3.0805,3.0855,3.0045,3.0125,279,440
1774018800,3.0125,3.0375,3.0025,3.0295,369,430
1774022400,3.0295,3.0395,2.9925,3.0105,442,430
1774026000,3.0105,3.0525,2.9995000000000003,3.0485,277,430
1774029600,3.0485,3.0615,3.0355,3.0445,544,80
1774033200,3.0445,3.0645,3.0145,3.0285,517,90
1774036800,3.0285,3.0445,3.0195,3.0295,500,110
1774040400,3.0295,3.0785,3.0185,3.0705,629,110
1774044000,3.0705,3.0795,3.0515,3.0535,358,110
1774047600,3.0535,3.0675,3.0385,3.0445,132,120
1774227600,2.9755000000000003,2.9875,2.9585,2.9775,125,760
1774231200,2.9775,3.0055,2.9765,2.9965,141,310
1774234800,2.9965,3.0175,2.9965,3.0115,163,310
1774238400,3.0115,3.0295,3.0075,3.0085,145,320
1774242000,3.0085,3.0225,3.0075,3.0215,113,320
1774245600,3.0215,3.0465,3.0215,3.0465,134,320
1774249200,3.0465,3.0565,3.0425,3.0535,134,320
1774252800,3.0535,3.0745,3.0535,3.0715,153,310
1774256400,3.0715,3.0885,3.0685000000000002,3.0835,200,310
1774260000,3.0835,3.1265,3.0805,3.1115,233,240
1774263600,3.1115,3.1225,3.1005,3.1015,356,220
1774267200,3.1015,3.1125,3.0935,3.1085,276,220
1774270800,3.1085,3.1145,3.0565,3.0615,455,210
1774274400,3.0615,3.0695,2.9435000000000002,2.9675000000000002,908,210
1774278000,2.9385,2.9405,2.8955,2.9145,425,420
1774281600,2.9145,2.9485,2.8845,2.9095,596,420
1774285200,2.9095,2.9415,2.9055,2.9175,547,90
1774288800,2.9175,2.9314999999999998,2.8935,2.9225,1261,80
1774292400,2.9225,2.9395,2.8994999999999997,2.9045,955,90
1774296000,2.9045,2.9185,2.8925,2.8965,600,100
1774299600,2.8965,2.9005,2.8625,2.8785,650,100
1774303200,2.8785,2.9025,2.8754999999999997,2.8925,247,110
1774306800,2.8925,2.9055,2.8645,2.8685,179,120
1774314000,2.8825,2.9015,2.8805,2.8815,99,430
1774317600,2.8815,2.8965,2.8805,2.8935,88,320
1774321200,2.8935,2.9175,2.8914999999999997,2.9125,164,310
1774324800,2.9125,2.9395,2.9125,2.9314999999999998,175,320
1774328400,2.9314999999999998,2.9314999999999998,2.9125,2.9154999999999998,135,310
1774332000,2.9154999999999998,2.9255,2.9135,2.9175,140,320
1774335600,2.9175,2.9375,2.9165,2.9355,162,320
1774339200,2.9365,2.9375,2.9135,2.9175,182,310
1774342800,2.9175,2.9285,2.9135,2.9165,177,310
1774346400,2.9165,2.9265,2.9105,2.9154999999999998,226,230
1774350000,2.9154999999999998,2.9275,2.9065,2.9215,281,220
1774353600,2.9215,2.9285,2.8975,2.9045,253,220
1774357200,2.9045,2.9175,2.8945,2.9005,406,220
1774360800,2.9005,2.9245,2.8955,2.9154999999999998,461,170
1774364400,2.9154999999999998,2.9335,2.8754999999999997,2.8965,654,160
1774368000,2.8965,2.9245,2.8765,2.9005,760,170
1774371600,2.9005,2.9105,2.8785,2.8965,628,170
1774375200,2.8965,2.9015,2.8845,2.8985,444,180
1774378800,2.8994999999999997,2.9175,2.8955,2.9115,508,100
1774382400,2.9115,2.9425,2.8965,2.9035,646,100
1774386000,2.9035,2.9245,2.8994999999999997,2.9125,516,100
1774389600,2.9125,2.9145,2.8975,2.9015,228,110
1774393200,2.9015,2.9035,2.8395,2.8405,542,100
1774400400,2.8735,2.8815,2.8635,2.8645,162,220
1774404000,2.8645,2.8665000000000003,2.8565,2.8635,87,320
1774407600,2.8635,2.8675,2.8325,2.8405,236,300
1774411200,2.8405,2.8415,2.8315,2.8395,193,310
1774414800,2.8405,2.8495,2.8365,2.8485,120,320
1774418400,2.8485,2.8495,2.8405,2.8455,108,320
1774422000,2.8455,2.8455,2.8345000000000002,2.8385,100,320
1774425600,2.8385,2.8425000000000002,2.8325,2.8405,108,310
1774429200,2.8405,2.8555,2.8385,2.8505000000000003,164,320
1774432800,2.8505000000000003,2.8615,2.8455,2.8515,182,230
1774436400,2.8515,2.8675,2.8465,2.8675,290,230
1774440000,2.8675,2.8795,2.8625,2.8695,276,220
1774443600,2.8695,2.8745000000000003,2.8605,2.8695,259,230
1774447200,2.8695,2.8745000000000003,2.8445,2.8635,372,170
1774450800,2.8635,2.8965,2.8565,2.8855,556,170
1774454400,2.8855,2.8965,2.8615,2.8885,610,100
1774458000,2.8885,2.9095,2.8785,2.9045,575,90
1774461600,2.9045,2.9375,2.8985,2.9365,456,90
1774465200,2.9365,2.9475,2.9205,2.9445,453,90
1774468800,2.9445,2.9545,2.9225,2.9325,402,100
1774472400,2.9325,2.9445,2.9225,2.9425,331,110
1774476000,2.9425,2.9455,2.9345,2.9425,202,110
1774479600,2.9425,2.9535,2.9245,2.9265,110,120
1774486800,2.9465,2.9475,2.9275,2.9375,101,430
1774490400,2.9375,2.9395,2.9335,2.9375,70,330
1774494000,2.9375,2.9385,2.9285,2.9285,87,320
1774497600,2.9285,2.9325,2.9225,2.9234999999999998,108,320
1774501200,2.9234999999999998,2.9325,2.9234999999999998,2.9245,102,320
1774504800,2.9295,2.9355,2.9265,2.9345,87,320
1774508400,2.9355,2.9365,2.9245,2.9285,70,320
1774512000,2.9285,2.9325,2.9195,2.9195,86,320
1774515600,2.9195,2.9285,2.9165,2.9265,98,320
1774519200,2.9265,2.9525,2.9265,2.9485,177,240
1774522800,2.9485,2.9735,2.9445,2.9615,189,230
1774526400,2.9615,2.9625,2.9395,2.9415,163,230
1774530000,2.9415,2.9415,2.8965,2.9045,245,230
1774533600,2.9045,2.9405,2.8965,2.9305,390,180
1774537200,2.9305,2.9615,2.9154999999999998,2.9585,520,50
1774540800,2.9585,2.9635,2.9355,2.9485,627,40
1774544400,2.9485,2.9935,2.9305,2.9855,770,20
1774548000,2.9855,3.0065,2.9755000000000003,3.0015,416,40
1774551600,3.0015,3.0015,2.9765,2.9845,320,50
1774555200,2.9845,3.0085,2.9635,2.9635,361,60
1774558800,2.9635,2.9675000000000002,2.9445,2.9445,280,50
1774562400,2.9445,2.9565,2.9385,2.9405,122,60
1774566000,2.9405,2.9445,2.8805,2.9154999999999998,226,60
1774576800,2.9074999999999998,2.9115,2.9074999999999998,2.9115,7,810
1774580400,2.9115,2.9265,2.9065,2.9245,91,780
1774584000,2.9245,2.9285,2.9165,2.9245,87,780
1774587600,2.9245,2.9255,2.9135,2.9185,85,780
1774591200,2.9185,2.9305,2.9185,2.9245,85,780
1774594800,2.9234999999999998,2.9495,2.9215,2.9495,92,780
1774598400,2.9495,2.9525,2.9345,2.9475,94,780
1774602000,2.9475,2.9565,2.9455,2.9535,97,780
1774605600,2.9535,2.9785,2.9375,2.9775,113,590
1774609200,2.9775,3.0125,2.9735,3.0115,109,560
1774612800,3.0115,3.0275,3.0115,3.0185,137,550
1774616400,3.0185,3.0515,3.0175,3.0475,130,560
1774620000,3.0475,3.0505,3.0275,3.0405,185,440
1774623600,3.0405,3.0675,3.0375,3.0535,390,40
1774627200,3.0535,3.0645,3.0245,3.0365,686,40
1774630800,3.0365,3.0495,2.9995000000000003,3.0435,548,40
1774634400,3.0435,3.0515,3.0245,3.0325,548,40
1774638000,3.0325,3.0455,3.0225,3.0285,351,50
1774641600,3.0285,3.0775,3.0205,3.0775,295,50
1774645200,3.0775,3.0835,3.0485,3.0555,445,50
1774648800,3.0555,3.0705,3.0505,3.0535,278,110
1774652400,3.0535,3.0595,3.0305,3.0305,179,120
1774832400,3.0735,3.0755,2.9275,3.0015,486,140
1774836000,3.0015,3.0075,2.9915000000000003,2.9935,167,160
1774839600,2.9935,2.9995000000000003,2.9605,2.9685,264,150
1774843200,2.9685,2.9855,2.9625,2.9745,191,160
1774846800,2.9755000000000003,2.9975,2.9695,2.9755000000000003,171,150
1774850400,2.9755000000000003,2.9945,2.9715,2.9905,339,150
1774854000,2.9905,2.9905,2.9725,2.9765,198,150
1774857600,2.9765,2.9775,2.9585,2.9635,191,160
1774861200,2.9635,2.9695,2.9585,2.9675000000000002,169,130
1774864800,2.9675000000000002,2.9705,2.9545,2.9595000000000002,225,120
1774868400,2.9595000000000002,2.9735,2.9565,2.9585,289,120
1774872000,2.9585,2.9695,2.9555,2.9675000000000002,256,120
1774875600,2.9675000000000002,2.9935,2.9635,2.9905,234,100
1774879200,2.9905,2.9905,2.9555,2.9605,569,80
1774882800,2.9605,2.9675000000000002,2.9395,2.9405,540,90
1774886400,2.9405,2.9435000000000002,2.9025,2.9095,804,90
1774890000,2.9095,2.9215,2.8975,2.9125,603,90
1774893600,2.9125,2.9225,2.8945,2.9205,453,90
1774897200,2.9205,2.9225,2.8935,2.8985,335,90
1774900800,2.8985,2.9205,2.8925,2.9185,336,60
1774904400,2.9185,2.9375,2.9025,2.9335,267,50
1774908000,2.9335,2.9335,2.9145,2.9205,142,50
1774911600,2.9215,2.9305,2.8895,2.8935,142,70
1774918800,2.9305,2.9375,2.9295,2.9365,113,110
1774922400,2.9365,2.9405,2.9285,2.9355,111,120
1774926000,2.9355,2.9385,2.9105,2.9115,183,160
1774929600,2.9115,2.9195,2.8495,2.8745000000000003,391,130
1774933200,2.8745000000000003,2.8925,2.8725,2.8875,153,160
1774936800,2.8875,2.8885,2.8815,2.8834999999999997,123,160
1774940400,2.8834999999999997,2.8875,2.8785,2.8845,115,160
1774944000,2.8825,2.8895,2.8775,2.8855,101,160
1774947600,2.8855,2.8955,2.8834999999999997,2.8895,160,120
1774951200,2.8895,2.8935,2.8754999999999997,2.8805,167,120
1774954800,2.8805,2.8865,2.8665000000000003,2.8725,244,110
1774958400,2.8715,2.8855,2.8595,2.8834999999999997,208,120
1774962000,2.8834999999999997,2.8935,2.8795,2.8914999999999997,166,90
1774965600,2.8914999999999997,2.8914999999999997,2.8735,2.8765,430,80
1774969200,2.8765,2.9895,2.8745000000000003,2.9885,813,70
1774972800,2.9885,3.0165,2.9785,2.9795,993,80
1774976400,2.9795,2.9895,2.9615,2.9635,651,90
1774980000,2.9635,2.9635,2.9215,2.9515000000000002,828,90
1774983600,2.9515000000000002,2.9775,2.9105,2.9305,1058,80
1774987200,2.9305,2.9405,2.9095,2.9365,857,100
1774990800,2.9365,2.9465,2.9154999999999998,2.9285,637,110
1774994400,2.9285,2.9345,2.9205,2.9255,222,110
1774998000,2.9255,2.9265,2.8905,2.8905,167,120
1775005200,2.9125,2.9215,2.9095,2.9135,124,220
1775008800,2.9185,2.9215,2.9135,2.9175,86,160
1775012400,2.9175,2.9175,2.9045,2.9055,135,160
1775016000,2.9055,2.9105,2.9015,2.9055,154,160
1775019600,2.9055,2.9145,2.9035,2.9135,110,160
1775023200,2.9135,2.9245,2.9085,2.9205,143,160
1775026800,2.9205,2.9335,2.9145,2.9225,134,160
1775030400,2.9225,2.9255,2.9115,2.9165,108,160
1775034000,2.9165,2.9195,2.8925,2.8945,306,120
1775037600,2.8945,2.9145,2.8895,2.9125,409,120
1775041200,2.9115,2.9205,2.9055,2.9085,256,120
1775044800,2.9085,2.9185,2.8985,2.9035,249,110
1775048400,2.9035,2.9095,2.8865,2.8875,305,100
1775052000,2.8875,2.8935,2.8715,2.8725,392,80
1775055600,2.8885,2.8975,2.8875,2.8914999999999997,31,50
1775059200,2.8914999999999997,2.8965,2.8635,2.8725,841,50
1775062800,2.8725,2.8795,2.8625,2.8725,569,70
1775066400,2.8725,2.8875,2.8655,2.8775,462,90
1775070000,2.8775,2.8805,2.8565,2.8575,275,40
1775073600,2.8575,2.8595,2.8325,2.8575,272,60
1775077200,2.8575,2.8675,2.8505000000000003,2.8545,250,60
1775080800,2.8545,2.8645,2.8535,2.8585000000000003,117,60
1775084400,2.8585000000000003,2.8635,2.8305,2.8305,80,70
1775091600,2.8565,2.8615,2.8535,2.8615,69,230
1775095200,2.8615,2.8645,2.8565,2.8645,59,170
1775098800,2.8645,2.8675,2.8585000000000003,2.8665000000000003,178,160
1775102400,2.8665000000000003,2.9245,2.8605,2.8985,563,160
1775106000,2.8985,2.9055,2.8865,2.9035,179,310
1775109600,2.9035,2.9065,2.8914999999999997,2.9015,143,320
1775113200,2.9015,2.9125,2.8985,2.9065,132,320
1775116800,2.9065,2.9145,2.9005,2.9145,140,310
1775120400,2.9145,2.9165,2.8955,2.8994999999999997,208,230
1775124000,2.9005,2.9055,2.8935,2.8935,183,230
1775127600,2.8935,2.9035,2.8914999999999997,2.8925,165,220
1775131200,2.8925,2.8955,2.8855,2.8945,142,230
1775134800,2.8945,2.9095,2.8905,2.9005,208,180
1775138400,2.9005,2.9015,2.8745000000000003,2.8885,355,180
1775142000,2.8885,2.9065,2.8705,2.8994999999999997,569,40
1775145600,2.8994999999999997,2.9035,2.8335,2.8365,934,50
1775149200,2.8365,2.8675,2.8315,2.8515,1114,40
1775152800,2.8515,2.8715,2.8355,2.8665000000000003,640,50
1775156400,2.8665000000000003,2.8665000000000003,2.8515,2.8555,358,40
1775160000,2.8555,2.8575,2.8385,2.8415,257,60
1775163600,2.8415,2.8605,2.8355,2.8525,276,60
1775167200,2.8525,2.8555,2.8465,2.8495,129,60
1775170800,2.8495,2.8605,2.8285,2.8305,138,60
1775440800,2.8645,2.8655,2.8645,2.8645,5,810
1775444400,2.8645,2.8655,2.8525,2.8595,96,780
1775448000,2.8595,2.8655,2.8495,2.8655,64,790
1775451600,2.8655,2.8725,2.8575,2.8705,90,780
1775455200,2.8705,2.8715,2.8375,2.8405,91,780
1775458800,2.8405,2.8405,2.8225,2.8225,109,780
1775462400,2.8225,2.8225,2.8055,2.8175,101,770
1775466000,2.8175,2.8265000000000002,2.7895,2.8145,127,570
1775469600,2.8145,2.8265000000000002,2.8045,2.8155,132,570
1775473200,2.8155,2.8475,2.8125,2.8415,151,570
1775476800,2.8415,2.8754999999999997,2.8395,2.8745000000000003,144,560
1775480400,2.8745000000000003,2.8914999999999997,2.8635,2.8875,141,440
1775484000,2.8875,2.8925,2.8615,2.8815,241,60
1775487600,2.8834999999999997,2.9074999999999998,2.8785,2.9035,482,90
1775491200,2.9025,2.9195,2.8905,2.8975,653,90
1775494800,2.8975,2.8985,2.8555,2.8735,663,80
1775498400,2.8735,2.8885,2.8645,2.8665000000000003,494,90
1775502000,2.8665000000000003,2.8845,2.8645,2.8785,340,90
1775505600,2.8785,2.8905,2.8635,2.8705,339,110
1775509200,2.8705,2.8775,2.8555,2.8615,436,110
1775512800,2.8615,2.8625,2.8565,2.8575,106,110
1775516400,2.8575,2.8605,2.8345000000000002,2.8345000000000002,94,120
1775523600,2.8635,2.8665000000000003,2.8605,2.8635,82,220
1775527200,2.8635,2.8645,2.8565,2.8595,72,170
1775530800,2.8595,2.8645,2.8475,2.8545,162,160
1775534400,2.8545,2.8575,2.8205,2.8245,148,160
1775538000,2.8245,2.8275,2.8175,2.8195,92,780
1775541600,2.8195,2.8575,2.8145,2.8545,105,160
1775545200,2.8545,2.8685,2.8525,2.8675,179,160
1775548800,2.8675,2.8754999999999997,2.8625,2.8635,136,160
1775552400,2.8635,2.8754999999999997,2.8605,2.8655,163,120
1775556000,2.8655,2.8695,2.8565,2.8605,210,120
1775559600,2.8605,2.8605,2.8205,2.8235,437,110
1775563200,2.8235,2.8325,2.8205,2.8305,360,110
1775566800,2.8305,2.8695,2.8275,2.8595,537,90
1775570400,2.8595,2.9025,2.8585000000000003,2.8975,521,80
1775574000,2.8975,2.9085,2.8725,2.9065,659,90
1775577600,2.9045,2.9314999999999998,2.8994999999999997,2.9255,902,90
1775581200,2.9255,2.9325,2.8994999999999997,2.9095,599,70
1775584800,2.9095,2.9435000000000002,2.9005,2.9135,537,80
1775588400,2.9135,2.9305,2.9035,2.9265,509,80
1775592000,2.9265,2.9305,2.9195,2.9234999999999998,259,110
1775595600,2.9234999999999998,2.9325,2.9205,2.9305,354,110
1775599200,2.9305,2.9325,2.8785,2.8805,471,100
1775602800,2.8805,2.8834999999999997,2.8754999999999997,2.8815,78,570
1775617200,2.8055,2.8064999999999998,2.8025,2.8035,31,790
1775620800,2.8035,2.8035,2.7904999999999998,2.7925,106,780
1775624400,2.7925,2.7935,2.7735,2.7775,105,780
1775628000,2.7775,2.7795,2.7715,2.7755,92,780
1775631600,2.7755,2.7815,2.7735,2.7775,94,790
1775635200,2.7785,2.7785,2.7575,2.7655,91,780
1775638800,2.7645,2.7685,2.7385,2.7575,104,570
1775642400,2.7575,2.7625,2.7504999999999997,2.7615,98,570
1775646000,2.7615,2.7655,2.7535,2.7555,100,570
1775649600,2.7555,2.7625,2.7525,2.7615,93,560
1775653200,2.7615,2.7865,2.7575,2.7855,107,440
1775656800,2.7855,2.8225,2.7765,2.8205,350,90
1775660400,2.8205,2.8555,2.8105,2.8265000000000002,820,80
1775664000,2.8265000000000002,2.8275,2.7935,2.7995,809,80
1775667600,2.7995,2.8375,2.7955,2.8235,806,50
1775671200,2.8225,2.8265000000000002,2.8085,2.8125,392,40
1775674800,2.8125,2.8125,2.7845,2.7865,313,50
1775678400,2.7865,2.7915,2.7725,2.7785,276,50
1775682000,2.7785,2.8115,2.7755,2.8035,372,60
1775685600,2.8035,2.8115,2.8025,2.8085,152,50
1775689200,2.8095,2.8135,2.7855,2.7865,114,70
1775700000,2.7805,2.7805,2.7805,2.7805,4,810
1775703600,2.7805,2.7824999999999998,2.7725,2.7824999999999998,74,790
1775707200,2.7824999999999998,2.8045,2.7755,2.7965,113,320
1775710800,2.7965,2.8025,2.7925,2.8005,87,320
1775714400,2.8005,2.8035,2.7925,2.7925,111,320
1775718000,2.7925,2.7955,2.7875,2.7904999999999998,100,310
1775721600,2.7904999999999998,2.7965,2.7875,2.7915,109,310
1775725200,2.7915,2.7984999999999998,2.7865,2.7945,136,230
1775728800,2.7945,2.8064999999999998,2.7925,2.8035,146,240
1775732400,2.8035,2.8085,2.7925,2.7955,152,230
1775736000,2.7955,2.8015,2.7915,2.8015,134,230
1775739600,2.8015,2.8155,2.7975,2.8095,186,180
1775743200,2.8095,2.8155,2.7895,2.8015,322,180
1775746800,2.8015,2.8075,2.7904999999999998,2.7995,363,90
1775750400,2.7995,2.8175,2.7845,2.7925,603,90
1775754000,2.7925,2.7984999999999998,2.7785,2.7875,450,90
1775757600,2.7875,2.7915,2.7425,2.7455,725,80
1775761200,2.7455,2.7615,2.7385,2.7515,423,90
1775764800,2.7515,2.7615,2.7445,2.7455,389,90
1775768400,2.7455,2.7744999999999997,2.7445,2.7655,506,110
1775772000,2.7655,2.7664999999999997,2.7615,2.7625,164,110
1775775600,2.7625,2.7625,2.7305,2.7305,119,120
1775782800,2.7555,2.7664999999999997,2.7525,2.7605,94,220
1775786400,2.7625,2.7635,2.7555,2.7625,48,170
1775790000,2.7625,2.7675,2.7605,2.7625,104,160
1775793600,2.7625,2.7675,2.7595,2.7675,132,160
1775797200,2.7675,2.7705,2.7595,2.7605,93,160
1775800800,2.7605,2.7645,2.7545,2.7555,137,160
1775804400,2.7555,2.7565,2.7495000000000003,2.7525,84,160
1775808000,2.7525,2.7584999999999997,2.7485,2.7555,106,150
1775811600,2.7555,2.7655,2.7555,2.7635,152,120
1775815200,2.7635,2.7795,2.7625,2.7705,203,120
1775818800,2.7705,2.7705,2.7605,2.7645,198,120
1775822400,2.7645,2.7664999999999997,2.7565,2.7645,262,120
1775826000,2.7645,2.7664999999999997,2.7555,2.7555,231,90
1775829600,2.7555,2.7664999999999997,2.7335000000000003,2.7355,298,90
1775833200,2.7355,2.7705,2.7235,2.7575,508,90
1775836800,2.7584999999999997,2.7705,2.7325,2.7395,582,90
1775840400,2.7395,2.7775,2.7365,2.7635,539,90
1775844000,2.7635,2.7645,2.7475,2.7495000000000003,438,90
1775847600,2.7495000000000003,2.7715,2.7485,2.7575,345,90
1775851200,2.7575,2.7584999999999997,2.7425,2.7455,238,110
1775854800,2.7455,2.7504999999999997,2.7345,2.7385,309,110
1775858400,2.7385,2.7495000000000003,2.7355,2.7475,112,220
1775862000,2.7475,2.7475,2.7255000000000003,2.7315,71,240
1776045600,2.7735,2.7735,2.7715,2.7715,5,800
1776049200,2.7715,2.7935,2.7664999999999997,2.7755,103,320
1776052800,2.7755,2.7824999999999998,2.7705,2.7785,120,320
1776056400,2.7785,2.7805,2.7744999999999997,2.7785,52,320
1776060000,2.7785,2.7795,2.7655,2.7695,89,320
1776063600,2.7695,2.7695,2.7595,2.7664999999999997,76,320
1776067200,2.7664999999999997,2.7715,2.7625,2.7715,85,320
1776070800,2.7715,2.7744999999999997,2.7615,2.7695,99,240
1776074400,2.7695,2.7775,2.7675,2.7765,116,230
1776078000,2.7765,2.7885,2.7744999999999997,2.7785,139,230
1776081600,2.7785,2.7895,2.7744999999999997,2.7895,130,230
1776085200,2.7895,2.8085,2.7895,2.8075,124,180
1776088800,2.8075,2.8275,2.7935,2.8205,208,160
1776092400,2.8205,2.8265000000000002,2.7904999999999998,2.8064999999999998,340,170
1776096000,2.8064999999999998,2.8135,2.7685,2.7735,491,160
1776099600,2.7735,2.7815,2.7535,2.7555,496,160
1776103200,2.7555,2.7664999999999997,2.7405,2.7465,356,180
1776106800,2.7465,2.7584999999999997,2.7335000000000003,2.7355,614,100
1776110400,2.7355,2.7515,2.7265,2.7415000000000003,442,110
1776114000,2.7415000000000003,2.7425,2.7315,2.7395,378,100
1776117600,2.7395,2.7435,2.7335000000000003,2.7395,151,110
1776121200,2.7395,2.7415000000000003,2.7105,2.7115,93,120
1776128400,2.7405,2.7435,2.7335000000000003,2.7335000000000003,71,220
1776132000,2.7345,2.7385,2.7305,2.7375,71,170
1776135600,2.7375,2.7395,2.7275,2.7305,132,160
1776139200,2.7305,2.7395,2.7305,2.7355,118,160
1776142800,2.7355,2.7365,2.7285,2.7295,91,170
1776146400,2.7295,2.7325,2.7225,2.7265,102,150
1776150000,2.7265,2.7295,2.7205,2.7245,95,160
1776153600,2.7245,2.7255000000000003,2.7185,2.7255000000000003,109,160
1776157200,2.7255000000000003,2.7315,2.7205,2.7285,115,120
1776160800,2.7285,2.7285,2.7105,2.7195,217,120
1776164400,2.7195,2.7295,2.7195,2.7245,198,120
1776168000,2.7245,2.7315,2.7225,2.7285,156,120
1776171600,2.7285,2.7305,2.7235,2.7275,132,100
1776175200,2.7275,2.7345,2.7015000000000002,2.7175000000000002,311,90
1776178800,2.7175000000000002,2.7465,2.7025,2.7425,447,50
1776182400,2.7425,2.7765,2.7265,2.7335000000000003,534,50
1776186000,2.7335000000000003,2.7475,2.7235,2.7305,405,50
1776189600,2.7305,2.7345,2.7005,2.7015000000000002,347,50
1776193200,2.7015000000000002,2.7075,2.6865,2.7005,387,50
1776196800,2.7005,2.7245,2.6945,2.7135,241,60
1776200400,2.7135,2.7315,2.7125,2.7245,234,60
1776204000,2.7245,2.7255000000000003,2.7205,2.7215,91,60
1776207600,2.7215,2.7215,2.6865,2.6865,89,70
1776214800,2.7265,2.7285,2.7125,2.7155,95,220
1776218400,2.7155,2.7185,2.7065,2.7185,96,170
1776222000,2.7205,2.7235,2.7145,2.7185,129,160
1776225600,2.7185,2.7215,2.7145,2.7185,107,160
1776229200,2.7185,2.7235,2.7165,2.7215,102,160
1776232800,2.7215,2.7235,2.7165,2.7165,79,170
1776236400,2.7165,2.7265,2.7155,2.7245,72,170
1776240000,2.7245,2.7275,2.7205,2.7245,81,160
1776243600,2.7245,2.7255000000000003,2.7145,2.7225,122,120
1776247200,2.7225,2.7235,2.7145,2.7155,181,120
1776250800,2.7155,2.7235,2.7135,2.7185,172,120
1776254400,2.7185,2.7255000000000003,2.7175000000000002,2.7175000000000002,141,120
1776258000,2.7175000000000002,2.7205,2.7085,2.7165,212,100
1776261600,2.7165,2.7235,2.6975,2.7165,302,90
1776265200,2.7165,2.7455,2.7155,2.7355,407,50
1776268800,2.7335000000000003,2.7395,2.7095000000000002,2.7205,440,40
1776272400,2.7205,2.7475,2.7095000000000002,2.7365,344,50
1776276000,2.7365,2.7375,2.7135,2.7365,326,50
1776279600,2.7365,2.7385,2.7095000000000002,2.7255000000000003,295,50
1776283200,2.7255000000000003,2.7345,2.7195,2.7325,166,60
1776286800,2.7325,2.7455,2.7215,2.7415000000000003,240,50
1776290400,2.7415000000000003,2.7415000000000003,2.7285,2.7305,84,60
1776294000,2.7315,2.7325,2.7035,2.7035,62,70
1776301200,2.7435,2.7435,2.7105,2.7145,76,120
1776304800,2.7145,2.7185,2.7075,2.7175000000000002,51,320
1776308400,2.7175000000000002,2.7175000000000002,2.7095000000000002,2.7125,82,320
1776312000,2.7125,2.7125,2.7065,2.7095000000000002,83,320
1776315600,2.7095000000000002,2.7135,2.7085,2.7105,78,320
1776319200,2.7105,2.7135,2.7085,2.7105,67,320
1776322800,2.7105,2.7125,2.7075,2.7085,72,320
1776326400,2.7085,2.7095000000000002,2.7035,2.7075,70,320
1776330000,2.7075,2.7145,2.7065,2.7145,83,240
1776333600,2.7145,2.7455,2.7145,2.7395,143,230
1776337200,2.7405,2.7415000000000003,2.7305,2.7305,131,230
1776340800,2.7305,2.7315,2.7235,2.7265,83,240
1776344400,2.7265,2.7295,2.7165,2.7205,108,190
1776348000,2.7205,2.7435,2.7175000000000002,2.7425,207,180
1776351600,2.7425,2.7515,2.7275,2.7335000000000003,352,180
1776355200,2.7335000000000003,2.7705,2.7245,2.7664999999999997,425,90
1776358800,2.7664999999999997,2.7855,2.7565,2.7805,529,90
1776362400,2.7805,2.7815,2.7625,2.7645,365,70
1776366000,2.7645,2.7664999999999997,2.7495000000000003,2.7584999999999997,268,100
1776369600,2.7584999999999997,2.7595,2.7504999999999997,2.7565,189,110
1776373200,2.7565,2.7795,2.7545,2.7795,250,110
1776376800,2.7795,2.7875,2.7785,2.7824999999999998,132,110
1776380400,2.7824999999999998,2.7895,2.7645,2.7655,82,120
1776387600,2.7925,2.7945,2.7735,2.7795,73,230
1776391200,2.7795,2.7885,2.7744999999999997,2.7875,40,330
1776394800,2.7875,2.7895,2.7775,2.7795,98,320
1776398400,2.7795,2.7824999999999998,2.7775,2.7805,74,320
1776402000,2.7805,2.7805,2.7715,2.7795,55,330
1776405600,2.7795,2.7815,2.7715,2.7765,75,310
1776409200,2.7765,2.7824999999999998,2.7725,2.7824999999999998,82,320
1776412800,2.7824999999999998,2.7845,2.7765,2.7824999999999998,71,320
1776416400,2.7824999999999998,2.7945,2.7805,2.7945,96,240
1776420000,2.7945,2.7955,2.7865,2.7915,104,230
1776423600,2.7915,2.7995,2.7904999999999998,2.7925,135,230
1776427200,2.7925,2.7935,2.7805,2.7824999999999998,124,230
1776430800,2.7824999999999998,2.7935,2.7795,2.7904999999999998,140,180
1776434400,2.7904999999999998,2.8105,2.7895,2.8095,192,180
1776438000,2.8095,2.8185000000000002,2.7615,2.7645,710,90
1776441600,2.7635,2.7904999999999998,2.7425,2.7815,892,80
1776445200,2.7815,2.7945,2.7675,2.7935,460,90
1776448800,2.7935,2.8135,2.7915,2.7995,434,80
1776452400,2.7995,2.8115,2.7995,2.8075,319,90
1776456000,2.8075,2.8275,2.8075,2.8225,307,90
1776459600,2.8225,2.8225,2.7895,2.8035,286,110
1776463200,2.8035,2.8055,2.7984999999999998,2.8025,146,110
1776466800,2.8025,2.8055,2.7755,2.7775,86,120
1776646800,2.8115,2.8345000000000002,2.8105,2.8275,96,450
1776650400,2.8255,2.8385,2.8235,2.8385,52,340
1776654000,2.8405,2.8435,2.8355,2.8355,69,320
1776657600,2.8345000000000002,2.8355,2.8285,2.8325,67,330
1776661200,2.8325,2.8345000000000002,2.8285,2.8335,47,330
1776664800,2.8325,2.8345000000000002,2.8285,2.8315,47,330
1776668400,2.8315,2.8415,2.8305,2.8395,61,330
1776672000,2.8385,2.8415,2.8375,2.8395,45,330
1776675600,2.8395,2.8465,2.8385,2.8455,65,250
1776679200,2.8465,2.8465,2.8345000000000002,2.8415,117,240
1776682800,2.8415,2.8465,2.8405,2.8415,90,240
1776686400,2.8405,2.8535,2.8385,2.8525,82,240
1776690000,2.8515,2.8565,2.8515,2.8535,88,190
1776693600,2.8545,2.8645,2.8485,2.8545,193,190
1776697200,2.8545,2.8545,2.8345000000000002,2.8465,322,100
1776700800,2.8475,2.8505000000000003,2.7995,2.8195,666,90
1776704400,2.8185000000000002,2.8305,2.8085,2.8305,429,100
1776708000,2.8295,2.8535,2.8255,2.8495,369,90
1776711600,2.8485,2.8495,2.8315,2.8315,196,100
1776715200,2.8305,2.8325,2.8215,2.8255,183,120
1776718800,2.8255,2.8355,2.8115,2.8145,219,120
1776722400,2.8145,2.8145,2.8095,2.8125,90,120
1776726000,2.8125,2.8125,2.7855,2.7855,47,130
1776733200,2.7865,2.7925,2.7855,2.7904999999999998,68,420
1776736800,2.7895,2.8005,2.7835,2.7995,35,320
1776740400,2.7984999999999998,2.7984999999999998,2.7885,2.7945,75,320
1776744000,2.7935,2.7945,2.7845,2.7935,68,290
1776747600,2.7925,2.7935,2.7855,2.7855,40,330
1776751200,2.7895,2.7975,2.7865,2.7915,61,320
1776754800,2.7925,2.7975,2.7904999999999998,2.7945,55,320
1776758400,2.7935,2.7955,2.7855,2.7904999999999998,70,320
1776762000,2.7904999999999998,2.7925,2.7775,2.7885,86,240
1776765600,2.7875,2.7965,2.7875,2.7935,96,240
1776769200,2.7945,2.8035,2.7945,2.7984999999999998,109,240
1776772800,2.8025,2.8075,2.7965,2.8064999999999998,96,240
1776776400,2.8075,2.8165,2.8025,2.8145,84,190
1776780000,2.8155,2.8215,2.8025,2.8195,215,180
1776783600,2.8195,2.8315,2.8165,2.8245,243,180
1776787200,2.8235,2.8275,2.8025,2.8125,317,180
1776790800,2.8125,2.8455,2.8085,2.8425000000000002,264,180
1776794400,2.8435,2.8485,2.8275,2.8465,216,170
1776798000,2.8455,2.8545,2.8385,2.8435,221,90
1776801600,2.8435,2.8495,2.8305,2.8315,397,100
1776805200,2.8315,2.8445,2.8295,2.8355,388,110
1776808800,2.8355,2.8455,2.8285,2.8405,224,110
1776812400,2.8415,2.8515,2.8195,2.8205,274,230
1776819600,2.8305,2.8325,2.8215,2.8275,70,440
1776823200,2.8285,2.8375,2.8255,2.8375,31,330
1776826800,2.8355,2.8355,2.8235,2.8285,82,320
1776830400,2.8275,2.8275,2.8225,2.8255,63,320
1776834000,2.8265000000000002,2.8355,2.8255,2.8345000000000002,51,320
1776837600,2.8335,2.8635,2.8335,2.8545,153,310
1776841200,2.8555,2.8595,2.8535,2.8585000000000003,68,320
1776844800,2.8585000000000003,2.8625,2.8505000000000003,2.8605,105,320
1776848400,2.8615,2.8625,2.8535,2.8605,81,240
1776852000,2.8605,2.8695,2.8585000000000003,2.8645,82,240
1776855600,2.8635,2.8785,2.8635,2.8775,95,230
1776859200,2.8775,2.8815,2.8715,2.8785,103,210
1776862800,2.8795,2.8815,2.8695,2.8725,107,190
1776866400,2.8715,2.8875,2.8705,2.8834999999999997,227,90
1776870000,2.8834999999999997,2.8955,2.8545,2.8935,476,90
1776873600,2.8935,2.9035,2.8865,2.8925,599,90
1776877200,2.8925,2.9055,2.8815,2.9005,354,90
1776880800,2.9005,2.9145,2.8955,2.9095,268,100
1776884400,2.9095,2.9095,2.8865,2.8875,203,100
1776888000,2.8875,2.8885,2.8615,2.8655,364,90
1776891600,2.8655,2.8735,2.8585000000000003,2.8615,224,110
1776895200,2.8625,2.8655,2.8525,2.8545,101,120
1776898800,2.8555,2.8555,2.8365,2.8375,77,230
1776906000,2.8565,2.8585000000000003,2.8505000000000003,2.8505000000000003,30,460
1776909600,2.8575,2.8635,2.8555,2.8635,36,330
1776913200,2.8625,2.8895,2.8615,2.8645,192,320
1776916800,2.8655,2.8725,2.8605,2.8665000000000003,88,320
1776920400,2.8675,2.8765,2.8645,2.8745000000000003,72,320
1776924000,2.8745000000000003,2.8754999999999997,2.8675,2.8695,64,320
1776927600,2.8685,2.8685,2.8635,2.8655,65,330
1776931200,2.8655,2.8685,2.8625,2.8635,50,320
1776934800,2.8615,2.8735,2.8585000000000003,2.8705,80,240
1776938400,2.8705,2.8754999999999997,2.8645,2.8665000000000003,107,230
1776942000,2.8675,2.8735,2.8635,2.8725,116,240
1776945600,2.8735,2.8775,2.8625,2.8775,86,240
1776949200,2.8765,2.8825,2.8695,2.8785,137,180
1776952800,2.8775,2.8965,2.8745000000000003,2.8845,186,180
1776956400,2.8834999999999997,2.8865,2.8215,2.8295,614,150
1776960000,2.8285,2.8335,2.7965,2.8015,419,180
1776963600,2.8015,2.8125,2.7605,2.7625,489,160
1776967200,2.7615,2.7765,2.7475,2.7525,321,180
1776970800,2.7535,2.7625,2.7285,2.7335000000000003,255,180
1776974400,2.7325,2.7664999999999997,2.7305,2.7495000000000003,490,200
1776978000,2.7485,2.7824999999999998,2.7475,2.7685,396,210
1776981600,2.7695,2.7695,2.7545,2.7545,99,220
1776985200,2.7545,2.7555,2.7345,2.7365,67,230
1776992400,2.7605,2.7635,2.7495000000000003,2.7584999999999997,47,450
1776996000,2.7595,2.7595,2.7485,2.7565,42,330
1776999600,2.7555,2.7615,2.7555,2.7595,61,320
1777003200,2.7605,2.7605,2.7535,2.7555,57,320
1777006800,2.7565,2.7575,2.7485,2.7485,59,320
1777010400,2.7525,2.7525,2.7465,2.7515,48,320
1777014000,2.7515,2.7515,2.7455,2.7485,50,330
1777017600,2.7495000000000003,2.7555,2.7485,2.7525,53,320
1777021200,2.7515,2.7635,2.7485,2.7584999999999997,83,240
1777024800,2.7595,2.7655,2.7504999999999997,2.7584999999999997,88,240
1777028400,2.7595,2.7664999999999997,2.7455,2.7504999999999997,176,230
1777032000,2.7515,2.7545,2.7345,2.7415000000000003,133,230
1777035600,2.7415000000000003,2.7504999999999997,2.7395,2.7465,82,190
1777039200,2.7465,2.7465,2.7135,2.7285,353,180
1777042800,2.7275,2.7545,2.7215,2.7525,396,170
1777046400,2.7525,2.7535,2.7125,2.7155,480,180
1777050000,2.7165,2.7225,2.6965,2.7105,392,180
1777053600,2.7115,2.7205,2.6875,2.6915,345,180
1777057200,2.6915,2.7225,2.6895,2.7175000000000002,287,180
1777060800,2.7185,2.7295,2.7165,2.7255000000000003,217,220
1777064400,2.7255000000000003,2.7305,2.7105,2.7225,205,220
1777068000,2.7235,2.7235,2.7115,2.7195,97,220
1777071600,2.7195,2.7205,2.7005,2.7015000000000002,63,240
1777251600,2.7335000000000003,2.7345,2.7315,2.7315,4,460
1777255200,2.7305,2.7325,2.7205,2.7305,46,330
1777258800,2.7315,2.7385,2.7305,2.7355,65,320
1777262400,2.7345,2.7565,2.7335000000000003,2.7435,80,320
1777266000,2.7435,2.7435,2.7375,2.7415000000000003,58,320
1777269600,2.7405,2.7405,2.7325,2.7355,59,320
1777273200,2.7345,2.7355,2.7285,2.7335000000000003,60,310
1777276800,2.7335000000000003,2.7375,2.7255000000000003,2.7325,59,320
1777280400,2.7325,2.7415000000000003,2.7305,2.7385,74,240
1777284000,2.7375,2.7495000000000003,2.7365,2.7495000000000003,127,230
1777287600,2.7485,2.7555,2.7455,2.7555,86,240
1777291200,2.7545,2.7664999999999997,2.7525,2.7635,104,240
1777294800,2.7635,2.8035,2.7595,2.8015,175,190
1777298400,2.8015,2.8185000000000002,2.7995,2.8145,257,170
1777302000,2.8145,2.8445,2.8025,2.8305,501,160
1777305600,2.8295,2.8475,2.8285,2.8455,453,180
1777309200,2.8455,2.8555,2.8355,2.8425000000000002,330,180
1777312800,2.8425000000000002,2.8545,2.8115,2.8155,297,180
1777316400,2.8145,2.8255,2.8125,2.8175,219,180
1777320000,2.8175,2.8205,2.7955,2.8015,228,210
1777323600,2.8005,2.8095,2.7725,2.7845,239,220
1777327200,2.7845,2.7855,2.7775,2.7775,77,220
1777330800,2.7785,2.7795,2.7605,2.7605,69,230
1777338000,2.7845,2.7855,2.7735,2.7775,39,450
1777341600,2.7785,2.7845,2.7725,2.7845,27,330
1777345200,2.7855,2.7865,2.7695,2.7775,61,320
1777348800,2.7765,2.7845,2.7715,2.7785,65,320
1777352400,2.7785,2.7815,2.7755,2.7785,59,330
1777356000,2.7795,2.7835,2.7725,2.7785,74,320
1777359600,2.7775,2.7805,2.7715,2.7744999999999997,43,330
1777363200,2.7755,2.7835,2.7705,2.7785,71,320
1777366800,2.7795,2.7824999999999998,2.7735,2.7795,81,240
1777370400,2.7785,2.7865,2.7735,2.7775,118,240
1777374000,2.7785,2.7824999999999998,2.7695,2.7735,118,230
1777377600,2.7735,2.7755,2.7635,2.7645,63,240
1777381200,2.7635,2.7645,2.7455,2.7535,128,190
1777384800,2.7525,2.8064999999999998,2.7525,2.7955,370,130
1777388400,2.7945,2.8064999999999998,2.7664999999999997,2.7735,601,170
1777392000,2.7735,2.8035,2.7695,2.7835,724,170
1777395600,2.7835,2.8105,2.7775,2.7885,430,180
1777399200,2.7875,2.7935,2.7735,2.7885,244,180
1777402800,2.7895,2.7895,2.7765,2.7805,174,180
1777406400,2.7795,2.7805,2.7595,2.7605,158,200
1777410000,2.7605,2.7715,2.7395,2.7475,294,220
1777413600,2.7465,2.7535,2.7435,2.7515,98,220
1777417200,2.7525,2.7525,2.7295,2.7305,57,240
1777424400,2.7485,2.7504999999999997,2.7445,2.7495000000000003,43,450
1777428000,2.7495000000000003,2.7565,2.7425,2.7555,27,320
1777431600,2.7555,2.7565,2.7445,2.7475,65,320
1777435200,2.7465,2.7535,2.7455,2.7485,58,320
1777438800,2.7475,2.7495000000000003,2.7375,2.7375,65,320
1777442400,2.7425,2.7435,2.7355,2.7435,54,330
1777446000,2.7435,2.7465,2.7375,2.7455,43,330
1777449600,2.7445,2.7525,2.7425,2.7515,50,320
1777453200,2.7504999999999997,2.7615,2.7475,2.7605,67,240
1777456800,2.7595,2.7645,2.7575,2.7635,86,240
1777460400,2.7635,2.7695,2.7545,2.7545,129,230
1777464000,2.7555,2.7605,2.7525,2.7535,84,230
1777467600,2.7535,2.7535,2.7385,2.7495000000000003,108,180
1777471200,2.7485,2.7485,2.7245,2.7465,269,180
1777474800,2.7455,2.7475,2.7165,2.7175000000000002,323,170
1777478400,2.7165,2.7525,2.6734999999999998,2.7325,354,180
1777482000,2.7335000000000003,2.7375,2.7265,2.7315,231,180
1777485600,2.7305,2.7445,2.7235,2.7325,261,70
1777489200,2.7325,2.7335000000000003,2.7205,2.7205,230,80
1777492800,2.7205,2.7245,2.7015000000000002,2.7015000000000002,245,110
1777496400,2.7015000000000002,2.7145,2.7005,2.7045,91,530
1777500000,2.7045,2.7105,2.7035,2.7035,53,520
1777503600,2.7045,2.7255000000000003,2.7045,2.7085,42,240
1777510800,2.7365,2.7365,2.7165,2.7225,54,440
1777514400,2.7225,2.7275,2.7165,2.7275,37,340
1777518000,2.7265,2.7285,2.7185,2.7235,96,320
1777521600,2.7225,2.7235,2.7135,2.7195,59,320
1777525200,2.7195,2.7275,2.7195,2.7265,68,320
1777528800,2.7265,2.7335000000000003,2.7225,2.7285,69,320
1777532400,2.7285,2.7355,2.7275,2.7345,76,320
1777536000,2.7335000000000003,2.7345,2.7265,2.7315,76,320
1777539600,2.7305,2.7375,2.7235,2.7285,92,240
1777543200,2.7275,2.7285,2.7195,2.7225,103,230
1777546800,2.7225,2.7265,2.7155,2.7225,86,230
1777550400,2.7225,2.7315,2.7135,2.7195,141,230
1777554000,2.7205,2.7225,2.7135,2.7155,110,180
1777557600,2.7165,2.7245,2.6985,2.7005,287,180
1777561200,2.7005,2.7575,2.6895,2.7575,501,170
1777564800,2.7565,2.7695,2.7175000000000002,2.7645,568,100
1777568400,2.7645,2.7984999999999998,2.7584999999999997,2.7755,831,70
1777572000,2.7744999999999997,2.7945,2.7725,2.7915,474,90
1777575600,2.7925,2.8845,2.7865,2.8425000000000002,940,70
1777579200,2.8425000000000002,2.8595,2.8345000000000002,2.8555,555,100
1777582800,2.8545,2.8725,2.8515,2.8585000000000003,386,110
1777586400,2.8585000000000003,2.8585000000000003,2.8475,2.8485,138,110
1777590000,2.8475,2.8535,2.8335,2.8335,74,240
1777597200,2.8455,2.8495,2.8395,2.8465,48,430
1777600800,2.8465,2.8575,2.8445,2.8555,46,330
1777604400,2.8555,2.8665000000000003,2.8535,2.8655,79,320
1777608000,2.8665000000000003,2.8715,2.8645,2.8705,62,320
1777611600,2.8695,2.8715,2.8655,2.8655,58,320
1777615200,2.8675,2.8815,2.8665000000000003,2.8745000000000003,65,320
1777618800,2.8745000000000003,2.8775,2.8715,2.8745000000000003,64,320
1777622400,2.8765,2.8825,2.8754999999999997,2.8815,47,320
1777626000,2.8825,2.9105,2.8825,2.9105,90,240
1777629600,2.9105,2.9105,2.8845,2.8905,184,240
1777633200,2.8914999999999997,2.9005,2.8875,2.9005,120,230
1777636800,2.9015,2.9105,2.8975,2.9055,95,230
1777640400,2.9065,2.9074999999999998,2.8945,2.8985,129,190
1777644000,2.8985,2.9005,2.8695,2.8955,357,140
1777647600,2.8965,2.9205,2.8745000000000003,2.9065,786,170
1777651200,2.9074999999999998,2.9165,2.8745000000000003,2.8825,815,80
1777654800,2.8825,2.8955,2.8595,2.8875,620,80
1777658400,2.8885,2.8925,2.8765,2.8845,354,90
1777662000,2.8834999999999997,2.8885,2.8645,2.8855,478,90
1777665600,2.8865,2.8905,2.8795,2.8805,217,110
1777669200,2.8805,2.8985,2.8785,2.8975,255,110
1777672800,2.8975,2.9045,2.8955,2.8985,113,110
1777676400,2.8985,2.9025,2.8745000000000003,2.8745000000000003,79,120
1777856400,2.9055,2.9225,2.9015,2.9125,54,440
1777860000,2.9145,2.9525,2.9135,2.9495,84,320
1777863600,2.9505,2.9505,2.9375,2.9425,87,320
1777867200,2.9385,2.9455,2.9365,2.9435000000000002,49,330
1777870800,2.9435000000000002,2.9495,2.9395,2.9495,50,320
1777874400,2.9495,2.9495,2.9395,2.9485,57,320
1777878000,2.9495,2.9595000000000002,2.9445,2.9585,63,320
1777881600,2.9575,2.9635,2.9445,2.9545,96,320
1777885200,2.9545,2.9665,2.9505,2.9655,79,240
1777888800,2.9655,2.9705,2.9625,2.9655,92,230
1777892400,2.9665,2.9695,2.9595000000000002,2.9625,99,230
1777896000,2.9615,2.9615,2.9435000000000002,2.9445,92,240
1777899600,2.9455,2.9595000000000002,2.9285,2.9314999999999998,332,180
1777903200,2.9314999999999998,2.9535,2.9225,2.9475,382,90
1777906800,2.9485,2.9485,2.8925,2.9335,653,80
1777910400,2.9355,2.9965,2.9325,2.9805,1016,80
1777914000,2.9805,3.0035,2.9625,2.9955,516,90
1777917600,2.9955,3.0025,2.9805,2.9925,510,80
1777921200,2.9915000000000003,3.0085,2.9825,3.0065,419,90
1777924800,3.0065,3.0095,2.9865,2.9915000000000003,304,110
1777928400,2.9915000000000003,3.0015,2.9815,2.9835000000000003,365,110
1777932000,2.9825,2.9835000000000003,2.9705,2.9745,213,110
1777935600,2.9745,2.9795,2.9545,2.9565,71,120
1777942800,2.9775,2.9775,2.9655,2.9715,45,440
1777946400,2.9705,2.9795,2.9645,2.9795,40,340
1777950000,2.9805,2.9805,2.9655,2.9725,89,320
1777953600,2.9725,2.9775,2.9625,2.9695,64,320
1777957200,2.9685,2.9685,2.9555,2.9605,82,320
1777960800,2.9605,2.9825,2.9585,2.9755000000000003,115,320
1777964400,2.9765,2.9765,2.9625,2.9645,81,320
1777968000,2.9655,2.9675000000000002,2.9575,2.9575,83,320
1777971600,2.9605,2.9775,2.9605,2.9745,124,240
1777975200,2.9745,2.9745,2.9485,2.9585,163,230
1777978800,2.9575,2.9625,2.9525,2.9575,133,230
1777982400,2.9575,2.9735,2.9575,2.9655,123,230
1777986000,2.9665,2.9795,2.9595000000000002,2.9735,158,190
1777989600,2.9725,2.9975,2.9575,2.9605,395,70
1777993200,2.9615,3.0065,2.9595000000000002,2.9675000000000002,822,80
1777996800,2.9685,2.9895,2.9565,2.9565,959,80
1778000400,2.9565,2.9595000000000002,2.9145,2.9325,833,60
1778004000,2.9325,2.9405,2.9125,2.9135,485,90
1778007600,2.9135,2.9325,2.9125,2.9305,362,90
1778011200,2.9305,2.9425,2.9275,2.9314999999999998,285,100
1778014800,2.9314999999999998,2.9345,2.9165,2.9314999999999998,313,110
1778018400,2.9314999999999998,2.9335,2.9015,2.9065,157,80
1778022000,2.9074999999999998,2.9145,2.8815,2.8815,110,120
1778029200,2.9165,2.9175,2.9015,2.9074999999999998,71,440
1778032800,2.9074999999999998,2.9135,2.8994999999999997,2.9105,60,330
1778036400,2.9095,2.9195,2.9095,2.9195,90,320
1778040000,2.9185,2.9195,2.9035,2.9105,108,320
1778043600,2.9095,2.9165,2.9025,2.9145,50,320
1778047200,2.9154999999999998,2.9175,2.9095,2.9165,55,320
1778050800,2.9175,2.9185,2.9115,2.9154999999999998,50,330
1778054400,2.9165,2.9215,2.9115,2.9195,59,320
1778058000,2.9185,2.9295,2.9125,2.9295,95,240
1778061600,2.9314999999999998,2.9314999999999998,2.8985,2.9035,192,230
1778065200,2.9025,2.9215,2.8765,2.8795,396,230
1778068800,2.8795,2.9025,2.8735,2.8935,335,230
1778072400,2.8935,2.9065,2.8555,2.8625,488,180
1778076000,2.8615,2.8725,2.8475,2.8695,565,180
1778079600,2.8705,2.9035,2.8675,2.8845,708,170
1778083200,2.8834999999999997,2.8865,2.8385,2.8435,585,160
1778086800,2.8425000000000002,2.8725,2.8385,2.8595,424,170
1778090400,2.8605,2.8625,2.8425000000000002,2.8615,316,90
1778094000,2.8615,2.8825,2.8545,2.8775,312,100
1778097600,2.8785,2.8785,2.8645,2.8735,205,110
1778101200,2.8735,2.8834999999999997,2.8675,2.8705,290,110
1778104800,2.8705,2.8715,2.8645,2.8665000000000003,118,110
1778108400,2.8665000000000003,2.8685,2.8435,2.8445,87,120
1778115600,2.8625,2.8675,2.8575,2.8655,41,450
1778119200,2.8655,2.8665000000000003,2.8565,2.8665000000000003,34,330
1778122800,2.8675,2.8745000000000003,2.8665000000000003,2.8745000000000003,58,330
1778126400,2.8735,2.8735,2.8685,2.8705,59,320
1778130000,2.8705,2.8705,2.8635,2.8665000000000003,54,320
1778133600,2.8665000000000003,2.8754999999999997,2.8665000000000003,2.8735,47,320
1778137200,2.8735,2.8775,2.8695,2.8735,49,320
1778140800,2.8745000000000003,2.8754999999999997,2.8695,2.8695,53,330
1778144400,2.8705,2.8705,2.8545,2.8635,95,240
1778148000,2.8625,2.8675,2.8485,2.8635,176,230
1778151600,2.8615,2.8725,2.8605,2.8705,139,230
1778155200,2.8695,2.8775,2.8675,2.8775,112,240
1778158800,2.8785,2.8825,2.8745000000000003,2.8795,118,180
1778162400,2.8785,2.8795,2.8505000000000003,2.8525,211,170
1778166000,2.8535,2.8754999999999997,2.8365,2.8425000000000002,533,160
1778169600,2.8435,2.8745000000000003,2.8405,2.8445,747,40
1778173200,2.8435,2.9495,2.8425000000000002,2.9435000000000002,1274,30
1778176800,2.9435000000000002,2.9525,2.9295,2.9375,752,30
1778180400,2.9375,2.9605,2.9314999999999998,2.9335,544,40
1778184000,2.9325,2.9415,2.9185,2.9255,548,60
1778187600,2.9245,2.9255,2.9015,2.9195,600,50
1778191200,2.9175,2.9355,2.9165,2.9314999999999998,279,50
1778194800,2.9314999999999998,2.9425,2.9074999999999998,2.9095,237,60
1778202000,2.9275,2.9314999999999998,2.9205,2.9314999999999998,67,430
1778205600,2.9295,2.9375,2.9295,2.9375,35,330
1778209200,2.9385,2.9425,2.9345,2.9405,66,310
1778212800,2.9385,2.9395,2.9314999999999998,2.9365,75,320
1778216400,2.9365,2.9405,2.9275,2.9314999999999998,70,320
1778220000,2.9325,2.9325,2.9225,2.9265,40,330
1778223600,2.9275,2.9314999999999998,2.9215,2.9225,62,320
1778227200,2.9215,2.9314999999999998,2.9215,2.9305,63,320
1778230800,2.9314999999999998,2.9345,2.9225,2.9345,80,250
1778234400,2.9335,2.9435000000000002,2.9285,2.9425,113,230
1778238000,2.9415,2.9735,2.9415,2.9575,204,230
1778241600,2.9585,2.9695,2.9565,2.9695,126,220
1778245200,2.9715,2.9805,2.9565,2.9775,207,180
1778248800,2.9775,2.9775,2.9265,2.9485,355,170
1778252400,2.9495,2.9605,2.9295,2.9515000000000002,604,170
1778256000,2.9515000000000002,2.9925,2.9475,2.9695,754,160
1778259600,2.9705,2.9875,2.9595000000000002,2.9735,333,180
1778263200,2.9725,2.9785,2.9455,2.9555,325,170
1778266800,2.9535,2.9555,2.9285,2.9314999999999998,208,180
1778270400,2.9305,2.9305,2.8985,2.9015,308,210
1778274000,2.9015,2.9095,2.8914999999999997,2.9005,256,210
1778277600,2.8985,2.9045,2.8965,2.9035,81,220
1778281200,2.9035,2.9045,2.8855,2.8855,72,240
1778461200,2.9375,2.9445,2.9255,2.9435000000000002,70,440
1778464800,2.9445,2.9625,2.9445,2.9625,52,340
1778468400,2.9595000000000002,2.9825,2.9575,2.9795,124,320
1778472000,2.9775,2.9835000000000003,2.9745,2.9805,79,320
1778475600,2.9795,2.9865,2.9775,2.9825,62,320
1778479200,2.9825,2.9835000000000003,2.9625,2.9665,89,310
1778482800,2.9665,2.9695,2.9595000000000002,2.9655,63,330
1778486400,2.9645,2.9655,2.9615,2.9625,45,330
1778490000,2.9605,2.9605,2.9505,2.9585,78,250
1778493600,2.9595000000000002,2.9735,2.9585,2.9725,96,230
1778497200,2.9725,2.9735,2.9555,2.9565,120,240
1778500800,2.9575,2.9585,2.9495,2.9545,79,240
1778504400,2.9545,2.9765,2.9465,2.9715,154,180
1778508000,2.9685,3.0085,2.9635,3.0025,404,40
1778511600,3.0025,3.0115,2.9865,2.9975,590,20
1778515200,2.9965,3.0235,2.9915000000000003,3.0155,800,40
1778518800,3.0155,3.0375,3.0155,3.0375,353,50
1778522400,3.0365,3.0615,3.0305,3.0435,490,40
1778526000,3.0435,3.0525,3.0395,3.0505,289,50
1778529600,3.0505,3.0655,3.0475,3.0615,161,50
1778533200,3.0615,3.0715,3.0455,3.0705,348,60
1778536800,3.0705,3.0735,3.0605,3.0625,120,60
1778540400,3.0615,3.0825,3.0455,3.0495,165,60
1778547600,3.0805,3.0805,3.0695,3.0765,88,110
1778551200,3.0765,3.0825,3.0765,3.0785,62,90
1778554800,3.0795,3.0875,3.0765,3.0795,133,90
1778558400,3.0785,3.0825,3.0745,3.0765,107,90
1778562000,3.0755,3.0795,3.0745,3.0765,48,90
1778565600,3.0765,3.0845,3.0735,3.0815,75,90
1778569200,3.0825,3.0895,3.0785,3.0895,106,90
1778572800,3.0885,3.0925,3.0835,3.0855,123,80
1778576400,3.0865,3.0955,3.0835,3.0855,171,70
1778580000,3.0865,3.0905,3.0795,3.0815,149,50
1778583600,3.0815,3.0845,3.0785,3.0795,112,70
1778587200,3.0805,3.0845,3.0715,3.0805,141,50
1778590800,3.0795,3.0855,3.0735,3.0755,165,50
1778594400,3.0765,3.0815,3.0485,3.0505,423,40
1778598000,3.0515,3.0565,3.0215,3.0215,689,40
1778601600,3.0215,3.0375,2.9945,2.9975,747,30
1778605200,2.9975,3.0045,2.9855,3.0035,477,40
1778608800,3.0025,3.0065,2.9775,2.9785,389,50
1778612400,2.9785,2.9865,2.9675000000000002,2.9735,271,50
1778616000,2.9725,2.9955,2.9655,2.9955,283,50
1778619600,2.9955,3.0055,2.9885,2.9895,417,50
1778623200,2.9895,2.9955,2.9875,2.9905,103,50
1778626800,2.9905,2.9915000000000003,2.9625,2.9635,69,70
1778634000,2.9795,2.9805,2.9725,2.9765,38,450
1778637600,2.9775,2.9875,2.9715,2.9855,36,330
1778641200,2.9835000000000003,2.9865,2.9785,2.9825,63,320
1778644800,2.9825,2.9825,2.9745,2.9795,63,320
1778648400,2.9785,2.9805,2.9765,2.9765,55,330
1778652000,2.9775,2.9785,2.9725,2.9765,46,330
1778655600,2.9775,2.9845,2.9775,2.9785,64,330
1778659200,2.9775,2.9835000000000003,2.9725,2.9825,64,320
1778662800,2.9805,2.9885,2.9785,2.9865,78,240
1778666400,2.9855,2.9905,2.9825,2.9855,78,240
1778670000,2.9845,2.9875,2.9805,2.9875,88,240
1778673600,2.9875,2.9925,2.9795,2.9795,94,240
1778677200,2.9795,2.9905,2.9575,2.9645,169,170
1778680800,2.9655,2.9875,2.9635,2.9795,229,170
1778684400,2.9785,3.0615,2.9695,3.0605,682,180
1778688000,3.0615,3.0635,3.0245,3.0305,560,170
1778691600,3.0315,3.0345,3.0115,3.0175,243,180
1778695200,3.0175,3.0325,3.0135,3.0205,233,180
1778698800,3.0195,3.0235,2.9945,3.0115,294,90
1778702400,3.0125,3.0265,3.0115,3.0215,251,100
1778706000,3.0215,3.0215,3.0065,3.0135,229,110
1778709600,3.0125,3.0145,2.9995000000000003,3.0085,137,100
1778713200,3.0085,3.0145,2.9875,2.9915000000000003,85,120
1778720400,3.0085,3.0165,3.0085,3.0165,45,440
1778724000,3.0165,3.0255,3.0165,3.0255,46,340
1778727600,3.0245,3.0285,3.0225,3.0265,57,320
1778731200,3.0275,3.0315,3.0245,3.0275,66,320
1778734800,3.0275,3.0275,3.0165,3.0185,55,320
1778738400,3.0195,3.0205,3.0125,3.0205,67,320
1778742000,3.0195,3.0305,3.0165,3.0305,52,330
1778745600,3.0315,3.0485,3.0315,3.0375,86,310
1778749200,3.0375,3.0415,3.0295,3.0415,103,240
1778752800,3.0425,3.0475,3.0365,3.0455,98,230
1778756400,3.0445,3.0455,3.0255,3.0255,114,230
1778760000,3.0255,3.0345,3.0225,3.0285,120,230
1778763600,3.0295,3.0295,2.9955,3.0085,189,180
1778767200,3.0085,3.0185,2.9955,2.9965,323,50
1778770800,2.9965,3.0185,2.9895,2.9945,656,30
1778774400,2.9935,3.0025,2.9695,2.9765,654,20
1778778000,2.9755000000000003,3.0335,2.9715,3.0255,868,30
1778781600,3.0255,3.0595,3.0225,3.0565,410,30
1778785200,3.0565,3.0785,3.0465,3.0685000000000002,401,40
1778788800,3.0675,3.0735,3.0525,3.0575,281,60
1778792400,3.0585,3.0795,3.0505,3.0795,323,50
1778796000,3.0795,3.0795,3.0585,3.0615,119,60
1778799600,3.0615,3.0775,3.0495,3.0505,83,60
1778806800,3.0915,3.0945,3.0655,3.0735,87,110
1778810400,3.0745,3.0825,3.0655,3.0785,37,340
1778814000,3.0845,3.0895,3.0785,3.0805,65,310
1778817600,3.0805,3.0965,3.0795,3.0955,73,320
1778821200,3.0955,3.0965,3.0845,3.0885,62,330
1778824800,3.0885,3.0895,3.0765,3.0795,73,320
1778828400,3.0795,3.0815,3.0735,3.0755,54,320
1778832000,3.0755,3.0805,3.0725,3.0785,76,320
1778835600,3.0785,3.0865,3.0725,3.0855,71,240
1778839200,3.0865,3.0975,3.0865,3.0915,92,230
1778842800,3.0925,3.1025,3.0875,3.0875,135,240
1778846400,3.0855,3.0855,3.0665,3.0675,124,230
1778850000,3.0685000000000002,3.0745,3.0595,3.0725,198,180
1778853600,3.0725,3.1005,3.0585,3.0745,407,140
1778857200,3.0745,3.1215,3.0675,3.0965,693,160
1778860800,3.0965,3.1165,3.0865,3.0965,563,170
1778864400,3.0875,3.1095,3.0605,3.1025,296,170
1778868000,3.1025,3.1125,3.0925,3.1085,259,30
1778871600,3.1085,3.1195,3.0955,3.1115,342,50
1778875200,3.1105,3.1125,3.0945,3.0975,265,50
1778878800,3.0965,3.1125,3.0935,3.1105,271,60
1778882400,3.1105,3.1145,3.1065,3.1095,99,60
1778886000,3.1095,3.1095,3.0725,3.0735,51,70
1779066000,3.1195,3.1215,3.0965,3.1175,88,450
1779069600,3.1175,3.1565,3.1175,3.1545,78,330
1779073200,3.1525,3.1595,3.1455,3.1585,112,330
1779076800,3.1585,3.1765,3.1585,3.1705,87,330
1779080400,3.1695,3.1734999999999998,3.1635,3.1655,57,330
1779084000,3.1655,3.1655,3.1525,3.1605,79,320
1779087600,3.1595,3.1705,3.1555,3.1695,60,330
1779091200,3.1695,3.1695,3.1625,3.1665,54,330
1779094800,3.1655,3.1835,3.1625,3.1825,96,250
1779098400,3.1825,3.1825,3.1734999999999998,3.1785,102,240
1779102000,3.1765,3.1855,3.1734999999999998,3.1855,91,240
1779105600,3.1855,3.1925,3.1805,3.1915,80,240
1779109200,3.1905,3.2015000000000002,3.1865,3.2015000000000002,102,190
1779112800,3.2015000000000002,3.2015000000000002,3.1575,3.1765,361,190
1779116400,3.1775,3.2155,3.1565,3.1695,645,180
1779120000,3.1695,3.1845,3.1245,3.1315,794,40
1779123600,3.1325,3.1645,3.1315,3.1535,449,50
1779127200,3.1525,3.1665,3.1395,3.1665,387,30
1779130800,3.1655,3.1805,3.1585,3.1765,283,50
1779134400,3.1755,3.1915,3.1755,3.1885,267,60
1779138000,3.1885,3.1885,3.1705,3.1765,290,70
1779141600,3.1755,3.1785,3.1645,3.1775,229,60
1779145200,3.1765,3.1775,3.1465,3.1465,76,70
1779152400,3.1665,3.1695,3.1575,3.1625,43,460
1779156000,3.1625,3.1745,3.1575,3.1745,42,330
1779159600,3.1755,3.1835,3.1725,3.1775,57,330
1779163200,3.1785,3.1795,3.1705,3.1705,56,330
1779166800,3.1715,3.1745,3.1655,3.1734999999999998,48,330
1779170400,3.1734999999999998,3.1775,3.1665,3.1725,62,330
1779174000,3.1734999999999998,3.1734999999999998,3.1625,3.1675,59,330
1779177600,3.1685,3.1715,3.1635,3.1695,49,330
1779181200,3.1695,3.1734999999999998,3.1625,3.1665,97,240
1779184800,3.1675,3.1755,3.1655,3.1695,92,240
1779188400,3.1695,3.1985,3.1695,3.1975,117,240
1779192000,3.1985,3.2115,3.1975,3.2035,116,240
1779195600,3.2045,3.2045,3.1865,3.1935000000000002,158,190
1779199200,3.1945,3.2495,3.1945,3.2355,338,50
1779202800,3.2365,3.2405,3.2055,3.2175,650,40
1779206400,3.2165,3.2465,3.1985,3.2385,803,50
1779210000,3.2395,3.2575,3.2245,3.2465,446,40
1779213600,3.2475,3.2645,3.2375,3.2445,421,40
1779217200,3.2455,3.2555,3.2425,3.2555,205,50
1779220800,3.2555,3.2785,3.2545,3.2735,376,60
1779224400,3.2735,3.2915,3.2705,3.2904999999999998,329,60
1779228000,3.2915,3.2955,3.2824999999999998,3.2845,156,60
1779231600,3.2845,3.2875,3.2525,3.2555,77,70
1779238800,3.2635,3.2645,3.2565,3.2565,34,450
1779242400,3.2615,3.2675,3.2555,3.2675,20,340
1779246000,3.2635,3.2675,3.2585,3.2615,55,330
1779249600,3.2615,3.2695,3.2595,3.2615,63,330
1779253200,3.2615,3.2655,3.2525,3.2585,45,320
1779256800,3.2545,3.2645,3.2545,3.2625,61,320
1779260400,3.2615,3.2685,3.2575,3.2665,61,330
1779264000,3.2655,3.2685,3.2635,3.2665,53,330
1779267600,3.2655,3.2695,3.2575,3.2615,74,250
1779271200,3.2625,3.2645,3.2535,3.2575,97,240
1779274800,3.2565,3.2585,3.2435,3.2495,85,240
1779278400,3.2495,3.2565,3.2465,3.2465,69,240
1779282000,3.2485,3.2565,3.2445,3.2545,121,190
1779285600,3.2545,3.3005,3.2545,3.2904999999999998,280,150
1779289200,3.2904999999999998,3.2904999999999998,3.2285,3.2325,680,50
1779292800,3.2335,3.2485,3.2135,3.2475,687,30
1779296400,3.2475,3.2515,3.1775,3.1785,718,50
1779300000,3.1795,3.1905,3.1685,3.1795,537,40
1779303600,3.1805,3.1925,3.1625,3.1685,421,40
1779307200,3.1685,3.1745,3.1595,3.1645,336,60
1779310800,3.1655,3.2125,3.1395,3.1835,724,60
1779314400,3.1835,3.1835,3.1685,3.1715,244,50
1779318000,3.1715,3.1715,3.1385,3.1425,89,70
1779325200,3.1605,3.1715,3.1605,3.1705,61,130
1779328800,3.1715,3.1785,3.1645,3.1755,86,90
1779332400,3.1755,3.1814999999999998,3.1695,3.1755,90,80
1779336000,3.1745,3.1765,3.1685,3.1705,88,90
1779339600,3.1725,3.1775,3.1675,3.1765,51,90
1779343200,3.1765,3.1775,3.1695,3.1695,75,90
1779346800,3.1705,3.1734999999999998,3.1685,3.1695,66,90
1779350400,3.1695,3.1845,3.1655,3.1745,116,90
1779354000,3.1745,3.1795,3.1705,3.1775,127,70
1779357600,3.1775,3.1885,3.1765,3.1875,135,70
1779361200,3.1875,3.1905,3.1595,3.1655,262,60
1779364800,3.1665,3.1705,3.1575,3.1595,164,60
1779368400,3.1585,3.1875,3.1545,3.1805,340,30
1779372000,3.1805,3.1805,3.1545,3.1615,442,30
1779375600,3.1615,3.1795,3.1325,3.1595,735,20
1779379200,3.1605,3.2015000000000002,3.1385,3.1485,989,30
1779382800,3.1495,3.1745,3.1265,3.1745,832,40
1779386400,3.1755,3.2065,3.1725,3.1915,576,40
1779390000,3.1925,3.1955,3.1575,3.1605,375,40
1779393600,3.1595,3.1635,3.1355,3.1525,548,50
1779397200,3.1525,3.1625,3.1345,3.1435,444,60
1779400800,3.1415,3.1465,3.1295,3.1305,215,70
1779404400,3.1295,3.1315,3.1025,3.1055,91,60
1779411600,3.1335,3.1355,3.1285,3.1335,59,120
1779415200,3.1335,3.1375,3.1275,3.1305,42,130
1779418800,3.1305,3.1355,3.1245,3.1255,71,170
1779422400,3.1255,3.1315,3.1175,3.1295,82,170
1779426000,3.1285,3.1335,3.1275,3.1315,67,170
1779429600,3.1315,3.1355,3.1285,3.1305,89,170
1779433200,3.1305,3.1365,3.1285,3.1365,52,170
1779436800,3.1365,3.1405,3.1345,3.1395,77,170
1779440400,3.1405,3.1435,3.1375,3.1385,83,130
1779444000,3.1385,3.1425,3.1335,3.1405,112,130
1779447600,3.1405,3.1455,3.1335,3.1345,138,120
1779451200,3.1355,3.1445,3.1315,3.1425,119,130
1779454800,3.1415,3.1415,3.1255,3.1315,101,100
1779458400,3.1315,3.1485,3.1125,3.1135,304,90
1779462000,3.1135,3.1165,3.0705,3.0705,464,40
1779465600,3.0705,3.0895,3.0625,3.0735,640,40
1779469200,3.0745,3.0935,3.0585,3.0605,483,50
1779472800,3.0595,3.0615,3.0305,3.0335,398,40
1779476400,3.0335,3.0365,3.0195,3.0215,251,50
1779480000,3.0205,3.0365,3.0195,3.0255,321,60
1779483600,3.0265,3.0335,3.0085,3.0155,260,70
1779487200,3.0145,3.0175,3.0125,3.0165,65,220
1779490800,3.0165,3.0175,2.9985,3.0065,45,250
1779674400,2.9735,2.9755000000000003,2.9725,2.9755000000000003,6,810
1779678000,2.9765,2.9775,2.9635,2.9645,54,810
1779681600,2.9755000000000003,2.9805,2.9645,2.9775,42,810
1779685200,2.9785,2.9795,2.9665,2.9755000000000003,33,810
1779688800,2.9755000000000003,2.9755000000000003,2.9535,2.9595000000000002,58,790
1779692400,2.9585,2.9675000000000002,2.9525,2.9615,52,810
1779696000,2.9605,2.9655,2.9495,2.9635,45,810
1779699600,2.9655,2.9875,2.9595000000000002,2.9875,66,590
1779703200,2.9875,2.9945,2.9805,2.9835000000000003,73,580
1779706800,2.9825,2.9845,2.9715,2.9785,57,590
1779710400,2.9795,2.9875,2.9675000000000002,2.9835000000000003,59,590
1779714000,2.9845,2.9965,2.9785,2.9905,52,460
1779717600,2.9975,3.0075,2.9895,3.0035,81,450
1779721200,3.0045,3.0605,3.0045,3.0585,117,440
1779724800,3.0605,3.0765,3.0485,3.0505,136,450
1779728400,3.0505,3.0595,3.0355,3.0365,77,440
1779732000,3.0355,3.0425,3.0265,3.0295,90,460
1779735600,3.0235,3.0355,3.0155,3.0155,62,460
1779739200,3.0125,3.0245,3.0045,3.0205,68,530
1779742800,3.0205,3.0235,3.0155,3.0235,12,540
1779757200,3.0205,3.0225,3.0125,3.0215,24,460
1779760800,3.0155,3.0295,3.0155,3.0265,32,330
1779764400,3.0255,3.0495,3.0255,3.0425,96,320
1779768000,3.0425,3.0535,3.0425,3.0475,77,320
1779771600,3.0485,3.0535,3.0455,3.0515,58,330
1779775200,3.0505,3.0525,3.0405,3.0495,54,320
1779778800,3.0515,3.0535,3.0425,3.0445,56,320
1779782400,3.0455,3.0515,3.0425,3.0485,67,330
1779786000,3.0495,3.0655,3.0455,3.0645,96,250
1779789600,3.0655,3.0925,3.0645,3.0895,216,230
1779793200,3.0885,3.0975,3.0835,3.0925,115,240
1779796800,3.0925,3.0955,3.0865,3.0915,77,240
1779800400,3.0925,3.0925,3.0575,3.0615,127,190
1779804000,3.0655,3.0725,3.0495,3.0565,262,170
1779807600,3.0555,3.0835,3.0495,3.0585,481,50
1779811200,3.0595,3.0985,3.0595,3.0905,570,40
1779814800,3.0915,3.0925,3.0625,3.0645,463,30
1779818400,3.0655,3.0685000000000002,3.0515,3.0645,254,40
1779822000,3.0635,3.0635,3.0515,3.0575,191,40
1779825600,3.0565,3.0565,3.0315,3.0335,262,60
1779829200,3.0325,3.0455,3.0045,3.0185,367,60
1779832800,3.0175,3.0215,3.0125,3.0165,150,60
1779836400,3.0165,3.0175,2.9805,2.9825,56,70
1779843600,3.0125,3.0145,3.0025,3.0085,47,120
1779847200,3.0095,3.0165,3.0075,3.0145,34,170
1779850800,3.0155,3.0155,3.0055,3.0085,69,170
1779854400,3.0085,3.0095,2.9985,2.9985,93,170
1779858000,2.9975,2.9975,2.9915000000000003,2.9925,69,170
1779861600,2.9925,3.0035,2.9915000000000003,2.9975,88,170
1779865200,2.9965,2.9985,2.9895,2.9935,57,160
1779868800,2.9935,2.9995000000000003,2.9935,2.9975,64,170
1779872400,2.9965,2.9985,2.9925,2.9975,91,130
1779876000,2.9965,2.9975,2.9875,2.9875,97,130
1779879600,2.9885,2.9895,2.9785,2.9835000000000003,89,130
1779883200,2.9845,2.9925,2.9835000000000003,2.9905,105,130
1779886800,2.9915000000000003,3.0295,2.9915000000000003,3.0295,204,100
1779890400,3.0305,3.0745,3.0285,3.0645,364,90
1779894000,3.0635,3.0785,3.0285,3.0285,778,80
1779897600,3.0285,3.0815,3.0275,3.0785,573,40
1779901200,3.0785,3.0955,3.0745,3.0865,438,40
1779904800,3.0875,3.1215,3.0775,3.1195,501,10
1779908400,3.1195,3.1365,3.1185,3.1325,284,50
1779912000,3.1325,3.1505,3.1175,3.1495,405,50
1779915600,3.1495,3.1525,3.0915,3.0965,585,60
1779919200,3.0975,3.1005,3.0835,3.0895,152,60
1779922800,3.0895,3.0935,3.0625,3.0635,69,70
1779930000,3.0875,3.0875,3.0595,3.0665,28,130
1779933600,3.0605,3.0855,3.0605,3.0825,36,90
1779937200,3.0825,3.0885,3.0825,3.0835,78,90
1779940800,3.0825,3.0865,3.0765,3.0775,79,90
1779944400,3.0765,3.0845,3.0765,3.0835,73,90
1779948000,3.0835,3.0895,3.0825,3.0845,70,90
1779951600,3.0835,3.0885,3.0815,3.0815,85,90
1779955200,3.0815,3.0825,3.0745,3.0765,79,90
1779958800,3.0765,3.0785,3.0705,3.0735,84,70
1779962400,3.0735,3.0795,3.0705,3.0775,97,70
1779966000,3.0775,3.0775,3.0705,3.0705,92,70
1779969600,3.0695,3.0715,3.0625,3.0665,91,70
1779973200,3.0655,3.0865,3.0655,3.0855,141,60
1779976800,3.0845,3.1165,3.0795,3.1105,286,40
1779980400,3.1105,3.1195,3.0675,3.0825,598,40
1779984000,3.0825,3.1655,3.0775,3.1645,722,50
1779987600,3.1655,3.2235,3.1415,3.2165,550,30
1779991200,3.2175,3.2765,3.2165,3.2725,530,180
1779994800,3.2735,3.2835,3.2505,3.2625,618,40
1779998400,3.2635,3.2805,3.2635,3.2675,336,60
1780002000,3.2675,3.2975,3.2585,3.2904999999999998,607,40
1780005600,3.2904999999999998,3.2995,3.2865,3.2904999999999998,178,60
1780009200,3.2904999999999998,3.3095,3.2805,3.2805,106,70
1780016400,3.3155,3.3185000000000002,3.2975,3.2995,111,120
1780020000,3.2995,3.3025,3.2904999999999998,3.2955,65,90
1780023600,3.2945,3.3005,3.2885,3.2955,114,90
1780027200,3.2945,3.3075,3.2945,3.3015,111,90
1780030800,3.3005,3.3085,3.2995,3.3064999999999998,62,90
1780034400,3.3064999999999998,3.3115,3.2965,3.3015,159,90
1780038000,3.3025,3.3085,3.3005,3.3045,136,90
1780041600,3.3064999999999998,3.3075,3.2975,3.2984999999999998,83,90
1780045200,3.2965,3.3245,3.2935,3.3075,265,70
1780048800,3.3064999999999998,3.3385,3.3025,3.3175,286,60
1780052400,3.3175,3.3405,3.3165,3.3365,184,60
1780056000,3.3375,3.3465,3.3155,3.3275,341,60
1780059600,3.3265000000000002,3.3475,3.3125,3.3435,286,50
1780063200,3.3435,3.3645,3.3215,3.3475,491,30
1780066800,3.3475,3.3945,3.3225,3.3875,1008,30
1780070400,3.3905,3.3945,3.3475,3.3615,909,20
1780074000,3.3615,3.3785,3.3165,3.3285,747,30
1780077600,3.3275,3.3535,3.3025,3.3505,556,40
1780081200,3.3505,3.3535,3.3315,3.3335,324,30
1780084800,3.3315,3.3395,3.3165,3.3215,364,60
1780088400,3.3225,3.3225,3.2835,3.2855,577,50
1780092000,3.2845,3.2975,3.2824999999999998,3.2965,181,60
1780095600,3.2975,3.2975,3.2555,3.2595,110,70
1780275600,3.3335,3.3455,3.3155,3.3155,91,460
1780279200,3.3145,3.3365,3.3145,3.3365,63,330
1780282800,3.3355,3.3435,3.3245,3.3435,79,320
1780286400,3.3435,3.3705,3.3435,3.3605,130,330
1780290000,3.3625,3.3645,3.3515,3.3625,90,170
1780293600,3.3615,3.3725,3.3505,3.3665,151,170
1780297200,3.3665,3.3835,3.3555,3.3565,129,170
1780300800,3.3575,3.3725,3.3495,3.3695,114,160
1780304400,3.3695,3.3835,3.3675,3.3775,154,130
1780308000,3.3785,3.3985,3.3735,3.3845,189,110
1780311600,3.3845,3.3855,3.3595,3.3625,138,120
1780315200,3.3625,3.3685,3.3465,3.3535,143,130
1780318800,3.3565,3.3705,3.3395,3.3465,242,100
1780322400,3.3465,3.3515,3.3185000000000002,3.3295,344,90
1780326000,3.3265000000000002,3.3275,3.2155,3.2225,1072,70
1780329600,3.2215,3.2295,3.1855,3.2005,1065,30
1780333200,3.2005,3.2265,3.1865,3.2035,587,30
1780336800,3.2025,3.2035,3.1785,3.1895,476,40
1780340400,3.1885,3.2205,3.1865,3.2045,409,30
1780344000,3.2035,3.2045,3.1715,3.1795,547,60
1780347600,3.1785,3.1945,3.1765,3.1925,319,50
1780351200,3.1905,3.1945,3.1795,3.1915,127,60
1780354800,3.1925,3.1995,3.1695,3.1695,77,70
1780362000,3.1814999999999998,3.1865,3.1725,3.1765,59,450
1780365600,3.1755,3.1765,3.1685,3.1725,42,330
1780369200,3.1725,3.1895,3.1685,3.1814999999999998,97,320
1780372800,3.1805,3.1915,3.1785,3.1915,85,320
1780376400,3.1915,3.1975,3.1885,3.1935000000000002,61,330
1780380000,3.1915,3.1965,3.1855,3.1885,61,330
1780383600,3.1875,3.1905,3.1814999999999998,3.1845,60,330
1780387200,3.1865,3.1865,3.1645,3.1755,94,320
1780390800,3.1734999999999998,3.1905,3.1625,3.1865,122,240
1780394400,3.1855,3.2155,3.1814999999999998,3.2105,189,240
1780398000,3.2115,3.2245,3.2035,3.2245,146,240
1780401600,3.2235,3.2295,3.1955,3.1995,153,230
1780405200,3.1985,3.1995,3.1785,3.1925,223,190
1780408800,3.1915,3.2175,3.1795,3.1975,475,180
1780412400,3.1955,3.2125,3.1325,3.1385,849,30
1780416000,3.1375,3.1695,3.1125,3.1635,759,40
1780419600,3.1635,3.1885,3.1605,3.1645,476,50
1780423200,3.1655,3.1665,3.1465,3.1585,340,50
1780426800,3.1575,3.1705,3.1475,3.1685,309,30
1780430400,3.1685,3.1745,3.1575,3.1635,281,60
1780434000,3.1625,3.1825,3.1545,3.1695,375,50
1780437600,3.1685,3.1765,3.1665,3.1734999999999998,83,60
1780441200,3.1734999999999998,3.1775,3.1475,3.1495,60,70
1780448400,3.1805,3.1814999999999998,3.1705,3.1734999999999998,54,120
1780452000,3.1725,3.1825,3.1725,3.1745,79,100
1780455600,3.1745,3.1845,3.1705,3.1785,86,90
1780459200,3.1785,3.1805,3.1715,3.1734999999999998,73,90
1780462800,3.1734999999999998,3.1755,3.1685,3.1715,64,90
1780466400,3.1715,3.1765,3.1685,3.1765,58,90
1780470000,3.1775,3.1785,3.1675,3.1685,54,90
1780473600,3.1675,3.1734999999999998,3.1615,3.1695,79,90
1780477200,3.1685,3.1705,3.1615,3.1645,103,70
1780480800,3.1645,3.2135,3.1635,3.2095,316,50
1780484400,3.2085,3.2415,3.2075,3.2405,225,60
1780488000,3.2415,3.2555,3.2355,3.2525,203,60
1780491600,3.2535,3.2585,3.2355,3.2435,298,50
1780495200,3.2435,3.2475,3.2015000000000002,3.2065,337,30
1780498800,3.2065,3.2185,3.1655,3.1975,761,40
1780502400,3.1975,3.2025,3.1555,3.1865,706,30
1780506000,3.1855,3.2085,3.1795,3.1975,488,40
1780509600,3.1965,3.2265,3.1925,3.2185,426,50
1780513200,3.2185,3.2475,3.2125,3.2425,395,40
1780516800,3.2435,3.2585,3.2185,3.2255,369,40
1780520400,3.2245,3.2535,3.2205,3.2505,326,60
1780524000,3.2505,3.2525,3.2415,3.2445,127,50
1780527600,3.2455,3.2535,3.2245,3.2275,119,70
1780534800,3.2585,3.2585,3.2405,3.2435,58,240
1780538400,3.2425,3.2535,3.2405,3.2505,38,170
1780542000,3.2495,3.2495,3.2435,3.2475,56,170
1780545600,3.2485,3.2495,3.2395,3.2425,70,170
1780549200,3.2425,3.2465,3.2405,3.2425,41,170
1780552800,3.2415,3.2465,3.2335,3.2415,71,170
1780556400,3.2415,3.2495,3.2385,3.2385,61,170
1780560000,3.2395,3.2415,3.2245,3.2305,86,170
1780563600,3.2305,3.2395,3.2265,3.2295,117,130
1780567200,3.2295,3.2355,3.2245,3.2335,119,120
1780570800,3.2335,3.2515,3.2335,3.2415,170,120
1780574400,3.2415,3.2585,3.2375,3.2515,145,120
1780578000,3.2515,3.2815,3.2515,3.2795,200,100
1780581600,3.2805,3.2885,3.2555,3.2615,470,70
1780585200,3.2605,3.3255,3.2575,3.3155,771,90
1780588800,3.3155,3.3595,3.3035,3.3485,741,70
1780592400,3.3485,3.3795,3.3145,3.3705,891,70
1780596000,3.3705,3.3795,3.3575,3.3765,427,90
1780599600,3.3735,3.3755,3.3405,3.3735,497,70
1780603200,3.3735,3.3765,3.3585,3.3765,349,120
1780606800,3.3765,3.3855,3.3365,3.3815,644,100
1780610400,3.3825,3.3865,3.3545,3.3545,176,120
1780614000,3.3545,3.3665,3.3415,3.3415,94,130
1780621200,3.3505,3.3545,3.3445,3.3465,41,460
1780624800,3.3525,3.3635,3.3495,3.3585,35,330
1780628400,3.3595,3.3625,3.3485,3.3485,64,320
1780632000,3.3485,3.3565,3.3485,3.3515,60,330
1780635600,3.3515,3.3555,3.3385,3.3485,62,330
1780639200,3.3535,3.3585,3.3505,3.3565,59,330
1780642800,3.3565,3.3695,3.3555,3.3645,70,320
1780646400,3.3645,3.3675,3.3545,3.3555,64,330
1780650000,3.3535,3.3635,3.3535,3.3585,90,240
1780653600,3.3575,3.3575,3.3405,3.3475,140,240
1780657200,3.3485,3.3495,3.3365,3.3415,112,240
1780660800,3.3405,3.3475,3.3305,3.3395,130,240
1780664400,3.3395,3.3425000000000002,3.3145,3.3275,132,190
1780668000,3.3285,3.3325,3.2995,3.3055,305,180
1780671600,3.3055,3.3235,3.2865,3.3155,564,50
1780675200,3.3155,3.3305,3.2904999999999998,3.2975,710,30
1780678800,3.2975,3.3075,3.2695,3.2725,547,40
1780682400,3.2725,3.2795,3.2485,3.2555,356,40
1780686000,3.2555,3.2605,3.2365,3.2405,331,50
1780689600,3.2415,3.2515,3.2275,3.2395,370,60
1780693200,3.2395,3.2555,3.2305,3.2385,347,60
1780696800,3.2385,3.2405,3.2285,3.2355,164,60
1780700400,3.2365,3.2365,3.2125,3.2145,94,120
1780880400,3.1915,3.1975,3.1695,3.1945,126,240
1780884000,3.1925,3.1965,3.1845,3.1955,52,330
1780887600,3.1965,3.1995,3.1895,3.1965,86,330
1780891200,3.1975,3.1985,3.1785,3.1814999999999998,149,320
1780894800,3.1814999999999998,3.1885,3.1795,3.1805,72,320
1780898400,3.1795,3.1885,3.1765,3.1855,78,320
1780902000,3.1855,3.1865,3.1795,3.1814999999999998,52,320
1780905600,3.1805,3.1975,3.1734999999999998,3.1865,98,320
1780909200,3.1855,3.1915,3.1625,3.1725,136,240
1780912800,3.1725,3.1775,3.1475,3.1495,171,240
1780916400,3.1485,3.1505,3.1285,3.1335,154,230
1780920000,3.1355,3.1385,3.1275,3.1385,117,240
1780923600,3.1395,3.1565,3.1395,3.1465,204,190
1780927200,3.1465,3.1625,3.1345,3.1535,406,170
1780930800,3.1515,3.1835,3.1425,3.1655,579,50
1780934400,3.1655,3.1775,3.1505,3.1625,655,40
1780938000,3.1615,3.1665,3.1385,3.1385,411,50
1780941600,3.1385,3.1515,3.1255,3.1465,389,50
1780945200,3.1465,3.1625,3.1415,3.1575,272,50
1780948800,3.1585,3.1745,3.1535,3.1745,327,60
1780952400,3.1734999999999998,3.1814999999999998,3.1585,3.1615,307,60
1780956000,3.1625,3.1685,3.1585,3.1635,110,70
1780959600,3.1645,3.1665,3.1405,3.1425,80,70
1780966800,3.1695,3.1705,3.1635,3.1645,33,120
1780970400,3.1635,3.1655,3.1585,3.1605,47,90
1780974000,3.1605,3.1725,3.1605,3.1695,101,90
1780977600,3.1695,3.1775,3.1695,3.1775,89,90
1780981200,3.1775,3.1825,3.1765,3.1825,49,90
1780984800,3.1814999999999998,3.1845,3.1785,3.1814999999999998,52,90
1780988400,3.1825,3.1935000000000002,3.1825,3.1865,88,80
1780992000,3.1855,3.1895,3.1755,3.1875,91,90
1780995600,3.1875,3.1885,3.1715,3.1885,139,70
1780999200,3.1875,3.2145,3.1875,3.2145,276,60
1781002800,3.2155,3.2315,3.2075,3.2075,257,50
1781006400,3.2085,3.2145,3.1955,3.2125,171,70
1781010000,3.2135,3.2135,3.1975,3.1985,164,50
1781013600,3.2015000000000002,3.2205,3.1985,3.2015000000000002,333,30
1781017200,3.2015000000000002,3.2345,3.1935000000000002,3.2005,747,40
1781020800,3.1995,3.2005,3.1485,3.1835,783,40
1781024400,3.1825,3.2145,3.1785,3.2035,507,40
1781028000,3.2035,3.2045,3.1775,3.1845,412,40
1781031600,3.1835,3.2075,3.1675,3.1785,553,30
1781035200,3.1765,3.1915,3.1675,3.1795,387,60
1781038800,3.1785,3.1855,3.1605,3.1645,384,40
1781042400,3.1635,3.1665,3.1605,3.1655,117,60
1781046000,3.1655,3.1665,3.1375,3.1375,60,70
1781053200,3.1515,3.1515,3.1395,3.1445,43,440
1781056800,3.1445,3.1535,3.1355,3.1525,33,330
1781060400,3.1535,3.1595,3.1465,3.1475,92,320
1781064000,3.1485,3.1525,3.1455,3.1515,58,330
1781067600,3.1525,3.1525,3.1405,3.1445,48,330
1781071200,3.1465,3.1515,3.1415,3.1435,60,330
1781074800,3.1435,3.1445,3.1205,3.1205,79,320
1781078400,3.1205,3.1205,3.0885,3.1025,149,320
1781082000,3.1015,3.1445,3.0915,3.1415,156,240
1781085600,3.1405,3.1895,3.1365,3.1795,249,230
1781089200,3.1785,3.1835,3.1635,3.1705,152,240
1781092800,3.1715,3.1725,3.1545,3.1615,129,230
1781096400,3.1625,3.2085,3.1605,3.2035,216,190
1781100000,3.2025,3.2595,3.2025,3.2475,577,160
1781103600,3.2475,3.2735,3.2355,3.2485,655,30
1781107200,3.2485,3.2645,3.2185,3.2555,642,20
1781110800,3.2555,3.2575,3.2115,3.2135,496,20
1781114400,3.2145,3.2495,3.1995,3.2455,609,30
1781118000,3.2455,3.2515,3.2125,3.2275,368,50
1781121600,3.2275,3.2395,3.2215,3.2225,349,60
1781125200,3.2215,3.2285,3.2105,3.2125,403,50
1781128800,3.2125,3.2205,3.2065,3.2075,165,50
1781132400,3.2085,3.2085,3.1875,3.1875,89,70
1781139600,3.1995,3.2005,3.1855,3.2005,54,460
1781143200,3.1985,3.2055,3.1935000000000002,3.2045,44,330
1781146800,3.2035,3.2045,3.1985,3.2035,71,320
1781150400,3.2045,3.2175,3.2045,3.2105,104,320
1781154000,3.2095,3.2115,3.2015000000000002,3.2085,67,330
1781157600,3.2085,3.2215,3.2035,3.2195,73,330
1781161200,3.2155,3.2205,3.1955,3.2015000000000002,83,310
1781164800,3.2025,3.2095,3.1965,3.1985,89,320
1781168400,3.1995,3.2025,3.1855,3.1915,112,240
1781172000,3.1905,3.1905,3.1675,3.1685,148,240
1781175600,3.1675,3.1695,3.1435,3.1485,143,240
1781179200,3.1495,3.1515,3.1425,3.1465,101,240
1781182800,3.1465,3.1535,3.1415,3.1515,134,190
1781186400,3.1535,3.1725,3.1305,3.1675,316,180
1781190000,3.1675,3.1765,3.1465,3.1615,586,170
1781193600,3.1615,3.1855,3.1385,3.1455,727,30
1781197200,3.1455,3.1495,3.1035,3.1055,714,40
1781200800,3.1055,3.1295,3.0985,3.1245,468,30
1781204400,3.1245,3.1395,3.1195,3.1265,364,50
1781208000,3.1275,3.1315,3.0995,3.1115,508,60
1781211600,3.1115,3.1335,3.1095,3.1245,493,60
1781215200,3.1235,3.1245,3.0945,3.0985,154,70
1781218800,3.0975,3.1025,3.0865,3.0875,81,240
1781226000,3.1015,3.1025,3.0875,3.0975,43,460
1781229600,3.0975,3.1015,3.0905,3.1005,39,330
1781233200,3.1005,3.1055,3.0955,3.0985,70,330
1781236800,3.0995,3.0995,3.0915,3.0955,52,330
1781240400,3.0965,3.0985,3.0915,3.0965,32,330
1781244000,3.0965,3.0995,3.0905,3.0915,56,330
1781247600,3.0915,3.1015,3.0885,3.0995,66,330
1781251200,3.0985,3.1105,3.0965,3.1105,76,330
1781254800,3.1085,3.1085,3.0985,3.1035,68,240
1781258400,3.1035,3.1055,3.0865,3.0875,113,210
1781262000,3.0885,3.0925,3.0665,3.0745,130,240
1781265600,3.0745,3.0915,3.0705,3.0755,103,240
1781269200,3.0745,3.0765,3.0635,3.0665,109,190
1781272800,3.0665,3.0845,3.0555,3.0805,233,190
1781276400,3.0795,3.1455,3.0685000000000002,3.1205,852,40
1781280000,3.1175,3.1325,3.0975,3.1205,618,30
1781283600,3.1195,3.1575,3.1145,3.1405,543,40
1781287200,3.1405,3.1445,3.1275,3.1405,370,50
1781290800,3.1395,3.1605,3.1335,3.1445,321,50
1781294400,3.1435,3.1505,3.1375,3.1435,233,60
1781298000,3.1425,3.1575,3.1385,3.1525,243,50
1781301600,3.1515,3.1605,3.1425,3.1555,134,60
1781305200,3.1565,3.1635,3.1315,3.1325,94,70
1781485200,3.0875,3.1035,3.0875,3.0945,110,440
1781488800,3.0945,3.0945,3.0705,3.0805,55,330
1781492400,3.0815,3.0835,3.0685000000000002,3.0715,84,330
1781496000,3.0725,3.0755,3.0635,3.0705,62,320
1781499600,3.0705,3.0705,3.0625,3.0645,54,320
1781503200,3.0605,3.0805,3.0605,3.0725,101,320
1781506800,3.0715,3.0745,3.0695,3.0745,62,330
1781510400,3.0745,3.0775,3.0715,3.0765,53,330
1781514000,3.0775,3.0845,3.0755,3.0825,84,240
1781517600,3.0815,3.0825,3.0695,3.0715,82,240
1781521200,3.0725,3.0775,3.0605,3.0645,93,240
1781524800,3.0645,3.0645,3.0505,3.0565,93,240
1781528400,3.0565,3.0585,3.0485,3.0515,128,190
1781532000,3.0505,3.0965,3.0445,3.0955,210,180
1781535600,3.0955,3.1255,3.0895,3.1245,555,50
1781539200,3.1255,3.1385,3.1135,3.1355,630,30
1781542800,3.1355,3.1565,3.1205,3.1315,481,40
1781546400,3.1325,3.1465,3.1215,3.1235,357,40
1781550000,3.1235,3.1545,3.1205,3.1535,278,50
1781553600,3.1535,3.1645,3.1455,3.1595,236,60
1781557200,3.1605,3.1725,3.1585,3.1635,274,60
1781560800,3.1645,3.1745,3.1635,3.1715,114,70
1781564400,3.1715,3.1775,3.1435,3.1445,73,60
1781571600,3.1655,3.1655,3.1595,3.1655,52,120
1781575200,3.1655,3.1745,3.1655,3.1725,29,90
1781578800,3.1734999999999998,3.1755,3.1665,3.1675,74,90
1781582400,3.1675,3.1685,3.1635,3.1645,67,90
1781586000,3.1645,3.1665,3.1635,3.1645,48,90
1781589600,3.1655,3.1665,3.1595,3.1625,44,90
1781593200,3.1635,3.1645,3.1515,3.1515,59,90
1781596800,3.1515,3.1535,3.1475,3.1525,62,90
1781600400,3.1525,3.1935000000000002,3.1525,3.1925,212,70
1781604000,3.1935000000000002,3.1995,3.1725,3.1855,240,60
1781607600,3.1865,3.1975,3.1795,3.1814999999999998,196,70
1781611200,3.1814999999999998,3.2015000000000002,3.1755,3.1985,153,70
1781614800,3.1985,3.2135,3.1915,3.1965,214,60
1781618400,3.1955,3.2035,3.1814999999999998,3.1814999999999998,448,40
1781622000,3.1825,3.2005,3.1615,3.1685,708,30
1781625600,3.1665,3.2045,3.1445,3.1895,863,40
1781629200,3.1905,3.2205,3.1895,3.2105,500,50
1781632800,3.2095,3.2465,3.2065,3.2215,453,30
1781636400,3.2205,3.2535,3.2185,3.2515,316,40
1781640000,3.2515,3.2715,3.2435,3.2475,403,40
1781643600,3.2485,3.2775,3.2295,3.2745,464,60
1781647200,3.2755,3.2805,3.2525,3.2625,202,60
1781650800,3.2625,3.2795,3.2455,3.2455,115,60
1781658000,3.2635,3.2645,3.2585,3.2585,38,230
1781661600,3.2635,3.2635,3.2575,3.2635,19,180
1781665200,3.2615,3.2665,3.2585,3.2595,74,170
1781668800,3.2595,3.2655,3.2575,3.2615,78,170
1781672400,3.2615,3.2655,3.2565,3.2575,70,170
1781676000,3.2585,3.2595,3.2465,3.2505,97,170
1781679600,3.2515,3.2555,3.2505,3.2535,65,170
1781683200,3.2535,3.2605,3.2425,3.2565,89,170
1781686800,3.2555,3.2655,3.2395,3.2415,196,130
1781690400,3.2415,3.2515,3.2415,3.2495,150,120
1781694000,3.2495,3.2665,3.2465,3.2565,188,120
1781697600,3.2575,3.2765,3.2535,3.2715,138,120
1781701200,3.2725,3.2984999999999998,3.2615,3.2955,278,90
1781704800,3.2945,3.3145,3.2505,3.2565,519,80
1781708400,3.2565,3.2565,3.2105,3.2175,832,90
1781712000,3.2165,3.2165,3.1495,3.1545,857,60
1781715600,3.1535,3.2055,3.1485,3.1685,607,40
1781719200,3.1665,3.1855,3.1485,3.1755,152,440
1781722800,3.1755,3.2045,3.1625,3.1955,295,50
1781726400,3.1955,3.1955,3.1725,3.1755,336,70
1781730000,3.1755,3.2105,3.1695,3.2085,539,60
1781733600,3.2085,3.2155,3.1885,3.2135,193,50
1781737200,3.2145,3.2195,3.1785,3.1785,113,70
1781744400,3.1715,3.1825,3.1655,3.1785,83,450
1781748000,3.1785,3.1825,3.1745,3.1795,50,330
1781751600,3.1775,3.1905,3.1715,3.1905,83,330
1781755200,3.1895,3.1945,3.1855,3.1925,67,330
1781758800,3.1925,3.1975,3.1885,3.1935000000000002,47,330
1781762400,3.1935000000000002,3.1935000000000002,3.1765,3.1775,77,330
1781766000,3.1785,3.1785,3.1635,3.1765,72,330
1781769600,3.1725,3.1785,3.1515,3.1545,91,320
1781773200,3.1535,3.1795,3.1535,3.1785,123,250
1781776800,3.1805,3.1905,3.1695,3.1825,158,230
1781780400,3.1845,3.1895,3.1745,3.1845,93,240
1781784000,3.1835,3.1945,3.1825,3.1885,93,240
1781787600,3.1895,3.2035,3.1825,3.1855,169,190
1781791200,3.1845,3.2085,3.1695,3.1905,393,180
1781794800,3.1895,3.2195,3.1765,3.1795,817,30
1781798400,3.1795,3.2045,3.1695,3.1935000000000002,699,40
1781802000,3.1925,3.2215,3.1865,3.1975,813,30
1781805600,3.1965,3.2685,3.1955,3.2675,672,30
1781809200,3.2685,3.2685,3.2215,3.2615,527,10
1781812800,3.2605,3.2665,3.2385,3.2475,378,60
1781816400,3.2485,3.2845,3.2415,3.2545,445,60
1781820000,3.2555,3.2635,3.2405,3.2405,112,220
1781823600,3.2395,3.2435,3.2285,3.2315,48,590
1781834400,3.2175,3.2175,3.2065,3.2165,4,810
1781838000,3.2145,3.2195,3.2075,3.2195,40,810
1781841600,3.2195,3.2245,3.2085,3.2225,49,810
1781845200,3.2225,3.2235,3.2075,3.2185,41,810
1781848800,3.2185,3.2185,3.2075,3.2185,43,810
1781852400,3.2185,3.2185,3.1995,3.2095,55,810
1781856000,3.2105,3.2135,3.1985,3.2075,46,810
1781859600,3.2095,3.2195,3.2025,3.2125,69,590
1781863200,3.2105,3.2245,3.2105,3.2195,57,590
1781866800,3.2205,3.2235,3.2195,3.2225,53,590
1781870400,3.2215,3.2305,3.2215,3.2295,52,590
1781874000,3.2305,3.2405,3.2235,3.2375,63,440
1781877600,3.2395,3.2565,3.2275,3.2305,90,450
1781881200,3.2295,3.2495,3.2055,3.2335,141,440
1781884800,3.2345,3.2725,3.2335,3.2365,141,440
1781888400,3.2385,3.2425,3.2205,3.2365,120,440
1781892000,3.2385,3.2465,3.2235,3.2245,89,440
1781895600,3.2265,3.2315,3.2195,3.2195,71,460
1782090000,3.3145,3.3155,3.3005,3.3035,50,230
1782093600,3.3025,3.3105,3.3025,3.3105,52,170
1782097200,3.3085,3.3095,3.3025,3.3064999999999998,71,170
1782100800,3.3075,3.3325,3.3045,3.3275,126,170
1782104400,3.3285,3.3315,3.3255,3.3305,58,170
1782108000,3.3295,3.3345000000000002,3.3115,3.3135,172,170
1782111600,3.3155,3.3165,3.3105,3.3165,82,160
1782115200,3.3165,3.3215,3.3135,3.3205,76,170
1782118800,3.3205,3.3385,3.3165,3.3355,123,130
1782122400,3.3365,3.3555,3.3325,3.3545,171,120
1782126000,3.3555,3.3685,3.3545,3.3595,158,120
1782129600,3.3605,3.3615,3.3435,3.3585,137,120
1782133200,3.3585,3.3615,3.3455,3.3465,116,100
1782136800,3.3465,3.3505,3.3145,3.3345000000000002,361,90
1782140400,3.3355,3.3385,3.2915,3.3035,630,70
1782144000,3.3015,3.3195,3.2845,3.2925,627,90
1782147600,3.2935,3.3205,3.2935,3.3195,384,100
1782151200,3.3195,3.3205,3.2895,3.3005,348,100
1782154800,3.3005,3.3205,3.2945,3.3085,268,100
1782158400,3.3095,3.3185000000000002,3.2904999999999998,3.2975,294,110
1782162000,3.2965,3.2975,3.2655,3.2755,338,120
1782165600,3.2755,3.2775,3.2655,3.2655,115,110
1782169200,3.2665,3.2665,3.2395,3.2395,105,130
1782176400,3.2455,3.2555,3.2415,3.2505,77,230
1782180000,3.2505,3.2525,3.2445,3.2525,51,170
1782183600,3.2525,3.2525,3.2465,3.2505,80,170
1782187200,3.2495,3.2565,3.2475,3.2545,70,170
1782190800,3.2545,3.2565,3.2515,3.2545,47,170
1782194400,3.2535,3.2575,3.2505,3.2525,114,170
1782198000,3.2535,3.2865,3.2515,3.2865,102,170
1782201600,3.2855,3.2975,3.2805,3.2845,183,170
1782205200,3.2865,3.2935,3.2845,3.2865,147,130
1782208800,3.2865,3.2865,3.2685,3.2705,190,120
1782212400,3.2695,3.2824999999999998,3.2695,3.2745,130,130
1782216000,3.2745,3.2745,3.2435,3.2435,274,120
1782219600,3.2435,3.2565,3.2385,3.2425,219,100
1782223200,3.2405,3.2435,3.2175,3.2215,334,90
1782226800,3.2215,3.2585,3.2165,3.2265,713,80
1782230400,3.2275,3.2315,3.2045,3.2145,600,90
1782234000,3.2135,3.2135,3.1945,3.2025,341,100
1782237600,3.2025,3.2345,3.2025,3.2295,476,90
1782241200,3.2295,3.2295,3.1635,3.1675,401,100
1782244800,3.1675,3.1805,3.1635,3.1725,374,110
1782248400,3.1734999999999998,3.1905,3.1685,3.1845,246,100
1782252000,3.1845,3.1885,3.1805,3.1845,93,120
1782255600,3.1855,3.1915,3.1615,3.1615,68,130
1782262800,3.1855,3.1855,3.1755,3.1775,34,230
1782266400,3.1745,3.1775,3.1715,3.1775,22,180
1782270000,3.1785,3.1875,3.1775,3.1785,64,170
1782273600,3.1795,3.1814999999999998,3.1745,3.1775,76,170
1782277200,3.1775,3.1785,3.1715,3.1715,38,170
1782280800,3.1715,3.1745,3.1645,3.1695,73,170
1782284400,3.1715,3.1715,3.1655,3.1705,53,170
1782288000,3.1715,3.1795,3.1655,3.1795,74,170
1782291600,3.1805,3.1865,3.1715,3.1855,157,130
1782295200,3.1855,3.1945,3.1805,3.1905,115,130
1782298800,3.1905,3.1965,3.1875,3.1935000000000002,116,120
1782302400,3.1925,3.1995,3.1925,3.1995,90,130
1782306000,3.1995,3.2145,3.1995,3.2135,155,100
1782309600,3.2115,3.2395,3.2065,3.2375,337,60
1782313200,3.2375,3.2435,3.2035,3.2085,573,90
1782316800,3.2085,3.2305,3.1825,3.2185,768,30
1782320400,3.2185,3.2445,3.2155,3.2275,521,30
1782324000,3.2285,3.2585,3.2215,3.2215,350,30
1782327600,3.2225,3.2445,3.2195,3.2375,282,50
1782331200,3.2375,3.2515,3.2295,3.2435,257,50
1782334800,3.2445,3.2615,3.2375,3.2485,357,60
1782338400,3.2485,3.2615,3.2465,3.2565,145,60
1782342000,3.2555,3.2565,3.2235,3.2245,66,70
1782349200,3.2375,3.2375,3.2235,3.2335,43,460
1782352800,3.2275,3.2475,3.2275,3.2455,45,330
1782356400,3.2455,3.2645,3.2435,3.2625,66,320
1782360000,3.2635,3.2675,3.2605,3.2655,76,330
1782363600,3.2655,3.2665,3.2615,3.2655,44,330
1782367200,3.2655,3.2665,3.2515,3.2605,94,330
1782370800,3.2605,3.2645,3.2555,3.2605,56,320
1782374400,3.2595,3.2595,3.2535,3.2585,58,330
1782378000,3.2565,3.2665,3.2555,3.2665,69,250
1782381600,3.2685,3.3125,3.2675,3.3115,186,220
1782385200,3.3115,3.3175,3.3085,3.3175,128,240
1782388800,3.3195,3.3215,3.3045,3.3075,130,240
1782392400,3.3075,3.3165,3.2955,3.3005,135,190
1782396000,3.3015,3.3045,3.2915,3.2915,51,190
1782399600,3.2895,3.3365,3.2875,3.3335,597,40
1782403200,3.3335,3.3415,3.2915,3.2965,604,20
1782406800,3.2965,3.3064999999999998,3.2095,3.2325,1047,40
1782410400,3.2335,3.2895,3.2295,3.2815,607,50
1782414000,3.2815,3.2915,3.2575,3.2635,444,10
1782417600,3.2635,3.2925,3.2485,3.2895,496,60
1782421200,3.2895,3.3055,3.2335,3.2345,749,40
1782424800,3.2335,3.2555,3.2315,3.2555,235,50
1782428400,3.2545,3.2635,3.2325,3.2325,112,70
1782435600,3.2555,3.2565,3.2485,3.2505,69,120
1782439200,3.2495,3.2525,3.2485,3.2505,21,100
1782442800,3.2515,3.2625,3.2475,3.2615,93,90
1782446400,3.2625,3.2675,3.2555,3.2635,104,90
1782450000,3.2625,3.2675,3.2585,3.2645,93,90
1782453600,3.2635,3.2725,3.2605,3.2695,79,90
1782457200,3.2705,3.2805,3.2695,3.2795,103,90
1782460800,3.2805,3.3205,3.2745,3.3165,133,90
1782464400,3.3185000000000002,3.3235,3.3095,3.3205,170,70
1782468000,3.3215,3.3225,3.3045,3.3125,184,60
1782471600,3.3115,3.3285,3.3105,3.3285,176,60
1782475200,3.3285,3.3285,3.3175,3.3285,129,60
1782478800,3.3285,3.3315,3.3165,3.3235,199,40
1782482400,3.3245,3.3395,3.3155,3.3285,355,50
1782486000,3.3295,3.3595,3.3105,3.3145,789,30
1782489600,3.3185000000000002,3.3345000000000002,3.3005,3.3155,633,40
1782493200,3.3145,3.3495,3.3064999999999998,3.3235,541,30
1782496800,3.3235,3.3415,3.3125,3.3375,370,40
1782500400,3.3385,3.3525,3.3295,3.3345000000000002,330,40
1782504000,3.3345000000000002,3.3355,3.2615,3.2845,672,60
1782507600,3.2824999999999998,3.3195,3.2545,3.2815,865,50
1782511200,3.2824999999999998,3.2945,3.2765,3.2875,149,70
1782514800,3.2875,3.2875,3.2465,3.2465,113,60
1782694800,3.2585,3.2725,3.2555,3.2695,93,450
1782698400,3.2675,3.2675,3.2565,3.2635,44,330
1782702000,3.2625,3.2685,3.2565,3.2645,75,330
1782705600,3.2635,3.2815,3.2635,3.2775,71,320
1782709200,3.2765,3.2824999999999998,3.2745,3.2805,43,330
1782712800,3.2815,3.2824999999999998,3.2745,3.2765,36,330
1782716400,3.2755,3.2785,3.2635,3.2635,53,330
1782720000,3.2585,3.2625,3.2495,3.2575,81,320
1782723600,3.2585,3.2785,3.2585,3.2655,88,250
1782727200,3.2665,3.2675,3.2225,3.2245,176,240
1782730800,3.2275,3.2305,3.2205,3.2225,103,240
1782734400,3.2235,3.2255,3.2155,3.2225,100,240
1782738000,3.2235,3.2475,3.2195,3.2455,115,190
1782741600,3.2465,3.2735,3.2075,3.2105,381,180
1782745200,3.2125,3.2315,3.1795,3.1814999999999998,696,10
1782748800,3.1795,3.1955,3.1605,3.1765,734,20
1782752400,3.1765,3.1825,3.1565,3.1625,368,50
1782756000,3.1625,3.1734999999999998,3.1575,3.1655,295,50
1782759600,3.1665,3.1765,3.1625,3.1715,178,50
1782763200,3.1705,3.1814999999999998,3.1625,3.1745,223,60
1782766800,3.1755,3.1755,3.1475,3.1565,374,50
1782770400,3.1565,3.1675,3.1555,3.1575,118,70
1782774000,3.1585,3.1595,3.1305,3.1315,77,70
1782781200,3.1485,3.1525,3.1475,3.1495,35,120
1782784800,3.1495,3.1565,3.1465,3.1555,47,90
1782788400,3.1535,3.1575,3.1505,3.1575,79,90
1782792000,3.1585,3.1585,3.1485,3.1525,78,90
1782795600,3.1525,3.1535,3.1485,3.1535,57,90
1782799200,3.1535,3.1545,3.1395,3.1465,75,90
1782802800,3.1465,3.1525,3.1425,3.1495,62,90
1782806400,3.1485,3.1535,3.1415,3.1505,93,90
1782810000,3.1505,3.1814999999999998,3.1455,3.1775,187,70
1782813600,3.1765,3.1895,3.1715,3.1875,172,70
1782817200,3.1885,3.1965,3.1875,3.1915,84,70
1782820800,3.1915,3.2015000000000002,3.1865,3.2015000000000002,112,70
1782824400,3.2025,3.2175,3.1975,3.2085,180,50
1782828000,3.2105,3.2375,3.2025,3.2345,310,40
1782831600,3.2365,3.2865,3.2225,3.2565,948,30
1782835200,3.2575,3.2675,3.2185,3.2545,855,20
1782838800,3.2555,3.2805,3.2535,3.2745,442,50
1782842400,3.2755,3.2925,3.2665,3.2725,435,40
1782846000,3.2735,3.2995,3.2735,3.2795,392,40
1782849600,3.2795,3.2815,3.2525,3.2545,476,60
1782853200,3.2545,3.2715,3.2305,3.2335,430,60
1782856800,3.2335,3.2345,3.2265,3.2305,140,60
1782860400,3.2315,3.2325,3.2025,3.2035,72,70
1782867600,3.2235,3.2235,3.2185,3.2215,55,120
1782871200,3.2205,3.2235,3.2195,3.2235,38,100
1782874800,3.2225,3.2255,3.2125,3.2165,80,90
1782878400,3.2155,3.2165,3.2015000000000002,3.2035,89,90
1782882000,3.2035,3.2125,3.2035,3.2095,54,90
1782885600,3.2105,3.2265,3.2095,3.2245,179,90
1782889200,3.2235,3.2265,3.2175,3.2215,73,90
1782892800,3.2225,3.2245,3.1875,3.1875,121,90
1782896400,3.1905,3.1965,3.1835,3.1855,169,70
1782900000,3.1865,3.2165,3.1855,3.2075,199,60
1782903600,3.2085,3.2085,3.1895,3.1905,144,60
1782907200,3.1915,3.2105,3.1915,3.2095,120,70
1782910800,3.2105,3.2155,3.1925,3.2055,177,50
1782914400,3.2075,3.2155,3.1915,3.2005,390,20
1782918000,3.2025,3.2245,3.1695,3.2225,921,30
1782921600,3.2235,3.2395,3.1745,3.1855,831,30
1782925200,3.1835,3.1915,3.1705,3.1775,420,50
1782928800,3.1775,3.1975,3.1705,3.1915,379,50
1782932400,3.1925,3.2005,3.1795,3.1895,289,40
1782936000,3.1885,3.1945,3.1715,3.1795,256,60
1782939600,3.1795,3.1975,3.1725,3.1734999999999998,307,60
1782943200,3.1734999999999998,3.1785,3.1695,3.1715,107,70
1782946800,3.1725,3.1745,3.1485,3.1495,58,70
1782954000,3.1575,3.1575,3.1515,3.1565,30,460
1782957600,3.1555,3.1575,3.1495,3.1575,26,330
1782961200,3.1585,3.1595,3.1505,3.1565,46,330
1782964800,3.1525,3.1525,3.1445,3.1525,54,330
1782968400,3.1515,3.1545,3.1485,3.1505,33,330
1782972000,3.1505,3.1535,3.1445,3.1495,60,320
1782975600,3.1485,3.1535,3.1455,3.1505,33,330
1782979200,3.1515,3.1635,3.1465,3.1625,59,330
1782982800,3.1635,3.1635,3.1395,3.1435,114,240
1782986400,3.1425,3.1455,3.1355,3.1385,103,230
1782990000,3.1395,3.1395,3.1315,3.1315,68,240
1782993600,3.1305,3.1485,3.1305,3.1485,80,240
1782997200,3.1485,3.1545,3.1355,3.1495,120,180
1783000800,3.1485,3.1515,3.1165,3.1275,249,180
1783004400,3.1275,3.1575,3.1235,3.1255,515,50
1783008000,3.1255,3.1635,3.1235,3.1465,608,40
1783011600,3.1475,3.1635,3.1195,3.1345,843,30
1783015200,3.1335,3.1535,3.1295,3.1405,356,50
1783018800,3.1405,3.1725,3.1405,3.1585,336,40
1783022400,3.1575,3.1725,3.1535,3.1715,232,60
1783026000,3.1715,3.1715,3.1495,3.1535,306,50
1783029600,3.1535,3.1805,3.1525,3.1755,155,70
1783033200,3.1775,3.1775,3.1435,3.1445,52,70
1783044000,3.1285,3.1285,3.1275,3.1275,3,810
1783047600,3.1265,3.1345,3.1215,3.1315,42,810
1783051200,3.1325,3.1395,3.1255,3.1385,59,810
1783054800,3.1385,3.1415,3.1195,3.1305,54,810
1783058400,3.1305,3.1445,3.1195,3.1445,52,810
1783062000,3.1475,3.1555,3.1375,3.1505,60,790
1783065600,3.1505,3.1615,3.1425,3.1605,56,790
1783069200,3.1595,3.1855,3.1575,3.1855,57,590
1783072800,3.1865,3.1965,3.1835,3.1885,60,590
1783076400,3.1875,3.1935000000000002,3.1785,3.1825,57,590
1783080000,3.1825,3.1835,3.1645,3.1695,59,590
1783083600,3.1705,3.1785,3.1595,3.1785,67,460
1783087200,3.1814999999999998,3.1875,3.1755,3.1775,86,440
1783090800,3.1785,3.1885,3.1734999999999998,3.1835,106,450
1783094400,3.1845,3.1955,3.1845,3.1905,111,440
1783098000,3.1925,3.2035,3.1715,3.1745,98,460
1783101600,3.1725,3.1825,3.1665,3.1825,70,440
1783105200,3.1814999999999998,3.1875,3.1765,3.1765,61,460
1783108800,3.1765,3.1765,3.1765,3.1765,1,550
1783303200,3.1075,3.1075,3.0965,3.1035,7,810
1783306800,3.1055,3.1085,3.0925,3.0925,59,810
1783310400,3.0915,3.0925,3.0725,3.0845,61,810
1783314000,3.0845,3.0925,3.0695,3.0805,55,810
1783317600,3.0825,3.1005,3.0765,3.0975,63,810
1783321200,3.0975,3.0985,3.0825,3.0935,49,810
1783324800,3.0925,3.1245,3.0855,3.1235,51,810
1783328400,3.1205,3.1545,3.1205,3.1525,80,590
1783332000,3.1515,3.1605,3.1245,3.1355,78,590
1783335600,3.1365,3.1405,3.1305,3.1385,69,590
1783339200,3.1395,3.1535,3.1345,3.1505,70,590
1783342800,3.1525,3.1605,3.1175,3.1275,97,460
1783346400,3.1295,3.1645,3.1155,3.1605,148,440
1783350000,3.1595,3.1775,3.1165,3.1185,251,440
1783353600,3.1165,3.1865,3.1165,3.1655,780,50
1783357200,3.1655,3.1875,3.1585,3.1695,503,40
1783360800,3.1695,3.1985,3.1645,3.1865,343,50
1783364400,3.1865,3.1935000000000002,3.1595,3.1695,294,30
1783368000,3.1695,3.1814999999999998,3.1575,3.1755,297,50
1783371600,3.1755,3.1985,3.1745,3.1935000000000002,349,60
1783375200,3.1935000000000002,3.1995,3.1895,3.1955,122,60
1783378800,3.1955,3.1985,3.1685,3.1715,82,70
1783386000,3.1875,3.1925,3.1865,3.1915,57,130
1783389600,3.1905,3.1955,3.1895,3.1955,33,90
1783393200,3.1955,3.2105,3.1945,3.1975,137,80
1783396800,3.1965,3.1975,3.1885,3.1905,74,90
1783400400,3.1895,3.1945,3.1745,3.1765,127,80
1783404000,3.1755,3.1814999999999998,3.1725,3.1734999999999998,108,90
1783407600,3.1745,3.1745,3.1635,3.1675,78,90
1783411200,3.1665,3.1825,3.1635,3.1785,126,90
1783414800,3.1805,3.2255,3.1795,3.2065,397,60
1783418400,3.2075,3.2205,3.2065,3.2175,261,50
1783422000,3.2175,3.2275,3.2145,3.2195,143,60
1783425600,3.2205,3.2265,3.2065,3.2085,156,50
1783429200,3.2085,3.2495,3.2025,3.2425,221,50
1783432800,3.2445,3.2505,3.1785,3.1795,666,40
1783436400,3.1775,3.1855,3.1315,3.1495,876,20
1783440000,3.1495,3.2035,3.1375,3.2025,827,40
1783443600,3.2035,3.2325,3.1955,3.2255,573,40
1783447200,3.2255,3.2295,3.2065,3.2225,437,50
1783450800,3.2205,3.2295,3.2105,3.2135,284,50
1783454400,3.2135,3.2315,3.2125,3.2195,270,60
1783458000,3.2205,3.2245,3.1975,3.2105,374,40
1783461600,3.2115,3.2255,3.2085,3.2175,148,60
1783465200,3.2185,3.2255,3.1975,3.1985,92,60
1783472400,3.2195,3.2195,3.2125,3.2165,66,120
1783476000,3.2145,3.2205,3.2145,3.2165,50,100
1783479600,3.2165,3.2305,3.2165,3.2215,84,90
1783483200,3.2215,3.2265,3.2145,3.2245,71,90
1783486800,3.2245,3.2295,3.2235,3.2255,58,90
1783490400,3.2265,3.2295,3.2215,3.2235,83,90
1783494000,3.2245,3.2305,3.2145,3.2275,95,90
1783497600,3.2265,3.2295,3.2175,3.2245,92,90
1783501200,3.2265,3.2365,3.2195,3.2355,182,70
1783504800,3.2355,3.2455,3.2325,3.2415,182,60
1783508400,3.2415,3.2915,3.2395,3.2655,415,60
1783512000,3.2665,3.2765,3.2625,3.2765,168,70
1783515600,3.2755,3.2755,3.2435,3.2455,239,50
1783519200,3.2455,3.2645,3.2265,3.2315,379,40
1783522800,3.2335,3.2705,3.2295,3.2515,574,30
1783526400,3.2495,3.2565,3.2215,3.2275,638,30
1783530000,3.2285,3.2315,3.2075,3.2285,389,50
1783533600,3.2295,3.2315,3.1945,3.2115,472,40
1783537200,3.2115,3.2115,3.1755,3.1795,381,10
1783540800,3.1805,3.1835,3.1625,3.1685,295,60
1783544400,3.1685,3.1755,3.1595,3.1725,343,60
1783548000,3.1725,3.1835,3.1705,3.1755,99,70
1783551600,3.1765,3.1785,3.1495,3.1495,75,70
1783558800,3.1655,3.1665,3.1435,3.1505,66,120
1783562400,3.1495,3.1565,3.1435,3.1565,29,330
1783566000,3.1565,3.1585,3.1495,3.1555,72,330
1783569600,3.1555,3.1615,3.1525,3.1585,57,330
1783573200,3.1535,3.1635,3.1505,3.1585,66,170
1783576800,3.1565,3.1645,3.1555,3.1595,70,170
1783580400,3.1605,3.1615,3.1505,3.1505,75,170
1783584000,3.1515,3.1725,3.1495,3.1675,136,170
1783587600,3.1675,3.1825,3.1615,3.1795,189,130
1783591200,3.1805,3.1845,3.1575,3.1595,192,120
1783594800,3.1595,3.1645,3.1525,3.1575,141,130
1783598400,3.1565,3.1615,3.1525,3.1535,125,120
1783602000,3.1525,3.1585,3.1485,3.1525,164,100
1783605600,3.1535,3.1675,3.1405,3.1625,314,100
1783609200,3.1615,3.1695,3.1255,3.1485,667,80
1783612800,3.1495,3.1535,3.0585,3.0585,831,80
1783616400,3.0575,3.0685000000000002,3.0155,3.0175,702,90
1783620000,3.0185,3.0195,2.9915000000000003,2.9965,516,90
1783623600,2.9975,2.9975,2.9775,2.9785,353,90
1783627200,2.9785,2.9825,2.9605,2.9625,266,120
1783630800,2.9635,2.9795,2.9625,2.9695,442,110
1783634400,2.9685,2.9785,2.9655,2.9765,163,120
1783638000,2.9755000000000003,2.9785,2.9515000000000002,2.9515000000000002,89,130
1783645200,2.9605,2.9615,2.9575,2.9615,6,460
1783648800,2.9665,2.9735,2.9635,2.9735,27,180
1783652400,2.9745,2.9785,2.9725,2.9765,97,170
1783656000,2.9775,2.9795,2.9725,2.9755000000000003,70,160
1783659600,2.9755000000000003,2.9785,2.9685,2.9745,63,170
1783663200,2.9745,2.9745,2.9655,2.9705,94,170
1783666800,2.9705,2.9725,2.9555,2.9595000000000002,117,170
1783670400,2.9595000000000002,2.9785,2.9595000000000002,2.9715,115,170
1783674000,2.9705,2.9805,2.9645,2.9735,183,130
1783677600,2.9745,2.9745,2.9435000000000002,2.9475,197,130
1783681200,2.9465,2.9525,2.9335,2.9435000000000002,178,120
1783684800,2.9445,2.9505,2.9395,2.9495,99,130
1783688400,2.9485,2.9615,2.9395,2.9565,197,100
1783692000,2.9555,2.9665,2.9314999999999998,2.9335,416,90
1783695600,2.9335,2.9455,2.9154999999999998,2.9314999999999998,589,80
1783699200,2.9295,2.9365,2.8575,2.8575,703,90
1783702800,2.8575,2.8745000000000003,2.8465,2.8675,602,80
1783706400,2.8665000000000003,2.8785,2.8535,2.8745000000000003,390,90
1783710000,2.8745000000000003,2.9015,2.8705,2.8885,377,90
1783713600,2.8885,2.9055,2.8805,2.8895,356,120
1783717200,2.8895,2.9165,2.8754999999999997,2.9105,432,110
1783720800,2.9095,2.9095,2.9035,2.9085,125,120
1783724400,2.9085,2.9085,2.8805,2.8825,76,130
1783904400,2.8875,2.8975,2.8725,2.8785,101,240
1783908000,2.8795,2.8795,2.8625,2.8735,70,180
1783911600,2.8725,2.8785,2.8715,2.8754999999999997,93,170
1783915200,2.8754999999999997,2.8805,2.8695,2.8715,77,170
1783918800,2.8695,2.8725,2.8635,2.8645,67,170
1783922400,2.8645,2.8715,2.8605,2.8675,70,170
1783926000,2.8675,2.8695,2.8635,2.8695,60,170
1783929600,2.8675,2.8705,2.8655,2.8695,67,170
1783933200,2.8685,2.8795,2.8615,2.8675,129,130
1783936800,2.8675,2.8725,2.8575,2.8595,130,120
1783940400,2.8585000000000003,2.8675,2.8505000000000003,2.8625,136,120
1783944000,2.8625,2.8675,2.8545,2.8625,121,130
1783947600,2.8615,2.8754999999999997,2.8555,2.8675,150,100
1783951200,2.8665000000000003,2.8695,2.8495,2.8585000000000003,316,90
1783954800,2.8585000000000003,2.8865,2.8465,2.8575,560,90
1783958400,2.8575,2.8675,2.8225,2.8395,712,40
1783962000,2.8395,2.8405,2.8205,2.8365,480,30
1783965600,2.8355,2.8675,2.8345000000000002,2.8615,402,50
1783969200,2.8625,2.8865,2.8625,2.8785,329,50
1783972800,2.8765,2.8834999999999997,2.8635,2.8665000000000003,281,60
1783976400,2.8665000000000003,2.8735,2.8505000000000003,2.8515,314,60
1783980000,2.8515,2.8555,2.8465,2.8525,119,60
1783983600,2.8515,2.8605,2.8335,2.8355,73,70
1783990800,2.8665000000000003,2.8725,2.8625,2.8715,68,120
1783994400,2.8725,2.8735,2.8585000000000003,2.8585000000000003,74,90
1783998000,2.8575,2.8705,2.8555,2.8615,206,90
1784001600,2.8615,2.8615,2.8525,2.8535,123,90
1784005200,2.8535,2.8685,2.8525,2.8645,111,90
1784008800,2.8655,2.8685,2.8625,2.8655,79,90
1784012400,2.8665000000000003,2.8665000000000003,2.8485,2.8555,96,90
1784016000,2.8555,2.8575,2.8465,2.8495,107,90
1784019600,2.8505000000000003,2.8575,2.8435,2.8445,150,70
1784023200,2.8435,2.8705,2.8395,2.8565,250,70
1784026800,2.8575,2.8595,2.8445,2.8485,204,70
1784030400,2.8495,2.8625,2.8475,2.8605,149,70
1784034000,2.8615,2.8725,2.8545,2.8635,250,50
1784037600,2.8605,2.8635,2.8335,2.8405,323,40
1784041200,2.8405,2.8615,2.8295,2.8415,646,30
1784044800,2.8405,2.8725,2.8285,2.8575,693,40
1784048400,2.8565,2.8655,2.8395,2.8625,477,50
1784052000,2.8635,2.8855,2.8445,2.8785,512,50
1784055600,2.8795,2.8834999999999997,2.8745000000000003,2.8745000000000003,74,50
1784059200,2.8435,2.8505000000000003,2.8365,2.8485,87,530
1784062800,2.8495,2.8645,2.8405,2.8575,85,530
1784066400,2.8585000000000003,2.8914999999999997,2.8565,2.8845,67,70
1784070000,2.8845,2.8895,2.8545,2.8605,56,70
1784080800,2.8375,2.8375,2.8375,2.8375,3,810
1784084400,2.8395,2.8945,2.8395,2.8925,65,90
1784088000,2.8914999999999997,2.8914999999999997,2.8834999999999997,2.8855,82,90
1784091600,2.8865,2.8875,2.8785,2.8805,75,90
1784095200,2.8805,2.8834999999999997,2.8754999999999997,2.8815,108,90
1784098800,2.8825,2.8925,2.8805,2.8875,101,90
1784102400,2.8885,2.8925,2.8745000000000003,2.8795,142,90
1784106000,2.8795,2.8834999999999997,2.8725,2.8805,105,70
1784109600,2.8805,2.8825,2.8725,2.8735,155,60
1784113200,2.8754999999999997,2.8815,2.8675,2.8785,191,70
1784116800,2.8795,2.9055,2.8795,2.8955,211,70
1784120400,2.8955,2.8975,2.8785,2.8815,222,60
1784124000,2.8805,2.8825,2.8615,2.8795,313,40
1784127600,2.8805,2.8955,2.8505000000000003,2.8515,677,30
1784131200,2.8515,2.8625,2.8385,2.8605,527,50
1784134800,2.8605,2.8975,2.8485,2.8875,538,40
1784138400,2.8865,2.8935,2.8575,2.8785,379,50
1784142000,2.8785,2.8985,2.8615,2.8985,305,50
1784145600,2.8985,2.9035,2.8855,2.8994999999999997,272,60
1784149200,2.8985,2.9105,2.8815,2.8965,293,60
1784152800,2.8975,2.9045,2.8945,2.9005,159,60
1784156400,2.9015,2.9015,2.8685,2.8715,78,70
1784167200,2.8375,2.8375,2.8325,2.8335,7,810
1784170800,2.8365,2.8385,2.8205,2.8385,56,810
1784174400,2.8385,2.8435,2.8325,2.8335,52,810
1784178000,2.8325,2.8695,2.8325,2.8625,69,100
1784181600,2.8615,2.8745000000000003,2.8595,2.8685,104,170
1784185200,2.8705,2.8815,2.8705,2.8795,71,170
1784188800,2.8785,2.8785,2.8655,2.8655,72,170
1784192400,2.8665000000000003,2.8705,2.8525,2.8535,159,130
1784196000,2.8535,2.8635,2.8445,2.8615,143,130
1784199600,2.8615,2.8795,2.8615,2.8675,192,130
1784203200,2.8665000000000003,2.8735,2.8605,2.8695,106,120
1784206800,2.8695,2.8905,2.8685,2.8825,136,100
1784210400,2.8825,2.8914999999999997,2.8705,2.8895,321,60
1784214000,2.8895,2.9245,2.8834999999999997,2.9074999999999998,523,90
1784217600,2.9074999999999998,2.9195,2.8895,2.9095,437,40
1784221200,2.9105,2.9345,2.8085,2.8135,940,20
1784224800,2.8145,2.8315,2.8015,2.8265000000000002,604,30
1784228400,2.8275,2.8295,2.8115,2.8185000000000002,337,50
1784232000,2.8185000000000002,2.8205,2.8055,2.8155,223,70
1784235600,2.8155,2.8595,2.8155,2.8565,363,60
1784239200,2.8565,2.8615,2.8485,2.8585000000000003,126,70
1784242800,2.8595,2.8595,2.8335,2.8335,58,70
1784250000,2.8405,2.8605,2.8395,2.8565,57,120
1784253600,2.8555,2.8615,2.8545,2.8615,43,90
1784257200,2.8615,2.8625,2.8575,2.8595,72,90
1784260800,2.8605,2.8635,2.8475,2.8475,80,90
1784264400,2.8485,2.8485,2.8305,2.8385,102,90
1784268000,2.8385,2.8405,2.8245,2.8285,130,90
1784271600,2.8275,2.8375,2.8235,2.8305,97,90
1784275200,2.8305,2.8365,2.8275,2.8295,84,90
1784278800,2.8295,2.8315,2.8115,2.8155,125,70
1784282400,2.8145,2.8265000000000002,2.8145,2.8225,154,60
1784286000,2.8235,2.8275,2.8195,2.8215,159,70
1784289600,2.8225,2.8315,2.8205,2.8305,94,70
1784293200,2.8305,2.8415,2.8285,2.8295,153,60
1784296800,2.8285,2.8465,2.8225,2.8345000000000002,224,30
1784300400,2.8355,2.8515,2.8115,2.8455,610,20
1784304000,2.8455,2.8795,2.8445,2.8685,661,20
1784307600,2.8675,2.8685,2.8535,2.8565,297,30
1784311200,2.8565,2.8665000000000003,2.8505000000000003,2.8545,252,30
1784314800,2.8535,2.8785,2.8515,2.8715,264,50
1784318400,2.8715,2.8905,2.8635,2.8795,284,50
1784322000,2.8785,2.8865,2.8745000000000003,2.8765,233,70
1784325600,2.8765,2.8865,2.8735,2.8855,125,60
1784329200,2.8865,2.8885,2.8525,2.8605,67,70
1784509200,2.8205,2.8685,2.8185000000000002,2.8425000000000002,163,130
1784512800,2.8435,2.8455,2.8385,2.8455,40,170
1784516400,2.8465,2.8545,2.8445,2.8515,78,170
1784520000,2.8515,2.8535,2.8465,2.8475,91,170
1784523600,2.8465,2.8535,2.8465,2.8525,60,170
1784527200,2.8525,2.8535,2.8445,2.8455,93,150
1784530800,2.8465,2.8495,2.8425000000000002,2.8425000000000002,61,170
1784534400,2.8415,2.8495,2.8405,2.8475,72,170
1784538000,2.8485,2.8535,2.8385,2.8395,99,130
1784541600,2.8395,2.8445,2.8275,2.8275,161,130
1784545200,2.8265000000000002,2.8275,2.8135,2.8225,173,130
1784548800,2.8235,2.8255,2.8155,2.8235,112,120
1784552400,2.8245,2.8305,2.8185000000000002,2.8195,142,100
1784556000,2.8215,2.8335,2.8095,2.8325,347,100
1784559600,2.8325,2.8615,2.8325,2.8525,430,80
1784563200,2.8525,2.8665000000000003,2.8295,2.8375,595,40
1784566800,2.8365,2.8435,2.8185000000000002,2.8195,314,40
1784570400,2.8195,2.8285,2.8105,2.8185000000000002,280,40
1784574000,2.8175,2.8295,2.8155,2.8275,229,50
1784577600,2.8275,2.8285,2.8125,2.8165,195,60
1784581200,2.8175,2.8405,2.8165,2.8355,268,60
1784584800,2.8345000000000002,2.8395,2.8235,2.8235,93,60
1784588400,2.8245,2.8255,2.7865,2.7865,85,70
1784595600,2.8185000000000002,2.8275,2.8175,2.8185000000000002,81,120
1784599200,2.8195,2.8255,2.8165,2.8245,49,90
1784602800,2.8255,2.8315,2.8215,2.8305,68,90
1784606400,2.8305,2.8335,2.8245,2.8265000000000002,81,90
1784610000,2.8255,2.8295,2.8255,2.8275,28,90
1784613600,2.8295,2.8355,2.8275,2.8335,97,90
1784617200,2.8345000000000002,2.8365,2.8305,2.8365,52,90
1784620800,2.8345000000000002,2.8495,2.8345000000000002,2.8475,125,90
1784624400,2.8495,2.8595,2.8455,2.8595,125,70
1784628000,2.8595,2.8625,2.8445,2.8485,123,70
1784631600,2.8495,2.8495,2.8385,2.8455,98,60
1784635200,2.8465,2.8695,2.8465,2.8695,164,70
1784638800,2.8695,2.8725,2.8565,2.8675,164,60
1784642400,2.8685,2.8685,2.8475,2.8515,338,40
1784646000,2.8505000000000003,2.8615,2.8335,2.8435,517,40
1784649600,2.8435,2.8525,2.8285,2.8435,474,40
1784653200,2.8435,2.8575,2.8315,2.8365,370,50
1784656800,2.8375,2.8545,2.8375,2.8495,254,40
1784660400,2.8495,2.8555,2.8315,2.8375,205,40
1784664000,2.8365,2.8395,2.8225,2.8305,150,60
1784667600,2.8305,2.8465,2.8305,2.8445,203,60
1784671200,2.8455,2.8695,2.8455,2.8525,206,50
1784674800,2.8525,2.8615,2.8255,2.8255,98,70
1784682000,2.8455,2.8455,2.8375,2.8435,38,240
1784685600,2.8435,2.8465,2.8385,2.8465,32,170
1784689200,2.8455,2.8515,2.8445,2.8505000000000003,61,170
1784692800,2.8505000000000003,2.8645,2.8505000000000003,2.8605,110,170
1784696400,2.8595,2.8605,2.8515,2.8525,63,170
1784700000,2.8535,2.8545,2.8365,2.8425000000000002,162,170
1784703600,2.8435,2.8435,2.8345000000000002,2.8365,82,170
1784707200,2.8365,2.8475,2.8365,2.8445,97,170
1784710800,2.8445,2.8515,2.8415,2.8465,107,130
1784714400,2.8475,2.8535,2.8405,2.8525,153,130
1784718000,2.8515,2.8515,2.8345000000000002,2.8445,105,130
1784721600,2.8445,2.8565,2.8445,2.8555,115,130
1784725200,2.8545,2.8655,2.8475,2.8635,133,100
1784728800,2.8645,2.8825,2.8525,2.8785,317,70
1784732400,2.8785,2.8975,2.8675,2.8765,512,90
1784736000,2.8754999999999997,2.9045,2.8615,2.8965,601,70
1784739600,2.8975,2.9005,2.8745000000000003,2.8905,405,70
1784743200,2.8905,2.8985,2.8815,2.8865,303,30
1784746800,2.8885,2.9035,2.8805,2.8975,303,30
1784750400,2.8985,2.9105,2.8975,2.9055,260,40
1784754000,2.9074999999999998,2.9225,2.8925,2.9165,430,40
1784757600,2.9154999999999998,2.9195,2.9065,2.9074999999999998,137,40
1784761200,2.9085,2.9154999999999998,2.8865,2.8905,104,40
1784768400,2.9055,2.9125,2.9045,2.9095,71,90
1784772000,2.9085,2.9165,2.9074999999999998,2.9135,55,60
1784775600,2.9135,2.9225,2.9115,2.9225,113,60
1784779200,2.9225,2.9285,2.9195,2.9265,71,60
1784782800,2.9265,2.9375,2.9245,2.9345,77,60
1784786400,2.9335,2.9365,2.9275,2.9345,138,60
1784790000,2.9335,2.9355,2.9305,2.9325,85,60
1784793600,2.9345,2.9455,2.9314999999999998,2.9455,81,60
1784797200,2.9455,2.9505,2.9435000000000002,2.9445,152,40
1784800800,2.9455,2.9505,2.9405,2.9425,183,40
1784804400,2.9435000000000002,2.9475,2.9215,2.9225,199,40
1784808000,2.9234999999999998,2.9314999999999998,2.9165,2.9275,191,40
1784811600,2.9295,2.9415,2.9205,2.9415,165,30
1784815200,2.9405,2.9425,2.9225,2.9285,254,30
1784818800,2.9275,2.9705,2.9195,2.9485,641,30
1784822400,2.9475,2.9545,2.9095,2.9145,621,30
1784826000,2.9135,2.9345,2.9065,2.9314999999999998,636,30
1784829600,2.9325,2.9415,2.9185,2.9255,433,30
1784833200,2.9265,2.9305,2.9074999999999998,2.9215,300,30
1784836800,2.9195,2.9355,2.9085,2.9345,332,40
1784840400,2.9345,2.9485,2.9065,2.9125,487,40
1784844000,2.9135,2.9215,2.9074999999999998,2.9125,185,40
1784847600,2.9145,2.9145,2.8855,2.8935,105,90
1784854800,2.9065,2.9074999999999998,2.9015,2.9065,68,180
1784858400,2.9035,2.9105,2.8994999999999997,2.9074999999999998,66,130
1784862000,2.9065,2.9195,2.9065,2.9115,118,130
1784865600,2.9105,2.9165,2.9085,2.9115,105,130
1784869200,2.9115,2.9265,2.9115,2.9234999999999998,93,120
1784872800,2.9215,2.9305,2.9195,2.9265,104,120
1784876400,2.9275,2.9305,2.9175,2.9185,90,130
1784880000,2.9175,2.9185,2.9045,2.9055,112,120
1784883600,2.9055,2.9085,2.8925,2.8975,187,90
1784887200,2.8955,2.9095,2.8935,2.9005,177,90
1784890800,2.9015,2.9074999999999998,2.8975,2.9055,143,90
1784894400,2.9065,2.9125,2.8945,2.8994999999999997,212,90
1784898000,2.8994999999999997,2.9165,2.8975,2.9125,160,70
1784901600,2.9135,2.9285,2.9035,2.9175,262,70
1784905200,2.9165,2.9785,2.9165,2.9655,672,70
1784908800,2.9675000000000002,2.9765,2.9305,2.9365,617,70
1784912400,2.9365,2.9685,2.9314999999999998,2.9635,522,20
1784916000,2.9635,2.9685,2.9345,2.9375,461,30
1784919600,2.9375,2.9455,2.9085,2.9125,386,30
1784923200,2.9135,2.9165,2.8815,2.8855,460,40
1784926800,2.8865,2.8965,2.8785,2.8935,290,40
1784930400,2.8925,2.8985,2.8905,2.8955,153,40
1784934000,2.8965,2.9085,2.8785,2.8885,125,40
1785114000,2.8615,2.8685,2.8285,2.8385,261,110
1785117600,2.8395,2.8495,2.8395,2.8475,62,100
1785121200,2.8485,2.8485,2.8385,2.8395,102,90
1785124800,2.8385,2.8395,2.8325,2.8325,64,90
1785128400,2.8335,2.8345000000000002,2.8235,2.8245,76,90
1785132000,2.8245,2.8335,2.8175,2.8175,137,90
1785135600,2.8185000000000002,2.8225,2.8145,2.8195,87,90
1785139200,2.8195,2.8355,2.8195,2.8265000000000002,101,90
1785142800,2.8275,2.8285,2.7904999999999998,2.7925,190,70
1785146400,2.7935,2.7984999999999998,2.7785,2.7824999999999998,179,50
1785150000,2.7824999999999998,2.7885,2.7735,2.7824999999999998,143,70
1785153600,2.7805,2.7855,2.7765,2.7824999999999998,92,70
1785157200,2.7835,2.7965,2.7805,2.7925,154,60
1785160800,2.7925,2.8045,2.7855,2.7915,320,30
1785164400,2.7915,2.8145,2.7875,2.7975,555,20
1785168000,2.7984999999999998,2.8175,2.7965,2.8175,614,50
1785171600,2.8175,2.8185000000000002,2.7915,2.7915,385,50
1785175200,2.7925,2.8005,2.7835,2.7984999999999998,292,50
1785178800,2.7984999999999998,2.8085,2.7845,2.7915,310,50
1785182400,2.7915,2.7955,2.7744999999999997,2.7845,189,50
1785186000,2.7835,2.7915,2.7775,2.7795,223,60
1785189600,2.7785,2.7824999999999998,2.7744999999999997,2.7765,108,60
1785193200,2.7765,2.7775,2.7405,2.7405,50,70
1785200400,2.7735,2.7735,2.7675,2.7725,58,120
1785204000,2.7725,2.7765,2.7695,2.7765,47,90
1785207600,2.7755,2.7765,2.7635,2.7705,82,90
1785211200,2.7695,2.7744999999999997,2.7645,2.7685,84,90
1785214800,2.7695,2.7695,2.7595,2.7595,56,90
1785218400,2.7595,2.7705,2.7595,2.7645,93,90
1785222000,2.7635,2.7655,2.7555,2.7565,69,90
1785225600,2.7565,2.7584999999999997,2.7535,2.7565,54,90
1785232800,2.7465,2.7615,2.7465,2.7545,123,70
1785236400,2.7555,2.7615,2.7504999999999997,2.7565,124,70
1785240000,2.7575,2.7584999999999997,2.7415000000000003,2.7435,109,60
1785243600,2.7445,2.7685,2.7425,2.7445,241,50
1785247200,2.7445,2.7465,2.7295,2.7355,353,30
1785250800,2.7365,2.7555,2.7355,2.7485,423,30
1785254400,2.7475,2.7625,2.7235,2.7245,518,30
1785258000,2.7235,2.7265,2.7025,2.7045,451,30
1785261600,2.7045,2.7075,2.6835,2.6875,351,30
1785265200,2.6895,2.7105,2.6825,2.7075,322,30
1785268800,2.7085,2.7225,2.7005,2.7175000000000002,423,40
1785272400,2.7165,2.7245,2.6935000000000002,2.7005,433,40
1785276000,2.7015000000000002,2.7025,2.6935000000000002,2.6955,160,40
1785279600,2.6945,2.6975,2.6595,2.6654999999999998,123,40
1785286800,2.6875,2.6975,2.6835,2.6965,93,80
1785290400,2.6975,2.7045,2.6955,2.6985,75,60
1785294000,2.6975,2.7085,2.6975,2.7045,125,60
1785297600,2.7045,2.7075,2.7005,2.7015000000000002,98,60
1785301200,2.7015000000000002,2.7065,2.6885,2.6945,97,60
1785304800,2.6945,2.7025,2.6945,2.6995,113,60
1785308400,2.6995,2.7015000000000002,2.6955,2.6955,63,90
1785312000,2.6965,2.7085,2.6955,2.7065,65,90
1785315600,2.7065,2.7075,2.7005,2.7035,111,70
1785319200,2.7045,2.7055,2.6895,2.6895,104,50
1785322800,2.6895,2.6965,2.6865,2.6915,110,70
1785326400,2.6905,2.7025,2.6905,2.7005,95,70
1785330000,2.6995,2.7115,2.6975,2.6985,131,60
1785333600,2.6975,2.7095000000000002,2.6765,2.6865,232,40
1785337200,2.6875,2.7135,2.6785,2.7005,610,20
1785340800,2.7005,2.7365,2.6945,2.7305,592,30
1785344400,2.7285,2.7345,2.7175000000000002,2.7335000000000003,344,50
1785348000,2.7335000000000003,2.7445,2.7285,2.7405,319,50
1785351600,2.7415000000000003,2.7435,2.7285,2.7405,201,50
1785355200,2.7395,2.7475,2.7285,2.7445,201,50
1785358800,2.7425,2.7625,2.7265,2.7295,556,40
1785362400,2.7295,2.7365,2.7255000000000003,2.7315,118,40
1785366000,2.7325,2.7375,2.7085,2.7215,93,40
1785373200,2.7405,2.7405,2.7295,2.7355,65,90
1785376800,2.7335000000000003,2.7365,2.7315,2.7355,41,90
1785380400,2.7345,2.7445,2.7305,2.7405,117,60
1785384000,2.7405,2.7455,2.7355,2.7385,102,60
1785387600,2.7385,2.7445,2.7375,2.7405,82,60
1785391200,2.7405,2.7445,2.7385,2.7415000000000003,58,60
1785394800,2.7405,2.7485,2.7395,2.7475,63,60
1785398400,2.7485,2.7545,2.7455,2.7485,106,60
1785402000,2.7485,2.7504999999999997,2.7395,2.7445,126,60
1785405600,2.7445,2.7445,2.7295,2.7295,143,40
1785409200,2.7305,2.7405,2.7295,2.7365,125,40
1785412800,2.7375,2.7504999999999997,2.7375,2.7415000000000003,127,40
1785416400,2.7405,2.7415000000000003,2.7215,2.7295,170,50
1785420000,2.7285,2.7345,2.7075,2.7195,242,20
1785423600,2.7195,2.7225,2.6925,2.7095000000000002,340,40
1785427200,2.7095000000000002,2.7335000000000003,2.6955,2.7125,518,50
1785430800,2.7115,2.7735,2.7095000000000002,2.7555,832,20
1785434400,2.7545,2.7855,2.7525,2.7815,458,30
1785438000,2.7815,2.7824999999999998,2.7535,2.7744999999999997,356,50
1785441600,2.7735,2.7765,2.7595,2.7615,289,60
1785445200,2.7605,2.7755,2.7525,2.7535,247,60
1785448800,2.7535,2.7595,2.7515,2.7535,85,40
1785452400,2.7535,2.7575,2.7295,2.7345,78,40
1785459600,2.7555,2.7575,2.7525,2.7545,49,90
1785463200,2.7575,2.7575,2.7525,2.7545,29,60
1785466800,2.7545,2.7735,2.7525,2.7715,107,60
1785470400,2.7695,2.7725,2.7625,2.7725,116,60
1785474000,2.7715,2.7805,2.7695,2.7785,103,60
1785477600,2.7785,2.7815,2.7735,2.7785,76,60
1785481200,2.7775,2.7815,2.7775,2.7805,71,60
1785484800,2.7805,2.7845,2.7785,2.7824999999999998,89,60
1785488400,2.7824999999999998,2.8055,2.7795,2.8045,148,60
1785492000,2.8045,2.8064999999999998,2.7725,2.7725,174,40
1785495600,2.7735,2.7795,2.7685,2.7765,118,50
1785499200,2.7765,2.7935,2.7765,2.7895,105,70
1785502800,2.7895,2.7904999999999998,2.7735,2.7785,153,20
1785506400,2.7805,2.8035,2.7685,2.8015,340,30
1785510000,2.8025,2.8115,2.7575,2.7725,573,30
1785513600,2.7735,2.7805,2.7485,2.7515,508,40
1785517200,2.7515,2.7645,2.7375,2.7465,353,30
1785520800,2.7465,2.7475,2.7255000000000003,2.7295,244,50
1785524400,2.7285,2.7475,2.7285,2.7445,219,40
1785528000,2.7445,2.7575,2.7405,2.7565,182,60
1785531600,2.7555,2.7664999999999997,2.7495000000000003,2.7575,207,50
1785535200,2.7575,2.7755,2.7545,2.7735,129,40
1785538800,2.7744999999999997,2.7855,2.7565,2.7835,120,40
1785718800,2.7335000000000003,2.7345,2.6805,2.7105,84,90
1785722400,2.7215,2.7664999999999997,2.7085,2.7655,53,90
1785726000,2.7664999999999997,2.7824999999999998,2.7655,2.7795,108,60
1785729600,2.7785,2.7845,2.7685,2.7725,94,60
1785733200,2.7715,2.7865,2.7705,2.7855,81,60
1785736800,2.7855,2.7875,2.7664999999999997,2.7735,130,60
1785740400,2.7735,2.7805,2.7705,2.7785,86,60
1785744000,2.7775,2.7805,2.7705,2.7775,107,60
1785747600,2.7785,2.7855,2.7664999999999997,2.7695,152,60
1785751200,2.7705,2.7775,2.7635,2.7705,196,40
1785754800,2.7715,2.7935,2.7705,2.7875,177,40
1785758400,2.7885,2.7925,2.7805,2.7865,129,40
1785762000,2.7885,2.7885,2.7595,2.7635,169,40
1785765600,2.7664999999999997,2.7875,2.7595,2.7865,278,30
1785769200,2.7865,2.8215,2.7775,2.7945,524,30
1785772800,2.7955,2.7995,2.7645,2.7685,480,40
1785776400,2.7675,2.7915,2.7565,2.7885,294,50
1785780000,2.7895,2.7895,2.7755,2.7865,217,40
1785783600,2.7865,2.7904999999999998,2.7725,2.7735,202,50
1785787200,2.7735,2.7805,2.7705,2.7765,159,50
1785790800,2.7765,2.7965,2.7715,2.7904999999999998,214,40
1785794400,2.7885,2.7915,2.7835,2.7885,103,40
1785798000,2.7885,2.7885,2.7605,2.7715,75,40
1785805200,2.7885,2.7885,2.7815,2.7835,49,90
1785808800,2.7824999999999998,2.7885,2.7795,2.7875,56,70
1785812400,2.7885,2.8015,2.7885,2.7955,127,60
1785816000,2.7975,2.7984999999999998,2.7865,2.7875,96,60
1785819600,2.7895,2.7945,2.7824999999999998,2.7855,79,60
1785823200,2.7855,2.7865,2.7785,2.7845,84,70
1785826800,2.7845,2.7904999999999998,2.7835,2.7895,59,60
1785830400,2.7895,2.7965,2.7875,2.7895,76,60
1785834000,2.7915,2.7995,2.7795,2.7805,145,60
1785837600,2.7805,2.7855,2.7725,2.7725,125,40
1785841200,2.7715,2.7824999999999998,2.7685,2.7765,126,40
1785844800,2.7765,2.7775,2.7635,2.7735,135,60
1785848400,2.7725,2.7725,2.7445,2.7655,203,60
1785852000,2.7655,2.7685,2.7175000000000002,2.7225,367,30
1785855600,2.7225,2.7355,2.7115,2.7135,427,40
1785859200,2.7145,2.7275,2.6775,2.6825,513,40
1785862800,2.6814999999999998,2.6935000000000002,2.6765,2.6795,393,50
1785866400,2.6795,2.6925,2.6795,2.6845,278,50
1785870000,2.6835,2.6955,2.6825,2.6905,216,50
1785873600,2.6905,2.6985,2.6895,2.6965,152,60
1785877200,2.6955,2.7035,2.6905,2.6915,199,60
1785880800,2.6915,2.6955,2.6905,2.6945,68,70
1785884400,2.6945,2.6985,2.6715,2.6715,57,70
1785891600,2.7035,2.7035,2.6995,2.7025,47,130
1785895200,2.7025,2.7035,2.7005,2.7025,30,90
1785898800,2.7045,2.7125,2.7025,2.7105,52,90
1785902400,2.7105,2.7165,2.7105,2.7165,47,90
1785906000,2.7165,2.7165,2.7075,2.7155,94,90
1785909600,2.7165,2.7185,2.7125,2.7155,87,90
1785913200,2.7155,2.7205,2.7115,2.7165,73,90
1785916800,2.7175000000000002,2.7175000000000002,2.7115,2.7165,54,90
1785920400,2.7175000000000002,2.7225,2.7155,2.7225,72,70
1785924000,2.7225,2.7265,2.7095000000000002,2.7115,126,60
1785927600,2.7115,2.7225,2.7065,2.7175000000000002,133,70
1785931200,2.7175000000000002,2.7195,2.7125,2.7155,79,70
1785934800,2.7155,2.7215,2.7015000000000002,2.7135,131,60
1785938400,2.7145,2.7235,2.7065,2.7115,224,30
1785942000,2.7125,2.7215,2.6895,2.7095000000000002,549,40
1785945600,2.7085,2.7135,2.6915,2.7085,549,40
1785949200,2.7075,2.7105,2.6865,2.6885,341,40
1785952800,2.6875,2.7025,2.6814999999999998,2.6965,250,50
1785956400,2.6975,2.7145,2.6945,2.7145,247,50
1785960000,2.7135,2.7145,2.7055,2.7115,149,70
1785963600,2.7125,2.7145,2.6885,2.6935000000000002,154,60
1785967200,2.6925,2.6925,2.6875,2.6915,80,70
1785970800,2.6905,2.6945,2.6665,2.6665,68,70
1785978000,2.6895,2.6905,2.6855,2.6895,54,120
1785981600,2.6895,2.6925,2.6875,2.6915,45,90
1785985200,2.6925,2.6925,2.6865,2.6885,59,90
1785988800,2.6895,2.6965,2.6895,2.6925,56,90
1785992400,2.6925,2.6985,2.6915,2.6975,56,90
1785996000,2.6975,2.7005,2.6945,2.6965,54,90
1785999600,2.6975,2.6975,2.6895,2.6915,56,90
1786003200,2.6925,2.6955,2.6905,2.6945,49,90
1786006800,2.6945,2.7215,2.6935000000000002,2.7165,141,70
1786010400,2.7165,2.7235,2.7055,2.7075,101,70
1786014000,2.7065,2.7105,2.7035,2.7045,67,70
1786017600,2.7055,2.7065,2.6875,2.6875,78,60
1786021200,2.6885,2.7015000000000002,2.6845,2.6945,131,50
1786024800,2.6935000000000002,2.6965,2.6715,2.6734999999999998,186,30
1786028400,2.6734999999999998,2.6995,2.6665,2.6915,557,30
1786032000,2.6895,2.6995,2.6625,2.6645,593,40
1786035600,2.6645,2.6745,2.6435,2.6465,460,50
1786039200,2.6465,2.6825,2.6465,2.6745,335,30
1786042800,2.6745,2.6855,2.6665,2.6805,218,40
1786046400,2.6795,2.6835,2.6645,2.6654999999999998,188,60
1786050000,2.6665,2.6765,2.6595,2.6615,230,60
1786053600,2.6605,2.6635,2.6565,2.6625,112,70
1786057200,2.6625,2.6635,2.6254999999999997,2.6305,67,70
1786064400,2.6565,2.6565,2.6494999999999997,2.6555,41,120
1786068000,2.6545,2.6565,2.6525,2.6565,32,100
1786071600,2.6565,2.6565,2.6435,2.6445,103,90
1786075200,2.6445,2.6494999999999997,2.6435,2.6494999999999997,64,90
1786078800,2.6505,2.6545,2.6494999999999997,2.6515,51,90
1786082400,2.6515,2.6574999999999998,2.6515,2.6545,77,90
1786086000,2.6555,2.6675,2.6545,2.6654999999999998,85,90
1786089600,2.6645,2.6734999999999998,2.6645,2.6725,51,90
1786093200,2.6725,2.6905,2.6695,2.6885,115,70
1786096800,2.6885,2.6925,2.6835,2.6855,142,70
1786100400,2.6855,2.6855,2.6715,2.6715,110,70
1786104000,2.6725,2.6775,2.6645,2.6645,114,70
1786107600,2.6654999999999998,2.6695,2.6615,2.6625,127,60
1786111200,2.6635,2.6725,2.6574999999999998,2.6654999999999998,193,50
1786114800,2.6654999999999998,2.6825,2.6615,2.6805,437,40
1786118400,2.6795,2.7165,2.6765,2.7135,580,50
1786122000,2.7135,2.7175000000000002,2.7025,2.7055,302,50
1786125600,2.7055,2.7065,2.6845,2.6945,263,40
1786129200,2.6935000000000002,2.7045,2.6935000000000002,2.6995,202,50
1786132800,2.6985,2.7085,2.6955,2.7075,231,60
1786136400,2.7075,2.7105,2.6905,2.6935000000000002,270,60
1786140000,2.6925,2.7015000000000002,2.6875,2.6995,89,60
1786143600,2.7005,2.7045,2.6755,2.6805,66,70
1786323600,2.7355,2.7755,2.7335000000000003,2.7504999999999997,224,120
1786327200,2.7495000000000003,2.7545,2.7475,2.7545,60,100
1786330800,2.7545,2.7635,2.7495000000000003,2.7615,81,90
1786334400,2.7625,2.7655,2.7575,2.7575,82,90
1786338000,2.7575,2.7675,2.7575,2.7645,53,90
1786341600,2.7635,2.7675,2.7584999999999997,2.7664999999999997,129,90
1786345200,2.7675,2.7685,2.7595,2.7685,72,90
1786348800,2.7695,2.7715,2.7645,2.7664999999999997,66,90
1786352400,2.7675,2.7845,2.7675,2.7824999999999998,141,70
1786356000,2.7835,2.7875,2.7765,2.7815,133,40
1786359600,2.7815,2.7915,2.7805,2.7875,110,70
1786363200,2.7875,2.7955,2.7855,2.7945,78,70
1786366800,2.7945,2.7975,2.7895,2.7925,130,60
1786370400,2.7915,2.8025,2.7895,2.7904999999999998,230,50
1786374000,2.7895,2.8175,2.7845,2.7915,668,20
1786377600,2.7915,2.8335,2.7904999999999998,2.8215,508,50
1786381200,2.8225,2.8365,2.8215,2.8215,322,50
1786384800,2.8205,2.8365,2.8155,2.8275,305,30
1786388400,2.8275,2.8315,2.8125,2.8235,245,50
1786392000,2.8225,2.8265000000000002,2.8125,2.8195,251,60
1786395600,2.8195,2.8375,2.8175,2.8215,325,60
1786399200,2.8195,2.8215,2.8145,2.8155,90,60
1786402800,2.8155,2.8155,2.7875,2.7875,70,70
1786410000,2.8105,2.8135,2.8085,2.8105,37,120
1786413600,2.8085,2.8105,2.8085,2.8095,28,90
1786417200,2.8075,2.8125,2.8064999999999998,2.8115,48,90
1786420800,2.8105,2.8125,2.8064999999999998,2.8085,63,90
1786424400,2.8085,2.8125,2.8045,2.8085,68,90
1786428000,2.8085,2.8145,2.8085,2.8125,69,90
1786431600,2.8115,2.8125,2.8064999999999998,2.8105,56,90
1786435200,2.8115,2.8285,2.8095,2.8225,115,90
1786438800,2.8225,2.8285,2.8115,2.8125,153,70
1786442400,2.8125,2.8295,2.8125,2.8175,196,70
1786446000,2.8185000000000002,2.8205,2.8085,2.8125,130,70
1786449600,2.8135,2.8145,2.8055,2.8064999999999998,96,70
1786453200,2.8055,2.8095,2.7895,2.7975,160,60
1786456800,2.7955,2.8035,2.7855,2.7995,306,50
1786460400,2.7984999999999998,2.8525,2.7935,2.8365,707,40
1786464000,2.8355,2.8405,2.8135,2.8335,586,40
1786467600,2.8335,2.8335,2.7955,2.7955,285,50
1786471200,2.7945,2.7984999999999998,2.7865,2.7935,349,50
1786474800,2.7935,2.8015,2.7875,2.7955,193,50
1786478400,2.7955,2.8185000000000002,2.7955,2.8145,207,60
1786482000,2.8145,2.8215,2.8025,2.8055,259,40
